DATETIME,price
1979-12-18 23:00:00,0.01064499999999994
1979-12-19 23:00:00,0.010614999999999944
1979-12-20 23:00:00,0.010824999999999946
1979-12-21 23:00:00,0.010884999999999943
1979-12-26 23:00:00,0.01080499999999994
1979-12-27 23:00:00,0.010764999999999941
1979-12-28 23:00:00,0.01076999999999994
1979-12-31 23:00:00,0.010974999999999943
1980-01-02 23:00:00,0.011474999999999944
1980-01-03 23:00:00,0.011844999999999939
1980-01-04 23:00:00,0.011604999999999942
1980-01-07 23:00:00,0.01112499999999994
1980-01-08 23:00:00,0.01078499999999994
1980-01-09 23:00:00,0.011024999999999938
1980-01-10 23:00:00,0.010854999999999941
1980-01-11 23:00:00,0.01132499999999994
1980-01-14 23:00:00,0.01148499999999994
1980-01-15 23:00:00,0.011594999999999939
1980-01-16 23:00:00,0.01209499999999994
1980-01-17 23:00:00,0.012594999999999938
1980-01-18 23:00:00,0.013344999999999939
1980-01-21 23:00:00,0.01434499999999994
1980-01-22 23:00:00,0.013344999999999939
1980-01-23 23:00:00,0.012494999999999935
1980-01-24 23:00:00,0.013084999999999935
1980-01-25 23:00:00,0.013654999999999936
1980-01-28 23:00:00,0.013094999999999938
1980-01-29 23:00:00,0.013594999999999939
1980-01-30 23:00:00,0.013834999999999936
1980-01-31 23:00:00,0.013504999999999939
1980-02-01 23:00:00,0.013524999999999938
1980-02-04 23:00:00,0.013084999999999935
1980-02-05 23:00:00,0.013584999999999943
1980-02-06 23:00:00,0.01380499999999994
1980-02-07 23:00:00,0.013624999999999934
1980-02-08 23:00:00,0.014124999999999941
1980-02-11 23:00:00,0.014624999999999935
1980-02-12 23:00:00,0.014754999999999937
1980-02-13 23:00:00,0.014604999999999943
1980-02-14 23:00:00,0.01457499999999994
1980-02-15 23:00:00,0.01407499999999994
1980-02-19 23:00:00,0.013574999999999933
1980-02-20 23:00:00,0.012894999999999933
1980-02-21 23:00:00,0.013194999999999934
1980-02-22 23:00:00,0.012694999999999934
1980-02-25 23:00:00,0.012194999999999935
1980-02-26 23:00:00,0.012254999999999931
1980-02-27 23:00:00,0.012694999999999934
1980-02-28 23:00:00,0.012594999999999931
1980-02-29 23:00:00,0.012394999999999932
1980-03-03 23:00:00,0.01189499999999994
1980-03-04 23:00:00,0.011744999999999936
1980-03-05 23:00:00,0.011974999999999937
1980-03-06 23:00:00,0.011474999999999937
1980-03-07 23:00:00,0.010974999999999936
1980-03-10 23:00:00,0.010224999999999942
1980-03-11 23:00:00,0.01044499999999994
1980-03-12 23:00:00,0.010144999999999946
1980-03-13 23:00:00,0.009594999999999944
1980-03-14 23:00:00,0.009974999999999942
1980-03-17 23:00:00,0.009474999999999942
1980-03-18 23:00:00,0.009824999999999945
1980-03-19 23:00:00,0.009954999999999943
1980-03-20 23:00:00,0.009734999999999945
1980-03-21 23:00:00,0.009794999999999943
1980-03-24 23:00:00,0.009534999999999943
1980-03-25 23:00:00,0.009274999999999943
1980-03-26 23:00:00,0.009044999999999942
1980-03-27 23:00:00,0.008674999999999943
1980-03-28 23:00:00,0.009084999999999944
1980-03-31 23:00:00,0.008804999999999945
1980-04-01 23:00:00,0.008744999999999944
1980-04-02 23:00:00,0.009044999999999942
1980-04-03 23:00:00,0.009064999999999945
1980-04-07 23:00:00,0.009214999999999945
1980-04-08 23:00:00,0.009404999999999941
1980-04-09 23:00:00,0.009274999999999943
1980-04-10 23:00:00,0.009414999999999944
1980-04-11 23:00:00,0.009564999999999945
1980-04-14 23:00:00,0.009104999999999943
1980-04-15 23:00:00,0.009344999999999944
1980-04-16 23:00:00,0.009014999999999943
1980-04-17 23:00:00,0.009074999999999944
1980-04-18 23:00:00,0.008864999999999942
1980-04-21 23:00:00,0.008464999999999945
1980-04-22 23:00:00,0.008564999999999944
1980-04-23 23:00:00,0.008644999999999944
1980-04-24 23:00:00,0.008944999999999946
1980-04-25 23:00:00,0.009434999999999943
1980-04-28 23:00:00,0.008934999999999946
1980-04-29 23:00:00,0.008994999999999944
1980-04-30 23:00:00,0.008834999999999944
1980-05-01 23:00:00,0.008654999999999944
1980-05-02 23:00:00,0.008794999999999945
1980-05-05 23:00:00,0.008794999999999945
1980-05-06 23:00:00,0.008624999999999945
1980-05-07 23:00:00,0.009054999999999945
1980-05-08 23:00:00,0.008644999999999944
1980-05-09 23:00:00,0.008634999999999945
1980-05-12 23:00:00,0.008664999999999944
1980-05-13 23:00:00,0.008824999999999944
1980-05-14 23:00:00,0.008754999999999943
1980-05-15 23:00:00,0.008634999999999945
1980-05-16 23:00:00,0.008634999999999945
1980-05-19 23:00:00,0.008654999999999944
1980-05-20 23:00:00,0.008764999999999943
1980-05-21 23:00:00,0.008924999999999947
1980-05-22 23:00:00,0.008964999999999945
1980-05-23 23:00:00,0.009374999999999946
1980-05-27 23:00:00,0.009354999999999947
1980-05-28 23:00:00,0.009234999999999945
1980-05-29 23:00:00,0.009204999999999946
1980-05-30 23:00:00,0.009144999999999945
1980-06-02 23:00:00,0.009014999999999943
1980-06-03 23:00:00,0.008824999999999944
1980-06-04 23:00:00,0.008984999999999944
1980-06-05 23:00:00,0.008784999999999946
1980-06-06 23:00:00,0.008704999999999945
1980-06-09 23:00:00,0.008664999999999944
1980-06-10 23:00:00,0.008254999999999943
1980-06-11 23:00:00,0.008224999999999944
1980-06-12 23:00:00,0.008389999999999943
1980-06-13 23:00:00,0.008259999999999944
1980-06-16 23:00:00,0.008294999999999945
1980-06-17 23:00:00,0.008404999999999944
1980-06-18 23:00:00,0.008374999999999945
1980-06-19 23:00:00,0.008454999999999945
1980-06-20 23:00:00,0.008574999999999944
1980-06-23 23:00:00,0.008489999999999942
1980-06-24 23:00:00,0.008429999999999944
1980-06-25 23:00:00,0.008454999999999945
1980-06-26 23:00:00,0.008419999999999945
1980-06-27 23:00:00,0.008849999999999945
1980-06-30 23:00:00,0.008944999999999946
1980-07-01 23:00:00,0.008854999999999943
1980-07-02 23:00:00,0.009134999999999945
1980-07-03 23:00:00,0.009334999999999944
1980-07-07 23:00:00,0.009564999999999945
1980-07-08 23:00:00,0.009394999999999945
1980-07-09 23:00:00,0.009479999999999943
1980-07-10 23:00:00,0.009374999999999946
1980-07-11 23:00:00,0.009504999999999944
1980-07-14 23:00:00,0.009509999999999946
1980-07-15 23:00:00,0.009284999999999943
1980-07-16 23:00:00,0.009374999999999946
1980-07-17 23:00:00,0.009424999999999944
1980-07-18 23:00:00,0.009844999999999944
1980-07-21 23:00:00,0.009944999999999947
1980-07-22 23:00:00,0.010104999999999944
1980-07-23 23:00:00,0.010024999999999947
1980-07-24 23:00:00,0.010004999999999944
1980-07-25 23:00:00,0.009944999999999947
1980-07-28 23:00:00,0.009954999999999943
1980-07-29 23:00:00,0.009584999999999944
1980-07-30 23:00:00,0.009134999999999945
1980-07-31 23:00:00,0.009234999999999945
1980-08-01 23:00:00,0.009114999999999943
1980-08-04 23:00:00,0.009224999999999945
1980-08-05 23:00:00,0.009399999999999943
1980-08-06 23:00:00,0.009534999999999943
1980-08-07 23:00:00,0.009439999999999945
1980-08-08 23:00:00,0.009319999999999943
1980-08-11 23:00:00,0.009319999999999943
1980-08-12 23:00:00,0.009484999999999945
1980-08-13 23:00:00,0.009524999999999947
1980-08-14 23:00:00,0.009324999999999944
1980-08-15 23:00:00,0.008824999999999944
1980-08-18 23:00:00,0.008624999999999945
1980-08-19 23:00:00,0.008704999999999945
1980-08-20 23:00:00,0.008779999999999944
1980-08-21 23:00:00,0.008619999999999944
1980-08-22 23:00:00,0.008774999999999943
1980-08-25 23:00:00,0.008724999999999945
1980-08-26 23:00:00,0.008669999999999945
1980-08-27 23:00:00,0.008684999999999943
1980-08-28 23:00:00,0.008354999999999942
1980-08-29 23:00:00,0.008464999999999941
1980-09-02 23:00:00,0.008569999999999946
1980-09-03 23:00:00,0.008474999999999944
1980-09-04 23:00:00,0.008689999999999944
1980-09-05 23:00:00,0.008659999999999942
1980-09-08 23:00:00,0.008914999999999944
1980-09-09 23:00:00,0.008849999999999945
1980-09-10 23:00:00,0.009084999999999944
1980-09-11 23:00:00,0.009249999999999942
1980-09-12 23:00:00,0.009214999999999942
1980-09-15 23:00:00,0.008814999999999944
1980-09-16 23:00:00,0.008989999999999942
1980-09-17 23:00:00,0.008919999999999945
1980-09-18 23:00:00,0.008904999999999944
1980-09-19 23:00:00,0.009094999999999943
1980-09-22 23:00:00,0.009594999999999944
1980-09-23 23:00:00,0.009694999999999943
1980-09-24 23:00:00,0.009544999999999946
1980-09-25 23:00:00,0.009359999999999945
1980-09-26 23:00:00,0.008859999999999944
1980-09-29 23:00:00,0.008604999999999943
1980-09-30 23:00:00,0.008799999999999943
1980-10-01 23:00:00,0.008844999999999943
1980-10-02 23:00:00,0.008664999999999944
1980-10-03 23:00:00,0.008759999999999945
1980-10-06 23:00:00,0.009004999999999944
1980-10-07 23:00:00,0.008934999999999943
1980-10-08 23:00:00,0.008899999999999943
1980-10-09 23:00:00,0.009079999999999942
1980-10-10 23:00:00,0.008764999999999943
1980-10-13 23:00:00,0.008909999999999942
1980-10-14 23:00:00,0.009024999999999943
1980-10-15 23:00:00,0.009099999999999945
1980-10-16 23:00:00,0.008999999999999942
1980-10-17 23:00:00,0.008824999999999944
1980-10-20 23:00:00,0.008939999999999945
1980-10-21 23:00:00,0.009044999999999945
1980-10-22 23:00:00,0.009024999999999943
1980-10-23 23:00:00,0.009204999999999942
1980-10-24 23:00:00,0.009169999999999942
1980-10-27 23:00:00,0.009039999999999944
1980-10-28 23:00:00,0.009129999999999944
1980-10-29 23:00:00,0.009094999999999943
1980-10-30 23:00:00,0.009049999999999944
1980-10-31 23:00:00,0.008844999999999943
1980-11-03 23:00:00,0.008904999999999944
1980-11-05 23:00:00,0.008944999999999943
1980-11-06 23:00:00,0.008664999999999944
1980-11-07 23:00:00,0.008654999999999944
1980-11-10 23:00:00,0.008634999999999945
1980-11-11 23:00:00,0.008534999999999945
1980-11-12 23:00:00,0.008689999999999944
1980-11-13 23:00:00,0.008684999999999943
1980-11-14 23:00:00,0.008674999999999943
1980-11-17 23:00:00,0.008639999999999943
1980-11-18 23:00:00,0.00882499999999994
1980-11-19 23:00:00,0.008789999999999944
1980-11-20 23:00:00,0.008789999999999944
1980-11-21 23:00:00,0.00882499999999994
1980-11-24 23:00:00,0.008589999999999941
1980-11-25 23:00:00,0.008599999999999941
1980-11-26 23:00:00,0.008649999999999942
1980-11-28 23:00:00,0.008564999999999944
1980-12-01 23:00:00,0.008514999999999943
1980-12-02 23:00:00,0.008219999999999943
1980-12-03 23:00:00,0.00819999999999994
1980-12-04 23:00:00,0.008059999999999942
1980-12-05 23:00:00,0.008049999999999943
1980-12-08 23:00:00,0.008024999999999942
1980-12-09 23:00:00,0.007724999999999941
1980-12-10 23:00:00,0.007454999999999945
1980-12-11 23:00:00,0.007249999999999941
1980-12-12 23:00:00,0.007499999999999942
1980-12-15 23:00:00,0.0075999999999999445
1980-12-16 23:00:00,0.007424999999999943
1980-12-17 23:00:00,0.007614999999999942
1980-12-18 23:00:00,0.007679999999999945
1980-12-19 23:00:00,0.007849999999999944
1980-12-22 23:00:00,0.007864999999999941
1980-12-23 23:00:00,0.007984999999999944
1980-12-24 23:00:00,0.00809999999999994
1980-12-29 23:00:00,0.007929999999999944
1980-12-30 23:00:00,0.007749999999999942
1980-12-31 23:00:00,0.007794999999999942
1981-01-02 23:00:00,0.007939999999999944
1981-01-05 23:00:00,0.008229999999999942
1981-01-06 23:00:00,0.008109999999999944
1981-01-07 23:00:00,0.007964999999999944
1981-01-08 23:00:00,0.007879999999999943
1981-01-09 23:00:00,0.007879999999999943
1981-01-12 23:00:00,0.007719999999999943
1981-01-13 23:00:00,0.007799999999999943
1981-01-14 23:00:00,0.00783999999999994
1981-01-15 23:00:00,0.007749999999999942
1981-01-16 23:00:00,0.007819999999999942
1981-01-19 23:00:00,0.0077749999999999425
1981-01-20 23:00:00,0.007859999999999943
1981-01-21 23:00:00,0.007804999999999945
1981-01-22 23:00:00,0.007499999999999942
1981-01-23 23:00:00,0.007534999999999942
1981-01-26 23:00:00,0.007504999999999943
1981-01-27 23:00:00,0.007639999999999943
1981-01-28 23:00:00,0.007479999999999942
1981-01-29 23:00:00,0.007444999999999942
1981-01-30 23:00:00,0.007559999999999943
1981-02-02 23:00:00,0.007419999999999941
1981-02-03 23:00:00,0.0073699999999999434
1981-02-04 23:00:00,0.007409999999999945
1981-02-05 23:00:00,0.007504999999999943
1981-02-06 23:00:00,0.0076049999999999425
1981-02-09 23:00:00,0.007409999999999945
1981-02-10 23:00:00,0.007304999999999944
1981-02-11 23:00:00,0.007254999999999943
1981-02-12 23:00:00,0.007179999999999944
1981-02-13 23:00:00,0.007144999999999944
1981-02-17 23:00:00,0.007084999999999943
1981-02-18 23:00:00,0.007144999999999944
1981-02-19 23:00:00,0.007409999999999942
1981-02-20 23:00:00,0.007329999999999945
1981-02-23 23:00:00,0.007274999999999942
1981-02-24 23:00:00,0.007354999999999942
1981-02-25 23:00:00,0.0072049999999999415
1981-02-26 23:00:00,0.007169999999999941
1981-02-27 23:00:00,0.007114999999999942
1981-03-02 23:00:00,0.006809999999999942
1981-03-03 23:00:00,0.006969999999999942
1981-03-04 23:00:00,0.006899999999999942
1981-03-05 23:00:00,0.006979999999999942
1981-03-06 23:00:00,0.007029999999999943
1981-03-09 23:00:00,0.007014999999999942
1981-03-10 23:00:00,0.007014999999999942
1981-03-11 23:00:00,0.006969999999999942
1981-03-12 23:00:00,0.007199999999999943
1981-03-13 23:00:00,0.007339999999999941
1981-03-16 23:00:00,0.007269999999999941
1981-03-17 23:00:00,0.007364999999999942
1981-03-18 23:00:00,0.0076049999999999425
1981-03-19 23:00:00,0.007529999999999944
1981-03-20 23:00:00,0.007559999999999943
1981-03-23 23:00:00,0.007409999999999942
1981-03-24 23:00:00,0.0074949999999999435
1981-03-25 23:00:00,0.007469999999999943
1981-03-26 23:00:00,0.007619999999999944
1981-03-27 23:00:00,0.007459999999999943
1981-03-30 23:00:00,0.0074299999999999445
1981-03-31 23:00:00,0.007499999999999945
1981-04-01 23:00:00,0.007559999999999943
1981-04-02 23:00:00,0.0075449999999999415
1981-04-03 23:00:00,0.007504999999999943
1981-04-06 23:00:00,0.007399999999999942
1981-04-07 23:00:00,0.007329999999999945
1981-04-08 23:00:00,0.007174999999999943
1981-04-09 23:00:00,0.007129999999999943
1981-04-10 23:00:00,0.007044999999999941
1981-04-13 23:00:00,0.006889999999999942
1981-04-14 23:00:00,0.007029999999999943
1981-04-15 23:00:00,0.006959999999999943
1981-04-16 23:00:00,0.006994999999999943
1981-04-20 23:00:00,0.007174999999999943
1981-04-21 23:00:00,0.007139999999999942
1981-04-22 23:00:00,0.007129999999999943
1981-04-23 23:00:00,0.007189999999999944
1981-04-24 23:00:00,0.007064999999999944
1981-04-27 23:00:00,0.007039999999999943
1981-04-28 23:00:00,0.006979999999999942
1981-04-29 23:00:00,0.0069249999999999425
1981-04-30 23:00:00,0.006964999999999941
1981-05-01 23:00:00,0.006949999999999943
1981-05-04 23:00:00,0.006844999999999942
1981-05-05 23:00:00,0.006789999999999943
1981-05-06 23:00:00,0.006849999999999944
1981-05-07 23:00:00,0.006839999999999941
1981-05-08 23:00:00,0.006994999999999943
1981-05-11 23:00:00,0.006779999999999943
1981-05-12 23:00:00,0.0068199999999999416
1981-05-13 23:00:00,0.006779999999999943
1981-05-14 23:00:00,0.006709999999999943
1981-05-15 23:00:00,0.0067549999999999425
1981-05-18 23:00:00,0.0068749999999999445
1981-05-19 23:00:00,0.00676999999999994
1981-05-20 23:00:00,0.006729999999999942
1981-05-21 23:00:00,0.006544999999999941
1981-05-22 23:00:00,0.006594999999999942
1981-05-26 23:00:00,0.006544999999999941
1981-05-27 23:00:00,0.006664999999999943
1981-05-28 23:00:00,0.006734999999999943
1981-05-29 23:00:00,0.0067549999999999425
1981-06-01 23:00:00,0.006759999999999944
1981-06-02 23:00:00,0.006674999999999942
1981-06-03 23:00:00,0.006444999999999941
1981-06-04 23:00:00,0.006459999999999942
1981-06-05 23:00:00,0.006284999999999944
1981-06-08 23:00:00,0.006329999999999941
1981-06-09 23:00:00,0.006374999999999944
1981-06-10 23:00:00,0.0064749999999999435
1981-06-11 23:00:00,0.006494999999999943
1981-06-12 23:00:00,0.0065399999999999426
1981-06-15 23:00:00,0.006534999999999941
1981-06-16 23:00:00,0.006524999999999945
1981-06-17 23:00:00,0.006444999999999945
1981-06-18 23:00:00,0.006369999999999946
1981-06-19 23:00:00,0.006439999999999947
1981-06-22 23:00:00,0.006444999999999945
1981-06-23 23:00:00,0.0064749999999999435
1981-06-24 23:00:00,0.006399999999999945
1981-06-25 23:00:00,0.006309999999999945
1981-06-26 23:00:00,0.006259999999999947
1981-06-29 23:00:00,0.0061449999999999465
1981-06-30 23:00:00,0.006149999999999945
1981-07-01 23:00:00,0.006044999999999944
1981-07-02 23:00:00,0.006044999999999944
1981-07-06 23:00:00,0.006014999999999945
1981-07-07 23:00:00,0.006094999999999945
1981-07-08 23:00:00,0.006059999999999945
1981-07-09 23:00:00,0.0063149999999999465
1981-07-10 23:00:00,0.006304999999999947
1981-07-13 23:00:00,0.006159999999999944
1981-07-14 23:00:00,0.006154999999999946
1981-07-15 23:00:00,0.006204999999999944
1981-07-16 23:00:00,0.006224999999999943
1981-07-17 23:00:00,0.006249999999999944
1981-07-20 23:00:00,0.006114999999999944
1981-07-21 23:00:00,0.006059999999999945
1981-07-22 23:00:00,0.0060899999999999435
1981-07-23 23:00:00,0.006139999999999945
1981-07-24 23:00:00,0.006174999999999945
1981-07-27 23:00:00,0.006109999999999946
1981-07-28 23:00:00,0.006389999999999945
1981-07-29 23:00:00,0.006639999999999945
1981-07-30 23:00:00,0.006574999999999946
1981-07-31 23:00:00,0.006739999999999945
1981-08-03 23:00:00,0.006679999999999947
1981-08-04 23:00:00,0.0066449999999999435
1981-08-05 23:00:00,0.006659999999999945
1981-08-06 23:00:00,0.006614999999999945
1981-08-07 23:00:00,0.006499999999999944
1981-08-10 23:00:00,0.006434999999999945
1981-08-11 23:00:00,0.006714999999999944
1981-08-12 23:00:00,0.006784999999999945
1981-08-13 23:00:00,0.006754999999999946
1981-08-14 23:00:00,0.006789999999999946
1981-08-17 23:00:00,0.006769999999999947
1981-08-18 23:00:00,0.006699999999999943
1981-08-19 23:00:00,0.006529999999999943
1981-08-20 23:00:00,0.006559999999999945
1981-08-21 23:00:00,0.006394999999999943
1981-08-24 23:00:00,0.0061449999999999465
1981-08-25 23:00:00,0.0059149999999999455
1981-08-26 23:00:00,0.005954999999999944
1981-08-27 23:00:00,0.0060899999999999435
1981-08-28 23:00:00,0.0061449999999999465
1981-08-31 23:00:00,0.006074999999999946
1981-09-01 23:00:00,0.006004999999999945
1981-09-02 23:00:00,0.0060849999999999455
1981-09-03 23:00:00,0.006184999999999945
1981-09-04 23:00:00,0.0060249999999999445
1981-09-08 23:00:00,0.005784999999999944
1981-09-09 23:00:00,0.005834999999999945
1981-09-10 23:00:00,0.005984999999999946
1981-09-11 23:00:00,0.006039999999999946
1981-09-14 23:00:00,0.006139999999999945
1981-09-15 23:00:00,0.006274999999999945
1981-09-16 23:00:00,0.006229999999999945
1981-09-17 23:00:00,0.006009999999999947
1981-09-18 23:00:00,0.006049999999999945
1981-09-21 23:00:00,0.006164999999999946
1981-09-22 23:00:00,0.005994999999999946
1981-09-23 23:00:00,0.005824999999999946
1981-09-24 23:00:00,0.005929999999999947
1981-09-25 23:00:00,0.005669999999999943
1981-09-28 23:00:00,0.005614999999999944
1981-09-29 23:00:00,0.005604999999999944
1981-09-30 23:00:00,0.005614999999999944
1981-10-01 23:00:00,0.005694999999999944
1981-10-02 23:00:00,0.005689999999999946
1981-10-05 23:00:00,0.005679999999999943
1981-10-06 23:00:00,0.0057449999999999455
1981-10-07 23:00:00,0.005764999999999945
1981-10-08 23:00:00,0.005839999999999947
1981-10-09 23:00:00,0.005819999999999944
1981-10-12 23:00:00,0.0057449999999999455
1981-10-13 23:00:00,0.005679999999999943
1981-10-14 23:00:00,0.005644999999999946
1981-10-15 23:00:00,0.005524999999999944
1981-10-16 23:00:00,0.005424999999999945
1981-10-19 23:00:00,0.005514999999999944
1981-10-20 23:00:00,0.005424999999999945
1981-10-21 23:00:00,0.0054649999999999465
1981-10-22 23:00:00,0.005444999999999944
1981-10-23 23:00:00,0.005459999999999945
1981-10-26 23:00:00,0.005394999999999946
1981-10-27 23:00:00,0.005429999999999946
1981-10-28 23:00:00,0.005429999999999946
1981-10-29 23:00:00,0.005619999999999945
1981-10-30 23:00:00,0.005649999999999944
1981-11-02 23:00:00,0.005594999999999945
1981-11-03 23:00:00,0.005589999999999947
1981-11-04 23:00:00,0.005604999999999944
1981-11-05 23:00:00,0.005604999999999944
1981-11-06 23:00:00,0.005594999999999945
1981-11-09 23:00:00,0.005374999999999947
1981-11-10 23:00:00,0.005309999999999948
1981-11-11 23:00:00,0.005389999999999944
1981-11-12 23:00:00,0.005424999999999945
1981-11-13 23:00:00,0.005434999999999948
1981-11-16 23:00:00,0.0052499999999999465
1981-11-17 23:00:00,0.005254999999999945
1981-11-18 23:00:00,0.005299999999999948
1981-11-19 23:00:00,0.0051299999999999445
1981-11-20 23:00:00,0.005119999999999945
1981-11-23 23:00:00,0.0050199999999999455
1981-11-24 23:00:00,0.005084999999999945
1981-11-25 23:00:00,0.005104999999999944
1981-11-27 23:00:00,0.0052399999999999435
1981-11-30 23:00:00,0.0052499999999999465
1981-12-01 23:00:00,0.005324999999999949
1981-12-02 23:00:00,0.005539999999999945
1981-12-03 23:00:00,0.005384999999999946
1981-12-04 23:00:00,0.005554999999999946
1981-12-07 23:00:00,0.005434999999999948
1981-12-08 23:00:00,0.005299999999999948
1981-12-09 23:00:00,0.005114999999999943
1981-12-10 23:00:00,0.004939999999999945
1981-12-11 23:00:00,0.004954999999999946
1981-12-14 23:00:00,0.005174999999999944
1981-12-15 23:00:00,0.0051249999999999464
1981-12-16 23:00:00,0.005254999999999945
1981-12-17 23:00:00,0.005299999999999948
1981-12-18 23:00:00,0.005094999999999944
1981-12-21 23:00:00,0.0050799999999999465
1981-12-22 23:00:00,0.005149999999999944
1981-12-23 23:00:00,0.0051299999999999445
1981-12-24 23:00:00,0.005169999999999943
1981-12-28 23:00:00,0.005194999999999944
1981-12-29 23:00:00,0.005229999999999944
1981-12-30 23:00:00,0.005329999999999947
1981-12-31 23:00:00,0.005254999999999945
1982-01-04 23:00:00,0.005274999999999947
1982-01-05 23:00:00,0.005114999999999943
1982-01-06 23:00:00,0.005094999999999944
1982-01-07 23:00:00,0.005044999999999946
1982-01-08 23:00:00,0.005084999999999945
1982-01-11 23:00:00,0.004989999999999947
1982-01-12 23:00:00,0.004999999999999946
1982-01-13 23:00:00,0.0048999999999999435
1982-01-14 23:00:00,0.004999999999999946
1982-01-15 23:00:00,0.004979999999999944
1982-01-18 23:00:00,0.005024999999999947
1982-01-19 23:00:00,0.005049999999999944
1982-01-20 23:00:00,0.004994999999999945
1982-01-21 23:00:00,0.004924999999999944
1982-01-22 23:00:00,0.004844999999999944
1982-01-25 23:00:00,0.004829999999999946
1982-01-26 23:00:00,0.004979999999999944
1982-01-27 23:00:00,0.004969999999999944
1982-01-28 23:00:00,0.004999999999999946
1982-01-29 23:00:00,0.0051299999999999445
1982-02-01 23:00:00,0.005054999999999946
1982-02-02 23:00:00,0.004979999999999944
1982-02-03 23:00:00,0.004984999999999945
1982-02-04 23:00:00,0.005054999999999946
1982-02-05 23:00:00,0.0050799999999999465
1982-02-08 23:00:00,0.004894999999999945
1982-02-09 23:00:00,0.004834999999999944
1982-02-10 23:00:00,0.004954999999999946
1982-02-11 23:00:00,0.004869999999999945
1982-02-12 23:00:00,0.004884999999999946
1982-02-16 23:00:00,0.004859999999999945
1982-02-17 23:00:00,0.0048549999999999436
1982-02-18 23:00:00,0.004899999999999947
1982-02-19 23:00:00,0.004844999999999944
1982-02-22 23:00:00,0.004869999999999945
1982-02-23 23:00:00,0.004694999999999947
1982-02-24 23:00:00,0.0046799999999999455
1982-02-25 23:00:00,0.004704999999999946
1982-02-26 23:00:00,0.004589999999999946
1982-03-01 23:00:00,0.004614999999999946
1982-03-02 23:00:00,0.0045099999999999455
1982-03-03 23:00:00,0.004439999999999948
1982-03-04 23:00:00,0.004514999999999947
1982-03-05 23:00:00,0.004409999999999946
1982-03-08 23:00:00,0.004269999999999945
1982-03-09 23:00:00,0.0042899999999999475
1982-03-10 23:00:00,0.004419999999999946
1982-03-11 23:00:00,0.004349999999999945
1982-03-12 23:00:00,0.004264999999999947
1982-03-15 23:00:00,0.004374999999999946
1982-03-16 23:00:00,0.004359999999999948
1982-03-17 23:00:00,0.004414999999999948
1982-03-18 23:00:00,0.004494999999999948
1982-03-19 23:00:00,0.0043999999999999465
1982-03-22 23:00:00,0.004389999999999947
1982-03-23 23:00:00,0.004354999999999947
1982-03-24 23:00:00,0.004409999999999946
1982-03-25 23:00:00,0.004314999999999948
1982-03-26 23:00:00,0.004214999999999945
1982-03-29 23:00:00,0.004189999999999948
1982-03-30 23:00:00,0.004219999999999947
1982-03-31 23:00:00,0.0042299999999999465
1982-04-01 23:00:00,0.004204999999999946
1982-04-02 23:00:00,0.004214999999999945
1982-04-05 23:00:00,0.004279999999999948
1982-04-06 23:00:00,0.004109999999999944
1982-04-07 23:00:00,0.004344999999999947
1982-04-08 23:00:00,0.004434999999999947
1982-04-12 23:00:00,0.004544999999999946
1982-04-13 23:00:00,0.004544999999999946
1982-04-14 23:00:00,0.0044599999999999475
1982-04-15 23:00:00,0.004464999999999946
1982-04-16 23:00:00,0.004504999999999947
1982-04-19 23:00:00,0.004349999999999945
1982-04-20 23:00:00,0.004324999999999948
1982-04-21 23:00:00,0.004414999999999948
1982-04-22 23:00:00,0.004469999999999947
1982-04-23 23:00:00,0.004454999999999946
1982-04-26 23:00:00,0.004514999999999947
1982-04-27 23:00:00,0.004479999999999947
1982-04-28 23:00:00,0.004414999999999948
1982-04-29 23:00:00,0.004444999999999946
1982-04-30 23:00:00,0.004509999999999949
1982-05-03 23:00:00,0.004609999999999948
1982-05-04 23:00:00,0.004644999999999945
1982-05-05 23:00:00,0.004699999999999945
1982-05-06 23:00:00,0.004664999999999948
1982-05-07 23:00:00,0.004724999999999945
1982-05-10 23:00:00,0.004594999999999947
1982-05-11 23:00:00,0.004654999999999945
1982-05-12 23:00:00,0.004564999999999945
1982-05-13 23:00:00,0.004544999999999946
1982-05-14 23:00:00,0.004604999999999947
1982-05-17 23:00:00,0.004424999999999947
1982-05-18 23:00:00,0.004244999999999948
1982-05-19 23:00:00,0.004089999999999945
1982-05-20 23:00:00,0.004134999999999949
1982-05-21 23:00:00,0.004214999999999945
1982-05-24 23:00:00,0.003984999999999948
1982-05-25 23:00:00,0.004044999999999945
1982-05-26 23:00:00,0.003939999999999948
1982-05-27 23:00:00,0.003854999999999946
1982-05-28 23:00:00,0.003729999999999946
1982-06-01 23:00:00,0.003419999999999945
1982-06-02 23:00:00,0.0035349999999999453
1982-06-03 23:00:00,0.0033599999999999472
1982-06-04 23:00:00,0.0033049999999999477
1982-06-07 23:00:00,0.003454999999999945
1982-06-08 23:00:00,0.0033199999999999454
1982-06-09 23:00:00,0.003109999999999947
1982-06-10 23:00:00,0.0030699999999999486
1982-06-11 23:00:00,0.0031799999999999476
1982-06-14 23:00:00,0.0029749999999999473
1982-06-15 23:00:00,0.00299499999999995
1982-06-16 23:00:00,0.0030049999999999496
1982-06-17 23:00:00,0.0028349999999999495
1982-06-18 23:00:00,0.002704999999999948
1982-06-21 23:00:00,0.0027449999999999497
1982-06-22 23:00:00,0.002809999999999949
1982-06-23 23:00:00,0.0029949999999999465
1982-06-24 23:00:00,0.0029749999999999473
1982-06-25 23:00:00,0.0029899999999999484
1982-06-28 23:00:00,0.0032249999999999475
1982-06-29 23:00:00,0.003309999999999946
1982-06-30 23:00:00,0.0031949999999999487
1982-07-01 23:00:00,0.003229999999999949
1982-07-02 23:00:00,0.0031649999999999465
1982-07-06 23:00:00,0.0031049999999999455
1982-07-07 23:00:00,0.002999999999999948
1982-07-08 23:00:00,0.0032249999999999475
1982-07-09 23:00:00,0.003519999999999944
1982-07-12 23:00:00,0.0035099999999999446
1982-07-13 23:00:00,0.003589999999999945
1982-07-14 23:00:00,0.0036799999999999446
1982-07-15 23:00:00,0.003604999999999946
1982-07-16 23:00:00,0.0037199999999999464
1982-07-19 23:00:00,0.0035849999999999467
1982-07-20 23:00:00,0.003909999999999946
1982-07-21 23:00:00,0.003909999999999946
1982-07-22 23:00:00,0.003884999999999945
1982-07-23 23:00:00,0.003914999999999947
1982-07-26 23:00:00,0.0038149999999999443
1982-07-27 23:00:00,0.0036949999999999457
1982-07-28 23:00:00,0.0035099999999999446
1982-07-29 23:00:00,0.003324999999999947
1982-07-30 23:00:00,0.003409999999999945
1982-08-02 23:00:00,0.003734999999999944
1982-08-03 23:00:00,0.003774999999999946
1982-08-04 23:00:00,0.0036199999999999436
1982-08-05 23:00:00,0.0034399999999999474
1982-08-06 23:00:00,0.0032049999999999483
1982-08-09 23:00:00,0.0029499999999999466
1982-08-10 23:00:00,0.0029149999999999497
1982-08-11 23:00:00,0.0029949999999999465
1982-08-12 23:00:00,0.0031799999999999476
1982-08-13 23:00:00,0.003044999999999948
1982-08-16 23:00:00,0.0030699999999999486
1982-08-17 23:00:00,0.0031349999999999477
1982-08-18 23:00:00,0.0034649999999999447
1982-08-19 23:00:00,0.0034899999999999454
1982-08-20 23:00:00,0.0035599999999999426
1982-08-23 23:00:00,0.0036349999999999447
1982-08-24 23:00:00,0.0035599999999999426
1982-08-25 23:00:00,0.003484999999999944
1982-08-26 23:00:00,0.0035099999999999446
1982-08-27 23:00:00,0.003239999999999945
1982-08-30 23:00:00,0.0031499999999999454
1982-08-31 23:00:00,0.0033399999999999446
1982-09-01 23:00:00,0.003344999999999946
1982-09-02 23:00:00,0.003374999999999945
1982-09-03 23:00:00,0.0036399999999999462
1982-09-07 23:00:00,0.0035399999999999434
1982-09-08 23:00:00,0.0035749999999999437
1982-09-09 23:00:00,0.003484999999999944
1982-09-10 23:00:00,0.0033599999999999438
1982-09-13 23:00:00,0.003424999999999943
1982-09-14 23:00:00,0.003344999999999946
1982-09-15 23:00:00,0.0032599999999999444
1982-09-16 23:00:00,0.0033849999999999445
1982-09-17 23:00:00,0.0033849999999999445
1982-09-20 23:00:00,0.0032599999999999444
1982-09-21 23:00:00,0.003299999999999946
1982-09-22 23:00:00,0.0033599999999999438
1982-09-23 23:00:00,0.003234999999999947
1982-09-24 23:00:00,0.0031499999999999454
1982-09-27 23:00:00,0.003019999999999947
1982-09-28 23:00:00,0.003049999999999946
1982-09-29 23:00:00,0.0029049999999999467
1982-09-30 23:00:00,0.0028999999999999486
1982-10-01 23:00:00,0.003019999999999947
1982-10-04 23:00:00,0.002849999999999947
1982-10-05 23:00:00,0.0028849999999999475
1982-10-06 23:00:00,0.002999999999999948
1982-10-07 23:00:00,0.003369999999999947
1982-10-08 23:00:00,0.003174999999999946
1982-10-11 23:00:00,0.003434999999999946
1982-10-12 23:00:00,0.0033399999999999446
1982-10-13 23:00:00,0.0035749999999999437
1982-10-14 23:00:00,0.003819999999999946
1982-10-15 23:00:00,0.003669999999999945
1982-10-18 23:00:00,0.0036599999999999454
1982-10-19 23:00:00,0.0035849999999999433
1982-10-20 23:00:00,0.003564999999999944
1982-10-21 23:00:00,0.0036149999999999455
1982-10-22 23:00:00,0.003684999999999946
1982-10-25 23:00:00,0.0033649999999999453
1982-10-26 23:00:00,0.0034449999999999455
1982-10-27 23:00:00,0.003479999999999946
1982-10-28 23:00:00,0.003479999999999946
1982-10-29 23:00:00,0.0034899999999999454
1982-11-01 23:00:00,0.0036349999999999447
1982-11-03 23:00:00,0.003699999999999944
1982-11-04 23:00:00,0.003674999999999943
1982-11-05 23:00:00,0.0035399999999999434
1982-11-08 23:00:00,0.0032449999999999467
1982-11-09 23:00:00,0.0032949999999999447
1982-11-10 23:00:00,0.0032899999999999466
1982-11-11 23:00:00,0.0032599999999999444
1982-11-12 23:00:00,0.003329999999999945
1982-11-15 23:00:00,0.0032699999999999474
1982-11-16 23:00:00,0.0032249999999999475
1982-11-17 23:00:00,0.003234999999999947
1982-11-18 23:00:00,0.003324999999999947
1982-11-19 23:00:00,0.0032899999999999466
1982-11-22 23:00:00,0.003154999999999947
1982-11-23 23:00:00,0.003064999999999947
1982-11-24 23:00:00,0.0030699999999999486
1982-11-26 23:00:00,0.003214999999999948
1982-11-29 23:00:00,0.0033099999999999493
1982-11-30 23:00:00,0.003514999999999946
1982-12-01 23:00:00,0.0034849999999999473
1982-12-02 23:00:00,0.0035249999999999457
1982-12-03 23:00:00,0.0035049999999999465
1982-12-06 23:00:00,0.003419999999999945
1982-12-07 23:00:00,0.003684999999999946
1982-12-08 23:00:00,0.0034749999999999443
1982-12-09 23:00:00,0.003494999999999947
1982-12-10 23:00:00,0.003419999999999945
1982-12-13 23:00:00,0.003464999999999948
1982-12-14 23:00:00,0.003374999999999945
1982-12-15 23:00:00,0.0034249999999999463
1982-12-16 23:00:00,0.0034599999999999466
1982-12-17 23:00:00,0.0033999999999999456
1982-12-20 23:00:00,0.003449999999999947
1982-12-21 23:00:00,0.0035099999999999446
1982-12-22 23:00:00,0.003539999999999947
1982-12-23 23:00:00,0.0035199999999999476
1982-12-27 23:00:00,0.0037249999999999445
1982-12-28 23:00:00,0.0038449999999999466
1982-12-29 23:00:00,0.0037999999999999466
1982-12-30 23:00:00,0.003679999999999948
1983-01-03 23:00:00,0.0038449999999999466
1983-01-04 23:00:00,0.003804999999999948
1983-01-05 23:00:00,0.003964999999999945
1983-01-06 23:00:00,0.003919999999999945
1983-01-07 23:00:00,0.004049999999999947
1983-01-10 23:00:00,0.004199999999999944
1983-01-11 23:00:00,0.004094999999999947
1983-01-12 23:00:00,0.004179999999999945
1983-01-13 23:00:00,0.004089999999999945
1983-01-14 23:00:00,0.004264999999999947
1983-01-17 23:00:00,0.004219999999999947
1983-01-18 23:00:00,0.004134999999999945
1983-01-19 23:00:00,0.003994999999999947
1983-01-20 23:00:00,0.004029999999999948
1983-01-21 23:00:00,0.0039999999999999454
1983-01-24 23:00:00,0.004024999999999946
1983-01-25 23:00:00,0.0041249999999999456
1983-01-26 23:00:00,0.0040649999999999445
1983-01-27 23:00:00,0.0041699999999999455
1983-01-28 23:00:00,0.004129999999999947
1983-01-31 23:00:00,0.004239999999999946
1983-02-01 23:00:00,0.004214999999999945
1983-02-02 23:00:00,0.004194999999999946
1983-02-03 23:00:00,0.004134999999999945
1983-02-04 23:00:00,0.004144999999999945
1983-02-07 23:00:00,0.004104999999999946
1983-02-08 23:00:00,0.004164999999999947
1983-02-09 23:00:00,0.004069999999999946
1983-02-10 23:00:00,0.0042899999999999475
1983-02-11 23:00:00,0.004319999999999946
1983-02-14 23:00:00,0.004439999999999948
1983-02-15 23:00:00,0.004539999999999948
1983-02-16 23:00:00,0.004444999999999946
1983-02-17 23:00:00,0.004499999999999949
1983-02-18 23:00:00,0.004509999999999949
1983-02-22 23:00:00,0.004299999999999947
1983-02-23 23:00:00,0.004414999999999948
1983-02-24 23:00:00,0.004614999999999946
1983-02-25 23:00:00,0.004589999999999949
1983-02-28 23:00:00,0.004089999999999945
1983-03-01 23:00:00,0.004199999999999948
1983-03-02 23:00:00,0.004329999999999946
1983-03-03 23:00:00,0.004304999999999945
1983-03-04 23:00:00,0.003899999999999946
1983-03-07 23:00:00,0.003939999999999944
1983-03-08 23:00:00,0.0039499999999999475
1983-03-09 23:00:00,0.003989999999999946
1983-03-10 23:00:00,0.004019999999999945
1983-03-11 23:00:00,0.003924999999999947
1983-03-14 23:00:00,0.004069999999999946
1983-03-15 23:00:00,0.0040149999999999466
1983-03-16 23:00:00,0.0039549999999999455
1983-03-17 23:00:00,0.003969999999999947
1983-03-18 23:00:00,0.003794999999999945
1983-03-21 23:00:00,0.0036999999999999473
1983-03-22 23:00:00,0.0037649999999999463
1983-03-23 23:00:00,0.0038249999999999474
1983-03-24 23:00:00,0.003914999999999947
1983-03-25 23:00:00,0.0038899999999999465
1983-03-28 23:00:00,0.0040099999999999485
1983-03-29 23:00:00,0.0041699999999999455
1983-03-30 23:00:00,0.004099999999999945
1983-03-31 23:00:00,0.004084999999999947
1983-04-04 23:00:00,0.0041199999999999475
1983-04-05 23:00:00,0.004079999999999946
1983-04-06 23:00:00,0.003994999999999947
1983-04-07 23:00:00,0.004004999999999947
1983-04-08 23:00:00,0.0039999999999999454
1983-04-11 23:00:00,0.004149999999999946
1983-04-12 23:00:00,0.004099999999999945
1983-04-13 23:00:00,0.004109999999999948
1983-04-14 23:00:00,0.003984999999999948
1983-04-15 23:00:00,0.004034999999999946
1983-04-18 23:00:00,0.004299999999999947
1983-04-19 23:00:00,0.0042349999999999445
1983-04-20 23:00:00,0.0042899999999999475
1983-04-21 23:00:00,0.004349999999999945
1983-04-22 23:00:00,0.004324999999999948
1983-04-25 23:00:00,0.004314999999999948
1983-04-26 23:00:00,0.004369999999999948
1983-04-27 23:00:00,0.004419999999999946
1983-04-28 23:00:00,0.004319999999999946
1983-04-29 23:00:00,0.004299999999999947
1983-05-02 23:00:00,0.004314999999999948
1983-05-03 23:00:00,0.0044599999999999475
1983-05-04 23:00:00,0.004444999999999946
1983-05-05 23:00:00,0.004424999999999947
1983-05-06 23:00:00,0.004504999999999947
1983-05-09 23:00:00,0.004504999999999947
1983-05-10 23:00:00,0.004574999999999948
1983-05-11 23:00:00,0.004504999999999947
1983-05-12 23:00:00,0.004424999999999947
1983-05-13 23:00:00,0.004529999999999945
1983-05-16 23:00:00,0.004474999999999945
1983-05-17 23:00:00,0.004449999999999948
1983-05-18 23:00:00,0.004519999999999945
1983-05-19 23:00:00,0.004479999999999947
1983-05-20 23:00:00,0.004154999999999948
1983-05-23 23:00:00,0.004299999999999947
1983-05-24 23:00:00,0.004304999999999945
1983-05-25 23:00:00,0.004314999999999948
1983-05-26 23:00:00,0.004269999999999948
1983-05-27 23:00:00,0.004344999999999947
1983-05-31 23:00:00,0.004259999999999945
1983-06-01 23:00:00,0.003984999999999944
1983-06-02 23:00:00,0.003974999999999945
1983-06-03 23:00:00,0.004009999999999945
1983-06-06 23:00:00,0.003859999999999944
1983-06-07 23:00:00,0.003939999999999948
1983-06-08 23:00:00,0.003914999999999947
1983-06-09 23:00:00,0.004004999999999947
1983-06-10 23:00:00,0.003939999999999948
1983-06-13 23:00:00,0.003959999999999947
1983-06-14 23:00:00,0.003899999999999946
1983-06-15 23:00:00,0.003779999999999944
1983-06-16 23:00:00,0.003919999999999945
1983-06-17 23:00:00,0.003914999999999944
1983-06-20 23:00:00,0.004024999999999946
1983-06-21 23:00:00,0.004049999999999943
1983-06-22 23:00:00,0.004089999999999945
1983-06-23 23:00:00,0.004039999999999944
1983-06-24 23:00:00,0.004089999999999945
1983-06-27 23:00:00,0.003959999999999944
1983-06-28 23:00:00,0.003859999999999944
1983-06-29 23:00:00,0.003969999999999947
1983-06-30 23:00:00,0.003909999999999946
1983-07-01 23:00:00,0.0040049999999999435
1983-07-05 23:00:00,0.0038649999999999457
1983-07-06 23:00:00,0.003909999999999946
1983-07-07 23:00:00,0.004074999999999944
1983-07-08 23:00:00,0.004024999999999946
1983-07-11 23:00:00,0.004029999999999944
1983-07-12 23:00:00,0.003944999999999946
1983-07-13 23:00:00,0.0038949999999999445
1983-07-14 23:00:00,0.003919999999999945
1983-07-15 23:00:00,0.0038499999999999446
1983-07-18 23:00:00,0.003904999999999944
1983-07-19 23:00:00,0.0038649999999999457
1983-07-20 23:00:00,0.003934999999999943
1983-07-21 23:00:00,0.003939999999999944
1983-07-22 23:00:00,0.004084999999999944
1983-07-25 23:00:00,0.004239999999999946
1983-07-26 23:00:00,0.004224999999999945
1983-07-27 23:00:00,0.004149999999999946
1983-07-28 23:00:00,0.004094999999999947
1983-07-29 23:00:00,0.003974999999999945
1983-08-01 23:00:00,0.003964999999999945
1983-08-02 23:00:00,0.004014999999999943
1983-08-03 23:00:00,0.003994999999999944
1983-08-04 23:00:00,0.0038949999999999445
1983-08-05 23:00:00,0.0038799999999999434
1983-08-08 23:00:00,0.003689999999999944
1983-08-09 23:00:00,0.003579999999999945
1983-08-10 23:00:00,0.003559999999999946
1983-08-11 23:00:00,0.003609999999999944
1983-08-12 23:00:00,0.003654999999999944
1983-08-15 23:00:00,0.0037449999999999437
1983-08-16 23:00:00,0.0036649999999999435
1983-08-17 23:00:00,0.003729999999999946
1983-08-18 23:00:00,0.0037049999999999453
1983-08-19 23:00:00,0.003549999999999943
1983-08-22 23:00:00,0.0036149999999999455
1983-08-23 23:00:00,0.0036249999999999416
1983-08-24 23:00:00,0.003629999999999943
1983-08-25 23:00:00,0.003489999999999942
1983-08-26 23:00:00,0.0035299999999999438
1983-08-29 23:00:00,0.0035299999999999438
1983-08-30 23:00:00,0.0034699999999999427
1983-08-31 23:00:00,0.003424999999999943
1983-09-01 23:00:00,0.0034949999999999435
1983-09-02 23:00:00,0.003444999999999942
1983-09-06 23:00:00,0.003489999999999942
1983-09-07 23:00:00,0.003479999999999946
1983-09-08 23:00:00,0.0035349999999999453
1983-09-09 23:00:00,0.0035099999999999446
1983-09-12 23:00:00,0.003439999999999944
1983-09-13 23:00:00,0.003374999999999945
1983-09-14 23:00:00,0.0032999999999999427
1983-09-15 23:00:00,0.0031249999999999447
1983-09-16 23:00:00,0.0032099999999999464
1983-09-19 23:00:00,0.003254999999999943
1983-09-20 23:00:00,0.003129999999999946
1983-09-21 23:00:00,0.003129999999999946
1983-09-22 23:00:00,0.003219999999999946
1983-09-23 23:00:00,0.003239999999999945
1983-09-26 23:00:00,0.0031699999999999446
1983-09-27 23:00:00,0.0029999999999999446
1983-09-28 23:00:00,0.0030099999999999476
1983-09-29 23:00:00,0.0028049999999999473
1983-09-30 23:00:00,0.0027349999999999467
1983-10-03 23:00:00,0.0024899999999999445
1983-10-04 23:00:00,0.0025499999999999455
1983-10-05 23:00:00,0.0026249999999999442
1983-10-06 23:00:00,0.0027299999999999486
1983-10-07 23:00:00,0.002749999999999948
1983-10-10 23:00:00,0.002874999999999948
1983-10-11 23:00:00,0.002709999999999946
1983-10-12 23:00:00,0.002704999999999948
1983-10-13 23:00:00,0.002619999999999946
1983-10-14 23:00:00,0.0026949999999999483
1983-10-17 23:00:00,0.0026999999999999464
1983-10-18 23:00:00,0.0026999999999999464
1983-10-19 23:00:00,0.0026049999999999485
1983-10-20 23:00:00,0.002644999999999947
1983-10-21 23:00:00,0.0025999999999999435
1983-10-24 23:00:00,0.0025299999999999464
1983-10-25 23:00:00,0.0023949999999999467
1983-10-26 23:00:00,0.002279999999999947
1983-10-27 23:00:00,0.0023099999999999458
1983-10-28 23:00:00,0.0024199999999999474
1983-10-31 23:00:00,0.0023349999999999448
1983-11-01 23:00:00,0.002299999999999946
1983-11-02 23:00:00,0.0022949999999999447
1983-11-03 23:00:00,0.002154999999999945
1983-11-04 23:00:00,0.002204999999999945
1983-11-07 23:00:00,0.0021499999999999436
1983-11-08 23:00:00,0.002189999999999942
1983-11-09 23:00:00,0.002219999999999946
1983-11-10 23:00:00,0.002169999999999943
1983-11-11 23:00:00,0.002204999999999945
1983-11-14 23:00:00,0.0022749999999999455
1983-11-15 23:00:00,0.0023299999999999432
1983-11-16 23:00:00,0.0022499999999999448
1983-11-17 23:00:00,0.0022549999999999463
1983-11-18 23:00:00,0.0022699999999999474
1983-11-21 23:00:00,0.0023749999999999475
1983-11-22 23:00:00,0.0023899999999999486
1983-11-23 23:00:00,0.0024399999999999466
1983-11-25 23:00:00,0.0024399999999999466
1983-11-28 23:00:00,0.0025649999999999467
1983-11-29 23:00:00,0.0026999999999999464
1983-11-30 23:00:00,0.0026249999999999442
1983-12-01 23:00:00,0.0026099999999999466
1983-12-02 23:00:00,0.002604999999999945
1983-12-05 23:00:00,0.0024999999999999476
1983-12-06 23:00:00,0.0025599999999999486
1983-12-07 23:00:00,0.002599999999999947
1983-12-08 23:00:00,0.002509999999999947
1983-12-09 23:00:00,0.0025599999999999486
1983-12-12 23:00:00,0.0025049999999999456
1983-12-13 23:00:00,0.0024099999999999478
1983-12-14 23:00:00,0.0023799999999999455
1983-12-15 23:00:00,0.002199999999999945
1983-12-16 23:00:00,0.0022299999999999456
1983-12-19 23:00:00,0.002299999999999946
1983-12-20 23:00:00,0.002279999999999947
1983-12-21 23:00:00,0.002299999999999946
1983-12-22 23:00:00,0.002354999999999945
1983-12-23 23:00:00,0.002354999999999945
1983-12-27 23:00:00,0.0023299999999999432
1983-12-28 23:00:00,0.0023299999999999432
1983-12-29 23:00:00,0.002434999999999945
1983-12-30 23:00:00,0.0025449999999999475
1984-01-03 23:00:00,0.0024399999999999466
1984-01-04 23:00:00,0.002429999999999947
1984-01-05 23:00:00,0.002489999999999948
1984-01-06 23:00:00,0.002324999999999947
1984-01-09 23:00:00,0.0021299999999999444
1984-01-10 23:00:00,0.0021149999999999433
1984-01-11 23:00:00,0.002074999999999945
1984-01-12 23:00:00,0.0021799999999999424
1984-01-13 23:00:00,0.0021299999999999444
1984-01-16 23:00:00,0.0020399999999999446
1984-01-17 23:00:00,0.001974999999999944
1984-01-18 23:00:00,0.0019949999999999447
1984-01-19 23:00:00,0.002119999999999945
1984-01-20 23:00:00,0.0020249999999999435
1984-01-23 23:00:00,0.0020649999999999436
1984-01-24 23:00:00,0.0020449999999999427
1984-01-25 23:00:00,0.0020849999999999445
1984-01-26 23:00:00,0.002099999999999942
1984-01-27 23:00:00,0.0021899999999999455
1984-01-30 23:00:00,0.0021499999999999436
1984-01-31 23:00:00,0.002284999999999945
1984-02-01 23:00:00,0.0023149999999999473
1984-02-02 23:00:00,0.002284999999999945
1984-02-03 23:00:00,0.0023299999999999432
1984-02-06 23:00:00,0.0022499999999999448
1984-02-07 23:00:00,0.0021899999999999455
1984-02-08 23:00:00,0.002199999999999945
1984-02-09 23:00:00,0.002124999999999943
1984-02-10 23:00:00,0.0021349999999999425
1984-02-13 23:00:00,0.002184999999999944
1984-02-14 23:00:00,0.002284999999999945
1984-02-15 23:00:00,0.0023749999999999475
1984-02-16 23:00:00,0.0023799999999999455
1984-02-17 23:00:00,0.0023999999999999447
1984-02-21 23:00:00,0.0023199999999999454
1984-02-22 23:00:00,0.0023449999999999452
1984-02-23 23:00:00,0.0022899999999999466
1984-02-24 23:00:00,0.002314999999999944
1984-02-27 23:00:00,0.002354999999999945
1984-02-28 23:00:00,0.002354999999999945
1984-02-29 23:00:00,0.0023199999999999454
1984-03-01 23:00:00,0.0023499999999999433
1984-03-02 23:00:00,0.002454999999999944
1984-03-05 23:00:00,0.0024849999999999465
1984-03-06 23:00:00,0.002494999999999946
1984-03-07 23:00:00,0.0023949999999999467
1984-03-08 23:00:00,0.0024699999999999453
1984-03-09 23:00:00,0.0025349999999999444
1984-03-12 23:00:00,0.002494999999999946
1984-03-13 23:00:00,0.0026099999999999466
1984-03-14 23:00:00,0.002584999999999946
1984-03-15 23:00:00,0.002544999999999944
1984-03-16 23:00:00,0.0026099999999999466
1984-03-19 23:00:00,0.0025749999999999463
1984-03-20 23:00:00,0.0025699999999999447
1984-03-21 23:00:00,0.002604999999999945
1984-03-22 23:00:00,0.002554999999999947
1984-03-23 23:00:00,0.002579999999999948
1984-03-26 23:00:00,0.0027449999999999463
1984-03-27 23:00:00,0.0026999999999999464
1984-03-28 23:00:00,0.002784999999999948
1984-03-29 23:00:00,0.002814999999999947
1984-03-30 23:00:00,0.0028849999999999475
1984-04-02 23:00:00,0.002749999999999948
1984-04-03 23:00:00,0.0027999999999999458
1984-04-04 23:00:00,0.002784999999999948
1984-04-05 23:00:00,0.002674999999999949
1984-04-06 23:00:00,0.0027599999999999474
1984-04-09 23:00:00,0.002604999999999945
1984-04-10 23:00:00,0.002679999999999947
1984-04-11 23:00:00,0.0026549999999999465
1984-04-12 23:00:00,0.002584999999999946
1984-04-13 23:00:00,0.002619999999999946
1984-04-16 23:00:00,0.002644999999999947
1984-04-17 23:00:00,0.0027049999999999444
1984-04-18 23:00:00,0.002724999999999947
1984-04-19 23:00:00,0.0026749999999999457
1984-04-23 23:00:00,0.002659999999999948
1984-04-24 23:00:00,0.0023999999999999447
1984-04-25 23:00:00,0.0023349999999999448
1984-04-26 23:00:00,0.002284999999999945
1984-04-27 23:00:00,0.0021549999999999417
1984-04-30 23:00:00,0.002139999999999944
1984-05-01 23:00:00,0.002219999999999946
1984-05-02 23:00:00,0.0021949999999999435
1984-05-03 23:00:00,0.002239999999999945
1984-05-04 23:00:00,0.0021349999999999425
1984-05-07 23:00:00,0.0018949999999999436
1984-05-08 23:00:00,0.0018599999999999433
1984-05-09 23:00:00,0.0018749999999999427
1984-05-10 23:00:00,0.0019399999999999435
1984-05-11 23:00:00,0.0018849999999999423
1984-05-14 23:00:00,0.001954999999999943
1984-05-15 23:00:00,0.0019849999999999434
1984-05-16 23:00:00,0.0020549999999999423
1984-05-17 23:00:00,0.0018849999999999423
1984-05-18 23:00:00,0.0019399999999999435
1984-05-21 23:00:00,0.001974999999999942
1984-05-22 23:00:00,0.0020099999999999424
1984-05-23 23:00:00,0.001969999999999944
1984-05-24 23:00:00,0.002019999999999942
1984-05-25 23:00:00,0.002099999999999942
1984-05-29 23:00:00,0.0020449999999999427
1984-05-30 23:00:00,0.0019849999999999434
1984-05-31 23:00:00,0.0019649999999999425
1984-06-01 23:00:00,0.0020299999999999416
1984-06-04 23:00:00,0.0018949999999999436
1984-06-05 23:00:00,0.0018899999999999438
1984-06-06 23:00:00,0.001969999999999944
1984-06-07 23:00:00,0.0019149999999999445
1984-06-08 23:00:00,0.0019449999999999433
1984-06-11 23:00:00,0.0017149999999999423
1984-06-12 23:00:00,0.0016999999999999429
1984-06-13 23:00:00,0.0017099999999999425
1984-06-14 23:00:00,0.0017349999999999432
1984-06-15 23:00:00,0.0016749999999999422
1984-06-18 23:00:00,0.0016199999999999427
1984-06-19 23:00:00,0.0016749999999999422
1984-06-20 23:00:00,0.0015199999999999415
1984-06-21 23:00:00,0.0015149999999999435
1984-06-22 23:00:00,0.0015549999999999418
1984-06-25 23:00:00,0.001459999999999944
1984-06-26 23:00:00,0.0014899999999999428
1984-06-27 23:00:00,0.0014549999999999425
1984-06-28 23:00:00,0.0015549999999999418
1984-06-29 23:00:00,0.001634999999999942
1984-07-02 23:00:00,0.001609999999999943
1984-07-03 23:00:00,0.0015549999999999418
1984-07-05 23:00:00,0.0013499999999999415
1984-07-06 23:00:00,0.0013049999999999434
1984-07-09 23:00:00,0.001294999999999942
1984-07-10 23:00:00,0.001294999999999942
1984-07-11 23:00:00,0.0013049999999999434
1984-07-12 23:00:00,0.0013649999999999426
1984-07-13 23:00:00,0.0014899999999999428
1984-07-16 23:00:00,0.0014299999999999417
1984-07-17 23:00:00,0.0013799999999999438
1984-07-18 23:00:00,0.0014699999999999436
1984-07-19 23:00:00,0.0014749999999999416
1984-07-20 23:00:00,0.0014149999999999423
1984-07-23 23:00:00,0.0013449999999999435
1984-07-24 23:00:00,0.0013349999999999421
1984-07-25 23:00:00,0.0014549999999999425
1984-07-26 23:00:00,0.0012599999999999417
1984-07-27 23:00:00,0.0013099999999999432
1984-07-30 23:00:00,0.0012749999999999428
1984-07-31 23:00:00,0.0011349999999999433
1984-08-01 23:00:00,0.0011749999999999417
1984-08-02 23:00:00,0.001244999999999944
1984-08-03 23:00:00,0.0013699999999999424
1984-08-06 23:00:00,0.0013199999999999427
1984-08-07 23:00:00,0.0011799999999999415
1984-08-08 23:00:00,0.0012849999999999424
1984-08-09 23:00:00,0.0013799999999999438
1984-08-10 23:00:00,0.001354999999999943
1984-08-13 23:00:00,0.0013899999999999434
1984-08-14 23:00:00,0.0014199999999999421
1984-08-15 23:00:00,0.0013949999999999414
1984-08-16 23:00:00,0.0013599999999999429
1984-08-17 23:00:00,0.0013949999999999414
1984-08-20 23:00:00,0.001314999999999943
1984-08-21 23:00:00,0.0013299999999999423
1984-08-22 23:00:00,0.001464999999999942
1984-08-23 23:00:00,0.0015449999999999423
1984-08-24 23:00:00,0.0015999999999999417
1984-08-27 23:00:00,0.0015899999999999422
1984-08-28 23:00:00,0.0015149999999999435
1984-08-29 23:00:00,0.0015649999999999414
1984-08-30 23:00:00,0.0015149999999999435
1984-08-31 23:00:00,0.0015549999999999418
1984-09-04 23:00:00,0.0013949999999999414
1984-09-05 23:00:00,0.001399999999999943
1984-09-06 23:00:00,0.0014449999999999429
1984-09-07 23:00:00,0.001169999999999942
1984-09-10 23:00:00,0.0011449999999999412
1984-09-11 23:00:00,0.0011549999999999443
1984-09-12 23:00:00,0.001169999999999942
1984-09-13 23:00:00,0.001014999999999943
1984-09-14 23:00:00,0.0010999999999999413
1984-09-17 23:00:00,0.0008899999999999429
1984-09-18 23:00:00,0.0009749999999999412
1984-09-19 23:00:00,0.0009649999999999433
1984-09-20 23:00:00,0.0009299999999999413
1984-09-21 23:00:00,0.0010299999999999424
1984-09-24 23:00:00,0.0010199999999999428
1984-09-25 23:00:00,0.0009799999999999427
1984-09-26 23:00:00,0.0010649999999999427
1984-09-27 23:00:00,0.0010349999999999422
1984-09-28 23:00:00,0.000999999999999942
1984-10-01 23:00:00,0.0010399999999999437
1984-10-02 23:00:00,0.0010399999999999437
1984-10-03 23:00:00,0.0010049999999999434
1984-10-04 23:00:00,0.0009899999999999423
1984-10-05 23:00:00,0.0009099999999999421
1984-10-08 23:00:00,0.0009199999999999417
1984-10-09 23:00:00,0.0008749999999999418
1984-10-10 23:00:00,0.0009399999999999426
1984-10-11 23:00:00,0.0008899999999999429
1984-10-12 23:00:00,0.0009649999999999433
1984-10-15 23:00:00,0.0009199999999999417
1984-10-16 23:00:00,0.0008099999999999427
1984-10-17 23:00:00,0.0007949999999999451
1984-10-18 23:00:00,0.0008399999999999415
1984-10-19 23:00:00,0.0008749999999999418
1984-10-22 23:00:00,0.0008549999999999426
1984-10-23 23:00:00,0.0009199999999999417
1984-10-24 23:00:00,0.0009499999999999422
1984-10-25 23:00:00,0.0011299999999999435
1984-10-26 23:00:00,0.0011299999999999435
1984-10-29 23:00:00,0.0010199999999999428
1984-10-30 23:00:00,0.0011099999999999426
1984-10-31 23:00:00,0.0012399999999999425
1984-11-01 23:00:00,0.0012999999999999436
1984-11-02 23:00:00,0.0013749999999999422
1984-11-05 23:00:00,0.0013599999999999429
1984-11-06 23:00:00,0.0013349999999999421
1984-11-07 23:00:00,0.001424999999999942
1984-11-08 23:00:00,0.0013799999999999438
1984-11-09 23:00:00,0.0013199999999999427
1984-11-12 23:00:00,0.0013849999999999418
1984-11-13 23:00:00,0.0012649999999999433
1984-11-14 23:00:00,0.0012399999999999425
1984-11-15 23:00:00,0.001234999999999941
1984-11-16 23:00:00,0.0012199999999999434
1984-11-19 23:00:00,0.0010799999999999421
1984-11-20 23:00:00,0.0011999999999999424
1984-11-21 23:00:00,0.0012449999999999423
1984-11-23 23:00:00,0.0012099999999999438
1984-11-26 23:00:00,0.0012049999999999422
1984-11-27 23:00:00,0.001059999999999943
1984-11-28 23:00:00,0.0009099999999999421
1984-11-29 23:00:00,0.0009399999999999426
1984-11-30 23:00:00,0.0009749999999999429
1984-12-03 23:00:00,0.0009999999999999436
1984-12-04 23:00:00,0.001014999999999943
1984-12-05 23:00:00,0.0009949999999999438
1984-12-06 23:00:00,0.0010499999999999433
1984-12-07 23:00:00,0.0009649999999999416
1984-12-10 23:00:00,0.0009349999999999428
1984-12-11 23:00:00,0.0010249999999999426
1984-12-12 23:00:00,0.0010099999999999432
1984-12-13 23:00:00,0.0009399999999999426
1984-12-14 23:00:00,0.0010499999999999433
1984-12-17 23:00:00,0.0010299999999999424
1984-12-18 23:00:00,0.0010499999999999433
1984-12-19 23:00:00,0.0009949999999999438
1984-12-20 23:00:00,0.0009299999999999413
1984-12-21 23:00:00,0.0006799999999999445
1984-12-26 23:00:00,0.0008099999999999462
1984-12-27 23:00:00,0.0007799999999999439
1984-12-28 23:00:00,0.0008299999999999419
1984-12-31 23:00:00,0.0008099999999999462
1985-01-02 23:00:00,0.0007299999999999425
1985-01-03 23:00:00,0.0008049999999999446
1985-01-04 23:00:00,0.0007849999999999455
1985-01-07 23:00:00,0.0008749999999999418
1985-01-08 23:00:00,0.0008349999999999434
1985-01-09 23:00:00,0.0009599999999999435
1985-01-10 23:00:00,0.0009199999999999417
1985-01-11 23:00:00,0.0008299999999999419
1985-01-14 23:00:00,0.000839999999999945
1985-01-15 23:00:00,0.0009499999999999439
1985-01-16 23:00:00,0.0009949999999999438
1985-01-17 23:00:00,0.0011049999999999428
1985-01-18 23:00:00,0.0012099999999999438
1985-01-21 23:00:00,0.0012599999999999417
1985-01-22 23:00:00,0.0011949999999999426
1985-01-23 23:00:00,0.0010999999999999413
1985-01-24 23:00:00,0.0012049999999999422
1985-01-25 23:00:00,0.0011999999999999424
1985-01-28 23:00:00,0.0013199999999999427
1985-01-29 23:00:00,0.0013949999999999414
1985-01-30 23:00:00,0.0014799999999999432
1985-01-31 23:00:00,0.0013499999999999415
1985-02-01 23:00:00,0.0013899999999999434
1985-02-04 23:00:00,0.0013299999999999423
1985-02-05 23:00:00,0.0013299999999999423
1985-02-06 23:00:00,0.0012899999999999422
1985-02-07 23:00:00,0.001229999999999943
1985-02-08 23:00:00,0.0012199999999999434
1985-02-11 23:00:00,0.001294999999999942
1985-02-12 23:00:00,0.001294999999999942
1985-02-13 23:00:00,0.001339999999999942
1985-02-14 23:00:00,0.0013199999999999427
1985-02-15 23:00:00,0.0012799999999999444
1985-02-19 23:00:00,0.0012749999999999428
1985-02-20 23:00:00,0.0010949999999999432
1985-02-21 23:00:00,0.001009999999999945
1985-02-22 23:00:00,0.0010449999999999435
1985-02-25 23:00:00,0.0008049999999999446
1985-02-26 23:00:00,0.0008249999999999438
1985-02-27 23:00:00,0.0009149999999999436
1985-02-28 23:00:00,0.0009649999999999433
1985-03-01 23:00:00,0.0009349999999999428
1985-03-04 23:00:00,0.0009949999999999438
1985-03-05 23:00:00,0.0009249999999999432
1985-03-06 23:00:00,0.0010549999999999431
1985-03-07 23:00:00,0.0010299999999999442
1985-03-08 23:00:00,0.0010399999999999437
1985-03-11 23:00:00,0.0010199999999999446
1985-03-12 23:00:00,0.0009799999999999427
1985-03-13 23:00:00,0.000989999999999944
1985-03-14 23:00:00,0.0009749999999999447
1985-03-15 23:00:00,0.0009949999999999438
1985-03-18 23:00:00,0.001074999999999944
1985-03-19 23:00:00,0.0012649999999999433
1985-03-20 23:00:00,0.001119999999999944
1985-03-21 23:00:00,0.001179999999999945
1985-03-22 23:00:00,0.0011499999999999427
1985-03-25 23:00:00,0.0011049999999999428
1985-03-26 23:00:00,0.001179999999999945
1985-03-27 23:00:00,0.0012199999999999434
1985-03-28 23:00:00,0.0012049999999999422
1985-03-29 23:00:00,0.0012649999999999433
1985-04-01 23:00:00,0.0013449999999999435
1985-04-02 23:00:00,0.0014749999999999434
1985-04-03 23:00:00,0.0013599999999999429
1985-04-04 23:00:00,0.0015049999999999439
1985-04-08 23:00:00,0.001509999999999942
1985-04-09 23:00:00,0.0014849999999999447
1985-04-10 23:00:00,0.0014949999999999443
1985-04-11 23:00:00,0.0014899999999999428
1985-04-12 23:00:00,0.0015949999999999437
1985-04-15 23:00:00,0.0015549999999999436
1985-04-16 23:00:00,0.001499999999999944
1985-04-17 23:00:00,0.0014849999999999447
1985-04-18 23:00:00,0.0013349999999999439
1985-04-19 23:00:00,0.0013149999999999447
1985-04-22 23:00:00,0.0012649999999999433
1985-04-23 23:00:00,0.0012249999999999449
1985-04-24 23:00:00,0.001304999999999945
1985-04-25 23:00:00,0.0013849999999999436
1985-04-26 23:00:00,0.0012849999999999424
1985-04-29 23:00:00,0.0013249999999999443
1985-04-30 23:00:00,0.001119999999999944
1985-05-01 23:00:00,0.0011549999999999443
1985-05-02 23:00:00,0.0012049999999999457
1985-05-03 23:00:00,0.0011299999999999435
1985-05-06 23:00:00,0.0011699999999999437
1985-05-07 23:00:00,0.0012999999999999436
1985-05-08 23:00:00,0.0014199999999999439
1985-05-09 23:00:00,0.0014799999999999432
1985-05-10 23:00:00,0.0014799999999999432
1985-05-13 23:00:00,0.001414999999999944
1985-05-14 23:00:00,0.0014199999999999439
1985-05-15 23:00:00,0.0014649999999999438
1985-05-16 23:00:00,0.0013699999999999442
1985-05-17 23:00:00,0.001339999999999942
1985-05-20 23:00:00,0.0012649999999999433
1985-05-21 23:00:00,0.001339999999999942
1985-05-22 23:00:00,0.001399999999999943
1985-05-23 23:00:00,0.0013699999999999442
1985-05-24 23:00:00,0.0013149999999999447
1985-05-28 23:00:00,0.0011349999999999433
1985-05-29 23:00:00,0.001184999999999943
1985-05-30 23:00:00,0.0010049999999999434
1985-05-31 23:00:00,0.0009949999999999438
1985-06-03 23:00:00,0.0009449999999999441
1985-06-04 23:00:00,0.0010399999999999437
1985-06-05 23:00:00,0.0009799999999999427
1985-06-06 23:00:00,0.0009949999999999438
1985-06-07 23:00:00,0.0009999999999999454
1985-06-10 23:00:00,0.0009799999999999427
1985-06-11 23:00:00,0.001009999999999945
1985-06-12 23:00:00,0.0010349999999999422
1985-06-13 23:00:00,0.0009649999999999451
1985-06-14 23:00:00,0.0009999999999999454
1985-06-17 23:00:00,0.001009999999999945
1985-06-18 23:00:00,0.001119999999999944
1985-06-19 23:00:00,0.0010349999999999457
1985-06-20 23:00:00,0.0009599999999999435
1985-06-21 23:00:00,0.0009849999999999443
1985-06-24 23:00:00,0.0009649999999999451
1985-06-25 23:00:00,0.0009149999999999436
1985-06-26 23:00:00,0.0007949999999999451
1985-06-27 23:00:00,0.0007399999999999456
1985-06-28 23:00:00,0.0007949999999999451
1985-07-01 23:00:00,0.0007399999999999456
1985-07-02 23:00:00,0.0007549999999999467
1985-07-03 23:00:00,0.0007949999999999451
1985-07-08 23:00:00,0.0008499999999999445
1985-07-09 23:00:00,0.0008499999999999445
1985-07-10 23:00:00,0.0009099999999999456
1985-07-11 23:00:00,0.0009199999999999452
1985-07-12 23:00:00,0.0008749999999999453
1985-07-15 23:00:00,0.0009349999999999463
1985-07-16 23:00:00,0.0009949999999999438
1985-07-17 23:00:00,0.001134999999999945
1985-07-18 23:00:00,0.0010899999999999452
1985-07-19 23:00:00,0.0011999999999999442
1985-07-22 23:00:00,0.0011099999999999444
1985-07-23 23:00:00,0.0010899999999999452
1985-07-24 23:00:00,0.0010899999999999452
1985-07-25 23:00:00,0.0011299999999999435
1985-07-26 23:00:00,0.001119999999999944
1985-07-29 23:00:00,0.0010799999999999439
1985-07-30 23:00:00,0.0009649999999999451
1985-07-31 23:00:00,0.0009499999999999439
1985-08-01 23:00:00,0.0009599999999999435
1985-08-02 23:00:00,0.0009949999999999438
1985-08-05 23:00:00,0.0008699999999999437
1985-08-06 23:00:00,0.0008849999999999449
1985-08-07 23:00:00,0.0008949999999999445
1985-08-08 23:00:00,0.000899999999999946
1985-08-09 23:00:00,0.0009199999999999452
1985-08-12 23:00:00,0.0008849999999999449
1985-08-13 23:00:00,0.0009199999999999452
1985-08-14 23:00:00,0.0009949999999999438
1985-08-15 23:00:00,0.0009949999999999438
1985-08-16 23:00:00,0.000989999999999944
1985-08-19 23:00:00,0.0008249999999999473
1985-08-20 23:00:00,0.0008099999999999462
1985-08-21 23:00:00,0.000839999999999945
1985-08-22 23:00:00,0.0007699999999999443
1985-08-23 23:00:00,0.0007399999999999456
1985-08-26 23:00:00,0.0007249999999999444
1985-08-27 23:00:00,0.000729999999999946
1985-08-28 23:00:00,0.0008449999999999465
1985-08-29 23:00:00,0.0008799999999999433
1985-08-30 23:00:00,0.0008949999999999445
1985-09-03 23:00:00,0.0008699999999999437
1985-09-04 23:00:00,0.0008899999999999429
1985-09-05 23:00:00,0.0008849999999999449
1985-09-06 23:00:00,0.0008849999999999449
1985-09-09 23:00:00,0.0007699999999999443
1985-09-10 23:00:00,0.0007549999999999467
1985-09-11 23:00:00,0.0007749999999999459
1985-09-12 23:00:00,0.0007699999999999443
1985-09-13 23:00:00,0.0007849999999999455
1985-09-16 23:00:00,0.0007949999999999451
1985-09-17 23:00:00,0.0007799999999999474
1985-09-18 23:00:00,0.0006549999999999473
1985-09-19 23:00:00,0.000619999999999947
1985-09-20 23:00:00,0.0005849999999999467
1985-09-23 23:00:00,0.0006699999999999449
1985-09-24 23:00:00,0.0007849999999999455
1985-09-25 23:00:00,0.0007599999999999447
1985-09-26 23:00:00,0.000679999999999948
1985-09-27 23:00:00,0.0006599999999999454
1985-09-30 23:00:00,0.0006449999999999442
1985-10-01 23:00:00,0.0007699999999999443
1985-10-02 23:00:00,0.0008749999999999453
1985-10-03 23:00:00,0.0008599999999999441
1985-10-04 23:00:00,0.000899999999999946
1985-10-07 23:00:00,0.0009699999999999431
1985-10-08 23:00:00,0.0009399999999999444
1985-10-09 23:00:00,0.0009099999999999456
1985-10-10 23:00:00,0.0008549999999999461
1985-10-11 23:00:00,0.0008749999999999453
1985-10-14 23:00:00,0.0008699999999999437
1985-10-15 23:00:00,0.0008099999999999462
1985-10-16 23:00:00,0.0007349999999999475
1985-10-17 23:00:00,0.0007949999999999451
1985-10-18 23:00:00,0.000904999999999944
1985-10-21 23:00:00,0.0008649999999999457
1985-10-22 23:00:00,0.0008949999999999445
1985-10-23 23:00:00,0.0009999999999999454
1985-10-24 23:00:00,0.0009549999999999455
1985-10-25 23:00:00,0.0009249999999999467
1985-10-28 23:00:00,0.000839999999999945
1985-10-29 23:00:00,0.0009299999999999448
1985-10-30 23:00:00,0.0008499999999999445
1985-10-31 23:00:00,0.0007349999999999475
1985-11-01 23:00:00,0.0007699999999999443
1985-11-04 23:00:00,0.0007949999999999451
1985-11-05 23:00:00,0.0008049999999999446
1985-11-06 23:00:00,0.0008499999999999445
1985-11-07 23:00:00,0.0007399999999999456
1985-11-08 23:00:00,0.0008599999999999441
1985-11-11 23:00:00,0.000789999999999947
1985-11-12 23:00:00,0.0008299999999999454
1985-11-13 23:00:00,0.0008549999999999461
1985-11-14 23:00:00,0.0008449999999999465
1985-11-15 23:00:00,0.0008249999999999473
1985-11-18 23:00:00,0.0007799999999999439
1985-11-19 23:00:00,0.0006849999999999461
1985-11-20 23:00:00,0.0006749999999999465
1985-11-21 23:00:00,0.0006899999999999441
1985-11-22 23:00:00,0.0008199999999999458
1985-11-25 23:00:00,0.0008149999999999442
1985-11-26 23:00:00,0.0007749999999999459
1985-11-27 23:00:00,0.0008099999999999462
1985-11-29 23:00:00,0.0007949999999999451
1985-12-02 23:00:00,0.0007899999999999435
1985-12-03 23:00:00,0.0007649999999999463
1985-12-04 23:00:00,0.0008799999999999433
1985-12-05 23:00:00,0.0009699999999999431
1985-12-06 23:00:00,0.0010199999999999428
1985-12-09 23:00:00,0.0009649999999999433
1985-12-10 23:00:00,0.0009849999999999443
1985-12-11 23:00:00,0.0010649999999999445
1985-12-12 23:00:00,0.000989999999999944
1985-12-13 23:00:00,0.0010299999999999442
1985-12-16 23:00:00,0.0011249999999999455
1985-12-17 23:00:00,0.001034999999999944
1985-12-18 23:00:00,0.0009549999999999455
1985-12-19 23:00:00,0.0010049999999999434
1985-12-20 23:00:00,0.0009749999999999447
1985-12-23 23:00:00,0.0009249999999999432
1985-12-24 23:00:00,0.0009849999999999443
1985-12-26 23:00:00,0.0010449999999999435
1985-12-27 23:00:00,0.0010199999999999428
1985-12-30 23:00:00,0.0009949999999999438
1985-12-31 23:00:00,0.0010249999999999444
1986-01-02 23:00:00,0.0010449999999999435
1986-01-03 23:00:00,0.0010549999999999449
1986-01-06 23:00:00,0.001059999999999943
1986-01-07 23:00:00,0.0011549999999999443
1986-01-08 23:00:00,0.0011349999999999433
1986-01-09 23:00:00,0.001184999999999943
1986-01-10 23:00:00,0.0012049999999999457
1986-01-13 23:00:00,0.001304999999999945
1986-01-14 23:00:00,0.0013149999999999447
1986-01-15 23:00:00,0.0012999999999999436
1986-01-16 23:00:00,0.001269999999999943
1986-01-17 23:00:00,0.0012849999999999442
1986-01-20 23:00:00,0.0012499999999999439
1986-01-21 23:00:00,0.0011949999999999426
1986-01-22 23:00:00,0.0011499999999999445
1986-01-23 23:00:00,0.001119999999999944
1986-01-24 23:00:00,0.0011999999999999442
1986-01-27 23:00:00,0.0012849999999999442
1986-01-28 23:00:00,0.0012649999999999433
1986-01-29 23:00:00,0.0012349999999999445
1986-01-30 23:00:00,0.0012299999999999447
1986-01-31 23:00:00,0.001179999999999945
1986-02-03 23:00:00,0.0009749999999999447
1986-02-04 23:00:00,0.000989999999999944
1986-02-05 23:00:00,0.0010549999999999449
1986-02-06 23:00:00,0.0010049999999999434
1986-02-07 23:00:00,0.0009999999999999436
1986-02-10 23:00:00,0.0009799999999999445
1986-02-11 23:00:00,0.0009249999999999432
1986-02-12 23:00:00,0.0009349999999999463
1986-02-13 23:00:00,0.0009599999999999435
1986-02-14 23:00:00,0.0010049999999999434
1986-02-18 23:00:00,0.0010399999999999437
1986-02-19 23:00:00,0.001014999999999943
1986-02-20 23:00:00,0.0010549999999999449
1986-02-21 23:00:00,0.0010199999999999446
1986-02-24 23:00:00,0.0011499999999999462
1986-02-25 23:00:00,0.0011149999999999424
1986-02-26 23:00:00,0.0010349999999999457
1986-02-27 23:00:00,0.0010849999999999436
1986-02-28 23:00:00,0.0010349999999999457
1986-03-03 23:00:00,0.0009649999999999433
1986-03-04 23:00:00,0.0010899999999999452
1986-03-05 23:00:00,0.0010549999999999449
1986-03-06 23:00:00,0.0011399999999999431
1986-03-07 23:00:00,0.0011249999999999455
1986-03-10 23:00:00,0.0011899999999999446
1986-03-11 23:00:00,0.0011549999999999443
1986-03-12 23:00:00,0.0011499999999999462
1986-03-13 23:00:00,0.0011499999999999462
1986-03-14 23:00:00,0.0012599999999999452
1986-03-17 23:00:00,0.0013649999999999426
1986-03-18 23:00:00,0.0013149999999999447
1986-03-19 23:00:00,0.0013549999999999448
1986-03-20 23:00:00,0.001304999999999945
1986-03-21 23:00:00,0.001414999999999944
1986-03-24 23:00:00,0.0013599999999999446
1986-03-25 23:00:00,0.0012649999999999433
1986-03-26 23:00:00,0.0012349999999999445
1986-03-27 23:00:00,0.0012749999999999446
1986-03-31 23:00:00,0.0011699999999999454
1986-04-01 23:00:00,0.0010199999999999446
1986-04-02 23:00:00,0.0010249999999999444
1986-04-03 23:00:00,0.0009699999999999449
1986-04-04 23:00:00,0.0009699999999999449
1986-04-07 23:00:00,0.0009949999999999438
1986-04-08 23:00:00,0.0008899999999999464
1986-04-09 23:00:00,0.0009699999999999449
1986-04-10 23:00:00,0.001009999999999945
1986-04-11 23:00:00,0.0010199999999999446
1986-04-14 23:00:00,0.0009299999999999448
1986-04-15 23:00:00,0.0009999999999999454
1986-04-16 23:00:00,0.0009649999999999433
1986-04-17 23:00:00,0.0009799999999999427
1986-04-18 23:00:00,0.0009599999999999435
1986-04-21 23:00:00,0.0008799999999999433
1986-04-22 23:00:00,0.0009649999999999433
1986-04-23 23:00:00,0.0009699999999999431
1986-04-24 23:00:00,0.0009549999999999455
1986-04-25 23:00:00,0.0009149999999999436
1986-04-28 23:00:00,0.0008799999999999433
1986-04-29 23:00:00,0.0008049999999999446
1986-04-30 23:00:00,0.0007549999999999432
1986-05-01 23:00:00,0.0007399999999999456
1986-05-02 23:00:00,0.0007949999999999451
1986-05-05 23:00:00,0.0008299999999999454
1986-05-06 23:00:00,0.0007899999999999435
1986-05-07 23:00:00,0.0007899999999999435
1986-05-08 23:00:00,0.0008849999999999449
1986-05-09 23:00:00,0.000904999999999944
1986-05-12 23:00:00,0.0008799999999999433
1986-05-13 23:00:00,0.0008049999999999446
1986-05-14 23:00:00,0.0008249999999999438
1986-05-15 23:00:00,0.0008249999999999438
1986-05-16 23:00:00,0.0008649999999999457
1986-05-19 23:00:00,0.0007749999999999459
1986-05-20 23:00:00,0.0007149999999999448
1986-05-21 23:00:00,0.0007499999999999452
1986-05-22 23:00:00,0.000729999999999946
1986-05-23 23:00:00,0.0007049999999999453
1986-05-27 23:00:00,0.0007549999999999432
1986-05-28 23:00:00,0.0008049999999999446
1986-05-29 23:00:00,0.0008199999999999458
1986-05-30 23:00:00,0.0007999999999999466
1986-06-02 23:00:00,0.0007549999999999432
1986-06-03 23:00:00,0.0006799999999999445
1986-06-04 23:00:00,0.000734999999999944
1986-06-05 23:00:00,0.0008549999999999426
1986-06-06 23:00:00,0.0008999999999999425
1986-06-09 23:00:00,0.0009149999999999436
1986-06-10 23:00:00,0.0008899999999999429
1986-06-11 23:00:00,0.0008999999999999425
1986-06-12 23:00:00,0.000904999999999944
1986-06-13 23:00:00,0.0008549999999999426
1986-06-16 23:00:00,0.0008799999999999433
1986-06-17 23:00:00,0.0008349999999999434
1986-06-18 23:00:00,0.0008199999999999423
1986-06-19 23:00:00,0.0007999999999999431
1986-06-20 23:00:00,0.0007949999999999451
1986-06-23 23:00:00,0.0007749999999999459
1986-06-24 23:00:00,0.000624999999999945
1986-06-25 23:00:00,0.0005999999999999443
1986-06-26 23:00:00,0.0006349999999999446
1986-06-27 23:00:00,0.0004749999999999442
1986-06-30 23:00:00,0.0004999999999999449
1986-07-01 23:00:00,0.0005549999999999444
1986-07-02 23:00:00,0.0005299999999999437
1986-07-07 23:00:00,0.00043499999999994585
1986-07-08 23:00:00,0.0003499999999999441
1986-07-09 23:00:00,0.000394999999999944
1986-07-10 23:00:00,0.00040999999999994513
1986-07-11 23:00:00,0.0004249999999999428
1986-07-14 23:00:00,0.0003449999999999426
1986-07-15 23:00:00,0.0004249999999999428
1986-07-16 23:00:00,0.00040999999999994513
1986-07-17 23:00:00,0.00038999999999994595
1986-07-18 23:00:00,0.0003799999999999429
1986-07-21 23:00:00,0.00039999999999994554
1986-07-22 23:00:00,0.00039999999999994554
1986-07-23 23:00:00,0.0004499999999999435
1986-07-24 23:00:00,0.0004849999999999438
1986-07-25 23:00:00,0.00038999999999994595
1986-07-28 23:00:00,0.0003449999999999426
1986-07-29 23:00:00,0.00030999999999994574
1986-07-30 23:00:00,0.00031999999999994533
1986-07-31 23:00:00,0.0003149999999999438
1986-08-01 23:00:00,0.00031999999999994533
1986-08-04 23:00:00,0.0002599999999999443
1986-08-05 23:00:00,0.0002949999999999446
1986-08-06 23:00:00,0.0002749999999999454
1986-08-07 23:00:00,0.00025499999999994277
1986-08-08 23:00:00,0.00026499999999994236
1986-08-11 23:00:00,0.0003449999999999426
1986-08-12 23:00:00,0.00031999999999994533
1986-08-13 23:00:00,0.000284999999999945
1986-08-14 23:00:00,0.0003049999999999442
1986-08-15 23:00:00,0.00019499999999994522
1986-08-18 23:00:00,0.0001599999999999449
1986-08-19 23:00:00,0.0001799999999999441
1986-08-20 23:00:00,0.0002149999999999444
1986-08-21 23:00:00,0.0002349999999999436
1986-08-22 23:00:00,0.00018499999999994562
1986-08-25 23:00:00,0.0001799999999999441
1986-08-26 23:00:00,0.00016499999999994644
1986-08-27 23:00:00,0.0002149999999999444
1986-08-28 23:00:00,0.00019499999999994522
1986-08-29 23:00:00,0.000224999999999944
1986-09-02 23:00:00,0.0005049999999999465
1986-09-03 23:00:00,0.0004949999999999469
1986-09-04 23:00:00,0.0004899999999999453
1986-09-05 23:00:00,0.0005399999999999433
1986-09-08 23:00:00,0.00047999999999994575
1986-09-09 23:00:00,0.00043499999999994585
1986-09-10 23:00:00,0.00045999999999994656
1986-09-11 23:00:00,0.0004299999999999443
1986-09-12 23:00:00,0.00045999999999994656
1986-09-15 23:00:00,0.0005149999999999461
1986-09-16 23:00:00,0.0005949999999999463
1986-09-17 23:00:00,0.0005949999999999463
1986-09-18 23:00:00,0.0006049999999999459
1986-09-19 23:00:00,0.0006199999999999435
1986-09-22 23:00:00,0.0005349999999999452
1986-09-23 23:00:00,0.0004849999999999438
1986-09-24 23:00:00,0.0004949999999999469
1986-09-25 23:00:00,0.0005249999999999456
1986-09-26 23:00:00,0.0005049999999999465
1986-09-29 23:00:00,0.0004949999999999469
1986-09-30 23:00:00,0.0004999999999999449
1986-10-01 23:00:00,0.0003599999999999437
1986-10-02 23:00:00,0.0003699999999999433
1986-10-03 23:00:00,0.0003599999999999437
1986-10-06 23:00:00,0.00036499999999994523
1986-10-07 23:00:00,0.00032499999999994686
1986-10-08 23:00:00,0.00031999999999994533
1986-10-09 23:00:00,0.00028999999999994655
1986-10-10 23:00:00,0.0003399999999999445
1986-10-13 23:00:00,0.0003399999999999445
1986-10-14 23:00:00,0.00036499999999994523
1986-10-15 23:00:00,0.0003699999999999433
1986-10-16 23:00:00,0.00038999999999994595
1986-10-17 23:00:00,0.0003599999999999437
1986-10-20 23:00:00,0.00040999999999994513
1986-10-21 23:00:00,0.00040499999999994707
1986-10-22 23:00:00,0.0004199999999999447
1986-10-23 23:00:00,0.00043499999999994585
1986-10-24 23:00:00,0.0003699999999999433
1986-10-27 23:00:00,0.00032499999999994686
1986-10-28 23:00:00,0.0002699999999999439
1986-10-29 23:00:00,0.0002349999999999436
1986-10-30 23:00:00,0.00028999999999994655
1986-10-31 23:00:00,0.0002599999999999443
1986-11-03 23:00:00,0.00028999999999994655
1986-11-04 23:00:00,0.00029999999999994614
1986-11-05 23:00:00,0.0002699999999999439
1986-11-06 23:00:00,0.000284999999999945
1986-11-07 23:00:00,0.0002949999999999446
1986-11-10 23:00:00,0.00026499999999994583
1986-11-11 23:00:00,0.0002799999999999435
1986-11-12 23:00:00,0.0002699999999999439
1986-11-13 23:00:00,0.0002499999999999447
1986-11-14 23:00:00,0.0002599999999999443
1986-11-17 23:00:00,0.000224999999999944
1986-11-18 23:00:00,0.00022999999999994553
1986-11-19 23:00:00,0.0002949999999999446
1986-11-20 23:00:00,0.0003499999999999441
1986-11-21 23:00:00,0.0003049999999999442
1986-11-24 23:00:00,0.00027999999999994696
1986-11-25 23:00:00,0.0002949999999999446
1986-11-26 23:00:00,0.00035499999999994564
1986-11-28 23:00:00,0.0004149999999999432
1986-12-01 23:00:00,0.00042499999999994625
1986-12-02 23:00:00,0.00040999999999994513
1986-12-03 23:00:00,0.00042499999999994625
1986-12-04 23:00:00,0.0004399999999999439
1986-12-05 23:00:00,0.0003749999999999448
1986-12-08 23:00:00,0.00034499999999994604
1986-12-09 23:00:00,0.00031999999999994533
1986-12-10 23:00:00,0.00030999999999994574
1986-12-11 23:00:00,0.00035499999999994564
1986-12-12 23:00:00,0.00036499999999994523
1986-12-15 23:00:00,0.00037999999999994635
1986-12-16 23:00:00,0.00036499999999994523
1986-12-17 23:00:00,0.00038999999999994595
1986-12-18 23:00:00,0.0003849999999999444
1986-12-19 23:00:00,0.000394999999999944
1986-12-22 23:00:00,0.0003749999999999448
1986-12-23 23:00:00,0.00036499999999994523
1986-12-24 23:00:00,0.0003849999999999444
1986-12-29 23:00:00,0.00040499999999994707
1986-12-30 23:00:00,0.00040499999999994707
1986-12-31 23:00:00,0.00042499999999994625
1987-01-02 23:00:00,0.00044499999999994544
1987-01-05 23:00:00,0.0005349999999999452
1987-01-06 23:00:00,0.0005099999999999445
1987-01-07 23:00:00,0.0004949999999999469
1987-01-08 23:00:00,0.0004849999999999473
1987-01-09 23:00:00,0.00047999999999994575
1987-01-12 23:00:00,0.0004849999999999473
1987-01-13 23:00:00,0.0004849999999999473
1987-01-14 23:00:00,0.0005199999999999441
1987-01-15 23:00:00,0.00044499999999994544
1987-01-16 23:00:00,0.00036999999999994676
1987-01-19 23:00:00,0.0003849999999999444
1987-01-20 23:00:00,0.0003299999999999449
1987-01-21 23:00:00,0.00038999999999994595
1987-01-22 23:00:00,0.00038999999999994595
1987-01-23 23:00:00,0.0003599999999999437
1987-01-26 23:00:00,0.00046999999999994616
1987-01-27 23:00:00,0.00045499999999994503
1987-01-28 23:00:00,0.0003849999999999444
1987-01-29 23:00:00,0.0004299999999999443
1987-01-30 23:00:00,0.0003499999999999441
1987-02-02 23:00:00,0.00036999999999994676
1987-02-03 23:00:00,0.000394999999999944
1987-02-04 23:00:00,0.00040499999999994707
1987-02-05 23:00:00,0.00039999999999994554
1987-02-06 23:00:00,0.00039999999999994554
1987-02-09 23:00:00,0.0004199999999999447
1987-02-10 23:00:00,0.0004299999999999443
1987-02-11 23:00:00,0.00042499999999994625
1987-02-12 23:00:00,0.00039999999999994554
1987-02-13 23:00:00,0.00038999999999994595
1987-02-17 23:00:00,0.00044999999999994697
1987-02-18 23:00:00,0.0005849999999999467
1987-02-19 23:00:00,0.0005849999999999467
1987-02-20 23:00:00,0.000624999999999945
1987-02-23 23:00:00,0.000564999999999944
1987-02-24 23:00:00,0.0005499999999999464
1987-02-25 23:00:00,0.000619999999999947
1987-02-26 23:00:00,0.000559999999999946
1987-02-27 23:00:00,0.0006149999999999455
1987-03-02 23:00:00,0.0005899999999999447
1987-03-03 23:00:00,0.0005899999999999447
1987-03-04 23:00:00,0.0005699999999999456
1987-03-05 23:00:00,0.0005949999999999463
1987-03-06 23:00:00,0.0005949999999999463
1987-03-09 23:00:00,0.000564999999999944
1987-03-10 23:00:00,0.0006149999999999455
1987-03-11 23:00:00,0.0006299999999999431
1987-03-12 23:00:00,0.0006599999999999454
1987-03-13 23:00:00,0.0006349999999999446
1987-03-16 23:00:00,0.0006099999999999439
1987-03-17 23:00:00,0.0006349999999999446
1987-03-18 23:00:00,0.0006299999999999431
1987-03-19 23:00:00,0.0006599999999999454
1987-03-20 23:00:00,0.0007199999999999464
1987-03-23 23:00:00,0.0007649999999999463
1987-03-24 23:00:00,0.0007449999999999436
1987-03-25 23:00:00,0.0007249999999999444
1987-03-26 23:00:00,0.0007049999999999453
1987-03-27 23:00:00,0.0007149999999999448
1987-03-30 23:00:00,0.0006799999999999445
1987-03-31 23:00:00,0.0005199999999999441
1987-04-01 23:00:00,0.0005049999999999465
1987-04-02 23:00:00,0.0005149999999999461
1987-04-03 23:00:00,0.0005049999999999465
1987-04-06 23:00:00,0.0005399999999999433
1987-04-07 23:00:00,0.0005049999999999465
1987-04-08 23:00:00,0.0004999999999999449
1987-04-09 23:00:00,0.0005149999999999461
1987-04-10 23:00:00,0.0005349999999999452
1987-04-13 23:00:00,0.0005299999999999437
1987-04-14 23:00:00,0.0005349999999999452
1987-04-15 23:00:00,0.000559999999999946
1987-04-16 23:00:00,0.0005949999999999463
1987-04-20 23:00:00,0.000624999999999945
1987-04-21 23:00:00,0.0006199999999999435
1987-04-22 23:00:00,0.0005099999999999445
1987-04-23 23:00:00,0.00045499999999994503
1987-04-24 23:00:00,0.0005099999999999445
1987-04-27 23:00:00,0.0004999999999999449
1987-04-28 23:00:00,0.0005099999999999445
1987-04-29 23:00:00,0.0004899999999999453
1987-04-30 23:00:00,0.0005199999999999441
1987-05-01 23:00:00,0.0005549999999999444
1987-05-04 23:00:00,0.0006649999999999434
1987-05-05 23:00:00,0.0007249999999999444
1987-05-06 23:00:00,0.0007799999999999439
1987-05-07 23:00:00,0.0008699999999999437
1987-05-08 23:00:00,0.0008799999999999433
1987-05-11 23:00:00,0.0010499999999999433
1987-05-12 23:00:00,0.0009999999999999454
1987-05-13 23:00:00,0.0009699999999999431
1987-05-14 23:00:00,0.0009849999999999443
1987-05-15 23:00:00,0.0010949999999999432
1987-05-18 23:00:00,0.0008499999999999445
1987-05-19 23:00:00,0.000904999999999944
1987-05-20 23:00:00,0.0009549999999999437
1987-05-21 23:00:00,0.0009649999999999416
1987-05-22 23:00:00,0.0009749999999999447
1987-05-26 23:00:00,0.0007949999999999451
1987-05-27 23:00:00,0.0008499999999999445
1987-05-28 23:00:00,0.0009149999999999436
1987-05-29 23:00:00,0.0008949999999999445
1987-06-01 23:00:00,0.0009949999999999438
1987-06-02 23:00:00,0.0012349999999999427
1987-06-03 23:00:00,0.0011449999999999447
1987-06-04 23:00:00,0.0012799999999999444
1987-06-05 23:00:00,0.0012099999999999438
1987-06-08 23:00:00,0.0012699999999999448
1987-06-09 23:00:00,0.001314999999999943
1987-06-10 23:00:00,0.0012699999999999448
1987-06-11 23:00:00,0.0014049999999999428
1987-06-12 23:00:00,0.0014049999999999428
1987-06-15 23:00:00,0.0014049999999999428
1987-06-16 23:00:00,0.0013849999999999418
1987-06-17 23:00:00,0.001339999999999942
1987-06-18 23:00:00,0.0013199999999999427
1987-06-19 23:00:00,0.0011949999999999426
1987-06-22 23:00:00,0.001169999999999942
1987-06-23 23:00:00,0.0012449999999999423
1987-06-24 23:00:00,0.0013349999999999421
1987-06-25 23:00:00,0.0015049999999999439
1987-06-26 23:00:00,0.0014999999999999424
1987-06-29 23:00:00,0.0014349999999999433
1987-06-30 23:00:00,0.0015349999999999427
1987-07-01 23:00:00,0.0016699999999999424
1987-07-02 23:00:00,0.0017749999999999416
1987-07-06 23:00:00,0.0018749999999999427
1987-07-07 23:00:00,0.0019049999999999432
1987-07-08 23:00:00,0.0018349999999999426
1987-07-09 23:00:00,0.0019249999999999424
1987-07-10 23:00:00,0.0018699999999999429
1987-07-13 23:00:00,0.0018399999999999424
1987-07-14 23:00:00,0.001719999999999942
1987-07-15 23:00:00,0.0015899999999999422
1987-07-16 23:00:00,0.001739999999999943
1987-07-17 23:00:00,0.0015849999999999424
1987-07-20 23:00:00,0.0016249999999999425
1987-07-21 23:00:00,0.0017249999999999419
1987-07-22 23:00:00,0.0018699999999999429
1987-07-23 23:00:00,0.0018999999999999434
1987-07-24 23:00:00,0.001929999999999944
1987-07-27 23:00:00,0.0018849999999999423
1987-07-28 23:00:00,0.0020749999999999415
1987-07-29 23:00:00,0.002059999999999944
1987-07-30 23:00:00,0.002189999999999942
1987-07-31 23:00:00,0.002204999999999943
1987-08-03 23:00:00,0.0021999999999999416
1987-08-04 23:00:00,0.0022249999999999423
1987-08-05 23:00:00,0.0021549999999999434
1987-08-06 23:00:00,0.0020749999999999415
1987-08-07 23:00:00,0.002119999999999943
1987-08-10 23:00:00,0.0022499999999999413
1987-08-11 23:00:00,0.0023299999999999432
1987-08-12 23:00:00,0.0022799999999999435
1987-08-13 23:00:00,0.002139999999999944
1987-08-14 23:00:00,0.0021949999999999435
1987-08-17 23:00:00,0.0022499999999999413
1987-08-18 23:00:00,0.002124999999999943
1987-08-19 23:00:00,0.0021149999999999416
1987-08-20 23:00:00,0.0020949999999999407
1987-08-21 23:00:00,0.0018549999999999435
1987-08-24 23:00:00,0.0019699999999999405
1987-08-25 23:00:00,0.001889999999999942
1987-08-26 23:00:00,0.001909999999999943
1987-08-27 23:00:00,0.001999999999999941
1987-08-28 23:00:00,0.0019199999999999409
1987-08-31 23:00:00,0.0020249999999999418
1987-09-01 23:00:00,0.0020099999999999424
1987-09-02 23:00:00,0.001934999999999942
1987-09-03 23:00:00,0.0019649999999999425
1987-09-04 23:00:00,0.0021049999999999437
1987-09-08 23:00:00,0.0024299999999999435
1987-09-09 23:00:00,0.002359999999999943
1987-09-10 23:00:00,0.002484999999999943
1987-09-11 23:00:00,0.0025349999999999427
1987-09-14 23:00:00,0.0024999999999999424
1987-09-15 23:00:00,0.0024349999999999416
1987-09-16 23:00:00,0.002589999999999942
1987-09-17 23:00:00,0.002734999999999943
1987-09-18 23:00:00,0.0026849999999999418
1987-09-21 23:00:00,0.0026299999999999423
1987-09-22 23:00:00,0.0025349999999999427
1987-09-23 23:00:00,0.002634999999999942
1987-09-24 23:00:00,0.0025999999999999418
1987-09-25 23:00:00,0.0026899999999999416
1987-09-28 23:00:00,0.0026699999999999424
1987-09-29 23:00:00,0.0026299999999999423
1987-09-30 23:00:00,0.002489999999999941
1987-10-01 23:00:00,0.002469999999999942
1987-10-02 23:00:00,0.0026649999999999426
1987-10-05 23:00:00,0.002844999999999942
1987-10-06 23:00:00,0.0028149999999999417
1987-10-07 23:00:00,0.002854999999999942
1987-10-08 23:00:00,0.0028999999999999417
1987-10-09 23:00:00,0.0030049999999999426
1987-10-12 23:00:00,0.003084999999999943
1987-10-13 23:00:00,0.003039999999999943
1987-10-14 23:00:00,0.0031649999999999413
1987-10-15 23:00:00,0.0032499999999999413
1987-10-16 23:00:00,0.0033049999999999425
1987-10-19 23:00:00,0.0029699999999999423
1987-10-20 23:00:00,0.001974999999999942
1987-10-21 23:00:00,0.002314999999999942
1987-10-22 23:00:00,0.002504999999999942
1987-10-23 23:00:00,0.0026849999999999418
1987-10-26 23:00:00,0.0024099999999999426
1987-10-27 23:00:00,0.0025399999999999425
1987-10-28 23:00:00,0.002614999999999943
1987-10-29 23:00:00,0.002479999999999943
1987-10-30 23:00:00,0.0027299999999999434
1987-11-02 23:00:00,0.0031199999999999414
1987-11-03 23:00:00,0.0030749999999999415
1987-11-04 23:00:00,0.0034399999999999422
1987-11-05 23:00:00,0.0035049999999999413
1987-11-06 23:00:00,0.004064999999999943
1987-11-09 23:00:00,0.003984999999999943
1987-11-10 23:00:00,0.004754999999999942
1987-11-11 23:00:00,0.004924999999999941
1987-11-12 23:00:00,0.0047349999999999415
1987-11-13 23:00:00,0.004774999999999942
1987-11-16 23:00:00,0.004344999999999942
1987-11-17 23:00:00,0.004429999999999942
1987-11-18 23:00:00,0.004794999999999941
1987-11-19 23:00:00,0.004974999999999942
1987-11-20 23:00:00,0.0049049999999999415
1987-11-23 23:00:00,0.005184999999999942
1987-11-24 23:00:00,0.0055249999999999405
1987-11-25 23:00:00,0.006094999999999943
1987-11-27 23:00:00,0.006039999999999942
1987-11-30 23:00:00,0.0054149999999999416
1987-12-01 23:00:00,0.005864999999999941
1987-12-02 23:00:00,0.005604999999999941
1987-12-03 23:00:00,0.005389999999999943
1987-12-04 23:00:00,0.004809999999999944
1987-12-07 23:00:00,0.005614999999999942
1987-12-08 23:00:00,0.005804999999999941
1987-12-09 23:00:00,0.005584999999999943
1987-12-10 23:00:00,0.005984999999999944
1987-12-11 23:00:00,0.0061149999999999425
1987-12-14 23:00:00,0.006044999999999942
1987-12-15 23:00:00,0.005944999999999941
1987-12-16 23:00:00,0.006144999999999941
1987-12-17 23:00:00,0.006314999999999943
1987-12-18 23:00:00,0.006574999999999941
1987-12-21 23:00:00,0.006984999999999942
1987-12-22 23:00:00,0.007004999999999943
1987-12-23 23:00:00,0.006914999999999943
1987-12-24 23:00:00,0.0073749999999999415
1987-12-28 23:00:00,0.007254999999999941
1987-12-29 23:00:00,0.007494999999999942
1987-12-30 23:00:00,0.007554999999999941
1987-12-31 23:00:00,0.007934999999999942
1988-01-04 23:00:00,0.007744999999999944
1988-01-05 23:00:00,0.007484999999999942
1988-01-06 23:00:00,0.007024999999999942
1988-01-07 23:00:00,0.006774999999999942
1988-01-08 23:00:00,0.006804999999999942
1988-01-11 23:00:00,0.007164999999999943
1988-01-12 23:00:00,0.006909999999999941
1988-01-13 23:00:00,0.006079999999999942
1988-01-14 23:00:00,0.005974999999999943
1988-01-15 23:00:00,0.006094999999999943
1988-01-18 23:00:00,0.006624999999999943
1988-01-19 23:00:00,0.00647499999999994
1988-01-20 23:00:00,0.005594999999999943
1988-01-21 23:00:00,0.0055249999999999405
1988-01-22 23:00:00,0.006004999999999942
1988-01-25 23:00:00,0.005224999999999941
1988-01-26 23:00:00,0.0055249999999999405
1988-01-27 23:00:00,0.0048149999999999435
1988-01-28 23:00:00,0.005004999999999941
1988-01-29 23:00:00,0.004769999999999942
1988-02-01 23:00:00,0.004194999999999943
1988-02-02 23:00:00,0.004329999999999942
1988-02-03 23:00:00,0.004579999999999943
1988-02-04 23:00:00,0.004799999999999942
1988-02-05 23:00:00,0.004734999999999943
1988-02-08 23:00:00,0.004774999999999942
1988-02-09 23:00:00,0.0049049999999999415
1988-02-10 23:00:00,0.005364999999999944
1988-02-11 23:00:00,0.005294999999999941
1988-02-12 23:00:00,0.005479999999999942
1988-02-16 23:00:00,0.0057749999999999425
1988-02-17 23:00:00,0.005724999999999943
1988-02-18 23:00:00,0.005274999999999944
1988-02-19 23:00:00,0.0049649999999999425
1988-02-22 23:00:00,0.0047349999999999415
1988-02-23 23:00:00,0.004584999999999942
1988-02-24 23:00:00,0.004804999999999942
1988-02-25 23:00:00,0.0048549999999999436
1988-02-26 23:00:00,0.004244999999999944
1988-02-29 23:00:00,0.004404999999999943
1988-03-01 23:00:00,0.004594999999999942
1988-03-02 23:00:00,0.0047699999999999436
1988-03-03 23:00:00,0.004889999999999944
1988-03-04 23:00:00,0.0050949999999999425
1988-03-07 23:00:00,0.005169999999999943
1988-03-08 23:00:00,0.004874999999999943
1988-03-09 23:00:00,0.005499999999999943
1988-03-10 23:00:00,0.005589999999999943
1988-03-11 23:00:00,0.005564999999999944
1988-03-14 23:00:00,0.005549999999999943
1988-03-15 23:00:00,0.005224999999999942
1988-03-16 23:00:00,0.005529999999999942
1988-03-17 23:00:00,0.0054599999999999415
1988-03-18 23:00:00,0.005424999999999943
1988-03-21 23:00:00,0.005274999999999944
1988-03-22 23:00:00,0.0053749999999999415
1988-03-23 23:00:00,0.005644999999999944
1988-03-24 23:00:00,0.006164999999999944
1988-03-25 23:00:00,0.006079999999999942
1988-03-28 23:00:00,0.005824999999999944
1988-03-29 23:00:00,0.006099999999999941
1988-03-30 23:00:00,0.006374999999999942
1988-03-31 23:00:00,0.006304999999999942
1988-04-04 23:00:00,0.0064499999999999445
1988-04-05 23:00:00,0.006374999999999942
1988-04-06 23:00:00,0.006149999999999943
1988-04-07 23:00:00,0.006404999999999941
1988-04-08 23:00:00,0.006214999999999944
1988-04-11 23:00:00,0.005794999999999942
1988-04-12 23:00:00,0.005339999999999945
1988-04-13 23:00:00,0.005069999999999942
1988-04-14 23:00:00,0.005369999999999943
1988-04-15 23:00:00,0.0055199999999999425
1988-04-18 23:00:00,0.005369999999999943
1988-04-19 23:00:00,0.005319999999999944
1988-04-20 23:00:00,0.005119999999999943
1988-04-21 23:00:00,0.0051799999999999425
1988-04-22 23:00:00,0.005269999999999942
1988-04-25 23:00:00,0.005014999999999942
1988-04-26 23:00:00,0.004864999999999941
1988-04-27 23:00:00,0.005119999999999943
1988-04-28 23:00:00,0.005039999999999943
1988-04-29 23:00:00,0.005249999999999943
1988-05-02 23:00:00,0.005209999999999943
1988-05-03 23:00:00,0.005319999999999944
1988-05-04 23:00:00,0.005514999999999943
1988-05-05 23:00:00,0.0053499999999999425
1988-05-06 23:00:00,0.0054949999999999435
1988-05-09 23:00:00,0.005744999999999944
1988-05-10 23:00:00,0.005829999999999944
1988-05-11 23:00:00,0.005719999999999943
1988-05-12 23:00:00,0.005929999999999943
1988-05-13 23:00:00,0.005924999999999943
1988-05-16 23:00:00,0.005709999999999942
1988-05-17 23:00:00,0.005869999999999944
1988-05-18 23:00:00,0.005804999999999943
1988-05-19 23:00:00,0.005824999999999942
1988-05-20 23:00:00,0.0058599999999999425
1988-05-23 23:00:00,0.0056649999999999435
1988-05-24 23:00:00,0.005254999999999943
1988-05-25 23:00:00,0.005234999999999942
1988-05-26 23:00:00,0.005339999999999941
1988-05-27 23:00:00,0.005144999999999944
1988-05-31 23:00:00,0.0054099999999999435
1988-06-01 23:00:00,0.005634999999999943
1988-06-02 23:00:00,0.006454999999999944
1988-06-03 23:00:00,0.006649999999999945
1988-06-06 23:00:00,0.006479999999999943
1988-06-07 23:00:00,0.006929999999999942
1988-06-08 23:00:00,0.006794999999999944
1988-06-09 23:00:00,0.007029999999999942
1988-06-10 23:00:00,0.007189999999999942
1988-06-13 23:00:00,0.007044999999999943
1988-06-14 23:00:00,0.006664999999999943
1988-06-15 23:00:00,0.006769999999999944
1988-06-16 23:00:00,0.006659999999999943
1988-06-17 23:00:00,0.0066199999999999445
1988-06-20 23:00:00,0.0065849999999999425
1988-06-21 23:00:00,0.007114999999999945
1988-06-22 23:00:00,0.007279999999999942
1988-06-23 23:00:00,0.007109999999999944
1988-06-24 23:00:00,0.006649999999999943
1988-06-27 23:00:00,0.006769999999999944
1988-06-28 23:00:00,0.006949999999999943
1988-06-29 23:00:00,0.0068999999999999435
1988-06-30 23:00:00,0.006749999999999943
1988-07-01 23:00:00,0.006289999999999944
1988-07-05 23:00:00,0.006459999999999942
1988-07-06 23:00:00,0.006499999999999944
1988-07-07 23:00:00,0.0066199999999999445
1988-07-08 23:00:00,0.006614999999999943
1988-07-11 23:00:00,0.006319999999999945
1988-07-12 23:00:00,0.0060899999999999435
1988-07-13 23:00:00,0.006349999999999943
1988-07-14 23:00:00,0.0064499999999999445
1988-07-15 23:00:00,0.006204999999999942
1988-07-18 23:00:00,0.0062199999999999435
1988-07-19 23:00:00,0.006664999999999943
1988-07-20 23:00:00,0.006879999999999943
1988-07-21 23:00:00,0.006739999999999945
1988-07-22 23:00:00,0.006819999999999945
1988-07-25 23:00:00,0.006594999999999944
1988-07-26 23:00:00,0.006349999999999943
1988-07-27 23:00:00,0.006444999999999943
1988-07-28 23:00:00,0.006339999999999944
1988-07-29 23:00:00,0.006249999999999944
1988-08-01 23:00:00,0.005994999999999944
1988-08-02 23:00:00,0.0059199999999999435
1988-08-03 23:00:00,0.006074999999999942
1988-08-04 23:00:00,0.006289999999999944
1988-08-05 23:00:00,0.006369999999999944
1988-08-08 23:00:00,0.006149999999999943
1988-08-09 23:00:00,0.006039999999999944
1988-08-10 23:00:00,0.006109999999999943
1988-08-11 23:00:00,0.006484999999999943
1988-08-12 23:00:00,0.006349999999999943
1988-08-15 23:00:00,0.006369999999999944
1988-08-16 23:00:00,0.006314999999999945
1988-08-17 23:00:00,0.006379999999999942
1988-08-18 23:00:00,0.0067349999999999416
1988-08-19 23:00:00,0.006784999999999943
1988-08-22 23:00:00,0.007054999999999942
1988-08-23 23:00:00,0.007029999999999942
1988-08-24 23:00:00,0.007104999999999942
1988-08-25 23:00:00,0.007194999999999942
1988-08-26 23:00:00,0.007304999999999943
1988-08-29 23:00:00,0.007249999999999941
1988-08-30 23:00:00,0.0071799999999999425
1988-08-31 23:00:00,0.007329999999999942
1988-09-01 23:00:00,0.007109999999999942
1988-09-02 23:00:00,0.007079999999999941
1988-09-06 23:00:00,0.007149999999999944
1988-09-07 23:00:00,0.007164999999999941
1988-09-08 23:00:00,0.007239999999999942
1988-09-09 23:00:00,0.007364999999999944
1988-09-12 23:00:00,0.007429999999999943
1988-09-13 23:00:00,0.007619999999999944
1988-09-14 23:00:00,0.0075999999999999445
1988-09-15 23:00:00,0.007694999999999942
1988-09-16 23:00:00,0.007629999999999943
1988-09-19 23:00:00,0.007559999999999941
1988-09-20 23:00:00,0.007589999999999943
1988-09-21 23:00:00,0.007329999999999942
1988-09-22 23:00:00,0.0076249999999999435
1988-09-23 23:00:00,0.007899999999999942
1988-09-26 23:00:00,0.00788499999999994
1988-09-27 23:00:00,0.00805499999999994
1988-09-28 23:00:00,0.007934999999999942
1988-09-29 23:00:00,0.008174999999999943
1988-09-30 23:00:00,0.00818999999999994
1988-10-03 23:00:00,0.008144999999999944
1988-10-04 23:00:00,0.008224999999999944
1988-10-05 23:00:00,0.008319999999999942
1988-10-06 23:00:00,0.008569999999999942
1988-10-07 23:00:00,0.008744999999999944
1988-10-10 23:00:00,0.009089999999999942
1988-10-11 23:00:00,0.009239999999999943
1988-10-12 23:00:00,0.009259999999999942
1988-10-13 23:00:00,0.009189999999999941
1988-10-14 23:00:00,0.009764999999999944
1988-10-17 23:00:00,0.009689999999999942
1988-10-18 23:00:00,0.010009999999999943
1988-10-19 23:00:00,0.010564999999999942
1988-10-20 23:00:00,0.010829999999999944
1988-10-21 23:00:00,0.010854999999999941
1988-10-24 23:00:00,0.010554999999999943
1988-10-25 23:00:00,0.010669999999999943
1988-10-26 23:00:00,0.010329999999999943
1988-10-27 23:00:00,0.010494999999999942
1988-10-28 23:00:00,0.011199999999999943
1988-10-31 23:00:00,0.011344999999999942
1988-11-01 23:00:00,0.011419999999999944
1988-11-02 23:00:00,0.011859999999999944
1988-11-03 23:00:00,0.011549999999999942
1988-11-04 23:00:00,0.01142999999999994
1988-11-07 23:00:00,0.011119999999999942
1988-11-08 23:00:00,0.011459999999999942
1988-11-09 23:00:00,0.011789999999999943
1988-11-10 23:00:00,0.010904999999999943
1988-11-11 23:00:00,0.01073999999999994
1988-11-14 23:00:00,0.010829999999999944
1988-11-15 23:00:00,0.010219999999999944
1988-11-16 23:00:00,0.010029999999999942
1988-11-17 23:00:00,0.010429999999999943
1988-11-18 23:00:00,0.01065999999999994
1988-11-21 23:00:00,0.010619999999999942
1988-11-22 23:00:00,0.01125999999999994
1988-11-23 23:00:00,0.012079999999999941
1988-11-28 23:00:00,0.012209999999999945
1988-11-29 23:00:00,0.012279999999999942
1988-11-30 23:00:00,0.012279999999999942
1988-12-01 23:00:00,0.012419999999999943
1988-12-02 23:00:00,0.01214999999999994
1988-12-05 23:00:00,0.012269999999999942
1988-12-06 23:00:00,0.012339999999999943
1988-12-07 23:00:00,0.012709999999999945
1988-12-08 23:00:00,0.012979999999999945
1988-12-09 23:00:00,0.012889999999999941
1988-12-12 23:00:00,0.01249999999999994
1988-12-13 23:00:00,0.011879999999999943
1988-12-14 23:00:00,0.012299999999999941
1988-12-15 23:00:00,0.01214999999999994
1988-12-16 23:00:00,0.011919999999999941
1988-12-19 23:00:00,0.012439999999999942
1988-12-20 23:00:00,0.012579999999999944
1988-12-21 23:00:00,0.012539999999999942
1988-12-22 23:00:00,0.012589999999999943
1988-12-23 23:00:00,0.012909999999999944
1988-12-27 23:00:00,0.012794999999999944
1988-12-28 23:00:00,0.012669999999999943
1988-12-29 23:00:00,0.012699999999999942
1988-12-30 23:00:00,0.012529999999999942
1989-01-03 23:00:00,0.01264999999999994
1989-01-04 23:00:00,0.013239999999999941
1989-01-05 23:00:00,0.01307999999999994
1989-01-06 23:00:00,0.012579999999999944
1989-01-09 23:00:00,0.01245499999999994
1989-01-10 23:00:00,0.012449999999999942
1989-01-11 23:00:00,0.012434999999999944
1989-01-12 23:00:00,0.012769999999999943
1989-01-13 23:00:00,0.013289999999999942
1989-01-16 23:00:00,0.013784999999999945
1989-01-17 23:00:00,0.013859999999999944
1989-01-18 23:00:00,0.013664999999999943
1989-01-19 23:00:00,0.01367999999999994
1989-01-20 23:00:00,0.013744999999999943
1989-01-23 23:00:00,0.013934999999999942
1989-01-24 23:00:00,0.013784999999999945
1989-01-25 23:00:00,0.013489999999999941
1989-01-26 23:00:00,0.013394999999999943
1989-01-27 23:00:00,0.013704999999999941
1989-01-30 23:00:00,0.01322499999999994
1989-01-31 23:00:00,0.013269999999999943
1989-02-01 23:00:00,0.012609999999999946
1989-02-02 23:00:00,0.012464999999999943
1989-02-03 23:00:00,0.01221499999999994
1989-02-06 23:00:00,0.011994999999999943
1989-02-07 23:00:00,0.012129999999999943
1989-02-08 23:00:00,0.012379999999999941
1989-02-09 23:00:00,0.012354999999999944
1989-02-10 23:00:00,0.012049999999999943
1989-02-13 23:00:00,0.011579999999999941
1989-02-14 23:00:00,0.011359999999999943
1989-02-15 23:00:00,0.011489999999999941
1989-02-16 23:00:00,0.01166999999999994
1989-02-17 23:00:00,0.011559999999999942
1989-02-21 23:00:00,0.012219999999999941
1989-02-22 23:00:00,0.01254499999999994
1989-02-23 23:00:00,0.01257999999999994
1989-02-24 23:00:00,0.012379999999999941
1989-02-27 23:00:00,0.01259999999999994
1989-02-28 23:00:00,0.012739999999999937
1989-03-01 23:00:00,0.013349999999999944
1989-03-02 23:00:00,0.013619999999999943
1989-03-03 23:00:00,0.013989999999999938
1989-03-06 23:00:00,0.013819999999999938
1989-03-07 23:00:00,0.01401999999999994
1989-03-08 23:00:00,0.013659999999999941
1989-03-09 23:00:00,0.013469999999999942
1989-03-10 23:00:00,0.01375999999999994
1989-03-13 23:00:00,0.013249999999999944
1989-03-14 23:00:00,0.013449999999999943
1989-03-15 23:00:00,0.01316999999999994
1989-03-16 23:00:00,0.012979999999999941
1989-03-17 23:00:00,0.013309999999999942
1989-03-20 23:00:00,0.01295499999999994
1989-03-21 23:00:00,0.01309999999999994
1989-03-22 23:00:00,0.013129999999999939
1989-03-23 23:00:00,0.013049999999999942
1989-03-27 23:00:00,0.013389999999999942
1989-03-28 23:00:00,0.013359999999999943
1989-03-29 23:00:00,0.01325999999999994
1989-03-30 23:00:00,0.012859999999999943
1989-03-31 23:00:00,0.012879999999999942
1989-04-03 23:00:00,0.01230999999999994
1989-04-04 23:00:00,0.012439999999999939
1989-04-05 23:00:00,0.012529999999999939
1989-04-06 23:00:00,0.012609999999999942
1989-04-07 23:00:00,0.012899999999999941
1989-04-10 23:00:00,0.01365499999999994
1989-04-11 23:00:00,0.013619999999999943
1989-04-12 23:00:00,0.013839999999999941
1989-04-13 23:00:00,0.013719999999999939
1989-04-14 23:00:00,0.014074999999999943
1989-04-17 23:00:00,0.01380499999999994
1989-04-18 23:00:00,0.013739999999999938
1989-04-19 23:00:00,0.013569999999999938
1989-04-20 23:00:00,0.013539999999999936
1989-04-21 23:00:00,0.013614999999999938
1989-04-24 23:00:00,0.01387999999999994
1989-04-25 23:00:00,0.01395999999999994
1989-04-26 23:00:00,0.01395999999999994
1989-04-27 23:00:00,0.013929999999999937
1989-04-28 23:00:00,0.01377999999999994
1989-05-01 23:00:00,0.013649999999999942
1989-05-02 23:00:00,0.01315999999999994
1989-05-03 23:00:00,0.013119999999999939
1989-05-04 23:00:00,0.013219999999999938
1989-05-05 23:00:00,0.012949999999999939
1989-05-08 23:00:00,0.01257999999999994
1989-05-09 23:00:00,0.012629999999999938
1989-05-10 23:00:00,0.01266999999999994
1989-05-11 23:00:00,0.012819999999999937
1989-05-12 23:00:00,0.01268999999999994
1989-05-15 23:00:00,0.012194999999999939
1989-05-16 23:00:00,0.01193999999999994
1989-05-17 23:00:00,0.01218999999999994
1989-05-18 23:00:00,0.012079999999999938
1989-05-19 23:00:00,0.012279999999999939
1989-05-22 23:00:00,0.011674999999999939
1989-05-23 23:00:00,0.011479999999999938
1989-05-24 23:00:00,0.01141999999999994
1989-05-25 23:00:00,0.01144999999999994
1989-05-26 23:00:00,0.01161999999999994
1989-05-30 23:00:00,0.01186999999999994
1989-05-31 23:00:00,0.011854999999999939
1989-06-01 23:00:00,0.01152999999999994
1989-06-02 23:00:00,0.011569999999999938
1989-06-05 23:00:00,0.011139999999999938
1989-06-06 23:00:00,0.011149999999999938
1989-06-07 23:00:00,0.01138499999999994
1989-06-08 23:00:00,0.01163499999999994
1989-06-09 23:00:00,0.011524999999999938
1989-06-12 23:00:00,0.011284999999999937
1989-06-13 23:00:00,0.01135999999999994
1989-06-14 23:00:00,0.01149999999999994
1989-06-15 23:00:00,0.01149499999999994
1989-06-16 23:00:00,0.011844999999999939
1989-06-19 23:00:00,0.012054999999999937
1989-06-20 23:00:00,0.011999999999999938
1989-06-21 23:00:00,0.011244999999999939
1989-06-22 23:00:00,0.011284999999999937
1989-06-23 23:00:00,0.011474999999999937
1989-06-26 23:00:00,0.011294999999999937
1989-06-27 23:00:00,0.011244999999999939
1989-06-28 23:00:00,0.01130499999999994
1989-06-29 23:00:00,0.011274999999999938
1989-06-30 23:00:00,0.01103499999999994
1989-07-03 23:00:00,0.01068999999999994
1989-07-05 23:00:00,0.01072499999999994
1989-07-06 23:00:00,0.010524999999999937
1989-07-07 23:00:00,0.010904999999999939
1989-07-10 23:00:00,0.01080499999999994
1989-07-11 23:00:00,0.01081499999999994
1989-07-12 23:00:00,0.011164999999999939
1989-07-13 23:00:00,0.01101999999999994
1989-07-14 23:00:00,0.01115499999999994
1989-07-17 23:00:00,0.011204999999999937
1989-07-18 23:00:00,0.01154499999999994
1989-07-19 23:00:00,0.01157499999999994
1989-07-20 23:00:00,0.011514999999999938
1989-07-21 23:00:00,0.011434999999999942
1989-07-24 23:00:00,0.011904999999999936
1989-07-25 23:00:00,0.011899999999999938
1989-07-26 23:00:00,0.011799999999999939
1989-07-27 23:00:00,0.011864999999999938
1989-07-28 23:00:00,0.011584999999999939
1989-07-31 23:00:00,0.011794999999999937
1989-08-01 23:00:00,0.01182499999999994
1989-08-02 23:00:00,0.011954999999999938
1989-08-03 23:00:00,0.011909999999999938
1989-08-04 23:00:00,0.011924999999999936
1989-08-07 23:00:00,0.011699999999999936
1989-08-08 23:00:00,0.01165499999999994
1989-08-09 23:00:00,0.011714999999999937
1989-08-10 23:00:00,0.01186999999999994
1989-08-11 23:00:00,0.012344999999999938
1989-08-14 23:00:00,0.01264499999999994
1989-08-15 23:00:00,0.01279499999999994
1989-08-16 23:00:00,0.012829999999999937
1989-08-17 23:00:00,0.013269999999999936
1989-08-18 23:00:00,0.013119999999999936
1989-08-21 23:00:00,0.013184999999999938
1989-08-22 23:00:00,0.013204999999999937
1989-08-23 23:00:00,0.013459999999999936
1989-08-24 23:00:00,0.013719999999999939
1989-08-25 23:00:00,0.014189999999999937
1989-08-28 23:00:00,0.01410999999999994
1989-08-29 23:00:00,0.013394999999999936
1989-08-30 23:00:00,0.013579999999999938
1989-08-31 23:00:00,0.013914999999999936
1989-09-01 23:00:00,0.013659999999999938
1989-09-05 23:00:00,0.013469999999999939
1989-09-06 23:00:00,0.013174999999999938
1989-09-07 23:00:00,0.013499999999999937
1989-09-08 23:00:00,0.013279999999999936
1989-09-11 23:00:00,0.013579999999999938
1989-09-12 23:00:00,0.013589999999999937
1989-09-13 23:00:00,0.013739999999999938
1989-09-14 23:00:00,0.013889999999999935
1989-09-15 23:00:00,0.013694999999999938
1989-09-18 23:00:00,0.01378999999999994
1989-09-19 23:00:00,0.013614999999999938
1989-09-20 23:00:00,0.013689999999999937
1989-09-21 23:00:00,0.013669999999999937
1989-09-22 23:00:00,0.013559999999999938
1989-09-25 23:00:00,0.013299999999999935
1989-09-26 23:00:00,0.012989999999999937
1989-09-27 23:00:00,0.013139999999999938
1989-09-28 23:00:00,0.013094999999999938
1989-09-29 23:00:00,0.013309999999999938
1989-10-02 23:00:00,0.013694999999999938
1989-10-03 23:00:00,0.013614999999999938
1989-10-04 23:00:00,0.013779999999999936
1989-10-05 23:00:00,0.013884999999999937
1989-10-06 23:00:00,0.014159999999999938
1989-10-09 23:00:00,0.014179999999999937
1989-10-10 23:00:00,0.01382499999999994
1989-10-11 23:00:00,0.013879999999999936
1989-10-12 23:00:00,0.014054999999999937
1989-10-13 23:00:00,0.014069999999999935
1989-10-16 23:00:00,0.013764999999999935
1989-10-17 23:00:00,0.013849999999999937
1989-10-18 23:00:00,0.013664999999999936
1989-10-19 23:00:00,0.013814999999999937
1989-10-20 23:00:00,0.013364999999999938
1989-10-23 23:00:00,0.012979999999999938
1989-10-24 23:00:00,0.012529999999999939
1989-10-25 23:00:00,0.012574999999999935
1989-10-26 23:00:00,0.012439999999999939
1989-10-27 23:00:00,0.012599999999999936
1989-10-30 23:00:00,0.012299999999999934
1989-10-31 23:00:00,0.01241999999999994
1989-11-01 23:00:00,0.012669999999999937
1989-11-02 23:00:00,0.012359999999999939
1989-11-03 23:00:00,0.012269999999999935
1989-11-06 23:00:00,0.011979999999999935
1989-11-07 23:00:00,0.012134999999999938
1989-11-08 23:00:00,0.012424999999999938
1989-11-09 23:00:00,0.012539999999999938
1989-11-10 23:00:00,0.012469999999999938
1989-11-13 23:00:00,0.012689999999999936
1989-11-14 23:00:00,0.012299999999999934
1989-11-15 23:00:00,0.012234999999999939
1989-11-16 23:00:00,0.012159999999999936
1989-11-17 23:00:00,0.011699999999999936
1989-11-20 23:00:00,0.011509999999999937
1989-11-21 23:00:00,0.011679999999999937
1989-11-22 23:00:00,0.011549999999999939
1989-11-24 23:00:00,0.011609999999999936
1989-11-27 23:00:00,0.011809999999999939
1989-11-28 23:00:00,0.011844999999999939
1989-11-29 23:00:00,0.01183999999999994
1989-11-30 23:00:00,0.011889999999999939
1989-12-01 23:00:00,0.011549999999999939
1989-12-04 23:00:00,0.011484999999999936
1989-12-05 23:00:00,0.011349999999999937
1989-12-06 23:00:00,0.011434999999999938
1989-12-07 23:00:00,0.011459999999999936
1989-12-08 23:00:00,0.011434999999999938
1989-12-11 23:00:00,0.01141999999999994
1989-12-12 23:00:00,0.011229999999999938
1989-12-13 23:00:00,0.011589999999999937
1989-12-14 23:00:00,0.011424999999999939
1989-12-15 23:00:00,0.011599999999999937
1989-12-18 23:00:00,0.011429999999999937
1989-12-19 23:00:00,0.011489999999999938
1989-12-20 23:00:00,0.01151999999999994
1989-12-21 23:00:00,0.011574999999999936
1989-12-22 23:00:00,0.011699999999999936
1989-12-26 23:00:00,0.011764999999999939
1989-12-27 23:00:00,0.011624999999999937
1989-12-28 23:00:00,0.011659999999999938
1989-12-29 23:00:00,0.011689999999999937
1990-01-02 23:00:00,0.011669999999999937
1990-01-03 23:00:00,0.012014999999999939
1990-01-04 23:00:00,0.011904999999999936
1990-01-05 23:00:00,0.011999999999999938
1990-01-08 23:00:00,0.012184999999999935
1990-01-09 23:00:00,0.012069999999999938
1990-01-10 23:00:00,0.011859999999999937
1990-01-11 23:00:00,0.011969999999999939
1990-01-12 23:00:00,0.011639999999999939
1990-01-15 23:00:00,0.01144999999999994
1990-01-16 23:00:00,0.011499999999999937
1990-01-17 23:00:00,0.01144999999999994
1990-01-18 23:00:00,0.011284999999999937
1990-01-19 23:00:00,0.010979999999999938
1990-01-22 23:00:00,0.010924999999999938
1990-01-23 23:00:00,0.010794999999999937
1990-01-24 23:00:00,0.010709999999999938
1990-01-25 23:00:00,0.010819999999999937
1990-01-26 23:00:00,0.010884999999999936
1990-01-29 23:00:00,0.01072499999999994
1990-01-30 23:00:00,0.01061499999999994
1990-01-31 23:00:00,0.010909999999999937
1990-02-01 23:00:00,0.010819999999999937
1990-02-02 23:00:00,0.011054999999999936
1990-02-05 23:00:00,0.01091999999999994
1990-02-06 23:00:00,0.010969999999999938
1990-02-07 23:00:00,0.011054999999999936
1990-02-08 23:00:00,0.011024999999999938
1990-02-09 23:00:00,0.011174999999999938
1990-02-12 23:00:00,0.011039999999999939
1990-02-13 23:00:00,0.011469999999999939
1990-02-14 23:00:00,0.011619999999999936
1990-02-15 23:00:00,0.011744999999999936
1990-02-16 23:00:00,0.011984999999999937
1990-02-20 23:00:00,0.012129999999999936
1990-02-21 23:00:00,0.012219999999999938
1990-02-22 23:00:00,0.012199999999999938
1990-02-23 23:00:00,0.012149999999999937
1990-02-26 23:00:00,0.012104999999999939
1990-02-27 23:00:00,0.01207499999999994
1990-02-28 23:00:00,0.012224999999999936
1990-03-01 23:00:00,0.012319999999999937
1990-03-02 23:00:00,0.012769999999999936
1990-03-05 23:00:00,0.013079999999999937
1990-03-06 23:00:00,0.012934999999999938
1990-03-07 23:00:00,0.012864999999999937
1990-03-08 23:00:00,0.012989999999999937
1990-03-09 23:00:00,0.012949999999999939
1990-03-12 23:00:00,0.012894999999999936
1990-03-13 23:00:00,0.012669999999999937
1990-03-14 23:00:00,0.013139999999999938
1990-03-15 23:00:00,0.013354999999999938
1990-03-16 23:00:00,0.013374999999999937
1990-03-19 23:00:00,0.013309999999999938
1990-03-20 23:00:00,0.013129999999999939
1990-03-21 23:00:00,0.013519999999999937
1990-03-22 23:00:00,0.013209999999999939
1990-03-23 23:00:00,0.013189999999999936
1990-03-26 23:00:00,0.012869999999999939
1990-03-27 23:00:00,0.012624999999999937
1990-03-28 23:00:00,0.013049999999999938
1990-03-29 23:00:00,0.013189999999999936
1990-03-30 23:00:00,0.013639999999999939
1990-04-02 23:00:00,0.013489999999999938
1990-04-03 23:00:00,0.013884999999999937
1990-04-04 23:00:00,0.013414999999999936
1990-04-05 23:00:00,0.013289999999999939
1990-04-06 23:00:00,0.013509999999999937
1990-04-09 23:00:00,0.013069999999999938
1990-04-10 23:00:00,0.013334999999999939
1990-04-11 23:00:00,0.013209999999999939
1990-04-12 23:00:00,0.013084999999999935
1990-04-16 23:00:00,0.013049999999999938
1990-04-17 23:00:00,0.013069999999999938
1990-04-18 23:00:00,0.013089999999999937
1990-04-19 23:00:00,0.013129999999999939
1990-04-20 23:00:00,0.012769999999999936
1990-04-23 23:00:00,0.012689999999999936
1990-04-24 23:00:00,0.012969999999999938
1990-04-25 23:00:00,0.013229999999999938
1990-04-26 23:00:00,0.013329999999999937
1990-04-27 23:00:00,0.013279999999999936
1990-04-30 23:00:00,0.01300999999999994
1990-05-01 23:00:00,0.013449999999999936
1990-05-02 23:00:00,0.013334999999999939
1990-05-03 23:00:00,0.013279999999999936
1990-05-04 23:00:00,0.013244999999999939
1990-05-07 23:00:00,0.013084999999999939
1990-05-08 23:00:00,0.013334999999999939
1990-05-09 23:00:00,0.013869999999999936
1990-05-10 23:00:00,0.01395999999999994
1990-05-11 23:00:00,0.013884999999999937
1990-05-14 23:00:00,0.01361999999999994
1990-05-15 23:00:00,0.013529999999999936
1990-05-16 23:00:00,0.013559999999999938
1990-05-17 23:00:00,0.013609999999999936
1990-05-18 23:00:00,0.013604999999999938
1990-05-21 23:00:00,0.013464999999999937
1990-05-22 23:00:00,0.013734999999999936
1990-05-23 23:00:00,0.013624999999999938
1990-05-24 23:00:00,0.013774999999999938
1990-05-25 23:00:00,0.013644999999999937
1990-05-29 23:00:00,0.013369999999999936
1990-05-30 23:00:00,0.013269999999999936
1990-05-31 23:00:00,0.013204999999999937
1990-06-01 23:00:00,0.013299999999999939
1990-06-04 23:00:00,0.01323499999999994
1990-06-05 23:00:00,0.013429999999999937
1990-06-06 23:00:00,0.013329999999999937
1990-06-07 23:00:00,0.013334999999999939
1990-06-08 23:00:00,0.013294999999999937
1990-06-11 23:00:00,0.013084999999999939
1990-06-12 23:00:00,0.013179999999999937
1990-06-13 23:00:00,0.013079999999999937
1990-06-14 23:00:00,0.01319999999999994
1990-06-15 23:00:00,0.013299999999999939
1990-06-18 23:00:00,0.013489999999999938
1990-06-19 23:00:00,0.01344999999999994
1990-06-20 23:00:00,0.013209999999999939
1990-06-21 23:00:00,0.01332999999999994
1990-06-22 23:00:00,0.013379999999999939
1990-06-25 23:00:00,0.013209999999999939
1990-06-26 23:00:00,0.01315499999999994
1990-06-27 23:00:00,0.01326999999999994
1990-06-28 23:00:00,0.013799999999999939
1990-06-29 23:00:00,0.01386999999999994
1990-07-02 23:00:00,0.013759999999999937
1990-07-03 23:00:00,0.01377999999999994
1990-07-05 23:00:00,0.01407499999999994
1990-07-06 23:00:00,0.01428999999999994
1990-07-09 23:00:00,0.014204999999999938
1990-07-10 23:00:00,0.014144999999999937
1990-07-11 23:00:00,0.014669999999999938
1990-07-12 23:00:00,0.014874999999999935
1990-07-13 23:00:00,0.014764999999999936
1990-07-16 23:00:00,0.014669999999999938
1990-07-17 23:00:00,0.01446999999999994
1990-07-18 23:00:00,0.014399999999999939
1990-07-19 23:00:00,0.014259999999999938
1990-07-20 23:00:00,0.014449999999999937
1990-07-23 23:00:00,0.01437999999999994
1990-07-24 23:00:00,0.014509999999999941
1990-07-25 23:00:00,0.014634999999999941
1990-07-26 23:00:00,0.014759999999999935
1990-07-27 23:00:00,0.01505999999999994
1990-07-30 23:00:00,0.014824999999999937
1990-07-31 23:00:00,0.014929999999999938
1990-08-01 23:00:00,0.015354999999999936
1990-08-02 23:00:00,0.015359999999999938
1990-08-03 23:00:00,0.015019999999999941
1990-08-06 23:00:00,0.015104999999999936
1990-08-07 23:00:00,0.015199999999999934
1990-08-08 23:00:00,0.015564999999999935
1990-08-09 23:00:00,0.01567499999999994
1990-08-10 23:00:00,0.015669999999999934
1990-08-14 23:00:00,0.015754999999999936
1990-08-15 23:00:00,0.015824999999999936
1990-08-16 23:00:00,0.015734999999999937
1990-08-17 23:00:00,0.01579999999999994
1990-08-20 23:00:00,0.015749999999999938
1990-08-21 23:00:00,0.015824999999999936
1990-08-22 23:00:00,0.015589999999999936
1990-08-23 23:00:00,0.015704999999999934
1990-08-24 23:00:00,0.01570999999999994
1990-08-27 23:00:00,0.015839999999999937
1990-08-28 23:00:00,0.015694999999999938
1990-08-29 23:00:00,0.015829999999999934
1990-08-30 23:00:00,0.01585499999999994
1990-08-31 23:00:00,0.015834999999999932
1990-09-04 23:00:00,0.01572999999999994
1990-09-05 23:00:00,0.015574999999999934
1990-09-06 23:00:00,0.015694999999999938
1990-09-07 23:00:00,0.016389999999999932
1990-09-10 23:00:00,0.016184999999999936
1990-09-11 23:00:00,0.01620999999999994
1990-09-12 23:00:00,0.01622999999999994
1990-09-13 23:00:00,0.01604999999999994
1990-09-14 23:00:00,0.016179999999999937
1990-09-17 23:00:00,0.016129999999999936
1990-09-18 23:00:00,0.015754999999999936
1990-09-19 23:00:00,0.015329999999999936
1990-09-20 23:00:00,0.015129999999999937
1990-09-21 23:00:00,0.015259999999999935
1990-09-24 23:00:00,0.015159999999999936
1990-09-25 23:00:00,0.015104999999999936
1990-09-26 23:00:00,0.015114999999999936
1990-09-27 23:00:00,0.015339999999999935
1990-09-28 23:00:00,0.015234999999999934
1990-10-01 23:00:00,0.015054999999999938
1990-10-02 23:00:00,0.015189999999999934
1990-10-03 23:00:00,0.015454999999999936
1990-10-04 23:00:00,0.015414999999999934
1990-10-05 23:00:00,0.015559999999999933
1990-10-08 23:00:00,0.015419999999999935
1990-10-09 23:00:00,0.015164999999999937
1990-10-10 23:00:00,0.015289999999999937
1990-10-11 23:00:00,0.014929999999999938
1990-10-12 23:00:00,0.014704999999999939
1990-10-15 23:00:00,0.014779999999999937
1990-10-16 23:00:00,0.014689999999999937
1990-10-17 23:00:00,0.014564999999999937
1990-10-18 23:00:00,0.014754999999999937
1990-10-19 23:00:00,0.015104999999999936
1990-10-22 23:00:00,0.015084999999999937
1990-10-23 23:00:00,0.015619999999999938
1990-10-24 23:00:00,0.015399999999999936
1990-10-25 23:00:00,0.015334999999999934
1990-10-26 23:00:00,0.015334999999999934
1990-10-29 23:00:00,0.015074999999999937
1990-10-30 23:00:00,0.014919999999999935
1990-10-31 23:00:00,0.014929999999999938
1990-11-01 23:00:00,0.014704999999999939
1990-11-02 23:00:00,0.014914999999999934
1990-11-05 23:00:00,0.014724999999999934
1990-11-06 23:00:00,0.014849999999999934
1990-11-07 23:00:00,0.014849999999999934
1990-11-08 23:00:00,0.014734999999999934
1990-11-09 23:00:00,0.014844999999999936
1990-11-12 23:00:00,0.014789999999999933
1990-11-13 23:00:00,0.014914999999999934
1990-11-14 23:00:00,0.014864999999999936
1990-11-15 23:00:00,0.014999999999999939
1990-11-16 23:00:00,0.015119999999999937
1990-11-19 23:00:00,0.015039999999999944
1990-11-20 23:00:00,0.01501499999999994
1990-11-21 23:00:00,0.014919999999999939
1990-11-23 23:00:00,0.014999999999999942
1990-11-26 23:00:00,0.01511499999999994
1990-11-27 23:00:00,0.01470999999999994
1990-11-28 23:00:00,0.014689999999999941
1990-11-29 23:00:00,0.01457499999999994
1990-11-30 23:00:00,0.01454999999999994
1990-12-03 23:00:00,0.014569999999999942
1990-12-04 23:00:00,0.014539999999999944
1990-12-05 23:00:00,0.014554999999999941
1990-12-06 23:00:00,0.014694999999999942
1990-12-07 23:00:00,0.01443999999999994
1990-12-10 23:00:00,0.014639999999999943
1990-12-11 23:00:00,0.014589999999999942
1990-12-12 23:00:00,0.01473499999999994
1990-12-13 23:00:00,0.014714999999999942
1990-12-14 23:00:00,0.014639999999999943
1990-12-17 23:00:00,0.014689999999999941
1990-12-18 23:00:00,0.014679999999999941
1990-12-19 23:00:00,0.01472999999999994
1990-12-20 23:00:00,0.01484499999999994
1990-12-21 23:00:00,0.014864999999999939
1990-12-26 23:00:00,0.01494999999999994
1990-12-27 23:00:00,0.01494999999999994
1990-12-28 23:00:00,0.015249999999999939
1990-12-31 23:00:00,0.015524999999999936
1991-01-02 23:00:00,0.015769999999999937
1991-01-03 23:00:00,0.015469999999999937
1991-01-04 23:00:00,0.015429999999999939
1991-01-07 23:00:00,0.015519999999999938
1991-01-08 23:00:00,0.015289999999999937
1991-01-09 23:00:00,0.01518499999999994
1991-01-10 23:00:00,0.01514999999999994
1991-01-11 23:00:00,0.015124999999999939
1991-01-14 23:00:00,0.014899999999999936
1991-01-15 23:00:00,0.01460999999999994
1991-01-16 23:00:00,0.014424999999999943
1991-01-17 23:00:00,0.01476499999999994
1991-01-18 23:00:00,0.01466499999999994
1991-01-21 23:00:00,0.014679999999999941
1991-01-22 23:00:00,0.014434999999999943
1991-01-23 23:00:00,0.014329999999999942
1991-01-24 23:00:00,0.014149999999999942
1991-01-25 23:00:00,0.014259999999999941
1991-01-28 23:00:00,0.014389999999999943
1991-01-29 23:00:00,0.014374999999999942
1991-01-30 23:00:00,0.014509999999999941
1991-01-31 23:00:00,0.014479999999999943
1991-02-01 23:00:00,0.014509999999999941
1991-02-04 23:00:00,0.014419999999999942
1991-02-05 23:00:00,0.014514999999999943
1991-02-06 23:00:00,0.014619999999999944
1991-02-07 23:00:00,0.014584999999999943
1991-02-08 23:00:00,0.014784999999999939
1991-02-11 23:00:00,0.014849999999999938
1991-02-12 23:00:00,0.014839999999999938
1991-02-13 23:00:00,0.014934999999999943
1991-02-14 23:00:00,0.014799999999999936
1991-02-15 23:00:00,0.014929999999999942
1991-02-19 23:00:00,0.014814999999999938
1991-02-20 23:00:00,0.014799999999999936
1991-02-21 23:00:00,0.014924999999999937
1991-02-22 23:00:00,0.014859999999999941
1991-02-25 23:00:00,0.01513999999999994
1991-02-26 23:00:00,0.015059999999999943
1991-02-27 23:00:00,0.015214999999999939
1991-02-28 23:00:00,0.01531999999999994
1991-03-01 23:00:00,0.015259999999999939
1991-03-04 23:00:00,0.01516499999999994
1991-03-05 23:00:00,0.015144999999999938
1991-03-06 23:00:00,0.01513999999999994
1991-03-07 23:00:00,0.015129999999999937
1991-03-08 23:00:00,0.015154999999999938
1991-03-11 23:00:00,0.014919999999999939
1991-03-12 23:00:00,0.01499499999999994
1991-03-13 23:00:00,0.014939999999999941
1991-03-14 23:00:00,0.01489999999999994
1991-03-15 23:00:00,0.014879999999999937
1991-03-18 23:00:00,0.01477499999999994
1991-03-19 23:00:00,0.01476499999999994
1991-03-20 23:00:00,0.014799999999999936
1991-03-21 23:00:00,0.01491499999999994
1991-03-22 23:00:00,0.014829999999999939
1991-03-25 23:00:00,0.01478999999999994
1991-03-26 23:00:00,0.014859999999999941
1991-03-27 23:00:00,0.014799999999999936
1991-03-28 23:00:00,0.01478999999999994
1991-04-01 23:00:00,0.014799999999999936
1991-04-02 23:00:00,0.01513999999999994
1991-04-03 23:00:00,0.01506999999999994
1991-04-04 23:00:00,0.015104999999999936
1991-04-05 23:00:00,0.015009999999999942
1991-04-08 23:00:00,0.014929999999999942
1991-04-09 23:00:00,0.014884999999999938
1991-04-10 23:00:00,0.01506999999999994
1991-04-11 23:00:00,0.01503999999999994
1991-04-12 23:00:00,0.01503999999999994
1991-04-15 23:00:00,0.014999999999999942
1991-04-16 23:00:00,0.015024999999999943
1991-04-17 23:00:00,0.01521999999999994
1991-04-18 23:00:00,0.015259999999999939
1991-04-19 23:00:00,0.015169999999999942
1991-04-22 23:00:00,0.01511999999999994
1991-04-23 23:00:00,0.015039999999999944
1991-04-24 23:00:00,0.015064999999999945
1991-04-25 23:00:00,0.015039999999999944
1991-04-26 23:00:00,0.01491499999999994
1991-04-29 23:00:00,0.015009999999999945
1991-04-30 23:00:00,0.01477999999999994
1991-05-01 23:00:00,0.01477499999999994
1991-05-02 23:00:00,0.014814999999999941
1991-05-03 23:00:00,0.014474999999999945
1991-05-06 23:00:00,0.014389999999999943
1991-05-07 23:00:00,0.014479999999999943
1991-05-08 23:00:00,0.014519999999999941
1991-05-09 23:00:00,0.014489999999999942
1991-05-10 23:00:00,0.014494999999999944
1991-05-13 23:00:00,0.014194999999999946
1991-05-14 23:00:00,0.014019999999999944
1991-05-15 23:00:00,0.014159999999999945
1991-05-16 23:00:00,0.014089999999999945
1991-05-17 23:00:00,0.014069999999999942
1991-05-20 23:00:00,0.014149999999999942
1991-05-21 23:00:00,0.014219999999999943
1991-05-22 23:00:00,0.014124999999999945
1991-05-23 23:00:00,0.014189999999999944
1991-05-24 23:00:00,0.014179999999999944
1991-05-28 23:00:00,0.014189999999999944
1991-05-29 23:00:00,0.014089999999999945
1991-05-30 23:00:00,0.013934999999999942
1991-05-31 23:00:00,0.013954999999999941
1991-06-03 23:00:00,0.013999999999999945
1991-06-04 23:00:00,0.014209999999999943
1991-06-05 23:00:00,0.014389999999999943
1991-06-06 23:00:00,0.014239999999999942
1991-06-07 23:00:00,0.014229999999999942
1991-06-10 23:00:00,0.014189999999999944
1991-06-11 23:00:00,0.014339999999999945
1991-06-12 23:00:00,0.014144999999999944
1991-06-13 23:00:00,0.014184999999999942
1991-06-14 23:00:00,0.014164999999999943
1991-06-17 23:00:00,0.014144999999999944
1991-06-18 23:00:00,0.014184999999999942
1991-06-19 23:00:00,0.014204999999999945
1991-06-20 23:00:00,0.014379999999999943
1991-06-21 23:00:00,0.014379999999999943
1991-06-24 23:00:00,0.014274999999999942
1991-06-25 23:00:00,0.014424999999999943
1991-06-26 23:00:00,0.014459999999999943
1991-06-27 23:00:00,0.014309999999999943
1991-06-28 23:00:00,0.014414999999999943
1991-07-01 23:00:00,0.014519999999999944
1991-07-02 23:00:00,0.01474499999999994
1991-07-03 23:00:00,0.014554999999999945
1991-07-08 23:00:00,0.014554999999999945
1991-07-09 23:00:00,0.014479999999999943
1991-07-10 23:00:00,0.014309999999999943
1991-07-11 23:00:00,0.014189999999999944
1991-07-12 23:00:00,0.014249999999999942
1991-07-15 23:00:00,0.014224999999999944
1991-07-16 23:00:00,0.014264999999999943
1991-07-17 23:00:00,0.014319999999999946
1991-07-18 23:00:00,0.014274999999999942
1991-07-19 23:00:00,0.014379999999999943
1991-07-22 23:00:00,0.014359999999999944
1991-07-23 23:00:00,0.014349999999999944
1991-07-24 23:00:00,0.014304999999999944
1991-07-25 23:00:00,0.014384999999999941
1991-07-26 23:00:00,0.014514999999999943
1991-07-29 23:00:00,0.014469999999999943
1991-07-30 23:00:00,0.014439999999999944
1991-07-31 23:00:00,0.01452999999999994
1991-08-01 23:00:00,0.014479999999999943
1991-08-02 23:00:00,0.014474999999999945
1991-08-05 23:00:00,0.014544999999999942
1991-08-06 23:00:00,0.014479999999999943
1991-08-07 23:00:00,0.014654999999999944
1991-08-08 23:00:00,0.014634999999999941
1991-08-09 23:00:00,0.014689999999999944
1991-08-12 23:00:00,0.014479999999999943
1991-08-13 23:00:00,0.014534999999999946
1991-08-14 23:00:00,0.014479999999999943
1991-08-15 23:00:00,0.014484999999999944
1991-08-16 23:00:00,0.014364999999999942
1991-08-19 23:00:00,0.014314999999999944
1991-08-20 23:00:00,0.014309999999999943
1991-08-21 23:00:00,0.014429999999999941
1991-08-22 23:00:00,0.014434999999999943
1991-08-23 23:00:00,0.014449999999999944
1991-08-26 23:00:00,0.01448499999999994
1991-08-27 23:00:00,0.014684999999999943
1991-08-28 23:00:00,0.01476499999999994
1991-08-29 23:00:00,0.014784999999999939
1991-08-30 23:00:00,0.014814999999999941
1991-09-03 23:00:00,0.014829999999999939
1991-09-04 23:00:00,0.014739999999999939
1991-09-05 23:00:00,0.014794999999999938
1991-09-06 23:00:00,0.015049999999999944
1991-09-09 23:00:00,0.014969999999999943
1991-09-10 23:00:00,0.014989999999999943
1991-09-11 23:00:00,0.014974999999999945
1991-09-12 23:00:00,0.014964999999999942
1991-09-13 23:00:00,0.01493499999999994
1991-09-16 23:00:00,0.014814999999999941
1991-09-17 23:00:00,0.014649999999999943
1991-09-18 23:00:00,0.014794999999999938
1991-09-19 23:00:00,0.014819999999999939
1991-09-20 23:00:00,0.015039999999999944
1991-09-23 23:00:00,0.015009999999999942
1991-09-24 23:00:00,0.01493499999999994
1991-09-25 23:00:00,0.01516499999999994
1991-09-26 23:00:00,0.015129999999999937
1991-09-27 23:00:00,0.01515999999999994
1991-09-30 23:00:00,0.014979999999999943
1991-10-01 23:00:00,0.014999999999999942
1991-10-02 23:00:00,0.014944999999999943
1991-10-03 23:00:00,0.015014999999999943
1991-10-04 23:00:00,0.015009999999999942
1991-10-07 23:00:00,0.01485499999999994
1991-10-08 23:00:00,0.015099999999999938
1991-10-09 23:00:00,0.015144999999999938
1991-10-10 23:00:00,0.014984999999999941
1991-10-11 23:00:00,0.015054999999999942
1991-10-14 23:00:00,0.014919999999999939
1991-10-15 23:00:00,0.014909999999999939
1991-10-16 23:00:00,0.014964999999999942
1991-10-17 23:00:00,0.01509499999999994
1991-10-18 23:00:00,0.014994999999999944
1991-10-21 23:00:00,0.014979999999999943
1991-10-22 23:00:00,0.014989999999999943
1991-10-23 23:00:00,0.015034999999999943
1991-10-24 23:00:00,0.015024999999999943
1991-10-25 23:00:00,0.015019999999999941
1991-10-28 23:00:00,0.01511499999999994
1991-10-29 23:00:00,0.01528499999999994
1991-10-30 23:00:00,0.015294999999999939
1991-10-31 23:00:00,0.01515999999999994
1991-11-01 23:00:00,0.01516499999999994
1991-11-04 23:00:00,0.015214999999999939
1991-11-05 23:00:00,0.015154999999999938
1991-11-06 23:00:00,0.015144999999999938
1991-11-07 23:00:00,0.01508499999999994
1991-11-08 23:00:00,0.015039999999999944
1991-11-11 23:00:00,0.01489999999999994
1991-11-12 23:00:00,0.014959999999999944
1991-11-13 23:00:00,0.01493499999999994
1991-11-14 23:00:00,0.015124999999999939
1991-11-15 23:00:00,0.015124999999999939
1991-11-18 23:00:00,0.015054999999999942
1991-11-19 23:00:00,0.014964999999999945
1991-11-20 23:00:00,0.014969999999999943
1991-11-21 23:00:00,0.014964999999999945
1991-11-22 23:00:00,0.014934999999999943
1991-11-25 23:00:00,0.015014999999999943
1991-11-26 23:00:00,0.015064999999999945
1991-11-27 23:00:00,0.015004999999999944
1991-11-29 23:00:00,0.014819999999999939
1991-12-02 23:00:00,0.014739999999999939
1991-12-03 23:00:00,0.014749999999999939
1991-12-04 23:00:00,0.014679999999999945
1991-12-05 23:00:00,0.014564999999999944
1991-12-06 23:00:00,0.014569999999999942
1991-12-09 23:00:00,0.014529999999999944
1991-12-10 23:00:00,0.014379999999999943
1991-12-11 23:00:00,0.014459999999999943
1991-12-12 23:00:00,0.014449999999999944
1991-12-13 23:00:00,0.014464999999999945
1991-12-16 23:00:00,0.014474999999999945
1991-12-17 23:00:00,0.014499999999999945
1991-12-18 23:00:00,0.014514999999999943
1991-12-19 23:00:00,0.014424999999999943
1991-12-20 23:00:00,0.014414999999999943
1991-12-23 23:00:00,0.014499999999999945
1991-12-24 23:00:00,0.014569999999999942
1991-12-26 23:00:00,0.014599999999999945
1991-12-27 23:00:00,0.014639999999999946
1991-12-30 23:00:00,0.014564999999999944
1991-12-31 23:00:00,0.014474999999999945
1992-01-02 23:00:00,0.014289999999999943
1992-01-03 23:00:00,0.014324999999999944
1992-01-06 23:00:00,0.014324999999999944
1992-01-07 23:00:00,0.014234999999999944
1992-01-08 23:00:00,0.014174999999999943
1992-01-09 23:00:00,0.014154999999999944
1992-01-10 23:00:00,0.014224999999999944
1992-01-13 23:00:00,0.014199999999999944
1992-01-14 23:00:00,0.014189999999999944
1992-01-15 23:00:00,0.014304999999999944
1992-01-16 23:00:00,0.014424999999999943
1992-01-17 23:00:00,0.014449999999999944
1992-01-20 23:00:00,0.014434999999999943
1992-01-21 23:00:00,0.014414999999999943
1992-01-22 23:00:00,0.014479999999999943
1992-01-23 23:00:00,0.014419999999999945
1992-01-24 23:00:00,0.014609999999999944
1992-01-27 23:00:00,0.014559999999999946
1992-01-28 23:00:00,0.014619999999999944
1992-01-29 23:00:00,0.014629999999999943
1992-01-30 23:00:00,0.014619999999999944
1992-01-31 23:00:00,0.014579999999999945
1992-02-03 23:00:00,0.014479999999999943
1992-02-04 23:00:00,0.014474999999999945
1992-02-05 23:00:00,0.014549999999999943
1992-02-06 23:00:00,0.014534999999999946
1992-02-07 23:00:00,0.014564999999999944
1992-02-10 23:00:00,0.014544999999999945
1992-02-11 23:00:00,0.014579999999999945
1992-02-12 23:00:00,0.014884999999999942
1992-02-13 23:00:00,0.014909999999999942
1992-02-14 23:00:00,0.014959999999999944
1992-02-18 23:00:00,0.014949999999999944
1992-02-19 23:00:00,0.01486999999999994
1992-02-20 23:00:00,0.014909999999999942
1992-02-21 23:00:00,0.014889999999999943
1992-02-24 23:00:00,0.015024999999999946
1992-02-25 23:00:00,0.015004999999999947
1992-02-26 23:00:00,0.015139999999999943
1992-02-27 23:00:00,0.015179999999999942
1992-02-28 23:00:00,0.015169999999999942
1992-03-02 23:00:00,0.015089999999999942
1992-03-03 23:00:00,0.015064999999999945
1992-03-04 23:00:00,0.015094999999999944
1992-03-05 23:00:00,0.015024999999999946
1992-03-06 23:00:00,0.014964999999999945
1992-03-09 23:00:00,0.014939999999999948
1992-03-10 23:00:00,0.015054999999999945
1992-03-11 23:00:00,0.014969999999999947
1992-03-12 23:00:00,0.014934999999999947
1992-03-13 23:00:00,0.014959999999999944
1992-03-16 23:00:00,0.014939999999999948
1992-03-17 23:00:00,0.015039999999999948
1992-03-18 23:00:00,0.015044999999999946
1992-03-19 23:00:00,0.015044999999999946
1992-03-20 23:00:00,0.014929999999999945
1992-03-23 23:00:00,0.014974999999999945
1992-03-24 23:00:00,0.014989999999999946
1992-03-25 23:00:00,0.014954999999999946
1992-03-26 23:00:00,0.014979999999999943
1992-03-27 23:00:00,0.014969999999999947
1992-03-30 23:00:00,0.014979999999999943
1992-03-31 23:00:00,0.015014999999999947
1992-04-01 23:00:00,0.015119999999999944
1992-04-02 23:00:00,0.015199999999999941
1992-04-03 23:00:00,0.015154999999999941
1992-04-06 23:00:00,0.015119999999999944
1992-04-07 23:00:00,0.015089999999999942
1992-04-08 23:00:00,0.014884999999999942
1992-04-09 23:00:00,0.014924999999999944
1992-04-10 23:00:00,0.014839999999999942
1992-04-13 23:00:00,0.014784999999999942
1992-04-14 23:00:00,0.014789999999999944
1992-04-15 23:00:00,0.014799999999999943
1992-04-16 23:00:00,0.014744999999999944
1992-04-20 23:00:00,0.014689999999999948
1992-04-21 23:00:00,0.014774999999999943
1992-04-22 23:00:00,0.014789999999999944
1992-04-23 23:00:00,0.014849999999999945
1992-04-24 23:00:00,0.014849999999999945
1992-04-27 23:00:00,0.014814999999999945
1992-04-28 23:00:00,0.014869999999999944
1992-04-29 23:00:00,0.014804999999999941
1992-04-30 23:00:00,0.014844999999999943
1992-05-01 23:00:00,0.014779999999999944
1992-05-04 23:00:00,0.014849999999999945
1992-05-05 23:00:00,0.014804999999999941
1992-05-06 23:00:00,0.014844999999999943
1992-05-07 23:00:00,0.014919999999999942
1992-05-08 23:00:00,0.014924999999999944
1992-05-11 23:00:00,0.014939999999999945
1992-05-12 23:00:00,0.014909999999999942
1992-05-13 23:00:00,0.014869999999999944
1992-05-14 23:00:00,0.014834999999999944
1992-05-15 23:00:00,0.014849999999999945
1992-05-18 23:00:00,0.014859999999999941
1992-05-19 23:00:00,0.014914999999999944
1992-05-20 23:00:00,0.014894999999999945
1992-05-21 23:00:00,0.014909999999999942
1992-05-22 23:00:00,0.014934999999999947
1992-05-26 23:00:00,0.014909999999999942
1992-05-27 23:00:00,0.014879999999999944
1992-05-28 23:00:00,0.014884999999999942
1992-05-29 23:00:00,0.014909999999999942
1992-06-01 23:00:00,0.015029999999999944
1992-06-02 23:00:00,0.015034999999999946
1992-06-03 23:00:00,0.015009999999999945
1992-06-04 23:00:00,0.015239999999999943
1992-06-05 23:00:00,0.015219999999999944
1992-06-08 23:00:00,0.015184999999999943
1992-06-09 23:00:00,0.015199999999999944
1992-06-10 23:00:00,0.01512999999999994
1992-06-11 23:00:00,0.015094999999999944
1992-06-12 23:00:00,0.015139999999999943
1992-06-15 23:00:00,0.015144999999999941
1992-06-16 23:00:00,0.015154999999999945
1992-06-17 23:00:00,0.015219999999999944
1992-06-18 23:00:00,0.015244999999999944
1992-06-19 23:00:00,0.015269999999999945
1992-06-22 23:00:00,0.015269999999999945
1992-06-23 23:00:00,0.015319999999999943
1992-06-24 23:00:00,0.015514999999999944
1992-06-25 23:00:00,0.015584999999999944
1992-06-26 23:00:00,0.015549999999999944
1992-06-29 23:00:00,0.015854999999999946
1992-06-30 23:00:00,0.015744999999999947
1992-07-01 23:00:00,0.01575999999999994
1992-07-02 23:00:00,0.015974999999999948
1992-07-06 23:00:00,0.015939999999999947
1992-07-07 23:00:00,0.016104999999999946
1992-07-08 23:00:00,0.01607999999999994
1992-07-09 23:00:00,0.015929999999999944
1992-07-10 23:00:00,0.016119999999999947
1992-07-13 23:00:00,0.016049999999999946
1992-07-14 23:00:00,0.016214999999999945
1992-07-15 23:00:00,0.01635499999999994
1992-07-16 23:00:00,0.016409999999999945
1992-07-17 23:00:00,0.01629499999999994
1992-07-20 23:00:00,0.016274999999999942
1992-07-21 23:00:00,0.016324999999999944
1992-07-22 23:00:00,0.016289999999999943
1992-07-23 23:00:00,0.016324999999999944
1992-07-24 23:00:00,0.016304999999999938
1992-07-27 23:00:00,0.016249999999999945
1992-07-28 23:00:00,0.016264999999999946
1992-07-29 23:00:00,0.01616999999999994
1992-07-30 23:00:00,0.016109999999999944
1992-07-31 23:00:00,0.016024999999999942
1992-08-03 23:00:00,0.015979999999999946
1992-08-04 23:00:00,0.016034999999999945
1992-08-05 23:00:00,0.01607999999999994
1992-08-06 23:00:00,0.016109999999999944
1992-08-07 23:00:00,0.01615499999999994
1992-08-10 23:00:00,0.016039999999999943
1992-08-11 23:00:00,0.016039999999999943
1992-08-12 23:00:00,0.015909999999999945
1992-08-13 23:00:00,0.015939999999999947
1992-08-14 23:00:00,0.01590499999999994
1992-08-17 23:00:00,0.01631499999999994
1992-08-18 23:00:00,0.016309999999999943
1992-08-19 23:00:00,0.016279999999999947
1992-08-20 23:00:00,0.016214999999999945
1992-08-21 23:00:00,0.016189999999999947
1992-08-24 23:00:00,0.016254999999999943
1992-08-25 23:00:00,0.016119999999999947
1992-08-26 23:00:00,0.016049999999999946
1992-08-27 23:00:00,0.016039999999999943
1992-08-28 23:00:00,0.015894999999999944
1992-08-31 23:00:00,0.015859999999999944
1992-09-01 23:00:00,0.016024999999999942
1992-09-02 23:00:00,0.016019999999999944
1992-09-03 23:00:00,0.015899999999999942
1992-09-04 23:00:00,0.016024999999999942
1992-09-08 23:00:00,0.015819999999999945
1992-09-09 23:00:00,0.015754999999999943
1992-09-10 23:00:00,0.015469999999999944
1992-09-11 23:00:00,0.015474999999999945
1992-09-14 23:00:00,0.015619999999999945
1992-09-15 23:00:00,0.015564999999999945
1992-09-16 23:00:00,0.015614999999999943
1992-09-17 23:00:00,0.015619999999999945
1992-09-18 23:00:00,0.015654999999999947
1992-09-21 23:00:00,0.015614999999999943
1992-09-22 23:00:00,0.015479999999999943
1992-09-23 23:00:00,0.015444999999999943
1992-09-24 23:00:00,0.015519999999999945
1992-09-25 23:00:00,0.015444999999999943
1992-09-28 23:00:00,0.015254999999999944
1992-09-29 23:00:00,0.015304999999999942
1992-09-30 23:00:00,0.015249999999999946
1992-10-01 23:00:00,0.015104999999999943
1992-10-02 23:00:00,0.014914999999999944
1992-10-05 23:00:00,0.014919999999999942
1992-10-06 23:00:00,0.015029999999999948
1992-10-07 23:00:00,0.01494499999999995
1992-10-08 23:00:00,0.014924999999999944
1992-10-09 23:00:00,0.014934999999999947
1992-10-12 23:00:00,0.014819999999999943
1992-10-13 23:00:00,0.014779999999999944
1992-10-14 23:00:00,0.014774999999999943
1992-10-15 23:00:00,0.014834999999999944
1992-10-16 23:00:00,0.014774999999999943
1992-10-19 23:00:00,0.014734999999999944
1992-10-20 23:00:00,0.014819999999999943
1992-10-21 23:00:00,0.014849999999999945
1992-10-22 23:00:00,0.014779999999999944
1992-10-23 23:00:00,0.014684999999999946
1992-10-26 23:00:00,0.014784999999999942
1992-10-27 23:00:00,0.014824999999999944
1992-10-28 23:00:00,0.014894999999999945
1992-10-29 23:00:00,0.014969999999999947
1992-10-30 23:00:00,0.014914999999999944
1992-11-02 23:00:00,0.014719999999999943
1992-11-03 23:00:00,0.014739999999999942
1992-11-04 23:00:00,0.014689999999999948
1992-11-05 23:00:00,0.014554999999999948
1992-11-06 23:00:00,0.014409999999999945
1992-11-09 23:00:00,0.014254999999999947
1992-11-10 23:00:00,0.014334999999999947
1992-11-11 23:00:00,0.014434999999999946
1992-11-12 23:00:00,0.014314999999999948
1992-11-13 23:00:00,0.014244999999999947
1992-11-16 23:00:00,0.014364999999999949
1992-11-17 23:00:00,0.014339999999999948
1992-11-18 23:00:00,0.014334999999999947
1992-11-19 23:00:00,0.014339999999999948
1992-11-20 23:00:00,0.014314999999999948
1992-11-23 23:00:00,0.014329999999999949
1992-11-24 23:00:00,0.014334999999999947
1992-11-25 23:00:00,0.014379999999999947
1992-11-27 23:00:00,0.014629999999999947
1992-11-30 23:00:00,0.01456999999999995
1992-12-01 23:00:00,0.014454999999999949
1992-12-02 23:00:00,0.014499999999999949
1992-12-03 23:00:00,0.01444499999999995
1992-12-04 23:00:00,0.014484999999999948
1992-12-07 23:00:00,0.014664999999999947
1992-12-08 23:00:00,0.01461499999999995
1992-12-09 23:00:00,0.014574999999999947
1992-12-10 23:00:00,0.014509999999999948
1992-12-11 23:00:00,0.01453999999999995
1992-12-14 23:00:00,0.014564999999999948
1992-12-15 23:00:00,0.014654999999999948
1992-12-16 23:00:00,0.014634999999999948
1992-12-17 23:00:00,0.014624999999999949
1992-12-18 23:00:00,0.014714999999999949
1992-12-21 23:00:00,0.014874999999999946
1992-12-22 23:00:00,0.014899999999999943
1992-12-23 23:00:00,0.014784999999999946
1992-12-24 23:00:00,0.014909999999999946
1992-12-28 23:00:00,0.014869999999999944
1992-12-29 23:00:00,0.014939999999999948
1992-12-30 23:00:00,0.01495499999999995
1992-12-31 23:00:00,0.015029999999999948
1993-01-04 23:00:00,0.015309999999999943
1993-01-05 23:00:00,0.015274999999999943
1993-01-06 23:00:00,0.015264999999999947
1993-01-07 23:00:00,0.015284999999999946
1993-01-08 23:00:00,0.015429999999999945
1993-01-11 23:00:00,0.015074999999999944
1993-01-12 23:00:00,0.014424999999999947
1993-01-13 23:00:00,0.014534999999999949
1993-01-14 23:00:00,0.01456999999999995
1993-01-15 23:00:00,0.014549999999999947
1993-01-18 23:00:00,0.014529999999999947
1993-01-19 23:00:00,0.014589999999999948
1993-01-20 23:00:00,0.014564999999999948
1993-01-21 23:00:00,0.014589999999999948
1993-01-22 23:00:00,0.014609999999999948
1993-01-25 23:00:00,0.014624999999999949
1993-01-26 23:00:00,0.014714999999999949
1993-01-27 23:00:00,0.014729999999999943
1993-01-28 23:00:00,0.014704999999999949
1993-01-29 23:00:00,0.014564999999999948
1993-02-01 23:00:00,0.014564999999999948
1993-02-02 23:00:00,0.014589999999999948
1993-02-03 23:00:00,0.01459499999999995
1993-02-04 23:00:00,0.014664999999999947
1993-02-05 23:00:00,0.014659999999999949
1993-02-08 23:00:00,0.014719999999999947
1993-02-09 23:00:00,0.014639999999999946
1993-02-10 23:00:00,0.014564999999999948
1993-02-11 23:00:00,0.01459499999999995
1993-02-12 23:00:00,0.014519999999999948
1993-02-16 23:00:00,0.014544999999999945
1993-02-17 23:00:00,0.014564999999999944
1993-02-18 23:00:00,0.014564999999999944
1993-02-19 23:00:00,0.014544999999999945
1993-02-22 23:00:00,0.014549999999999947
1993-02-23 23:00:00,0.014444999999999946
1993-02-24 23:00:00,0.014269999999999948
1993-02-25 23:00:00,0.014174999999999946
1993-02-26 23:00:00,0.014194999999999946
1993-03-01 23:00:00,0.014039999999999947
1993-03-02 23:00:00,0.014079999999999945
1993-03-03 23:00:00,0.014149999999999946
1993-03-04 23:00:00,0.014074999999999947
1993-03-05 23:00:00,0.014149999999999946
1993-03-08 23:00:00,0.014169999999999945
1993-03-09 23:00:00,0.014124999999999945
1993-03-10 23:00:00,0.014229999999999946
1993-03-11 23:00:00,0.014369999999999947
1993-03-12 23:00:00,0.014464999999999945
1993-03-15 23:00:00,0.014269999999999948
1993-03-16 23:00:00,0.014309999999999946
1993-03-17 23:00:00,0.014249999999999945
1993-03-18 23:00:00,0.014344999999999946
1993-03-19 23:00:00,0.014374999999999945
1993-03-22 23:00:00,0.014374999999999945
1993-03-23 23:00:00,0.014369999999999947
1993-03-24 23:00:00,0.014299999999999946
1993-03-25 23:00:00,0.014364999999999946
1993-03-26 23:00:00,0.014204999999999945
1993-03-29 23:00:00,0.014189999999999947
1993-03-30 23:00:00,0.014219999999999946
1993-03-31 23:00:00,0.014219999999999946
1993-04-01 23:00:00,0.014229999999999946
1993-04-02 23:00:00,0.014124999999999945
1993-04-05 23:00:00,0.014054999999999944
1993-04-06 23:00:00,0.013849999999999947
1993-04-07 23:00:00,0.013429999999999947
1993-04-08 23:00:00,0.013534999999999945
1993-04-12 23:00:00,0.013629999999999946
1993-04-13 23:00:00,0.013649999999999945
1993-04-14 23:00:00,0.013459999999999946
1993-04-15 23:00:00,0.013339999999999947
1993-04-16 23:00:00,0.012989999999999948
1993-04-19 23:00:00,0.013024999999999945
1993-04-20 23:00:00,0.012749999999999944
1993-04-21 23:00:00,0.012864999999999944
1993-04-22 23:00:00,0.012914999999999946
1993-04-23 23:00:00,0.013074999999999946
1993-04-26 23:00:00,0.013079999999999944
1993-04-27 23:00:00,0.013064999999999946
1993-04-28 23:00:00,0.012919999999999944
1993-04-29 23:00:00,0.012854999999999945
1993-04-30 23:00:00,0.012969999999999945
1993-05-03 23:00:00,0.012859999999999946
1993-05-04 23:00:00,0.012689999999999946
1993-05-05 23:00:00,0.012674999999999945
1993-05-06 23:00:00,0.012334999999999945
1993-05-07 23:00:00,0.012274999999999944
1993-05-10 23:00:00,0.012344999999999945
1993-05-11 23:00:00,0.012479999999999944
1993-05-12 23:00:00,0.012744999999999946
1993-05-13 23:00:00,0.012839999999999947
1993-05-14 23:00:00,0.012484999999999946
1993-05-17 23:00:00,0.012464999999999947
1993-05-18 23:00:00,0.012559999999999944
1993-05-19 23:00:00,0.012599999999999946
1993-05-20 23:00:00,0.012774999999999944
1993-05-21 23:00:00,0.012744999999999946
1993-05-24 23:00:00,0.012684999999999948
1993-05-25 23:00:00,0.012754999999999945
1993-05-26 23:00:00,0.012739999999999948
1993-05-27 23:00:00,0.012474999999999946
1993-05-28 23:00:00,0.012504999999999945
1993-06-01 23:00:00,0.012559999999999944
1993-06-02 23:00:00,0.012659999999999947
1993-06-03 23:00:00,0.012949999999999946
1993-06-04 23:00:00,0.012664999999999945
1993-06-07 23:00:00,0.012694999999999944
1993-06-08 23:00:00,0.012689999999999946
1993-06-09 23:00:00,0.012829999999999944
1993-06-10 23:00:00,0.012734999999999946
1993-06-11 23:00:00,0.012789999999999946
1993-06-14 23:00:00,0.012789999999999946
1993-06-15 23:00:00,0.012774999999999944
1993-06-16 23:00:00,0.012834999999999945
1993-06-17 23:00:00,0.012859999999999946
1993-06-18 23:00:00,0.012934999999999948
1993-06-21 23:00:00,0.012969999999999949
1993-06-22 23:00:00,0.012904999999999946
1993-06-23 23:00:00,0.012914999999999946
1993-06-24 23:00:00,0.012934999999999948
1993-06-25 23:00:00,0.012939999999999946
1993-06-28 23:00:00,0.012929999999999947
1993-06-29 23:00:00,0.013069999999999948
1993-06-30 23:00:00,0.013129999999999946
1993-07-01 23:00:00,0.013189999999999947
1993-07-02 23:00:00,0.013254999999999949
1993-07-06 23:00:00,0.013214999999999947
1993-07-07 23:00:00,0.013344999999999949
1993-07-08 23:00:00,0.013444999999999948
1993-07-09 23:00:00,0.013269999999999947
1993-07-12 23:00:00,0.013099999999999947
1993-07-13 23:00:00,0.012994999999999946
1993-07-14 23:00:00,0.013044999999999947
1993-07-15 23:00:00,0.012899999999999948
1993-07-16 23:00:00,0.013014999999999945
1993-07-19 23:00:00,0.012994999999999946
1993-07-20 23:00:00,0.012969999999999949
1993-07-21 23:00:00,0.012899999999999948
1993-07-22 23:00:00,0.012934999999999948
1993-07-23 23:00:00,0.013044999999999947
1993-07-26 23:00:00,0.013039999999999946
1993-07-27 23:00:00,0.013169999999999947
1993-07-28 23:00:00,0.013219999999999949
1993-07-29 23:00:00,0.013244999999999946
1993-07-30 23:00:00,0.013309999999999949
1993-08-02 23:00:00,0.013229999999999948
1993-08-03 23:00:00,0.013114999999999948
1993-08-04 23:00:00,0.013199999999999946
1993-08-05 23:00:00,0.013129999999999946
1993-08-06 23:00:00,0.013049999999999949
1993-08-09 23:00:00,0.012839999999999947
1993-08-10 23:00:00,0.012814999999999946
1993-08-11 23:00:00,0.012849999999999947
1993-08-12 23:00:00,0.012924999999999949
1993-08-13 23:00:00,0.012864999999999948
1993-08-16 23:00:00,0.012924999999999949
1993-08-17 23:00:00,0.012914999999999946
1993-08-18 23:00:00,0.012849999999999947
1993-08-19 23:00:00,0.012909999999999948
1993-08-20 23:00:00,0.012999999999999947
1993-08-23 23:00:00,0.013089999999999947
1993-08-24 23:00:00,0.013114999999999948
1993-08-25 23:00:00,0.012989999999999948
1993-08-26 23:00:00,0.012959999999999949
1993-08-27 23:00:00,0.013044999999999947
1993-08-30 23:00:00,0.013054999999999947
1993-08-31 23:00:00,0.013064999999999946
1993-09-01 23:00:00,0.012849999999999947
1993-09-02 23:00:00,0.013139999999999949
1993-09-03 23:00:00,0.013129999999999949
1993-09-07 23:00:00,0.013049999999999945
1993-09-08 23:00:00,0.012964999999999947
1993-09-09 23:00:00,0.012744999999999946
1993-09-10 23:00:00,0.012764999999999948
1993-09-13 23:00:00,0.012754999999999949
1993-09-14 23:00:00,0.012749999999999947
1993-09-15 23:00:00,0.012709999999999949
1993-09-16 23:00:00,0.012569999999999948
1993-09-17 23:00:00,0.012329999999999947
1993-09-20 23:00:00,0.012169999999999948
1993-09-21 23:00:00,0.012324999999999945
1993-09-22 23:00:00,0.012269999999999948
1993-09-23 23:00:00,0.012219999999999948
1993-09-24 23:00:00,0.012334999999999948
1993-09-27 23:00:00,0.012294999999999947
1993-09-28 23:00:00,0.012094999999999948
1993-09-29 23:00:00,0.012079999999999948
1993-09-30 23:00:00,0.011954999999999948
1993-10-01 23:00:00,0.01200499999999995
1993-10-04 23:00:00,0.011969999999999946
1993-10-05 23:00:00,0.012054999999999948
1993-10-06 23:00:00,0.011974999999999947
1993-10-07 23:00:00,0.011984999999999947
1993-10-08 23:00:00,0.012024999999999947
1993-10-11 23:00:00,0.01213999999999995
1993-10-12 23:00:00,0.011984999999999947
1993-10-13 23:00:00,0.012154999999999949
1993-10-14 23:00:00,0.01200499999999995
1993-10-15 23:00:00,0.011994999999999947
1993-10-18 23:00:00,0.011849999999999947
1993-10-19 23:00:00,0.011779999999999947
1993-10-20 23:00:00,0.011779999999999947
1993-10-21 23:00:00,0.011769999999999947
1993-10-22 23:00:00,0.011759999999999948
1993-10-25 23:00:00,0.011774999999999947
1993-10-26 23:00:00,0.011724999999999947
1993-10-27 23:00:00,0.011724999999999947
1993-10-28 23:00:00,0.011764999999999947
1993-10-29 23:00:00,0.011779999999999947
1993-11-01 23:00:00,0.01175499999999995
1993-11-02 23:00:00,0.011849999999999947
1993-11-03 23:00:00,0.011819999999999947
1993-11-04 23:00:00,0.011909999999999948
1993-11-05 23:00:00,0.011944999999999949
1993-11-08 23:00:00,0.011974999999999947
1993-11-09 23:00:00,0.011939999999999947
1993-11-10 23:00:00,0.011949999999999947
1993-11-11 23:00:00,0.011964999999999948
1993-11-12 23:00:00,0.011939999999999947
1993-11-15 23:00:00,0.011874999999999948
1993-11-16 23:00:00,0.011799999999999946
1993-11-17 23:00:00,0.011779999999999947
1993-11-18 23:00:00,0.011794999999999946
1993-11-19 23:00:00,0.011884999999999946
1993-11-22 23:00:00,0.011894999999999947
1993-11-23 23:00:00,0.011869999999999947
1993-11-24 23:00:00,0.011889999999999946
1993-11-29 23:00:00,0.011839999999999946
1993-11-30 23:00:00,0.011884999999999946
1993-12-01 23:00:00,0.012039999999999947
1993-12-02 23:00:00,0.012049999999999946
1993-12-03 23:00:00,0.012044999999999946
1993-12-06 23:00:00,0.012129999999999946
1993-12-07 23:00:00,0.012139999999999946
1993-12-08 23:00:00,0.012144999999999946
1993-12-09 23:00:00,0.012109999999999947
1993-12-10 23:00:00,0.012404999999999947
1993-12-13 23:00:00,0.012444999999999946
1993-12-14 23:00:00,0.012329999999999947
1993-12-15 23:00:00,0.012304999999999946
1993-12-16 23:00:00,0.012324999999999947
1993-12-17 23:00:00,0.012424999999999947
1993-12-20 23:00:00,0.012514999999999946
1993-12-21 23:00:00,0.012584999999999947
1993-12-22 23:00:00,0.012539999999999947
1993-12-23 23:00:00,0.012529999999999946
1993-12-27 23:00:00,0.012579999999999947
1993-12-28 23:00:00,0.012599999999999948
1993-12-29 23:00:00,0.012674999999999947
1993-12-30 23:00:00,0.012714999999999947
1994-01-03 23:00:00,0.012409999999999947
1994-01-04 23:00:00,0.012369999999999947
1994-01-05 23:00:00,0.012394999999999946
1994-01-06 23:00:00,0.012369999999999947
1994-01-07 23:00:00,0.012244999999999945
1994-01-10 23:00:00,0.012504999999999947
1994-01-11 23:00:00,0.012504999999999947
1994-01-12 23:00:00,0.012519999999999946
1994-01-13 23:00:00,0.012679999999999947
1994-01-14 23:00:00,0.012834999999999945
1994-01-17 23:00:00,0.012884999999999947
1994-01-18 23:00:00,0.013054999999999947
1994-01-19 23:00:00,0.013054999999999947
1994-01-20 23:00:00,0.013044999999999946
1994-01-21 23:00:00,0.012949999999999948
1994-01-24 23:00:00,0.013039999999999946
1994-01-25 23:00:00,0.013034999999999946
1994-01-26 23:00:00,0.013069999999999946
1994-01-27 23:00:00,0.013064999999999946
1994-01-28 23:00:00,0.012954999999999947
1994-01-31 23:00:00,0.013064999999999946
1994-02-01 23:00:00,0.013344999999999945
1994-02-02 23:00:00,0.013414999999999946
1994-02-03 23:00:00,0.013374999999999946
1994-02-04 23:00:00,0.013284999999999946
1994-02-07 23:00:00,0.013314999999999947
1994-02-08 23:00:00,0.013089999999999945
1994-02-09 23:00:00,0.013069999999999946
1994-02-10 23:00:00,0.012944999999999946
1994-02-11 23:00:00,0.012799999999999947
1994-02-14 23:00:00,0.012884999999999947
1994-02-15 23:00:00,0.013009999999999947
1994-02-16 23:00:00,0.013044999999999946
1994-02-17 23:00:00,0.013194999999999946
1994-02-18 23:00:00,0.013014999999999947
1994-02-22 23:00:00,0.013064999999999946
1994-02-23 23:00:00,0.013034999999999946
1994-02-24 23:00:00,0.013109999999999946
1994-02-25 23:00:00,0.012969999999999947
1994-02-28 23:00:00,0.013054999999999947
1994-03-01 23:00:00,0.012979999999999946
1994-03-02 23:00:00,0.013114999999999946
1994-03-03 23:00:00,0.013144999999999945
1994-03-04 23:00:00,0.013344999999999945
1994-03-07 23:00:00,0.013239999999999946
1994-03-08 23:00:00,0.013264999999999947
1994-03-09 23:00:00,0.013234999999999946
1994-03-10 23:00:00,0.013284999999999946
1994-03-11 23:00:00,0.013474999999999945
1994-03-14 23:00:00,0.013479999999999947
1994-03-15 23:00:00,0.013594999999999946
1994-03-16 23:00:00,0.013704999999999948
1994-03-17 23:00:00,0.013569999999999947
1994-03-18 23:00:00,0.013609999999999947
1994-03-21 23:00:00,0.013459999999999946
1994-03-22 23:00:00,0.013484999999999947
1994-03-23 23:00:00,0.013479999999999947
1994-03-24 23:00:00,0.013369999999999946
1994-03-25 23:00:00,0.013519999999999947
1994-03-28 23:00:00,0.013454999999999948
1994-03-29 23:00:00,0.013324999999999946
1994-03-30 23:00:00,0.013034999999999946
1994-03-31 23:00:00,0.013064999999999946
1994-04-04 23:00:00,0.013169999999999946
1994-04-05 23:00:00,0.013089999999999945
1994-04-06 23:00:00,0.012959999999999947
1994-04-07 23:00:00,0.013069999999999946
1994-04-08 23:00:00,0.013049999999999945
1994-04-11 23:00:00,0.013124999999999946
1994-04-12 23:00:00,0.013124999999999946
1994-04-13 23:00:00,0.013104999999999947
1994-04-14 23:00:00,0.013074999999999946
1994-04-15 23:00:00,0.013104999999999947
1994-04-18 23:00:00,0.013104999999999947
1994-04-19 23:00:00,0.013149999999999946
1994-04-20 23:00:00,0.013079999999999946
1994-04-21 23:00:00,0.013234999999999946
1994-04-22 23:00:00,0.013304999999999945
1994-04-25 23:00:00,0.013294999999999947
1994-04-26 23:00:00,0.013279999999999946
1994-04-28 23:00:00,0.013494999999999946
1994-04-29 23:00:00,0.013504999999999946
1994-05-02 23:00:00,0.013659999999999946
1994-05-03 23:00:00,0.013684999999999945
1994-05-04 23:00:00,0.013604999999999947
1994-05-05 23:00:00,0.013619999999999946
1994-05-06 23:00:00,0.013899999999999945
1994-05-09 23:00:00,0.014109999999999946
1994-05-10 23:00:00,0.013954999999999945
1994-05-11 23:00:00,0.014154999999999945
1994-05-12 23:00:00,0.014164999999999945
1994-05-13 23:00:00,0.014534999999999946
1994-05-16 23:00:00,0.014554999999999946
1994-05-17 23:00:00,0.014759999999999942
1994-05-18 23:00:00,0.014869999999999944
1994-05-19 23:00:00,0.01478999999999994
1994-05-20 23:00:00,0.014599999999999945
1994-05-23 23:00:00,0.014989999999999943
1994-05-24 23:00:00,0.014909999999999942
1994-05-25 23:00:00,0.014684999999999943
1994-05-26 23:00:00,0.014554999999999946
1994-05-27 23:00:00,0.014659999999999946
1994-05-31 23:00:00,0.014729999999999943
1994-06-01 23:00:00,0.014454999999999945
1994-06-02 23:00:00,0.014544999999999947
1994-06-03 23:00:00,0.014664999999999944
1994-06-06 23:00:00,0.014549999999999947
1994-06-07 23:00:00,0.015034999999999946
1994-06-08 23:00:00,0.015209999999999944
1994-06-09 23:00:00,0.015299999999999944
1994-06-10 23:00:00,0.015284999999999943
1994-06-13 23:00:00,0.015514999999999944
1994-06-14 23:00:00,0.015349999999999945
1994-06-15 23:00:00,0.015384999999999942
1994-06-16 23:00:00,0.015484999999999942
1994-06-17 23:00:00,0.015719999999999942
1994-06-20 23:00:00,0.015564999999999942
1994-06-21 23:00:00,0.015529999999999945
1994-06-22 23:00:00,0.015694999999999938
1994-06-23 23:00:00,0.015684999999999942
1994-06-24 23:00:00,0.015569999999999943
1994-06-27 23:00:00,0.01546999999999994
1994-06-28 23:00:00,0.015014999999999943
1994-06-29 23:00:00,0.015044999999999942
1994-06-30 23:00:00,0.015159999999999943
1994-07-01 23:00:00,0.015449999999999945
1994-07-05 23:00:00,0.015584999999999941
1994-07-06 23:00:00,0.01546999999999994
1994-07-07 23:00:00,0.015354999999999943
1994-07-08 23:00:00,0.015299999999999944
1994-07-11 23:00:00,0.015359999999999941
1994-07-12 23:00:00,0.015394999999999942
1994-07-13 23:00:00,0.015424999999999944
1994-07-14 23:00:00,0.015609999999999942
1994-07-15 23:00:00,0.015584999999999941
1994-07-18 23:00:00,0.015579999999999943
1994-07-19 23:00:00,0.01595499999999994
1994-07-20 23:00:00,0.01584999999999994
1994-07-21 23:00:00,0.015844999999999942
1994-07-22 23:00:00,0.015774999999999942
1994-07-25 23:00:00,0.015844999999999942
1994-07-26 23:00:00,0.01546999999999994
1994-07-27 23:00:00,0.015449999999999945
1994-07-28 23:00:00,0.015364999999999943
1994-07-29 23:00:00,0.015474999999999942
1994-08-01 23:00:00,0.015299999999999944
1994-08-02 23:00:00,0.015349999999999945
1994-08-03 23:00:00,0.014999999999999946
1994-08-04 23:00:00,0.015074999999999944
1994-08-05 23:00:00,0.015019999999999945
1994-08-08 23:00:00,0.015194999999999943
1994-08-09 23:00:00,0.015059999999999943
1994-08-10 23:00:00,0.015229999999999943
1994-08-11 23:00:00,0.015319999999999943
1994-08-12 23:00:00,0.015179999999999942
1994-08-15 23:00:00,0.015194999999999943
1994-08-16 23:00:00,0.015134999999999942
1994-08-17 23:00:00,0.015274999999999943
1994-08-18 23:00:00,0.015289999999999944
1994-08-19 23:00:00,0.015199999999999944
1994-08-22 23:00:00,0.015044999999999946
1994-08-23 23:00:00,0.015119999999999944
1994-08-24 23:00:00,0.015299999999999944
1994-08-25 23:00:00,0.015264999999999944
1994-08-26 23:00:00,0.015509999999999942
1994-08-29 23:00:00,0.015644999999999944
1994-08-30 23:00:00,0.015694999999999945
1994-08-31 23:00:00,0.01592499999999994
1994-09-01 23:00:00,0.015769999999999944
1994-09-02 23:00:00,0.01579999999999994
1994-09-06 23:00:00,0.015824999999999943
1994-09-07 23:00:00,0.015824999999999943
1994-09-08 23:00:00,0.015809999999999942
1994-09-09 23:00:00,0.01583499999999994
1994-09-12 23:00:00,0.016034999999999938
1994-09-13 23:00:00,0.01588499999999994
1994-09-14 23:00:00,0.015929999999999944
1994-09-15 23:00:00,0.01582999999999994
1994-09-16 23:00:00,0.016074999999999944
1994-09-19 23:00:00,0.016089999999999945
1994-09-20 23:00:00,0.016069999999999945
1994-09-21 23:00:00,0.01604999999999994
1994-09-22 23:00:00,0.01609999999999994
1994-09-23 23:00:00,0.01622499999999994
1994-09-26 23:00:00,0.016149999999999942
1994-09-27 23:00:00,0.016184999999999942
1994-09-28 23:00:00,0.016159999999999945
1994-09-29 23:00:00,0.015964999999999945
1994-09-30 23:00:00,0.015604999999999944
1994-10-03 23:00:00,0.01579999999999994
1994-10-04 23:00:00,0.01588499999999994
1994-10-05 23:00:00,0.01593999999999994
1994-10-06 23:00:00,0.015984999999999944
1994-10-07 23:00:00,0.01581499999999994
1994-10-10 23:00:00,0.01583499999999994
1994-10-11 23:00:00,0.015784999999999945
1994-10-12 23:00:00,0.01582999999999994
1994-10-13 23:00:00,0.015719999999999942
1994-10-14 23:00:00,0.015769999999999944
1994-10-17 23:00:00,0.01572499999999994
1994-10-18 23:00:00,0.015809999999999942
1994-10-19 23:00:00,0.01620999999999994
1994-10-20 23:00:00,0.016109999999999944
1994-10-21 23:00:00,0.01604499999999994
1994-10-24 23:00:00,0.01613999999999994
1994-10-25 23:00:00,0.016274999999999942
1994-10-26 23:00:00,0.01654999999999994
1994-10-27 23:00:00,0.016684999999999943
1994-10-28 23:00:00,0.016694999999999946
1994-10-31 23:00:00,0.016609999999999944
1994-11-01 23:00:00,0.01690999999999994
1994-11-02 23:00:00,0.01697999999999994
1994-11-03 23:00:00,0.016719999999999943
1994-11-04 23:00:00,0.017019999999999945
1994-11-07 23:00:00,0.016754999999999944
1994-11-08 23:00:00,0.016739999999999942
1994-11-09 23:00:00,0.01661999999999994
1994-11-10 23:00:00,0.016684999999999943
1994-11-11 23:00:00,0.016794999999999942
1994-11-14 23:00:00,0.01709999999999994
1994-11-15 23:00:00,0.017254999999999944
1994-11-16 23:00:00,0.01778499999999994
1994-11-17 23:00:00,0.017704999999999943
1994-11-18 23:00:00,0.01769499999999994
1994-11-21 23:00:00,0.017829999999999943
1994-11-22 23:00:00,0.017594999999999944
1994-11-23 23:00:00,0.01751499999999994
1994-11-28 23:00:00,0.01769499999999994
1994-11-29 23:00:00,0.018099999999999943
1994-11-30 23:00:00,0.01812499999999994
1994-12-01 23:00:00,0.018294999999999936
1994-12-02 23:00:00,0.01829999999999994
1994-12-05 23:00:00,0.018079999999999943
1994-12-06 23:00:00,0.01803499999999994
1994-12-07 23:00:00,0.01789499999999994
1994-12-08 23:00:00,0.018259999999999943
1994-12-09 23:00:00,0.01817999999999994
1994-12-12 23:00:00,0.018204999999999943
1994-12-13 23:00:00,0.018114999999999944
1994-12-14 23:00:00,0.01832499999999994
1994-12-15 23:00:00,0.01851499999999994
1994-12-16 23:00:00,0.018484999999999942
1994-12-19 23:00:00,0.01829999999999994
1994-12-20 23:00:00,0.01822999999999994
1994-12-21 23:00:00,0.018424999999999938
1994-12-22 23:00:00,0.018424999999999938
1994-12-23 23:00:00,0.018349999999999943
1994-12-27 23:00:00,0.018444999999999937
1994-12-28 23:00:00,0.018689999999999943
1994-12-29 23:00:00,0.018704999999999944
1994-12-30 23:00:00,0.018759999999999936
1995-01-03 23:00:00,0.01826999999999994
1995-01-04 23:00:00,0.018169999999999943
1995-01-05 23:00:00,0.01837999999999994
1995-01-06 23:00:00,0.018529999999999942
1995-01-09 23:00:00,0.018804999999999943
1995-01-10 23:00:00,0.01882999999999994
1995-01-11 23:00:00,0.01865999999999994
1995-01-12 23:00:00,0.01869999999999994
1995-01-13 23:00:00,0.01869499999999994
1995-01-16 23:00:00,0.018464999999999943
1995-01-17 23:00:00,0.018784999999999944
1995-01-18 23:00:00,0.018859999999999943
1995-01-19 23:00:00,0.019169999999999937
1995-01-20 23:00:00,0.01903999999999994
1995-01-23 23:00:00,0.018934999999999938
1995-01-24 23:00:00,0.01906999999999994
1995-01-25 23:00:00,0.01873499999999994
1995-01-26 23:00:00,0.01889499999999994
1995-01-27 23:00:00,0.018719999999999938
1995-01-30 23:00:00,0.01865999999999994
1995-01-31 23:00:00,0.018529999999999942
1995-02-01 23:00:00,0.01811999999999994
1995-02-02 23:00:00,0.01826999999999994
1995-02-03 23:00:00,0.018024999999999937
1995-02-06 23:00:00,0.018079999999999943
1995-02-07 23:00:00,0.017844999999999937
1995-02-08 23:00:00,0.01790999999999994
1995-02-09 23:00:00,0.01805499999999994
1995-02-10 23:00:00,0.01833999999999994
1995-02-13 23:00:00,0.01817499999999994
1995-02-14 23:00:00,0.01831999999999994
1995-02-15 23:00:00,0.01828499999999994
1995-02-16 23:00:00,0.01839999999999994
1995-02-17 23:00:00,0.01833999999999994
1995-02-21 23:00:00,0.018359999999999935
1995-02-22 23:00:00,0.01823499999999994
1995-02-23 23:00:00,0.018314999999999935
1995-02-24 23:00:00,0.018374999999999937
1995-02-27 23:00:00,0.018394999999999943
1995-02-28 23:00:00,0.01814499999999994
1995-03-01 23:00:00,0.018389999999999938
1995-03-02 23:00:00,0.01845499999999994
1995-03-03 23:00:00,0.018564999999999943
1995-03-06 23:00:00,0.018479999999999937
1995-03-07 23:00:00,0.018579999999999937
1995-03-08 23:00:00,0.018709999999999935
1995-03-09 23:00:00,0.018669999999999937
1995-03-10 23:00:00,0.018669999999999937
1995-03-13 23:00:00,0.018779999999999936
1995-03-14 23:00:00,0.01876999999999994
1995-03-15 23:00:00,0.01867999999999994
1995-03-16 23:00:00,0.01873499999999994
1995-03-17 23:00:00,0.01871499999999994
1995-03-20 23:00:00,0.018784999999999937
1995-03-21 23:00:00,0.01872999999999994
1995-03-22 23:00:00,0.019119999999999943
1995-03-23 23:00:00,0.01908999999999994
1995-03-24 23:00:00,0.01917999999999994
1995-03-27 23:00:00,0.01916499999999994
1995-03-28 23:00:00,0.01906999999999994
1995-03-29 23:00:00,0.01901999999999994
1995-03-30 23:00:00,0.01914499999999994
1995-03-31 23:00:00,0.018959999999999935
1995-04-03 23:00:00,0.01912999999999994
1995-04-04 23:00:00,0.01901499999999994
1995-04-05 23:00:00,0.01901499999999994
1995-04-06 23:00:00,0.01894499999999994
1995-04-07 23:00:00,0.019029999999999943
1995-04-10 23:00:00,0.01894499999999994
1995-04-11 23:00:00,0.018904999999999943
1995-04-12 23:00:00,0.018804999999999936
1995-04-13 23:00:00,0.018839999999999937
1995-04-17 23:00:00,0.018869999999999942
1995-04-18 23:00:00,0.01886499999999994
1995-04-19 23:00:00,0.01832499999999994
1995-04-20 23:00:00,0.01847499999999994
1995-04-21 23:00:00,0.01858999999999994
1995-04-24 23:00:00,0.01828499999999994
1995-04-25 23:00:00,0.01801999999999994
1995-04-26 23:00:00,0.01810499999999994
1995-04-27 23:00:00,0.01814499999999994
1995-04-28 23:00:00,0.018309999999999937
1995-05-01 23:00:00,0.01811999999999994
1995-05-02 23:00:00,0.018059999999999937
1995-05-03 23:00:00,0.01813999999999994
1995-05-04 23:00:00,0.017844999999999944
1995-05-05 23:00:00,0.01785999999999994
1995-05-08 23:00:00,0.01790999999999994
1995-05-09 23:00:00,0.01798499999999994
1995-05-10 23:00:00,0.018024999999999937
1995-05-11 23:00:00,0.01813999999999994
1995-05-12 23:00:00,0.018094999999999938
1995-05-15 23:00:00,0.01805499999999994
1995-05-16 23:00:00,0.018099999999999943
1995-05-17 23:00:00,0.01805499999999994
1995-05-18 23:00:00,0.018094999999999938
1995-05-19 23:00:00,0.01810999999999994
1995-05-22 23:00:00,0.018024999999999937
1995-05-23 23:00:00,0.01845499999999994
1995-05-24 23:00:00,0.01869499999999994
1995-05-25 23:00:00,0.01858999999999994
1995-05-26 23:00:00,0.018709999999999942
1995-05-30 23:00:00,0.018649999999999937
1995-05-31 23:00:00,0.01869999999999994
1995-06-01 23:00:00,0.01894999999999994
1995-06-02 23:00:00,0.01898499999999994
1995-06-05 23:00:00,0.01900499999999994
1995-06-06 23:00:00,0.01879999999999994
1995-06-07 23:00:00,0.01896999999999994
1995-06-08 23:00:00,0.01879999999999994
1995-06-09 23:00:00,0.01906999999999994
1995-06-12 23:00:00,0.019029999999999943
1995-06-13 23:00:00,0.018884999999999937
1995-06-14 23:00:00,0.019084999999999942
1995-06-15 23:00:00,0.019494999999999936
1995-06-16 23:00:00,0.019584999999999943
1995-06-19 23:00:00,0.019459999999999936
1995-06-20 23:00:00,0.01959499999999994
1995-06-21 23:00:00,0.019699999999999943
1995-06-22 23:00:00,0.019989999999999942
1995-06-23 23:00:00,0.01977999999999994
1995-06-26 23:00:00,0.01974499999999994
1995-06-27 23:00:00,0.01942999999999994
1995-06-28 23:00:00,0.01956999999999994
1995-06-29 23:00:00,0.019614999999999938
1995-06-30 23:00:00,0.01956999999999994
1995-07-05 23:00:00,0.019514999999999942
1995-07-06 23:00:00,0.01948499999999994
1995-07-07 23:00:00,0.019579999999999938
1995-07-10 23:00:00,0.01962499999999994
1995-07-11 23:00:00,0.019809999999999942
1995-07-12 23:00:00,0.01995499999999994
1995-07-13 23:00:00,0.01983499999999994
1995-07-14 23:00:00,0.01995999999999994
1995-07-17 23:00:00,0.019774999999999942
1995-07-18 23:00:00,0.01975999999999994
1995-07-19 23:00:00,0.01937499999999994
1995-07-20 23:00:00,0.01928999999999994
1995-07-21 23:00:00,0.01906999999999994
1995-07-24 23:00:00,0.019099999999999943
1995-07-25 23:00:00,0.019154999999999943
1995-07-26 23:00:00,0.01919999999999994
1995-07-27 23:00:00,0.019209999999999942
1995-07-28 23:00:00,0.01934499999999994
1995-07-31 23:00:00,0.01942999999999994
1995-08-01 23:00:00,0.019369999999999936
1995-08-02 23:00:00,0.01986999999999994
1995-08-03 23:00:00,0.01981999999999994
1995-08-04 23:00:00,0.019804999999999937
1995-08-07 23:00:00,0.01962499999999994
1995-08-08 23:00:00,0.019509999999999937
1995-08-09 23:00:00,0.019584999999999943
1995-08-10 23:00:00,0.01953999999999994
1995-08-11 23:00:00,0.019584999999999943
1995-08-14 23:00:00,0.019549999999999942
1995-08-15 23:00:00,0.01979499999999994
1995-08-16 23:00:00,0.020074999999999937
1995-08-17 23:00:00,0.02002999999999994
1995-08-18 23:00:00,0.02013999999999994
1995-08-21 23:00:00,0.01997499999999994
1995-08-22 23:00:00,0.01997999999999994
1995-08-23 23:00:00,0.019984999999999937
1995-08-24 23:00:00,0.02009999999999994
1995-08-25 23:00:00,0.019929999999999937
1995-08-28 23:00:00,0.01988999999999994
1995-08-29 23:00:00,0.019719999999999942
1995-08-30 23:00:00,0.019474999999999944
1995-08-31 23:00:00,0.01955499999999994
1995-09-01 23:00:00,0.019564999999999944
1995-09-05 23:00:00,0.019509999999999937
1995-09-06 23:00:00,0.01960999999999994
1995-09-07 23:00:00,0.01953499999999994
1995-09-08 23:00:00,0.01942999999999994
1995-09-11 23:00:00,0.01959499999999994
1995-09-12 23:00:00,0.019274999999999938
1995-09-13 23:00:00,0.019149999999999938
1995-09-14 23:00:00,0.01912999999999994
1995-09-15 23:00:00,0.01923499999999994
1995-09-18 23:00:00,0.01923499999999994
1995-09-19 23:00:00,0.01941499999999994
1995-09-20 23:00:00,0.01937499999999994
1995-09-21 23:00:00,0.019619999999999943
1995-09-22 23:00:00,0.01958999999999994
1995-09-25 23:00:00,0.01950499999999994
1995-09-26 23:00:00,0.019579999999999938
1995-09-27 23:00:00,0.01933999999999994
1995-09-28 23:00:00,0.019494999999999936
1995-09-29 23:00:00,0.019524999999999938
1995-10-02 23:00:00,0.019364999999999945
1995-10-03 23:00:00,0.01930499999999994
1995-10-04 23:00:00,0.019424999999999942
1995-10-05 23:00:00,0.019134999999999944
1995-10-06 23:00:00,0.01910999999999994
1995-10-09 23:00:00,0.019029999999999943
1995-10-10 23:00:00,0.018719999999999938
1995-10-11 23:00:00,0.01886499999999994
1995-10-12 23:00:00,0.019059999999999938
1995-10-13 23:00:00,0.01901999999999994
1995-10-16 23:00:00,0.019064999999999936
1995-10-17 23:00:00,0.018744999999999942
1995-10-18 23:00:00,0.01846999999999994
1995-10-19 23:00:00,0.01884499999999994
1995-10-20 23:00:00,0.01866499999999994
1995-10-23 23:00:00,0.01889499999999994
1995-10-24 23:00:00,0.01875499999999994
1995-10-25 23:00:00,0.01879999999999994
1995-10-26 23:00:00,0.018859999999999943
1995-10-27 23:00:00,0.01872999999999994
1995-10-30 23:00:00,0.018724999999999943
1995-10-31 23:00:00,0.01883499999999994
1995-11-01 23:00:00,0.019244999999999943
1995-11-02 23:00:00,0.01960999999999994
1995-11-03 23:00:00,0.019654999999999936
1995-11-06 23:00:00,0.01958999999999994
1995-11-07 23:00:00,0.01976499999999994
1995-11-08 23:00:00,0.01956999999999994
1995-11-09 23:00:00,0.019714999999999944
1995-11-10 23:00:00,0.01986499999999994
1995-11-13 23:00:00,0.01970999999999994
1995-11-14 23:00:00,0.01953999999999994
1995-11-15 23:00:00,0.01937999999999994
1995-11-16 23:00:00,0.019514999999999942
1995-11-17 23:00:00,0.01950499999999994
1995-11-20 23:00:00,0.01962999999999994
1995-11-21 23:00:00,0.01964999999999994
1995-11-22 23:00:00,0.019619999999999943
1995-11-27 23:00:00,0.01962499999999994
1995-11-28 23:00:00,0.01956999999999994
1995-11-29 23:00:00,0.01955499999999994
1995-11-30 23:00:00,0.01949999999999994
1995-12-01 23:00:00,0.019439999999999943
1995-12-04 23:00:00,0.01942999999999994
1995-12-05 23:00:00,0.01935499999999994
1995-12-06 23:00:00,0.019044999999999937
1995-12-07 23:00:00,0.01930499999999994
1995-12-08 23:00:00,0.01921999999999994
1995-12-11 23:00:00,0.019424999999999942
1995-12-12 23:00:00,0.019294999999999944
1995-12-13 23:00:00,0.01950499999999994
1995-12-14 23:00:00,0.01988499999999994
1995-12-15 23:00:00,0.019529999999999943
1995-12-18 23:00:00,0.019454999999999945
1995-12-19 23:00:00,0.01946999999999994
1995-12-20 23:00:00,0.019544999999999937
1995-12-21 23:00:00,0.01949999999999994
1995-12-22 23:00:00,0.01935499999999994
1995-12-26 23:00:00,0.01933999999999994
1995-12-27 23:00:00,0.01930999999999994
1995-12-28 23:00:00,0.019314999999999943
1995-12-29 23:00:00,0.01919499999999994
1996-01-02 23:00:00,0.01894999999999994
1996-01-03 23:00:00,0.01882999999999994
1996-01-04 23:00:00,0.01860999999999994
1996-01-05 23:00:00,0.01884499999999994
1996-01-09 23:00:00,0.018544999999999943
1996-01-10 23:00:00,0.018619999999999942
1996-01-11 23:00:00,0.01867499999999994
1996-01-12 23:00:00,0.018409999999999944
1996-01-15 23:00:00,0.01830499999999994
1996-01-16 23:00:00,0.018394999999999943
1996-01-17 23:00:00,0.01830499999999994
1996-01-18 23:00:00,0.018619999999999942
1996-01-19 23:00:00,0.01835499999999994
1996-01-22 23:00:00,0.018414999999999942
1996-01-23 23:00:00,0.01866499999999994
1996-01-24 23:00:00,0.018759999999999943
1996-01-25 23:00:00,0.018499999999999937
1996-01-26 23:00:00,0.018429999999999943
1996-01-29 23:00:00,0.018449999999999942
1996-01-30 23:00:00,0.018684999999999945
1996-01-31 23:00:00,0.018619999999999942
1996-02-01 23:00:00,0.018879999999999945
1996-02-02 23:00:00,0.018879999999999945
1996-02-05 23:00:00,0.018784999999999944
1996-02-06 23:00:00,0.018774999999999938
1996-02-07 23:00:00,0.01894999999999994
1996-02-08 23:00:00,0.018859999999999943
1996-02-09 23:00:00,0.018859999999999943
1996-02-12 23:00:00,0.018719999999999938
1996-02-13 23:00:00,0.018479999999999944
1996-02-14 23:00:00,0.01854999999999994
1996-02-15 23:00:00,0.018504999999999938
1996-02-16 23:00:00,0.01838499999999994
1996-02-20 23:00:00,0.018509999999999943
1996-02-21 23:00:00,0.018529999999999942
1996-02-22 23:00:00,0.018649999999999937
1996-02-23 23:00:00,0.018704999999999944
1996-02-26 23:00:00,0.01860999999999994
1996-02-27 23:00:00,0.01867499999999994
1996-02-28 23:00:00,0.01854999999999994
1996-02-29 23:00:00,0.01881499999999994
1996-03-01 23:00:00,0.018904999999999943
1996-03-04 23:00:00,0.01906999999999994
1996-03-05 23:00:00,0.01892999999999994
1996-03-06 23:00:00,0.01896999999999994
1996-03-07 23:00:00,0.01900499999999994
1996-03-08 23:00:00,0.019274999999999938
1996-03-11 23:00:00,0.019184999999999938
1996-03-12 23:00:00,0.01924999999999994
1996-03-13 23:00:00,0.019169999999999937
1996-03-14 23:00:00,0.01900499999999994
1996-03-15 23:00:00,0.01897999999999994
1996-03-18 23:00:00,0.01908999999999994
1996-03-19 23:00:00,0.01896999999999994
1996-03-20 23:00:00,0.018994999999999942
1996-03-21 23:00:00,0.018974999999999943
1996-03-22 23:00:00,0.018799999999999945
1996-03-25 23:00:00,0.018774999999999938
1996-03-26 23:00:00,0.018904999999999943
1996-03-27 23:00:00,0.01884499999999994
1996-03-28 23:00:00,0.01890999999999994
1996-03-29 23:00:00,0.018934999999999938
1996-04-01 23:00:00,0.018739999999999937
1996-04-02 23:00:00,0.01863999999999994
1996-04-03 23:00:00,0.01854999999999994
1996-04-04 23:00:00,0.018619999999999942
1996-04-08 23:00:00,0.018619999999999942
1996-04-09 23:00:00,0.01858999999999994
1996-04-10 23:00:00,0.018824999999999942
1996-04-11 23:00:00,0.01916499999999994
1996-04-12 23:00:00,0.019224999999999944
1996-04-15 23:00:00,0.019059999999999938
1996-04-16 23:00:00,0.01912499999999994
1996-04-17 23:00:00,0.019204999999999944
1996-04-18 23:00:00,0.019294999999999944
1996-04-19 23:00:00,0.019514999999999942
1996-04-22 23:00:00,0.019479999999999942
1996-04-23 23:00:00,0.01941499999999994
1996-04-24 23:00:00,0.01953499999999994
1996-04-25 23:00:00,0.01955499999999994
1996-04-26 23:00:00,0.01953499999999994
1996-04-29 23:00:00,0.01944999999999994
1996-04-30 23:00:00,0.01937999999999994
1996-05-01 23:00:00,0.019524999999999938
1996-05-02 23:00:00,0.01946999999999994
1996-05-03 23:00:00,0.019684999999999942
1996-05-06 23:00:00,0.019594999999999946
1996-05-07 23:00:00,0.01995499999999994
1996-05-08 23:00:00,0.02000999999999994
1996-05-09 23:00:00,0.01995999999999994
1996-05-10 23:00:00,0.019914999999999943
1996-05-13 23:00:00,0.020019999999999944
1996-05-14 23:00:00,0.019874999999999938
1996-05-15 23:00:00,0.01982999999999994
1996-05-16 23:00:00,0.01982999999999994
1996-05-17 23:00:00,0.019024999999999938
1996-05-20 23:00:00,0.018584999999999942
1996-05-21 23:00:00,0.018619999999999942
1996-05-22 23:00:00,0.018819999999999944
1996-05-23 23:00:00,0.01882999999999994
1996-05-24 23:00:00,0.01872999999999994
1996-05-28 23:00:00,0.018824999999999942
1996-05-29 23:00:00,0.019084999999999942
1996-05-30 23:00:00,0.01901499999999994
1996-05-31 23:00:00,0.01896499999999994
1996-06-03 23:00:00,0.01882999999999994
1996-06-04 23:00:00,0.01853499999999994
1996-06-05 23:00:00,0.017669999999999943
1996-06-06 23:00:00,0.017829999999999943
1996-06-07 23:00:00,0.01817499999999994
1996-06-10 23:00:00,0.018259999999999943
1996-06-11 23:00:00,0.017594999999999937
1996-06-12 23:00:00,0.017974999999999942
1996-06-13 23:00:00,0.017879999999999945
1996-06-14 23:00:00,0.01684999999999994
1996-06-17 23:00:00,0.01685499999999994
1996-06-18 23:00:00,0.016989999999999943
1996-06-19 23:00:00,0.01715999999999994
1996-06-20 23:00:00,0.01688499999999994
1996-06-21 23:00:00,0.016489999999999942
1996-06-24 23:00:00,0.01638999999999994
1996-06-25 23:00:00,0.01599499999999994
1996-06-26 23:00:00,0.01638999999999994
1996-06-27 23:00:00,0.01661999999999994
1996-06-28 23:00:00,0.01670999999999994
1996-07-01 23:00:00,0.01649499999999994
1996-07-02 23:00:00,0.016484999999999944
1996-07-03 23:00:00,0.016449999999999944
1996-07-08 23:00:00,0.01672499999999994
1996-07-09 23:00:00,0.016749999999999945
1996-07-10 23:00:00,0.01663999999999994
1996-07-11 23:00:00,0.016399999999999942
1996-07-12 23:00:00,0.01650999999999994
1996-07-15 23:00:00,0.016304999999999938
1996-07-16 23:00:00,0.016429999999999945
1996-07-17 23:00:00,0.01651499999999994
1996-07-18 23:00:00,0.01647499999999994
1996-07-19 23:00:00,0.016489999999999942
1996-07-22 23:00:00,0.016609999999999944
1996-07-23 23:00:00,0.016864999999999943
1996-07-24 23:00:00,0.016949999999999944
1996-07-25 23:00:00,0.017149999999999943
1996-07-26 23:00:00,0.017034999999999946
1996-07-29 23:00:00,0.01688499999999994
1996-07-30 23:00:00,0.01688999999999994
1996-07-31 23:00:00,0.016989999999999943
1996-08-01 23:00:00,0.016914999999999944
1996-08-02 23:00:00,0.01681499999999994
1996-08-05 23:00:00,0.01668999999999994
1996-08-06 23:00:00,0.016864999999999943
1996-08-07 23:00:00,0.016919999999999942
1996-08-08 23:00:00,0.01681999999999994
1996-08-09 23:00:00,0.016879999999999944
1996-08-12 23:00:00,0.016789999999999944
1996-08-13 23:00:00,0.01679999999999994
1996-08-14 23:00:00,0.016969999999999943
1996-08-15 23:00:00,0.01692499999999994
1996-08-16 23:00:00,0.016714999999999945
1996-08-19 23:00:00,0.01692499999999994
1996-08-20 23:00:00,0.01672999999999994
1996-08-21 23:00:00,0.01681999999999994
1996-08-22 23:00:00,0.016794999999999942
1996-08-23 23:00:00,0.016829999999999942
1996-08-26 23:00:00,0.016789999999999944
1996-08-27 23:00:00,0.01681499999999994
1996-08-28 23:00:00,0.01684999999999994
1996-08-29 23:00:00,0.016899999999999943
1996-08-30 23:00:00,0.01735499999999994
1996-09-03 23:00:00,0.017414999999999944
1996-09-04 23:00:00,0.017269999999999945
1996-09-05 23:00:00,0.01672999999999994
1996-09-06 23:00:00,0.016809999999999943
1996-09-09 23:00:00,0.01681499999999994
1996-09-10 23:00:00,0.016829999999999942
1996-09-11 23:00:00,0.01654499999999994
1996-09-12 23:00:00,0.01641999999999994
1996-09-13 23:00:00,0.01651499999999994
1996-09-16 23:00:00,0.016489999999999942
1996-09-17 23:00:00,0.01661999999999994
1996-09-18 23:00:00,0.016794999999999942
1996-09-19 23:00:00,0.01684999999999994
1996-09-20 23:00:00,0.016609999999999944
1996-09-23 23:00:00,0.016594999999999943
1996-09-24 23:00:00,0.01674499999999994
1996-09-25 23:00:00,0.01679999999999994
1996-09-26 23:00:00,0.016874999999999946
1996-09-27 23:00:00,0.016954999999999942
1996-09-30 23:00:00,0.01683999999999994
1996-10-01 23:00:00,0.016614999999999942
1996-10-02 23:00:00,0.016739999999999942
1996-10-03 23:00:00,0.016714999999999945
1996-10-04 23:00:00,0.01674499999999994
1996-10-07 23:00:00,0.01667499999999994
1996-10-08 23:00:00,0.01699499999999994
1996-10-09 23:00:00,0.016864999999999943
1996-10-10 23:00:00,0.017054999999999945
1996-10-11 23:00:00,0.01697999999999994
1996-10-14 23:00:00,0.01683999999999994
1996-10-15 23:00:00,0.01688999999999994
1996-10-16 23:00:00,0.016694999999999946
1996-10-17 23:00:00,0.016919999999999942
1996-10-18 23:00:00,0.016984999999999945
1996-10-21 23:00:00,0.017129999999999944
1996-10-22 23:00:00,0.017074999999999944
1996-10-23 23:00:00,0.01712499999999994
1996-10-24 23:00:00,0.017324999999999945
1996-10-25 23:00:00,0.017544999999999943
1996-10-28 23:00:00,0.01737499999999994
1996-10-29 23:00:00,0.01686999999999994
1996-10-30 23:00:00,0.017109999999999945
1996-10-31 23:00:00,0.01695999999999994
1996-11-01 23:00:00,0.017094999999999944
1996-11-04 23:00:00,0.01717499999999994
1996-11-05 23:00:00,0.01703499999999994
1996-11-06 23:00:00,0.017094999999999944
1996-11-07 23:00:00,0.017384999999999942
1996-11-08 23:00:00,0.01726499999999994
1996-11-11 23:00:00,0.01738999999999994
1996-11-12 23:00:00,0.01762499999999994
1996-11-13 23:00:00,0.01761999999999994
1996-11-14 23:00:00,0.017414999999999944
1996-11-15 23:00:00,0.017974999999999942
1996-11-18 23:00:00,0.01831999999999994
1996-11-19 23:00:00,0.01836999999999994
1996-11-20 23:00:00,0.01831999999999994
1996-11-21 23:00:00,0.01835499999999994
1996-11-22 23:00:00,0.018289999999999938
1996-11-25 23:00:00,0.01840499999999994
1996-11-26 23:00:00,0.018619999999999942
1996-11-27 23:00:00,0.018689999999999943
1996-12-02 23:00:00,0.018219999999999938
1996-12-03 23:00:00,0.018274999999999944
1996-12-04 23:00:00,0.01838499999999994
1996-12-05 23:00:00,0.01832499999999994
1996-12-06 23:00:00,0.01821499999999994
1996-12-09 23:00:00,0.01806999999999994
1996-12-10 23:00:00,0.018164999999999938
1996-12-11 23:00:00,0.018244999999999942
1996-12-12 23:00:00,0.01817999999999994
1996-12-13 23:00:00,0.01813999999999994
1996-12-16 23:00:00,0.01787499999999994
1996-12-17 23:00:00,0.017849999999999942
1996-12-18 23:00:00,0.01806999999999994
1996-12-19 23:00:00,0.018239999999999937
1996-12-20 23:00:00,0.018149999999999944
1996-12-23 23:00:00,0.018064999999999942
1996-12-24 23:00:00,0.018094999999999938
1996-12-26 23:00:00,0.01817999999999994
1996-12-27 23:00:00,0.01806999999999994
1996-12-30 23:00:00,0.01803499999999994
1996-12-31 23:00:00,0.01823499999999994
1997-01-02 23:00:00,0.018424999999999938
1997-01-03 23:00:00,0.01843999999999994
1997-01-06 23:00:00,0.01836499999999994
1997-01-07 23:00:00,0.018724999999999943
1997-01-08 23:00:00,0.018689999999999943
1997-01-09 23:00:00,0.01886499999999994
1997-01-10 23:00:00,0.018819999999999937
1997-01-13 23:00:00,0.01884499999999994
1997-01-14 23:00:00,0.01875499999999994
1997-01-15 23:00:00,0.018899999999999945
1997-01-16 23:00:00,0.018789999999999942
1997-01-17 23:00:00,0.01879499999999994
1997-01-20 23:00:00,0.01896499999999994
1997-01-21 23:00:00,0.01883499999999994
1997-01-22 23:00:00,0.018939999999999943
1997-01-23 23:00:00,0.018919999999999937
1997-01-24 23:00:00,0.01887499999999994
1997-01-27 23:00:00,0.018799999999999945
1997-01-28 23:00:00,0.018824999999999942
1997-01-29 23:00:00,0.018459999999999938
1997-01-30 23:00:00,0.018329999999999944
1997-01-31 23:00:00,0.018584999999999942
1997-02-03 23:00:00,0.01845499999999994
1997-02-04 23:00:00,0.01860999999999994
1997-02-05 23:00:00,0.019084999999999942
1997-02-06 23:00:00,0.01906999999999994
1997-02-07 23:00:00,0.018924999999999942
1997-02-10 23:00:00,0.018924999999999942
1997-02-11 23:00:00,0.01880999999999994
1997-02-12 23:00:00,0.01900499999999994
1997-02-13 23:00:00,0.01901499999999994
1997-02-14 23:00:00,0.01897999999999994
1997-02-18 23:00:00,0.01912999999999994
1997-02-19 23:00:00,0.01930499999999994
1997-02-20 23:00:00,0.019334999999999943
1997-02-21 23:00:00,0.01949999999999994
1997-02-24 23:00:00,0.01955999999999994
1997-02-25 23:00:00,0.019454999999999945
1997-02-26 23:00:00,0.01979499999999994
1997-02-27 23:00:00,0.01966499999999994
1997-02-28 23:00:00,0.019619999999999943
1997-03-03 23:00:00,0.019804999999999944
1997-03-04 23:00:00,0.01982999999999994
1997-03-05 23:00:00,0.01956999999999994
1997-03-06 23:00:00,0.019749999999999945
1997-03-07 23:00:00,0.01966999999999994
1997-03-10 23:00:00,0.019524999999999945
1997-03-11 23:00:00,0.01959499999999994
1997-03-12 23:00:00,0.01941499999999994
1997-03-13 23:00:00,0.01946499999999994
1997-03-14 23:00:00,0.019649999999999945
1997-03-17 23:00:00,0.019494999999999943
1997-03-18 23:00:00,0.019404999999999943
1997-03-19 23:00:00,0.01940999999999994
1997-03-20 23:00:00,0.019579999999999945
1997-03-21 23:00:00,0.01973999999999994
1997-03-24 23:00:00,0.01962499999999994
1997-03-25 23:00:00,0.01981999999999994
1997-03-26 23:00:00,0.01959499999999994
1997-03-27 23:00:00,0.01972499999999994
1997-03-31 23:00:00,0.01982999999999994
1997-04-01 23:00:00,0.019694999999999945
1997-04-02 23:00:00,0.019684999999999942
1997-04-03 23:00:00,0.019209999999999942
1997-04-04 23:00:00,0.01935999999999994
1997-04-07 23:00:00,0.019004999999999946
1997-04-08 23:00:00,0.019219999999999945
1997-04-09 23:00:00,0.019294999999999944
1997-04-10 23:00:00,0.01930499999999994
1997-04-11 23:00:00,0.019174999999999942
1997-04-14 23:00:00,0.01907499999999994
1997-04-15 23:00:00,0.019154999999999943
1997-04-16 23:00:00,0.019044999999999944
1997-04-17 23:00:00,0.01910499999999994
1997-04-18 23:00:00,0.019199999999999946
1997-04-21 23:00:00,0.019244999999999943
1997-04-22 23:00:00,0.019489999999999945
1997-04-23 23:00:00,0.019684999999999942
1997-04-24 23:00:00,0.019629999999999946
1997-04-25 23:00:00,0.019734999999999944
1997-04-28 23:00:00,0.01965999999999994
1997-04-29 23:00:00,0.019594999999999946
1997-04-30 23:00:00,0.019774999999999942
1997-05-01 23:00:00,0.01962499999999994
1997-05-02 23:00:00,0.019664999999999946
1997-05-05 23:00:00,0.019684999999999942
1997-05-06 23:00:00,0.019544999999999944
1997-05-07 23:00:00,0.019684999999999942
1997-05-08 23:00:00,0.019784999999999945
1997-05-09 23:00:00,0.019799999999999946
1997-05-12 23:00:00,0.019949999999999943
1997-05-13 23:00:00,0.019949999999999943
1997-05-14 23:00:00,0.020019999999999944
1997-05-15 23:00:00,0.020279999999999947
1997-05-16 23:00:00,0.020259999999999948
1997-05-19 23:00:00,0.02022499999999994
1997-05-20 23:00:00,0.02042499999999994
1997-05-21 23:00:00,0.020459999999999947
1997-05-22 23:00:00,0.020534999999999942
1997-05-23 23:00:00,0.020514999999999943
1997-05-27 23:00:00,0.020479999999999943
1997-05-28 23:00:00,0.020584999999999944
1997-05-29 23:00:00,0.020564999999999944
1997-05-30 23:00:00,0.020549999999999943
1997-06-02 23:00:00,0.020354999999999946
1997-06-03 23:00:00,0.02034999999999994
1997-06-04 23:00:00,0.020204999999999942
1997-06-05 23:00:00,0.020339999999999945
1997-06-06 23:00:00,0.020354999999999946
1997-06-09 23:00:00,0.020394999999999944
1997-06-10 23:00:00,0.020649999999999943
1997-06-11 23:00:00,0.020819999999999943
1997-06-12 23:00:00,0.020774999999999943
1997-06-13 23:00:00,0.020699999999999944
1997-06-16 23:00:00,0.02085999999999994
1997-06-17 23:00:00,0.020829999999999946
1997-06-18 23:00:00,0.020854999999999943
1997-06-19 23:00:00,0.020834999999999944
1997-06-20 23:00:00,0.020499999999999942
1997-06-23 23:00:00,0.020509999999999945
1997-06-24 23:00:00,0.019964999999999945
1997-06-25 23:00:00,0.019769999999999944
1997-06-26 23:00:00,0.019979999999999946
1997-06-27 23:00:00,0.020074999999999944
1997-06-30 23:00:00,0.020104999999999946
1997-07-01 23:00:00,0.019894999999999944
1997-07-02 23:00:00,0.02007999999999994
1997-07-03 23:00:00,0.020014999999999946
1997-07-07 23:00:00,0.019844999999999943
1997-07-08 23:00:00,0.01939499999999994
1997-07-09 23:00:00,0.019139999999999942
1997-07-10 23:00:00,0.01932499999999994
1997-07-11 23:00:00,0.01931999999999994
1997-07-14 23:00:00,0.01951999999999994
1997-07-15 23:00:00,0.019359999999999947
1997-07-16 23:00:00,0.01926999999999994
1997-07-17 23:00:00,0.01953499999999994
1997-07-18 23:00:00,0.019629999999999946
1997-07-21 23:00:00,0.01974499999999994
1997-07-22 23:00:00,0.01957499999999994
1997-07-23 23:00:00,0.01944999999999994
1997-07-24 23:00:00,0.01966999999999994
1997-07-25 23:00:00,0.020034999999999945
1997-07-28 23:00:00,0.019859999999999944
1997-07-29 23:00:00,0.019964999999999945
1997-07-30 23:00:00,0.019479999999999942
1997-07-31 23:00:00,0.019779999999999947
1997-08-01 23:00:00,0.019614999999999945
1997-08-04 23:00:00,0.019509999999999944
1997-08-05 23:00:00,0.01960999999999994
1997-08-06 23:00:00,0.019509999999999944
1997-08-07 23:00:00,0.019699999999999943
1997-08-08 23:00:00,0.01949999999999994
1997-08-11 23:00:00,0.01940999999999994
1997-08-12 23:00:00,0.01937499999999994
1997-08-13 23:00:00,0.019404999999999943
1997-08-14 23:00:00,0.01926999999999994
1997-08-15 23:00:00,0.01888999999999994
1997-08-18 23:00:00,0.018559999999999945
1997-08-19 23:00:00,0.018684999999999945
1997-08-20 23:00:00,0.018694999999999948
1997-08-21 23:00:00,0.018789999999999942
1997-08-22 23:00:00,0.018854999999999945
1997-08-25 23:00:00,0.018769999999999946
1997-08-26 23:00:00,0.01876499999999994
1997-08-27 23:00:00,0.018794999999999947
1997-08-28 23:00:00,0.018594999999999945
1997-08-29 23:00:00,0.01880999999999994
1997-09-02 23:00:00,0.018499999999999944
1997-09-03 23:00:00,0.018679999999999947
1997-09-04 23:00:00,0.01867499999999994
1997-09-05 23:00:00,0.018724999999999943
1997-09-08 23:00:00,0.018599999999999943
1997-09-09 23:00:00,0.018594999999999945
1997-09-10 23:00:00,0.018619999999999942
1997-09-11 23:00:00,0.018374999999999943
1997-09-12 23:00:00,0.018419999999999947
1997-09-15 23:00:00,0.018469999999999948
1997-09-16 23:00:00,0.018364999999999947
1997-09-17 23:00:00,0.01837999999999995
1997-09-18 23:00:00,0.018529999999999942
1997-09-19 23:00:00,0.01851499999999994
1997-09-22 23:00:00,0.018424999999999945
1997-09-23 23:00:00,0.018399999999999948
1997-09-24 23:00:00,0.018459999999999945
1997-09-25 23:00:00,0.018354999999999948
1997-09-26 23:00:00,0.018399999999999948
1997-09-29 23:00:00,0.018824999999999942
1997-09-30 23:00:00,0.018579999999999944
1997-10-01 23:00:00,0.018539999999999945
1997-10-02 23:00:00,0.018254999999999945
1997-10-03 23:00:00,0.018264999999999948
1997-10-06 23:00:00,0.018309999999999944
1997-10-07 23:00:00,0.018364999999999947
1997-10-08 23:00:00,0.018304999999999946
1997-10-09 23:00:00,0.018384999999999947
1997-10-10 23:00:00,0.018304999999999946
1997-10-13 23:00:00,0.018294999999999943
1997-10-14 23:00:00,0.018464999999999943
1997-10-15 23:00:00,0.018584999999999942
1997-10-16 23:00:00,0.018419999999999947
1997-10-17 23:00:00,0.018454999999999947
1997-10-20 23:00:00,0.018574999999999946
1997-10-21 23:00:00,0.018369999999999945
1997-10-22 23:00:00,0.018414999999999942
1997-10-23 23:00:00,0.018269999999999946
1997-10-24 23:00:00,0.017989999999999944
1997-10-27 23:00:00,0.017924999999999948
1997-10-28 23:00:00,0.017929999999999946
1997-10-29 23:00:00,0.017984999999999945
1997-10-30 23:00:00,0.017974999999999942
1997-10-31 23:00:00,0.017954999999999943
1997-11-03 23:00:00,0.017924999999999948
1997-11-04 23:00:00,0.017909999999999947
1997-11-05 23:00:00,0.017924999999999948
1997-11-06 23:00:00,0.017789999999999945
1997-11-07 23:00:00,0.017799999999999948
1997-11-10 23:00:00,0.017944999999999947
1997-11-11 23:00:00,0.017819999999999947
1997-11-12 23:00:00,0.017734999999999945
1997-11-13 23:00:00,0.017739999999999943
1997-11-14 23:00:00,0.01777999999999994
1997-11-17 23:00:00,0.017794999999999943
1997-11-18 23:00:00,0.017504999999999944
1997-11-19 23:00:00,0.017504999999999944
1997-11-20 23:00:00,0.017444999999999947
1997-11-21 23:00:00,0.017329999999999943
1997-11-24 23:00:00,0.017324999999999945
1997-11-25 23:00:00,0.017434999999999944
1997-11-26 23:00:00,0.017454999999999943
1997-12-01 23:00:00,0.017184999999999943
1997-12-02 23:00:00,0.01718999999999994
1997-12-03 23:00:00,0.017034999999999946
1997-12-04 23:00:00,0.017104999999999947
1997-12-05 23:00:00,0.016969999999999943
1997-12-08 23:00:00,0.017104999999999947
1997-12-09 23:00:00,0.017074999999999944
1997-12-10 23:00:00,0.017069999999999946
1997-12-11 23:00:00,0.017009999999999942
1997-12-12 23:00:00,0.017039999999999944
1997-12-15 23:00:00,0.016879999999999944
1997-12-16 23:00:00,0.016784999999999946
1997-12-17 23:00:00,0.016914999999999944
1997-12-18 23:00:00,0.016969999999999943
1997-12-19 23:00:00,0.016949999999999944
1997-12-22 23:00:00,0.016934999999999943
1997-12-23 23:00:00,0.016824999999999944
1997-12-24 23:00:00,0.016754999999999944
1997-12-26 23:00:00,0.016739999999999942
1997-12-29 23:00:00,0.01661999999999994
1997-12-30 23:00:00,0.016699999999999944
1997-12-31 23:00:00,0.016659999999999946
1998-01-02 23:00:00,0.016594999999999943
1998-01-05 23:00:00,0.016489999999999942
1998-01-06 23:00:00,0.016519999999999944
1998-01-07 23:00:00,0.016469999999999943
1998-01-08 23:00:00,0.016434999999999943
1998-01-09 23:00:00,0.016379999999999943
1998-01-12 23:00:00,0.016329999999999942
1998-01-13 23:00:00,0.016539999999999944
1998-01-14 23:00:00,0.016579999999999942
1998-01-15 23:00:00,0.016649999999999943
1998-01-16 23:00:00,0.016574999999999944
1998-01-20 23:00:00,0.01654999999999994
1998-01-21 23:00:00,0.01658499999999994
1998-01-22 23:00:00,0.016704999999999942
1998-01-23 23:00:00,0.016794999999999942
1998-01-26 23:00:00,0.016824999999999944
1998-01-27 23:00:00,0.016969999999999943
1998-01-28 23:00:00,0.016909999999999946
1998-01-29 23:00:00,0.016919999999999942
1998-01-30 23:00:00,0.016779999999999948
1998-02-02 23:00:00,0.016734999999999944
1998-02-03 23:00:00,0.016524999999999943
1998-02-04 23:00:00,0.01658499999999994
1998-02-05 23:00:00,0.016539999999999944
1998-02-06 23:00:00,0.016504999999999943
1998-02-09 23:00:00,0.01638499999999994
1998-02-10 23:00:00,0.01654499999999994
1998-02-11 23:00:00,0.01656499999999994
1998-02-12 23:00:00,0.01654499999999994
1998-02-13 23:00:00,0.016444999999999946
1998-02-17 23:00:00,0.01638499999999994
1998-02-18 23:00:00,0.016304999999999945
1998-02-19 23:00:00,0.016374999999999945
1998-02-20 23:00:00,0.016254999999999943
1998-02-23 23:00:00,0.016119999999999947
1998-02-24 23:00:00,0.01609999999999994
1998-02-25 23:00:00,0.016344999999999943
1998-02-26 23:00:00,0.016469999999999943
1998-02-27 23:00:00,0.016454999999999942
1998-03-02 23:00:00,0.016734999999999944
1998-03-03 23:00:00,0.016594999999999943
1998-03-04 23:00:00,0.016624999999999945
1998-03-05 23:00:00,0.016794999999999942
1998-03-06 23:00:00,0.016789999999999944
1998-03-09 23:00:00,0.016754999999999944
1998-03-10 23:00:00,0.016819999999999946
1998-03-11 23:00:00,0.016804999999999945
1998-03-12 23:00:00,0.01711999999999994
1998-03-13 23:00:00,0.01702999999999994
1998-03-16 23:00:00,0.017059999999999943
1998-03-17 23:00:00,0.016999999999999946
1998-03-18 23:00:00,0.01683499999999994
1998-03-19 23:00:00,0.016764999999999947
1998-03-20 23:00:00,0.016754999999999944
1998-03-23 23:00:00,0.016914999999999944
1998-03-24 23:00:00,0.01675999999999994
1998-03-25 23:00:00,0.016644999999999945
1998-03-26 23:00:00,0.016694999999999946
1998-03-27 23:00:00,0.016704999999999942
1998-03-30 23:00:00,0.01670999999999994
1998-03-31 23:00:00,0.016734999999999944
1998-04-01 23:00:00,0.01641999999999994
1998-04-02 23:00:00,0.016469999999999943
1998-04-03 23:00:00,0.01638499999999994
1998-04-06 23:00:00,0.01641999999999994
1998-04-07 23:00:00,0.016519999999999944
1998-04-08 23:00:00,0.016574999999999944
1998-04-09 23:00:00,0.01685499999999994
1998-04-13 23:00:00,0.016964999999999945
1998-04-14 23:00:00,0.016929999999999945
1998-04-15 23:00:00,0.01731499999999994
1998-04-16 23:00:00,0.01708499999999994
1998-04-17 23:00:00,0.017144999999999938
1998-04-20 23:00:00,0.01708999999999994
1998-04-21 23:00:00,0.017169999999999942
1998-04-22 23:00:00,0.01727999999999994
1998-04-23 23:00:00,0.01726499999999994
1998-04-24 23:00:00,0.017164999999999937
1998-04-27 23:00:00,0.017294999999999942
1998-04-28 23:00:00,0.017309999999999943
1998-04-29 23:00:00,0.017164999999999937
1998-04-30 23:00:00,0.01708499999999994
1998-05-01 23:00:00,0.017254999999999944
1998-05-04 23:00:00,0.017234999999999945
1998-05-05 23:00:00,0.017164999999999937
1998-05-06 23:00:00,0.016914999999999944
1998-05-07 23:00:00,0.016669999999999942
1998-05-08 23:00:00,0.016679999999999945
1998-05-11 23:00:00,0.01651499999999994
1998-05-12 23:00:00,0.016644999999999945
1998-05-13 23:00:00,0.016574999999999937
1998-05-14 23:00:00,0.01661999999999994
1998-05-15 23:00:00,0.01654999999999994
1998-05-18 23:00:00,0.016089999999999945
1998-05-19 23:00:00,0.016274999999999942
1998-05-20 23:00:00,0.016309999999999943
1998-05-21 23:00:00,0.016359999999999944
1998-05-22 23:00:00,0.01634999999999994
1998-05-26 23:00:00,0.01620499999999994
1998-05-27 23:00:00,0.016344999999999943
1998-05-28 23:00:00,0.016399999999999942
1998-05-29 23:00:00,0.016464999999999945
1998-06-01 23:00:00,0.016309999999999943
1998-06-02 23:00:00,0.01618999999999994
1998-06-03 23:00:00,0.016374999999999938
1998-06-04 23:00:00,0.01626499999999994
1998-06-05 23:00:00,0.01629999999999994
1998-06-08 23:00:00,0.016364999999999942
1998-06-09 23:00:00,0.01634999999999994
1998-06-10 23:00:00,0.016519999999999938
1998-06-11 23:00:00,0.01634999999999994
1998-06-12 23:00:00,0.016254999999999943
1998-06-15 23:00:00,0.01604499999999994
1998-06-16 23:00:00,0.01606999999999994
1998-06-17 23:00:00,0.01618999999999994
1998-06-18 23:00:00,0.01610499999999994
1998-06-19 23:00:00,0.016249999999999938
1998-06-22 23:00:00,0.01626499999999994
1998-06-23 23:00:00,0.016199999999999944
1998-06-24 23:00:00,0.01613999999999994
1998-06-25 23:00:00,0.01611999999999994
1998-06-26 23:00:00,0.01606999999999994
1998-06-29 23:00:00,0.01601499999999994
1998-06-30 23:00:00,0.016034999999999938
1998-07-01 23:00:00,0.01590499999999994
1998-07-02 23:00:00,0.01593999999999994
1998-07-06 23:00:00,0.01586999999999994
1998-07-07 23:00:00,0.015894999999999944
1998-07-08 23:00:00,0.015874999999999945
1998-07-09 23:00:00,0.01583499999999994
1998-07-10 23:00:00,0.01588499999999994
1998-07-13 23:00:00,0.01608499999999994
1998-07-14 23:00:00,0.016149999999999942
1998-07-15 23:00:00,0.016309999999999936
1998-07-16 23:00:00,0.01631499999999994
1998-07-17 23:00:00,0.016359999999999937
1998-07-20 23:00:00,0.016559999999999943
1998-07-21 23:00:00,0.016379999999999936
1998-07-22 23:00:00,0.01647499999999994
1998-07-23 23:00:00,0.016434999999999943
1998-07-24 23:00:00,0.01672499999999994
1998-07-27 23:00:00,0.01656999999999994
1998-07-28 23:00:00,0.016539999999999937
1998-07-29 23:00:00,0.016449999999999944
1998-07-30 23:00:00,0.016489999999999942
1998-07-31 23:00:00,0.01634999999999994
1998-08-03 23:00:00,0.01615499999999994
1998-08-04 23:00:00,0.01604499999999994
1998-08-05 23:00:00,0.016054999999999944
1998-08-06 23:00:00,0.01604499999999994
1998-08-07 23:00:00,0.01610499999999994
1998-08-10 23:00:00,0.015969999999999943
1998-08-11 23:00:00,0.015839999999999937
1998-08-12 23:00:00,0.015929999999999944
1998-08-13 23:00:00,0.01591999999999994
1998-08-14 23:00:00,0.015929999999999944
1998-08-17 23:00:00,0.01599499999999994
1998-08-18 23:00:00,0.015949999999999943
1998-08-19 23:00:00,0.01595999999999994
1998-08-20 23:00:00,0.01610499999999994
1998-08-21 23:00:00,0.015949999999999943
1998-08-24 23:00:00,0.01606499999999994
1998-08-25 23:00:00,0.01601499999999994
1998-08-26 23:00:00,0.015964999999999945
1998-08-27 23:00:00,0.016004999999999943
1998-08-28 23:00:00,0.015809999999999942
1998-08-31 23:00:00,0.01572999999999994
1998-09-01 23:00:00,0.016184999999999942
1998-09-02 23:00:00,0.016034999999999945
1998-09-03 23:00:00,0.016109999999999944
1998-09-04 23:00:00,0.016144999999999944
1998-09-08 23:00:00,0.016329999999999942
1998-09-09 23:00:00,0.01640999999999994
1998-09-10 23:00:00,0.01631999999999994
1998-09-11 23:00:00,0.01625999999999994
1998-09-14 23:00:00,0.01616999999999994
1998-09-15 23:00:00,0.016304999999999938
1998-09-16 23:00:00,0.01620999999999994
1998-09-17 23:00:00,0.016074999999999944
1998-09-18 23:00:00,0.016074999999999944
1998-09-21 23:00:00,0.016059999999999942
1998-09-22 23:00:00,0.01595999999999994
1998-09-23 23:00:00,0.01609999999999994
1998-09-24 23:00:00,0.01610499999999994
1998-09-25 23:00:00,0.01615499999999994
1998-09-28 23:00:00,0.016129999999999943
1998-09-29 23:00:00,0.016124999999999945
1998-09-30 23:00:00,0.015969999999999943
1998-10-01 23:00:00,0.01594499999999994
1998-10-02 23:00:00,0.01586499999999994
1998-10-05 23:00:00,0.01574499999999994
1998-10-06 23:00:00,0.015809999999999942
1998-10-07 23:00:00,0.01590499999999994
1998-10-08 23:00:00,0.015824999999999943
1998-10-09 23:00:00,0.01582999999999994
1998-10-12 23:00:00,0.01586999999999994
1998-10-13 23:00:00,0.01590499999999994
1998-10-14 23:00:00,0.01586499999999994
1998-10-15 23:00:00,0.01585499999999994
1998-10-16 23:00:00,0.01604999999999994
1998-10-19 23:00:00,0.01597999999999994
1998-10-20 23:00:00,0.01594499999999994
1998-10-21 23:00:00,0.015899999999999942
1998-10-22 23:00:00,0.015874999999999945
1998-10-23 23:00:00,0.01584999999999994
1998-10-26 23:00:00,0.01577999999999994
1998-10-27 23:00:00,0.01572999999999994
1998-10-28 23:00:00,0.01566999999999994
1998-10-29 23:00:00,0.01573999999999994
1998-10-30 23:00:00,0.01583499999999994
1998-11-02 23:00:00,0.015874999999999945
1998-11-03 23:00:00,0.01584999999999994
1998-11-04 23:00:00,0.01590499999999994
1998-11-05 23:00:00,0.015914999999999943
1998-11-06 23:00:00,0.01590499999999994
1998-11-09 23:00:00,0.015839999999999944
1998-11-10 23:00:00,0.015734999999999943
1998-11-11 23:00:00,0.01577999999999994
1998-11-12 23:00:00,0.01579499999999994
1998-11-13 23:00:00,0.015699999999999943
1998-11-16 23:00:00,0.01563499999999994
1998-11-17 23:00:00,0.015734999999999943
1998-11-18 23:00:00,0.015759999999999948
1998-11-19 23:00:00,0.015699999999999943
1998-11-20 23:00:00,0.01579999999999994
1998-11-23 23:00:00,0.015694999999999945
1998-11-24 23:00:00,0.015699999999999943
1998-11-25 23:00:00,0.015679999999999944
1998-11-30 23:00:00,0.01563499999999994
1998-12-01 23:00:00,0.015619999999999945
1998-12-02 23:00:00,0.015514999999999944
1998-12-03 23:00:00,0.015369999999999944
1998-12-04 23:00:00,0.015354999999999943
1998-12-07 23:00:00,0.015294999999999942
1998-12-08 23:00:00,0.015294999999999942
1998-12-09 23:00:00,0.015339999999999946
1998-12-10 23:00:00,0.015299999999999944
1998-12-11 23:00:00,0.015149999999999943
1998-12-14 23:00:00,0.015129999999999944
1998-12-15 23:00:00,0.015189999999999945
1998-12-16 23:00:00,0.015299999999999944
1998-12-17 23:00:00,0.015154999999999945
1998-12-18 23:00:00,0.015124999999999946
1998-12-21 23:00:00,0.015134999999999945
1998-12-22 23:00:00,0.015169999999999942
1998-12-23 23:00:00,0.015099999999999945
1998-12-24 23:00:00,0.015099999999999945
1998-12-28 23:00:00,0.015149999999999943
1998-12-29 23:00:00,0.015259999999999945
1998-12-30 23:00:00,0.015179999999999945
1998-12-31 23:00:00,0.015209999999999944
1999-01-04 23:00:00,0.015029999999999944
1999-01-05 23:00:00,0.014959999999999944
1999-01-06 23:00:00,0.015019999999999945
1999-01-07 23:00:00,0.015014999999999943
1999-01-08 23:00:00,0.015079999999999946
1999-01-11 23:00:00,0.015209999999999944
1999-01-12 23:00:00,0.015184999999999943
1999-01-13 23:00:00,0.015134999999999945
1999-01-14 23:00:00,0.015069999999999946
1999-01-15 23:00:00,0.015119999999999944
1999-01-19 23:00:00,0.015179999999999945
1999-01-20 23:00:00,0.015089999999999945
1999-01-21 23:00:00,0.015074999999999944
1999-01-22 23:00:00,0.015059999999999947
1999-01-25 23:00:00,0.015024999999999946
1999-01-26 23:00:00,0.014984999999999945
1999-01-27 23:00:00,0.014929999999999945
1999-01-28 23:00:00,0.014924999999999944
1999-01-29 23:00:00,0.014939999999999945
1999-02-01 23:00:00,0.014949999999999944
1999-02-02 23:00:00,0.014974999999999945
1999-02-03 23:00:00,0.014969999999999947
1999-02-04 23:00:00,0.015069999999999946
1999-02-05 23:00:00,0.015149999999999943
1999-02-08 23:00:00,0.015334999999999944
1999-02-09 23:00:00,0.015164999999999944
1999-02-10 23:00:00,0.015114999999999943
1999-02-11 23:00:00,0.015114999999999943
1999-02-12 23:00:00,0.015039999999999944
1999-02-16 23:00:00,0.014759999999999945
1999-02-17 23:00:00,0.014779999999999944
1999-02-18 23:00:00,0.014684999999999946
1999-02-19 23:00:00,0.014694999999999946
1999-02-22 23:00:00,0.014634999999999945
1999-02-23 23:00:00,0.014679999999999945
1999-02-24 23:00:00,0.014704999999999946
1999-02-25 23:00:00,0.014754999999999944
1999-02-26 23:00:00,0.014739999999999946
1999-03-01 23:00:00,0.014654999999999944
1999-03-02 23:00:00,0.014714999999999945
1999-03-03 23:00:00,0.014754999999999944
1999-03-04 23:00:00,0.014744999999999944
1999-03-05 23:00:00,0.014754999999999944
1999-03-08 23:00:00,0.014679999999999945
1999-03-09 23:00:00,0.014724999999999945
1999-03-10 23:00:00,0.014754999999999944
1999-03-11 23:00:00,0.014724999999999945
1999-03-12 23:00:00,0.014659999999999946
1999-03-15 23:00:00,0.014589999999999948
1999-03-16 23:00:00,0.014599999999999948
1999-03-17 23:00:00,0.014644999999999945
1999-03-18 23:00:00,0.014579999999999947
1999-03-19 23:00:00,0.014589999999999948
1999-03-22 23:00:00,0.014864999999999946
1999-03-23 23:00:00,0.014974999999999945
1999-03-24 23:00:00,0.014934999999999947
1999-03-25 23:00:00,0.014999999999999946
1999-03-26 23:00:00,0.014929999999999945
1999-03-29 23:00:00,0.014659999999999946
1999-03-30 23:00:00,0.014634999999999945
1999-03-31 23:00:00,0.014689999999999948
1999-04-01 23:00:00,0.014699999999999947
1999-04-05 23:00:00,0.014714999999999945
1999-04-06 23:00:00,0.014689999999999948
1999-04-07 23:00:00,0.014879999999999947
1999-04-08 23:00:00,0.014859999999999944
1999-04-09 23:00:00,0.014869999999999944
1999-04-12 23:00:00,0.014769999999999945
1999-04-13 23:00:00,0.014979999999999946
1999-04-14 23:00:00,0.014919999999999945
1999-04-15 23:00:00,0.015129999999999947
1999-04-16 23:00:00,0.015309999999999943
1999-04-19 23:00:00,0.015454999999999943
1999-04-20 23:00:00,0.015284999999999943
1999-04-21 23:00:00,0.015329999999999946
1999-04-22 23:00:00,0.015474999999999945
1999-04-23 23:00:00,0.015394999999999945
1999-04-26 23:00:00,0.015359999999999945
1999-04-27 23:00:00,0.015384999999999946
1999-04-28 23:00:00,0.015419999999999946
1999-04-29 23:00:00,0.015584999999999944
1999-04-30 23:00:00,0.015604999999999944
1999-05-03 23:00:00,0.015659999999999945
1999-05-04 23:00:00,0.015599999999999946
1999-05-05 23:00:00,0.015549999999999944
1999-05-06 23:00:00,0.015614999999999943
1999-05-07 23:00:00,0.015554999999999946
1999-05-10 23:00:00,0.015554999999999946
1999-05-11 23:00:00,0.015549999999999944
1999-05-12 23:00:00,0.015429999999999942
1999-05-13 23:00:00,0.015489999999999943
1999-05-14 23:00:00,0.015519999999999945
1999-05-17 23:00:00,0.015459999999999944
1999-05-18 23:00:00,0.015404999999999945
1999-05-19 23:00:00,0.015199999999999944
1999-05-20 23:00:00,0.015119999999999944
1999-05-21 23:00:00,0.015039999999999944
1999-05-24 23:00:00,0.015044999999999946
1999-05-25 23:00:00,0.015064999999999945
1999-05-26 23:00:00,0.014974999999999945
1999-05-27 23:00:00,0.014644999999999945
1999-05-28 23:00:00,0.014609999999999948
1999-06-01 23:00:00,0.014679999999999945
1999-06-02 23:00:00,0.014559999999999946
1999-06-03 23:00:00,0.014569999999999946
1999-06-04 23:00:00,0.014529999999999946
1999-06-07 23:00:00,0.014629999999999947
1999-06-08 23:00:00,0.014689999999999944
1999-06-09 23:00:00,0.014714999999999945
1999-06-10 23:00:00,0.014729999999999946
1999-06-11 23:00:00,0.014784999999999946
1999-06-14 23:00:00,0.014819999999999943
1999-06-15 23:00:00,0.014654999999999948
1999-06-16 23:00:00,0.014624999999999949
1999-06-17 23:00:00,0.014649999999999946
1999-06-18 23:00:00,0.014864999999999946
1999-06-21 23:00:00,0.014929999999999945
1999-06-22 23:00:00,0.014969999999999947
1999-06-23 23:00:00,0.014929999999999945
1999-06-24 23:00:00,0.014959999999999947
1999-06-25 23:00:00,0.015224999999999945
1999-06-28 23:00:00,0.015294999999999946
1999-06-29 23:00:00,0.015389999999999944
1999-06-30 23:00:00,0.015894999999999944
1999-07-01 23:00:00,0.01582999999999994
1999-07-02 23:00:00,0.015879999999999943
1999-07-06 23:00:00,0.01584999999999994
1999-07-07 23:00:00,0.016089999999999945
1999-07-08 23:00:00,0.01604499999999994
1999-07-09 23:00:00,0.016039999999999943
1999-07-12 23:00:00,0.016019999999999944
1999-07-13 23:00:00,0.01584999999999994
1999-07-14 23:00:00,0.015999999999999945
1999-07-15 23:00:00,0.016219999999999943
1999-07-16 23:00:00,0.016059999999999942
1999-07-19 23:00:00,0.016019999999999944
1999-07-20 23:00:00,0.015924999999999946
1999-07-21 23:00:00,0.015704999999999948
1999-07-22 23:00:00,0.015769999999999944
1999-07-23 23:00:00,0.015689999999999947
1999-07-26 23:00:00,0.015699999999999943
1999-07-27 23:00:00,0.015769999999999944
1999-07-28 23:00:00,0.015679999999999944
1999-07-29 23:00:00,0.015564999999999945
1999-07-30 23:00:00,0.015854999999999946
1999-08-02 23:00:00,0.015709999999999946
1999-08-03 23:00:00,0.015789999999999943
1999-08-04 23:00:00,0.015844999999999942
1999-08-05 23:00:00,0.015969999999999943
1999-08-06 23:00:00,0.015999999999999945
1999-08-09 23:00:00,0.016004999999999943
1999-08-10 23:00:00,0.015904999999999947
1999-08-11 23:00:00,0.016004999999999943
1999-08-12 23:00:00,0.01593999999999994
1999-08-13 23:00:00,0.015989999999999942
1999-08-16 23:00:00,0.015979999999999946
1999-08-17 23:00:00,0.015934999999999942
1999-08-18 23:00:00,0.015694999999999945
1999-08-19 23:00:00,0.015714999999999944
1999-08-20 23:00:00,0.015654999999999947
1999-08-23 23:00:00,0.015644999999999944
1999-08-24 23:00:00,0.01581499999999994
1999-08-25 23:00:00,0.01579499999999994
1999-08-26 23:00:00,0.015749999999999945
1999-08-27 23:00:00,0.015804999999999944
1999-08-30 23:00:00,0.015744999999999947
1999-08-31 23:00:00,0.016054999999999944
1999-09-01 23:00:00,0.01620499999999994
1999-09-02 23:00:00,0.016239999999999942
1999-09-03 23:00:00,0.016214999999999945
1999-09-07 23:00:00,0.016399999999999942
1999-09-08 23:00:00,0.016354999999999946
1999-09-09 23:00:00,0.016469999999999943
1999-09-10 23:00:00,0.01641999999999994
1999-09-13 23:00:00,0.016349999999999948
1999-09-14 23:00:00,0.016219999999999943
1999-09-15 23:00:00,0.016424999999999947
1999-09-16 23:00:00,0.016364999999999942
1999-09-17 23:00:00,0.016569999999999946
1999-09-20 23:00:00,0.016429999999999945
1999-09-21 23:00:00,0.016499999999999945
1999-09-22 23:00:00,0.016354999999999946
1999-09-23 23:00:00,0.016284999999999945
1999-09-24 23:00:00,0.016149999999999942
1999-09-27 23:00:00,0.016104999999999946
1999-09-28 23:00:00,0.016304999999999945
1999-09-29 23:00:00,0.016239999999999942
1999-09-30 23:00:00,0.016399999999999942
1999-10-01 23:00:00,0.016284999999999945
1999-10-04 23:00:00,0.016199999999999944
1999-10-05 23:00:00,0.016234999999999944
1999-10-06 23:00:00,0.01618999999999994
1999-10-07 23:00:00,0.016184999999999942
1999-10-08 23:00:00,0.015809999999999942
1999-10-11 23:00:00,0.015724999999999947
1999-10-12 23:00:00,0.016004999999999943
1999-10-13 23:00:00,0.016089999999999945
1999-10-14 23:00:00,0.016034999999999945
1999-10-15 23:00:00,0.016029999999999947
1999-10-18 23:00:00,0.016094999999999943
1999-10-19 23:00:00,0.01604499999999994
1999-10-20 23:00:00,0.016264999999999946
1999-10-21 23:00:00,0.01625999999999994
1999-10-22 23:00:00,0.016309999999999943
1999-10-25 23:00:00,0.016229999999999946
1999-10-26 23:00:00,0.016114999999999942
1999-10-27 23:00:00,0.016109999999999944
1999-10-28 23:00:00,0.01620499999999994
1999-10-29 23:00:00,0.01618999999999994
1999-11-01 23:00:00,0.016184999999999942
1999-11-02 23:00:00,0.016274999999999942
1999-11-03 23:00:00,0.016249999999999945
1999-11-04 23:00:00,0.01622499999999994
1999-11-05 23:00:00,0.016139999999999946
1999-11-08 23:00:00,0.016119999999999947
1999-11-09 23:00:00,0.016179999999999944
1999-11-10 23:00:00,0.016039999999999943
1999-11-11 23:00:00,0.01593999999999994
1999-11-12 23:00:00,0.015859999999999944
1999-11-15 23:00:00,0.01595499999999994
1999-11-16 23:00:00,0.015969999999999943
1999-11-17 23:00:00,0.015964999999999945
1999-11-18 23:00:00,0.015964999999999945
1999-11-19 23:00:00,0.015984999999999944
1999-11-22 23:00:00,0.016039999999999943
1999-11-23 23:00:00,0.016004999999999943
1999-11-24 23:00:00,0.016054999999999944
1999-11-29 23:00:00,0.016124999999999945
1999-11-30 23:00:00,0.016164999999999943
1999-12-01 23:00:00,0.016049999999999946
1999-12-02 23:00:00,0.015979999999999946
1999-12-03 23:00:00,0.016114999999999942
1999-12-06 23:00:00,0.01613499999999994
1999-12-07 23:00:00,0.01600999999999994
1999-12-08 23:00:00,0.015979999999999946
1999-12-09 23:00:00,0.016024999999999942
1999-12-10 23:00:00,0.015944999999999945
1999-12-13 23:00:00,0.015999999999999945
1999-12-14 23:00:00,0.016069999999999945
1999-12-15 23:00:00,0.016379999999999943
1999-12-16 23:00:00,0.016389999999999946
1999-12-17 23:00:00,0.016434999999999943
1999-12-20 23:00:00,0.016449999999999944
1999-12-21 23:00:00,0.01631499999999994
1999-12-22 23:00:00,0.016519999999999944
1999-12-23 23:00:00,0.01650999999999994
1999-12-27 23:00:00,0.016499999999999945
1999-12-28 23:00:00,0.016504999999999943
1999-12-29 23:00:00,0.01656999999999994
1999-12-30 23:00:00,0.016614999999999942
2000-01-04 23:00:00,0.016464999999999945
2000-01-05 23:00:00,0.016549999999999947
2000-01-06 23:00:00,0.01651499999999994
2000-01-07 23:00:00,0.016524999999999943
2000-01-10 23:00:00,0.016449999999999944
2000-01-11 23:00:00,0.01641999999999994
2000-01-12 23:00:00,0.016644999999999945
2000-01-13 23:00:00,0.016549999999999947
2000-01-14 23:00:00,0.016609999999999944
2000-01-18 23:00:00,0.016644999999999945
2000-01-19 23:00:00,0.016809999999999943
2000-01-20 23:00:00,0.016714999999999945
2000-01-21 23:00:00,0.016714999999999945
2000-01-24 23:00:00,0.016549999999999947
2000-01-25 23:00:00,0.016409999999999945
2000-01-26 23:00:00,0.016399999999999942
2000-01-27 23:00:00,0.016429999999999945
2000-01-28 23:00:00,0.01633499999999994
2000-01-31 23:00:00,0.016479999999999946
2000-02-01 23:00:00,0.016414999999999944
2000-02-02 23:00:00,0.01620999999999994
2000-02-03 23:00:00,0.01624499999999994
2000-02-04 23:00:00,0.01625999999999994
2000-02-07 23:00:00,0.016254999999999943
2000-02-08 23:00:00,0.016184999999999942
2000-02-09 23:00:00,0.01620499999999994
2000-02-10 23:00:00,0.016479999999999946
2000-02-11 23:00:00,0.016434999999999943
2000-02-14 23:00:00,0.016424999999999947
2000-02-15 23:00:00,0.016254999999999943
2000-02-16 23:00:00,0.01625999999999994
2000-02-17 23:00:00,0.016344999999999943
2000-02-18 23:00:00,0.016309999999999943
2000-02-22 23:00:00,0.016264999999999946
2000-02-23 23:00:00,0.01638499999999994
2000-02-24 23:00:00,0.016344999999999943
2000-02-25 23:00:00,0.016154999999999947
2000-02-28 23:00:00,0.015819999999999945
2000-02-29 23:00:00,0.015859999999999944
2000-03-01 23:00:00,0.015909999999999945
2000-03-02 23:00:00,0.015849999999999947
2000-03-03 23:00:00,0.015909999999999945
2000-03-06 23:00:00,0.015924999999999946
2000-03-07 23:00:00,0.015824999999999943
2000-03-08 23:00:00,0.015774999999999942
2000-03-09 23:00:00,0.015869999999999947
2000-03-10 23:00:00,0.015794999999999948
2000-03-13 23:00:00,0.015779999999999947
2000-03-14 23:00:00,0.015909999999999945
2000-03-15 23:00:00,0.015989999999999942
2000-03-16 23:00:00,0.016074999999999944
2000-03-17 23:00:00,0.016024999999999942
2000-03-20 23:00:00,0.01595499999999994
2000-03-21 23:00:00,0.01606499999999994
2000-03-22 23:00:00,0.016049999999999946
2000-03-23 23:00:00,0.016059999999999942
2000-03-24 23:00:00,0.015989999999999942
2000-03-27 23:00:00,0.015904999999999947
2000-03-28 23:00:00,0.01591999999999994
2000-03-29 23:00:00,0.015949999999999943
2000-03-30 23:00:00,0.01595499999999994
2000-03-31 23:00:00,0.015929999999999944
2000-04-03 23:00:00,0.015904999999999947
2000-04-04 23:00:00,0.015809999999999942
2000-04-05 23:00:00,0.015789999999999943
2000-04-06 23:00:00,0.015514999999999944
2000-04-07 23:00:00,0.015564999999999945
2000-04-10 23:00:00,0.01563499999999994
2000-04-11 23:00:00,0.015679999999999944
2000-04-12 23:00:00,0.015654999999999947
2000-04-13 23:00:00,0.015579999999999943
2000-04-14 23:00:00,0.015414999999999944
2000-04-17 23:00:00,0.015314999999999945
2000-04-18 23:00:00,0.015524999999999943
2000-04-19 23:00:00,0.015574999999999945
2000-04-20 23:00:00,0.015534999999999943
2000-04-24 23:00:00,0.015534999999999943
2000-04-25 23:00:00,0.015769999999999944
2000-04-26 23:00:00,0.01570499999999994
2000-04-27 23:00:00,0.015749999999999945
2000-04-28 23:00:00,0.015744999999999947
2000-05-01 23:00:00,0.015784999999999945
2000-05-02 23:00:00,0.015999999999999945
2000-05-03 23:00:00,0.015969999999999943
2000-05-04 23:00:00,0.015979999999999946
2000-05-05 23:00:00,0.016189999999999947
2000-05-08 23:00:00,0.016139999999999946
2000-05-09 23:00:00,0.016089999999999945
2000-05-10 23:00:00,0.016069999999999945
2000-05-11 23:00:00,0.016084999999999947
2000-05-12 23:00:00,0.016229999999999946
2000-05-15 23:00:00,0.016189999999999947
2000-05-16 23:00:00,0.01629499999999994
2000-05-17 23:00:00,0.016214999999999945
2000-05-18 23:00:00,0.016234999999999944
2000-05-19 23:00:00,0.016209999999999947
2000-05-22 23:00:00,0.016094999999999943
2000-05-23 23:00:00,0.016129999999999943
2000-05-24 23:00:00,0.01616999999999994
2000-05-25 23:00:00,0.016109999999999944
2000-05-26 23:00:00,0.016139999999999946
2000-05-30 23:00:00,0.015899999999999942
2000-05-31 23:00:00,0.015929999999999944
2000-06-01 23:00:00,0.015899999999999942
2000-06-02 23:00:00,0.015714999999999944
2000-06-05 23:00:00,0.015804999999999944
2000-06-06 23:00:00,0.01582999999999994
2000-06-07 23:00:00,0.015729999999999945
2000-06-08 23:00:00,0.01575999999999994
2000-06-09 23:00:00,0.015764999999999946
2000-06-12 23:00:00,0.015729999999999945
2000-06-13 23:00:00,0.015799999999999946
2000-06-14 23:00:00,0.015874999999999945
2000-06-15 23:00:00,0.015964999999999945
2000-06-16 23:00:00,0.016024999999999942
2000-06-19 23:00:00,0.016059999999999942
2000-06-20 23:00:00,0.015914999999999943
2000-06-21 23:00:00,0.016034999999999945
2000-06-22 23:00:00,0.015969999999999943
2000-06-23 23:00:00,0.015904999999999947
2000-06-26 23:00:00,0.016034999999999945
2000-06-27 23:00:00,0.01598999999999995
2000-06-28 23:00:00,0.016004999999999943
2000-06-29 23:00:00,0.015904999999999947
2000-06-30 23:00:00,0.015959999999999946
2000-07-05 23:00:00,0.015944999999999945
2000-07-06 23:00:00,0.015834999999999946
2000-07-07 23:00:00,0.015854999999999946
2000-07-10 23:00:00,0.015929999999999944
2000-07-11 23:00:00,0.015979999999999946
2000-07-12 23:00:00,0.016039999999999943
2000-07-13 23:00:00,0.016014999999999946
2000-07-14 23:00:00,0.016009999999999948
2000-07-17 23:00:00,0.016179999999999944
2000-07-18 23:00:00,0.016189999999999947
2000-07-19 23:00:00,0.016189999999999947
2000-07-20 23:00:00,0.016199999999999944
2000-07-21 23:00:00,0.016389999999999946
2000-07-24 23:00:00,0.016404999999999947
2000-07-25 23:00:00,0.01641999999999994
2000-07-26 23:00:00,0.016329999999999942
2000-07-27 23:00:00,0.016434999999999943
2000-07-28 23:00:00,0.016404999999999947
2000-07-31 23:00:00,0.016464999999999945
2000-08-01 23:00:00,0.016454999999999942
2000-08-02 23:00:00,0.01641999999999994
2000-08-03 23:00:00,0.016409999999999945
2000-08-04 23:00:00,0.016449999999999944
2000-08-07 23:00:00,0.016429999999999945
2000-08-08 23:00:00,0.016334999999999947
2000-08-09 23:00:00,0.016454999999999942
2000-08-10 23:00:00,0.016364999999999942
2000-08-11 23:00:00,0.016314999999999948
2000-08-14 23:00:00,0.016389999999999946
2000-08-15 23:00:00,0.016424999999999947
2000-08-16 23:00:00,0.016384999999999948
2000-08-17 23:00:00,0.016409999999999945
2000-08-18 23:00:00,0.016374999999999945
2000-08-21 23:00:00,0.016284999999999945
2000-08-22 23:00:00,0.016324999999999944
2000-08-23 23:00:00,0.016319999999999946
2000-08-24 23:00:00,0.01636499999999995
2000-08-25 23:00:00,0.016384999999999948
2000-08-28 23:00:00,0.016359999999999944
2000-08-29 23:00:00,0.016539999999999944
2000-08-30 23:00:00,0.01661499999999995
2000-08-31 23:00:00,0.016594999999999943
2000-09-01 23:00:00,0.016619999999999947
2000-09-05 23:00:00,0.016769999999999945
2000-09-06 23:00:00,0.016724999999999948
2000-09-07 23:00:00,0.016764999999999947
2000-09-08 23:00:00,0.016824999999999944
2000-09-11 23:00:00,0.01684999999999995
2000-09-12 23:00:00,0.017004999999999944
2000-09-13 23:00:00,0.016999999999999946
2000-09-14 23:00:00,0.016994999999999948
2000-09-15 23:00:00,0.016939999999999948
2000-09-18 23:00:00,0.01691999999999995
2000-09-19 23:00:00,0.016949999999999944
2000-09-20 23:00:00,0.016749999999999945
2000-09-21 23:00:00,0.016984999999999945
2000-09-22 23:00:00,0.016924999999999947
2000-09-25 23:00:00,0.016994999999999948
2000-09-26 23:00:00,0.016879999999999944
2000-09-27 23:00:00,0.016859999999999944
2000-09-28 23:00:00,0.016834999999999947
2000-09-29 23:00:00,0.01684999999999995
2000-10-02 23:00:00,0.01663499999999995
2000-10-03 23:00:00,0.01666999999999995
2000-10-04 23:00:00,0.01663499999999995
2000-10-05 23:00:00,0.016754999999999944
2000-10-06 23:00:00,0.016704999999999942
2000-10-09 23:00:00,0.016609999999999944
2000-10-10 23:00:00,0.016699999999999944
2000-10-11 23:00:00,0.016664999999999944
2000-10-12 23:00:00,0.016464999999999945
2000-10-13 23:00:00,0.016569999999999946
2000-10-16 23:00:00,0.016584999999999947
2000-10-17 23:00:00,0.016474999999999948
2000-10-18 23:00:00,0.01636499999999995
2000-10-19 23:00:00,0.016374999999999945
2000-10-20 23:00:00,0.016264999999999946
2000-10-23 23:00:00,0.016319999999999946
2000-10-24 23:00:00,0.016299999999999946
2000-10-25 23:00:00,0.01616999999999995
2000-10-26 23:00:00,0.015959999999999946
2000-10-27 23:00:00,0.016084999999999947
2000-10-30 23:00:00,0.016089999999999945
2000-10-31 23:00:00,0.016129999999999943
2000-11-01 23:00:00,0.016004999999999943
2000-11-02 23:00:00,0.01602499999999995
2000-11-03 23:00:00,0.016029999999999947
2000-11-06 23:00:00,0.015919999999999948
2000-11-07 23:00:00,0.015949999999999943
2000-11-08 23:00:00,0.016004999999999943
2000-11-09 23:00:00,0.016049999999999946
2000-11-10 23:00:00,0.016029999999999947
2000-11-13 23:00:00,0.015854999999999946
2000-11-14 23:00:00,0.015919999999999948
2000-11-15 23:00:00,0.01591499999999995
2000-11-16 23:00:00,0.01584499999999995
2000-11-17 23:00:00,0.015874999999999945
2000-11-20 23:00:00,0.015874999999999945
2000-11-21 23:00:00,0.01589999999999995
2000-11-22 23:00:00,0.015834999999999946
2000-11-27 23:00:00,0.016049999999999946
2000-11-28 23:00:00,0.016139999999999946
2000-11-29 23:00:00,0.016124999999999945
2000-11-30 23:00:00,0.015999999999999945
2000-12-01 23:00:00,0.016129999999999943
2000-12-04 23:00:00,0.01616499999999995
2000-12-05 23:00:00,0.01623499999999995
2000-12-06 23:00:00,0.016319999999999946
2000-12-07 23:00:00,0.016354999999999946
2000-12-08 23:00:00,0.01645499999999995
2000-12-11 23:00:00,0.016459999999999947
2000-12-12 23:00:00,0.016394999999999944
2000-12-13 23:00:00,0.016374999999999945
2000-12-14 23:00:00,0.016459999999999947
2000-12-15 23:00:00,0.016264999999999946
2000-12-18 23:00:00,0.016279999999999947
2000-12-19 23:00:00,0.01623999999999995
2000-12-20 23:00:00,0.016134999999999948
2000-12-21 23:00:00,0.01607999999999995
2000-12-22 23:00:00,0.01610999999999995
2000-12-26 23:00:00,0.01616999999999995
2000-12-27 23:00:00,0.016019999999999944
2000-12-28 23:00:00,0.01603999999999995
2000-12-29 23:00:00,0.015974999999999948
2001-01-02 23:00:00,0.015659999999999945
2001-01-03 23:00:00,0.015714999999999944
2001-01-04 23:00:00,0.015654999999999947
2001-01-05 23:00:00,0.01578999999999995
2001-01-08 23:00:00,0.01582999999999995
2001-01-09 23:00:00,0.015794999999999948
2001-01-10 23:00:00,0.015804999999999944
2001-01-11 23:00:00,0.015849999999999947
2001-01-12 23:00:00,0.015959999999999946
2001-01-16 23:00:00,0.01577499999999995
2001-01-17 23:00:00,0.015819999999999945
2001-01-18 23:00:00,0.016159999999999945
2001-01-19 23:00:00,0.016019999999999944
2001-01-22 23:00:00,0.016019999999999944
2001-01-23 23:00:00,0.016029999999999947
2001-01-24 23:00:00,0.015894999999999944
2001-01-25 23:00:00,0.01591499999999995
2001-01-26 23:00:00,0.015944999999999945
2001-01-29 23:00:00,0.015869999999999947
2001-01-30 23:00:00,0.01595499999999995
2001-01-31 23:00:00,0.015999999999999945
2001-02-01 23:00:00,0.016014999999999946
2001-02-02 23:00:00,0.015959999999999946
2001-02-05 23:00:00,0.015794999999999948
2001-02-06 23:00:00,0.015849999999999947
2001-02-07 23:00:00,0.01582999999999995
2001-02-08 23:00:00,0.015839999999999944
2001-02-09 23:00:00,0.015744999999999947
2001-02-12 23:00:00,0.01571999999999995
2001-02-13 23:00:00,0.01578999999999995
2001-02-14 23:00:00,0.015764999999999946
2001-02-15 23:00:00,0.015819999999999952
2001-02-16 23:00:00,0.01580499999999995
2001-02-20 23:00:00,0.015764999999999946
2001-02-21 23:00:00,0.01557999999999995
2001-02-22 23:00:00,0.015574999999999948
2001-02-23 23:00:00,0.015514999999999947
2001-02-26 23:00:00,0.01562999999999995
2001-02-27 23:00:00,0.015599999999999949
2001-02-28 23:00:00,0.01566499999999995
2001-03-01 23:00:00,0.015744999999999947
2001-03-02 23:00:00,0.015784999999999945
2001-03-05 23:00:00,0.015884999999999948
2001-03-06 23:00:00,0.01598999999999995
2001-03-07 23:00:00,0.015904999999999947
2001-03-08 23:00:00,0.01576999999999995
2001-03-09 23:00:00,0.01582999999999995
2001-03-12 23:00:00,0.01578999999999995
2001-03-13 23:00:00,0.01569999999999995
2001-03-14 23:00:00,0.015634999999999948
2001-03-15 23:00:00,0.015609999999999949
2001-03-16 23:00:00,0.015424999999999947
2001-03-19 23:00:00,0.015484999999999948
2001-03-20 23:00:00,0.015514999999999947
2001-03-21 23:00:00,0.015429999999999949
2001-03-22 23:00:00,0.015344999999999947
2001-03-23 23:00:00,0.015364999999999946
2001-03-26 23:00:00,0.015349999999999949
2001-03-27 23:00:00,0.015424999999999947
2001-03-28 23:00:00,0.015234999999999948
2001-03-29 23:00:00,0.015259999999999949
2001-03-30 23:00:00,0.015144999999999952
2001-04-02 23:00:00,0.015109999999999948
2001-04-03 23:00:00,0.015164999999999948
2001-04-04 23:00:00,0.015164999999999948
2001-04-05 23:00:00,0.015189999999999948
2001-04-06 23:00:00,0.015009999999999949
2001-04-09 23:00:00,0.01510499999999995
2001-04-10 23:00:00,0.015199999999999948
2001-04-11 23:00:00,0.01515999999999995
2001-04-12 23:00:00,0.015174999999999947
2001-04-16 23:00:00,0.01519499999999995
2001-04-17 23:00:00,0.01515999999999995
2001-04-18 23:00:00,0.015369999999999948
2001-04-19 23:00:00,0.015254999999999947
2001-04-20 23:00:00,0.01527499999999995
2001-04-23 23:00:00,0.015119999999999951
2001-04-24 23:00:00,0.015144999999999952
2001-04-25 23:00:00,0.015174999999999947
2001-04-26 23:00:00,0.01512999999999995
2001-04-27 23:00:00,0.015144999999999952
2001-04-30 23:00:00,0.015219999999999947
2001-05-01 23:00:00,0.015289999999999948
2001-05-02 23:00:00,0.015414999999999951
2001-05-03 23:00:00,0.01536499999999995
2001-05-04 23:00:00,0.015304999999999949
2001-05-07 23:00:00,0.015314999999999948
2001-05-08 23:00:00,0.015134999999999949
2001-05-09 23:00:00,0.015084999999999947
2001-05-10 23:00:00,0.015044999999999953
2001-05-11 23:00:00,0.015084999999999947
2001-05-14 23:00:00,0.01499999999999995
2001-05-15 23:00:00,0.01499999999999995
2001-05-16 23:00:00,0.01501499999999995
2001-05-17 23:00:00,0.015134999999999949
2001-05-18 23:00:00,0.015324999999999948
2001-05-21 23:00:00,0.015479999999999947
2001-05-22 23:00:00,0.01536499999999995
2001-05-23 23:00:00,0.01535499999999995
2001-05-24 23:00:00,0.015384999999999949
2001-05-25 23:00:00,0.01537499999999995
2001-05-29 23:00:00,0.015119999999999951
2001-05-30 23:00:00,0.015074999999999951
2001-05-31 23:00:00,0.01502499999999995
2001-06-01 23:00:00,0.01496999999999995
2001-06-04 23:00:00,0.01496999999999995
2001-06-05 23:00:00,0.015064999999999952
2001-06-06 23:00:00,0.014984999999999951
2001-06-07 23:00:00,0.014949999999999951
2001-06-08 23:00:00,0.01475499999999995
2001-06-11 23:00:00,0.01476499999999995
2001-06-12 23:00:00,0.01472999999999995
2001-06-13 23:00:00,0.01469499999999995
2001-06-14 23:00:00,0.01471999999999995
2001-06-15 23:00:00,0.014644999999999951
2001-06-18 23:00:00,0.01464999999999995
2001-06-19 23:00:00,0.01469499999999995
2001-06-20 23:00:00,0.01458499999999995
2001-06-21 23:00:00,0.014644999999999951
2001-06-22 23:00:00,0.01457499999999995
2001-06-25 23:00:00,0.01456999999999995
2001-06-26 23:00:00,0.014624999999999952
2001-06-27 23:00:00,0.014659999999999949
2001-06-28 23:00:00,0.014524999999999951
2001-06-29 23:00:00,0.014489999999999949
2001-07-02 23:00:00,0.014564999999999951
2001-07-03 23:00:00,0.01449499999999995
2001-07-05 23:00:00,0.014414999999999949
2001-07-06 23:00:00,0.01446499999999995
2001-07-09 23:00:00,0.01444999999999995
2001-07-10 23:00:00,0.01453499999999995
2001-07-11 23:00:00,0.014489999999999949
2001-07-12 23:00:00,0.01440999999999995
2001-07-13 23:00:00,0.014424999999999952
2001-07-16 23:00:00,0.01444999999999995
2001-07-17 23:00:00,0.014544999999999952
2001-07-18 23:00:00,0.01441999999999995
2001-07-19 23:00:00,0.01431499999999995
2001-07-20 23:00:00,0.014354999999999951
2001-07-23 23:00:00,0.014234999999999949
2001-07-24 23:00:00,0.01420999999999995
2001-07-25 23:00:00,0.014229999999999951
2001-07-26 23:00:00,0.01420999999999995
2001-07-27 23:00:00,0.014139999999999951
2001-07-30 23:00:00,0.014139999999999951
2001-07-31 23:00:00,0.01417999999999995
2001-08-01 23:00:00,0.014229999999999951
2001-08-02 23:00:00,0.014169999999999952
2001-08-03 23:00:00,0.01412499999999995
2001-08-06 23:00:00,0.014064999999999949
2001-08-07 23:00:00,0.01404499999999995
2001-08-08 23:00:00,0.013969999999999951
2001-08-09 23:00:00,0.014019999999999951
2001-08-10 23:00:00,0.013974999999999951
2001-08-13 23:00:00,0.013924999999999951
2001-08-14 23:00:00,0.01400999999999995
2001-08-15 23:00:00,0.013939999999999949
2001-08-16 23:00:00,0.01403499999999995
2001-08-17 23:00:00,0.01421499999999995
2001-08-20 23:00:00,0.01411499999999995
2001-08-21 23:00:00,0.01406999999999995
2001-08-22 23:00:00,0.014119999999999952
2001-08-23 23:00:00,0.01418999999999995
2001-08-24 23:00:00,0.014164999999999948
2001-08-27 23:00:00,0.01428499999999995
2001-08-28 23:00:00,0.01424499999999995
2001-08-29 23:00:00,0.014289999999999949
2001-08-30 23:00:00,0.01414999999999995
2001-08-31 23:00:00,0.01412499999999995
2001-09-04 23:00:00,0.01404499999999995
2001-09-05 23:00:00,0.014029999999999949
2001-09-06 23:00:00,0.013914999999999948
2001-09-07 23:00:00,0.013834999999999952
2001-09-10 23:00:00,0.01382499999999995
2001-09-14 23:00:00,0.01388499999999995
2001-09-17 23:00:00,0.01381999999999995
2001-09-18 23:00:00,0.01382499999999995
2001-09-19 23:00:00,0.01379499999999995
2001-09-20 23:00:00,0.013779999999999949
2001-09-21 23:00:00,0.01386499999999995
2001-09-24 23:00:00,0.013844999999999951
2001-09-25 23:00:00,0.01378999999999995
2001-09-26 23:00:00,0.01382999999999995
2001-09-27 23:00:00,0.01381999999999995
2001-09-28 23:00:00,0.01377499999999995
2001-10-01 23:00:00,0.01375999999999995
2001-10-02 23:00:00,0.013754999999999951
2001-10-03 23:00:00,0.01366999999999995
2001-10-04 23:00:00,0.013699999999999952
2001-10-05 23:00:00,0.01365999999999995
2001-10-08 23:00:00,0.013689999999999949
2001-10-09 23:00:00,0.01366999999999995
2001-10-10 23:00:00,0.01365499999999995
2001-10-11 23:00:00,0.01366999999999995
2001-10-12 23:00:00,0.01365999999999995
2001-10-15 23:00:00,0.01364999999999995
2001-10-16 23:00:00,0.01369499999999995
2001-10-17 23:00:00,0.013644999999999949
2001-10-18 23:00:00,0.01357499999999995
2001-10-19 23:00:00,0.01348999999999995
2001-10-22 23:00:00,0.013504999999999951
2001-10-23 23:00:00,0.013554999999999949
2001-10-24 23:00:00,0.01347999999999995
2001-10-25 23:00:00,0.01351499999999995
2001-10-26 23:00:00,0.01360499999999995
2001-10-29 23:00:00,0.01356499999999995
2001-10-30 23:00:00,0.013629999999999951
2001-10-31 23:00:00,0.013504999999999951
2001-11-01 23:00:00,0.01345999999999995
2001-11-02 23:00:00,0.013394999999999949
2001-11-05 23:00:00,0.01341499999999995
2001-11-06 23:00:00,0.01341499999999995
2001-11-07 23:00:00,0.01331499999999995
2001-11-08 23:00:00,0.01340499999999995
2001-11-09 23:00:00,0.013664999999999948
2001-11-12 23:00:00,0.013834999999999952
2001-11-13 23:00:00,0.01402499999999995
2001-11-14 23:00:00,0.01402499999999995
2001-11-15 23:00:00,0.01397999999999995
2001-11-16 23:00:00,0.01407499999999995
2001-11-19 23:00:00,0.01408999999999995
2001-11-20 23:00:00,0.013984999999999952
2001-11-21 23:00:00,0.01402499999999995
2001-11-26 23:00:00,0.014084999999999952
2001-11-27 23:00:00,0.01430499999999995
2001-11-28 23:00:00,0.01431999999999995
2001-11-29 23:00:00,0.01440999999999995
2001-11-30 23:00:00,0.01448999999999995
2001-12-03 23:00:00,0.014309999999999951
2001-12-04 23:00:00,0.01425999999999995
2001-12-05 23:00:00,0.014199999999999949
2001-12-06 23:00:00,0.014134999999999951
2001-12-07 23:00:00,0.01402499999999995
2001-12-10 23:00:00,0.014019999999999951
2001-12-11 23:00:00,0.014059999999999951
2001-12-12 23:00:00,0.013959999999999952
2001-12-13 23:00:00,0.013949999999999949
2001-12-14 23:00:00,0.013959999999999952
2001-12-17 23:00:00,0.01398999999999995
2001-12-18 23:00:00,0.01406999999999995
2001-12-19 23:00:00,0.013959999999999952
2001-12-20 23:00:00,0.01396499999999995
2001-12-21 23:00:00,0.01402499999999995
2001-12-26 23:00:00,0.014094999999999951
2001-12-27 23:00:00,0.014039999999999952
2001-12-28 23:00:00,0.01394499999999995
2001-12-31 23:00:00,0.01375999999999995
2002-01-02 23:00:00,0.01374999999999995
2002-01-03 23:00:00,0.01380999999999995
2002-01-04 23:00:00,0.01391499999999995
2002-01-07 23:00:00,0.01431999999999995
2002-01-08 23:00:00,0.014254999999999948
2002-01-09 23:00:00,0.01432499999999995
2002-01-10 23:00:00,0.01422499999999995
2002-01-11 23:00:00,0.014254999999999948
2002-01-14 23:00:00,0.01424999999999995
2002-01-15 23:00:00,0.014184999999999951
2002-01-16 23:00:00,0.014254999999999948
2002-01-17 23:00:00,0.01424999999999995
2002-01-18 23:00:00,0.014154999999999949
2002-01-22 23:00:00,0.01419499999999995
2002-01-23 23:00:00,0.014254999999999948
2002-01-24 23:00:00,0.01432499999999995
2002-01-25 23:00:00,0.01428499999999995
2002-01-28 23:00:00,0.01417499999999995
2002-01-29 23:00:00,0.01415999999999995
2002-01-30 23:00:00,0.014139999999999951
2002-01-31 23:00:00,0.014504999999999948
2002-02-01 23:00:00,0.01453499999999995
2002-02-04 23:00:00,0.014454999999999949
2002-02-05 23:00:00,0.01449499999999995
2002-02-06 23:00:00,0.01445999999999995
2002-02-07 23:00:00,0.014539999999999949
2002-02-08 23:00:00,0.014504999999999948
2002-02-11 23:00:00,0.014444999999999951
2002-02-12 23:00:00,0.01449499999999995
2002-02-13 23:00:00,0.01468499999999995
2002-02-14 23:00:00,0.01461499999999995
2002-02-15 23:00:00,0.014514999999999952
2002-02-19 23:00:00,0.01424999999999995
2002-02-20 23:00:00,0.014264999999999951
2002-02-21 23:00:00,0.01431999999999995
2002-02-22 23:00:00,0.01417499999999995
2002-02-25 23:00:00,0.01423999999999995
2002-02-26 23:00:00,0.014199999999999949
2002-02-27 23:00:00,0.01431999999999995
2002-02-28 23:00:00,0.01431999999999995
2002-03-01 23:00:00,0.014439999999999951
2002-03-04 23:00:00,0.014529999999999951
2002-03-05 23:00:00,0.01451999999999995
2002-03-06 23:00:00,0.01461999999999995
2002-03-07 23:00:00,0.01459499999999995
2002-03-08 23:00:00,0.01463999999999995
2002-03-11 23:00:00,0.01457499999999995
2002-03-12 23:00:00,0.014529999999999951
2002-03-13 23:00:00,0.01451999999999995
2002-03-14 23:00:00,0.014564999999999951
2002-03-15 23:00:00,0.01461999999999995
2002-03-18 23:00:00,0.014759999999999949
2002-03-19 23:00:00,0.014819999999999946
2002-03-20 23:00:00,0.01477499999999995
2002-03-21 23:00:00,0.01473999999999995
2002-03-22 23:00:00,0.014599999999999948
2002-03-25 23:00:00,0.01448999999999995
2002-03-26 23:00:00,0.01456999999999995
2002-03-27 23:00:00,0.01462999999999995
2002-03-28 23:00:00,0.014749999999999949
2002-04-01 23:00:00,0.014759999999999949
2002-04-02 23:00:00,0.014749999999999949
2002-04-03 23:00:00,0.014539999999999952
2002-04-04 23:00:00,0.014439999999999951
2002-04-05 23:00:00,0.014344999999999952
2002-04-08 23:00:00,0.014344999999999952
2002-04-09 23:00:00,0.014384999999999952
2002-04-10 23:00:00,0.014359999999999951
2002-04-11 23:00:00,0.014344999999999952
2002-04-12 23:00:00,0.01428499999999995
2002-04-15 23:00:00,0.014274999999999951
2002-04-16 23:00:00,0.01437499999999995
2002-04-17 23:00:00,0.014474999999999951
2002-04-18 23:00:00,0.01437999999999995
2002-04-19 23:00:00,0.014439999999999951
2002-04-22 23:00:00,0.014539999999999952
2002-04-23 23:00:00,0.01441999999999995
2002-04-24 23:00:00,0.014469999999999952
2002-04-25 23:00:00,0.01440999999999995
2002-04-26 23:00:00,0.014469999999999952
2002-04-29 23:00:00,0.014449999999999949
2002-04-30 23:00:00,0.014434999999999951
2002-05-01 23:00:00,0.014334999999999952
2002-05-02 23:00:00,0.014399999999999951
2002-05-03 23:00:00,0.01428499999999995
2002-05-06 23:00:00,0.01419499999999995
2002-05-07 23:00:00,0.01430499999999995
2002-05-08 23:00:00,0.01437499999999995
2002-05-09 23:00:00,0.014344999999999952
2002-05-10 23:00:00,0.01442999999999995
2002-05-13 23:00:00,0.01441999999999995
2002-05-14 23:00:00,0.01449499999999995
2002-05-15 23:00:00,0.014519999999999951
2002-05-16 23:00:00,0.01442999999999995
2002-05-17 23:00:00,0.01432999999999995
2002-05-20 23:00:00,0.01430499999999995
2002-05-21 23:00:00,0.01431999999999995
2002-05-22 23:00:00,0.01432499999999995
2002-05-23 23:00:00,0.01440499999999995
2002-05-24 23:00:00,0.014434999999999951
2002-05-28 23:00:00,0.01461499999999995
2002-05-29 23:00:00,0.014554999999999952
2002-05-30 23:00:00,0.014564999999999951
2002-05-31 23:00:00,0.01468499999999995
2002-06-03 23:00:00,0.014799999999999947
2002-06-04 23:00:00,0.014904999999999948
2002-06-05 23:00:00,0.014879999999999947
2002-06-06 23:00:00,0.014834999999999947
2002-06-07 23:00:00,0.014844999999999947
2002-06-10 23:00:00,0.014849999999999948
2002-06-11 23:00:00,0.01469499999999995
2002-06-12 23:00:00,0.01468499999999995
2002-06-13 23:00:00,0.014704999999999949
2002-06-14 23:00:00,0.01469499999999995
2002-06-17 23:00:00,0.014654999999999951
2002-06-18 23:00:00,0.01464999999999995
2002-06-19 23:00:00,0.014624999999999949
2002-06-20 23:00:00,0.01456499999999995
2002-06-21 23:00:00,0.01447999999999995
2002-06-24 23:00:00,0.01445999999999995
2002-06-25 23:00:00,0.01454999999999995
2002-06-26 23:00:00,0.01456499999999995
2002-06-27 23:00:00,0.014579999999999949
2002-06-28 23:00:00,0.014724999999999948
2002-07-01 23:00:00,0.014724999999999948
2002-07-02 23:00:00,0.01460499999999995
2002-07-03 23:00:00,0.01452999999999995
2002-07-08 23:00:00,0.014599999999999948
2002-07-09 23:00:00,0.01459499999999995
2002-07-10 23:00:00,0.01456499999999995
2002-07-11 23:00:00,0.014489999999999949
2002-07-12 23:00:00,0.01442999999999995
2002-07-15 23:00:00,0.01436999999999995
2002-07-16 23:00:00,0.014414999999999949
2002-07-17 23:00:00,0.014334999999999948
2002-07-18 23:00:00,0.01430499999999995
2002-07-19 23:00:00,0.01416999999999995
2002-07-22 23:00:00,0.01403499999999995
2002-07-23 23:00:00,0.01395999999999995
2002-07-24 23:00:00,0.01394499999999995
2002-07-25 23:00:00,0.013879999999999951
2002-07-26 23:00:00,0.01388499999999995
2002-07-29 23:00:00,0.01396499999999995
2002-07-30 23:00:00,0.01390499999999995
2002-07-31 23:00:00,0.013789999999999948
2002-08-01 23:00:00,0.01382999999999995
2002-08-02 23:00:00,0.013799999999999951
2002-08-05 23:00:00,0.01369999999999995
2002-08-06 23:00:00,0.013734999999999949
2002-08-07 23:00:00,0.01369499999999995
2002-08-08 23:00:00,0.01372999999999995
2002-08-09 23:00:00,0.01375999999999995
2002-08-12 23:00:00,0.013764999999999951
2002-08-13 23:00:00,0.01373999999999995
2002-08-14 23:00:00,0.01367999999999995
2002-08-15 23:00:00,0.01380499999999995
2002-08-16 23:00:00,0.01372999999999995
2002-08-19 23:00:00,0.013719999999999951
2002-08-20 23:00:00,0.013799999999999951
2002-08-21 23:00:00,0.01373999999999995
2002-08-22 23:00:00,0.013824999999999952
2002-08-23 23:00:00,0.01382999999999995
2002-08-26 23:00:00,0.01385999999999995
2002-08-27 23:00:00,0.013879999999999951
2002-08-28 23:00:00,0.01382999999999995
2002-08-29 23:00:00,0.01383999999999995
2002-08-30 23:00:00,0.01385999999999995
2002-09-03 23:00:00,0.01373999999999995
2002-09-04 23:00:00,0.01372499999999995
2002-09-05 23:00:00,0.013669999999999951
2002-09-06 23:00:00,0.01372999999999995
2002-09-09 23:00:00,0.013879999999999951
2002-09-10 23:00:00,0.013994999999999952
2002-09-11 23:00:00,0.013974999999999951
2002-09-12 23:00:00,0.01395499999999995
2002-09-13 23:00:00,0.013904999999999952
2002-09-16 23:00:00,0.01379499999999995
2002-09-17 23:00:00,0.013789999999999952
2002-09-18 23:00:00,0.01368499999999995
2002-09-19 23:00:00,0.013674999999999951
2002-09-20 23:00:00,0.01372999999999995
2002-09-23 23:00:00,0.01367999999999995
2002-09-24 23:00:00,0.013629999999999951
2002-09-25 23:00:00,0.013674999999999951
2002-09-26 23:00:00,0.01369499999999995
2002-09-27 23:00:00,0.013574999999999952
2002-09-30 23:00:00,0.013564999999999949
2002-10-01 23:00:00,0.01360999999999995
2002-10-02 23:00:00,0.01366499999999995
2002-10-03 23:00:00,0.013584999999999951
2002-10-04 23:00:00,0.01352499999999995
2002-10-07 23:00:00,0.01355499999999995
2002-10-08 23:00:00,0.013549999999999951
2002-10-09 23:00:00,0.01354499999999995
2002-10-10 23:00:00,0.01361499999999995
2002-10-11 23:00:00,0.01373999999999995
2002-10-14 23:00:00,0.01361499999999995
2002-10-15 23:00:00,0.013669999999999951
2002-10-16 23:00:00,0.013654999999999952
2002-10-17 23:00:00,0.01387499999999995
2002-10-18 23:00:00,0.01382999999999995
2002-10-21 23:00:00,0.013939999999999949
2002-10-22 23:00:00,0.013879999999999951
2002-10-23 23:00:00,0.01384999999999995
2002-10-24 23:00:00,0.013934999999999951
2002-10-25 23:00:00,0.014049999999999951
2002-10-28 23:00:00,0.014039999999999948
2002-10-29 23:00:00,0.01394499999999995
2002-10-30 23:00:00,0.013939999999999949
2002-10-31 23:00:00,0.014074999999999952
2002-11-01 23:00:00,0.01416499999999995
2002-11-04 23:00:00,0.01418999999999995
2002-11-05 23:00:00,0.01415999999999995
2002-11-06 23:00:00,0.014209999999999952
2002-11-07 23:00:00,0.014059999999999951
2002-11-08 23:00:00,0.014064999999999949
2002-11-11 23:00:00,0.01411499999999995
2002-11-12 23:00:00,0.01411499999999995
2002-11-13 23:00:00,0.01407999999999995
2002-11-14 23:00:00,0.01402499999999995
2002-11-15 23:00:00,0.01408999999999995
2002-11-18 23:00:00,0.01418499999999995
2002-11-19 23:00:00,0.01417999999999995
2002-11-20 23:00:00,0.01429999999999995
2002-11-21 23:00:00,0.01430499999999995
2002-11-22 23:00:00,0.01427499999999995
2002-11-25 23:00:00,0.014264999999999951
2002-11-26 23:00:00,0.014199999999999949
2002-11-27 23:00:00,0.014399999999999951
2002-12-02 23:00:00,0.01447499999999995
2002-12-03 23:00:00,0.01443999999999995
2002-12-04 23:00:00,0.01443999999999995
2002-12-05 23:00:00,0.01430499999999995
2002-12-06 23:00:00,0.01431499999999995
2002-12-09 23:00:00,0.014209999999999948
2002-12-10 23:00:00,0.01427499999999995
2002-12-11 23:00:00,0.014264999999999951
2002-12-12 23:00:00,0.014229999999999948
2002-12-13 23:00:00,0.01413999999999995
2002-12-16 23:00:00,0.01412499999999995
2002-12-17 23:00:00,0.01414499999999995
2002-12-18 23:00:00,0.01406999999999995
2002-12-19 23:00:00,0.014029999999999949
2002-12-20 23:00:00,0.014004999999999948
2002-12-23 23:00:00,0.014029999999999949
2002-12-24 23:00:00,0.01391499999999995
2002-12-26 23:00:00,0.013854999999999949
2002-12-27 23:00:00,0.01388999999999995
2002-12-30 23:00:00,0.01386499999999995
2002-12-31 23:00:00,0.01384999999999995
2003-01-02 23:00:00,0.014004999999999948
2003-01-03 23:00:00,0.01413999999999995
2003-01-06 23:00:00,0.01421499999999995
2003-01-07 23:00:00,0.01418499999999995
2003-01-08 23:00:00,0.014289999999999949
2003-01-09 23:00:00,0.014329999999999949
2003-01-10 23:00:00,0.01426999999999995
2003-01-13 23:00:00,0.01434999999999995
2003-01-14 23:00:00,0.014424999999999948
2003-01-15 23:00:00,0.01447499999999995
2003-01-16 23:00:00,0.01443499999999995
2003-01-17 23:00:00,0.014404999999999949
2003-01-21 23:00:00,0.014514999999999952
2003-01-22 23:00:00,0.01455499999999995
2003-01-23 23:00:00,0.01452499999999995
2003-01-24 23:00:00,0.01450999999999995
2003-01-27 23:00:00,0.014424999999999948
2003-01-28 23:00:00,0.01439499999999995
2003-01-29 23:00:00,0.01447499999999995
2003-01-30 23:00:00,0.01472999999999995
2003-01-31 23:00:00,0.014769999999999948
2003-02-03 23:00:00,0.014714999999999949
2003-02-04 23:00:00,0.01461999999999995
2003-02-05 23:00:00,0.01461499999999995
2003-02-06 23:00:00,0.014504999999999948
2003-02-07 23:00:00,0.014459999999999949
2003-02-10 23:00:00,0.014579999999999949
2003-02-11 23:00:00,0.014579999999999949
2003-02-12 23:00:00,0.014534999999999947
2003-02-13 23:00:00,0.014324999999999949
2003-02-14 23:00:00,0.014379999999999948
2003-02-18 23:00:00,0.01422999999999995
2003-02-19 23:00:00,0.01428499999999995
2003-02-20 23:00:00,0.01434499999999995
2003-02-21 23:00:00,0.014599999999999948
2003-02-24 23:00:00,0.014689999999999948
2003-02-25 23:00:00,0.014624999999999949
2003-02-26 23:00:00,0.01478999999999995
2003-02-27 23:00:00,0.01470999999999995
2003-02-28 23:00:00,0.014579999999999949
2003-03-03 23:00:00,0.01469499999999995
2003-03-04 23:00:00,0.014579999999999949
2003-03-05 23:00:00,0.014414999999999949
2003-03-06 23:00:00,0.014319999999999949
2003-03-07 23:00:00,0.01446499999999995
2003-03-10 23:00:00,0.014329999999999949
2003-03-11 23:00:00,0.014424999999999948
2003-03-12 23:00:00,0.01433999999999995
2003-03-13 23:00:00,0.014289999999999949
2003-03-14 23:00:00,0.01431499999999995
2003-03-17 23:00:00,0.01448499999999995
2003-03-18 23:00:00,0.014414999999999949
2003-03-19 23:00:00,0.014544999999999949
2003-03-20 23:00:00,0.014449999999999949
2003-03-21 23:00:00,0.01455999999999995
2003-03-24 23:00:00,0.014454999999999949
2003-03-25 23:00:00,0.014479999999999948
2003-03-26 23:00:00,0.01429499999999995
2003-03-27 23:00:00,0.014084999999999948
2003-03-28 23:00:00,0.014049999999999948
2003-03-31 23:00:00,0.013914999999999948
2003-04-01 23:00:00,0.01401499999999995
2003-04-02 23:00:00,0.013954999999999948
2003-04-03 23:00:00,0.013879999999999948
2003-04-04 23:00:00,0.013949999999999949
2003-04-07 23:00:00,0.01405499999999995
2003-04-08 23:00:00,0.013994999999999948
2003-04-09 23:00:00,0.01395999999999995
2003-04-10 23:00:00,0.013914999999999948
2003-04-11 23:00:00,0.014024999999999949
2003-04-14 23:00:00,0.01401499999999995
2003-04-15 23:00:00,0.014109999999999949
2003-04-16 23:00:00,0.014109999999999949
2003-04-17 23:00:00,0.01414499999999995
2003-04-21 23:00:00,0.01405499999999995
2003-04-22 23:00:00,0.013979999999999949
2003-04-23 23:00:00,0.01399999999999995
2003-04-24 23:00:00,0.01391999999999995
2003-04-25 23:00:00,0.01391999999999995
2003-04-28 23:00:00,0.01391999999999995
2003-04-29 23:00:00,0.014019999999999951
2003-04-30 23:00:00,0.014039999999999948
2003-05-01 23:00:00,0.01402499999999995
2003-05-02 23:00:00,0.01391999999999995
2003-05-05 23:00:00,0.01390999999999995
2003-05-06 23:00:00,0.013969999999999951
2003-05-07 23:00:00,0.01407999999999995
2003-05-08 23:00:00,0.01413999999999995
2003-05-09 23:00:00,0.014114999999999949
2003-05-12 23:00:00,0.01424999999999995
2003-05-13 23:00:00,0.01437499999999995
2003-05-14 23:00:00,0.01433999999999995
2003-05-15 23:00:00,0.01433999999999995
2003-05-16 23:00:00,0.014344999999999952
2003-05-19 23:00:00,0.014364999999999949
2003-05-20 23:00:00,0.014364999999999949
2003-05-21 23:00:00,0.01443999999999995
2003-05-22 23:00:00,0.01440999999999995
2003-05-23 23:00:00,0.014399999999999951
2003-05-27 23:00:00,0.01450999999999995
2003-05-28 23:00:00,0.01442999999999995
2003-05-29 23:00:00,0.014454999999999949
2003-05-30 23:00:00,0.01455499999999995
2003-06-02 23:00:00,0.01462999999999995
2003-06-03 23:00:00,0.01456999999999995
2003-06-04 23:00:00,0.01453499999999995
2003-06-05 23:00:00,0.01455499999999995
2003-06-06 23:00:00,0.01455999999999995
2003-06-09 23:00:00,0.01442999999999995
2003-06-10 23:00:00,0.014399999999999951
2003-06-11 23:00:00,0.01440499999999995
2003-06-12 23:00:00,0.01446999999999995
2003-06-13 23:00:00,0.01433999999999995
2003-06-16 23:00:00,0.01433999999999995
2003-06-17 23:00:00,0.01453999999999995
2003-06-18 23:00:00,0.01450999999999995
2003-06-19 23:00:00,0.014549999999999948
2003-06-20 23:00:00,0.01447499999999995
2003-06-23 23:00:00,0.01440999999999995
2003-06-24 23:00:00,0.014424999999999948
2003-06-25 23:00:00,0.01432999999999995
2003-06-26 23:00:00,0.01425999999999995
2003-06-27 23:00:00,0.01430999999999995
2003-06-30 23:00:00,0.01421999999999995
2003-07-01 23:00:00,0.014199999999999949
2003-07-02 23:00:00,0.01430499999999995
2003-07-03 23:00:00,0.014199999999999949
2003-07-07 23:00:00,0.014399999999999948
2003-07-08 23:00:00,0.01437499999999995
2003-07-09 23:00:00,0.014499999999999949
2003-07-10 23:00:00,0.01450499999999995
2003-07-11 23:00:00,0.014489999999999949
2003-07-14 23:00:00,0.01466999999999995
2003-07-15 23:00:00,0.01462999999999995
2003-07-16 23:00:00,0.01461999999999995
2003-07-17 23:00:00,0.01450999999999995
2003-07-18 23:00:00,0.01455999999999995
2003-07-21 23:00:00,0.01445499999999995
2003-07-22 23:00:00,0.014414999999999949
2003-07-23 23:00:00,0.01447999999999995
2003-07-24 23:00:00,0.014624999999999949
2003-07-25 23:00:00,0.01466999999999995
2003-07-28 23:00:00,0.01476499999999995
2003-07-29 23:00:00,0.014749999999999949
2003-07-30 23:00:00,0.01470999999999995
2003-07-31 23:00:00,0.01489499999999995
2003-08-01 23:00:00,0.014874999999999949
2003-08-04 23:00:00,0.01478499999999995
2003-08-05 23:00:00,0.01477499999999995
2003-08-06 23:00:00,0.01473499999999995
2003-08-07 23:00:00,0.01483999999999995
2003-08-08 23:00:00,0.01470499999999995
2003-08-11 23:00:00,0.01475499999999995
2003-08-12 23:00:00,0.01457999999999995
2003-08-13 23:00:00,0.01460999999999995
2003-08-14 23:00:00,0.01467499999999995
2003-08-15 23:00:00,0.014604999999999951
2003-08-18 23:00:00,0.01464999999999995
2003-08-19 23:00:00,0.01471499999999995
2003-08-20 23:00:00,0.014749999999999949
2003-08-21 23:00:00,0.01473499999999995
2003-08-22 23:00:00,0.014749999999999949
2003-08-25 23:00:00,0.01476499999999995
2003-08-26 23:00:00,0.01466499999999995
2003-08-27 23:00:00,0.01463999999999995
2003-08-28 23:00:00,0.01459499999999995
2003-08-29 23:00:00,0.014744999999999949
2003-09-02 23:00:00,0.01481499999999995
2003-09-03 23:00:00,0.01495999999999995
2003-09-04 23:00:00,0.01484499999999995
2003-09-05 23:00:00,0.014974999999999948
2003-09-08 23:00:00,0.01494499999999995
2003-09-09 23:00:00,0.01483999999999995
2003-09-10 23:00:00,0.014739999999999951
2003-09-11 23:00:00,0.01492499999999995
2003-09-12 23:00:00,0.014799999999999949
2003-09-15 23:00:00,0.014859999999999951
2003-09-16 23:00:00,0.01480999999999995
2003-09-17 23:00:00,0.01489499999999995
2003-09-18 23:00:00,0.01492999999999995
2003-09-19 23:00:00,0.01494999999999995
2003-09-22 23:00:00,0.014954999999999951
2003-09-23 23:00:00,0.01489999999999995
2003-09-24 23:00:00,0.01493499999999995
2003-09-25 23:00:00,0.01496499999999995
2003-09-26 23:00:00,0.014854999999999952
2003-09-29 23:00:00,0.01487999999999995
2003-09-30 23:00:00,0.01482499999999995
2003-10-01 23:00:00,0.01486999999999995
2003-10-02 23:00:00,0.014974999999999948
2003-10-03 23:00:00,0.01500999999999995
2003-10-06 23:00:00,0.01501499999999995
2003-10-07 23:00:00,0.015109999999999952
2003-10-08 23:00:00,0.01518499999999995
2003-10-09 23:00:00,0.015174999999999949
2003-10-10 23:00:00,0.01527499999999995
2003-10-13 23:00:00,0.01551499999999995
2003-10-14 23:00:00,0.015379999999999951
2003-10-15 23:00:00,0.01561999999999995
2003-10-16 23:00:00,0.015579999999999952
2003-10-17 23:00:00,0.015584999999999951
2003-10-20 23:00:00,0.01575499999999995
2003-10-21 23:00:00,0.01569999999999995
2003-10-22 23:00:00,0.01577499999999995
2003-10-23 23:00:00,0.01570499999999995
2003-10-24 23:00:00,0.01556999999999995
2003-10-27 23:00:00,0.01571499999999995
2003-10-28 23:00:00,0.01567999999999995
2003-10-29 23:00:00,0.01582999999999995
2003-10-30 23:00:00,0.015974999999999948
2003-10-31 23:00:00,0.01602499999999995
2003-11-03 23:00:00,0.01596999999999995
2003-11-04 23:00:00,0.01621499999999995
2003-11-05 23:00:00,0.016204999999999952
2003-11-06 23:00:00,0.01603999999999995
2003-11-07 23:00:00,0.01608499999999995
2003-11-10 23:00:00,0.015919999999999948
2003-11-11 23:00:00,0.01608499999999995
2003-11-12 23:00:00,0.016124999999999952
2003-11-13 23:00:00,0.01606499999999995
2003-11-14 23:00:00,0.01615499999999995
2003-11-17 23:00:00,0.015819999999999952
2003-11-18 23:00:00,0.01595499999999995
2003-11-19 23:00:00,0.015819999999999952
2003-11-20 23:00:00,0.015479999999999949
2003-11-21 23:00:00,0.015599999999999949
2003-11-24 23:00:00,0.01569999999999995
2003-11-25 23:00:00,0.01551999999999995
2003-11-26 23:00:00,0.01571499999999995
2003-12-01 23:00:00,0.01618499999999995
2003-12-02 23:00:00,0.016314999999999948
2003-12-03 23:00:00,0.01636499999999995
2003-12-04 23:00:00,0.016224999999999948
2003-12-05 23:00:00,0.01628499999999995
2003-12-08 23:00:00,0.01625499999999995
2003-12-09 23:00:00,0.01636499999999995
2003-12-10 23:00:00,0.016369999999999947
2003-12-11 23:00:00,0.01635999999999995
2003-12-12 23:00:00,0.01645499999999995
2003-12-15 23:00:00,0.01651999999999995
2003-12-16 23:00:00,0.01661499999999995
2003-12-17 23:00:00,0.01653999999999995
2003-12-18 23:00:00,0.016724999999999948
2003-12-19 23:00:00,0.016814999999999948
2003-12-22 23:00:00,0.016639999999999953
2003-12-23 23:00:00,0.01675499999999995
2003-12-24 23:00:00,0.01680499999999995
2003-12-29 23:00:00,0.01700999999999995
2003-12-30 23:00:00,0.01700499999999995
2003-12-31 23:00:00,0.017029999999999948
2004-01-05 23:00:00,0.017444999999999947
2004-01-06 23:00:00,0.017279999999999948
2004-01-07 23:00:00,0.01723999999999995
2004-01-08 23:00:00,0.01765999999999995
2004-01-09 23:00:00,0.01760999999999995
2004-01-12 23:00:00,0.01739999999999995
2004-01-13 23:00:00,0.01742999999999995
2004-01-14 23:00:00,0.01751499999999995
2004-01-15 23:00:00,0.01741499999999995
2004-01-16 23:00:00,0.01751499999999995
2004-01-20 23:00:00,0.017749999999999946
2004-01-21 23:00:00,0.017749999999999946
2004-01-22 23:00:00,0.01777499999999995
2004-01-23 23:00:00,0.01781999999999995
2004-01-26 23:00:00,0.01773999999999995
2004-01-27 23:00:00,0.01771499999999995
2004-01-28 23:00:00,0.01789999999999995
2004-01-29 23:00:00,0.01779499999999995
2004-01-30 23:00:00,0.01802999999999995
2004-02-02 23:00:00,0.01801499999999995
2004-02-03 23:00:00,0.01825999999999995
2004-02-04 23:00:00,0.01831999999999995
2004-02-05 23:00:00,0.01830499999999995
2004-02-06 23:00:00,0.01837999999999995
2004-02-09 23:00:00,0.018434999999999948
2004-02-10 23:00:00,0.018354999999999948
2004-02-11 23:00:00,0.01873499999999995
2004-02-12 23:00:00,0.01898999999999995
2004-02-13 23:00:00,0.01900999999999995
2004-02-17 23:00:00,0.019569999999999952
2004-02-18 23:00:00,0.019594999999999953
2004-02-19 23:00:00,0.019884999999999955
2004-02-20 23:00:00,0.019709999999999953
2004-02-23 23:00:00,0.019799999999999953
2004-02-24 23:00:00,0.01996999999999995
2004-02-25 23:00:00,0.01980999999999995
2004-02-26 23:00:00,0.020224999999999955
2004-02-27 23:00:00,0.02014499999999995
2004-03-01 23:00:00,0.020669999999999952
2004-03-02 23:00:00,0.020444999999999953
2004-03-03 23:00:00,0.01974999999999995
2004-03-04 23:00:00,0.019909999999999952
2004-03-05 23:00:00,0.020114999999999956
2004-03-08 23:00:00,0.01965499999999995
2004-03-09 23:00:00,0.01940499999999995
2004-03-10 23:00:00,0.01955499999999995
2004-03-11 23:00:00,0.020074999999999954
2004-03-12 23:00:00,0.019819999999999952
2004-03-15 23:00:00,0.020174999999999953
2004-03-16 23:00:00,0.02034499999999995
2004-03-17 23:00:00,0.020189999999999955
2004-03-18 23:00:00,0.02039499999999995
2004-03-19 23:00:00,0.020464999999999952
2004-03-22 23:00:00,0.020214999999999952
2004-03-23 23:00:00,0.02027499999999995
2004-03-24 23:00:00,0.02022999999999995
2004-03-25 23:00:00,0.02011999999999995
2004-03-26 23:00:00,0.020169999999999952
2004-03-29 23:00:00,0.020264999999999953
2004-03-30 23:00:00,0.020104999999999953
2004-03-31 23:00:00,0.020284999999999952
2004-04-01 23:00:00,0.02039499999999995
2004-04-02 23:00:00,0.02015499999999995
2004-04-05 23:00:00,0.01977999999999995
2004-04-06 23:00:00,0.01987499999999995
2004-04-07 23:00:00,0.019774999999999956
2004-04-08 23:00:00,0.01973499999999995
2004-04-12 23:00:00,0.019569999999999952
2004-04-13 23:00:00,0.019484999999999954
2004-04-14 23:00:00,0.01963499999999995
2004-04-15 23:00:00,0.019569999999999952
2004-04-16 23:00:00,0.02010999999999995
2004-04-19 23:00:00,0.020284999999999952
2004-04-20 23:00:00,0.019814999999999954
2004-04-21 23:00:00,0.01901999999999995
2004-04-22 23:00:00,0.01901999999999995
2004-04-23 23:00:00,0.019164999999999953
2004-04-26 23:00:00,0.01915999999999995
2004-04-27 23:00:00,0.01911499999999995
2004-04-28 23:00:00,0.01849999999999995
2004-04-29 23:00:00,0.018659999999999954
2004-04-30 23:00:00,0.018809999999999952
2004-05-03 23:00:00,0.01898999999999995
2004-05-04 23:00:00,0.01901999999999995
2004-05-05 23:00:00,0.01915499999999995
2004-05-06 23:00:00,0.019104999999999952
2004-05-07 23:00:00,0.01863999999999995
2004-05-10 23:00:00,0.01840999999999995
2004-05-11 23:00:00,0.018674999999999956
2004-05-12 23:00:00,0.018609999999999953
2004-05-13 23:00:00,0.01852499999999995
2004-05-14 23:00:00,0.018514999999999948
2004-05-17 23:00:00,0.018179999999999953
2004-05-18 23:00:00,0.018269999999999953
2004-05-19 23:00:00,0.018699999999999953
2004-05-20 23:00:00,0.01859999999999995
2004-05-21 23:00:00,0.01895499999999995
2004-05-24 23:00:00,0.019074999999999953
2004-05-25 23:00:00,0.019074999999999953
2004-05-26 23:00:00,0.019049999999999952
2004-05-27 23:00:00,0.01946499999999995
2004-05-28 23:00:00,0.01950999999999995
2004-06-01 23:00:00,0.019659999999999952
2004-06-02 23:00:00,0.01921499999999995
2004-06-03 23:00:00,0.01919499999999995
2004-06-04 23:00:00,0.019049999999999952
2004-06-07 23:00:00,0.019389999999999952
2004-06-08 23:00:00,0.019109999999999953
2004-06-09 23:00:00,0.018379999999999952
2004-06-10 23:00:00,0.01846499999999995
2004-06-14 23:00:00,0.01825999999999995
2004-06-15 23:00:00,0.018644999999999953
2004-06-16 23:00:00,0.01852499999999995
2004-06-17 23:00:00,0.018729999999999948
2004-06-18 23:00:00,0.01866999999999995
2004-06-21 23:00:00,0.01869999999999995
2004-06-22 23:00:00,0.01837499999999995
2004-06-23 23:00:00,0.018664999999999952
2004-06-24 23:00:00,0.01893999999999995
2004-06-25 23:00:00,0.01879999999999995
2004-06-28 23:00:00,0.01880499999999995
2004-06-29 23:00:00,0.01844999999999995
2004-06-30 23:00:00,0.01877999999999995
2004-07-01 23:00:00,0.01891999999999995
2004-07-02 23:00:00,0.01889999999999995
2004-07-06 23:00:00,0.01887999999999995
2004-07-07 23:00:00,0.01924999999999995
2004-07-08 23:00:00,0.01920999999999995
2004-07-09 23:00:00,0.01950999999999995
2004-07-12 23:00:00,0.01947499999999995
2004-07-13 23:00:00,0.01947999999999995
2004-07-14 23:00:00,0.019469999999999953
2004-07-15 23:00:00,0.01957499999999995
2004-07-16 23:00:00,0.01980499999999995
2004-07-19 23:00:00,0.019749999999999948
2004-07-20 23:00:00,0.01955499999999995
2004-07-21 23:00:00,0.01944999999999995
2004-07-22 23:00:00,0.01956999999999995
2004-07-23 23:00:00,0.019179999999999947
2004-07-26 23:00:00,0.01919999999999995
2004-07-27 23:00:00,0.018909999999999948
2004-07-28 23:00:00,0.019409999999999948
2004-07-29 23:00:00,0.019634999999999948
2004-07-30 23:00:00,0.01977999999999995
2004-08-02 23:00:00,0.01975499999999995
2004-08-03 23:00:00,0.019729999999999952
2004-08-04 23:00:00,0.019644999999999947
2004-08-05 23:00:00,0.019499999999999948
2004-08-06 23:00:00,0.01947999999999995
2004-08-09 23:00:00,0.01911499999999995
2004-08-10 23:00:00,0.01926999999999995
2004-08-11 23:00:00,0.01942499999999995
2004-08-12 23:00:00,0.019374999999999948
2004-08-13 23:00:00,0.01987999999999995
2004-08-16 23:00:00,0.019854999999999953
2004-08-17 23:00:00,0.01977499999999995
2004-08-18 23:00:00,0.019449999999999953
2004-08-19 23:00:00,0.01967999999999995
2004-08-20 23:00:00,0.019459999999999953
2004-08-23 23:00:00,0.01920999999999995
2004-08-24 23:00:00,0.01920999999999995
2004-08-25 23:00:00,0.01919999999999995
2004-08-26 23:00:00,0.01929999999999995
2004-08-27 23:00:00,0.01938999999999995
2004-08-30 23:00:00,0.01943999999999995
2004-08-31 23:00:00,0.01960499999999995
2004-09-01 23:00:00,0.01956499999999995
2004-09-02 23:00:00,0.019274999999999952
2004-09-03 23:00:00,0.01918999999999995
2004-09-07 23:00:00,0.01951499999999995
2004-09-08 23:00:00,0.019359999999999954
2004-09-09 23:00:00,0.019434999999999952
2004-09-10 23:00:00,0.019594999999999953
2004-09-13 23:00:00,0.01964499999999995
2004-09-14 23:00:00,0.019594999999999953
2004-09-15 23:00:00,0.01950999999999995
2004-09-16 23:00:00,0.01980999999999995
2004-09-17 23:00:00,0.019814999999999947
2004-09-20 23:00:00,0.01998999999999995
2004-09-21 23:00:00,0.020209999999999954
2004-09-22 23:00:00,0.02048999999999995
2004-09-23 23:00:00,0.020374999999999952
2004-09-24 23:00:00,0.02036999999999995
2004-09-27 23:00:00,0.02057499999999995
2004-09-28 23:00:00,0.02048999999999995
2004-09-29 23:00:00,0.020724999999999955
2004-09-30 23:00:00,0.02075499999999995
2004-10-01 23:00:00,0.02083499999999995
2004-10-04 23:00:00,0.02076499999999995
2004-10-05 23:00:00,0.020809999999999954
2004-10-06 23:00:00,0.021024999999999953
2004-10-07 23:00:00,0.02106999999999995
2004-10-08 23:00:00,0.021489999999999947
2004-10-11 23:00:00,0.02147999999999995
2004-10-12 23:00:00,0.021274999999999954
2004-10-13 23:00:00,0.019674999999999953
2004-10-14 23:00:00,0.019489999999999952
2004-10-15 23:00:00,0.019884999999999955
2004-10-18 23:00:00,0.01963499999999995
2004-10-19 23:00:00,0.01976499999999995
2004-10-20 23:00:00,0.01980999999999995
2004-10-21 23:00:00,0.01992999999999995
2004-10-22 23:00:00,0.01984999999999995
2004-10-25 23:00:00,0.019559999999999952
2004-10-26 23:00:00,0.019609999999999954
2004-10-27 23:00:00,0.019674999999999953
2004-10-28 23:00:00,0.01932999999999995
2004-10-29 23:00:00,0.020169999999999952
2004-11-01 23:00:00,0.019869999999999954
2004-11-02 23:00:00,0.019999999999999952
2004-11-03 23:00:00,0.02009499999999995
2004-11-04 23:00:00,0.020284999999999952
2004-11-05 23:00:00,0.020424999999999954
2004-11-08 23:00:00,0.020409999999999952
2004-11-09 23:00:00,0.02054999999999995
2004-11-10 23:00:00,0.020424999999999954
2004-11-11 23:00:00,0.02051999999999995
2004-11-12 23:00:00,0.02073999999999995
2004-11-15 23:00:00,0.02066999999999995
2004-11-16 23:00:00,0.02048499999999995
2004-11-17 23:00:00,0.02085999999999995
2004-11-18 23:00:00,0.021039999999999948
2004-11-19 23:00:00,0.021119999999999948
2004-11-22 23:00:00,0.02100499999999995
2004-11-23 23:00:00,0.02108999999999995
2004-11-24 23:00:00,0.02125999999999995
2004-11-29 23:00:00,0.021349999999999952
2004-11-30 23:00:00,0.02128499999999995
2004-12-01 23:00:00,0.02133999999999995
2004-12-02 23:00:00,0.02069499999999995
2004-12-03 23:00:00,0.02085999999999995
2004-12-06 23:00:00,0.020789999999999947
2004-12-07 23:00:00,0.02046499999999995
2004-12-08 23:00:00,0.02009999999999995
2004-12-09 23:00:00,0.02012999999999995
2004-12-10 23:00:00,0.02021999999999995
2004-12-13 23:00:00,0.020509999999999952
2004-12-14 23:00:00,0.02058499999999995
2004-12-15 23:00:00,0.02080999999999995
2004-12-16 23:00:00,0.02084499999999995
2004-12-17 23:00:00,0.020939999999999948
2004-12-20 23:00:00,0.02114999999999995
2004-12-21 23:00:00,0.02136999999999995
2004-12-22 23:00:00,0.021039999999999948
2004-12-23 23:00:00,0.02116999999999995
2004-12-27 23:00:00,0.02133999999999995
2004-12-28 23:00:00,0.021474999999999952
2004-12-29 23:00:00,0.02139499999999995
2004-12-30 23:00:00,0.02146999999999995
2005-01-03 23:00:00,0.02167999999999995
2005-01-04 23:00:00,0.020374999999999952
2005-01-05 23:00:00,0.02069499999999995
2005-01-06 23:00:00,0.02069499999999995
2005-01-07 23:00:00,0.02064499999999995
2005-01-10 23:00:00,0.020639999999999947
2005-01-11 23:00:00,0.02091499999999995
2005-01-12 23:00:00,0.02098499999999995
2005-01-13 23:00:00,0.02075499999999995
2005-01-14 23:00:00,0.02093499999999995
2005-01-18 23:00:00,0.02095999999999995
2005-01-19 23:00:00,0.021039999999999948
2005-01-20 23:00:00,0.02109499999999995
2005-01-21 23:00:00,0.021289999999999948
2005-01-24 23:00:00,0.021244999999999948
2005-01-25 23:00:00,0.021234999999999952
2005-01-26 23:00:00,0.02129999999999995
2005-01-27 23:00:00,0.02121499999999995
2005-01-28 23:00:00,0.021329999999999946
2005-01-31 23:00:00,0.021294999999999953
2005-02-01 23:00:00,0.021104999999999947
2005-02-02 23:00:00,0.020879999999999947
2005-02-03 23:00:00,0.020829999999999953
2005-02-04 23:00:00,0.02069999999999995
2005-02-07 23:00:00,0.020829999999999953
2005-02-08 23:00:00,0.02082499999999995
2005-02-09 23:00:00,0.02081499999999995
2005-02-10 23:00:00,0.02119499999999995
2005-02-11 23:00:00,0.02116999999999995
2005-02-14 23:00:00,0.02133999999999995
2005-02-15 23:00:00,0.02154999999999995
2005-02-16 23:00:00,0.02146499999999995
2005-02-17 23:00:00,0.021919999999999946
2005-02-18 23:00:00,0.021934999999999948
2005-02-22 23:00:00,0.02194999999999995
2005-02-23 23:00:00,0.02200999999999995
2005-02-24 23:00:00,0.02185999999999995
2005-02-25 23:00:00,0.021919999999999946
2005-02-28 23:00:00,0.022044999999999947
2005-03-01 23:00:00,0.021704999999999947
2005-03-02 23:00:00,0.021829999999999947
2005-03-03 23:00:00,0.02181999999999995
2005-03-04 23:00:00,0.02199999999999995
2005-03-07 23:00:00,0.02202499999999995
2005-03-08 23:00:00,0.022054999999999946
2005-03-09 23:00:00,0.022094999999999948
2005-03-10 23:00:00,0.02201999999999995
2005-03-11 23:00:00,0.02184999999999995
2005-03-14 23:00:00,0.02176499999999995
2005-03-15 23:00:00,0.02196499999999995
2005-03-16 23:00:00,0.02211999999999995
2005-03-17 23:00:00,0.022104999999999948
2005-03-18 23:00:00,0.02212999999999995
2005-03-21 23:00:00,0.02194999999999995
2005-03-22 23:00:00,0.02203499999999995
2005-03-23 23:00:00,0.021504999999999948
2005-03-24 23:00:00,0.021594999999999948
2005-03-28 23:00:00,0.021604999999999947
2005-03-29 23:00:00,0.02176499999999995
2005-03-30 23:00:00,0.02197999999999995
2005-03-31 23:00:00,0.02208499999999995
2005-04-01 23:00:00,0.021904999999999945
2005-04-04 23:00:00,0.02200999999999995
2005-04-05 23:00:00,0.021904999999999945
2005-04-06 23:00:00,0.02214499999999995
2005-04-07 23:00:00,0.02212499999999995
2005-04-08 23:00:00,0.02213499999999995
2005-04-11 23:00:00,0.022309999999999948
2005-04-12 23:00:00,0.02201999999999995
2005-04-13 23:00:00,0.02165499999999995
2005-04-14 23:00:00,0.021344999999999947
2005-04-15 23:00:00,0.02150999999999995
2005-04-18 23:00:00,0.02151499999999995
2005-04-19 23:00:00,0.02178499999999995
2005-04-20 23:00:00,0.02214499999999995
2005-04-21 23:00:00,0.02191499999999995
2005-04-22 23:00:00,0.02195499999999995
2005-04-25 23:00:00,0.02195499999999995
2005-04-26 23:00:00,0.02171499999999995
2005-04-27 23:00:00,0.02154499999999995
2005-04-28 23:00:00,0.02155499999999995
2005-04-29 23:00:00,0.02175499999999995
2005-05-02 23:00:00,0.021664999999999948
2005-05-03 23:00:00,0.02154999999999995
2005-05-04 23:00:00,0.021404999999999952
2005-05-05 23:00:00,0.021414999999999948
2005-05-06 23:00:00,0.02152499999999995
2005-05-09 23:00:00,0.021579999999999953
2005-05-10 23:00:00,0.021684999999999947
2005-05-11 23:00:00,0.02153999999999995
2005-05-12 23:00:00,0.02087499999999995
2005-05-13 23:00:00,0.02063999999999995
2005-05-16 23:00:00,0.020574999999999947
2005-05-17 23:00:00,0.02059999999999995
2005-05-18 23:00:00,0.02087499999999995
2005-05-19 23:00:00,0.020744999999999954
2005-05-20 23:00:00,0.02086499999999995
2005-05-23 23:00:00,0.020999999999999953
2005-05-24 23:00:00,0.02116499999999995
2005-05-25 23:00:00,0.021309999999999947
2005-05-26 23:00:00,0.02160999999999995
2005-05-27 23:00:00,0.02162499999999995
2005-05-31 23:00:00,0.02167999999999995
2005-06-01 23:00:00,0.021969999999999948
2005-06-02 23:00:00,0.022279999999999953
2005-06-03 23:00:00,0.022689999999999953
2005-06-06 23:00:00,0.02275499999999995
2005-06-07 23:00:00,0.02254499999999995
2005-06-08 23:00:00,0.02257499999999995
2005-06-09 23:00:00,0.02258499999999995
2005-06-10 23:00:00,0.022739999999999948
2005-06-13 23:00:00,0.022509999999999947
2005-06-14 23:00:00,0.022379999999999952
2005-06-15 23:00:00,0.02260499999999995
2005-06-16 23:00:00,0.02280999999999995
2005-06-17 23:00:00,0.02309499999999995
2005-06-20 23:00:00,0.02302499999999995
2005-06-21 23:00:00,0.02313499999999995
2005-06-22 23:00:00,0.02293499999999995
2005-06-23 23:00:00,0.02275499999999995
2005-06-24 23:00:00,0.02298499999999995
2005-06-27 23:00:00,0.02310999999999995
2005-06-28 23:00:00,0.02301999999999995
2005-06-29 23:00:00,0.023099999999999947
2005-06-30 23:00:00,0.022579999999999947
2005-07-01 23:00:00,0.02221499999999995
2005-07-05 23:00:00,0.02256999999999995
2005-07-06 23:00:00,0.02277999999999995
2005-07-07 23:00:00,0.02283499999999995
2005-07-08 23:00:00,0.02303999999999995
2005-07-11 23:00:00,0.02308999999999995
2005-07-12 23:00:00,0.022869999999999953
2005-07-13 23:00:00,0.022974999999999947
2005-07-14 23:00:00,0.02294999999999995
2005-07-15 23:00:00,0.023099999999999947
2005-07-18 23:00:00,0.02314499999999995
2005-07-19 23:00:00,0.02334499999999995
2005-07-20 23:00:00,0.02339499999999995
2005-07-21 23:00:00,0.02317999999999995
2005-07-22 23:00:00,0.02351499999999995
2005-07-25 23:00:00,0.02365999999999995
2005-07-26 23:00:00,0.023539999999999946
2005-07-27 23:00:00,0.023749999999999948
2005-07-28 23:00:00,0.02396999999999995
2005-07-29 23:00:00,0.023924999999999946
2005-08-01 23:00:00,0.02410999999999995
2005-08-02 23:00:00,0.02410499999999995
2005-08-03 23:00:00,0.02419499999999995
2005-08-04 23:00:00,0.024024999999999946
2005-08-05 23:00:00,0.02396999999999995
2005-08-08 23:00:00,0.02394499999999995
2005-08-09 23:00:00,0.023554999999999948
2005-08-10 23:00:00,0.023824999999999947
2005-08-11 23:00:00,0.02394999999999995
2005-08-12 23:00:00,0.02423999999999995
2005-08-15 23:00:00,0.02455499999999995
2005-08-16 23:00:00,0.02462499999999995
2005-08-17 23:00:00,0.02404999999999995
2005-08-18 23:00:00,0.02404499999999995
2005-08-19 23:00:00,0.024139999999999946
2005-08-22 23:00:00,0.02442999999999995
2005-08-23 23:00:00,0.02444999999999995
2005-08-24 23:00:00,0.02425999999999995
2005-08-25 23:00:00,0.024079999999999945
2005-08-26 23:00:00,0.02444999999999995
2005-08-29 23:00:00,0.024234999999999948
2005-08-30 23:00:00,0.02448999999999995
2005-08-31 23:00:00,0.02421499999999995
2005-09-01 23:00:00,0.02449999999999995
2005-09-02 23:00:00,0.024754999999999947
2005-09-06 23:00:00,0.024629999999999947
2005-09-07 23:00:00,0.02448999999999995
2005-09-08 23:00:00,0.02420499999999995
2005-09-09 23:00:00,0.02405999999999995
2005-09-12 23:00:00,0.02445999999999995
2005-09-13 23:00:00,0.02427499999999995
2005-09-14 23:00:00,0.024129999999999947
2005-09-15 23:00:00,0.024064999999999944
2005-09-16 23:00:00,0.02394999999999995
2005-09-19 23:00:00,0.024564999999999945
2005-09-20 23:00:00,0.02467999999999995
2005-09-21 23:00:00,0.025084999999999948
2005-09-22 23:00:00,0.025119999999999948
2005-09-23 23:00:00,0.025004999999999947
2005-09-26 23:00:00,0.02538499999999995
2005-09-27 23:00:00,0.02529999999999995
2005-09-28 23:00:00,0.02549999999999995
2005-09-29 23:00:00,0.025414999999999945
2005-09-30 23:00:00,0.02529499999999995
2005-10-03 23:00:00,0.02560999999999995
2005-10-04 23:00:00,0.02567999999999995
2005-10-05 23:00:00,0.02588499999999995
2005-10-06 23:00:00,0.02584999999999995
2005-10-07 23:00:00,0.026104999999999948
2005-10-10 23:00:00,0.026079999999999947
2005-10-11 23:00:00,0.02636999999999995
2005-10-12 23:00:00,0.025954999999999947
2005-10-13 23:00:00,0.02566999999999995
2005-10-14 23:00:00,0.025584999999999948
2005-10-17 23:00:00,0.026229999999999948
2005-10-18 23:00:00,0.026274999999999948
2005-10-19 23:00:00,0.026079999999999947
2005-10-20 23:00:00,0.02594999999999995
2005-10-21 23:00:00,0.02594999999999995
2005-10-24 23:00:00,0.025864999999999947
2005-10-25 23:00:00,0.026264999999999948
2005-10-26 23:00:00,0.02619999999999995
2005-10-27 23:00:00,0.026059999999999948
2005-10-28 23:00:00,0.026219999999999948
2005-10-31 23:00:00,0.02612999999999995
2005-11-01 23:00:00,0.02617999999999995
2005-11-02 23:00:00,0.02632499999999995
2005-11-03 23:00:00,0.02628999999999995
2005-11-04 23:00:00,0.026479999999999948
2005-11-07 23:00:00,0.02649499999999995
2005-11-08 23:00:00,0.026399999999999948
2005-11-09 23:00:00,0.02633499999999995
2005-11-10 23:00:00,0.02673499999999995
2005-11-11 23:00:00,0.02707499999999995
2005-11-14 23:00:00,0.027154999999999947
2005-11-15 23:00:00,0.027339999999999948
2005-11-16 23:00:00,0.02736999999999995
2005-11-17 23:00:00,0.027414999999999953
2005-11-18 23:00:00,0.027754999999999957
2005-11-21 23:00:00,0.027734999999999954
2005-11-22 23:00:00,0.027099999999999954
2005-11-23 23:00:00,0.027234999999999954
2005-11-28 23:00:00,0.027734999999999954
2005-11-29 23:00:00,0.027739999999999956
2005-11-30 23:00:00,0.02788499999999995
2005-12-01 23:00:00,0.02861999999999995
2005-12-02 23:00:00,0.028434999999999953
2005-12-05 23:00:00,0.02869999999999995
2005-12-06 23:00:00,0.02849499999999995
2005-12-07 23:00:00,0.028939999999999955
2005-12-08 23:00:00,0.028924999999999954
2005-12-09 23:00:00,0.028924999999999954
2005-12-12 23:00:00,0.02848499999999995
2005-12-13 23:00:00,0.028889999999999954
2005-12-14 23:00:00,0.028319999999999953
2005-12-15 23:00:00,0.028634999999999952
2005-12-16 23:00:00,0.02891499999999995
2005-12-19 23:00:00,0.028754999999999958
2005-12-20 23:00:00,0.02882499999999995
2005-12-21 23:00:00,0.028799999999999954
2005-12-22 23:00:00,0.028879999999999954
2005-12-23 23:00:00,0.029019999999999952
2005-12-27 23:00:00,0.02929999999999995
2005-12-28 23:00:00,0.029314999999999952
2005-12-29 23:00:00,0.029079999999999953
2005-12-30 23:00:00,0.02904499999999995
2006-01-03 23:00:00,0.029109999999999952
2006-01-04 23:00:00,0.029599999999999953
2006-01-05 23:00:00,0.029229999999999954
2006-01-06 23:00:00,0.029484999999999952
2006-01-09 23:00:00,0.02959499999999995
2006-01-10 23:00:00,0.02969499999999995
2006-01-11 23:00:00,0.029574999999999955
2006-01-12 23:00:00,0.029499999999999953
2006-01-13 23:00:00,0.02974999999999995
2006-01-17 23:00:00,0.02973499999999995
2006-01-18 23:00:00,0.029824999999999952
2006-01-19 23:00:00,0.02973499999999995
2006-01-20 23:00:00,0.02952499999999995
2006-01-23 23:00:00,0.02981999999999995
2006-01-24 23:00:00,0.03014999999999995
2006-01-25 23:00:00,0.03065999999999995
2006-01-26 23:00:00,0.030639999999999955
2006-01-27 23:00:00,0.030954999999999955
2006-01-30 23:00:00,0.03091999999999995
2006-01-31 23:00:00,0.03090999999999995
2006-02-01 23:00:00,0.031114999999999955
2006-02-02 23:00:00,0.03171499999999995
2006-02-03 23:00:00,0.031704999999999955
2006-02-06 23:00:00,0.03192499999999995
2006-02-07 23:00:00,0.031404999999999954
2006-02-08 23:00:00,0.031369999999999953
2006-02-09 23:00:00,0.03167499999999995
2006-02-10 23:00:00,0.030869999999999953
2006-02-13 23:00:00,0.03096499999999995
2006-02-14 23:00:00,0.03128999999999996
2006-02-15 23:00:00,0.030509999999999954
2006-02-16 23:00:00,0.030819999999999955
2006-02-17 23:00:00,0.030684999999999955
2006-02-21 23:00:00,0.03143499999999995
2006-02-22 23:00:00,0.03141499999999996
2006-02-23 23:00:00,0.030824999999999953
2006-02-24 23:00:00,0.030899999999999952
2006-02-27 23:00:00,0.030134999999999953
2006-02-28 23:00:00,0.030614999999999955
2006-03-01 23:00:00,0.031184999999999952
2006-03-02 23:00:00,0.03150499999999995
2006-03-03 23:00:00,0.031469999999999956
2006-03-06 23:00:00,0.03079499999999995
2006-03-07 23:00:00,0.030599999999999954
2006-03-08 23:00:00,0.030464999999999954
2006-03-09 23:00:00,0.03078499999999995
2006-03-10 23:00:00,0.030929999999999954
2006-03-13 23:00:00,0.03128499999999995
2006-03-14 23:00:00,0.031369999999999953
2006-03-15 23:00:00,0.03133499999999995
2006-03-16 23:00:00,0.03148499999999996
2006-03-17 23:00:00,0.03242999999999995
2006-03-20 23:00:00,0.032169999999999956
2006-03-21 23:00:00,0.03206999999999995
2006-03-22 23:00:00,0.03221999999999995
2006-03-23 23:00:00,0.03280999999999995
2006-03-24 23:00:00,0.03277499999999995
2006-03-27 23:00:00,0.03312999999999995
2006-03-28 23:00:00,0.03311499999999995
2006-03-29 23:00:00,0.03321499999999995
2006-03-30 23:00:00,0.033674999999999955
2006-03-31 23:00:00,0.033459999999999955
2006-04-03 23:00:00,0.03430499999999995
2006-04-04 23:00:00,0.03418499999999995
2006-04-05 23:00:00,0.034789999999999946
2006-04-06 23:00:00,0.03529499999999994
2006-04-07 23:00:00,0.03523499999999995
2006-04-10 23:00:00,0.03591999999999994
2006-04-11 23:00:00,0.03604499999999995
2006-04-12 23:00:00,0.03654499999999995
2006-04-13 23:00:00,0.036984999999999976
2006-04-17 23:00:00,0.037779999999999966
2006-04-18 23:00:00,0.03848999999999997
2006-04-19 23:00:00,0.03827499999999996
2006-04-20 23:00:00,0.03828999999999996
2006-04-21 23:00:00,0.04014499999999996
2006-04-24 23:00:00,0.03986999999999996
2006-04-25 23:00:00,0.04175499999999996
2006-04-26 23:00:00,0.04216999999999996
2006-04-27 23:00:00,0.04083999999999996
2006-04-28 23:00:00,0.041234999999999966
2006-05-01 23:00:00,0.04223499999999995
2006-05-02 23:00:00,0.04179499999999996
2006-05-03 23:00:00,0.042079999999999965
2006-05-04 23:00:00,0.04382499999999996
2006-05-05 23:00:00,0.04396499999999996
2006-05-08 23:00:00,0.04404499999999996
2006-05-09 23:00:00,0.04498999999999996
2006-05-10 23:00:00,0.045909999999999965
2006-05-11 23:00:00,0.048259999999999956
2006-05-12 23:00:00,0.04766999999999996
2006-05-15 23:00:00,0.04649499999999995
2006-05-16 23:00:00,0.047449999999999964
2006-05-17 23:00:00,0.04574499999999995
2006-05-18 23:00:00,0.04613999999999996
2006-05-19 23:00:00,0.04371999999999995
2006-05-22 23:00:00,0.04364499999999996
2006-05-23 23:00:00,0.04788499999999997
2006-05-24 23:00:00,0.04541999999999996
2006-05-25 23:00:00,0.046104999999999965
2006-05-26 23:00:00,0.04717999999999996
2006-05-30 23:00:00,0.045769999999999963
2006-05-31 23:00:00,0.04526999999999995
2006-06-01 23:00:00,0.04373999999999996
2006-06-02 23:00:00,0.04489499999999996
2006-06-05 23:00:00,0.04503999999999997
2006-06-06 23:00:00,0.043924999999999964
2006-06-07 23:00:00,0.04486999999999995
2006-06-08 23:00:00,0.04259999999999996
2006-06-09 23:00:00,0.041704999999999964
2006-06-12 23:00:00,0.04131499999999996
2006-06-13 23:00:00,0.03913499999999996
2006-06-14 23:00:00,0.03958999999999996
2006-06-15 23:00:00,0.04117999999999995
2006-06-16 23:00:00,0.041944999999999955
2006-06-19 23:00:00,0.04061499999999996
2006-06-20 23:00:00,0.040649999999999964
2006-06-21 23:00:00,0.04082999999999995
2006-06-22 23:00:00,0.04021499999999996
2006-06-23 23:00:00,0.04123999999999996
2006-06-26 23:00:00,0.04205999999999996
2006-06-27 23:00:00,0.04058999999999996
2006-06-28 23:00:00,0.041599999999999956
2006-06-29 23:00:00,0.042939999999999964
2006-06-30 23:00:00,0.04327999999999996
2006-07-05 23:00:00,0.04376999999999996
2006-07-06 23:00:00,0.045899999999999955
2006-07-07 23:00:00,0.045204999999999954
2006-07-10 23:00:00,0.04555499999999996
2006-07-11 23:00:00,0.046079999999999954
2006-07-12 23:00:00,0.04637999999999996
2006-07-13 23:00:00,0.04649499999999995
2006-07-14 23:00:00,0.04685499999999995
2006-07-17 23:00:00,0.04572499999999996
2006-07-18 23:00:00,0.04547499999999996
2006-07-19 23:00:00,0.045664999999999956
2006-07-20 23:00:00,0.04382499999999996
2006-07-21 23:00:00,0.04295999999999996
2006-07-24 23:00:00,0.043549999999999964
2006-07-25 23:00:00,0.04433999999999996
2006-07-26 23:00:00,0.04422499999999996
2006-07-27 23:00:00,0.04451499999999996
2006-07-28 23:00:00,0.045219999999999955
2006-07-31 23:00:00,0.045429999999999957
2006-08-01 23:00:00,0.045659999999999965
2006-08-02 23:00:00,0.04563999999999996
2006-08-03 23:00:00,0.044624999999999956
2006-08-04 23:00:00,0.04605499999999996
2006-08-07 23:00:00,0.04583499999999996
2006-08-08 23:00:00,0.04574999999999996
2006-08-09 23:00:00,0.046829999999999955
2006-08-10 23:00:00,0.04597499999999996
2006-08-11 23:00:00,0.04449499999999995
2006-08-14 23:00:00,0.04509999999999996
2006-08-15 23:00:00,0.04500499999999996
2006-08-16 23:00:00,0.044429999999999956
2006-08-17 23:00:00,0.043304999999999955
2006-08-18 23:00:00,0.044134999999999966
2006-08-21 23:00:00,0.045049999999999965
2006-08-22 23:00:00,0.04493499999999996
2006-08-23 23:00:00,0.04482999999999997
2006-08-24 23:00:00,0.044344999999999954
2006-08-25 23:00:00,0.044469999999999954
2006-08-28 23:00:00,0.044659999999999964
2006-08-29 23:00:00,0.043994999999999965
2006-08-30 23:00:00,0.043679999999999955
2006-08-31 23:00:00,0.04471499999999996
2006-09-01 23:00:00,0.04476499999999996
2006-09-05 23:00:00,0.046399999999999955
2006-09-06 23:00:00,0.046949999999999964
2006-09-07 23:00:00,0.04663499999999997
2006-09-08 23:00:00,0.04583499999999996
2006-09-11 23:00:00,0.04432999999999997
2006-09-12 23:00:00,0.043884999999999966
2006-09-13 23:00:00,0.04400499999999996
2006-09-14 23:00:00,0.04389999999999995
2006-09-15 23:00:00,0.04326999999999996
2006-09-18 23:00:00,0.044299999999999964
2006-09-19 23:00:00,0.04390999999999996
2006-09-20 23:00:00,0.04391499999999997
2006-09-21 23:00:00,0.044469999999999954
2006-09-22 23:00:00,0.04458999999999996
2006-09-25 23:00:00,0.04462999999999996
2006-09-26 23:00:00,0.044814999999999966
2006-09-27 23:00:00,0.04502499999999997
2006-09-28 23:00:00,0.04443499999999996
2006-09-29 23:00:00,0.044759999999999966
2006-10-02 23:00:00,0.04444999999999996
2006-10-03 23:00:00,0.04297999999999996
2006-10-04 23:00:00,0.042209999999999956
2006-10-05 23:00:00,0.04315499999999996
2006-10-06 23:00:00,0.04403999999999997
2006-10-09 23:00:00,0.04428499999999996
2006-10-10 23:00:00,0.04393499999999996
2006-10-11 23:00:00,0.04425499999999996
2006-10-12 23:00:00,0.04401999999999996
2006-10-13 23:00:00,0.04428999999999997
2006-10-16 23:00:00,0.045964999999999964
2006-10-17 23:00:00,0.04511499999999996
2006-10-18 23:00:00,0.04511499999999996
2006-10-19 23:00:00,0.04524999999999996
2006-10-20 23:00:00,0.044774999999999954
2006-10-23 23:00:00,0.04466499999999997
2006-10-24 23:00:00,0.04433499999999996
2006-10-25 23:00:00,0.04419999999999996
2006-10-26 23:00:00,0.04415499999999996
2006-10-27 23:00:00,0.04420499999999997
2006-10-30 23:00:00,0.04373999999999996
2006-10-31 23:00:00,0.04360999999999997
2006-11-01 23:00:00,0.042564999999999964
2006-11-02 23:00:00,0.043069999999999956
2006-11-03 23:00:00,0.04337999999999996
2006-11-06 23:00:00,0.04352499999999995
2006-11-07 23:00:00,0.04380999999999996
2006-11-08 23:00:00,0.04259999999999996
2006-11-09 23:00:00,0.04324499999999995
2006-11-10 23:00:00,0.041039999999999965
2006-11-13 23:00:00,0.040904999999999955
2006-11-14 23:00:00,0.041044999999999957
2006-11-15 23:00:00,0.041099999999999956
2006-11-16 23:00:00,0.04056499999999996
2006-11-17 23:00:00,0.04073999999999996
2006-11-20 23:00:00,0.04059999999999997
2006-11-21 23:00:00,0.041289999999999966
2006-11-22 23:00:00,0.04117499999999996
2006-11-27 23:00:00,0.041969999999999966
2006-11-28 23:00:00,0.041514999999999955
2006-11-29 23:00:00,0.04136499999999996
2006-11-30 23:00:00,0.04176999999999996
2006-12-01 23:00:00,0.04153499999999996
2006-12-04 23:00:00,0.04157499999999996
2006-12-05 23:00:00,0.04228499999999996
2006-12-06 23:00:00,0.041414999999999966
2006-12-07 23:00:00,0.040834999999999955
2006-12-08 23:00:00,0.04093499999999996
2006-12-11 23:00:00,0.041149999999999964
2006-12-12 23:00:00,0.04075999999999996
2006-12-13 23:00:00,0.04014499999999996
2006-12-14 23:00:00,0.040389999999999954
2006-12-15 23:00:00,0.03997999999999996
2006-12-18 23:00:00,0.040109999999999965
2006-12-19 23:00:00,0.039989999999999956
2006-12-20 23:00:00,0.03935999999999995
2006-12-21 23:00:00,0.03861999999999996
2006-12-22 23:00:00,0.03835499999999996
2006-12-26 23:00:00,0.03859499999999996
2006-12-27 23:00:00,0.03895499999999996
2006-12-28 23:00:00,0.038764999999999966
2006-12-29 23:00:00,0.038524999999999976
2007-01-03 23:00:00,0.03630499999999995
2007-01-04 23:00:00,0.035834999999999936
2007-01-05 23:00:00,0.035164999999999946
2007-01-08 23:00:00,0.035094999999999946
2007-01-09 23:00:00,0.03537499999999995
2007-01-10 23:00:00,0.036454999999999946
2007-01-11 23:00:00,0.03640499999999995
2007-01-12 23:00:00,0.035844999999999946
2007-01-16 23:00:00,0.03558999999999994
2007-01-17 23:00:00,0.035509999999999944
2007-01-18 23:00:00,0.034734999999999946
2007-01-19 23:00:00,0.03498499999999995
2007-01-22 23:00:00,0.03510999999999995
2007-01-23 23:00:00,0.03560999999999995
2007-01-24 23:00:00,0.035829999999999945
2007-01-25 23:00:00,0.03635999999999995
2007-01-26 23:00:00,0.03618499999999995
2007-01-29 23:00:00,0.03523499999999995
2007-01-30 23:00:00,0.03542999999999995
2007-01-31 23:00:00,0.035759999999999945
2007-02-01 23:00:00,0.03511999999999994
2007-02-02 23:00:00,0.03404499999999995
2007-02-05 23:00:00,0.033979999999999955
2007-02-06 23:00:00,0.03477999999999995
2007-02-07 23:00:00,0.03436499999999995
2007-02-08 23:00:00,0.03431999999999995
2007-02-09 23:00:00,0.03498999999999995
2007-02-12 23:00:00,0.034589999999999954
2007-02-13 23:00:00,0.03565999999999994
2007-02-14 23:00:00,0.03558499999999995
2007-02-15 23:00:00,0.03645999999999995
2007-02-16 23:00:00,0.036259999999999945
2007-02-20 23:00:00,0.03566999999999995
2007-02-21 23:00:00,0.036314999999999945
2007-02-22 23:00:00,0.03743999999999996
2007-02-23 23:00:00,0.03819999999999997
2007-02-26 23:00:00,0.038369999999999974
2007-02-27 23:00:00,0.03791999999999997
2007-02-28 23:00:00,0.03718999999999996
2007-03-01 23:00:00,0.037214999999999956
2007-03-02 23:00:00,0.03673999999999995
2007-03-05 23:00:00,0.03637499999999995
2007-03-06 23:00:00,0.03680499999999996
2007-03-07 23:00:00,0.03748999999999997
2007-03-08 23:00:00,0.03800499999999997
2007-03-09 23:00:00,0.03750999999999996
2007-03-12 23:00:00,0.03815999999999996
2007-03-13 23:00:00,0.03791499999999996
2007-03-14 23:00:00,0.037929999999999964
2007-03-15 23:00:00,0.03954999999999996
2007-03-16 23:00:00,0.039779999999999954
2007-03-19 23:00:00,0.03988499999999996
2007-03-20 23:00:00,0.04000999999999996
2007-03-21 23:00:00,0.039859999999999965
2007-03-22 23:00:00,0.040399999999999964
2007-03-23 23:00:00,0.04035999999999995
2007-03-26 23:00:00,0.041054999999999967
2007-03-27 23:00:00,0.04024499999999996
2007-03-28 23:00:00,0.04029499999999997
2007-03-29 23:00:00,0.04053499999999996
2007-03-30 23:00:00,0.04112999999999996
2007-04-02 23:00:00,0.041459999999999955
2007-04-03 23:00:00,0.042814999999999964
2007-04-04 23:00:00,0.04354499999999996
2007-04-05 23:00:00,0.043439999999999965
2007-04-09 23:00:00,0.044729999999999964
2007-04-10 23:00:00,0.04492999999999997
2007-04-11 23:00:00,0.045494999999999966
2007-04-12 23:00:00,0.04468999999999995
2007-04-13 23:00:00,0.04498999999999996
2007-04-16 23:00:00,0.045064999999999966
2007-04-17 23:00:00,0.04643499999999996
2007-04-18 23:00:00,0.04587999999999996
2007-04-19 23:00:00,0.04559499999999997
2007-04-20 23:00:00,0.045854999999999965
2007-04-23 23:00:00,0.04609999999999996
2007-04-24 23:00:00,0.045284999999999964
2007-04-25 23:00:00,0.04569999999999996
2007-04-26 23:00:00,0.04473499999999997
2007-04-27 23:00:00,0.04496999999999997
2007-04-30 23:00:00,0.04520999999999996
2007-05-01 23:00:00,0.04598999999999996
2007-05-02 23:00:00,0.046089999999999964
2007-05-03 23:00:00,0.046909999999999966
2007-05-04 23:00:00,0.047229999999999966
2007-05-07 23:00:00,0.04679999999999997
2007-05-08 23:00:00,0.04686999999999997
2007-05-09 23:00:00,0.04643499999999996
2007-05-10 23:00:00,0.04530999999999996
2007-05-11 23:00:00,0.04568499999999996
2007-05-14 23:00:00,0.04461499999999996
2007-05-15 23:00:00,0.04501999999999996
2007-05-16 23:00:00,0.043869999999999965
2007-05-17 23:00:00,0.042709999999999956
2007-05-18 23:00:00,0.04287999999999996
2007-05-21 23:00:00,0.04364999999999997
2007-05-22 23:00:00,0.04266999999999997
2007-05-23 23:00:00,0.042649999999999966
2007-05-24 23:00:00,0.04144999999999997
2007-05-25 23:00:00,0.04284999999999996
2007-05-29 23:00:00,0.042844999999999966
2007-05-30 23:00:00,0.04267999999999997
2007-05-31 23:00:00,0.04359999999999997
2007-06-01 23:00:00,0.04369499999999997
2007-06-04 23:00:00,0.04432499999999996
2007-06-05 23:00:00,0.04405999999999996
2007-06-06 23:00:00,0.04368499999999996
2007-06-07 23:00:00,0.04341499999999997
2007-06-08 23:00:00,0.042219999999999966
2007-06-11 23:00:00,0.043204999999999966
2007-06-12 23:00:00,0.042514999999999956
2007-06-13 23:00:00,0.042774999999999966
2007-06-14 23:00:00,0.04356999999999997
2007-06-15 23:00:00,0.04386499999999996
2007-06-18 23:00:00,0.04384999999999996
2007-06-19 23:00:00,0.04364499999999996
2007-06-20 23:00:00,0.04405999999999996
2007-06-21 23:00:00,0.043674999999999964
2007-06-22 23:00:00,0.04348499999999997
2007-06-25 23:00:00,0.04362999999999996
2007-06-26 23:00:00,0.042814999999999964
2007-06-27 23:00:00,0.04317999999999997
2007-06-28 23:00:00,0.043924999999999964
2007-06-29 23:00:00,0.04415499999999996
2007-07-02 23:00:00,0.04491999999999996
2007-07-03 23:00:00,0.04509999999999996
2007-07-05 23:00:00,0.04558499999999996
2007-07-06 23:00:00,0.045594999999999955
2007-07-09 23:00:00,0.04594499999999996
2007-07-10 23:00:00,0.04574999999999996
2007-07-11 23:00:00,0.04586499999999996
2007-07-12 23:00:00,0.04545999999999996
2007-07-13 23:00:00,0.04557999999999997
2007-07-16 23:00:00,0.04526999999999996
2007-07-17 23:00:00,0.045174999999999965
2007-07-18 23:00:00,0.04527999999999996
2007-07-19 23:00:00,0.046269999999999964
2007-07-20 23:00:00,0.04670499999999997
2007-07-23 23:00:00,0.046214999999999964
2007-07-24 23:00:00,0.045844999999999955
2007-07-25 23:00:00,0.04520499999999997
2007-07-26 23:00:00,0.04487499999999996
2007-07-27 23:00:00,0.045119999999999966
2007-07-30 23:00:00,0.045534999999999964
2007-07-31 23:00:00,0.04613499999999997
2007-08-01 23:00:00,0.04549999999999996
2007-08-02 23:00:00,0.04537999999999996
2007-08-03 23:00:00,0.04443999999999995
2007-08-06 23:00:00,0.044384999999999966
2007-08-07 23:00:00,0.04471499999999996
2007-08-08 23:00:00,0.04403999999999997
2007-08-09 23:00:00,0.043259999999999965
2007-08-10 23:00:00,0.043244999999999964
2007-08-13 23:00:00,0.04405999999999996
2007-08-14 23:00:00,0.04334999999999996
2007-08-15 23:00:00,0.04296999999999997
2007-08-16 23:00:00,0.04054999999999996
2007-08-17 23:00:00,0.04111499999999996
2007-08-20 23:00:00,0.04126999999999996
2007-08-21 23:00:00,0.04128999999999995
2007-08-22 23:00:00,0.04186499999999996
2007-08-23 23:00:00,0.04240499999999996
2007-08-24 23:00:00,0.043139999999999956
2007-08-27 23:00:00,0.04319999999999996
2007-08-28 23:00:00,0.042764999999999956
2007-08-29 23:00:00,0.04307999999999995
2007-08-30 23:00:00,0.043119999999999964
2007-08-31 23:00:00,0.043609999999999954
2007-09-04 23:00:00,0.04269999999999996
2007-09-05 23:00:00,0.04226999999999996
2007-09-06 23:00:00,0.04266499999999997
2007-09-07 23:00:00,0.042154999999999956
2007-09-10 23:00:00,0.04219999999999996
2007-09-11 23:00:00,0.043514999999999956
2007-09-12 23:00:00,0.043234999999999954
2007-09-13 23:00:00,0.04360499999999995
2007-09-14 23:00:00,0.043564999999999965
2007-09-17 23:00:00,0.04383999999999996
2007-09-18 23:00:00,0.044119999999999965
2007-09-19 23:00:00,0.04539499999999996
2007-09-20 23:00:00,0.04558499999999996
2007-09-21 23:00:00,0.04556499999999997
2007-09-24 23:00:00,0.046089999999999964
2007-09-25 23:00:00,0.04592999999999996
2007-09-26 23:00:00,0.04577999999999996
2007-09-27 23:00:00,0.04611999999999997
2007-09-28 23:00:00,0.046039999999999956
2007-10-01 23:00:00,0.04655499999999996
2007-10-02 23:00:00,0.04674999999999996
2007-10-03 23:00:00,0.04727499999999997
2007-10-04 23:00:00,0.047019999999999965
2007-10-05 23:00:00,0.046894999999999964
2007-10-08 23:00:00,0.045769999999999963
2007-10-09 23:00:00,0.04581499999999997
2007-10-10 23:00:00,0.046579999999999955
2007-10-11 23:00:00,0.046329999999999955
2007-10-12 23:00:00,0.046164999999999956
2007-10-15 23:00:00,0.04649999999999996
2007-10-16 23:00:00,0.046049999999999966
2007-10-17 23:00:00,0.04559999999999996
2007-10-18 23:00:00,0.045054999999999956
2007-10-19 23:00:00,0.04515499999999996
2007-10-22 23:00:00,0.04450499999999996
2007-10-23 23:00:00,0.04477499999999997
2007-10-24 23:00:00,0.044164999999999954
2007-10-25 23:00:00,0.044499999999999956
2007-10-26 23:00:00,0.04501499999999996
2007-10-29 23:00:00,0.04484999999999996
2007-10-30 23:00:00,0.04445499999999995
2007-10-31 23:00:00,0.044369999999999965
2007-11-01 23:00:00,0.043264999999999956
2007-11-02 23:00:00,0.042889999999999956
2007-11-05 23:00:00,0.04265999999999996
2007-11-06 23:00:00,0.043054999999999954
2007-11-07 23:00:00,0.04222999999999996
2007-11-08 23:00:00,0.04167999999999995
2007-11-09 23:00:00,0.041094999999999965
2007-11-12 23:00:00,0.04072999999999996
2007-11-13 23:00:00,0.040709999999999955
2007-11-14 23:00:00,0.04260499999999996
2007-11-15 23:00:00,0.04044999999999996
2007-11-16 23:00:00,0.04125499999999996
2007-11-19 23:00:00,0.03951499999999995
2007-11-20 23:00:00,0.03995999999999997
2007-11-21 23:00:00,0.03856499999999996
2007-11-23 23:00:00,0.039559999999999956
2007-11-26 23:00:00,0.03976999999999996
2007-11-27 23:00:00,0.03918999999999996
2007-11-28 23:00:00,0.03960499999999996
2007-11-29 23:00:00,0.04020499999999996
2007-11-30 23:00:00,0.04110999999999995
2007-12-03 23:00:00,0.04004999999999996
2007-12-04 23:00:00,0.03946499999999996
2007-12-05 23:00:00,0.03966499999999995
2007-12-06 23:00:00,0.03974999999999995
2007-12-07 23:00:00,0.040524999999999964
2007-12-10 23:00:00,0.04019499999999995
2007-12-11 23:00:00,0.040164999999999965
2007-12-12 23:00:00,0.039624999999999966
2007-12-13 23:00:00,0.038874999999999965
2007-12-14 23:00:00,0.03882999999999996
2007-12-17 23:00:00,0.03815499999999997
2007-12-18 23:00:00,0.03810999999999996
2007-12-19 23:00:00,0.03884499999999996
2007-12-20 23:00:00,0.03891999999999997
2007-12-21 23:00:00,0.04023999999999997
2007-12-24 23:00:00,0.04079999999999996
2007-12-26 23:00:00,0.04096499999999996
2007-12-27 23:00:00,0.040584999999999954
2007-12-28 23:00:00,0.039984999999999965
2007-12-31 23:00:00,0.03967499999999996
2008-01-02 23:00:00,0.039904999999999954
2008-01-03 23:00:00,0.04114499999999996
2008-01-04 23:00:00,0.04083999999999996
2008-01-07 23:00:00,0.04067499999999996
2008-01-08 23:00:00,0.042249999999999954
2008-01-09 23:00:00,0.04209999999999996
2008-01-10 23:00:00,0.04207999999999995
2008-01-11 23:00:00,0.042304999999999954
2008-01-14 23:00:00,0.04265499999999996
2008-01-15 23:00:00,0.04167999999999995
2008-01-16 23:00:00,0.04098999999999996
2008-01-17 23:00:00,0.041084999999999955
2008-01-18 23:00:00,0.04160999999999995
2008-01-22 23:00:00,0.04122999999999996
2008-01-23 23:00:00,0.039984999999999965
2008-01-24 23:00:00,0.04097999999999996
2008-01-25 23:00:00,0.04110499999999996
2008-01-28 23:00:00,0.04115999999999996
2008-01-29 23:00:00,0.04225499999999996
2008-01-30 23:00:00,0.041529999999999956
2008-01-31 23:00:00,0.04224499999999996
2008-02-01 23:00:00,0.04199499999999996
2008-02-04 23:00:00,0.042249999999999954
2008-02-05 23:00:00,0.04138499999999995
2008-02-06 23:00:00,0.04235499999999995
2008-02-07 23:00:00,0.043804999999999955
2008-02-08 23:00:00,0.044659999999999964
2008-02-11 23:00:00,0.04484999999999996
2008-02-12 23:00:00,0.04486499999999996
2008-02-13 23:00:00,0.04456999999999996
2008-02-14 23:00:00,0.04414499999999996
2008-02-15 23:00:00,0.044494999999999965
2008-02-19 23:00:00,0.04643499999999996
2008-02-20 23:00:00,0.04629499999999996
2008-02-21 23:00:00,0.047324999999999964
2008-02-22 23:00:00,0.04713499999999997
2008-02-25 23:00:00,0.046674999999999967
2008-02-26 23:00:00,0.04702999999999996
2008-02-27 23:00:00,0.04760999999999997
2008-02-28 23:00:00,0.04788499999999997
2008-02-29 23:00:00,0.04765499999999996
2008-03-03 23:00:00,0.04838999999999996
2008-03-04 23:00:00,0.04731999999999996
2008-03-05 23:00:00,0.04892499999999997
2008-03-06 23:00:00,0.04813999999999996
2008-03-07 23:00:00,0.04831999999999996
2008-03-10 23:00:00,0.04705499999999996
2008-03-11 23:00:00,0.046959999999999974
2008-03-12 23:00:00,0.04747499999999996
2008-03-13 23:00:00,0.04735499999999997
2008-03-14 23:00:00,0.04738499999999997
2008-03-17 23:00:00,0.04595499999999997
2008-03-18 23:00:00,0.04656999999999996
2008-03-19 23:00:00,0.045439999999999967
2008-03-20 23:00:00,0.04483999999999996
2008-03-24 23:00:00,0.04532999999999997
2008-03-25 23:00:00,0.04588999999999997
2008-03-26 23:00:00,0.046354999999999966
2008-03-27 23:00:00,0.04783499999999996
2008-03-28 23:00:00,0.04741999999999996
2008-03-31 23:00:00,0.04741499999999997
2008-04-01 23:00:00,0.04716999999999996
2008-04-02 23:00:00,0.047879999999999964
2008-04-03 23:00:00,0.04811999999999997
2008-04-04 23:00:00,0.04864999999999996
2008-04-07 23:00:00,0.04889999999999996
2008-04-08 23:00:00,0.04800999999999997
2008-04-09 23:00:00,0.04910499999999997
2008-04-10 23:00:00,0.04834499999999996
2008-04-11 23:00:00,0.04854999999999997
2008-04-14 23:00:00,0.04806999999999996
2008-04-15 23:00:00,0.04769499999999996
2008-04-16 23:00:00,0.048684999999999964
2008-04-17 23:00:00,0.04827999999999996
2008-04-18 23:00:00,0.048059999999999964
2008-04-21 23:00:00,0.04779999999999997
2008-04-22 23:00:00,0.04871999999999997
2008-04-23 23:00:00,0.048139999999999974
2008-04-24 23:00:00,0.04788499999999997
2008-04-25 23:00:00,0.04824499999999997
2008-04-28 23:00:00,0.04842499999999997
2008-04-29 23:00:00,0.047944999999999974
2008-04-30 23:00:00,0.04817999999999997
2008-05-01 23:00:00,0.04607999999999997
2008-05-02 23:00:00,0.047339999999999965
2008-05-05 23:00:00,0.04860999999999997
2008-05-06 23:00:00,0.047919999999999977
2008-05-07 23:00:00,0.04747499999999996
2008-05-08 23:00:00,0.04700999999999997
2008-05-09 23:00:00,0.046299999999999966
2008-05-12 23:00:00,0.04662999999999996
2008-05-13 23:00:00,0.046449999999999964
2008-05-14 23:00:00,0.04594499999999997
2008-05-15 23:00:00,0.046519999999999964
2008-05-16 23:00:00,0.04739999999999997
2008-05-19 23:00:00,0.04688999999999997
2008-05-20 23:00:00,0.04689999999999997
2008-05-21 23:00:00,0.04657999999999997
2008-05-22 23:00:00,0.04625999999999997
2008-05-23 23:00:00,0.04649499999999997
2008-05-27 23:00:00,0.046294999999999975
2008-05-28 23:00:00,0.04608499999999997
2008-05-29 23:00:00,0.04471999999999997
2008-05-30 23:00:00,0.04519499999999997
2008-06-02 23:00:00,0.04509999999999996
2008-06-03 23:00:00,0.04491499999999997
2008-06-04 23:00:00,0.04458499999999997
2008-06-05 23:00:00,0.044564999999999966
2008-06-06 23:00:00,0.045364999999999975
2008-06-09 23:00:00,0.04526499999999997
2008-06-10 23:00:00,0.04473499999999997
2008-06-11 23:00:00,0.04492999999999997
2008-06-12 23:00:00,0.04451499999999997
2008-06-13 23:00:00,0.04502499999999997
2008-06-16 23:00:00,0.04578999999999997
2008-06-17 23:00:00,0.04565499999999997
2008-06-18 23:00:00,0.04662499999999997
2008-06-19 23:00:00,0.04692999999999997
2008-06-20 23:00:00,0.04745499999999997
2008-06-23 23:00:00,0.047229999999999966
2008-06-24 23:00:00,0.04701499999999996
2008-06-25 23:00:00,0.04687999999999996
2008-06-26 23:00:00,0.04739999999999997
2008-06-27 23:00:00,0.04792999999999997
2008-06-30 23:00:00,0.047974999999999976
2008-07-01 23:00:00,0.048254999999999965
2008-07-02 23:00:00,0.04978499999999997
2008-07-03 23:00:00,0.04863999999999996
2008-07-07 23:00:00,0.04763999999999996
2008-07-08 23:00:00,0.04611499999999996
2008-07-09 23:00:00,0.04653999999999997
2008-07-10 23:00:00,0.04633499999999997
2008-07-11 23:00:00,0.046549999999999966
2008-07-14 23:00:00,0.04666999999999996
2008-07-15 23:00:00,0.04614999999999997
2008-07-16 23:00:00,0.04565499999999997
2008-07-17 23:00:00,0.046299999999999966
2008-07-18 23:00:00,0.045839999999999964
2008-07-21 23:00:00,0.04595999999999997
2008-07-22 23:00:00,0.04605499999999997
2008-07-23 23:00:00,0.045724999999999974
2008-07-24 23:00:00,0.044919999999999974
2008-07-25 23:00:00,0.04519999999999996
2008-07-28 23:00:00,0.04526999999999996
2008-07-29 23:00:00,0.04505499999999997
2008-07-30 23:00:00,0.04560999999999997
2008-07-31 23:00:00,0.04576499999999997
2008-08-01 23:00:00,0.044934999999999975
2008-08-04 23:00:00,0.043549999999999964
2008-08-05 23:00:00,0.04331999999999997
2008-08-06 23:00:00,0.043384999999999965
2008-08-07 23:00:00,0.043329999999999966
2008-08-08 23:00:00,0.042479999999999976
2008-08-11 23:00:00,0.042064999999999964
2008-08-12 23:00:00,0.04142499999999996
2008-08-13 23:00:00,0.04266999999999997
2008-08-14 23:00:00,0.042199999999999974
2008-08-15 23:00:00,0.04237499999999997
2008-08-18 23:00:00,0.04229999999999996
2008-08-19 23:00:00,0.04347999999999998
2008-08-20 23:00:00,0.04316499999999998
2008-08-21 23:00:00,0.04459499999999998
2008-08-22 23:00:00,0.04380499999999997
2008-08-25 23:00:00,0.04385499999999998
2008-08-26 23:00:00,0.04337499999999997
2008-08-27 23:00:00,0.04365999999999998
2008-08-28 23:00:00,0.043214999999999976
2008-08-29 23:00:00,0.04307999999999998
2008-09-02 23:00:00,0.04193999999999998
2008-09-03 23:00:00,0.042329999999999965
2008-09-04 23:00:00,0.04186999999999998
2008-09-05 23:00:00,0.04019499999999998
2008-09-08 23:00:00,0.04013999999999997
2008-09-09 23:00:00,0.04007999999999998
2008-09-10 23:00:00,0.04034999999999998
2008-09-11 23:00:00,0.04043499999999997
2008-09-12 23:00:00,0.04114999999999998
2008-09-15 23:00:00,0.04057499999999997
2008-09-16 23:00:00,0.04009999999999997
2008-09-17 23:00:00,0.039634999999999976
2008-09-18 23:00:00,0.039869999999999975
2008-09-19 23:00:00,0.04097499999999997
2008-09-22 23:00:00,0.04175999999999998
2008-09-23 23:00:00,0.040729999999999975
2008-09-24 23:00:00,0.04027499999999998
2008-09-25 23:00:00,0.040554999999999966
2008-09-26 23:00:00,0.03995499999999998
2008-09-29 23:00:00,0.038274999999999976
2008-09-30 23:00:00,0.03799999999999998
2008-10-01 23:00:00,0.03710499999999997
2008-10-02 23:00:00,0.03548499999999996
2008-10-03 23:00:00,0.03610999999999996
2008-10-06 23:00:00,0.03413999999999996
2008-10-07 23:00:00,0.03455499999999996
2008-10-08 23:00:00,0.03275999999999997
2008-10-09 23:00:00,0.033269999999999966
2008-10-10 23:00:00,0.030654999999999964
2008-10-13 23:00:00,0.03233499999999997
2008-10-14 23:00:00,0.03315499999999996
2008-10-15 23:00:00,0.03131499999999997
2008-10-16 23:00:00,0.030064999999999967
2008-10-17 23:00:00,0.031004999999999967
2008-10-20 23:00:00,0.030374999999999968
2008-10-21 23:00:00,0.029279999999999966
2008-10-22 23:00:00,0.027864999999999966
2008-10-23 23:00:00,0.027254999999999967
2008-10-24 23:00:00,0.026074999999999966
2008-10-27 23:00:00,0.027259999999999965
2008-10-28 23:00:00,0.027794999999999966
2008-10-29 23:00:00,0.030089999999999967
2008-10-30 23:00:00,0.028114999999999966
2008-10-31 23:00:00,0.027499999999999965
2008-11-03 23:00:00,0.027609999999999964
2008-11-04 23:00:00,0.02878999999999997
2008-11-05 23:00:00,0.027399999999999966
2008-11-06 23:00:00,0.026464999999999968
2008-11-07 23:00:00,0.026179999999999964
2008-11-10 23:00:00,0.026729999999999966
2008-11-11 23:00:00,0.025689999999999966
2008-11-12 23:00:00,0.02576499999999997
2008-11-13 23:00:00,0.025449999999999966
2008-11-14 23:00:00,0.026289999999999966
2008-11-17 23:00:00,0.025774999999999965
2008-11-18 23:00:00,0.025819999999999968
2008-11-19 23:00:00,0.025199999999999965
2008-11-20 23:00:00,0.02490499999999997
2008-11-21 23:00:00,0.02489499999999997
2008-11-24 23:00:00,0.025819999999999968
2008-11-25 23:00:00,0.02564499999999997
2008-11-26 23:00:00,0.026019999999999967
2008-11-28 23:00:00,0.025599999999999967
2008-12-01 23:00:00,0.02541499999999997
2008-12-02 23:00:00,0.02510999999999997
2008-12-03 23:00:00,0.024649999999999967
2008-12-04 23:00:00,0.023799999999999964
2008-12-05 23:00:00,0.022839999999999964
2008-12-08 23:00:00,0.024084999999999968
2008-12-09 23:00:00,0.023539999999999967
2008-12-10 23:00:00,0.02405999999999997
2008-12-11 23:00:00,0.02422499999999997
2008-12-12 23:00:00,0.023389999999999966
2008-12-15 23:00:00,0.023154999999999967
2008-12-16 23:00:00,0.022889999999999966
2008-12-17 23:00:00,0.02283499999999997
2008-12-18 23:00:00,0.022119999999999966
2008-12-19 23:00:00,0.022369999999999966
2008-12-22 23:00:00,0.02255999999999997
2008-12-23 23:00:00,0.02191499999999997
2008-12-24 23:00:00,0.02184499999999997
2008-12-26 23:00:00,0.022139999999999965
2008-12-29 23:00:00,0.02221999999999997
2008-12-30 23:00:00,0.02230999999999997
2008-12-31 23:00:00,0.02320499999999997
2009-01-02 23:00:00,0.02371499999999997
2009-01-05 23:00:00,0.02369499999999997
2009-01-06 23:00:00,0.02493499999999997
2009-01-07 23:00:00,0.02421999999999997
2009-01-08 23:00:00,0.02389499999999997
2009-01-09 23:00:00,0.024699999999999965
2009-01-12 23:00:00,0.023989999999999966
2009-01-13 23:00:00,0.024574999999999965
2009-01-14 23:00:00,0.023979999999999967
2009-01-15 23:00:00,0.02363999999999997
2009-01-16 23:00:00,0.024379999999999968
2009-01-20 23:00:00,0.024149999999999967
2009-01-21 23:00:00,0.023439999999999968
2009-01-22 23:00:00,0.023064999999999967
2009-01-23 23:00:00,0.023824999999999968
2009-01-26 23:00:00,0.024969999999999968
2009-01-27 23:00:00,0.023949999999999968
2009-01-28 23:00:00,0.02406499999999997
2009-01-29 23:00:00,0.02367999999999997
2009-01-30 23:00:00,0.023789999999999967
2009-02-02 23:00:00,0.02341499999999997
2009-02-03 23:00:00,0.024324999999999968
2009-02-04 23:00:00,0.024414999999999965
2009-02-05 23:00:00,0.024104999999999967
2009-02-06 23:00:00,0.025389999999999968
2009-02-09 23:00:00,0.02523499999999997
2009-02-10 23:00:00,0.024864999999999967
2009-02-11 23:00:00,0.024504999999999968
2009-02-12 23:00:00,0.024449999999999965
2009-02-13 23:00:00,0.024489999999999967
2009-02-17 23:00:00,0.023369999999999967
2009-02-18 23:00:00,0.023489999999999966
2009-02-19 23:00:00,0.023824999999999968
2009-02-20 23:00:00,0.02327499999999997
2009-02-23 23:00:00,0.02345499999999997
2009-02-24 23:00:00,0.023944999999999966
2009-02-25 23:00:00,0.024314999999999965
2009-02-26 23:00:00,0.02473499999999997
2009-02-27 23:00:00,0.024329999999999966
2009-03-02 23:00:00,0.024104999999999967
2009-03-03 23:00:00,0.024989999999999964
2009-03-04 23:00:00,0.02588499999999997
2009-03-05 23:00:00,0.025479999999999968
2009-03-06 23:00:00,0.02583499999999997
2009-03-09 23:00:00,0.025339999999999967
2009-03-10 23:00:00,0.025789999999999966
2009-03-11 23:00:00,0.02519999999999997
2009-03-12 23:00:00,0.025189999999999966
2009-03-13 23:00:00,0.025589999999999967
2009-03-16 23:00:00,0.026414999999999966
2009-03-17 23:00:00,0.02618499999999997
2009-03-18 23:00:00,0.02610999999999997
2009-03-19 23:00:00,0.027019999999999968
2009-03-20 23:00:00,0.026904999999999967
2009-03-23 23:00:00,0.027354999999999966
2009-03-24 23:00:00,0.027004999999999967
2009-03-25 23:00:00,0.026974999999999968
2009-03-26 23:00:00,0.027494999999999967
2009-03-27 23:00:00,0.027304999999999968
2009-03-30 23:00:00,0.02660499999999997
2009-03-31 23:00:00,0.027389999999999966
2009-04-01 23:00:00,0.02743499999999997
2009-04-02 23:00:00,0.027844999999999967
2009-04-03 23:00:00,0.02894999999999997
2009-04-06 23:00:00,0.028534999999999967
2009-04-07 23:00:00,0.028844999999999968
2009-04-08 23:00:00,0.028929999999999966
2009-04-09 23:00:00,0.02965499999999997
2009-04-13 23:00:00,0.03019999999999997
2009-04-14 23:00:00,0.03009499999999997
2009-04-15 23:00:00,0.03093499999999997
2009-04-16 23:00:00,0.030639999999999966
2009-04-17 23:00:00,0.030824999999999964
2009-04-20 23:00:00,0.02989999999999996
2009-04-21 23:00:00,0.029649999999999965
2009-04-22 23:00:00,0.029454999999999964
2009-04-23 23:00:00,0.028759999999999963
2009-04-24 23:00:00,0.02934999999999996
2009-04-27 23:00:00,0.028704999999999967
2009-04-28 23:00:00,0.028014999999999964
2009-04-29 23:00:00,0.02889999999999996
2009-04-30 23:00:00,0.029324999999999962
2009-05-01 23:00:00,0.029859999999999963
2009-05-04 23:00:00,0.030289999999999963
2009-05-05 23:00:00,0.029674999999999962
2009-05-06 23:00:00,0.03071999999999996
2009-05-07 23:00:00,0.03049499999999996
2009-05-08 23:00:00,0.030304999999999964
2009-05-11 23:00:00,0.02973499999999996
2009-05-12 23:00:00,0.029709999999999962
2009-05-13 23:00:00,0.029159999999999964
2009-05-14 23:00:00,0.029119999999999965
2009-05-15 23:00:00,0.029024999999999964
2009-05-18 23:00:00,0.029569999999999964
2009-05-19 23:00:00,0.029544999999999964
2009-05-20 23:00:00,0.029914999999999962
2009-05-21 23:00:00,0.029359999999999963
2009-05-22 23:00:00,0.029824999999999963
2009-05-26 23:00:00,0.030259999999999964
2009-05-27 23:00:00,0.030059999999999962
2009-05-28 23:00:00,0.030219999999999962
2009-05-29 23:00:00,0.030824999999999964
2009-06-01 23:00:00,0.032039999999999964
2009-06-02 23:00:00,0.03182499999999996
2009-06-03 23:00:00,0.03096999999999996
2009-06-04 23:00:00,0.031859999999999965
2009-06-05 23:00:00,0.03168999999999997
2009-06-08 23:00:00,0.031379999999999963
2009-06-09 23:00:00,0.03250499999999997
2009-06-10 23:00:00,0.03251999999999996
2009-06-11 23:00:00,0.03329999999999996
2009-06-12 23:00:00,0.03258499999999996
2009-06-15 23:00:00,0.031699999999999964
2009-06-16 23:00:00,0.03140499999999996
2009-06-17 23:00:00,0.031449999999999964
2009-06-18 23:00:00,0.031574999999999964
2009-06-19 23:00:00,0.03136999999999997
2009-06-22 23:00:00,0.030194999999999965
2009-06-23 23:00:00,0.03087499999999996
2009-06-24 23:00:00,0.03156499999999997
2009-06-25 23:00:00,0.031914999999999964
2009-06-26 23:00:00,0.031844999999999964
2009-06-29 23:00:00,0.03201499999999997
2009-06-30 23:00:00,0.03147499999999996
2009-07-01 23:00:00,0.03205999999999997
2009-07-02 23:00:00,0.03180999999999996
2009-07-06 23:00:00,0.031379999999999963
2009-07-07 23:00:00,0.031009999999999968
2009-07-08 23:00:00,0.030344999999999966
2009-07-09 23:00:00,0.031129999999999967
2009-07-10 23:00:00,0.030869999999999963
2009-07-13 23:00:00,0.030984999999999967
2009-07-14 23:00:00,0.03174499999999997
2009-07-15 23:00:00,0.03267499999999996
2009-07-16 23:00:00,0.032649999999999964
2009-07-17 23:00:00,0.032984999999999966
2009-07-20 23:00:00,0.03344499999999997
2009-07-21 23:00:00,0.03326499999999996
2009-07-22 23:00:00,0.03400999999999996
2009-07-23 23:00:00,0.03399499999999997
2009-07-24 23:00:00,0.033974999999999964
2009-07-27 23:00:00,0.03420499999999996
2009-07-28 23:00:00,0.03395999999999996
2009-07-29 23:00:00,0.03352999999999997
2009-07-30 23:00:00,0.03439499999999995
2009-07-31 23:00:00,0.034989999999999966
2009-08-03 23:00:00,0.036139999999999964
2009-08-04 23:00:00,0.036709999999999965
2009-08-05 23:00:00,0.03687499999999996
2009-08-06 23:00:00,0.03627499999999996
2009-08-07 23:00:00,0.036609999999999976
2009-08-10 23:00:00,0.036459999999999965
2009-08-11 23:00:00,0.03611999999999996
2009-08-12 23:00:00,0.03698999999999998
2009-08-13 23:00:00,0.03789499999999997
2009-08-14 23:00:00,0.03711499999999998
2009-08-17 23:00:00,0.036459999999999965
2009-08-18 23:00:00,0.03634999999999995
2009-08-19 23:00:00,0.03631499999999996
2009-08-20 23:00:00,0.036144999999999955
2009-08-21 23:00:00,0.03754499999999997
2009-08-24 23:00:00,0.03790999999999997
2009-08-25 23:00:00,0.03733999999999997
2009-08-26 23:00:00,0.037374999999999964
2009-08-27 23:00:00,0.03732499999999997
2009-08-28 23:00:00,0.03810999999999998
2009-08-31 23:00:00,0.03686999999999997
2009-09-01 23:00:00,0.036789999999999975
2009-09-02 23:00:00,0.03686499999999997
2009-09-03 23:00:00,0.03725499999999997
2009-09-04 23:00:00,0.03726999999999997
2009-09-08 23:00:00,0.03816499999999998
2009-09-09 23:00:00,0.037844999999999976
2009-09-10 23:00:00,0.03736999999999997
2009-09-11 23:00:00,0.03706999999999998
2009-09-14 23:00:00,0.036649999999999974
2009-09-15 23:00:00,0.03705499999999999
2009-09-16 23:00:00,0.037969999999999976
2009-09-17 23:00:00,0.03756499999999997
2009-09-18 23:00:00,0.03645499999999996
2009-09-21 23:00:00,0.03665999999999997
2009-09-22 23:00:00,0.03724999999999998
2009-09-23 23:00:00,0.03668499999999997
2009-09-24 23:00:00,0.035699999999999954
2009-09-25 23:00:00,0.03600999999999996
2009-09-28 23:00:00,0.03587499999999995
2009-09-29 23:00:00,0.035894999999999955
2009-09-30 23:00:00,0.03679499999999997
2009-10-01 23:00:00,0.035974999999999965
2009-10-02 23:00:00,0.03541999999999995
2009-10-05 23:00:00,0.03587499999999995
2009-10-06 23:00:00,0.03644999999999997
2009-10-07 23:00:00,0.03639999999999996
2009-10-08 23:00:00,0.03758999999999997
2009-10-09 23:00:00,0.03698499999999999
2009-10-12 23:00:00,0.03717499999999997
2009-10-13 23:00:00,0.03654999999999996
2009-10-14 23:00:00,0.037049999999999986
2009-10-15 23:00:00,0.03719499999999998
2009-10-16 23:00:00,0.03705999999999998
2009-10-19 23:00:00,0.03826999999999997
2009-10-20 23:00:00,0.03792499999999997
2009-10-21 23:00:00,0.038964999999999986
2009-10-22 23:00:00,0.03858499999999998
2009-10-23 23:00:00,0.03894999999999997
2009-10-26 23:00:00,0.03871499999999997
2009-10-27 23:00:00,0.03859499999999998
2009-10-28 23:00:00,0.03790999999999997
2009-10-29 23:00:00,0.038899999999999976
2009-10-30 23:00:00,0.03815999999999997
2009-11-02 23:00:00,0.03805499999999998
2009-11-03 23:00:00,0.03816499999999998
2009-11-04 23:00:00,0.038534999999999986
2009-11-05 23:00:00,0.03817499999999997
2009-11-06 23:00:00,0.03812999999999998
2009-11-09 23:00:00,0.03827999999999998
2009-11-10 23:00:00,0.038219999999999976
2009-11-11 23:00:00,0.03826499999999998
2009-11-12 23:00:00,0.038079999999999975
2009-11-13 23:00:00,0.038329999999999975
2009-11-16 23:00:00,0.03963999999999997
2009-11-17 23:00:00,0.03968499999999997
2009-11-18 23:00:00,0.03970999999999998
2009-11-19 23:00:00,0.03941499999999998
2009-11-20 23:00:00,0.039694999999999966
2009-11-23 23:00:00,0.03997499999999997
2009-11-24 23:00:00,0.03978999999999998
2009-11-25 23:00:00,0.04032499999999997
2009-11-27 23:00:00,0.03960999999999998
2009-11-30 23:00:00,0.040124999999999966
2009-12-01 23:00:00,0.04066499999999998
2009-12-02 23:00:00,0.040939999999999976
2009-12-03 23:00:00,0.040804999999999966
2009-12-04 23:00:00,0.040729999999999975
2009-12-07 23:00:00,0.04044499999999997
2009-12-08 23:00:00,0.04000499999999997
2009-12-09 23:00:00,0.03958999999999997
2009-12-10 23:00:00,0.039384999999999976
2009-12-11 23:00:00,0.03968499999999997
2009-12-14 23:00:00,0.039874999999999966
2009-12-15 23:00:00,0.03976999999999997
2009-12-16 23:00:00,0.040409999999999974
2009-12-17 23:00:00,0.039634999999999976
2009-12-18 23:00:00,0.03973999999999997
2009-12-21 23:00:00,0.039939999999999976
2009-12-22 23:00:00,0.03973499999999998
2009-12-23 23:00:00,0.04038999999999998
2009-12-24 23:00:00,0.04127999999999997
2009-12-28 23:00:00,0.041719999999999965
2009-12-29 23:00:00,0.04148999999999997
2009-12-30 23:00:00,0.04180499999999997
2009-12-31 23:00:00,0.04181999999999997
2010-01-04 23:00:00,0.04241499999999997
2010-01-05 23:00:00,0.04248999999999997
2010-01-06 23:00:00,0.043299999999999964
2010-01-07 23:00:00,0.04262499999999997
2010-01-08 23:00:00,0.04235999999999997
2010-01-11 23:00:00,0.04276499999999997
2010-01-12 23:00:00,0.04184999999999997
2010-01-13 23:00:00,0.042354999999999976
2010-01-14 23:00:00,0.042229999999999976
2010-01-15 23:00:00,0.04201499999999997
2010-01-19 23:00:00,0.042824999999999974
2010-01-20 23:00:00,0.04190499999999997
2010-01-21 23:00:00,0.04130499999999997
2010-01-22 23:00:00,0.04182499999999997
2010-01-25 23:00:00,0.042284999999999975
2010-01-26 23:00:00,0.04174999999999997
2010-01-27 23:00:00,0.04057999999999998
2010-01-28 23:00:00,0.03933499999999998
2010-01-29 23:00:00,0.038879999999999984
2010-02-01 23:00:00,0.039189999999999975
2010-02-02 23:00:00,0.03924999999999998
2010-02-03 23:00:00,0.038089999999999985
2010-02-04 23:00:00,0.03714499999999997
2010-02-05 23:00:00,0.03692999999999999
2010-02-08 23:00:00,0.03748499999999998
2010-02-09 23:00:00,0.03822499999999998
2010-02-10 23:00:00,0.03824499999999997
2010-02-11 23:00:00,0.039689999999999975
2010-02-12 23:00:00,0.03917999999999998
2010-02-16 23:00:00,0.04055499999999998
2010-02-17 23:00:00,0.04074999999999998
2010-02-18 23:00:00,0.041214999999999974
2010-02-19 23:00:00,0.04194999999999997
2010-02-22 23:00:00,0.04144499999999998
2010-02-23 23:00:00,0.04050499999999997
2010-02-24 23:00:00,0.04069499999999998
2010-02-25 23:00:00,0.040259999999999976
2010-02-26 23:00:00,0.04099999999999998
2010-03-01 23:00:00,0.041659999999999975
2010-03-02 23:00:00,0.04227499999999998
2010-03-03 23:00:00,0.04250999999999998
2010-03-04 23:00:00,0.04191499999999998
2010-03-05 23:00:00,0.042334999999999984
2010-03-08 23:00:00,0.04226499999999998
2010-03-09 23:00:00,0.04227499999999998
2010-03-10 23:00:00,0.041839999999999974
2010-03-11 23:00:00,0.04192999999999998
2010-03-12 23:00:00,0.04195999999999997
2010-03-15 23:00:00,0.04130999999999997
2010-03-16 23:00:00,0.041809999999999986
2010-03-17 23:00:00,0.042339999999999975
2010-03-18 23:00:00,0.042114999999999986
2010-03-19 23:00:00,0.04188499999999998
2010-03-22 23:00:00,0.041964999999999975
2010-03-23 23:00:00,0.04194999999999997
2010-03-24 23:00:00,0.041614999999999985
2010-03-25 23:00:00,0.041964999999999975
2010-03-26 23:00:00,0.04218999999999998
2010-03-29 23:00:00,0.043514999999999984
2010-03-30 23:00:00,0.04379499999999999
2010-03-31 23:00:00,0.043694999999999984
2010-04-01 23:00:00,0.04399999999999997
2010-04-05 23:00:00,0.04447499999999997
2010-04-06 23:00:00,0.04432999999999998
2010-04-07 23:00:00,0.04413499999999998
2010-04-08 23:00:00,0.04402499999999998
2010-04-09 23:00:00,0.044059999999999974
2010-04-12 23:00:00,0.04380499999999997
2010-04-13 23:00:00,0.04416499999999998
2010-04-14 23:00:00,0.04426499999999997
2010-04-15 23:00:00,0.04416499999999998
2010-04-16 23:00:00,0.04330499999999998
2010-04-19 23:00:00,0.043129999999999974
2010-04-20 23:00:00,0.04330499999999998
2010-04-21 23:00:00,0.04352499999999998
2010-04-22 23:00:00,0.04301499999999997
2010-04-23 23:00:00,0.043254999999999974
2010-04-26 23:00:00,0.04342999999999998
2010-04-27 23:00:00,0.04177499999999998
2010-04-28 23:00:00,0.04181499999999998
2010-04-29 23:00:00,0.04145499999999998
2010-04-30 23:00:00,0.04148499999999998
2010-05-03 23:00:00,0.04088499999999998
2010-05-04 23:00:00,0.03973499999999998
2010-05-05 23:00:00,0.03946499999999997
2010-05-06 23:00:00,0.039119999999999974
2010-05-07 23:00:00,0.03939499999999997
2010-05-10 23:00:00,0.040229999999999974
2010-05-11 23:00:00,0.04001499999999997
2010-05-12 23:00:00,0.03982999999999998
2010-05-13 23:00:00,0.04026499999999998
2010-05-14 23:00:00,0.03928999999999998
2010-05-17 23:00:00,0.03726999999999997
2010-05-18 23:00:00,0.03825999999999999
2010-05-19 23:00:00,0.03754499999999998
2010-05-20 23:00:00,0.037394999999999984
2010-05-21 23:00:00,0.03855999999999998
2010-05-24 23:00:00,0.039424999999999974
2010-05-25 23:00:00,0.038369999999999974
2010-05-26 23:00:00,0.038754999999999984
2010-05-27 23:00:00,0.03953499999999997
2010-05-28 23:00:00,0.038994999999999974
2010-06-01 23:00:00,0.038579999999999975
2010-06-02 23:00:00,0.038354999999999986
2010-06-03 23:00:00,0.037414999999999976
2010-06-04 23:00:00,0.03614499999999997
2010-06-07 23:00:00,0.03560999999999996
2010-06-08 23:00:00,0.03574499999999996
2010-06-09 23:00:00,0.03644999999999997
2010-06-10 23:00:00,0.03657499999999997
2010-06-11 23:00:00,0.03698999999999998
2010-06-14 23:00:00,0.03786999999999997
2010-06-15 23:00:00,0.03799499999999997
2010-06-16 23:00:00,0.03790499999999998
2010-06-17 23:00:00,0.03700999999999999
2010-06-18 23:00:00,0.03678499999999997
2010-06-21 23:00:00,0.03736499999999997
2010-06-22 23:00:00,0.03787499999999998
2010-06-23 23:00:00,0.03731499999999997
2010-06-24 23:00:00,0.038009999999999974
2010-06-25 23:00:00,0.038879999999999984
2010-06-28 23:00:00,0.03866499999999998
2010-06-29 23:00:00,0.03707499999999998
2010-06-30 23:00:00,0.037274999999999975
2010-07-01 23:00:00,0.03653999999999996
2010-07-02 23:00:00,0.03692999999999999
2010-07-06 23:00:00,0.03747999999999997
2010-07-07 23:00:00,0.03791999999999998
2010-07-08 23:00:00,0.03792499999999997
2010-07-09 23:00:00,0.03830499999999998
2010-07-12 23:00:00,0.03785999999999998
2010-07-13 23:00:00,0.03794499999999998
2010-07-14 23:00:00,0.03785499999999997
2010-07-15 23:00:00,0.03788999999999998
2010-07-16 23:00:00,0.03706499999999999
2010-07-19 23:00:00,0.037149999999999975
2010-07-20 23:00:00,0.03778499999999997
2010-07-21 23:00:00,0.03869999999999997
2010-07-22 23:00:00,0.03941499999999998
2010-07-23 23:00:00,0.039619999999999975
2010-07-26 23:00:00,0.03999999999999998
2010-07-27 23:00:00,0.03983499999999997
2010-07-28 23:00:00,0.04022499999999998
2010-07-29 23:00:00,0.04066999999999997
2010-07-30 23:00:00,0.04088499999999998
2010-08-02 23:00:00,0.04166499999999998
2010-08-03 23:00:00,0.041354999999999975
2010-08-04 23:00:00,0.04181499999999998
2010-08-05 23:00:00,0.04130499999999998
2010-08-06 23:00:00,0.04119999999999997
2010-08-09 23:00:00,0.04130999999999997
2010-08-10 23:00:00,0.04089499999999997
2010-08-11 23:00:00,0.04030999999999997
2010-08-12 23:00:00,0.04060999999999998
2010-08-13 23:00:00,0.04028999999999998
2010-08-16 23:00:00,0.040564999999999976
2010-08-17 23:00:00,0.04115499999999998
2010-08-18 23:00:00,0.04127499999999998
2010-08-19 23:00:00,0.040964999999999974
2010-08-20 23:00:00,0.04068499999999997
2010-08-23 23:00:00,0.04069499999999998
2010-08-24 23:00:00,0.040189999999999976
2010-08-25 23:00:00,0.039884999999999976
2010-08-26 23:00:00,0.040824999999999986
2010-08-27 23:00:00,0.04141499999999998
2010-08-30 23:00:00,0.04186499999999997
2010-08-31 23:00:00,0.04126999999999997
2010-09-01 23:00:00,0.04234499999999998
2010-09-02 23:00:00,0.04252499999999998
2010-09-03 23:00:00,0.04256999999999998
2010-09-07 23:00:00,0.04227499999999998
2010-09-08 23:00:00,0.042574999999999974
2010-09-09 23:00:00,0.04200499999999997
2010-09-10 23:00:00,0.04163499999999998
2010-09-13 23:00:00,0.04235999999999997
2010-09-14 23:00:00,0.04225499999999997
2010-09-15 23:00:00,0.04223499999999998
2010-09-16 23:00:00,0.04250499999999999
2010-09-17 23:00:00,0.04278999999999998
2010-09-20 23:00:00,0.04261499999999997
2010-09-21 23:00:00,0.04237999999999997
2010-09-22 23:00:00,0.04321999999999998
2010-09-23 23:00:00,0.04347499999999997
2010-09-24 23:00:00,0.04374999999999998
2010-09-27 23:00:00,0.04353999999999998
2010-09-28 23:00:00,0.04393999999999998
2010-09-29 23:00:00,0.044184999999999974
2010-09-30 23:00:00,0.04408499999999997
2010-10-01 23:00:00,0.04447499999999997
2010-10-04 23:00:00,0.04420999999999997
2010-10-05 23:00:00,0.04483499999999997
2010-10-06 23:00:00,0.04509999999999997
2010-10-07 23:00:00,0.044364999999999974
2010-10-08 23:00:00,0.04531499999999998
2010-10-11 23:00:00,0.04546499999999998
2010-10-12 23:00:00,0.04546499999999998
2010-10-13 23:00:00,0.04577499999999998
2010-10-14 23:00:00,0.045724999999999974
2010-10-15 23:00:00,0.04595999999999997
2010-10-18 23:00:00,0.04611999999999998
2010-10-19 23:00:00,0.04514499999999998
2010-10-20 23:00:00,0.045504999999999976
2010-10-21 23:00:00,0.04538499999999998
2010-10-22 23:00:00,0.04553999999999998
2010-10-25 23:00:00,0.04619999999999998
2010-10-26 23:00:00,0.04625999999999997
2010-10-27 23:00:00,0.045324999999999976
2010-10-28 23:00:00,0.04544499999999997
2010-10-29 23:00:00,0.04490499999999997
2010-11-01 23:00:00,0.045419999999999974
2010-11-02 23:00:00,0.04595999999999997
2010-11-03 23:00:00,0.045419999999999974
2010-11-04 23:00:00,0.04668999999999998
2010-11-05 23:00:00,0.04705499999999997
2010-11-08 23:00:00,0.04713499999999997
2010-11-09 23:00:00,0.04799999999999997
2010-11-10 23:00:00,0.04725999999999997
2010-11-11 23:00:00,0.047794999999999976
2010-11-12 23:00:00,0.04650499999999998
2010-11-15 23:00:00,0.04681999999999997
2010-11-16 23:00:00,0.04484499999999998
2010-11-17 23:00:00,0.04487499999999997
2010-11-18 23:00:00,0.045919999999999975
2010-11-19 23:00:00,0.04595999999999997
2010-11-22 23:00:00,0.04515499999999997
2010-11-23 23:00:00,0.044644999999999976
2010-11-24 23:00:00,0.045199999999999976
2010-11-26 23:00:00,0.04515999999999998
2010-11-29 23:00:00,0.04520999999999997
2010-11-30 23:00:00,0.045789999999999983
2010-12-01 23:00:00,0.04700999999999998
2010-12-02 23:00:00,0.04732499999999998
2010-12-03 23:00:00,0.04752499999999997
2010-12-06 23:00:00,0.04761499999999998
2010-12-07 23:00:00,0.048029999999999975
2010-12-08 23:00:00,0.048539999999999986
2010-12-09 23:00:00,0.048404999999999976
2010-12-10 23:00:00,0.048654999999999976
2010-12-13 23:00:00,0.04960499999999997
2010-12-14 23:00:00,0.049624999999999975
2010-12-15 23:00:00,0.04885999999999997
2010-12-16 23:00:00,0.04869499999999999
2010-12-17 23:00:00,0.049124999999999974
2010-12-20 23:00:00,0.049594999999999986
2010-12-21 23:00:00,0.05029499999999998
2010-12-22 23:00:00,0.05028499999999998
2010-12-23 23:00:00,0.050119999999999984
2010-12-27 23:00:00,0.05033499999999998
2010-12-28 23:00:00,0.050814999999999985
2010-12-29 23:00:00,0.05064999999999997
2010-12-30 23:00:00,0.05115999999999997
2010-12-31 23:00:00,0.05200499999999998
2011-01-03 23:00:00,0.052109999999999976
2011-01-04 23:00:00,0.05122499999999998
2011-01-05 23:00:00,0.05161499999999998
2011-01-06 23:00:00,0.050829999999999986
2011-01-07 23:00:00,0.050359999999999974
2011-01-10 23:00:00,0.050179999999999975
2011-01-11 23:00:00,0.05102499999999997
2011-01-12 23:00:00,0.051649999999999974
2011-01-13 23:00:00,0.051304999999999976
2011-01-14 23:00:00,0.05165499999999998
2011-01-18 23:00:00,0.05181499999999997
2011-01-19 23:00:00,0.051234999999999975
2011-01-20 23:00:00,0.05025499999999998
2011-01-21 23:00:00,0.050624999999999976
2011-01-24 23:00:00,0.05101999999999998
2011-01-25 23:00:00,0.04979499999999998
2011-01-26 23:00:00,0.050204999999999986
2011-01-27 23:00:00,0.05091999999999998
2011-01-28 23:00:00,0.05126499999999998
2011-01-31 23:00:00,0.05211999999999997
2011-02-01 23:00:00,0.05300499999999997
2011-02-02 23:00:00,0.05297499999999997
2011-02-03 23:00:00,0.052979999999999985
2011-02-04 23:00:00,0.053329999999999975
2011-02-07 23:00:00,0.053284999999999985
2011-02-08 23:00:00,0.053274999999999975
2011-02-09 23:00:00,0.052774999999999975
2011-02-10 23:00:00,0.05296999999999999
2011-02-11 23:00:00,0.052894999999999984
2011-02-14 23:00:00,0.05381999999999998
2011-02-15 23:00:00,0.05290499999999998
2011-02-16 23:00:00,0.05226999999999998
2011-02-17 23:00:00,0.05241499999999999
2011-02-18 23:00:00,0.05240499999999999
2011-02-22 23:00:00,0.05107499999999998
2011-02-23 23:00:00,0.05035999999999999
2011-02-24 23:00:00,0.050879999999999995
2011-02-25 23:00:00,0.051994999999999986
2011-02-28 23:00:00,0.052409999999999984
2011-03-01 23:00:00,0.05253999999999999
2011-03-02 23:00:00,0.052424999999999986
2011-03-03 23:00:00,0.05234499999999999
2011-03-04 23:00:00,0.052299999999999985
2011-03-07 23:00:00,0.05071499999999998
2011-03-08 23:00:00,0.050829999999999986
2011-03-09 23:00:00,0.04956999999999999
2011-03-10 23:00:00,0.04941999999999998
2011-03-11 23:00:00,0.049519999999999995
2011-03-14 23:00:00,0.04930999999999998
2011-03-15 23:00:00,0.04881499999999998
2011-03-16 23:00:00,0.04941999999999998
2011-03-17 23:00:00,0.050884999999999986
2011-03-18 23:00:00,0.05083499999999998
2011-03-21 23:00:00,0.05030499999999999
2011-03-22 23:00:00,0.050574999999999995
2011-03-23 23:00:00,0.051729999999999984
2011-03-24 23:00:00,0.051689999999999986
2011-03-25 23:00:00,0.051634999999999986
2011-03-28 23:00:00,0.05094499999999999
2011-03-29 23:00:00,0.05090999999999998
2011-03-30 23:00:00,0.05018499999999998
2011-03-31 23:00:00,0.05051999999999998
2011-04-01 23:00:00,0.05002999999999999
2011-04-04 23:00:00,0.049994999999999984
2011-04-05 23:00:00,0.05008999999999998
2011-04-06 23:00:00,0.05114499999999998
2011-04-07 23:00:00,0.05160999999999999
2011-04-08 23:00:00,0.05245999999999998
2011-04-11 23:00:00,0.05204499999999998
2011-04-12 23:00:00,0.05127999999999999
2011-04-13 23:00:00,0.05038999999999999
2011-04-14 23:00:00,0.05028499999999998
2011-04-15 23:00:00,0.05001999999999998
2011-04-18 23:00:00,0.04941999999999999
2011-04-19 23:00:00,0.04972999999999998
2011-04-20 23:00:00,0.05083499999999999
2011-04-21 23:00:00,0.05143499999999998
2011-04-25 23:00:00,0.05047999999999998
2011-04-26 23:00:00,0.05063999999999999
2011-04-27 23:00:00,0.04970999999999999
2011-04-28 23:00:00,0.04985999999999999
2011-04-29 23:00:00,0.04903499999999998
2011-05-02 23:00:00,0.049204999999999985
2011-05-03 23:00:00,0.049774999999999986
2011-05-04 23:00:00,0.048584999999999975
2011-05-05 23:00:00,0.04722499999999999
2011-05-06 23:00:00,0.046999999999999986
2011-05-09 23:00:00,0.04740999999999998
2011-05-10 23:00:00,0.047664999999999985
2011-05-11 23:00:00,0.04637999999999999
2011-05-12 23:00:00,0.04694999999999999
2011-05-13 23:00:00,0.04707999999999998
2011-05-16 23:00:00,0.047149999999999984
2011-05-17 23:00:00,0.047229999999999994
2011-05-18 23:00:00,0.04829499999999999
2011-05-19 23:00:00,0.04776999999999999
2011-05-20 23:00:00,0.04845999999999999
2011-05-23 23:00:00,0.04715999999999998
2011-05-24 23:00:00,0.04737499999999999
2011-05-25 23:00:00,0.04831499999999998
2011-05-26 23:00:00,0.048354999999999995
2011-05-27 23:00:00,0.04910499999999998
2011-05-31 23:00:00,0.04901999999999998
2011-06-01 23:00:00,0.04830999999999998
2011-06-02 23:00:00,0.048089999999999994
2011-06-03 23:00:00,0.04858999999999998
2011-06-06 23:00:00,0.048664999999999986
2011-06-07 23:00:00,0.04873999999999998
2011-06-08 23:00:00,0.048329999999999984
2011-06-09 23:00:00,0.04831999999999999
2011-06-10 23:00:00,0.047804999999999986
2011-06-13 23:00:00,0.04758999999999998
2011-06-14 23:00:00,0.04879499999999999
2011-06-15 23:00:00,0.04846499999999998
2011-06-16 23:00:00,0.04841999999999998
2011-06-17 23:00:00,0.04826999999999998
2011-06-20 23:00:00,0.047984999999999986
2011-06-21 23:00:00,0.04812999999999998
2011-06-22 23:00:00,0.04812999999999998
2011-06-23 23:00:00,0.04762499999999997
2011-06-24 23:00:00,0.04821499999999998
2011-06-27 23:00:00,0.047734999999999986
2011-06-28 23:00:00,0.04813999999999999
2011-06-29 23:00:00,0.04929999999999998
2011-06-30 23:00:00,0.04988499999999997
2011-07-01 23:00:00,0.05008499999999998
2011-07-05 23:00:00,0.05053499999999998
2011-07-06 23:00:00,0.05040999999999998
2011-07-07 23:00:00,0.051479999999999984
2011-07-08 23:00:00,0.051179999999999976
2011-07-11 23:00:00,0.05073999999999998
2011-07-12 23:00:00,0.05097499999999998
2011-07-13 23:00:00,0.05109499999999999
2011-07-14 23:00:00,0.050859999999999975
2011-07-15 23:00:00,0.051189999999999986
2011-07-18 23:00:00,0.05108999999999998
2011-07-19 23:00:00,0.05173999999999998
2011-07-20 23:00:00,0.05141999999999998
2011-07-21 23:00:00,0.05089499999999998
2011-07-22 23:00:00,0.05115999999999998
2011-07-25 23:00:00,0.05112499999999999
2011-07-26 23:00:00,0.05183999999999998
2011-07-27 23:00:00,0.051524999999999974
2011-07-28 23:00:00,0.05175499999999998
2011-07-29 23:00:00,0.051854999999999984
2011-08-01 23:00:00,0.05115999999999998
2011-08-02 23:00:00,0.051009999999999986
2011-08-03 23:00:00,0.05031999999999999
2011-08-04 23:00:00,0.04941499999999999
2011-08-05 23:00:00,0.04822999999999998
2011-08-08 23:00:00,0.04667499999999998
2011-08-09 23:00:00,0.04675999999999998
2011-08-10 23:00:00,0.045944999999999986
2011-08-11 23:00:00,0.04714499999999999
2011-08-12 23:00:00,0.04717999999999997
2011-08-15 23:00:00,0.04737999999999998
2011-08-16 23:00:00,0.04699999999999997
2011-08-17 23:00:00,0.04737999999999998
2011-08-18 23:00:00,0.046709999999999974
2011-08-19 23:00:00,0.046874999999999986
2011-08-22 23:00:00,0.046599999999999975
2011-08-23 23:00:00,0.04699499999999998
2011-08-24 23:00:00,0.047014999999999973
2011-08-25 23:00:00,0.047829999999999984
2011-08-26 23:00:00,0.04802499999999997
2011-08-29 23:00:00,0.047944999999999974
2011-08-30 23:00:00,0.048264999999999975
2011-08-31 23:00:00,0.04889499999999998
2011-09-01 23:00:00,0.04845499999999997
2011-09-02 23:00:00,0.048094999999999985
2011-09-06 23:00:00,0.04740999999999998
2011-09-07 23:00:00,0.04816999999999998
2011-09-08 23:00:00,0.04828499999999998
2011-09-09 23:00:00,0.046874999999999986
2011-09-12 23:00:00,0.04650499999999998
2011-09-13 23:00:00,0.04654999999999998
2011-09-14 23:00:00,0.04582999999999998
2011-09-15 23:00:00,0.046419999999999975
2011-09-16 23:00:00,0.04616499999999997
2011-09-19 23:00:00,0.04467499999999998
2011-09-20 23:00:00,0.04410499999999998
2011-09-21 23:00:00,0.044489999999999974
2011-09-22 23:00:00,0.04173499999999998
2011-09-23 23:00:00,0.03964999999999998
2011-09-26 23:00:00,0.03967999999999998
2011-09-27 23:00:00,0.041244999999999976
2011-09-28 23:00:00,0.039314999999999975
2011-09-29 23:00:00,0.039309999999999984
2011-09-30 23:00:00,0.038369999999999974
2011-10-03 23:00:00,0.03835499999999997
2011-10-04 23:00:00,0.037884999999999974
2011-10-05 23:00:00,0.037909999999999985
2011-10-06 23:00:00,0.039314999999999975
2011-10-07 23:00:00,0.03958499999999998
2011-10-10 23:00:00,0.04052999999999998
2011-10-11 23:00:00,0.039754999999999985
2011-10-12 23:00:00,0.04078499999999999
2011-10-13 23:00:00,0.03991999999999998
2011-10-14 23:00:00,0.040934999999999985
2011-10-17 23:00:00,0.040629999999999986
2011-10-18 23:00:00,0.04044999999999997
2011-10-19 23:00:00,0.03942999999999998
2011-10-20 23:00:00,0.03742499999999997
2011-10-21 23:00:00,0.039079999999999976
2011-10-24 23:00:00,0.041339999999999974
2011-10-25 23:00:00,0.04105499999999998
2011-10-26 23:00:00,0.04174999999999998
2011-10-27 23:00:00,0.043769999999999976
2011-10-28 23:00:00,0.04390999999999998
2011-10-31 23:00:00,0.043169999999999986
2011-11-01 23:00:00,0.04187499999999998
2011-11-02 23:00:00,0.042659999999999976
2011-11-03 23:00:00,0.04273499999999998
2011-11-04 23:00:00,0.04249499999999998
2011-11-07 23:00:00,0.04220499999999998
2011-11-08 23:00:00,0.04217999999999998
2011-11-09 23:00:00,0.04125999999999998
2011-11-10 23:00:00,0.04058999999999997
2011-11-11 23:00:00,0.04148499999999998
2011-11-14 23:00:00,0.041729999999999975
2011-11-15 23:00:00,0.041864999999999986
2011-11-16 23:00:00,0.04169499999999998
2011-11-17 23:00:00,0.04067499999999999
2011-11-18 23:00:00,0.040869999999999976
2011-11-21 23:00:00,0.03985999999999998
2011-11-22 23:00:00,0.040144999999999986
2011-11-23 23:00:00,0.039589999999999986
2011-11-25 23:00:00,0.039504999999999985
2011-11-28 23:00:00,0.04037999999999997
2011-11-29 23:00:00,0.04056999999999998
2011-11-30 23:00:00,0.042419999999999985
2011-12-01 23:00:00,0.04200499999999997
2011-12-02 23:00:00,0.04250999999999998
2011-12-05 23:00:00,0.04281999999999998
2011-12-06 23:00:00,0.042419999999999985
2011-12-07 23:00:00,0.042224999999999985
2011-12-08 23:00:00,0.04166499999999998
2011-12-09 23:00:00,0.042239999999999986
2011-12-12 23:00:00,0.04130499999999998
2011-12-13 23:00:00,0.04107999999999998
2011-12-14 23:00:00,0.039449999999999985
2011-12-15 23:00:00,0.03933499999999998
2011-12-16 23:00:00,0.03997499999999998
2011-12-19 23:00:00,0.03974999999999998
2011-12-20 23:00:00,0.04035999999999998
2011-12-21 23:00:00,0.04060999999999998
2011-12-22 23:00:00,0.04081999999999998
2011-12-23 23:00:00,0.04135999999999998
2011-12-27 23:00:00,0.040754999999999986
2011-12-28 23:00:00,0.04031999999999998
2011-12-29 23:00:00,0.040364999999999984
2011-12-30 23:00:00,0.04102499999999998
2012-01-03 23:00:00,0.04194999999999999
2012-01-04 23:00:00,0.04100999999999998
2012-01-05 23:00:00,0.04092999999999998
2012-01-06 23:00:00,0.04101499999999998
2012-01-09 23:00:00,0.040824999999999986
2012-01-10 23:00:00,0.041794999999999985
2012-01-11 23:00:00,0.04212499999999998
2012-01-12 23:00:00,0.043154999999999985
2012-01-13 23:00:00,0.043034999999999976
2012-01-17 23:00:00,0.043959999999999985
2012-01-18 23:00:00,0.04418999999999998
2012-01-19 23:00:00,0.04466999999999999
2012-01-20 23:00:00,0.04411499999999999
2012-01-23 23:00:00,0.04464999999999998
2012-01-24 23:00:00,0.04473999999999999
2012-01-25 23:00:00,0.044959999999999986
2012-01-26 23:00:00,0.045679999999999985
2012-01-27 23:00:00,0.045554999999999984
2012-01-30 23:00:00,0.044929999999999984
2012-01-31 23:00:00,0.04456499999999998
2012-02-01 23:00:00,0.045084999999999986
2012-02-02 23:00:00,0.04447499999999999
2012-02-03 23:00:00,0.045679999999999985
2012-02-06 23:00:00,0.045309999999999975
2012-02-07 23:00:00,0.04542499999999998
2012-02-08 23:00:00,0.04575999999999998
2012-02-09 23:00:00,0.04644999999999999
2012-02-10 23:00:00,0.04528499999999998
2012-02-13 23:00:00,0.04505999999999999
2012-02-14 23:00:00,0.044809999999999975
2012-02-15 23:00:00,0.044679999999999984
2012-02-16 23:00:00,0.04456499999999998
2012-02-17 23:00:00,0.04373999999999999
2012-02-21 23:00:00,0.04502499999999998
2012-02-22 23:00:00,0.045004999999999976
2012-02-23 23:00:00,0.04471999999999998
2012-02-24 23:00:00,0.04527999999999999
2012-02-27 23:00:00,0.04546999999999998
2012-02-28 23:00:00,0.045794999999999975
2012-02-29 23:00:00,0.045374999999999985
2012-03-01 23:00:00,0.04589499999999998
2012-03-02 23:00:00,0.045609999999999984
2012-03-05 23:00:00,0.04517499999999998
2012-03-06 23:00:00,0.04395499999999998
2012-03-07 23:00:00,0.044249999999999984
2012-03-08 23:00:00,0.04449499999999998
2012-03-09 23:00:00,0.04516499999999998
2012-03-12 23:00:00,0.04495499999999998
2012-03-13 23:00:00,0.04560499999999998
2012-03-14 23:00:00,0.04505999999999999
2012-03-15 23:00:00,0.045554999999999984
2012-03-16 23:00:00,0.045359999999999984
2012-03-19 23:00:00,0.045669999999999975
2012-03-20 23:00:00,0.04488499999999998
2012-03-21 23:00:00,0.04503499999999998
2012-03-22 23:00:00,0.04423499999999998
2012-03-23 23:00:00,0.04466499999999998
2012-03-26 23:00:00,0.04545499999999998
2012-03-27 23:00:00,0.045379999999999976
2012-03-28 23:00:00,0.044504999999999975
2012-03-29 23:00:00,0.044544999999999974
2012-03-30 23:00:00,0.04482999999999998
2012-04-02 23:00:00,0.045789999999999983
2012-04-03 23:00:00,0.04576999999999998
2012-04-04 23:00:00,0.04448499999999998
2012-04-05 23:00:00,0.04453499999999998
2012-04-09 23:00:00,0.043779999999999986
2012-04-10 23:00:00,0.04307999999999998
2012-04-11 23:00:00,0.042974999999999985
2012-04-12 23:00:00,0.04378499999999998
2012-04-13 23:00:00,0.04284999999999997
2012-04-16 23:00:00,0.04285999999999998
2012-04-17 23:00:00,0.04303999999999998
2012-04-18 23:00:00,0.04288499999999998
2012-04-19 23:00:00,0.04285999999999998
2012-04-20 23:00:00,0.04356499999999998
2012-04-23 23:00:00,0.042839999999999975
2012-04-24 23:00:00,0.043309999999999974
2012-04-25 23:00:00,0.043574999999999975
2012-04-26 23:00:00,0.04423499999999998
2012-04-27 23:00:00,0.04474999999999997
2012-04-30 23:00:00,0.044794999999999974
2012-05-01 23:00:00,0.044934999999999975
2012-05-02 23:00:00,0.04436999999999998
2012-05-03 23:00:00,0.04385999999999998
2012-05-04 23:00:00,0.04370999999999997
2012-05-07 23:00:00,0.04423499999999998
2012-05-08 23:00:00,0.04327499999999998
2012-05-09 23:00:00,0.04309499999999998
2012-05-10 23:00:00,0.04340499999999997
2012-05-11 23:00:00,0.04297999999999998
2012-05-14 23:00:00,0.04203999999999998
2012-05-15 23:00:00,0.041674999999999976
2012-05-16 23:00:00,0.04127999999999998
2012-05-17 23:00:00,0.041289999999999966
2012-05-18 23:00:00,0.04118499999999997
2012-05-21 23:00:00,0.041519999999999974
2012-05-22 23:00:00,0.041369999999999976
2012-05-23 23:00:00,0.04045999999999998
2012-05-24 23:00:00,0.040784999999999974
2012-05-25 23:00:00,0.040979999999999975
2012-05-29 23:00:00,0.041119999999999976
2012-05-30 23:00:00,0.04039999999999998
2012-05-31 23:00:00,0.04015499999999998
2012-06-01 23:00:00,0.039634999999999976
2012-06-04 23:00:00,0.03956999999999998
2012-06-05 23:00:00,0.03938999999999997
2012-06-06 23:00:00,0.04028999999999998
2012-06-07 23:00:00,0.04020499999999998
2012-06-08 23:00:00,0.03934999999999998
2012-06-11 23:00:00,0.03992999999999998
2012-06-12 23:00:00,0.039854999999999974
2012-06-13 23:00:00,0.03989499999999997
2012-06-14 23:00:00,0.04004499999999997
2012-06-15 23:00:00,0.04033499999999998
2012-06-18 23:00:00,0.04045499999999998
2012-06-19 23:00:00,0.040839999999999974
2012-06-20 23:00:00,0.04038999999999998
2012-06-21 23:00:00,0.039494999999999975
2012-06-22 23:00:00,0.039579999999999976
2012-06-25 23:00:00,0.039684999999999984
2012-06-26 23:00:00,0.039634999999999976
2012-06-27 23:00:00,0.039994999999999975
2012-06-28 23:00:00,0.039744999999999975
2012-06-29 23:00:00,0.041394999999999973
2012-07-02 23:00:00,0.041119999999999976
2012-07-03 23:00:00,0.04182999999999998
2012-07-05 23:00:00,0.04135999999999998
2012-07-06 23:00:00,0.04052499999999998
2012-07-09 23:00:00,0.040744999999999976
2012-07-10 23:00:00,0.040409999999999974
2012-07-11 23:00:00,0.04090499999999998
2012-07-12 23:00:00,0.04057999999999998
2012-07-13 23:00:00,0.04146999999999998
2012-07-16 23:00:00,0.04127999999999997
2012-07-17 23:00:00,0.04098499999999998
2012-07-18 23:00:00,0.04116999999999997
2012-07-19 23:00:00,0.04177499999999998
2012-07-20 23:00:00,0.040909999999999974
2012-07-23 23:00:00,0.040229999999999974
2012-07-24 23:00:00,0.03995999999999998
2012-07-25 23:00:00,0.040174999999999975
2012-07-26 23:00:00,0.040364999999999984
2012-07-27 23:00:00,0.040689999999999976
2012-07-30 23:00:00,0.04058999999999997
2012-07-31 23:00:00,0.040604999999999974
2012-08-01 23:00:00,0.04017999999999998
2012-08-02 23:00:00,0.03933499999999998
2012-08-03 23:00:00,0.040104999999999974
2012-08-06 23:00:00,0.04031999999999997
2012-08-07 23:00:00,0.04083499999999998
2012-08-08 23:00:00,0.04064499999999997
2012-08-09 23:00:00,0.04067999999999998
2012-08-10 23:00:00,0.040354999999999974
2012-08-13 23:00:00,0.03996499999999997
2012-08-14 23:00:00,0.04001999999999997
2012-08-15 23:00:00,0.039924999999999974
2012-08-16 23:00:00,0.04025499999999997
2012-08-17 23:00:00,0.04062499999999997
2012-08-20 23:00:00,0.04013499999999996
2012-08-21 23:00:00,0.040954999999999964
2012-08-22 23:00:00,0.04094999999999997
2012-08-23 23:00:00,0.041329999999999964
2012-08-24 23:00:00,0.04123999999999997
2012-08-27 23:00:00,0.04116999999999997
2012-08-28 23:00:00,0.04103499999999996
2012-08-29 23:00:00,0.04083499999999997
2012-08-30 23:00:00,0.04081499999999996
2012-08-31 23:00:00,0.040914999999999965
2012-09-04 23:00:00,0.04103499999999996
2012-09-05 23:00:00,0.041634999999999964
2012-09-06 23:00:00,0.041509999999999964
2012-09-07 23:00:00,0.04279499999999997
2012-09-10 23:00:00,0.04322999999999996
2012-09-11 23:00:00,0.043314999999999965
2012-09-12 23:00:00,0.04326999999999996
2012-09-13 23:00:00,0.04344499999999997
2012-09-14 23:00:00,0.04466999999999996
2012-09-17 23:00:00,0.04426499999999997
2012-09-18 23:00:00,0.04421499999999996
2012-09-19 23:00:00,0.04448499999999997
2012-09-20 23:00:00,0.04393499999999996
2012-09-21 23:00:00,0.04423499999999997
2012-09-24 23:00:00,0.04365999999999996
2012-09-25 23:00:00,0.04392999999999997
2012-09-26 23:00:00,0.04344499999999997
2012-09-27 23:00:00,0.04378499999999996
2012-09-28 23:00:00,0.043924999999999964
2012-10-01 23:00:00,0.044199999999999975
2012-10-02 23:00:00,0.044354999999999964
2012-10-03 23:00:00,0.04418499999999996
2012-10-04 23:00:00,0.04420499999999997
2012-10-05 23:00:00,0.04412499999999997
2012-10-08 23:00:00,0.043524999999999966
2012-10-09 23:00:00,0.043524999999999966
2012-10-10 23:00:00,0.043524999999999966
2012-10-11 23:00:00,0.04385999999999997
2012-10-12 23:00:00,0.04337499999999997
2012-10-15 23:00:00,0.04335999999999997
2012-10-16 23:00:00,0.04334499999999997
2012-10-17 23:00:00,0.043824999999999975
2012-10-18 23:00:00,0.04377499999999997
2012-10-19 23:00:00,0.042719999999999966
2012-10-22 23:00:00,0.042564999999999964
2012-10-23 23:00:00,0.042039999999999966
2012-10-24 23:00:00,0.042024999999999965
2012-10-25 23:00:00,0.04184999999999997
2012-10-26 23:00:00,0.041844999999999966
2012-10-29 23:00:00,0.041289999999999966
2012-10-30 23:00:00,0.04140499999999997
2012-10-31 23:00:00,0.041519999999999974
2012-11-01 23:00:00,0.04186499999999997
2012-11-02 23:00:00,0.04115999999999996
2012-11-05 23:00:00,0.04104499999999997
2012-11-06 23:00:00,0.04140499999999997
2012-11-07 23:00:00,0.04075999999999996
2012-11-08 23:00:00,0.041039999999999965
2012-11-09 23:00:00,0.04079999999999996
2012-11-12 23:00:00,0.041024999999999964
2012-11-13 23:00:00,0.041054999999999967
2012-11-14 23:00:00,0.04087999999999997
2012-11-15 23:00:00,0.040969999999999965
2012-11-16 23:00:00,0.040859999999999966
2012-11-19 23:00:00,0.041609999999999966
2012-11-20 23:00:00,0.041509999999999964
2012-11-21 23:00:00,0.04130999999999996
2012-11-23 23:00:00,0.041634999999999964
2012-11-26 23:00:00,0.04172999999999996
2012-11-27 23:00:00,0.04175499999999996
2012-11-28 23:00:00,0.04161999999999996
2012-11-29 23:00:00,0.04229999999999996
2012-11-30 23:00:00,0.042744999999999964
2012-12-03 23:00:00,0.042829999999999965
2012-12-04 23:00:00,0.04279999999999996
2012-12-05 23:00:00,0.043109999999999954
2012-12-06 23:00:00,0.042689999999999964
2012-12-07 23:00:00,0.04287499999999997
2012-12-10 23:00:00,0.04330499999999997
2012-12-11 23:00:00,0.043109999999999954
2012-12-12 23:00:00,0.04340499999999997
2012-12-13 23:00:00,0.042844999999999966
2012-12-14 23:00:00,0.04307499999999996
2012-12-17 23:00:00,0.04290499999999997
2012-12-18 23:00:00,0.04277999999999997
2012-12-19 23:00:00,0.04229999999999996
2012-12-20 23:00:00,0.04160499999999996
2012-12-21 23:00:00,0.041914999999999966
2012-12-24 23:00:00,0.041704999999999964
2012-12-26 23:00:00,0.042219999999999966
2012-12-27 23:00:00,0.04225499999999997
2012-12-28 23:00:00,0.04213999999999997
2012-12-31 23:00:00,0.04276999999999996
2013-01-02 23:00:00,0.04360499999999996
2013-01-03 23:00:00,0.04341499999999997
2013-01-04 23:00:00,0.04317999999999997
2013-01-07 23:00:00,0.043024999999999966
2013-01-08 23:00:00,0.04296499999999996
2013-01-09 23:00:00,0.04294999999999996
2013-01-10 23:00:00,0.04333499999999996
2013-01-11 23:00:00,0.04278499999999996
2013-01-14 23:00:00,0.042584999999999956
2013-01-15 23:00:00,0.04261999999999996
2013-01-16 23:00:00,0.04230999999999996
2013-01-17 23:00:00,0.04286499999999996
2013-01-18 23:00:00,0.04303499999999996
2013-01-22 23:00:00,0.04329499999999996
2013-01-23 23:00:00,0.04308999999999996
2013-01-24 23:00:00,0.043009999999999965
2013-01-25 23:00:00,0.04276499999999997
2013-01-28 23:00:00,0.04285999999999997
2013-01-29 23:00:00,0.04315999999999996
2013-01-30 23:00:00,0.043744999999999964
2013-01-31 23:00:00,0.043564999999999965
2013-02-01 23:00:00,0.04408999999999996
2013-02-04 23:00:00,0.04392999999999997
2013-02-05 23:00:00,0.04394499999999997
2013-02-06 23:00:00,0.04364999999999997
2013-02-07 23:00:00,0.043514999999999956
2013-02-08 23:00:00,0.04383999999999996
2013-02-11 23:00:00,0.04346999999999997
2013-02-12 23:00:00,0.04368499999999996
2013-02-13 23:00:00,0.04366999999999996
2013-02-14 23:00:00,0.043619999999999964
2013-02-15 23:00:00,0.043629999999999974
2013-02-19 23:00:00,0.042759999999999965
2013-02-20 23:00:00,0.042344999999999966
2013-02-21 23:00:00,0.041789999999999966
2013-02-22 23:00:00,0.04159999999999997
2013-02-25 23:00:00,0.041704999999999964
2013-02-26 23:00:00,0.04192499999999996
2013-02-27 23:00:00,0.04176499999999997
2013-02-28 23:00:00,0.04156999999999997
2013-03-01 23:00:00,0.041104999999999975
2013-03-04 23:00:00,0.041109999999999966
2013-03-05 23:00:00,0.04124499999999996
2013-03-06 23:00:00,0.041024999999999964
2013-03-07 23:00:00,0.04129999999999996
2013-03-08 23:00:00,0.04118499999999997
2013-03-11 23:00:00,0.04126499999999997
2013-03-12 23:00:00,0.04163999999999997
2013-03-13 23:00:00,0.041344999999999965
2013-03-14 23:00:00,0.04145999999999997
2013-03-15 23:00:00,0.04129999999999996
2013-03-18 23:00:00,0.040374999999999966
2013-03-19 23:00:00,0.040149999999999963
2013-03-20 23:00:00,0.04055999999999997
2013-03-21 23:00:00,0.04044499999999997
2013-03-22 23:00:00,0.04075499999999997
2013-03-25 23:00:00,0.04054499999999997
2013-03-26 23:00:00,0.04051999999999996
2013-03-27 23:00:00,0.04052999999999997
2013-03-28 23:00:00,0.04011499999999997
2013-04-01 23:00:00,0.03983999999999996
2013-04-02 23:00:00,0.03987999999999997
2013-04-03 23:00:00,0.039424999999999974
2013-04-04 23:00:00,0.039609999999999965
2013-04-05 23:00:00,0.03953499999999996
2013-04-08 23:00:00,0.039804999999999965
2013-04-09 23:00:00,0.04050999999999996
2013-04-10 23:00:00,0.040274999999999964
2013-04-11 23:00:00,0.040429999999999966
2013-04-12 23:00:00,0.039594999999999964
2013-04-15 23:00:00,0.03882499999999997
2013-04-16 23:00:00,0.03914999999999996
2013-04-17 23:00:00,0.037939999999999974
2013-04-18 23:00:00,0.03810499999999996
2013-04-19 23:00:00,0.03754499999999997
2013-04-22 23:00:00,0.03735499999999996
2013-04-23 23:00:00,0.036954999999999974
2013-04-24 23:00:00,0.03756499999999996
2013-04-25 23:00:00,0.03833999999999997
2013-04-26 23:00:00,0.037774999999999975
2013-04-29 23:00:00,0.038179999999999964
2013-04-30 23:00:00,0.03778999999999996
2013-05-01 23:00:00,0.036714999999999956
2013-05-02 23:00:00,0.03695999999999998
2013-05-03 23:00:00,0.03905999999999997
2013-05-06 23:00:00,0.03901999999999997
2013-05-07 23:00:00,0.038939999999999975
2013-05-08 23:00:00,0.039619999999999975
2013-05-09 23:00:00,0.039319999999999966
2013-05-10 23:00:00,0.039444999999999966
2013-05-13 23:00:00,0.03950999999999996
2013-05-14 23:00:00,0.03879499999999997
2013-05-15 23:00:00,0.03856499999999996
2013-05-16 23:00:00,0.038859999999999964
2013-05-17 23:00:00,0.03914499999999997
2013-05-20 23:00:00,0.03951499999999997
2013-05-21 23:00:00,0.03934999999999997
2013-05-22 23:00:00,0.039719999999999964
2013-05-23 23:00:00,0.03895499999999996
2013-05-24 23:00:00,0.03886999999999996
2013-05-28 23:00:00,0.03906499999999996
2013-05-29 23:00:00,0.03888499999999996
2013-05-30 23:00:00,0.039069999999999966
2013-05-31 23:00:00,0.03883999999999997
2013-06-03 23:00:00,0.03921999999999996
2013-06-04 23:00:00,0.03960499999999996
2013-06-05 23:00:00,0.03962999999999996
2013-06-06 23:00:00,0.03910499999999996
2013-06-07 23:00:00,0.03859999999999997
2013-06-10 23:00:00,0.03832499999999997
2013-06-11 23:00:00,0.03786499999999997
2013-06-12 23:00:00,0.03816999999999997
2013-06-13 23:00:00,0.037764999999999965
2013-06-14 23:00:00,0.037929999999999964
2013-06-17 23:00:00,0.037889999999999965
2013-06-18 23:00:00,0.03746499999999997
2013-06-19 23:00:00,0.03730499999999996
2013-06-20 23:00:00,0.036504999999999954
2013-06-21 23:00:00,0.03678999999999996
2013-06-24 23:00:00,0.036074999999999954
2013-06-25 23:00:00,0.03654999999999996
2013-06-26 23:00:00,0.03619499999999995
2013-06-27 23:00:00,0.036384999999999945
2013-06-28 23:00:00,0.03636499999999995
2013-07-01 23:00:00,0.03735999999999996
2013-07-02 23:00:00,0.03721999999999996
2013-07-03 23:00:00,0.03753499999999997
2013-07-05 23:00:00,0.03643999999999996
2013-07-08 23:00:00,0.03678499999999996
2013-07-09 23:00:00,0.036434999999999954
2013-07-10 23:00:00,0.03669999999999997
2013-07-11 23:00:00,0.03756499999999997
2013-07-12 23:00:00,0.03733999999999997
2013-07-15 23:00:00,0.03723499999999996
2013-07-16 23:00:00,0.037654999999999966
2013-07-17 23:00:00,0.03707499999999997
2013-07-18 23:00:00,0.03710499999999997
2013-07-19 23:00:00,0.03718999999999997
2013-07-22 23:00:00,0.037639999999999965
2013-07-23 23:00:00,0.03776999999999997
2013-07-24 23:00:00,0.03757999999999996
2013-07-25 23:00:00,0.03764499999999997
2013-07-26 23:00:00,0.03684499999999996
2013-07-29 23:00:00,0.03686499999999995
2013-07-30 23:00:00,0.03620999999999995
2013-07-31 23:00:00,0.03697499999999998
2013-08-01 23:00:00,0.03744999999999997
2013-08-02 23:00:00,0.037514999999999965
2013-08-05 23:00:00,0.03746999999999996
2013-08-06 23:00:00,0.03751999999999997
2013-08-07 23:00:00,0.03751999999999997
2013-08-08 23:00:00,0.038494999999999974
2013-08-09 23:00:00,0.03885499999999996
2013-08-12 23:00:00,0.038819999999999966
2013-08-13 23:00:00,0.03895999999999997
2013-08-14 23:00:00,0.03918999999999996
2013-08-15 23:00:00,0.039164999999999964
2013-08-16 23:00:00,0.03941999999999997
2013-08-19 23:00:00,0.039109999999999964
2013-08-20 23:00:00,0.03916999999999997
2013-08-21 23:00:00,0.038874999999999965
2013-08-22 23:00:00,0.03909499999999996
2013-08-23 23:00:00,0.03930999999999997
2013-08-26 23:00:00,0.03901999999999997
2013-08-27 23:00:00,0.03910499999999997
2013-08-28 23:00:00,0.03885999999999998
2013-08-29 23:00:00,0.03835499999999997
2013-08-30 23:00:00,0.038079999999999975
2013-09-03 23:00:00,0.03879499999999997
2013-09-04 23:00:00,0.03815999999999997
2013-09-05 23:00:00,0.03818999999999996
2013-09-06 23:00:00,0.03836499999999997
2013-09-09 23:00:00,0.03852999999999997
2013-09-10 23:00:00,0.038374999999999965
2013-09-11 23:00:00,0.038319999999999965
2013-09-12 23:00:00,0.03784999999999997
2013-09-13 23:00:00,0.03778499999999997
2013-09-16 23:00:00,0.03796999999999996
2013-09-17 23:00:00,0.03797999999999997
2013-09-18 23:00:00,0.03853499999999997
2013-09-19 23:00:00,0.03921999999999996
2013-09-20 23:00:00,0.03895499999999996
2013-09-23 23:00:00,0.038734999999999964
2013-09-24 23:00:00,0.03831499999999996
2013-09-25 23:00:00,0.03846999999999996
2013-09-26 23:00:00,0.038819999999999966
2013-09-27 23:00:00,0.03904499999999997
2013-09-30 23:00:00,0.03897999999999997
2013-10-01 23:00:00,0.03848999999999997
2013-10-02 23:00:00,0.03890999999999997
2013-10-03 23:00:00,0.03843499999999997
2013-10-04 23:00:00,0.038759999999999975
2013-10-07 23:00:00,0.03871499999999997
2013-10-08 23:00:00,0.03867499999999997
2013-10-09 23:00:00,0.03805999999999997
2013-10-10 23:00:00,0.03823499999999998
2013-10-11 23:00:00,0.03843999999999996
2013-10-14 23:00:00,0.03877999999999997
2013-10-15 23:00:00,0.03882499999999997
2013-10-16 23:00:00,0.038829999999999976
2013-10-17 23:00:00,0.03871999999999996
2013-10-18 23:00:00,0.03873999999999997
2013-10-21 23:00:00,0.03878499999999997
2013-10-22 23:00:00,0.03910499999999997
2013-10-23 23:00:00,0.03842499999999997
2013-10-24 23:00:00,0.038384999999999975
2013-10-25 23:00:00,0.03843999999999996
2013-10-28 23:00:00,0.03843999999999996
2013-10-29 23:00:00,0.03852999999999997
2013-10-30 23:00:00,0.03900499999999997
2013-10-31 23:00:00,0.03875499999999997
2013-11-01 23:00:00,0.038734999999999964
2013-11-04 23:00:00,0.03827999999999997
2013-11-05 23:00:00,0.038334999999999966
2013-11-06 23:00:00,0.03811999999999997
2013-11-07 23:00:00,0.03823499999999998
2013-11-08 23:00:00,0.03828999999999996
2013-11-11 23:00:00,0.03834499999999996
2013-11-12 23:00:00,0.03808999999999997
2013-11-13 23:00:00,0.03734499999999996
2013-11-14 23:00:00,0.03735499999999997
2013-11-15 23:00:00,0.037459999999999966
2013-11-18 23:00:00,0.03724499999999997
2013-11-19 23:00:00,0.03729999999999997
2013-11-20 23:00:00,0.03732499999999997
2013-11-21 23:00:00,0.03762999999999997
2013-11-22 23:00:00,0.03782499999999997
2013-11-25 23:00:00,0.037939999999999974
2013-11-26 23:00:00,0.03782999999999996
2013-11-27 23:00:00,0.03754499999999997
2013-11-29 23:00:00,0.037689999999999974
2013-12-02 23:00:00,0.03746499999999997
2013-12-03 23:00:00,0.03731499999999997
2013-12-04 23:00:00,0.03812999999999997
2013-12-05 23:00:00,0.03793499999999997
2013-12-06 23:00:00,0.03812499999999998
2013-12-09 23:00:00,0.03821999999999996
2013-12-10 23:00:00,0.038304999999999964
2013-12-11 23:00:00,0.03858999999999997
2013-12-12 23:00:00,0.03859499999999996
2013-12-13 23:00:00,0.03875999999999996
2013-12-16 23:00:00,0.03893499999999997
2013-12-17 23:00:00,0.03885499999999997
2013-12-18 23:00:00,0.03882999999999996
2013-12-19 23:00:00,0.03859499999999996
2013-12-20 23:00:00,0.03871999999999998
2013-12-23 23:00:00,0.03871499999999997
2013-12-24 23:00:00,0.03937999999999997
2013-12-26 23:00:00,0.039624999999999966
2013-12-27 23:00:00,0.03948999999999997
2013-12-30 23:00:00,0.03946499999999997
2013-12-31 23:00:00,0.03960499999999996
2014-01-02 23:00:00,0.03945499999999996
2014-01-03 23:00:00,0.039189999999999975
2014-01-06 23:00:00,0.039234999999999964
2014-01-07 23:00:00,0.039234999999999964
2014-01-08 23:00:00,0.039064999999999975
2014-01-09 23:00:00,0.03862999999999997
2014-01-10 23:00:00,0.039054999999999965
2014-01-13 23:00:00,0.03910499999999997
2014-01-14 23:00:00,0.038999999999999965
2014-01-15 23:00:00,0.03921999999999996
2014-01-16 23:00:00,0.039064999999999975
2014-01-17 23:00:00,0.03908499999999997
2014-01-21 23:00:00,0.039149999999999976
2014-01-22 23:00:00,0.03900999999999996
2014-01-23 23:00:00,0.038494999999999974
2014-01-24 23:00:00,0.03835499999999996
2014-01-27 23:00:00,0.03822999999999997
2014-01-28 23:00:00,0.03816999999999997
2014-01-29 23:00:00,0.03804499999999997
2014-01-30 23:00:00,0.037904999999999966
2014-01-31 23:00:00,0.03760999999999996
2014-02-03 23:00:00,0.03747499999999997
2014-02-04 23:00:00,0.03755999999999997
2014-02-05 23:00:00,0.037524999999999975
2014-02-06 23:00:00,0.037929999999999964
2014-02-07 23:00:00,0.037999999999999964
2014-02-10 23:00:00,0.037884999999999974
2014-02-11 23:00:00,0.03778999999999996
2014-02-12 23:00:00,0.03819999999999997
2014-02-13 23:00:00,0.038139999999999966
2014-02-14 23:00:00,0.03828499999999997
2014-02-18 23:00:00,0.038459999999999966
2014-02-19 23:00:00,0.03840499999999997
2014-02-20 23:00:00,0.03829999999999997
2014-02-21 23:00:00,0.03828999999999998
2014-02-24 23:00:00,0.03808999999999997
2014-02-25 23:00:00,0.037959999999999966
2014-02-26 23:00:00,0.037844999999999976
2014-02-27 23:00:00,0.03769999999999997
2014-02-28 23:00:00,0.03756499999999997
2014-03-03 23:00:00,0.03740999999999997
2014-03-04 23:00:00,0.037834999999999966
2014-03-05 23:00:00,0.03771499999999997
2014-03-06 23:00:00,0.03786999999999997
2014-03-07 23:00:00,0.036514999999999964
2014-03-10 23:00:00,0.036004999999999954
2014-03-11 23:00:00,0.03520999999999995
2014-03-12 23:00:00,0.03530999999999995
2014-03-13 23:00:00,0.03491999999999995
2014-03-14 23:00:00,0.03519499999999996
2014-03-17 23:00:00,0.03520999999999995
2014-03-18 23:00:00,0.03520499999999996
2014-03-19 23:00:00,0.03555999999999995
2014-03-20 23:00:00,0.03497499999999995
2014-03-21 23:00:00,0.03519499999999996
2014-03-24 23:00:00,0.035144999999999954
2014-03-25 23:00:00,0.03574499999999996
2014-03-26 23:00:00,0.035344999999999946
2014-03-27 23:00:00,0.03561999999999996
2014-03-28 23:00:00,0.03610499999999996
2014-03-31 23:00:00,0.03594499999999995
2014-04-01 23:00:00,0.036034999999999956
2014-04-02 23:00:00,0.036144999999999955
2014-04-03 23:00:00,0.03595999999999995
2014-04-04 23:00:00,0.03591499999999995
2014-04-07 23:00:00,0.03608499999999995
2014-04-08 23:00:00,0.036199999999999954
2014-04-09 23:00:00,0.03605999999999995
2014-04-10 23:00:00,0.03613999999999995
2014-04-11 23:00:00,0.03610499999999996
2014-04-14 23:00:00,0.03616499999999995
2014-04-15 23:00:00,0.03556499999999996
2014-04-16 23:00:00,0.03594499999999995
2014-04-17 23:00:00,0.036129999999999954
2014-04-21 23:00:00,0.036074999999999954
2014-04-22 23:00:00,0.036129999999999954
2014-04-23 23:00:00,0.03618499999999995
2014-04-24 23:00:00,0.036669999999999967
2014-04-25 23:00:00,0.03671999999999996
2014-04-28 23:00:00,0.03671999999999996
2014-04-29 23:00:00,0.036519999999999955
2014-04-30 23:00:00,0.036064999999999944
2014-05-01 23:00:00,0.03600499999999994
2014-05-02 23:00:00,0.03648999999999995
2014-05-05 23:00:00,0.036324999999999955
2014-05-06 23:00:00,0.03635999999999995
2014-05-07 23:00:00,0.03611499999999995
2014-05-08 23:00:00,0.03641499999999995
2014-05-09 23:00:00,0.03661999999999996
2014-05-12 23:00:00,0.03728499999999996
2014-05-13 23:00:00,0.03714499999999997
2014-05-14 23:00:00,0.037389999999999965
2014-05-15 23:00:00,0.03723499999999996
2014-05-16 23:00:00,0.03725999999999996
2014-05-19 23:00:00,0.037459999999999966
2014-05-20 23:00:00,0.03723999999999997
2014-05-21 23:00:00,0.03701999999999997
2014-05-22 23:00:00,0.037209999999999965
2014-05-23 23:00:00,0.03746499999999997
2014-05-27 23:00:00,0.03756499999999997
2014-05-28 23:00:00,0.03752499999999996
2014-05-29 23:00:00,0.03723499999999996
2014-05-30 23:00:00,0.037024999999999975
2014-06-02 23:00:00,0.03749499999999997
2014-06-03 23:00:00,0.03715999999999997
2014-06-04 23:00:00,0.03671999999999996
2014-06-05 23:00:00,0.036694999999999964
2014-06-06 23:00:00,0.03629999999999996
2014-06-09 23:00:00,0.03622499999999995
2014-06-10 23:00:00,0.03631999999999995
2014-06-11 23:00:00,0.03619499999999995
2014-06-12 23:00:00,0.03594499999999995
2014-06-13 23:00:00,0.03608499999999995
2014-06-16 23:00:00,0.03628999999999995
2014-06-17 23:00:00,0.03642999999999996
2014-06-18 23:00:00,0.036459999999999965
2014-06-19 23:00:00,0.03660499999999996
2014-06-20 23:00:00,0.03697999999999997
2014-06-23 23:00:00,0.03726999999999997
2014-06-24 23:00:00,0.03729999999999997
2014-06-25 23:00:00,0.037509999999999974
2014-06-26 23:00:00,0.03756999999999998
2014-06-27 23:00:00,0.037529999999999966
2014-06-30 23:00:00,0.037884999999999974
2014-07-01 23:00:00,0.037889999999999965
2014-07-02 23:00:00,0.038499999999999965
2014-07-03 23:00:00,0.03864499999999997
2014-07-07 23:00:00,0.038459999999999966
2014-07-08 23:00:00,0.03841999999999997
2014-07-09 23:00:00,0.038329999999999975
2014-07-10 23:00:00,0.03851999999999997
2014-07-11 23:00:00,0.03853999999999996
2014-07-14 23:00:00,0.03833999999999997
2014-07-15 23:00:00,0.03834499999999996
2014-07-16 23:00:00,0.03799499999999997
2014-07-17 23:00:00,0.03805499999999998
2014-07-18 23:00:00,0.037694999999999965
2014-07-21 23:00:00,0.03783999999999997
2014-07-22 23:00:00,0.03792999999999998
2014-07-23 23:00:00,0.03791999999999997
2014-07-24 23:00:00,0.038514999999999966
2014-07-25 23:00:00,0.03825499999999997
2014-07-28 23:00:00,0.03828499999999997
2014-07-29 23:00:00,0.03803999999999996
2014-07-30 23:00:00,0.038264999999999966
2014-07-31 23:00:00,0.03815999999999997
2014-08-01 23:00:00,0.03799499999999997
2014-08-04 23:00:00,0.03828999999999996
2014-08-05 23:00:00,0.03789499999999997
2014-08-06 23:00:00,0.037509999999999974
2014-08-07 23:00:00,0.03760999999999998
2014-08-08 23:00:00,0.037584999999999966
2014-08-11 23:00:00,0.037594999999999976
2014-08-12 23:00:00,0.03739499999999997
2014-08-13 23:00:00,0.036969999999999975
2014-08-14 23:00:00,0.03675999999999996
2014-08-15 23:00:00,0.03687999999999997
2014-08-18 23:00:00,0.03693999999999997
2014-08-19 23:00:00,0.03679499999999997
2014-08-20 23:00:00,0.037579999999999975
2014-08-21 23:00:00,0.03755499999999998
2014-08-22 23:00:00,0.037834999999999966
2014-08-25 23:00:00,0.03797499999999997
2014-08-26 23:00:00,0.03772999999999997
2014-08-27 23:00:00,0.03758999999999997
2014-08-28 23:00:00,0.03710999999999996
2014-08-29 23:00:00,0.037209999999999965
2014-09-02 23:00:00,0.037154999999999966
2014-09-03 23:00:00,0.03687499999999996
2014-09-04 23:00:00,0.03711499999999997
2014-09-05 23:00:00,0.03729999999999997
2014-09-08 23:00:00,0.037289999999999976
2014-09-09 23:00:00,0.03662499999999995
2014-09-10 23:00:00,0.036709999999999965
2014-09-11 23:00:00,0.036529999999999965
2014-09-12 23:00:00,0.036669999999999967
2014-09-15 23:00:00,0.03645999999999995
2014-09-16 23:00:00,0.03726499999999998
2014-09-17 23:00:00,0.037039999999999976
2014-09-18 23:00:00,0.03654499999999995
2014-09-19 23:00:00,0.036519999999999955
2014-09-22 23:00:00,0.03598999999999995
2014-09-23 23:00:00,0.035954999999999945
2014-09-24 23:00:00,0.03613999999999995
2014-09-25 23:00:00,0.03590499999999995
2014-09-26 23:00:00,0.03595999999999995
2014-09-29 23:00:00,0.03616999999999995
2014-09-30 23:00:00,0.03567999999999995
2014-10-01 23:00:00,0.035964999999999955
2014-10-02 23:00:00,0.035589999999999955
2014-10-03 23:00:00,0.035589999999999955
2014-10-06 23:00:00,0.03595999999999995
2014-10-07 23:00:00,0.035994999999999944
2014-10-08 23:00:00,0.03563999999999995
2014-10-09 23:00:00,0.03590499999999995
2014-10-10 23:00:00,0.035954999999999945
2014-10-13 23:00:00,0.036009999999999945
2014-10-14 23:00:00,0.036504999999999954
2014-10-15 23:00:00,0.03569499999999995
2014-10-16 23:00:00,0.03541999999999995
2014-10-17 23:00:00,0.03563999999999995
2014-10-20 23:00:00,0.03548499999999995
2014-10-21 23:00:00,0.035884999999999945
2014-10-22 23:00:00,0.03577999999999995
2014-10-23 23:00:00,0.036004999999999954
2014-10-24 23:00:00,0.03601499999999995
2014-10-27 23:00:00,0.036244999999999944
2014-10-28 23:00:00,0.036534999999999956
2014-10-29 23:00:00,0.03664999999999996
2014-10-30 23:00:00,0.03622999999999994
2014-10-31 23:00:00,0.036074999999999954
2014-11-03 23:00:00,0.036254999999999954
2014-11-04 23:00:00,0.03578999999999995
2014-11-05 23:00:00,0.03567999999999995
2014-11-06 23:00:00,0.03577999999999995
2014-11-07 23:00:00,0.03598999999999995
2014-11-10 23:00:00,0.03580499999999995
2014-11-11 23:00:00,0.03593499999999995
2014-11-12 23:00:00,0.03585499999999994
2014-11-13 23:00:00,0.03554999999999994
2014-11-14 23:00:00,0.03606999999999995
2014-11-17 23:00:00,0.03599999999999995
2014-11-18 23:00:00,0.03560499999999994
2014-11-19 23:00:00,0.036009999999999945
2014-11-20 23:00:00,0.03579999999999994
2014-11-21 23:00:00,0.03597499999999995
2014-11-24 23:00:00,0.035744999999999943
2014-11-25 23:00:00,0.03545999999999995
2014-11-26 23:00:00,0.03524999999999995
2014-11-28 23:00:00,0.03414499999999995
2014-12-01 23:00:00,0.034664999999999946
2014-12-02 23:00:00,0.03459999999999995
2014-12-03 23:00:00,0.03440499999999995
2014-12-04 23:00:00,0.03482999999999996
2014-12-05 23:00:00,0.03470999999999995
2014-12-08 23:00:00,0.034539999999999946
2014-12-09 23:00:00,0.03495999999999995
2014-12-10 23:00:00,0.03461499999999995
2014-12-11 23:00:00,0.034894999999999954
2014-12-12 23:00:00,0.035024999999999945
2014-12-15 23:00:00,0.03446999999999996
2014-12-16 23:00:00,0.03426999999999995
2014-12-17 23:00:00,0.03438999999999995
2014-12-18 23:00:00,0.03421999999999996
2014-12-19 23:00:00,0.03452999999999995
2014-12-22 23:00:00,0.034409999999999955
2014-12-23 23:00:00,0.034344999999999945
2014-12-24 23:00:00,0.03421999999999996
2014-12-26 23:00:00,0.03382499999999995
2014-12-29 23:00:00,0.033904999999999956
2014-12-30 23:00:00,0.03422499999999995
2014-12-31 23:00:00,0.033939999999999956
2015-01-02 23:00:00,0.03385999999999995
2015-01-05 23:00:00,0.03334499999999996
2015-01-06 23:00:00,0.033354999999999954
2015-01-07 23:00:00,0.03326999999999995
2015-01-08 23:00:00,0.03337999999999995
2015-01-09 23:00:00,0.033229999999999954
2015-01-12 23:00:00,0.032939999999999955
2015-01-13 23:00:00,0.03212499999999995
2015-01-14 23:00:00,0.030739999999999955
2015-01-15 23:00:00,0.03126499999999996
2015-01-16 23:00:00,0.03185499999999995
2015-01-20 23:00:00,0.03162499999999995
2015-01-21 23:00:00,0.031809999999999956
2015-01-22 23:00:00,0.031469999999999956
2015-01-23 23:00:00,0.030699999999999956
2015-01-26 23:00:00,0.031114999999999955
2015-01-27 23:00:00,0.030309999999999955
2015-01-28 23:00:00,0.03047999999999995
2015-01-29 23:00:00,0.030199999999999956
2015-01-30 23:00:00,0.030629999999999952
2015-02-02 23:00:00,0.030584999999999956
2015-02-03 23:00:00,0.03149999999999995
2015-02-04 23:00:00,0.031594999999999956
2015-02-05 23:00:00,0.031634999999999955
2015-02-06 23:00:00,0.03153999999999996
2015-02-09 23:00:00,0.031489999999999956
2015-02-10 23:00:00,0.031199999999999957
2015-02-11 23:00:00,0.031094999999999953
2015-02-12 23:00:00,0.031704999999999955
2015-02-13 23:00:00,0.03173499999999996
2015-02-17 23:00:00,0.031474999999999954
2015-02-18 23:00:00,0.03176999999999995
2015-02-19 23:00:00,0.03182499999999996
2015-02-20 23:00:00,0.031579999999999955
2015-02-23 23:00:00,0.03153499999999995
2015-02-24 23:00:00,0.032064999999999955
2015-02-25 23:00:00,0.03210499999999996
2015-02-26 23:00:00,0.03261499999999995
2015-02-27 23:00:00,0.032584999999999954
2015-03-02 23:00:00,0.03264499999999995
2015-03-03 23:00:00,0.03223499999999995
2015-03-04 23:00:00,0.03226499999999995
2015-03-05 23:00:00,0.03219499999999995
2015-03-06 23:00:00,0.031759999999999955
2015-03-09 23:00:00,0.03237499999999995
2015-03-10 23:00:00,0.031909999999999945
2015-03-11 23:00:00,0.03172999999999995
2015-03-12 23:00:00,0.03225499999999996
2015-03-13 23:00:00,0.03230499999999996
2015-03-16 23:00:00,0.03234499999999995
2015-03-17 23:00:00,0.03199999999999995
2015-03-18 23:00:00,0.03137499999999996
2015-03-19 23:00:00,0.03226999999999996
2015-03-20 23:00:00,0.033279999999999955
2015-03-23 23:00:00,0.033564999999999956
2015-03-24 23:00:00,0.03369999999999995
2015-03-25 23:00:00,0.03358999999999995
2015-03-26 23:00:00,0.033779999999999956
2015-03-27 23:00:00,0.03334499999999996
2015-03-30 23:00:00,0.03348499999999995
2015-03-31 23:00:00,0.033069999999999954
2015-04-01 23:00:00,0.03315499999999996
2015-04-02 23:00:00,0.03300999999999995
2015-04-06 23:00:00,0.03283999999999995
2015-04-07 23:00:00,0.033299999999999955
2015-04-08 23:00:00,0.03298499999999995
2015-04-09 23:00:00,0.032959999999999955
2015-04-10 23:00:00,0.03300999999999995
2015-04-13 23:00:00,0.03285999999999995
2015-04-14 23:00:00,0.032669999999999956
2015-04-15 23:00:00,0.03279499999999995
2015-04-16 23:00:00,0.033409999999999954
2015-04-17 23:00:00,0.03343499999999996
2015-04-20 23:00:00,0.03303499999999995
2015-04-21 23:00:00,0.03278999999999996
2015-04-22 23:00:00,0.03250499999999996
2015-04-23 23:00:00,0.03275499999999995
2015-04-24 23:00:00,0.033264999999999954
2015-04-27 23:00:00,0.03350499999999996
2015-04-28 23:00:00,0.03359999999999995
2015-04-29 23:00:00,0.03372499999999995
2015-04-30 23:00:00,0.03459999999999995
2015-05-01 23:00:00,0.03502999999999995
2015-05-04 23:00:00,0.03493999999999994
2015-05-05 23:00:00,0.03508499999999995
2015-05-06 23:00:00,0.03499499999999994
2015-05-07 23:00:00,0.034914999999999946
2015-05-08 23:00:00,0.03493999999999994
2015-05-11 23:00:00,0.03476499999999995
2015-05-12 23:00:00,0.03504999999999994
2015-05-13 23:00:00,0.035024999999999945
2015-05-14 23:00:00,0.034969999999999946
2015-05-15 23:00:00,0.03497999999999994
2015-05-18 23:00:00,0.034799999999999956
2015-05-19 23:00:00,0.034109999999999946
2015-05-20 23:00:00,0.034024999999999944
2015-05-21 23:00:00,0.03421999999999996
2015-05-22 23:00:00,0.03384499999999996
2015-05-26 23:00:00,0.033514999999999955
2015-05-27 23:00:00,0.03341999999999996
2015-05-28 23:00:00,0.033409999999999954
2015-05-29 23:00:00,0.033014999999999954
2015-06-01 23:00:00,0.03293499999999996
2015-06-02 23:00:00,0.03309499999999995
2015-06-03 23:00:00,0.03299999999999995
2015-06-04 23:00:00,0.03260499999999995
2015-06-05 23:00:00,0.03265999999999995
2015-06-08 23:00:00,0.03269999999999995
2015-06-09 23:00:00,0.03287499999999995
2015-06-10 23:00:00,0.03320499999999995
2015-06-11 23:00:00,0.032424999999999954
2015-06-12 23:00:00,0.032514999999999954
2015-06-15 23:00:00,0.03220499999999995
2015-06-16 23:00:00,0.03188999999999995
2015-06-17 23:00:00,0.03176999999999996
2015-06-18 23:00:00,0.03179999999999995
2015-06-19 23:00:00,0.031434999999999956
2015-06-22 23:00:00,0.03139499999999996
2015-06-23 23:00:00,0.031834999999999954
2015-06-24 23:00:00,0.031924999999999946
2015-06-25 23:00:00,0.03187999999999996
2015-06-26 23:00:00,0.03203999999999995
2015-06-29 23:00:00,0.03201999999999996
2015-06-30 23:00:00,0.031834999999999954
2015-07-01 23:00:00,0.031989999999999956
2015-07-02 23:00:00,0.03199499999999996
2015-07-06 23:00:00,0.031064999999999957
2015-07-07 23:00:00,0.030149999999999955
2015-07-08 23:00:00,0.030654999999999953
2015-07-09 23:00:00,0.031199999999999957
2015-07-10 23:00:00,0.031059999999999956
2015-07-13 23:00:00,0.031129999999999953
2015-07-14 23:00:00,0.031034999999999955
2015-07-15 23:00:00,0.030899999999999955
2015-07-16 23:00:00,0.030914999999999956
2015-07-17 23:00:00,0.030644999999999954
2015-07-20 23:00:00,0.030499999999999954
2015-07-21 23:00:00,0.030429999999999954
2015-07-22 23:00:00,0.029964999999999957
2015-07-23 23:00:00,0.029539999999999955
2015-07-24 23:00:00,0.029509999999999953
2015-07-27 23:00:00,0.029219999999999954
2015-07-28 23:00:00,0.02970999999999995
2015-07-29 23:00:00,0.029759999999999957
2015-07-30 23:00:00,0.029454999999999953
2015-07-31 23:00:00,0.029319999999999957
2015-08-03 23:00:00,0.029144999999999956
2015-08-04 23:00:00,0.029304999999999956
2015-08-05 23:00:00,0.029169999999999956
2015-08-06 23:00:00,0.029094999999999958
2015-08-07 23:00:00,0.029009999999999956
2015-08-10 23:00:00,0.029684999999999954
2015-08-11 23:00:00,0.028999999999999956
2015-08-12 23:00:00,0.029184999999999954
2015-08-13 23:00:00,0.029214999999999956
2015-08-14 23:00:00,0.029199999999999955
2015-08-17 23:00:00,0.028894999999999955
2015-08-18 23:00:00,0.028539999999999958
2015-08-19 23:00:00,0.028454999999999956
2015-08-20 23:00:00,0.028854999999999954
2015-08-21 23:00:00,0.028664999999999958
2015-08-24 23:00:00,0.02815999999999996
2015-08-25 23:00:00,0.028684999999999957
2015-08-26 23:00:00,0.028029999999999954
2015-08-27 23:00:00,0.028964999999999956
2015-08-28 23:00:00,0.029139999999999958
2015-08-31 23:00:00,0.029054999999999956
2015-09-01 23:00:00,0.02869499999999996
2015-09-02 23:00:00,0.028974999999999956
2015-09-03 23:00:00,0.029524999999999958
2015-09-04 23:00:00,0.028799999999999954
2015-09-08 23:00:00,0.030019999999999956
2015-09-09 23:00:00,0.030044999999999957
2015-09-10 23:00:00,0.030149999999999958
2015-09-11 23:00:00,0.030214999999999957
2015-09-14 23:00:00,0.029734999999999956
2015-09-15 23:00:00,0.02994499999999996
2015-09-16 23:00:00,0.030199999999999956
2015-09-17 23:00:00,0.030199999999999956
2015-09-18 23:00:00,0.02953999999999996
2015-09-21 23:00:00,0.029564999999999956
2015-09-22 23:00:00,0.028654999999999955
2015-09-23 23:00:00,0.028634999999999956
2015-09-24 23:00:00,0.02870499999999996
2015-09-25 23:00:00,0.028514999999999957
2015-09-28 23:00:00,0.028194999999999956
2015-09-29 23:00:00,0.028194999999999956
2015-09-30 23:00:00,0.02908999999999996
2015-10-01 23:00:00,0.028724999999999955
2015-10-02 23:00:00,0.02893499999999996
2015-10-05 23:00:00,0.02923499999999996
2015-10-06 23:00:00,0.029229999999999957
2015-10-07 23:00:00,0.029349999999999956
2015-10-08 23:00:00,0.029109999999999955
2015-10-09 23:00:00,0.029819999999999958
2015-10-12 23:00:00,0.02983499999999996
2015-10-13 23:00:00,0.02955499999999996
2015-10-14 23:00:00,0.02983499999999996
2015-10-15 23:00:00,0.029909999999999957
2015-10-16 23:00:00,0.029714999999999957
2015-10-19 23:00:00,0.029354999999999958
2015-10-20 23:00:00,0.029334999999999962
2015-10-21 23:00:00,0.029284999999999957
2015-10-22 23:00:00,0.029514999999999958
2015-10-23 23:00:00,0.029179999999999956
2015-10-26 23:00:00,0.029249999999999953
2015-10-27 23:00:00,0.029299999999999958
2015-10-28 23:00:00,0.02930499999999996
2015-10-29 23:00:00,0.028889999999999957
2015-10-30 23:00:00,0.028854999999999954
2015-11-02 23:00:00,0.028869999999999955
2015-11-03 23:00:00,0.02898499999999996
2015-11-04 23:00:00,0.02890499999999996
2015-11-05 23:00:00,0.028229999999999957
2015-11-06 23:00:00,0.028099999999999955
2015-11-09 23:00:00,0.027979999999999956
2015-11-10 23:00:00,0.02785499999999996
2015-11-11 23:00:00,0.027859999999999958
2015-11-12 23:00:00,0.027404999999999954
2015-11-13 23:00:00,0.027359999999999957
2015-11-16 23:00:00,0.026834999999999956
2015-11-17 23:00:00,0.02669499999999995
2015-11-18 23:00:00,0.026409999999999954
2015-11-19 23:00:00,0.026409999999999954
2015-11-20 23:00:00,0.026174999999999952
2015-11-23 23:00:00,0.025794999999999953
2015-11-24 23:00:00,0.026269999999999953
2015-11-25 23:00:00,0.026069999999999954
2015-11-27 23:00:00,0.026154999999999956
2015-11-30 23:00:00,0.026064999999999953
2015-12-01 23:00:00,0.026294999999999954
2015-12-02 23:00:00,0.025909999999999957
2015-12-03 23:00:00,0.026189999999999953
2015-12-04 23:00:00,0.026369999999999956
2015-12-07 23:00:00,0.026089999999999954
2015-12-08 23:00:00,0.026119999999999956
2015-12-09 23:00:00,0.02623999999999995
2015-12-10 23:00:00,0.026304999999999957
2015-12-11 23:00:00,0.026744999999999956
2015-12-14 23:00:00,0.02669499999999995
2015-12-15 23:00:00,0.026144999999999956
2015-12-16 23:00:00,0.026294999999999954
2015-12-17 23:00:00,0.02601499999999995
2015-12-18 23:00:00,0.02670499999999995
2015-12-21 23:00:00,0.026979999999999955
2015-12-22 23:00:00,0.026669999999999954
2015-12-23 23:00:00,0.026824999999999953
2015-12-24 23:00:00,0.026819999999999955
2015-12-28 23:00:00,0.026369999999999956
2015-12-29 23:00:00,0.026944999999999955
2015-12-30 23:00:00,0.027044999999999954
2015-12-31 23:00:00,0.026929999999999957
2016-01-04 23:00:00,0.026374999999999954
2016-01-05 23:00:00,0.026534999999999958
2016-01-06 23:00:00,0.026459999999999956
2016-01-07 23:00:00,0.02579999999999995
2016-01-08 23:00:00,0.02579999999999995
2016-01-11 23:00:00,0.025304999999999956
2016-01-12 23:00:00,0.025169999999999953
2016-01-13 23:00:00,0.025139999999999954
2016-01-14 23:00:00,0.025339999999999953
2016-01-15 23:00:00,0.025014999999999954
2016-01-19 23:00:00,0.025354999999999954
2016-01-20 23:00:00,0.025174999999999954
2016-01-21 23:00:00,0.025544999999999957
2016-01-22 23:00:00,0.025604999999999954
2016-01-25 23:00:00,0.025559999999999954
2016-01-26 23:00:00,0.025954999999999954
2016-01-27 23:00:00,0.026219999999999955
2016-01-28 23:00:00,0.02609499999999995
2016-01-29 23:00:00,0.02624999999999995
2016-02-01 23:00:00,0.026134999999999957
2016-02-02 23:00:00,0.026129999999999955
2016-02-03 23:00:00,0.026529999999999956
2016-02-04 23:00:00,0.026894999999999954
2016-02-05 23:00:00,0.026609999999999957
2016-02-08 23:00:00,0.026484999999999953
2016-02-09 23:00:00,0.025974999999999953
2016-02-10 23:00:00,0.025849999999999956
2016-02-11 23:00:00,0.025644999999999953
2016-02-12 23:00:00,0.025869999999999952
2016-02-16 23:00:00,0.026089999999999954
2016-02-17 23:00:00,0.026314999999999953
2016-02-18 23:00:00,0.026289999999999952
2016-02-19 23:00:00,0.026329999999999954
2016-02-22 23:00:00,0.026714999999999954
2016-02-23 23:00:00,0.02661499999999995
2016-02-24 23:00:00,0.02653499999999995
2016-02-25 23:00:00,0.02625499999999995
2016-02-26 23:00:00,0.02677499999999995
2016-02-29 23:00:00,0.02684999999999995
2016-03-01 23:00:00,0.026979999999999952
2016-03-02 23:00:00,0.02733499999999995
2016-03-03 23:00:00,0.02760999999999995
2016-03-04 23:00:00,0.028269999999999948
2016-03-07 23:00:00,0.02835999999999995
2016-03-08 23:00:00,0.02774499999999995
2016-03-09 23:00:00,0.02784999999999995
2016-03-10 23:00:00,0.02772499999999995
2016-03-11 23:00:00,0.027934999999999953
2016-03-14 23:00:00,0.027919999999999952
2016-03-15 23:00:00,0.027859999999999947
2016-03-16 23:00:00,0.02786499999999995
2016-03-17 23:00:00,0.02844999999999995
2016-03-18 23:00:00,0.02834999999999995
2016-03-21 23:00:00,0.02844999999999995
2016-03-22 23:00:00,0.02841999999999995
2016-03-23 23:00:00,0.02787999999999995
2016-03-24 23:00:00,0.02781499999999995
2016-03-28 23:00:00,0.02798499999999995
2016-03-29 23:00:00,0.02766499999999995
2016-03-30 23:00:00,0.02742499999999995
2016-03-31 23:00:00,0.027354999999999952
2016-04-01 23:00:00,0.027154999999999953
2016-04-04 23:00:00,0.026929999999999954
2016-04-05 23:00:00,0.026904999999999953
2016-04-06 23:00:00,0.02695999999999995
2016-04-07 23:00:00,0.026289999999999952
2016-04-08 23:00:00,0.026394999999999946
2016-04-11 23:00:00,0.02642999999999995
2016-04-12 23:00:00,0.02699499999999995
2016-04-13 23:00:00,0.02720499999999995
2016-04-14 23:00:00,0.02723499999999995
2016-04-15 23:00:00,0.02705499999999995
2016-04-18 23:00:00,0.02716499999999995
2016-04-19 23:00:00,0.027749999999999952
2016-04-20 23:00:00,0.027889999999999953
2016-04-21 23:00:00,0.027994999999999947
2016-04-22 23:00:00,0.02811999999999995
2016-04-25 23:00:00,0.027994999999999947
2016-04-26 23:00:00,0.027899999999999953
2016-04-27 23:00:00,0.02767999999999995
2016-04-28 23:00:00,0.027749999999999952
2016-04-29 23:00:00,0.02826999999999995
2016-05-02 23:00:00,0.02809999999999995
2016-05-03 23:00:00,0.027624999999999955
2016-05-04 23:00:00,0.027299999999999953
2016-05-05 23:00:00,0.02697499999999995
2016-05-06 23:00:00,0.02697499999999995
2016-05-09 23:00:00,0.02649999999999995
2016-05-10 23:00:00,0.026359999999999953
2016-05-11 23:00:00,0.02646999999999995
2016-05-12 23:00:00,0.02617999999999995
2016-05-13 23:00:00,0.026174999999999955
2016-05-16 23:00:00,0.02632499999999995
2016-05-17 23:00:00,0.02632499999999995
2016-05-18 23:00:00,0.02621999999999995
2016-05-19 23:00:00,0.02604499999999995
2016-05-20 23:00:00,0.025989999999999954
2016-05-23 23:00:00,0.025984999999999953
2016-05-24 23:00:00,0.02609999999999995
2016-05-25 23:00:00,0.026449999999999953
2016-05-26 23:00:00,0.026459999999999952
2016-05-27 23:00:00,0.02657499999999995
2016-05-31 23:00:00,0.026389999999999955
2016-06-01 23:00:00,0.02616499999999995
2016-06-02 23:00:00,0.02613499999999995
2016-06-03 23:00:00,0.02656499999999995
2016-06-06 23:00:00,0.026609999999999953
2016-06-07 23:00:00,0.02594499999999995
2016-06-08 23:00:00,0.02604999999999995
2016-06-09 23:00:00,0.025824999999999952
2016-06-10 23:00:00,0.02573999999999995
2016-06-13 23:00:00,0.02596999999999995
2016-06-14 23:00:00,0.025839999999999953
2016-06-15 23:00:00,0.026344999999999952
2016-06-16 23:00:00,0.025914999999999952
2016-06-17 23:00:00,0.025949999999999956
2016-06-20 23:00:00,0.02635499999999995
2016-06-21 23:00:00,0.026564999999999957
2016-06-22 23:00:00,0.026744999999999953
2016-06-23 23:00:00,0.027039999999999956
2016-06-24 23:00:00,0.026544999999999954
2016-06-27 23:00:00,0.026639999999999955
2016-06-28 23:00:00,0.027139999999999952
2016-06-29 23:00:00,0.027244999999999953
2016-06-30 23:00:00,0.02733999999999995
2016-07-01 23:00:00,0.027554999999999955
2016-07-05 23:00:00,0.027219999999999953
2016-07-06 23:00:00,0.026919999999999954
2016-07-07 23:00:00,0.026619999999999953
2016-07-08 23:00:00,0.026574999999999956
2016-07-11 23:00:00,0.026859999999999953
2016-07-12 23:00:00,0.027514999999999953
2016-07-13 23:00:00,0.027784999999999956
2016-07-14 23:00:00,0.027814999999999954
2016-07-15 23:00:00,0.02771999999999995
2016-07-18 23:00:00,0.027754999999999953
2016-07-19 23:00:00,0.028014999999999957
2016-07-20 23:00:00,0.027924999999999953
2016-07-21 23:00:00,0.027969999999999953
2016-07-22 23:00:00,0.027739999999999952
2016-07-25 23:00:00,0.027554999999999955
2016-07-26 23:00:00,0.027639999999999956
2016-07-27 23:00:00,0.027234999999999954
2016-07-28 23:00:00,0.027474999999999954
2016-07-29 23:00:00,0.027599999999999954
2016-08-01 23:00:00,0.027379999999999953
2016-08-02 23:00:00,0.027474999999999954
2016-08-03 23:00:00,0.027369999999999953
2016-08-04 23:00:00,0.02712499999999995
2016-08-05 23:00:00,0.026924999999999952
2016-08-08 23:00:00,0.02703499999999995
2016-08-09 23:00:00,0.02688499999999995
2016-08-10 23:00:00,0.027094999999999952
2016-08-11 23:00:00,0.02729499999999995
2016-08-12 23:00:00,0.026784999999999955
2016-08-15 23:00:00,0.02689999999999995
2016-08-16 23:00:00,0.027104999999999956
2016-08-17 23:00:00,0.026904999999999953
2016-08-18 23:00:00,0.027054999999999954
2016-08-19 23:00:00,0.027044999999999954
2016-08-22 23:00:00,0.026789999999999953
2016-08-23 23:00:00,0.02652999999999995
2016-08-24 23:00:00,0.026119999999999952
2016-08-25 23:00:00,0.026099999999999953
2016-08-26 23:00:00,0.02611499999999995
2016-08-29 23:00:00,0.026059999999999955
2016-08-30 23:00:00,0.026034999999999954
2016-08-31 23:00:00,0.026044999999999954
2016-09-01 23:00:00,0.026024999999999954
2016-09-02 23:00:00,0.026049999999999955
2016-09-06 23:00:00,0.02615999999999995
2016-09-07 23:00:00,0.026244999999999952
2016-09-08 23:00:00,0.026269999999999953
2016-09-09 23:00:00,0.026194999999999954
2016-09-12 23:00:00,0.026269999999999953
2016-09-13 23:00:00,0.026284999999999954
2016-09-14 23:00:00,0.026819999999999955
2016-09-15 23:00:00,0.02686499999999995
2016-09-16 23:00:00,0.026869999999999953
2016-09-19 23:00:00,0.026834999999999956
2016-09-20 23:00:00,0.02691999999999995
2016-09-21 23:00:00,0.026819999999999955
2016-09-22 23:00:00,0.027214999999999955
2016-09-23 23:00:00,0.027279999999999954
2016-09-26 23:00:00,0.027254999999999953
2016-09-27 23:00:00,0.026979999999999952
2016-09-28 23:00:00,0.027144999999999954
2016-09-29 23:00:00,0.02716999999999995
2016-09-30 23:00:00,0.027374999999999955
2016-10-03 23:00:00,0.02718999999999995
2016-10-04 23:00:00,0.02693999999999995
2016-10-05 23:00:00,0.02691499999999995
2016-10-06 23:00:00,0.026824999999999953
2016-10-07 23:00:00,0.026904999999999953
2016-10-10 23:00:00,0.027244999999999953
2016-10-11 23:00:00,0.027124999999999955
2016-10-12 23:00:00,0.027034999999999955
2016-10-13 23:00:00,0.02648999999999995
2016-10-14 23:00:00,0.026374999999999954
2016-10-17 23:00:00,0.02633999999999995
2016-10-18 23:00:00,0.026324999999999953
2016-10-19 23:00:00,0.02630499999999995
2016-10-20 23:00:00,0.026229999999999955
2016-10-21 23:00:00,0.02615499999999995
2016-10-24 23:00:00,0.026199999999999952
2016-10-25 23:00:00,0.026654999999999953
2016-10-26 23:00:00,0.026724999999999954
2016-10-27 23:00:00,0.026904999999999953
2016-10-28 23:00:00,0.02720499999999995
2016-10-31 23:00:00,0.027319999999999952
2016-11-01 23:00:00,0.027559999999999953
2016-11-02 23:00:00,0.027574999999999954
2016-11-03 23:00:00,0.027759999999999955
2016-11-04 23:00:00,0.027919999999999952
2016-11-07 23:00:00,0.028364999999999953
2016-11-08 23:00:00,0.02906999999999995
2016-11-09 23:00:00,0.02986499999999995
2016-11-10 23:00:00,0.030779999999999953
2016-11-11 23:00:00,0.030359999999999953
2016-11-14 23:00:00,0.03047999999999995
2016-11-15 23:00:00,0.03031999999999995
2016-11-16 23:00:00,0.029944999999999954
2016-11-17 23:00:00,0.03017499999999995
2016-11-18 23:00:00,0.029934999999999955
2016-11-21 23:00:00,0.03042999999999995
2016-11-22 23:00:00,0.03071499999999995
2016-11-23 23:00:00,0.031329999999999955
2016-11-25 23:00:00,0.03196999999999995
2016-11-28 23:00:00,0.03185999999999995
2016-11-29 23:00:00,0.03125499999999995
2016-11-30 23:00:00,0.03148499999999995
2016-12-01 23:00:00,0.03158499999999995
2016-12-02 23:00:00,0.03140499999999995
2016-12-05 23:00:00,0.03213499999999995
2016-12-06 23:00:00,0.03195499999999995
2016-12-07 23:00:00,0.03159499999999995
2016-12-08 23:00:00,0.03141499999999996
2016-12-09 23:00:00,0.03162999999999995
2016-12-12 23:00:00,0.03134499999999995
2016-12-13 23:00:00,0.031139999999999956
2016-12-14 23:00:00,0.03119999999999995
2016-12-15 23:00:00,0.031159999999999955
2016-12-16 23:00:00,0.03079999999999995
2016-12-19 23:00:00,0.03014999999999995
2016-12-20 23:00:00,0.03017999999999995
2016-12-21 23:00:00,0.03012499999999995
2016-12-22 23:00:00,0.03014999999999995
2016-12-23 23:00:00,0.029944999999999954
2016-12-27 23:00:00,0.030309999999999955
2016-12-28 23:00:00,0.030159999999999954
2016-12-29 23:00:00,0.03003499999999995
2016-12-30 23:00:00,0.030209999999999952
2017-01-03 23:00:00,0.030044999999999954
2017-01-04 23:00:00,0.030719999999999956
2017-01-05 23:00:00,0.030529999999999953
2017-01-06 23:00:00,0.03061499999999995
2017-01-09 23:00:00,0.030539999999999953
2017-01-10 23:00:00,0.031279999999999954
2017-01-11 23:00:00,0.031259999999999954
2017-01-12 23:00:00,0.03186999999999995
2017-01-13 23:00:00,0.03205499999999995
2017-01-17 23:00:00,0.03140499999999995
2017-01-18 23:00:00,0.031319999999999945
2017-01-19 23:00:00,0.031259999999999954
2017-01-20 23:00:00,0.03140499999999995
2017-01-23 23:00:00,0.03162999999999995
2017-01-24 23:00:00,0.032239999999999956
2017-01-25 23:00:00,0.03225499999999995
2017-01-26 23:00:00,0.03188499999999995
2017-01-27 23:00:00,0.03204999999999995
2017-01-30 23:00:00,0.031704999999999955
2017-01-31 23:00:00,0.03242999999999995
2017-02-01 23:00:00,0.03226999999999995
2017-02-02 23:00:00,0.032009999999999955
2017-02-03 23:00:00,0.031314999999999954
2017-02-06 23:00:00,0.03166999999999995
2017-02-07 23:00:00,0.031474999999999954
2017-02-08 23:00:00,0.03181999999999995
2017-02-09 23:00:00,0.031689999999999954
2017-02-10 23:00:00,0.032834999999999955
2017-02-13 23:00:00,0.03298499999999995
2017-02-14 23:00:00,0.03252499999999995
2017-02-15 23:00:00,0.03258999999999995
2017-02-16 23:00:00,0.032329999999999956
2017-02-17 23:00:00,0.03217499999999996
2017-02-21 23:00:00,0.032549999999999954
2017-02-22 23:00:00,0.03243499999999996
2017-02-23 23:00:00,0.031564999999999954
2017-02-24 23:00:00,0.031934999999999956
2017-02-27 23:00:00,0.031954999999999956
2017-02-28 23:00:00,0.032114999999999956
2017-03-01 23:00:00,0.032334999999999954
2017-03-02 23:00:00,0.03187999999999996
2017-03-03 23:00:00,0.031939999999999955
2017-03-06 23:00:00,0.031494999999999954
2017-03-07 23:00:00,0.031159999999999962
2017-03-08 23:00:00,0.03097999999999996
2017-03-09 23:00:00,0.030774999999999955
2017-03-10 23:00:00,0.030924999999999956
2017-03-13 23:00:00,0.031229999999999956
2017-03-14 23:00:00,0.03132499999999996
2017-03-15 23:00:00,0.03153999999999996
2017-03-16 23:00:00,0.03174999999999996
2017-03-17 23:00:00,0.03188999999999995
2017-03-20 23:00:00,0.03164499999999995
2017-03-21 23:00:00,0.031159999999999962
2017-03-22 23:00:00,0.03127999999999996
2017-03-23 23:00:00,0.031419999999999955
2017-03-24 23:00:00,0.03128499999999996
2017-03-27 23:00:00,0.03129499999999996
2017-03-28 23:00:00,0.03173499999999996
2017-03-29 23:00:00,0.03174999999999996
2017-03-30 23:00:00,0.031689999999999954
2017-03-31 23:00:00,0.03149999999999996
2017-04-03 23:00:00,0.031009999999999958
2017-04-04 23:00:00,0.031094999999999956
2017-04-05 23:00:00,0.031774999999999956
2017-04-06 23:00:00,0.03155499999999996
2017-04-07 23:00:00,0.03144499999999995
2017-04-10 23:00:00,0.031014999999999952
2017-04-11 23:00:00,0.031054999999999958
2017-04-12 23:00:00,0.030424999999999956
2017-04-13 23:00:00,0.030679999999999957
2017-04-17 23:00:00,0.030934999999999956
2017-04-18 23:00:00,0.03023999999999996
2017-04-19 23:00:00,0.030324999999999956
2017-04-20 23:00:00,0.030404999999999956
2017-04-21 23:00:00,0.03034499999999996
2017-04-24 23:00:00,0.030484999999999957
2017-04-25 23:00:00,0.03074499999999996
2017-04-26 23:00:00,0.03083999999999996
2017-04-27 23:00:00,0.03076499999999996
2017-04-28 23:00:00,0.03090999999999996
2017-05-01 23:00:00,0.03143999999999996
2017-05-02 23:00:00,0.031189999999999957
2017-05-03 23:00:00,0.030269999999999957
2017-05-04 23:00:00,0.02994999999999996
2017-05-05 23:00:00,0.03011999999999996
2017-05-08 23:00:00,0.02976999999999996
2017-05-09 23:00:00,0.02981499999999996
2017-05-10 23:00:00,0.029779999999999956
2017-05-11 23:00:00,0.02991499999999996
2017-05-12 23:00:00,0.03007499999999996
2017-05-15 23:00:00,0.03022499999999996
2017-05-16 23:00:00,0.030339999999999957
2017-05-17 23:00:00,0.03029999999999996
2017-05-18 23:00:00,0.03014999999999996
2017-05-19 23:00:00,0.030649999999999955
2017-05-22 23:00:00,0.030789999999999963
2017-05-23 23:00:00,0.030794999999999958
2017-05-24 23:00:00,0.03066999999999996
2017-05-25 23:00:00,0.03080999999999996
2017-05-26 23:00:00,0.03049499999999996
2017-05-30 23:00:00,0.030474999999999954
2017-05-31 23:00:00,0.030634999999999957
2017-06-01 23:00:00,0.030709999999999956
2017-06-02 23:00:00,0.030579999999999958
2017-06-05 23:00:00,0.030409999999999958
2017-06-06 23:00:00,0.03030499999999996
2017-06-07 23:00:00,0.03034999999999996
2017-06-08 23:00:00,0.03092999999999996
2017-06-09 23:00:00,0.031329999999999955
2017-06-12 23:00:00,0.030989999999999962
2017-06-13 23:00:00,0.030799999999999956
2017-06-14 23:00:00,0.03056999999999996
2017-06-15 23:00:00,0.030489999999999958
2017-06-16 23:00:00,0.030474999999999954
2017-06-19 23:00:00,0.03074499999999996
2017-06-20 23:00:00,0.030404999999999956
2017-06-21 23:00:00,0.03083499999999996
2017-06-22 23:00:00,0.030784999999999955
2017-06-23 23:00:00,0.031029999999999957
2017-06-26 23:00:00,0.03106999999999996
2017-06-27 23:00:00,0.03129999999999995
2017-06-28 23:00:00,0.03144499999999996
2017-06-29 23:00:00,0.03163999999999996
2017-06-30 23:00:00,0.03179499999999996
2017-07-03 23:00:00,0.03161499999999996
2017-07-05 23:00:00,0.03128499999999996
2017-07-06 23:00:00,0.03129999999999995
2017-07-07 23:00:00,0.031154999999999954
2017-07-10 23:00:00,0.031159999999999955
2017-07-11 23:00:00,0.03140499999999996
2017-07-12 23:00:00,0.031524999999999956
2017-07-13 23:00:00,0.03129999999999995
2017-07-14 23:00:00,0.031594999999999956
2017-07-17 23:00:00,0.03192499999999995
2017-07-18 23:00:00,0.031989999999999956
2017-07-19 23:00:00,0.03178999999999996
2017-07-20 23:00:00,0.031844999999999964
2017-07-21 23:00:00,0.03190999999999996
2017-07-24 23:00:00,0.03204999999999996
2017-07-25 23:00:00,0.03314999999999996
2017-07-26 23:00:00,0.033404999999999956
2017-07-27 23:00:00,0.033459999999999955
2017-07-28 23:00:00,0.03343499999999996
2017-07-31 23:00:00,0.03359999999999995
2017-08-01 23:00:00,0.03349499999999996
2017-08-02 23:00:00,0.033529999999999956
2017-08-03 23:00:00,0.03346499999999996
2017-08-04 23:00:00,0.03353499999999996
2017-08-07 23:00:00,0.03375499999999996
2017-08-08 23:00:00,0.03410999999999996
2017-08-09 23:00:00,0.03395499999999996
2017-08-10 23:00:00,0.03371499999999995
2017-08-11 23:00:00,0.03380499999999996
2017-08-14 23:00:00,0.033729999999999954
2017-08-15 23:00:00,0.033514999999999955
2017-08-16 23:00:00,0.03421999999999996
2017-08-17 23:00:00,0.034064999999999956
2017-08-18 23:00:00,0.03406999999999996
2017-08-21 23:00:00,0.034469999999999945
2017-08-22 23:00:00,0.03452999999999995
2017-08-23 23:00:00,0.034484999999999946
2017-08-24 23:00:00,0.035019999999999954
2017-08-25 23:00:00,0.035019999999999954
2017-08-28 23:00:00,0.035314999999999944
2017-08-29 23:00:00,0.03549999999999995
2017-08-30 23:00:00,0.03532499999999994
2017-08-31 23:00:00,0.03543999999999996
2017-09-01 23:00:00,0.035634999999999944
2017-09-05 23:00:00,0.03573499999999995
2017-09-06 23:00:00,0.035969999999999946
2017-09-07 23:00:00,0.03588999999999995
2017-09-08 23:00:00,0.03486999999999994
2017-09-11 23:00:00,0.03511499999999995
2017-09-12 23:00:00,0.03481499999999996
2017-09-13 23:00:00,0.03426499999999995
2017-09-14 23:00:00,0.03402999999999995
2017-09-15 23:00:00,0.033944999999999954
2017-09-18 23:00:00,0.03414499999999995
2017-09-19 23:00:00,0.03414999999999996
2017-09-20 23:00:00,0.03414499999999995
2017-09-21 23:00:00,0.033799999999999955
2017-09-22 23:00:00,0.03389999999999996
2017-09-25 23:00:00,0.03382999999999996
2017-09-26 23:00:00,0.03364499999999995
2017-09-27 23:00:00,0.03374999999999996
2017-09-28 23:00:00,0.03426499999999995
2017-09-29 23:00:00,0.03400499999999995
2017-10-02 23:00:00,0.03400999999999996
2017-10-03 23:00:00,0.034089999999999954
2017-10-04 23:00:00,0.03404499999999995
2017-10-05 23:00:00,0.03491999999999995
2017-10-06 23:00:00,0.034744999999999956
2017-10-09 23:00:00,0.03476499999999996
2017-10-10 23:00:00,0.03505999999999995
2017-10-11 23:00:00,0.035409999999999955
2017-10-12 23:00:00,0.03565499999999995
2017-10-13 23:00:00,0.03578999999999995
2017-10-16 23:00:00,0.03684499999999995
2017-10-17 23:00:00,0.03640999999999994
2017-10-18 23:00:00,0.03623499999999995
2017-10-19 23:00:00,0.036129999999999954
2017-10-20 23:00:00,0.03610999999999995
2017-10-23 23:00:00,0.03633499999999995
2017-10-24 23:00:00,0.036434999999999954
2017-10-25 23:00:00,0.036284999999999956
2017-10-26 23:00:00,0.03622999999999996
2017-10-27 23:00:00,0.03548999999999995
2017-10-30 23:00:00,0.035574999999999954
2017-10-31 23:00:00,0.035464999999999955
2017-11-01 23:00:00,0.035879999999999954
2017-11-02 23:00:00,0.03588999999999995
2017-11-03 23:00:00,0.03562999999999995
2017-11-06 23:00:00,0.03602999999999995
2017-11-07 23:00:00,0.035344999999999946
2017-11-08 23:00:00,0.03544999999999994
2017-11-09 23:00:00,0.035314999999999944
2017-11-10 23:00:00,0.035214999999999955
2017-11-13 23:00:00,0.03561999999999994
2017-11-14 23:00:00,0.035104999999999956
2017-11-15 23:00:00,0.03499999999999995
2017-11-16 23:00:00,0.03493499999999995
2017-11-17 23:00:00,0.03512999999999995
2017-11-20 23:00:00,0.03537499999999995
2017-11-21 23:00:00,0.03572499999999995
2017-11-22 23:00:00,0.03580999999999995
2017-11-24 23:00:00,0.036134999999999945
2017-11-27 23:00:00,0.03579499999999995
2017-11-28 23:00:00,0.03520499999999996
2017-11-29 23:00:00,0.03490499999999995
2017-11-30 23:00:00,0.03485999999999995
2017-12-01 23:00:00,0.035144999999999954
2017-12-04 23:00:00,0.03511999999999996
2017-12-05 23:00:00,0.03367999999999996
2017-12-06 23:00:00,0.03383499999999996
2017-12-07 23:00:00,0.03386499999999996
2017-12-08 23:00:00,0.034004999999999966
2017-12-11 23:00:00,0.03433499999999995
2017-12-12 23:00:00,0.03444999999999995
2017-12-13 23:00:00,0.03475499999999995
2017-12-14 23:00:00,0.03494499999999995
2017-12-15 23:00:00,0.035564999999999944
2017-12-18 23:00:00,0.03567999999999995
2017-12-19 23:00:00,0.03573499999999995
2017-12-20 23:00:00,0.03617999999999995
2017-12-21 23:00:00,0.03641499999999995
2017-12-22 23:00:00,0.03660499999999996
2017-12-26 23:00:00,0.03702499999999995
2017-12-27 23:00:00,0.037059999999999954
2017-12-28 23:00:00,0.03730499999999995
2017-12-29 23:00:00,0.03722499999999995
2018-01-02 23:00:00,0.03699999999999995
2018-01-03 23:00:00,0.03679499999999995
2018-01-04 23:00:00,0.03684999999999995
2018-01-05 23:00:00,0.03651499999999995
2018-01-08 23:00:00,0.03645999999999995
2018-01-09 23:00:00,0.036379999999999954
2018-01-10 23:00:00,0.036574999999999955
2018-01-11 23:00:00,0.03654999999999996
2018-01-12 23:00:00,0.03640499999999995
2018-01-16 23:00:00,0.03641499999999995
2018-01-17 23:00:00,0.03610999999999995
2018-01-18 23:00:00,0.03620999999999995
2018-01-19 23:00:00,0.03609499999999995
2018-01-22 23:00:00,0.036204999999999946
2018-01-23 23:00:00,0.035329999999999945
2018-01-24 23:00:00,0.036504999999999954
2018-01-25 23:00:00,0.036384999999999945
2018-01-26 23:00:00,0.03620999999999995
2018-01-29 23:00:00,0.036159999999999956
2018-01-30 23:00:00,0.03610999999999995
2018-01-31 23:00:00,0.03617499999999994
2018-02-01 23:00:00,0.03630999999999994
2018-02-02 23:00:00,0.03609499999999995
2018-02-05 23:00:00,0.03642999999999995
2018-02-06 23:00:00,0.03610999999999995
2018-02-07 23:00:00,0.035094999999999946
2018-02-08 23:00:00,0.035039999999999946
2018-02-09 23:00:00,0.03455499999999995
2018-02-12 23:00:00,0.03508499999999995
2018-02-13 23:00:00,0.035844999999999946
2018-02-14 23:00:00,0.036579999999999946
2018-02-15 23:00:00,0.036684999999999954
2018-02-16 23:00:00,0.03672499999999995
2018-02-20 23:00:00,0.03617499999999996
2018-02-21 23:00:00,0.036409999999999956
2018-02-22 23:00:00,0.03665499999999995
2018-02-23 23:00:00,0.03636999999999996
2018-02-26 23:00:00,0.036284999999999956
2018-02-27 23:00:00,0.03590499999999995
2018-02-28 23:00:00,0.03536499999999995
2018-03-01 23:00:00,0.035269999999999954
2018-03-02 23:00:00,0.035284999999999955
2018-03-05 23:00:00,0.03531999999999995
2018-03-06 23:00:00,0.03562999999999995
2018-03-07 23:00:00,0.035399999999999945
2018-03-08 23:00:00,0.03482999999999996
2018-03-09 23:00:00,0.035399999999999945
2018-03-12 23:00:00,0.03527999999999995
2018-03-13 23:00:00,0.03541999999999995
2018-03-14 23:00:00,0.03562499999999995
2018-03-15 23:00:00,0.035314999999999944
2018-03-16 23:00:00,0.03511499999999995
2018-03-19 23:00:00,0.03485999999999995
2018-03-20 23:00:00,0.03441999999999995
2018-03-21 23:00:00,0.03462499999999996
2018-03-22 23:00:00,0.03423999999999995
2018-03-23 23:00:00,0.03396999999999996
2018-03-26 23:00:00,0.033739999999999964
2018-03-27 23:00:00,0.034044999999999964
2018-03-28 23:00:00,0.03405999999999995
2018-03-29 23:00:00,0.03429499999999995
2018-04-02 23:00:00,0.03453999999999996
2018-04-03 23:00:00,0.034674999999999956
2018-04-04 23:00:00,0.03414499999999995
2018-04-05 23:00:00,0.034784999999999955
2018-04-06 23:00:00,0.03462499999999996
2018-04-09 23:00:00,0.03480999999999995
2018-04-10 23:00:00,0.035409999999999955
2018-04-11 23:00:00,0.03520999999999995
2018-04-12 23:00:00,0.034674999999999956
2018-04-13 23:00:00,0.03474999999999996
2018-04-16 23:00:00,0.03499499999999996
2018-04-17 23:00:00,0.034854999999999955
2018-04-18 23:00:00,0.03563999999999995
2018-04-19 23:00:00,0.03536499999999995
2018-04-20 23:00:00,0.03537999999999995
2018-04-23 23:00:00,0.03513999999999996
2018-04-24 23:00:00,0.035464999999999955
2018-04-25 23:00:00,0.03539999999999996
2018-04-26 23:00:00,0.03520499999999996
2018-04-27 23:00:00,0.034519999999999953
2018-04-30 23:00:00,0.03456499999999996
2018-05-01 23:00:00,0.03419999999999997
2018-05-02 23:00:00,0.03450999999999996
2018-05-03 23:00:00,0.03462999999999995
2018-05-04 23:00:00,0.03467999999999996
2018-05-07 23:00:00,0.03461499999999995
2018-05-08 23:00:00,0.03441499999999996
2018-05-09 23:00:00,0.03439999999999996
2018-05-10 23:00:00,0.034924999999999956
2018-05-11 23:00:00,0.03493999999999996
2018-05-14 23:00:00,0.03475499999999995
2018-05-15 23:00:00,0.03438499999999996
2018-05-16 23:00:00,0.03452999999999995
2018-05-17 23:00:00,0.034714999999999954
2018-05-18 23:00:00,0.03445999999999996
2018-05-21 23:00:00,0.034809999999999966
2018-05-22 23:00:00,0.035144999999999954
2018-05-23 23:00:00,0.03452999999999995
2018-05-24 23:00:00,0.034784999999999955
2018-05-25 23:00:00,0.03459999999999995
2018-05-29 23:00:00,0.03444999999999995
2018-05-30 23:00:00,0.03451499999999995
2018-05-31 23:00:00,0.03447499999999995
2018-06-01 23:00:00,0.034809999999999966
2018-06-04 23:00:00,0.03516999999999995
2018-06-05 23:00:00,0.03580999999999995
2018-06-06 23:00:00,0.036444999999999964
2018-06-07 23:00:00,0.036574999999999955
2018-06-08 23:00:00,0.036824999999999955
2018-06-11 23:00:00,0.036394999999999955
2018-06-12 23:00:00,0.03631999999999995
2018-06-13 23:00:00,0.03636499999999995
2018-06-14 23:00:00,0.03604499999999995
2018-06-15 23:00:00,0.035269999999999954
2018-06-18 23:00:00,0.034899999999999945
2018-06-19 23:00:00,0.03430999999999995
2018-06-20 23:00:00,0.03422999999999994
2018-06-21 23:00:00,0.03404499999999995
2018-06-22 23:00:00,0.03409999999999995
2018-06-25 23:00:00,0.03370499999999996
2018-06-26 23:00:00,0.03376499999999996
2018-06-27 23:00:00,0.03368499999999996
2018-06-28 23:00:00,0.03332499999999995
2018-06-29 23:00:00,0.03326999999999995
2018-07-02 23:00:00,0.033049999999999954
2018-07-03 23:00:00,0.03277999999999995
2018-07-05 23:00:00,0.031869999999999954
2018-07-06 23:00:00,0.031849999999999955
2018-07-09 23:00:00,0.03210999999999995
2018-07-10 23:00:00,0.03200499999999996
2018-07-11 23:00:00,0.031044999999999958
2018-07-12 23:00:00,0.03137999999999996
2018-07-13 23:00:00,0.031364999999999955
2018-07-16 23:00:00,0.03125499999999995
2018-07-17 23:00:00,0.03107999999999995
2018-07-18 23:00:00,0.031209999999999957
2018-07-19 23:00:00,0.030564999999999953
2018-07-20 23:00:00,0.031169999999999955
2018-07-23 23:00:00,0.03107499999999995
2018-07-24 23:00:00,0.03171499999999995
2018-07-25 23:00:00,0.03178499999999995
2018-07-26 23:00:00,0.03178999999999996
2018-07-27 23:00:00,0.03162999999999995
2018-07-30 23:00:00,0.031529999999999954
2018-07-31 23:00:00,0.031924999999999946
2018-08-01 23:00:00,0.031084999999999953
2018-08-02 23:00:00,0.030984999999999957
2018-08-03 23:00:00,0.031244999999999953
2018-08-06 23:00:00,0.030924999999999956
2018-08-07 23:00:00,0.031129999999999953
2018-08-08 23:00:00,0.031119999999999957
2018-08-09 23:00:00,0.03126499999999996
2018-08-10 23:00:00,0.031034999999999955
2018-08-13 23:00:00,0.030919999999999958
2018-08-14 23:00:00,0.030429999999999954
2018-08-15 23:00:00,0.029209999999999955
2018-08-16 23:00:00,0.02977499999999995
2018-08-17 23:00:00,0.029899999999999954
2018-08-20 23:00:00,0.03028499999999996
2018-08-21 23:00:00,0.030539999999999956
2018-08-22 23:00:00,0.03035999999999996
2018-08-23 23:00:00,0.03019999999999996
2018-08-24 23:00:00,0.03065499999999996
2018-08-27 23:00:00,0.030744999999999953
2018-08-28 23:00:00,0.031009999999999958
2018-08-29 23:00:00,0.030789999999999956
2018-08-30 23:00:00,0.03059999999999996
2018-08-31 23:00:00,0.03013499999999996
2018-09-04 23:00:00,0.029444999999999954
2018-09-05 23:00:00,0.029524999999999954
2018-09-06 23:00:00,0.029789999999999955
2018-09-07 23:00:00,0.029649999999999958
2018-09-10 23:00:00,0.029704999999999957
2018-09-11 23:00:00,0.029639999999999955
2018-09-12 23:00:00,0.03018499999999996
2018-09-13 23:00:00,0.03025499999999996
2018-09-14 23:00:00,0.02988499999999996
2018-09-17 23:00:00,0.029934999999999958
2018-09-18 23:00:00,0.03072999999999996
2018-09-19 23:00:00,0.030719999999999956
2018-09-20 23:00:00,0.03082499999999996
2018-09-21 23:00:00,0.03199999999999995
2018-09-24 23:00:00,0.03178499999999996
2018-09-25 23:00:00,0.03165999999999996
2018-09-26 23:00:00,0.031704999999999955
2018-09-27 23:00:00,0.03125499999999996
2018-09-28 23:00:00,0.03147499999999996
2018-10-01 23:00:00,0.03129999999999995
2018-10-02 23:00:00,0.031489999999999956
2018-10-03 23:00:00,0.03176499999999995
2018-10-04 23:00:00,0.031199999999999953
2018-10-05 23:00:00,0.03105499999999996
2018-10-08 23:00:00,0.031094999999999956
2018-10-09 23:00:00,0.031489999999999956
2018-10-10 23:00:00,0.031229999999999956
2018-10-11 23:00:00,0.031454999999999955
2018-10-12 23:00:00,0.03142999999999996
2018-10-15 23:00:00,0.03130999999999996
2018-10-16 23:00:00,0.031219999999999956
2018-10-17 23:00:00,0.031204999999999955
2018-10-18 23:00:00,0.030889999999999952
2018-10-19 23:00:00,0.031204999999999955
2018-10-22 23:00:00,0.03127999999999996
2018-10-23 23:00:00,0.031004999999999956
2018-10-24 23:00:00,0.030999999999999955
2018-10-25 23:00:00,0.030969999999999952
2018-10-26 23:00:00,0.030834999999999956
2018-10-29 23:00:00,0.03082999999999996
2018-10-30 23:00:00,0.030064999999999953
2018-10-31 23:00:00,0.030014999999999955
2018-11-01 23:00:00,0.030639999999999955
2018-11-02 23:00:00,0.031494999999999954
2018-11-05 23:00:00,0.030984999999999957
2018-11-06 23:00:00,0.030749999999999954
2018-11-07 23:00:00,0.030969999999999952
2018-11-08 23:00:00,0.030784999999999958
2018-11-09 23:00:00,0.030269999999999957
2018-11-12 23:00:00,0.030189999999999956
2018-11-13 23:00:00,0.030294999999999954
2018-11-14 23:00:00,0.030524999999999955
2018-11-15 23:00:00,0.030889999999999952
2018-11-16 23:00:00,0.03140999999999996
2018-11-19 23:00:00,0.03137499999999996
2018-11-20 23:00:00,0.03107499999999996
2018-11-21 23:00:00,0.03138999999999996
2018-11-23 23:00:00,0.031164999999999964
2018-11-26 23:00:00,0.03103999999999996
2018-11-27 23:00:00,0.030569999999999965
2018-11-28 23:00:00,0.03144499999999996
2018-11-29 23:00:00,0.03120499999999996
2018-11-30 23:00:00,0.03118499999999996
2018-12-03 23:00:00,0.03140499999999996
2018-12-04 23:00:00,0.03089999999999996
2018-12-05 23:00:00,0.03104999999999996
2018-12-06 23:00:00,0.030739999999999962
2018-12-07 23:00:00,0.03090499999999996
2018-12-10 23:00:00,0.03050999999999996
2018-12-11 23:00:00,0.03097999999999996
2018-12-12 23:00:00,0.03100999999999996
2018-12-13 23:00:00,0.03097999999999996
2018-12-14 23:00:00,0.030934999999999963
2018-12-17 23:00:00,0.030854999999999955
2018-12-18 23:00:00,0.029954999999999957
2018-12-19 23:00:00,0.030469999999999962
2018-12-20 23:00:00,0.030274999999999958
2018-12-21 23:00:00,0.03004999999999996
2018-12-24 23:00:00,0.029919999999999964
2018-12-26 23:00:00,0.030309999999999962
2018-12-27 23:00:00,0.02998999999999996
2018-12-28 23:00:00,0.030124999999999957
2018-12-31 23:00:00,0.029619999999999962
2019-01-02 23:00:00,0.029539999999999962
2019-01-03 23:00:00,0.02898999999999996
2019-01-04 23:00:00,0.029784999999999957
2019-01-07 23:00:00,0.02967999999999996
2019-01-08 23:00:00,0.02986999999999996
2019-01-09 23:00:00,0.02987999999999996
2019-01-10 23:00:00,0.02968499999999996
2019-01-11 23:00:00,0.02992999999999996
2019-01-14 23:00:00,0.02965999999999996
2019-01-15 23:00:00,0.02965499999999996
2019-01-16 23:00:00,0.03004499999999996
2019-01-17 23:00:00,0.03010999999999996
2019-01-18 23:00:00,0.030499999999999958
2019-01-22 23:00:00,0.02990499999999996
2019-01-23 23:00:00,0.02985499999999996
2019-01-24 23:00:00,0.02975499999999996
2019-01-25 23:00:00,0.030599999999999957
2019-01-28 23:00:00,0.03010999999999996
2019-01-29 23:00:00,0.03055999999999996
2019-01-30 23:00:00,0.03098499999999996
2019-01-31 23:00:00,0.03115499999999996
2019-02-01 23:00:00,0.03103999999999996
2019-02-04 23:00:00,0.031254999999999956
2019-02-05 23:00:00,0.03147999999999995
2019-02-06 23:00:00,0.03167499999999996
2019-02-07 23:00:00,0.03159499999999996
2019-02-08 23:00:00,0.03141499999999996
2019-02-11 23:00:00,0.03120999999999996
2019-02-12 23:00:00,0.031029999999999957
2019-02-13 23:00:00,0.03103999999999996
2019-02-14 23:00:00,0.03104999999999996
2019-02-15 23:00:00,0.031274999999999956
2019-02-19 23:00:00,0.03201999999999996
2019-02-20 23:00:00,0.03244499999999996
2019-02-21 23:00:00,0.03222499999999996
2019-02-22 23:00:00,0.03271999999999996
2019-02-25 23:00:00,0.032729999999999954
2019-02-26 23:00:00,0.03274499999999996
2019-02-27 23:00:00,0.03286499999999996
2019-02-28 23:00:00,0.03271999999999996
2019-03-01 23:00:00,0.03255999999999996
2019-03-04 23:00:00,0.032329999999999956
2019-03-05 23:00:00,0.032574999999999965
2019-03-06 23:00:00,0.03242499999999996
2019-03-07 23:00:00,0.032344999999999964
2019-03-08 23:00:00,0.03217499999999996
2019-03-11 23:00:00,0.032249999999999966
2019-03-12 23:00:00,0.032524999999999964
2019-03-13 23:00:00,0.03259499999999996
2019-03-14 23:00:00,0.032154999999999954
2019-03-15 23:00:00,0.03229999999999996
2019-03-18 23:00:00,0.032329999999999956
2019-03-19 23:00:00,0.032469999999999964
2019-03-20 23:00:00,0.03244999999999996
2019-03-21 23:00:00,0.03229999999999996
2019-03-22 23:00:00,0.03166499999999996
2019-03-25 23:00:00,0.03180499999999996
2019-03-26 23:00:00,0.031779999999999954
2019-03-27 23:00:00,0.03186999999999996
2019-03-28 23:00:00,0.03196499999999996
2019-03-29 23:00:00,0.03259999999999996
2019-04-01 23:00:00,0.03248499999999996
2019-04-02 23:00:00,0.032294999999999956
2019-04-03 23:00:00,0.03272499999999996
2019-04-04 23:00:00,0.03233999999999996
2019-04-05 23:00:00,0.03218499999999996
2019-04-08 23:00:00,0.03255999999999996
2019-04-09 23:00:00,0.032579999999999956
2019-04-10 23:00:00,0.03249499999999996
2019-04-11 23:00:00,0.03210999999999996
2019-04-12 23:00:00,0.032699999999999965
2019-04-15 23:00:00,0.03258999999999996
2019-04-16 23:00:00,0.03254499999999996
2019-04-17 23:00:00,0.03288999999999997
2019-04-18 23:00:00,0.03241999999999997
2019-04-22 23:00:00,0.03223499999999997
2019-04-23 23:00:00,0.03215499999999997
2019-04-24 23:00:00,0.032314999999999976
2019-04-25 23:00:00,0.03182999999999997
2019-04-26 23:00:00,0.032094999999999964
2019-04-29 23:00:00,0.032124999999999966
2019-04-30 23:00:00,0.03219499999999997
2019-05-01 23:00:00,0.031169999999999965
2019-05-02 23:00:00,0.030949999999999967
2019-05-03 23:00:00,0.03134499999999997
2019-05-06 23:00:00,0.031449999999999964
2019-05-07 23:00:00,0.03100999999999997
2019-05-08 23:00:00,0.030899999999999966
2019-05-09 23:00:00,0.030869999999999963
2019-05-10 23:00:00,0.030899999999999966
2019-05-13 23:00:00,0.030344999999999966
2019-05-14 23:00:00,0.030404999999999967
2019-05-15 23:00:00,0.03058499999999997
2019-05-16 23:00:00,0.03063499999999997
2019-05-17 23:00:00,0.03053999999999997
2019-05-20 23:00:00,0.030414999999999973
2019-05-21 23:00:00,0.030304999999999967
2019-05-22 23:00:00,0.029934999999999972
2019-05-23 23:00:00,0.02995999999999997
2019-05-24 23:00:00,0.03014999999999997
2019-05-28 23:00:00,0.030114999999999968
2019-05-29 23:00:00,0.029794999999999964
2019-05-30 23:00:00,0.029694999999999968
2019-05-31 23:00:00,0.02955499999999997
2019-06-03 23:00:00,0.029654999999999966
2019-06-04 23:00:00,0.02984499999999997
2019-06-05 23:00:00,0.02938499999999997
2019-06-06 23:00:00,0.029659999999999968
2019-06-07 23:00:00,0.029429999999999967
2019-06-10 23:00:00,0.029769999999999967
2019-06-11 23:00:00,0.029869999999999966
2019-06-12 23:00:00,0.029694999999999968
2019-06-13 23:00:00,0.029719999999999965
2019-06-14 23:00:00,0.029449999999999966
2019-06-17 23:00:00,0.029619999999999962
2019-06-18 23:00:00,0.030179999999999967
2019-06-19 23:00:00,0.02995999999999997
2019-06-20 23:00:00,0.030274999999999965
2019-06-21 23:00:00,0.030194999999999965
2019-06-24 23:00:00,0.030204999999999968
2019-06-25 23:00:00,0.030504999999999966
2019-06-26 23:00:00,0.03030999999999997
2019-06-27 23:00:00,0.030319999999999965
2019-06-28 23:00:00,0.03028999999999997
2019-07-01 23:00:00,0.030034999999999968
2019-07-02 23:00:00,0.029794999999999964
2019-07-03 23:00:00,0.02998499999999997
2019-07-05 23:00:00,0.029764999999999972
2019-07-08 23:00:00,0.029744999999999966
2019-07-09 23:00:00,0.029404999999999966
2019-07-10 23:00:00,0.030094999999999966
2019-07-11 23:00:00,0.030029999999999966
2019-07-12 23:00:00,0.030094999999999966
2019-07-15 23:00:00,0.03026499999999997
2019-07-16 23:00:00,0.03015499999999997
2019-07-17 23:00:00,0.03031499999999997
2019-07-18 23:00:00,0.030254999999999966
2019-07-19 23:00:00,0.030679999999999968
2019-07-22 23:00:00,0.030374999999999968
2019-07-23 23:00:00,0.03015499999999997
2019-07-24 23:00:00,0.030274999999999965
2019-07-25 23:00:00,0.03018999999999997
2019-07-26 23:00:00,0.03000499999999997
2019-07-29 23:00:00,0.03032999999999997
2019-07-30 23:00:00,0.02993999999999997
2019-07-31 23:00:00,0.02981499999999997
2019-08-01 23:00:00,0.02980999999999997
2019-08-02 23:00:00,0.028869999999999965
2019-08-05 23:00:00,0.028594999999999968
2019-08-06 23:00:00,0.028729999999999967
2019-08-07 23:00:00,0.02886499999999997
2019-08-08 23:00:00,0.029229999999999968
2019-08-09 23:00:00,0.029044999999999967
2019-08-12 23:00:00,0.02900499999999997
2019-08-13 23:00:00,0.029454999999999967
2019-08-14 23:00:00,0.02907499999999997
2019-08-15 23:00:00,0.029104999999999968
2019-08-16 23:00:00,0.029104999999999968
2019-08-19 23:00:00,0.029164999999999972
2019-08-20 23:00:00,0.028924999999999968
2019-08-21 23:00:00,0.029004999999999972
2019-08-22 23:00:00,0.02873999999999997
2019-08-23 23:00:00,0.02845999999999997
2019-08-26 23:00:00,0.02858499999999997
2019-08-27 23:00:00,0.028614999999999974
2019-08-28 23:00:00,0.028729999999999967
2019-08-29 23:00:00,0.028859999999999972
2019-08-30 23:00:00,0.028599999999999973
2019-09-03 23:00:00,0.02836499999999997
2019-09-04 23:00:00,0.02903499999999997
2019-09-05 23:00:00,0.02950499999999997
2019-09-06 23:00:00,0.02942499999999997
2019-09-09 23:00:00,0.02935999999999997
2019-09-10 23:00:00,0.02936499999999997
2019-09-11 23:00:00,0.02922999999999997
2019-09-12 23:00:00,0.029489999999999975
2019-09-13 23:00:00,0.03007999999999997
2019-09-16 23:00:00,0.029489999999999975
2019-09-17 23:00:00,0.029354999999999968
2019-09-18 23:00:00,0.02921499999999997
2019-09-19 23:00:00,0.029169999999999974
2019-09-20 23:00:00,0.02914999999999997
2019-09-23 23:00:00,0.02919999999999997
2019-09-24 23:00:00,0.02914999999999997
2019-09-25 23:00:00,0.02920499999999997
2019-09-26 23:00:00,0.028859999999999972
2019-09-27 23:00:00,0.02905999999999997
2019-09-30 23:00:00,0.028869999999999976
2019-10-01 23:00:00,0.028689999999999972
2019-10-02 23:00:00,0.028789999999999972
2019-10-03 23:00:00,0.028619999999999972
2019-10-04 23:00:00,0.02870999999999997
2019-10-07 23:00:00,0.02885499999999997
2019-10-08 23:00:00,0.028769999999999973
2019-10-09 23:00:00,0.02876499999999997
2019-10-10 23:00:00,0.02921999999999997
2019-10-11 23:00:00,0.02936499999999997
2019-10-14 23:00:00,0.02942499999999997
2019-10-15 23:00:00,0.02922499999999997
2019-10-16 23:00:00,0.02897999999999997
2019-10-17 23:00:00,0.02905999999999997
2019-10-18 23:00:00,0.02944499999999997
2019-10-21 23:00:00,0.029549999999999965
2019-10-22 23:00:00,0.02941499999999997
2019-10-23 23:00:00,0.02979999999999997
2019-10-24 23:00:00,0.029764999999999972
2019-10-25 23:00:00,0.02983999999999997
2019-10-28 23:00:00,0.029914999999999973
2019-10-29 23:00:00,0.02999999999999997
2019-10-30 23:00:00,0.029944999999999975
2019-10-31 23:00:00,0.029464999999999974
2019-11-01 23:00:00,0.02961499999999997
2019-11-04 23:00:00,0.029794999999999974
2019-11-05 23:00:00,0.030089999999999974
2019-11-06 23:00:00,0.02973499999999997
2019-11-07 23:00:00,0.03035999999999997
2019-11-08 23:00:00,0.02990499999999997
2019-11-11 23:00:00,0.029724999999999967
2019-11-12 23:00:00,0.029539999999999973
2019-11-13 23:00:00,0.02947999999999997
2019-11-14 23:00:00,0.02929999999999997
2019-11-15 23:00:00,0.029464999999999974
2019-11-18 23:00:00,0.029289999999999972
2019-11-19 23:00:00,0.029634999999999977
2019-11-20 23:00:00,0.029554999999999977
2019-11-21 23:00:00,0.029309999999999975
2019-11-22 23:00:00,0.029539999999999973
2019-11-25 23:00:00,0.029569999999999975
2019-11-26 23:00:00,0.029924999999999976
2019-11-27 23:00:00,0.029909999999999975
2019-11-29 23:00:00,0.029564999999999973
2019-12-02 23:00:00,0.029454999999999974
2019-12-03 23:00:00,0.029179999999999977
2019-12-04 23:00:00,0.029539999999999973
2019-12-05 23:00:00,0.029579999999999978
2019-12-06 23:00:00,0.030199999999999973
2019-12-09 23:00:00,0.030534999999999975
2019-12-10 23:00:00,0.030604999999999976
2019-12-11 23:00:00,0.030844999999999973
2019-12-12 23:00:00,0.030914999999999974
2019-12-13 23:00:00,0.030759999999999975
2019-12-16 23:00:00,0.03106499999999997
2019-12-17 23:00:00,0.031084999999999977
2019-12-18 23:00:00,0.031074999999999974
2019-12-19 23:00:00,0.031214999999999972
2019-12-20 23:00:00,0.03100999999999998
2019-12-23 23:00:00,0.03103499999999998
2019-12-24 23:00:00,0.031224999999999975
2019-12-26 23:00:00,0.03143999999999997
2019-12-27 23:00:00,0.031244999999999974
2019-12-30 23:00:00,0.03128499999999998
2019-12-31 23:00:00,0.030919999999999975
2020-01-02 23:00:00,0.031199999999999974
2020-01-03 23:00:00,0.030819999999999972
2020-01-06 23:00:00,0.030849999999999975
2020-01-07 23:00:00,0.03088499999999998
2020-01-08 23:00:00,0.031069999999999973
2020-01-09 23:00:00,0.030969999999999973
2020-01-10 23:00:00,0.031084999999999977
2020-01-13 23:00:00,0.03155999999999998
2020-01-14 23:00:00,0.03168499999999998
2020-01-15 23:00:00,0.03160999999999997
2020-01-16 23:00:00,0.031419999999999976
2020-01-17 23:00:00,0.031404999999999975
2020-01-21 23:00:00,0.03088499999999998
2020-01-22 23:00:00,0.030599999999999974
2020-01-23 23:00:00,0.03020999999999998
2020-01-24 23:00:00,0.029789999999999973
2020-01-27 23:00:00,0.028914999999999972
2020-01-28 23:00:00,0.028744999999999972
2020-01-29 23:00:00,0.028489999999999977
2020-01-30 23:00:00,0.028189999999999975
2020-01-31 23:00:00,0.02811999999999997
2020-02-03 23:00:00,0.028019999999999975
2020-02-04 23:00:00,0.02836999999999997
2020-02-05 23:00:00,0.028694999999999974
2020-02-06 23:00:00,0.028879999999999975
2020-02-07 23:00:00,0.028479999999999978
2020-02-10 23:00:00,0.028454999999999973
2020-02-11 23:00:00,0.028779999999999976
2020-02-12 23:00:00,0.028949999999999976
2020-02-13 23:00:00,0.029079999999999974
2020-02-14 23:00:00,0.028944999999999974
2020-02-18 23:00:00,0.028989999999999974
2020-02-19 23:00:00,0.029014999999999975
2020-02-20 23:00:00,0.028834999999999975
2020-02-21 23:00:00,0.029034999999999977
2020-02-24 23:00:00,0.02870999999999998
2020-02-25 23:00:00,0.028694999999999974
2020-02-26 23:00:00,0.028609999999999976
2020-02-27 23:00:00,0.028589999999999973
2020-02-28 23:00:00,0.028274999999999977
2020-03-02 23:00:00,0.028824999999999976
2020-03-03 23:00:00,0.028604999999999974
2020-03-04 23:00:00,0.02873499999999998
2020-03-05 23:00:00,0.028604999999999974
2020-03-06 23:00:00,0.028479999999999978
2020-03-09 23:00:00,0.027979999999999974
2020-03-10 23:00:00,0.028089999999999976
2020-03-11 23:00:00,0.027894999999999972
2020-03-12 23:00:00,0.027599999999999975
2020-03-13 23:00:00,0.027514999999999974
2020-03-16 23:00:00,0.026799999999999977
2020-03-17 23:00:00,0.026009999999999974
2020-03-18 23:00:00,0.024384999999999973
2020-03-19 23:00:00,0.024729999999999978
2020-03-20 23:00:00,0.024589999999999976
2020-03-23 23:00:00,0.023879999999999978
2020-03-24 23:00:00,0.024674999999999978
2020-03-25 23:00:00,0.024914999999999975
2020-03-26 23:00:00,0.02465499999999998
2020-03-27 23:00:00,0.024594999999999978
2020-03-30 23:00:00,0.024429999999999976
2020-03-31 23:00:00,0.025154999999999976
2020-04-01 23:00:00,0.024619999999999975
2020-04-02 23:00:00,0.025059999999999978
2020-04-03 23:00:00,0.024799999999999975
2020-04-06 23:00:00,0.02504999999999998
2020-04-07 23:00:00,0.025599999999999973
2020-04-08 23:00:00,0.025474999999999977
2020-04-09 23:00:00,0.025469999999999975
2020-04-13 23:00:00,0.02589999999999998
2020-04-14 23:00:00,0.026169999999999975
2020-04-15 23:00:00,0.025834999999999973
2020-04-16 23:00:00,0.025784999999999975
2020-04-17 23:00:00,0.02629999999999997
2020-04-20 23:00:00,0.02609999999999997
2020-04-21 23:00:00,0.02537499999999997
2020-04-22 23:00:00,0.025819999999999975
2020-04-23 23:00:00,0.025909999999999975
2020-04-24 23:00:00,0.026094999999999972
2020-04-27 23:00:00,0.026179999999999974
2020-04-28 23:00:00,0.026184999999999976
2020-04-29 23:00:00,0.026434999999999976
2020-04-30 23:00:00,0.026169999999999975
2020-05-01 23:00:00,0.02584999999999997
2020-05-04 23:00:00,0.025854999999999972
2020-05-05 23:00:00,0.026054999999999974
2020-05-06 23:00:00,0.026199999999999973
2020-05-07 23:00:00,0.026534999999999972
2020-05-08 23:00:00,0.026789999999999974
2020-05-11 23:00:00,0.02652999999999997
2020-05-12 23:00:00,0.026319999999999972
2020-05-13 23:00:00,0.026189999999999974
2020-05-14 23:00:00,0.026189999999999974
2020-05-15 23:00:00,0.026034999999999975
2020-05-18 23:00:00,0.02676999999999997
2020-05-19 23:00:00,0.026909999999999976
2020-05-20 23:00:00,0.027329999999999972
2020-05-21 23:00:00,0.027049999999999973
2020-05-22 23:00:00,0.026594999999999976
2020-05-26 23:00:00,0.02691499999999997
2020-05-27 23:00:00,0.026549999999999973
2020-05-28 23:00:00,0.026864999999999972
2020-05-29 23:00:00,0.02698499999999997
2020-06-01 23:00:00,0.027434999999999977
2020-06-02 23:00:00,0.027639999999999974
2020-06-03 23:00:00,0.027604999999999977
2020-06-04 23:00:00,0.027624999999999972
2020-06-05 23:00:00,0.028284999999999977
2020-06-08 23:00:00,0.028384999999999973
2020-06-09 23:00:00,0.02871999999999997
2020-06-10 23:00:00,0.02929499999999997
2020-06-11 23:00:00,0.02859499999999997
2020-06-12 23:00:00,0.028729999999999974
2020-06-15 23:00:00,0.02839999999999997
2020-06-16 23:00:00,0.02837499999999997
2020-06-17 23:00:00,0.02858499999999997
2020-06-18 23:00:00,0.02859999999999997
2020-06-19 23:00:00,0.02877499999999997
2020-06-22 23:00:00,0.029119999999999972
2020-06-23 23:00:00,0.029179999999999973
2020-06-24 23:00:00,0.02906999999999997
2020-06-25 23:00:00,0.029274999999999975
2020-06-26 23:00:00,0.029284999999999967
2020-06-29 23:00:00,0.02941999999999997
2020-06-30 23:00:00,0.029779999999999973
2020-07-01 23:00:00,0.02983499999999997
2020-07-02 23:00:00,0.029979999999999975
2020-07-06 23:00:00,0.03023999999999997
2020-07-07 23:00:00,0.03046499999999997
2020-07-08 23:00:00,0.030734999999999967
2020-07-09 23:00:00,0.030879999999999973
2020-07-10 23:00:00,0.03146999999999997
2020-07-13 23:00:00,0.03204499999999997
2020-07-14 23:00:00,0.031819999999999966
2020-07-15 23:00:00,0.03134499999999997
2020-07-16 23:00:00,0.03150999999999997
2020-07-17 23:00:00,0.03153999999999997
2020-07-20 23:00:00,0.03164999999999997
2020-07-21 23:00:00,0.03207499999999997
2020-07-22 23:00:00,0.03173999999999997
2020-07-23 23:00:00,0.03187999999999997
2020-07-24 23:00:00,0.031419999999999976
2020-07-27 23:00:00,0.03146999999999997
2020-07-28 23:00:00,0.03166999999999997
2020-07-29 23:00:00,0.03168499999999997
2020-07-30 23:00:00,0.03163499999999997
2020-07-31 23:00:00,0.031174999999999974
2020-08-03 23:00:00,0.03161499999999997
2020-08-04 23:00:00,0.03143999999999997
2020-08-05 23:00:00,0.03166499999999997
2020-08-06 23:00:00,0.031599999999999975
2020-08-07 23:00:00,0.03041999999999997
2020-08-10 23:00:00,0.03110999999999997
2020-08-11 23:00:00,0.031249999999999972
2020-08-12 23:00:00,0.031404999999999975
2020-08-13 23:00:00,0.03056499999999997
2020-08-14 23:00:00,0.03108499999999997
2020-08-17 23:00:00,0.03150999999999997
2020-08-18 23:00:00,0.032199999999999965
2020-08-19 23:00:00,0.03266499999999997
2020-08-20 23:00:00,0.032199999999999965
2020-08-21 23:00:00,0.031624999999999966
2020-08-24 23:00:00,0.03173999999999997
2020-08-25 23:00:00,0.03181999999999997
2020-08-26 23:00:00,0.03209999999999997
2020-08-27 23:00:00,0.032189999999999976
2020-08-28 23:00:00,0.03247999999999997
2020-08-31 23:00:00,0.032899999999999964
2020-09-01 23:00:00,0.032569999999999974
2020-09-02 23:00:00,0.03248999999999997
2020-09-03 23:00:00,0.03203499999999997
2020-09-04 23:00:00,0.03290499999999997
2020-09-08 23:00:00,0.03253499999999997
2020-09-09 23:00:00,0.03279999999999997
2020-09-10 23:00:00,0.03226999999999997
2020-09-11 23:00:00,0.032679999999999966
2020-09-14 23:00:00,0.032964999999999973
2020-09-15 23:00:00,0.032914999999999965
2020-09-16 23:00:00,0.03289499999999997
2020-09-17 23:00:00,0.03299499999999997
2020-09-18 23:00:00,0.03344499999999997
2020-09-21 23:00:00,0.03260499999999997
2020-09-22 23:00:00,0.03289499999999997
2020-09-23 23:00:00,0.03221499999999997
2020-09-24 23:00:00,0.03196499999999997
2020-09-25 23:00:00,0.03199499999999997
2020-09-28 23:00:00,0.03218499999999997
2020-09-29 23:00:00,0.03218499999999997
2020-09-30 23:00:00,0.03260999999999997
2020-10-01 23:00:00,0.03093999999999997
2020-10-02 23:00:00,0.03205999999999997
2020-10-05 23:00:00,0.031914999999999964
2020-10-06 23:00:00,0.03191999999999997
2020-10-07 23:00:00,0.03261499999999997
2020-10-08 23:00:00,0.03270499999999997
2020-10-09 23:00:00,0.03310999999999997
2020-10-12 23:00:00,0.03292499999999997
2020-10-13 23:00:00,0.03272999999999997
2020-10-14 23:00:00,0.03278999999999997
2020-10-15 23:00:00,0.03313999999999997
2020-10-16 23:00:00,0.03295999999999997
2020-10-19 23:00:00,0.033144999999999966
2020-10-20 23:00:00,0.03376499999999997
2020-10-21 23:00:00,0.03426999999999997
2020-10-22 23:00:00,0.03381999999999997
2020-10-23 23:00:00,0.033574999999999966
2020-10-26 23:00:00,0.03317999999999997
2020-10-27 23:00:00,0.03321999999999997
2020-10-28 23:00:00,0.03292499999999997
2020-10-29 23:00:00,0.03284999999999996
2020-10-30 23:00:00,0.03275999999999997
2020-11-02 23:00:00,0.033054999999999966
2020-11-03 23:00:00,0.033209999999999976
2020-11-04 23:00:00,0.03335499999999997
2020-11-05 23:00:00,0.03338499999999997
2020-11-06 23:00:00,0.033824999999999966
2020-11-09 23:00:00,0.03384499999999997
2020-11-10 23:00:00,0.03383999999999997
2020-11-11 23:00:00,0.03362499999999997
2020-11-12 23:00:00,0.033734999999999966
2020-11-13 23:00:00,0.03406499999999997
2020-11-16 23:00:00,0.034504999999999966
2020-11-17 23:00:00,0.03430499999999997
2020-11-18 23:00:00,0.03433499999999997
2020-11-19 23:00:00,0.03440999999999997
2020-11-20 23:00:00,0.03530999999999997
2020-11-23 23:00:00,0.03498999999999997
2020-11-24 23:00:00,0.03540999999999997
2020-11-25 23:00:00,0.03551499999999997
2020-11-27 23:00:00,0.03638499999999997
2020-11-30 23:00:00,0.03658999999999997
2020-12-01 23:00:00,0.03705999999999997
2020-12-02 23:00:00,0.037099999999999966
2020-12-03 23:00:00,0.037114999999999974
2020-12-04 23:00:00,0.03745499999999997
2020-12-07 23:00:00,0.037374999999999964
2020-12-08 23:00:00,0.03719999999999997
2020-12-09 23:00:00,0.037344999999999975
2020-12-10 23:00:00,0.037969999999999976
2020-12-11 23:00:00,0.03748999999999997
2020-12-14 23:00:00,0.03747499999999997
2020-12-15 23:00:00,0.037654999999999966
2020-12-16 23:00:00,0.037799999999999966
2020-12-17 23:00:00,0.03822499999999997
2020-12-18 23:00:00,0.03853499999999997
2020-12-21 23:00:00,0.03798499999999997
2020-12-22 23:00:00,0.03740999999999997
2020-12-23 23:00:00,0.03776999999999998
2020-12-24 23:00:00,0.03783499999999997
2020-12-28 23:00:00,0.037919999999999975
2020-12-29 23:00:00,0.03776499999999997
2020-12-30 23:00:00,0.03769999999999997
2020-12-31 23:00:00,0.03739999999999997
2021-01-04 23:00:00,0.03775499999999997
2021-01-05 23:00:00,0.03860499999999997
2021-01-06 23:00:00,0.03871499999999997
2021-01-07 23:00:00,0.03916999999999997
2021-01-08 23:00:00,0.03894499999999997
2021-01-11 23:00:00,0.037854999999999965
2021-01-12 23:00:00,0.03826499999999997
2021-01-13 23:00:00,0.03837999999999997
2021-01-14 23:00:00,0.038854999999999966
2021-01-15 23:00:00,0.038229999999999965
2021-01-19 23:00:00,0.03854499999999997
2021-01-20 23:00:00,0.038624999999999965
2021-01-21 23:00:00,0.03868499999999997
2021-01-22 23:00:00,0.038469999999999976
2021-01-25 23:00:00,0.03850499999999997
2021-01-26 23:00:00,0.03840499999999997
2021-01-27 23:00:00,0.03778499999999997
2021-01-28 23:00:00,0.037989999999999975
2021-01-29 23:00:00,0.03776999999999998
2021-02-01 23:00:00,0.037669999999999974
2021-02-02 23:00:00,0.03745499999999997
2021-02-03 23:00:00,0.03786499999999997
2021-02-04 23:00:00,0.037739999999999975
2021-02-05 23:00:00,0.038469999999999976
2021-02-08 23:00:00,0.038869999999999974
2021-02-09 23:00:00,0.03940999999999997
2021-02-10 23:00:00,0.03993499999999997
2021-02-11 23:00:00,0.03992499999999997
2021-02-12 23:00:00,0.04008999999999997
2021-02-16 23:00:00,0.04054999999999997
2021-02-17 23:00:00,0.040459999999999975
2021-02-18 23:00:00,0.04127499999999997
2021-02-19 23:00:00,0.04297999999999997
2021-02-22 23:00:00,0.04369499999999997
2021-02-23 23:00:00,0.04407999999999997
2021-02-24 23:00:00,0.04524499999999997
2021-02-25 23:00:00,0.04483999999999998
2021-02-26 23:00:00,0.043129999999999974
2021-03-01 23:00:00,0.04333499999999998
2021-03-02 23:00:00,0.044424999999999965
2021-03-03 23:00:00,0.043624999999999976
2021-03-04 23:00:00,0.04198999999999998
2021-03-05 23:00:00,0.04295999999999997
2021-03-08 23:00:00,0.04313499999999997
2021-03-09 23:00:00,0.04228999999999998
2021-03-10 23:00:00,0.04252999999999997
2021-03-11 23:00:00,0.043594999999999974
2021-03-12 23:00:00,0.04360499999999997
2021-03-15 23:00:00,0.043609999999999975
2021-03-16 23:00:00,0.042919999999999965
2021-03-17 23:00:00,0.04339499999999997
2021-03-18 23:00:00,0.043284999999999976
2021-03-19 23:00:00,0.04333499999999998
2021-03-22 23:00:00,0.04359999999999997
2021-03-23 23:00:00,0.042999999999999976
2021-03-24 23:00:00,0.04284499999999997
2021-03-25 23:00:00,0.041984999999999974
2021-03-26 23:00:00,0.04288499999999998
2021-03-29 23:00:00,0.04254999999999997
2021-03-30 23:00:00,0.04198999999999998
2021-03-31 23:00:00,0.042159999999999975
2021-04-01 23:00:00,0.042109999999999974
2021-04-05 23:00:00,0.04357999999999997
2021-04-06 23:00:00,0.04336999999999997
2021-04-07 23:00:00,0.04274999999999997
2021-04-08 23:00:00,0.04314999999999997
2021-04-09 23:00:00,0.04260499999999997
2021-04-12 23:00:00,0.042389999999999976
2021-04-13 23:00:00,0.04251999999999997
2021-04-14 23:00:00,0.04348999999999998
2021-04-15 23:00:00,0.04438999999999998
2021-04-16 23:00:00,0.04388499999999997
2021-04-19 23:00:00,0.04460499999999997
2021-04-20 23:00:00,0.044364999999999974
2021-04-21 23:00:00,0.04502999999999997
2021-04-22 23:00:00,0.04494999999999997
2021-04-23 23:00:00,0.045564999999999974
2021-04-26 23:00:00,0.04659999999999997
2021-04-27 23:00:00,0.04700999999999997
2021-04-28 23:00:00,0.04712999999999998
2021-04-29 23:00:00,0.047019999999999965
2021-04-30 23:00:00,0.04683499999999997
2021-05-03 23:00:00,0.047439999999999975
2021-05-04 23:00:00,0.04736999999999997
2021-05-05 23:00:00,0.04739499999999997
2021-05-06 23:00:00,0.04817999999999997
2021-05-07 23:00:00,0.04963999999999997
2021-05-10 23:00:00,0.04931499999999997
2021-05-11 23:00:00,0.049774999999999965
2021-05-12 23:00:00,0.049514999999999976
2021-05-13 23:00:00,0.04905999999999997
2021-05-14 23:00:00,0.048699999999999966
2021-05-17 23:00:00,0.049269999999999974
2021-05-18 23:00:00,0.049409999999999975
2021-05-19 23:00:00,0.04791999999999997
2021-05-20 23:00:00,0.047834999999999975
2021-05-21 23:00:00,0.04696499999999998
2021-05-24 23:00:00,0.04740999999999997
2021-05-25 23:00:00,0.04721999999999997
2021-05-26 23:00:00,0.047449999999999964
2021-05-27 23:00:00,0.048784999999999974
2021-05-28 23:00:00,0.048929999999999974
2021-06-01 23:00:00,0.04868999999999997
2021-06-02 23:00:00,0.04806999999999997
2021-06-03 23:00:00,0.04678499999999997
2021-06-04 23:00:00,0.047444999999999966
2021-06-07 23:00:00,0.04741999999999996
2021-06-08 23:00:00,0.04771499999999997
2021-06-09 23:00:00,0.04746499999999998
2021-06-10 23:00:00,0.04700499999999997
2021-06-11 23:00:00,0.047529999999999975
2021-06-14 23:00:00,0.047424999999999974
2021-06-15 23:00:00,0.04548499999999997
2021-06-16 23:00:00,0.04600499999999997
2021-06-17 23:00:00,0.043949999999999975
2021-06-18 23:00:00,0.04372999999999997
2021-06-21 23:00:00,0.04393999999999997
2021-06-22 23:00:00,0.04428499999999997
2021-06-23 23:00:00,0.04533499999999997
2021-06-24 23:00:00,0.04514499999999997
2021-06-25 23:00:00,0.044989999999999974
2021-06-28 23:00:00,0.044879999999999975
2021-06-29 23:00:00,0.044739999999999974
2021-06-30 23:00:00,0.04498499999999997
2021-07-01 23:00:00,0.04445499999999998
2021-07-02 23:00:00,0.04485499999999998
2021-07-06 23:00:00,0.04460499999999998
2021-07-07 23:00:00,0.04531999999999997
2021-07-08 23:00:00,0.044739999999999974
2021-07-09 23:00:00,0.04554999999999998
2021-07-12 23:00:00,0.04525499999999998
2021-07-13 23:00:00,0.045164999999999976
2021-07-14 23:00:00,0.044769999999999976
2021-07-15 23:00:00,0.045324999999999976
2021-07-16 23:00:00,0.045324999999999976
2021-07-19 23:00:00,0.044109999999999976
2021-07-20 23:00:00,0.04472499999999997
2021-07-21 23:00:00,0.04481499999999997
2021-07-22 23:00:00,0.045469999999999976
2021-07-23 23:00:00,0.046094999999999976
2021-07-26 23:00:00,0.047944999999999974
2021-07-27 23:00:00,0.04753999999999998
2021-07-28 23:00:00,0.04691499999999998
2021-07-29 23:00:00,0.047329999999999976
2021-07-30 23:00:00,0.04691999999999997
2021-08-02 23:00:00,0.04642499999999997
2021-08-03 23:00:00,0.045954999999999975
2021-08-04 23:00:00,0.045419999999999974
2021-08-05 23:00:00,0.04557499999999997
2021-08-06 23:00:00,0.04557499999999997
2021-08-09 23:00:00,0.044989999999999974
2021-08-10 23:00:00,0.045634999999999974
2021-08-11 23:00:00,0.04576999999999997
2021-08-12 23:00:00,0.04569499999999998
2021-08-13 23:00:00,0.04600999999999997
2021-08-16 23:00:00,0.045364999999999975
2021-08-17 23:00:00,0.04415499999999998
2021-08-18 23:00:00,0.043309999999999974
2021-08-19 23:00:00,0.04254499999999997
2021-08-20 23:00:00,0.043339999999999976
2021-08-23 23:00:00,0.04431999999999998
2021-08-24 23:00:00,0.04471499999999998
2021-08-25 23:00:00,0.04486999999999998
2021-08-26 23:00:00,0.044704999999999974
2021-08-27 23:00:00,0.04542999999999997
2021-08-30 23:00:00,0.04586499999999998
2021-08-31 23:00:00,0.04585999999999998
2021-09-01 23:00:00,0.04488999999999998
2021-09-02 23:00:00,0.045149999999999975
2021-09-03 23:00:00,0.04544999999999997
2021-09-07 23:00:00,0.04492499999999998
2021-09-08 23:00:00,0.04443999999999998
2021-09-09 23:00:00,0.04496499999999997
2021-09-10 23:00:00,0.04662999999999997
2021-09-13 23:00:00,0.045779999999999973
2021-09-14 23:00:00,0.04531999999999998
2021-09-15 23:00:00,0.04617499999999998
2021-09-16 23:00:00,0.04492499999999998
2021-09-17 23:00:00,0.04456999999999998
2021-09-20 23:00:00,0.04325499999999997
2021-09-21 23:00:00,0.04336999999999998
2021-09-22 23:00:00,0.04462999999999997
2021-09-23 23:00:00,0.04441999999999997
2021-09-24 23:00:00,0.04496499999999997
2021-09-27 23:00:00,0.045004999999999976
2021-09-28 23:00:00,0.044574999999999976
2021-09-29 23:00:00,0.04409999999999997
2021-09-30 23:00:00,0.04299999999999997
2021-10-01 23:00:00,0.04399499999999998
2021-10-04 23:00:00,0.04449499999999997
2021-10-05 23:00:00,0.04403499999999997
2021-10-06 23:00:00,0.04358499999999997
2021-10-07 23:00:00,0.044544999999999974
2021-10-08 23:00:00,0.044864999999999974
2021-10-11 23:00:00,0.045774999999999975
2021-10-12 23:00:00,0.045364999999999975
2021-10-13 23:00:00,0.04726999999999997
2021-10-14 23:00:00,0.048424999999999975
2021-10-15 23:00:00,0.04940499999999997
2021-10-18 23:00:00,0.04936499999999998
2021-10-19 23:00:00,0.049139999999999975
2021-10-20 23:00:00,0.04945499999999997
2021-10-21 23:00:00,0.04769499999999998
2021-10-22 23:00:00,0.04708999999999998
2021-10-25 23:00:00,0.04738999999999998
2021-10-26 23:00:00,0.04696999999999998
2021-10-27 23:00:00,0.046004999999999976
2021-10-28 23:00:00,0.046494999999999974
2021-10-29 23:00:00,0.04578999999999998
2021-11-01 23:00:00,0.046044999999999975
2021-11-02 23:00:00,0.04576999999999998
2021-11-03 23:00:00,0.04531999999999998
2021-11-04 23:00:00,0.04531499999999997
2021-11-05 23:00:00,0.045539999999999976
2021-11-08 23:00:00,0.046099999999999974
2021-11-09 23:00:00,0.04583999999999998
2021-11-10 23:00:00,0.04533999999999998
2021-11-11 23:00:00,0.04610499999999997
2021-11-12 23:00:00,0.04660499999999997
2021-11-15 23:00:00,0.04610999999999998
2021-11-16 23:00:00,0.04562499999999997
2021-11-17 23:00:00,0.04474999999999998
2021-11-18 23:00:00,0.045079999999999974
2021-11-19 23:00:00,0.045989999999999975
2021-11-22 23:00:00,0.04599499999999997
2021-11-23 23:00:00,0.04626999999999997
2021-11-24 23:00:00,0.04673499999999998
2021-11-26 23:00:00,0.04493999999999998
2021-11-29 23:00:00,0.04543999999999998
2021-11-30 23:00:00,0.04482999999999998
2021-12-01 23:00:00,0.04450499999999998
2021-12-02 23:00:00,0.04501999999999997
2021-12-03 23:00:00,0.04469999999999998
2021-12-06 23:00:00,0.04540499999999998
2021-12-07 23:00:00,0.04542499999999998
2021-12-08 23:00:00,0.04596499999999998
2021-12-09 23:00:00,0.04535999999999998
2021-12-10 23:00:00,0.04489499999999998
2021-12-13 23:00:00,0.04486999999999997
2021-12-14 23:00:00,0.04460499999999998
2021-12-15 23:00:00,0.04385499999999998
2021-12-16 23:00:00,0.045074999999999976
2021-12-17 23:00:00,0.04497999999999998
2021-12-20 23:00:00,0.044964999999999984
2021-12-21 23:00:00,0.045489999999999975
2021-12-22 23:00:00,0.04594499999999997
2021-12-23 23:00:00,0.045954999999999975
2021-12-27 23:00:00,0.04674999999999998
2021-12-28 23:00:00,0.04635999999999998
2021-12-29 23:00:00,0.04615999999999998
2021-12-30 23:00:00,0.045954999999999975
2021-12-31 23:00:00,0.046664999999999984
2022-01-03 23:00:00,0.046244999999999974
2022-01-04 23:00:00,0.04677999999999998
2022-01-05 23:00:00,0.04616499999999998
2022-01-06 23:00:00,0.04557499999999998
2022-01-07 23:00:00,0.04612999999999998
2022-01-10 23:00:00,0.04554999999999998
2022-01-11 23:00:00,0.04631999999999998
2022-01-12 23:00:00,0.047794999999999976
2022-01-13 23:00:00,0.04748999999999998
2022-01-14 23:00:00,0.046234999999999984
2022-01-18 23:00:00,0.04585499999999998
2022-01-19 23:00:00,0.04672999999999997
2022-01-20 23:00:00,0.04785499999999998
2022-01-21 23:00:00,0.04726999999999998
2022-01-24 23:00:00,0.04615499999999998
2022-01-25 23:00:00,0.04652999999999998
2022-01-26 23:00:00,0.04717999999999997
2022-01-27 23:00:00,0.04626499999999999
2022-01-28 23:00:00,0.04512999999999998
2022-01-31 23:00:00,0.045274999999999975
2022-02-01 23:00:00,0.04636999999999998
2022-02-02 23:00:00,0.04698999999999998
2022-02-03 23:00:00,0.046739999999999976
2022-02-04 23:00:00,0.046904999999999974
2022-02-07 23:00:00,0.04665499999999998
2022-02-08 23:00:00,0.04663999999999998
2022-02-09 23:00:00,0.04805499999999998
2022-02-10 23:00:00,0.04862499999999998
2022-02-11 23:00:00,0.04708999999999998
2022-02-14 23:00:00,0.04710499999999998
2022-02-15 23:00:00,0.04738499999999998
2022-02-16 23:00:00,0.047434999999999984
2022-02-17 23:00:00,0.047304999999999986
2022-02-18 23:00:00,0.04728499999999999
2022-02-22 23:00:00,0.04719999999999998
2022-02-23 23:00:00,0.04690999999999998
2022-02-24 23:00:00,0.04663499999999998
2022-02-25 23:00:00,0.04687499999999998
2022-02-28 23:00:00,0.04656999999999998
2022-03-01 23:00:00,0.04798999999999998
2022-03-02 23:00:00,0.04867999999999999
2022-03-03 23:00:00,0.04983999999999998
2022-03-04 23:00:00,0.05139999999999998
2022-03-07 23:00:00,0.04933499999999999
2022-03-08 23:00:00,0.04912499999999998
2022-03-09 23:00:00,0.04774999999999998
2022-03-10 23:00:00,0.048549999999999975
2022-03-11 23:00:00,0.04827999999999998
2022-03-14 23:00:00,0.047254999999999985
2022-03-15 23:00:00,0.047154999999999975
2022-03-16 23:00:00,0.04802999999999998
2022-03-17 23:00:00,0.04904499999999998
2022-03-18 23:00:00,0.04941999999999998
2022-03-21 23:00:00,0.049129999999999986
2022-03-22 23:00:00,0.04902499999999998
2022-03-23 23:00:00,0.04978999999999997
2022-03-24 23:00:00,0.04944999999999997
2022-03-25 23:00:00,0.04900999999999998
2022-03-28 23:00:00,0.049279999999999984
2022-03-29 23:00:00,0.04933499999999999
2022-03-30 23:00:00,0.049529999999999984
2022-03-31 23:00:00,0.04953499999999998
2022-04-01 23:00:00,0.04890999999999998
2022-04-04 23:00:00,0.04983999999999998
2022-04-05 23:00:00,0.04997499999999998
2022-04-06 23:00:00,0.049404999999999984
2022-04-07 23:00:00,0.04901999999999997
2022-04-08 23:00:00,0.049274999999999985
2022-04-11 23:00:00,0.04836499999999997
2022-04-12 23:00:00,0.04911999999999998
2022-04-13 23:00:00,0.04914499999999997
2022-04-14 23:00:00,0.049259999999999984
2022-04-18 23:00:00,0.05006499999999997
2022-04-19 23:00:00,0.049244999999999976
2022-04-20 23:00:00,0.04860499999999998
2022-04-21 23:00:00,0.04907499999999998
2022-04-22 23:00:00,0.04786999999999998
2022-04-25 23:00:00,0.04656999999999998
2022-04-26 23:00:00,0.046489999999999976
2022-04-27 23:00:00,0.04659999999999998
2022-04-28 23:00:00,0.04618499999999998
2022-04-29 23:00:00,0.045934999999999976
2022-05-02 23:00:00,0.04452999999999997
2022-05-03 23:00:00,0.044679999999999984
2022-05-04 23:00:00,0.04522999999999998
2022-05-05 23:00:00,0.04476499999999998
2022-05-06 23:00:00,0.04451999999999998
2022-05-09 23:00:00,0.04378499999999998
2022-05-10 23:00:00,0.043394999999999975
2022-05-11 23:00:00,0.04393999999999997
2022-05-12 23:00:00,0.04285499999999998
2022-05-13 23:00:00,0.04359999999999998
2022-05-16 23:00:00,0.04376499999999997
2022-05-17 23:00:00,0.044239999999999974
2022-05-18 23:00:00,0.043634999999999986
2022-05-19 23:00:00,0.044679999999999984
2022-05-20 23:00:00,0.04459999999999998
2022-05-23 23:00:00,0.045304999999999984
2022-05-24 23:00:00,0.044899999999999975
2022-05-25 23:00:00,0.044394999999999976
2022-05-26 23:00:00,0.04443999999999997
2022-05-27 23:00:00,0.044914999999999976
2022-05-31 23:00:00,0.04480999999999998
2022-06-01 23:00:00,0.04513499999999998
2022-06-02 23:00:00,0.04737499999999998
2022-06-03 23:00:00,0.04656999999999998
2022-06-06 23:00:00,0.046199999999999984
2022-06-07 23:00:00,0.04620499999999998
2022-06-08 23:00:00,0.04639499999999998
2022-06-09 23:00:00,0.04565999999999998
2022-06-10 23:00:00,0.04479499999999998
2022-06-13 23:00:00,0.043964999999999976
2022-06-14 23:00:00,0.043414999999999974
2022-06-15 23:00:00,0.043484999999999975
2022-06-16 23:00:00,0.04292999999999998
2022-06-17 23:00:00,0.041959999999999976
2022-06-21 23:00:00,0.042149999999999986
2022-06-22 23:00:00,0.04116499999999998
2022-06-23 23:00:00,0.03912999999999998
2022-06-24 23:00:00,0.03910999999999998
2022-06-27 23:00:00,0.039324999999999985
2022-06-28 23:00:00,0.03946499999999998
2022-06-29 23:00:00,0.03946999999999998
2022-06-30 23:00:00,0.03876499999999998
2022-07-01 23:00:00,0.037704999999999975
2022-07-05 23:00:00,0.03581499999999998
2022-07-06 23:00:00,0.035744999999999985
2022-07-07 23:00:00,0.03738499999999998
2022-07-08 23:00:00,0.03688499999999998
2022-07-11 23:00:00,0.03596999999999998
2022-07-12 23:00:00,0.034544999999999985
2022-07-13 23:00:00,0.034889999999999984
2022-07-14 23:00:00,0.03377999999999998
2022-07-15 23:00:00,0.03400499999999998
2022-07-18 23:00:00,0.03512499999999998
2022-07-19 23:00:00,0.03457499999999998
2022-07-20 23:00:00,0.03491499999999998
2022-07-21 23:00:00,0.03464999999999998
2022-07-22 23:00:00,0.035159999999999976
2022-07-25 23:00:00,0.03520999999999998
2022-07-26 23:00:00,0.03550999999999998
2022-07-27 23:00:00,0.03596499999999998
2022-07-28 23:00:00,0.03640999999999998
2022-07-29 23:00:00,0.03739999999999998
2022-08-01 23:00:00,0.03708999999999998
2022-08-02 23:00:00,0.03684999999999999
2022-08-03 23:00:00,0.03633499999999998
2022-08-04 23:00:00,0.03647999999999998
2022-08-05 23:00:00,0.03718499999999998
2022-08-08 23:00:00,0.03752999999999998
2022-08-09 23:00:00,0.037519999999999984
2022-08-10 23:00:00,0.03815999999999998
2022-08-11 23:00:00,0.03872999999999998
2022-08-12 23:00:00,0.03834999999999998
2022-08-15 23:00:00,0.037839999999999985
2022-08-16 23:00:00,0.03790999999999998
2022-08-17 23:00:00,0.037499999999999985
2022-08-18 23:00:00,0.03795999999999999
2022-08-19 23:00:00,0.03830999999999999
2022-08-22 23:00:00,0.03813499999999999
2022-08-23 23:00:00,0.03851499999999999
2022-08-24 23:00:00,0.03807999999999999
2022-08-25 23:00:00,0.03857999999999999
2022-08-26 23:00:00,0.038569999999999986
2022-08-29 23:00:00,0.03770499999999998
2022-08-30 23:00:00,0.03710999999999998
2022-08-31 23:00:00,0.03678499999999999
2022-09-01 23:00:00,0.03566499999999998
2022-09-02 23:00:00,0.03573499999999999
2022-09-06 23:00:00,0.03621999999999998
2022-09-07 23:00:00,0.035904999999999986
2022-09-08 23:00:00,0.036869999999999986
2022-09-09 23:00:00,0.03727999999999999
2022-09-12 23:00:00,0.03770499999999998
2022-09-13 23:00:00,0.03715499999999999
2022-09-14 23:00:00,0.03679499999999998
2022-09-15 23:00:00,0.036499999999999984
2022-09-16 23:00:00,0.03676499999999998
2022-09-19 23:00:00,0.03672499999999999
2022-09-20 23:00:00,0.03662999999999998
2022-09-21 23:00:00,0.03626999999999998
2022-09-22 23:00:00,0.03630999999999999
2022-09-23 23:00:00,0.035029999999999985
2022-09-26 23:00:00,0.03454499999999998
2022-09-27 23:00:00,0.034434999999999986
2022-09-28 23:00:00,0.03518499999999999
2022-09-29 23:00:00,0.035779999999999985
2022-09-30 23:00:00,0.035724999999999986
2022-10-03 23:00:00,0.03569999999999999
2022-10-04 23:00:00,0.036499999999999984
2022-10-05 23:00:00,0.036604999999999985
2022-10-06 23:00:00,0.03605999999999999
2022-10-07 23:00:00,0.03546499999999998
2022-10-10 23:00:00,0.035904999999999986
2022-10-11 23:00:00,0.03621999999999998
2022-10-12 23:00:00,0.035849999999999986
2022-10-13 23:00:00,0.03600499999999999
2022-10-14 23:00:00,0.035834999999999985
2022-10-17 23:00:00,0.03575499999999999
2022-10-18 23:00:00,0.03521999999999999
2022-10-19 23:00:00,0.034779999999999985
2022-10-20 23:00:00,0.03570499999999999
2022-10-21 23:00:00,0.03634499999999998
2022-10-24 23:00:00,0.035904999999999986
2022-10-25 23:00:00,0.035569999999999984
2022-10-26 23:00:00,0.037049999999999986
2022-10-27 23:00:00,0.03679499999999998
2022-10-28 23:00:00,0.035889999999999984
2022-10-31 23:00:00,0.035349999999999986
2022-11-01 23:00:00,0.03632499999999998
2022-11-02 23:00:00,0.036284999999999984
2022-11-03 23:00:00,0.035869999999999985
2022-11-04 23:00:00,0.03846499999999998
2022-11-07 23:00:00,0.03763499999999999
2022-11-08 23:00:00,0.03842499999999999
2022-11-09 23:00:00,0.03859999999999999
2022-11-10 23:00:00,0.039179999999999986
2022-11-11 23:00:00,0.040734999999999986
2022-11-14 23:00:00,0.039934999999999984
2022-11-15 23:00:00,0.03979999999999999
2022-11-16 23:00:00,0.03933499999999999
2022-11-17 23:00:00,0.038539999999999984
2022-11-18 23:00:00,0.03801499999999998
2022-11-21 23:00:00,0.03735999999999999
2022-11-22 23:00:00,0.03774499999999999
2022-11-23 23:00:00,0.03778499999999999
2022-11-25 23:00:00,0.03790499999999999
2022-11-28 23:00:00,0.03775499999999999
2022-11-29 23:00:00,0.03799499999999999
2022-11-30 23:00:00,0.03897999999999999
2022-12-01 23:00:00,0.039774999999999984
2022-12-02 23:00:00,0.04010499999999999
2022-12-05 23:00:00,0.03954999999999998
2022-12-06 23:00:00,0.03977999999999998
2022-12-07 23:00:00,0.040204999999999984
2022-12-08 23:00:00,0.040434999999999985
2022-12-09 23:00:00,0.04038499999999999
2022-12-12 23:00:00,0.03960499999999999
2022-12-13 23:00:00,0.040019999999999986
2022-12-14 23:00:00,0.040379999999999985
2022-12-15 23:00:00,0.03922999999999999
2022-12-16 23:00:00,0.039214999999999986
2022-12-19 23:00:00,0.039429999999999986
2022-12-20 23:00:00,0.039589999999999986
2022-12-21 23:00:00,0.039699999999999985
2022-12-22 23:00:00,0.03916999999999998
2022-12-23 23:00:00,0.03968999999999998
2022-12-27 23:00:00,0.040004999999999985
2022-12-28 23:00:00,0.040024999999999984
2022-12-29 23:00:00,0.03983999999999998
2022-12-30 23:00:00,0.03970499999999998
2023-01-03 23:00:00,0.03926499999999998
2023-01-04 23:00:00,0.03900499999999999
2023-01-05 23:00:00,0.039809999999999984
2023-01-06 23:00:00,0.04070999999999999
2023-01-09 23:00:00,0.04186499999999998
2023-01-10 23:00:00,0.04237499999999998
2023-01-11 23:00:00,0.043259999999999986
2023-01-12 23:00:00,0.04356499999999998
2023-01-13 23:00:00,0.043759999999999986
2023-01-17 23:00:00,0.04382999999999998
2023-01-18 23:00:00,0.043944999999999984
2023-01-19 23:00:00,0.04391499999999998
2023-01-20 23:00:00,0.04411499999999999
2023-01-23 23:00:00,0.04416499999999998
2023-01-24 23:00:00,0.044084999999999985
2023-01-25 23:00:00,0.04404499999999999
2023-01-26 23:00:00,0.04427499999999999
2023-01-27 23:00:00,0.04382499999999999
2023-01-30 23:00:00,0.043619999999999985
2023-01-31 23:00:00,0.04385999999999998
2023-02-01 23:00:00,0.04270999999999999
2023-02-02 23:00:00,0.042509999999999985
2023-02-03 23:00:00,0.04216499999999998
2023-02-06 23:00:00,0.04194999999999999
2023-02-07 23:00:00,0.042404999999999984
2023-02-08 23:00:00,0.041954999999999985
2023-02-09 23:00:00,0.04256999999999998
2023-02-10 23:00:00,0.04176499999999998
2023-02-13 23:00:00,0.04217499999999998
2023-02-14 23:00:00,0.042349999999999985
2023-02-15 23:00:00,0.04165499999999998
2023-02-16 23:00:00,0.042654999999999985
2023-02-17 23:00:00,0.042489999999999986
2023-02-21 23:00:00,0.04355999999999998
2023-02-22 23:00:00,0.04328999999999999
2023-02-23 23:00:00,0.04199999999999998
2023-02-24 23:00:00,0.040969999999999986
2023-02-27 23:00:00,0.04154999999999998
2023-02-28 23:00:00,0.042334999999999984
2023-03-01 23:00:00,0.04303999999999999
2023-03-02 23:00:00,0.04219999999999999
2023-03-03 23:00:00,0.04210999999999999
2023-03-06 23:00:00,0.04232499999999999
2023-03-07 23:00:00,0.041189999999999984
2023-03-08 23:00:00,0.04170999999999998
2023-03-09 23:00:00,0.04182999999999998
2023-03-10 23:00:00,0.041744999999999984
2023-03-13 23:00:00,0.04197499999999999
2023-03-14 23:00:00,0.041469999999999986
2023-03-15 23:00:00,0.03986999999999999
2023-03-16 23:00:00,0.04008499999999998
2023-03-17 23:00:00,0.040364999999999984
2023-03-20 23:00:00,0.040954999999999984
2023-03-21 23:00:00,0.04137999999999998
2023-03-22 23:00:00,0.041884999999999985
2023-03-23 23:00:00,0.042674999999999984
2023-03-24 23:00:00,0.042189999999999984
2023-03-27 23:00:00,0.042224999999999985
2023-03-28 23:00:00,0.04229499999999999
2023-03-29 23:00:00,0.04230499999999998
2023-03-30 23:00:00,0.04235499999999998
2023-03-31 23:00:00,0.042384999999999985
2023-04-03 23:00:00,0.04189499999999999
2023-04-04 23:00:00,0.04114999999999999
2023-04-05 23:00:00,0.04130499999999998
2023-04-06 23:00:00,0.041594999999999986
2023-04-10 23:00:00,0.04120499999999998
2023-04-11 23:00:00,0.041634999999999985
2023-04-12 23:00:00,0.04224999999999999
2023-04-13 23:00:00,0.04267999999999998
2023-04-14 23:00:00,0.04250499999999998
2023-04-17 23:00:00,0.04209999999999999
2023-04-18 23:00:00,0.04237
2023-04-19 23:00:00,0.042215
2023-04-20 23:00:00,0.041729999999999996
2023-04-21 23:00:00,0.041269999999999994
2023-04-24 23:00:00,0.041049999999999996
2023-04-25 23:00:00,0.040055
2023-04-26 23:00:00,0.04002
2023-04-27 23:00:00,0.040244999999999996
2023-04-28 23:00:00,0.04031
2023-05-01 23:00:00,0.040744999999999996
2023-05-02 23:00:00,0.04003
2023-05-03 23:00:00,0.039855
2023-05-04 23:00:00,0.040034999999999994
2023-05-05 23:00:00,0.040235
2023-05-08 23:00:00,0.0407
2023-05-09 23:00:00,0.04042
2023-05-10 23:00:00,0.039814999999999996
2023-05-11 23:00:00,0.038505
2023-05-12 23:00:00,0.03869
2023-05-15 23:00:00,0.038915
2023-05-16 23:00:00,0.038075
2023-05-17 23:00:00,0.03895
2023-05-18 23:00:00,0.038299999999999994
2023-05-19 23:00:00,0.038724999999999996
2023-05-22 23:00:00,0.038255
2023-05-23 23:00:00,0.03795
2023-05-24 23:00:00,0.03702
2023-05-25 23:00:00,0.037285
2023-05-26 23:00:00,0.038224999999999995
2023-05-30 23:00:00,0.038035
2023-05-31 23:00:00,0.037774999999999996
2023-06-01 23:00:00,0.038515
2023-06-02 23:00:00,0.03868
2023-06-05 23:00:00,0.039085
2023-06-06 23:00:00,0.03909
2023-06-07 23:00:00,0.038965
2023-06-08 23:00:00,0.039354999999999994
2023-06-09 23:00:00,0.039295
2023-06-12 23:00:00,0.038924999999999994
2023-06-13 23:00:00,0.039715
2023-06-14 23:00:00,0.040105
2023-06-15 23:00:00,0.040415
2023-06-16 23:00:00,0.040295
2023-06-20 23:00:00,0.040244999999999996
2023-06-21 23:00:00,0.04041499999999999
2023-06-22 23:00:00,0.040315
2023-06-23 23:00:00,0.03946499999999999
2023-06-26 23:00:00,0.039354999999999994
2023-06-27 23:00:00,0.039194999999999994
2023-06-28 23:00:00,0.03873499999999999
2023-06-29 23:00:00,0.038299999999999994
2023-06-30 23:00:00,0.038904999999999995
2023-07-03 23:00:00,0.03924999999999999
2023-07-05 23:00:00,0.038994999999999995
2023-07-06 23:00:00,0.038654999999999995
2023-07-07 23:00:00,0.03912999999999999
2023-07-10 23:00:00,0.039154999999999995
2023-07-11 23:00:00,0.03897
2023-07-12 23:00:00,0.039839999999999993
2023-07-13 23:00:00,0.04070999999999999
2023-07-14 23:00:00,0.040639999999999996
2023-07-17 23:00:00,0.039749999999999994
2023-07-18 23:00:00,0.039604999999999994
2023-07-19 23:00:00,0.03944999999999999
2023-07-20 23:00:00,0.03965499999999999
2023-07-21 23:00:00,0.03948999999999999
2023-07-24 23:00:00,0.03986499999999999
2023-07-25 23:00:00,0.040464999999999994
2023-07-26 23:00:00,0.04032999999999999
2023-07-27 23:00:00,0.040064999999999996
2023-07-28 23:00:00,0.04057499999999999
2023-07-31 23:00:00,0.04138999999999999
2023-08-01 23:00:00,0.040395
2023-08-02 23:00:00,0.039744999999999996
2023-08-03 23:00:00,0.040304999999999994
2023-08-04 23:00:00,0.03998499999999999
2023-08-07 23:00:00,0.039659999999999994
2023-08-08 23:00:00,0.03897499999999999
2023-08-09 23:00:00,0.03914499999999999
2023-08-10 23:00:00,0.038959999999999995
2023-08-11 23:00:00,0.03849999999999999
2023-08-14 23:00:00,0.038564999999999995
2023-08-15 23:00:00,0.03798499999999999
2023-08-16 23:00:00,0.037884999999999995
2023-08-17 23:00:00,0.038224999999999995
2023-08-18 23:00:00,0.038335
2023-08-21 23:00:00,0.038474999999999995
2023-08-22 23:00:00,0.038814999999999995
2023-08-23 23:00:00,0.03930499999999999
2023-08-24 23:00:00,0.038865
2023-08-25 23:00:00,0.03876999999999999
2023-08-28 23:00:00,0.038849999999999996
2023-08-29 23:00:00,0.039319999999999994
2023-08-30 23:00:00,0.039369999999999995
2023-08-31 23:00:00,0.03915
2023-09-01 23:00:00,0.03944999999999999
2023-09-05 23:00:00,0.039415
2023-09-06 23:00:00,0.03879
2023-09-07 23:00:00,0.038549999999999994
2023-09-08 23:00:00,0.03809499999999999
2023-09-11 23:00:00,0.03899999999999999
2023-09-12 23:00:00,0.038849999999999996
2023-09-13 23:00:00,0.03886
2023-09-14 23:00:00,0.03914499999999999
2023-09-15 23:00:00,0.038939999999999995
2023-09-18 23:00:00,0.03871999999999999
2023-09-19 23:00:00,0.03839999999999999
2023-09-20 23:00:00,0.038689999999999995
2023-09-21 23:00:00,0.03788999999999999
2023-09-22 23:00:00,0.03788999999999999
2023-09-25 23:00:00,0.03763
2023-09-26 23:00:00,0.037419999999999995
2023-09-27 23:00:00,0.037294999999999995
2023-09-28 23:00:00,0.038009999999999995
2023-09-29 23:00:00,0.038305
2023-10-02 23:00:00,0.03734499999999999
2023-10-03 23:00:00,0.03714
2023-10-04 23:00:00,0.03681999999999999
2023-10-05 23:00:00,0.036449999999999996
2023-10-06 23:00:00,0.037204999999999995
2023-10-09 23:00:00,0.03739
2023-10-10 23:00:00,0.03726999999999999
2023-10-11 23:00:00,0.03704999999999999
2023-10-12 23:00:00,0.03684
2023-10-13 23:00:00,0.03664
2023-10-16 23:00:00,0.03674999999999999
2023-10-17 23:00:00,0.036715
2023-10-18 23:00:00,0.03679999999999999
2023-10-19 23:00:00,0.03694
2023-10-20 23:00:00,0.036559999999999995
2023-10-23 23:00:00,0.036794999999999994
2023-10-24 23:00:00,0.03716999999999999
2023-10-25 23:00:00,0.03684
2023-10-26 16:30:00,0.03686999999999999
2023-10-26 17:00:00,0.03690499999999999
2023-10-26 18:00:00,0.036825
2023-10-26 19:00:00,0.03677
2023-10-26 20:00:00,0.03681999999999999
2023-10-26 21:00:00,0.03690999999999999
2023-10-26 22:00:00,0.03685499999999999
2023-10-26 23:00:00,0.036774999999999995
2023-10-27 16:30:00,0.037404999999999994
2023-10-27 17:00:00,0.037434999999999996
2023-10-27 18:00:00,0.037434999999999996
2023-10-27 19:00:00,0.03738
2023-10-27 20:00:00,0.03733999999999999
2023-10-27 21:00:00,0.037325
2023-10-27 22:00:00,0.03737499999999999
2023-10-27 23:00:00,0.03735999999999999
2023-10-30 15:30:00,0.037709999999999994
2023-10-30 16:00:00,0.03753499999999999
2023-10-30 17:00:00,0.03757499999999999
2023-10-30 18:00:00,0.037505
2023-10-30 19:00:00,0.037505
2023-10-30 20:00:00,0.037494999999999994
2023-10-30 21:00:00,0.037474999999999994
2023-10-30 22:00:00,0.037474999999999994
2023-10-30 23:00:00,0.03751499999999999
2023-10-31 15:30:00,0.037395
2023-10-31 16:00:00,0.037364999999999995
2023-10-31 17:00:00,0.03742499999999999
2023-10-31 18:00:00,0.03741499999999999
2023-10-31 19:00:00,0.037434999999999996
2023-10-31 20:00:00,0.03745999999999999
2023-10-31 21:00:00,0.037465
2023-10-31 22:00:00,0.037454999999999995
2023-10-31 23:00:00,0.037419999999999995
2023-11-01 15:30:00,0.037599999999999995
2023-11-01 16:00:00,0.037684999999999996
2023-11-01 17:00:00,0.037524999999999996
2023-11-01 18:00:00,0.03742999999999999
2023-11-01 19:00:00,0.03739999999999999
2023-11-01 20:00:00,0.03741499999999999
2023-11-01 21:00:00,0.03751999999999999
2023-11-01 22:00:00,0.03753499999999999
2023-11-01 23:00:00,0.037419999999999995
2023-11-02 15:30:00,0.03773499999999999
2023-11-02 16:00:00,0.03763999999999999
2023-11-02 17:00:00,0.037649999999999996
2023-11-02 18:00:00,0.03765999999999999
2023-11-02 19:00:00,0.037739999999999996
2023-11-02 20:00:00,0.037774999999999996
2023-11-02 21:00:00,0.037809999999999996
2023-11-02 22:00:00,0.03780499999999999
2023-11-02 23:00:00,0.037654999999999994
2023-11-03 15:30:00,0.03789499999999999
2023-11-03 16:00:00,0.03781999999999999
2023-11-03 17:00:00,0.03779999999999999
2023-11-03 18:00:00,0.03774999999999999
2023-11-03 19:00:00,0.03772999999999999
2023-11-03 20:00:00,0.037739999999999996
2023-11-03 21:00:00,0.03767499999999999
2023-11-03 22:00:00,0.037654999999999994
2023-11-03 23:00:00,0.037744999999999994
2023-11-06 16:30:00,0.038079999999999996
2023-11-06 17:00:00,0.03803499999999999
2023-11-06 18:00:00,0.038079999999999996
2023-11-06 19:00:00,0.038119999999999994
2023-11-06 20:00:00,0.038075
2023-11-06 21:00:00,0.03806
2023-11-06 22:00:00,0.03803999999999999
2023-11-06 23:00:00,0.038119999999999994
2023-11-07 16:30:00,0.037524999999999996
2023-11-07 17:00:00,0.037649999999999996
2023-11-07 18:00:00,0.037684999999999996
2023-11-07 19:00:00,0.037739999999999996
2023-11-07 20:00:00,0.03776499999999999
2023-11-07 21:00:00,0.03777
2023-11-07 22:00:00,0.037794999999999995
2023-11-07 23:00:00,0.03778999999999999
2023-11-08 16:30:00,0.03754999999999999
2023-11-08 17:00:00,0.03745
2023-11-08 18:00:00,0.037434999999999996
2023-11-08 19:00:00,0.037305
2023-11-08 20:00:00,0.037309999999999996
2023-11-08 21:00:00,0.03729
2023-11-08 22:00:00,0.037305
2023-11-08 23:00:00,0.03729999999999999
2023-11-09 16:30:00,0.037465
2023-11-09 17:00:00,0.03751499999999999
2023-11-09 18:00:00,0.03742499999999999
2023-11-09 19:00:00,0.037344999999999996
2023-11-09 20:00:00,0.03729999999999999
2023-11-09 21:00:00,0.03719499999999999
2023-11-09 22:00:00,0.03724499999999999
2023-11-09 23:00:00,0.03725499999999999
2023-11-10 16:30:00,0.03683499999999999
2023-11-10 17:00:00,0.036785
2023-11-10 18:00:00,0.036864999999999995
2023-11-10 19:00:00,0.036794999999999994
2023-11-10 20:00:00,0.03685499999999999
2023-11-10 21:00:00,0.03686999999999999
2023-11-10 22:00:00,0.036879999999999996
2023-11-10 23:00:00,0.03689499999999999
2023-11-13 16:30:00,0.03738
2023-11-13 17:00:00,0.03744499999999999
2023-11-13 18:00:00,0.03751499999999999
2023-11-13 19:00:00,0.037564999999999994
2023-11-13 20:00:00,0.037619999999999994
2023-11-13 21:00:00,0.03763
2023-11-13 22:00:00,0.037619999999999994
2023-11-13 23:00:00,0.03759
2023-11-14 16:30:00,0.038029999999999994
2023-11-14 17:00:00,0.037954999999999996
2023-11-14 18:00:00,0.037809999999999996
2023-11-14 19:00:00,0.03777
2023-11-14 20:00:00,0.03774999999999999
2023-11-14 21:00:00,0.037755
2023-11-14 22:00:00,0.03773499999999999
2023-11-14 23:00:00,0.03769499999999999
2023-11-15 16:30:00,0.037904999999999994
2023-11-15 17:00:00,0.03809499999999999
2023-11-15 18:00:00,0.03809499999999999
2023-11-15 19:00:00,0.03810999999999999
2023-11-15 20:00:00,0.03809
2023-11-15 21:00:00,0.038084999999999994
2023-11-15 22:00:00,0.038064999999999995
2023-11-15 23:00:00,0.03806
2023-11-16 16:30:00,0.03798499999999999
2023-11-16 17:00:00,0.03787999999999999
2023-11-16 18:00:00,0.03782499999999999
2023-11-16 19:00:00,0.03792999999999999
2023-11-16 20:00:00,0.03789999999999999
2023-11-16 21:00:00,0.037869999999999994
2023-11-16 22:00:00,0.037869999999999994
2023-11-16 23:00:00,0.037869999999999994
2023-11-17 16:30:00,0.038044999999999995
2023-11-17 17:00:00,0.03811499999999999
2023-11-17 18:00:00,0.03811999999999999
2023-11-17 19:00:00,0.03825999999999999
2023-11-17 20:00:00,0.03828999999999999
2023-11-17 21:00:00,0.03825499999999999
2023-11-17 22:00:00,0.03825999999999999
2023-11-17 23:00:00,0.03824999999999999
2023-11-20 16:30:00,0.038654999999999995
2023-11-20 17:00:00,0.03873499999999999
2023-11-20 18:00:00,0.038909999999999986
2023-11-20 19:00:00,0.038944999999999994
2023-11-20 20:00:00,0.038944999999999994
2023-11-20 21:00:00,0.03891999999999999
2023-11-20 22:00:00,0.03892999999999999
2023-11-20 23:00:00,0.03897499999999999
2023-11-21 16:30:00,0.03905999999999999
2023-11-21 17:00:00,0.038959999999999995
2023-11-21 18:00:00,0.03904499999999999
2023-11-21 19:00:00,0.03906999999999999
2023-11-21 20:00:00,0.03904999999999999
2023-11-21 21:00:00,0.03902999999999999
2023-11-21 22:00:00,0.039014999999999994
2023-11-21 23:00:00,0.039054999999999986
2023-11-22 16:30:00,0.03851999999999999
2023-11-22 17:00:00,0.038444999999999986
2023-11-22 18:00:00,0.038549999999999994
2023-11-22 19:00:00,0.038654999999999995
2023-11-22 20:00:00,0.038654999999999995
2023-11-22 21:00:00,0.03866999999999999
2023-11-22 22:00:00,0.03868499999999999
2023-11-22 23:00:00,0.03865
2023-11-24 16:30:00,0.03867499999999999
2023-11-24 17:00:00,0.03877999999999999
2023-11-24 18:00:00,0.03887499999999999
2023-11-24 19:00:00,0.03893999999999999
2023-11-24 20:00:00,0.03891999999999999
2023-11-24 23:00:00,0.03888999999999999
2023-11-27 16:30:00,0.03859499999999999
2023-11-27 17:00:00,0.03852999999999999
2023-11-27 18:00:00,0.03858999999999999
2023-11-27 19:00:00,0.03856999999999999
2023-11-27 20:00:00,0.03859999999999999
2023-11-27 21:00:00,0.03861499999999999
2023-11-27 22:00:00,0.03857999999999999
2023-11-27 23:00:00,0.038564999999999995
2023-11-28 16:30:00,0.03889499999999999
2023-11-28 17:00:00,0.03905499999999999
2023-11-28 18:00:00,0.03904999999999999
2023-11-28 19:00:00,0.03895499999999999
2023-11-28 20:00:00,0.038949999999999985
2023-11-28 21:00:00,0.03897999999999999
2023-11-28 22:00:00,0.03901999999999999
2023-11-28 23:00:00,0.038959999999999995
2023-11-29 16:30:00,0.03904999999999999
2023-11-29 17:00:00,0.03895499999999999
2023-11-29 18:00:00,0.03874499999999999
2023-11-29 19:00:00,0.03882999999999999
2023-11-29 20:00:00,0.03889499999999999
2023-11-29 21:00:00,0.038949999999999985
2023-11-29 22:00:00,0.03888999999999999
2023-11-29 23:00:00,0.03890499999999999
2023-11-30 16:30:00,0.03883499999999999
2023-11-30 17:00:00,0.03905499999999999
2023-11-30 18:00:00,0.03902999999999999
2023-11-30 19:00:00,0.03905499999999999
2023-11-30 20:00:00,0.03905499999999999
2023-11-30 21:00:00,0.03911999999999999
2023-11-30 22:00:00,0.03909499999999999
2023-11-30 23:00:00,0.039069999999999994
2023-12-01 16:30:00,0.03935999999999999
2023-12-01 17:00:00,0.03951999999999999
2023-12-01 18:00:00,0.03970499999999999
2023-12-01 19:00:00,0.03987999999999999
2023-12-01 20:00:00,0.039799999999999995
2023-12-01 21:00:00,0.03970499999999999
2023-12-01 22:00:00,0.039734999999999986
2023-12-01 23:00:00,0.039879999999999985
2023-12-04 16:30:00,0.03921999999999999
2023-12-04 17:00:00,0.03899999999999999
2023-12-04 18:00:00,0.038949999999999985
2023-12-04 19:00:00,0.03893999999999999
2023-12-04 20:00:00,0.038854999999999994
2023-12-04 21:00:00,0.03886499999999999
2023-12-04 22:00:00,0.03884499999999999
2023-12-04 23:00:00,0.038819999999999986
2023-12-05 16:30:00,0.03848499999999999
2023-12-05 17:00:00,0.038499999999999986
2023-12-05 18:00:00,0.03831999999999999
2023-12-05 19:00:00,0.03840499999999999
2023-12-05 20:00:00,0.03844999999999999
2023-12-05 21:00:00,0.03845499999999999
2023-12-05 22:00:00,0.03845499999999999
2023-12-05 23:00:00,0.03840499999999999
2023-12-06 16:30:00,0.03855499999999999
2023-12-06 17:00:00,0.03842999999999999
2023-12-06 18:00:00,0.03806499999999999
2023-12-06 19:00:00,0.03791999999999999
2023-12-06 20:00:00,0.03794999999999999
2023-12-06 21:00:00,0.03792999999999999
2023-12-06 22:00:00,0.03789999999999999
2023-12-06 23:00:00,0.03790999999999999
2023-12-07 16:30:00,0.03820999999999999
2023-12-07 17:00:00,0.03823999999999999
2023-12-07 18:00:00,0.03841499999999999
2023-12-07 19:00:00,0.03853499999999999
2023-12-07 20:00:00,0.03853499999999999
2023-12-07 21:00:00,0.03853499999999999
2023-12-07 22:00:00,0.03855499999999999
2023-12-07 23:00:00,0.03855999999999999
2023-12-08 16:30:00,0.039014999999999994
2023-12-08 17:00:00,0.03912999999999999
2023-12-08 18:00:00,0.03893999999999999
2023-12-08 19:00:00,0.03886999999999999
2023-12-08 20:00:00,0.03891499999999999
2023-12-08 21:00:00,0.03892499999999999
2023-12-08 22:00:00,0.03892499999999999
2023-12-08 23:00:00,0.038869999999999995
2023-12-11 16:30:00,0.03835999999999999
2023-12-11 17:00:00,0.038494999999999994
2023-12-11 18:00:00,0.03841499999999999
2023-12-11 19:00:00,0.03836999999999999
2023-12-11 20:00:00,0.03842999999999999
2023-12-11 21:00:00,0.03840499999999999
2023-12-11 22:00:00,0.03840499999999999
2023-12-11 23:00:00,0.03840499999999999
2023-12-12 16:30:00,0.03826499999999999
2023-12-12 17:00:00,0.038499999999999986
2023-12-12 18:00:00,0.038499999999999986
2023-12-12 19:00:00,0.03843499999999999
2023-12-12 20:00:00,0.03847999999999999
2023-12-12 21:00:00,0.03847999999999999
2023-12-12 22:00:00,0.03851499999999999
2023-12-12 23:00:00,0.038499999999999986
2023-12-13 16:30:00,0.038389999999999994
2023-12-13 17:00:00,0.03836499999999999
2023-12-13 18:00:00,0.03841499999999999
2023-12-13 19:00:00,0.03843499999999999
2023-12-13 20:00:00,0.03842499999999999
2023-12-13 21:00:00,0.03884999999999999
2023-12-13 22:00:00,0.03890499999999999
2023-12-13 23:00:00,0.03843999999999999
2023-12-14 16:30:00,0.039639999999999995
2023-12-14 17:00:00,0.03949499999999999
2023-12-14 18:00:00,0.03950999999999999
2023-12-14 19:00:00,0.03949499999999999
2023-12-14 20:00:00,0.03932999999999999
2023-12-14 21:00:00,0.039339999999999986
2023-12-14 22:00:00,0.03933499999999999
2023-12-14 23:00:00,0.03930499999999999
2023-12-15 16:30:00,0.039319999999999994
2023-12-15 17:00:00,0.03948499999999999
2023-12-15 18:00:00,0.03947499999999999
2023-12-15 19:00:00,0.03946999999999999
2023-12-15 20:00:00,0.03933499999999999
2023-12-15 21:00:00,0.03935499999999999
2023-12-15 22:00:00,0.03934499999999999
2023-12-15 23:00:00,0.03946999999999999
2023-12-18 16:30:00,0.03930499999999999
2023-12-18 17:00:00,0.03918499999999999
2023-12-18 18:00:00,0.03913999999999999
2023-12-18 19:00:00,0.03908999999999999
2023-12-18 20:00:00,0.03906999999999999
2023-12-18 21:00:00,0.03903999999999999
2023-12-18 22:00:00,0.03902999999999999
2023-12-18 23:00:00,0.03908499999999999
2023-12-19 16:30:00,0.03982499999999999
2023-12-19 17:00:00,0.03976999999999999
2023-12-19 18:00:00,0.03968499999999999
2023-12-19 19:00:00,0.03954499999999999
2023-12-19 20:00:00,0.03961999999999999
2023-12-19 21:00:00,0.03960499999999999
2023-12-19 22:00:00,0.03961999999999999
2023-12-19 23:00:00,0.039639999999999995
2023-12-20 16:30:00,0.03960999999999999
2023-12-20 17:00:00,0.03958499999999999
2023-12-20 18:00:00,0.03960499999999999
2023-12-20 19:00:00,0.039639999999999995
2023-12-20 20:00:00,0.03966999999999999
2023-12-20 21:00:00,0.03950999999999999
2023-12-20 22:00:00,0.03936999999999999
2023-12-20 23:00:00,0.039624999999999994
2023-12-21 16:30:00,0.03982499999999999
2023-12-21 17:00:00,0.039734999999999986
2023-12-21 18:00:00,0.03972499999999999
2023-12-21 19:00:00,0.03970499999999999
2023-12-21 20:00:00,0.03973999999999999
2023-12-21 21:00:00,0.03976999999999999
2023-12-21 22:00:00,0.039839999999999993
2023-12-21 23:00:00,0.03973999999999999
2023-12-22 16:30:00,0.039839999999999993
2023-12-22 17:00:00,0.03965499999999999
2023-12-22 18:00:00,0.03961499999999999
2023-12-22 19:00:00,0.03962999999999999
2023-12-22 20:00:00,0.03956499999999999
2023-12-22 21:00:00,0.03954999999999999
2023-12-22 22:00:00,0.03954499999999999
2023-12-22 23:00:00,0.03957999999999999
2023-12-26 16:30:00,0.03974499999999999
2023-12-26 17:00:00,0.03961999999999999
2023-12-26 18:00:00,0.03958499999999999
2023-12-26 19:00:00,0.03958499999999999
2023-12-26 20:00:00,0.03960999999999999
2023-12-26 21:00:00,0.03964999999999999
2023-12-26 22:00:00,0.03960499999999999
2023-12-26 23:00:00,0.039589999999999986
2023-12-27 16:30:00,0.04021499999999999
2023-12-27 17:00:00,0.04015999999999999
2023-12-27 18:00:00,0.04011999999999999
2023-12-27 19:00:00,0.04016999999999999
2023-12-27 20:00:00,0.04016499999999999
2023-12-27 21:00:00,0.04009999999999999
2023-12-27 22:00:00,0.04011999999999999
2023-12-27 23:00:00,0.04011499999999999
2023-12-28 16:30:00,0.03987999999999999
2023-12-28 17:00:00,0.03984499999999999
2023-12-28 18:00:00,0.03981499999999999
2023-12-28 19:00:00,0.03981499999999999
2023-12-28 20:00:00,0.03973999999999999
2023-12-28 21:00:00,0.03972999999999999
2023-12-28 22:00:00,0.03969999999999999
2023-12-28 23:00:00,0.03980999999999999
2023-12-29 16:30:00,0.03960499999999999
2023-12-29 17:00:00,0.03955999999999999
2023-12-29 18:00:00,0.03939499999999999
2023-12-29 19:00:00,0.03946999999999999
2023-12-29 20:00:00,0.03945499999999999
2023-12-29 21:00:00,0.03949499999999999
2023-12-29 22:00:00,0.03948999999999999
2023-12-29 23:00:00,0.039479999999999994
2024-01-02 16:30:00,0.03932999999999999
2024-01-02 17:00:00,0.03929999999999999
2024-01-02 18:00:00,0.03936499999999999
2024-01-02 19:00:00,0.03936499999999999
2024-01-02 20:00:00,0.03932499999999999
2024-01-02 21:00:00,0.03923999999999999
2024-01-02 22:00:00,0.03922499999999999
2024-01-02 23:00:00,0.03927499999999999
2024-01-03 16:30:00,0.03897499999999999
2024-01-03 17:00:00,0.03904499999999999
2024-01-03 18:00:00,0.03921999999999999
2024-01-03 19:00:00,0.03917999999999999
2024-01-03 20:00:00,0.03923999999999999
2024-01-03 21:00:00,0.03929499999999999
2024-01-03 22:00:00,0.039269999999999985
2024-01-03 23:00:00,0.03928499999999999
2024-01-04 16:30:00,0.03886999999999999
2024-01-04 17:00:00,0.03892499999999999
2024-01-04 18:00:00,0.03891999999999999
2024-01-04 19:00:00,0.03899999999999999
2024-01-04 20:00:00,0.03901999999999999
2024-01-04 21:00:00,0.039034999999999986
2024-01-04 22:00:00,0.03904499999999999
2024-01-04 23:00:00,0.03900499999999999
2024-01-05 16:30:00,0.03900999999999999
2024-01-05 17:00:00,0.03900499999999999
2024-01-05 18:00:00,0.03890499999999999
2024-01-05 19:00:00,0.03860999999999999
2024-01-05 20:00:00,0.03868999999999999
2024-01-05 21:00:00,0.03861499999999999
2024-01-05 22:00:00,0.03858999999999999
2024-01-05 23:00:00,0.03862499999999999
2024-01-08 16:30:00,0.038639999999999994
2024-01-08 17:00:00,0.03883499999999999
2024-01-08 18:00:00,0.03876999999999999
2024-01-08 19:00:00,0.03866999999999999
2024-01-08 20:00:00,0.03871999999999999
2024-01-08 21:00:00,0.03883999999999999
2024-01-08 22:00:00,0.03880999999999999
2024-01-08 23:00:00,0.03879499999999999
2024-01-09 16:30:00,0.03845999999999999
2024-01-09 17:00:00,0.03834499999999999
2024-01-09 18:00:00,0.038339999999999985
2024-01-09 19:00:00,0.03815999999999999
2024-01-09 20:00:00,0.03818499999999999
2024-01-09 21:00:00,0.038189999999999995
2024-01-09 22:00:00,0.03816999999999999
2024-01-09 23:00:00,0.03817999999999999
2024-01-10 16:30:00,0.03827999999999999
2024-01-10 17:00:00,0.03822499999999999
2024-01-10 18:00:00,0.038339999999999985
2024-01-10 19:00:00,0.03837499999999999
2024-01-10 20:00:00,0.03845999999999999
2024-01-10 21:00:00,0.03846499999999999
2024-01-10 22:00:00,0.03843499999999999
2024-01-10 23:00:00,0.038444999999999986
2024-01-11 16:30:00,0.03841499999999999
2024-01-11 17:00:00,0.03831999999999999
2024-01-11 18:00:00,0.03834499999999999
2024-01-11 19:00:00,0.03834499999999999
2024-01-11 20:00:00,0.03839999999999999
2024-01-11 21:00:00,0.03844999999999999
2024-01-11 22:00:00,0.03843999999999999
2024-01-11 23:00:00,0.03832999999999999
2024-01-12 16:30:00,0.038444999999999986
2024-01-12 17:00:00,0.03826999999999999
2024-01-12 18:00:00,0.03815999999999999
2024-01-12 19:00:00,0.03797499999999999
2024-01-12 20:00:00,0.03797499999999999
2024-01-12 21:00:00,0.03797499999999999
2024-01-12 22:00:00,0.03798499999999999
2024-01-12 23:00:00,0.03797
2024-01-16 16:30:00,0.03823999999999999
2024-01-16 17:00:00,0.03824499999999999
2024-01-16 18:00:00,0.03829999999999999
2024-01-16 19:00:00,0.03822999999999999
2024-01-16 20:00:00,0.03822499999999999
2024-01-16 21:00:00,0.03823999999999999
2024-01-16 22:00:00,0.03823999999999999
2024-01-16 23:00:00,0.03824999999999999
2024-01-17 16:30:00,0.038044999999999995
2024-01-17 17:00:00,0.03787999999999999
2024-01-17 18:00:00,0.03786499999999999
2024-01-17 19:00:00,0.03790499999999999
2024-01-17 20:00:00,0.03791999999999999
2024-01-17 21:00:00,0.03796499999999999
2024-01-17 22:00:00,0.03798999999999999
2024-01-17 23:00:00,0.03798499999999999
2024-01-18 16:30:00,0.03777999999999999
2024-01-18 17:00:00,0.037884999999999995
2024-01-18 18:00:00,0.038044999999999995
2024-01-18 19:00:00,0.03800499999999999
2024-01-18 20:00:00,0.03806999999999999
2024-01-18 21:00:00,0.03807999999999999
2024-01-18 22:00:00,0.03813499999999999
2024-01-18 23:00:00,0.038139999999999986
2024-01-19 16:30:00,0.03824499999999999
2024-01-19 17:00:00,0.03822499999999999
2024-01-19 18:00:00,0.03824999999999999
2024-01-19 19:00:00,0.03841999999999999
2024-01-19 20:00:00,0.03841999999999999
2024-01-19 21:00:00,0.03846499999999999
2024-01-19 22:00:00,0.03846999999999999
2024-01-19 23:00:00,0.038429999999999985
2024-01-22 16:30:00,0.03821999999999999
2024-01-22 17:00:00,0.03818499999999999
2024-01-22 18:00:00,0.03825999999999999
2024-01-22 19:00:00,0.03826499999999999
2024-01-22 20:00:00,0.038124999999999985
2024-01-22 21:00:00,0.03806999999999999
2024-01-22 22:00:00,0.03804999999999999
2024-01-22 23:00:00,0.0382
2024-01-23 16:30:00,0.03857499999999999
2024-01-23 17:00:00,0.03846499999999999
2024-01-23 18:00:00,0.03853499999999999
2024-01-23 19:00:00,0.03842499999999999
2024-01-23 20:00:00,0.03860499999999999
2024-01-23 21:00:00,0.03863499999999999
2024-01-23 22:00:00,0.03862499999999999
2024-01-23 23:00:00,0.03862499999999999
2024-01-24 16:30:00,0.03924499999999999
2024-01-24 17:00:00,0.03932499999999999
2024-01-24 18:00:00,0.039374999999999986
2024-01-24 19:00:00,0.039374999999999986
2024-01-24 20:00:00,0.03934999999999999
2024-01-24 21:00:00,0.03929999999999999
2024-01-24 22:00:00,0.03930499999999999
2024-01-24 23:00:00,0.03942499999999999
2024-01-25 16:30:00,0.039414999999999985
2024-01-25 17:00:00,0.03919999999999999
2024-01-25 18:00:00,0.03929499999999999
2024-01-25 19:00:00,0.03921999999999999
2024-01-25 20:00:00,0.03919999999999999
2024-01-25 21:00:00,0.03925499999999999
2024-01-25 22:00:00,0.03925499999999999
2024-01-25 23:00:00,0.03925499999999999
2024-01-26 16:30:00,0.03936999999999999
2024-01-26 17:00:00,0.03933499999999999
2024-01-26 18:00:00,0.03919499999999999
2024-01-26 19:00:00,0.03908999999999999
2024-01-26 20:00:00,0.03909499999999999
2024-01-26 21:00:00,0.03911999999999999
2024-01-26 22:00:00,0.039109999999999985
2024-01-26 23:00:00,0.03908499999999999
2024-01-29 16:30:00,0.03919499999999999
2024-01-29 17:00:00,0.039264999999999994
2024-01-29 18:00:00,0.03933499999999999
2024-01-29 19:00:00,0.03935499999999999
2024-01-29 20:00:00,0.03935999999999999
2024-01-29 21:00:00,0.03936999999999999
2024-01-29 22:00:00,0.03942499999999999
2024-01-29 23:00:00,0.03941999999999999
2024-01-30 16:30:00,0.03944999999999999
2024-01-30 17:00:00,0.03938999999999999
2024-01-30 18:00:00,0.039574999999999985
2024-01-30 19:00:00,0.03963499999999999
2024-01-30 20:00:00,0.03968499999999999
2024-01-30 21:00:00,0.03970999999999999
2024-01-30 22:00:00,0.03969499999999999
2024-01-30 23:00:00,0.03968999999999999
2024-01-31 16:30:00,0.03997499999999999
2024-01-31 17:00:00,0.03986499999999999
2024-01-31 18:00:00,0.03952999999999999
2024-01-31 19:00:00,0.03953499999999999
2024-01-31 20:00:00,0.039589999999999986
2024-01-31 21:00:00,0.03959499999999999
2024-01-31 22:00:00,0.03946999999999999
2024-01-31 23:00:00,0.03950499999999999
2024-02-01 16:30:00,0.03909499999999999
2024-02-01 17:00:00,0.03909499999999999
2024-02-01 18:00:00,0.03915499999999999
2024-02-01 19:00:00,0.03916999999999999
2024-02-01 20:00:00,0.039109999999999985
2024-02-01 21:00:00,0.039104999999999994
2024-02-01 22:00:00,0.03906499999999999
2024-02-01 23:00:00,0.03909999999999999
2024-02-02 16:30:00,0.03885999999999999
2024-02-02 17:00:00,0.03885999999999999
2024-02-02 18:00:00,0.03883499999999999
2024-02-02 19:00:00,0.03879499999999999
2024-02-02 20:00:00,0.038799999999999994
2024-02-02 21:00:00,0.03878499999999999
2024-02-02 22:00:00,0.03875999999999999
2024-02-02 23:00:00,0.03877999999999999
2024-02-05 16:30:00,0.038284999999999986
2024-02-05 17:00:00,0.03827999999999999
2024-02-05 18:00:00,0.03823499999999999
2024-02-05 19:00:00,0.03821999999999999
2024-02-05 20:00:00,0.03829499999999999
2024-02-05 21:00:00,0.03830999999999999
2024-02-05 22:00:00,0.038284999999999986
2024-02-05 23:00:00,0.03828999999999999
2024-02-06 16:30:00,0.03844999999999999
2024-02-06 17:00:00,0.03845999999999999
2024-02-06 18:00:00,0.03839499999999999
2024-02-06 19:00:00,0.03840499999999999
2024-02-06 20:00:00,0.038389999999999994
2024-02-06 21:00:00,0.03837999999999999
2024-02-06 22:00:00,0.03840499999999999
2024-02-06 23:00:00,0.03837499999999999
2024-02-07 16:30:00,0.038194999999999986
2024-02-07 17:00:00,0.03809499999999999
2024-02-07 18:00:00,0.03795499999999999
2024-02-07 19:00:00,0.03794499999999999
2024-02-07 20:00:00,0.03792999999999999
2024-02-07 21:00:00,0.03792999999999999
2024-02-07 22:00:00,0.03793999999999999
2024-02-07 23:00:00,0.03791999999999999
2024-02-08 16:30:00,0.03755499999999999
2024-02-08 17:00:00,0.037514999999999986
2024-02-08 18:00:00,0.03746999999999999
2024-02-08 19:00:00,0.03752499999999999
2024-02-08 20:00:00,0.03760499999999999
2024-02-08 21:00:00,0.03764499999999999
2024-02-08 22:00:00,0.03764499999999999
2024-02-08 23:00:00,0.037584999999999986
2024-02-09 16:30:00,0.03716999999999999
2024-02-09 17:00:00,0.03729499999999999
2024-02-09 18:00:00,0.03737999999999999
2024-02-09 19:00:00,0.03737499999999999
2024-02-09 20:00:00,0.037424999999999986
2024-02-09 21:00:00,0.03740999999999999
2024-02-09 22:00:00,0.03742999999999999
2024-02-09 23:00:00,0.03737999999999999
2024-02-12 16:30:00,0.03762999999999999
2024-02-12 17:00:00,0.03756999999999999
2024-02-12 18:00:00,0.03771499999999999
2024-02-12 19:00:00,0.037729999999999986
2024-02-12 20:00:00,0.03778999999999999
2024-02-12 21:00:00,0.03775999999999999
2024-02-12 22:00:00,0.03776999999999999
2024-02-12 23:00:00,0.037804999999999984
2024-02-13 16:30:00,0.03776999999999999
2024-02-13 17:00:00,0.03780999999999999
2024-02-13 18:00:00,0.03775999999999999
2024-02-13 19:00:00,0.03771999999999999
2024-02-13 20:00:00,0.03760999999999999
2024-02-13 21:00:00,0.03760499999999999
2024-02-13 22:00:00,0.037654999999999994
2024-02-13 23:00:00,0.03767499999999999
2024-02-14 16:30:00,0.03768499999999999
2024-02-14 17:00:00,0.03762499999999999
2024-02-14 18:00:00,0.03758999999999999
2024-02-14 19:00:00,0.03753499999999999
2024-02-14 20:00:00,0.037564999999999994
2024-02-14 21:00:00,0.037584999999999986
2024-02-14 22:00:00,0.03757999999999999
2024-02-14 23:00:00,0.03759499999999999
2024-02-15 16:30:00,0.038044999999999995
2024-02-15 17:00:00,0.03802499999999999
2024-02-15 18:00:00,0.03811499999999999
2024-02-15 19:00:00,0.03810999999999999
2024-02-15 20:00:00,0.03814999999999999
2024-02-15 21:00:00,0.03812999999999999
2024-02-15 22:00:00,0.03815999999999999
2024-02-15 23:00:00,0.03815499999999999
2024-02-16 16:30:00,0.038019999999999984
2024-02-16 17:00:00,0.038019999999999984
2024-02-16 18:00:00,0.038019999999999984
2024-02-16 19:00:00,0.038019999999999984
2024-02-16 20:00:00,0.038019999999999984
2024-02-16 21:00:00,0.038019999999999984
2024-02-16 22:00:00,0.038019999999999984
2024-02-16 23:00:00,0.03894499999999999
2024-02-20 16:30:00,0.03894499999999999
2024-02-20 17:00:00,0.03894499999999999
2024-02-20 18:00:00,0.03894499999999999
2024-02-20 19:00:00,0.03894499999999999
2024-02-20 20:00:00,0.03894499999999999
2024-02-20 21:00:00,0.03894499999999999
2024-02-20 22:00:00,0.03894499999999999
2024-02-20 23:00:00,0.03918499999999999
2024-02-21 16:30:00,0.03918499999999999
2024-02-21 17:00:00,0.03918499999999999
2024-02-21 18:00:00,0.03918499999999999
2024-02-21 19:00:00,0.03918499999999999
2024-02-21 20:00:00,0.03918499999999999
2024-02-21 21:00:00,0.03918499999999999
2024-02-21 22:00:00,0.03918499999999999
2024-02-21 23:00:00,0.039304999999999986
2024-02-22 16:30:00,0.039304999999999986
2024-02-22 17:00:00,0.039304999999999986
2024-02-22 18:00:00,0.039304999999999986
2024-02-22 19:00:00,0.039304999999999986
2024-02-22 20:00:00,0.039304999999999986
2024-02-22 21:00:00,0.039304999999999986
2024-02-22 22:00:00,0.039304999999999986
2024-02-22 23:00:00,0.03957999999999999
2024-02-23 16:30:00,0.03957999999999999
2024-02-23 17:00:00,0.03957999999999999
2024-02-23 18:00:00,0.03957999999999999
2024-02-23 19:00:00,0.03957999999999999
2024-02-23 20:00:00,0.03957999999999999
2024-02-23 21:00:00,0.03957999999999999
2024-02-23 22:00:00,0.03957999999999999
2024-02-23 23:00:00,0.03943499999999999
2024-02-26 16:30:00,0.03943499999999999
2024-02-26 17:00:00,0.03943499999999999
2024-02-26 18:00:00,0.03943499999999999
2024-02-26 19:00:00,0.03943499999999999
2024-02-26 20:00:00,0.03943499999999999
2024-02-26 21:00:00,0.03943499999999999
2024-02-26 22:00:00,0.03943499999999999
2024-02-26 23:00:00,0.03877499999999998
2024-02-27 16:30:00,0.03877499999999998
2024-02-27 17:00:00,0.03877499999999998
2024-02-27 18:00:00,0.03877499999999998
2024-02-27 19:00:00,0.03877499999999998
2024-02-27 20:00:00,0.03877499999999998
2024-02-27 21:00:00,0.03877499999999998
2024-02-27 22:00:00,0.03877499999999998
2024-02-27 23:00:00,0.03893499999999999
2024-02-28 16:30:00,0.03893499999999999
2024-02-28 17:00:00,0.03893499999999999
2024-02-28 18:00:00,0.03893499999999999
2024-02-28 19:00:00,0.03893499999999999
2024-02-28 20:00:00,0.03893499999999999
2024-02-28 21:00:00,0.03893499999999999
2024-02-28 22:00:00,0.03893499999999999
2024-02-28 23:00:00,0.03883499999999999
2024-02-29 16:30:00,0.03883499999999999
2024-02-29 17:00:00,0.03883499999999999
2024-02-29 18:00:00,0.03883499999999999
2024-02-29 19:00:00,0.03883499999999999
2024-02-29 20:00:00,0.03883499999999999
2024-02-29 21:00:00,0.03883499999999999
2024-02-29 22:00:00,0.03883499999999999
2024-02-29 23:00:00,0.03889999999999998
2024-03-01 16:30:00,0.03889999999999998
2024-03-01 17:00:00,0.03889999999999998
2024-03-01 18:00:00,0.03889999999999998
2024-03-01 19:00:00,0.03889999999999998
2024-03-01 20:00:00,0.03889999999999998
2024-03-01 21:00:00,0.03889999999999998
2024-03-01 22:00:00,0.03889999999999998
2024-03-01 23:00:00,0.03904499999999999
2024-03-04 16:30:00,0.03904499999999999
2024-03-04 17:00:00,0.03904499999999999
2024-03-04 18:00:00,0.03904499999999999
2024-03-04 19:00:00,0.03904499999999999
2024-03-04 20:00:00,0.03904499999999999
2024-03-04 21:00:00,0.03904499999999999
2024-03-04 22:00:00,0.03904499999999999
2024-03-04 23:00:00,0.038999999999999986
2024-03-05 16:30:00,0.038999999999999986
2024-03-05 17:00:00,0.038999999999999986
2024-03-05 18:00:00,0.038999999999999986
2024-03-05 19:00:00,0.038999999999999986
2024-03-05 20:00:00,0.038999999999999986
2024-03-05 21:00:00,0.038999999999999986
2024-03-05 22:00:00,0.038999999999999986
2024-03-05 23:00:00,0.03889999999999998
2024-03-06 16:30:00,0.03889999999999998
2024-03-06 17:00:00,0.03889999999999998
2024-03-06 18:00:00,0.03889999999999998
2024-03-06 19:00:00,0.03889999999999998
2024-03-06 20:00:00,0.03889999999999998
2024-03-06 21:00:00,0.03889999999999998
2024-03-06 22:00:00,0.03889999999999998
2024-03-06 23:00:00,0.039179999999999986
2024-03-07 16:30:00,0.039179999999999986
2024-03-07 17:00:00,0.039179999999999986
2024-03-07 18:00:00,0.039179999999999986
2024-03-07 19:00:00,0.039179999999999986
2024-03-07 20:00:00,0.039179999999999986
2024-03-07 21:00:00,0.039179999999999986
2024-03-07 22:00:00,0.039179999999999986
2024-03-07 23:00:00,0.03968999999999999
2024-03-08 16:30:00,0.03968999999999999
2024-03-08 17:00:00,0.03968999999999999
2024-03-08 18:00:00,0.03968999999999999
2024-03-08 19:00:00,0.03968999999999999
2024-03-08 20:00:00,0.03968999999999999
2024-03-08 21:00:00,0.03968999999999999
2024-03-08 22:00:00,0.03968999999999999
2024-03-08 23:00:00,0.039344999999999984
2024-03-11 15:30:00,0.039344999999999984
2024-03-11 16:00:00,0.039344999999999984
2024-03-11 17:00:00,0.039344999999999984
2024-03-11 18:00:00,0.039344999999999984
2024-03-11 19:00:00,0.039344999999999984
2024-03-11 20:00:00,0.039344999999999984
2024-03-11 21:00:00,0.039344999999999984
2024-03-11 22:00:00,0.039344999999999984
2024-03-11 23:00:00,0.039714999999999986
2024-03-12 15:30:00,0.039714999999999986
2024-03-12 16:00:00,0.039714999999999986
2024-03-12 17:00:00,0.039714999999999986
2024-03-12 18:00:00,0.039714999999999986
2024-03-12 19:00:00,0.039714999999999986
2024-03-12 20:00:00,0.039714999999999986
2024-03-12 21:00:00,0.039714999999999986
2024-03-12 22:00:00,0.039714999999999986
2024-03-12 23:00:00,0.03974999999999999
2024-03-13 15:30:00,0.03974999999999999
2024-03-13 16:00:00,0.03974999999999999
2024-03-13 17:00:00,0.03974999999999999
2024-03-13 18:00:00,0.03974999999999999
2024-03-13 19:00:00,0.03974999999999999
2024-03-13 20:00:00,0.03974999999999999
2024-03-13 21:00:00,0.03974999999999999
2024-03-13 22:00:00,0.03974999999999999
2024-03-13 23:00:00,0.04102999999999999
2024-03-14 15:30:00,0.04102999999999999
2024-03-14 16:00:00,0.04102999999999999
2024-03-14 17:00:00,0.04102999999999999
2024-03-14 18:00:00,0.04102999999999999
2024-03-14 19:00:00,0.04102999999999999
2024-03-14 20:00:00,0.04102999999999999
2024-03-14 21:00:00,0.04102999999999999
2024-03-14 22:00:00,0.04102999999999999
2024-03-14 23:00:00,0.04088499999999999
2024-03-15 15:30:00,0.04088499999999999
2024-03-15 16:00:00,0.04088499999999999
2024-03-15 17:00:00,0.04088499999999999
2024-03-15 18:00:00,0.04088499999999999
2024-03-15 19:00:00,0.04088499999999999
2024-03-15 20:00:00,0.04088499999999999
2024-03-15 21:00:00,0.04088499999999999
2024-03-15 22:00:00,0.04088499999999999
2024-03-15 23:00:00,0.04167499999999999
2024-03-18 15:30:00,0.04167499999999999
2024-03-18 16:00:00,0.04167499999999999
2024-03-18 17:00:00,0.04167499999999999
2024-03-18 18:00:00,0.04167499999999999
2024-03-18 19:00:00,0.04167499999999999
2024-03-18 20:00:00,0.04167499999999999
2024-03-18 21:00:00,0.04167499999999999
2024-03-18 22:00:00,0.04167499999999999
2024-03-18 23:00:00,0.04172999999999998
2024-03-19 15:30:00,0.04172999999999998
2024-03-19 16:00:00,0.04172999999999998
2024-03-19 17:00:00,0.04172999999999998
2024-03-19 18:00:00,0.04172999999999998
2024-03-19 19:00:00,0.04172999999999998
2024-03-19 20:00:00,0.04172999999999998
2024-03-19 21:00:00,0.04172999999999998
2024-03-19 22:00:00,0.04172999999999998
2024-03-19 23:00:00,0.04117499999999998
2024-03-20 15:30:00,0.04117499999999998
2024-03-20 16:00:00,0.04117499999999998
2024-03-20 17:00:00,0.04117499999999998
2024-03-20 18:00:00,0.04117499999999998
2024-03-20 19:00:00,0.04117499999999998
2024-03-20 20:00:00,0.04117499999999998
2024-03-20 21:00:00,0.04117499999999998
2024-03-20 22:00:00,0.04117499999999998
2024-03-20 23:00:00,0.04094499999999999
2024-03-21 15:30:00,0.04094499999999999
2024-03-21 16:00:00,0.04094499999999999
2024-03-21 17:00:00,0.04094499999999999
2024-03-21 18:00:00,0.04094499999999999
2024-03-21 19:00:00,0.04094499999999999
2024-03-21 20:00:00,0.04094499999999999
2024-03-21 21:00:00,0.04094499999999999
2024-03-21 22:00:00,0.04094499999999999
2024-03-21 23:00:00,0.04101499999999999
2024-03-22 15:30:00,0.04101499999999999
2024-03-22 16:00:00,0.04101499999999999
2024-03-22 17:00:00,0.04101499999999999
2024-03-22 18:00:00,0.04101499999999999
2024-03-22 19:00:00,0.04101499999999999
2024-03-22 20:00:00,0.04101499999999999
2024-03-22 21:00:00,0.04101499999999999
2024-03-22 22:00:00,0.04101499999999999
2024-03-22 23:00:00,0.04050499999999999
2024-03-25 15:30:00,0.04050499999999999
2024-03-25 16:00:00,0.04050499999999999
2024-03-25 17:00:00,0.04050499999999999
2024-03-25 18:00:00,0.04050499999999999
2024-03-25 19:00:00,0.04050499999999999
2024-03-25 20:00:00,0.04050499999999999
2024-03-25 21:00:00,0.04050499999999999
2024-03-25 22:00:00,0.04050499999999999
2024-03-25 23:00:00,0.04058999999999999
2024-03-26 15:30:00,0.04058999999999999
2024-03-26 16:00:00,0.04058999999999999
2024-03-26 17:00:00,0.04058999999999999
2024-03-26 18:00:00,0.04058999999999999
2024-03-26 19:00:00,0.04058999999999999
2024-03-26 20:00:00,0.04058999999999999
2024-03-26 21:00:00,0.04058999999999999
2024-03-26 22:00:00,0.04058999999999999
2024-03-26 23:00:00,0.040514999999999995
2024-03-27 15:30:00,0.040514999999999995
2024-03-27 16:00:00,0.040514999999999995
2024-03-27 17:00:00,0.040514999999999995
2024-03-27 18:00:00,0.040514999999999995
2024-03-27 19:00:00,0.040514999999999995
2024-03-27 20:00:00,0.040514999999999995
2024-03-27 21:00:00,0.040514999999999995
2024-03-27 22:00:00,0.040514999999999995
2024-03-27 23:00:00,0.04042999999999999
2024-03-28 15:30:00,0.04042999999999999
2024-03-28 16:00:00,0.04042999999999999
2024-03-28 17:00:00,0.04042999999999999
2024-03-28 18:00:00,0.04042999999999999
2024-03-28 19:00:00,0.04042999999999999
2024-03-28 20:00:00,0.04042999999999999
2024-03-28 21:00:00,0.04042999999999999
2024-03-28 22:00:00,0.04042999999999999
2024-03-28 23:00:00,0.04049999999999998
2024-04-01 16:30:00,0.04049999999999998
2024-04-01 17:00:00,0.04049999999999998
2024-04-01 18:00:00,0.04049999999999998
2024-04-01 19:00:00,0.04049999999999998
2024-04-01 20:00:00,0.04049999999999998
2024-04-01 21:00:00,0.04049999999999998
2024-04-01 22:00:00,0.04049999999999998
2024-04-01 23:00:00,0.04091499999999999
2024-04-02 16:30:00,0.04091499999999999
2024-04-02 17:00:00,0.04091499999999999
2024-04-02 18:00:00,0.04091499999999999
2024-04-02 19:00:00,0.04091499999999999
2024-04-02 20:00:00,0.04091499999999999
2024-04-02 21:00:00,0.04091499999999999
2024-04-02 22:00:00,0.04091499999999999
2024-04-02 23:00:00,0.041134999999999984
2024-04-03 16:30:00,0.041134999999999984
2024-04-03 17:00:00,0.041134999999999984
2024-04-03 18:00:00,0.041134999999999984
2024-04-03 19:00:00,0.041134999999999984
2024-04-03 20:00:00,0.041134999999999984
2024-04-03 21:00:00,0.041134999999999984
2024-04-03 22:00:00,0.041134999999999984
2024-04-03 23:00:00,0.042369999999999984
2024-04-04 16:30:00,0.042369999999999984
2024-04-04 17:00:00,0.042369999999999984
2024-04-04 18:00:00,0.042369999999999984
2024-04-04 19:00:00,0.042369999999999984
2024-04-04 20:00:00,0.042369999999999984
2024-04-04 21:00:00,0.042369999999999984
2024-04-04 22:00:00,0.042369999999999984
2024-04-04 23:00:00,0.042919999999999986
2024-04-05 16:30:00,0.042919999999999986
2024-04-05 17:00:00,0.042919999999999986
2024-04-05 18:00:00,0.042919999999999986
2024-04-05 19:00:00,0.042919999999999986
2024-04-05 20:00:00,0.042919999999999986
2024-04-05 21:00:00,0.042919999999999986
2024-04-05 22:00:00,0.042919999999999986
2024-04-05 23:00:00,0.042789999999999995
2024-04-08 16:30:00,0.042789999999999995
2024-04-08 17:00:00,0.042789999999999995
2024-04-08 18:00:00,0.042789999999999995
2024-04-08 19:00:00,0.042789999999999995
2024-04-08 20:00:00,0.042789999999999995
2024-04-08 21:00:00,0.042789999999999995
2024-04-08 22:00:00,0.042789999999999995
2024-04-08 23:00:00,0.04318999999999999
2024-04-09 16:30:00,0.04318999999999999
2024-04-09 17:00:00,0.04318999999999999
2024-04-09 18:00:00,0.04318999999999999
2024-04-09 19:00:00,0.04318999999999999
2024-04-09 20:00:00,0.04318999999999999
2024-04-09 21:00:00,0.04318999999999999
2024-04-09 22:00:00,0.04318999999999999
2024-04-09 23:00:00,0.04328499999999998
2024-04-10 16:30:00,0.04328499999999998
2024-04-10 17:00:00,0.04328499999999998
2024-04-10 18:00:00,0.04328499999999998
2024-04-10 19:00:00,0.04328499999999998
2024-04-10 20:00:00,0.04328499999999998
2024-04-10 21:00:00,0.04328499999999998
2024-04-10 22:00:00,0.04328499999999998
2024-04-10 23:00:00,0.04324999999999999
2024-04-11 16:30:00,0.04324999999999999
2024-04-11 17:00:00,0.04324999999999999
2024-04-11 18:00:00,0.04324999999999999
2024-04-11 19:00:00,0.04324999999999999
2024-04-11 20:00:00,0.04324999999999999
2024-04-11 21:00:00,0.04324999999999999
2024-04-11 22:00:00,0.04324999999999999
2024-04-11 23:00:00,0.04295999999999999
2024-04-12 16:30:00,0.04295999999999999
2024-04-12 17:00:00,0.04295999999999999
2024-04-12 18:00:00,0.04295999999999999
2024-04-12 19:00:00,0.04295999999999999
2024-04-12 20:00:00,0.04295999999999999
2024-04-12 21:00:00,0.04295999999999999
2024-04-12 22:00:00,0.04295999999999999
2024-04-12 23:00:00,0.04301499999999999
2024-04-15 16:30:00,0.04301499999999999
2024-04-15 17:00:00,0.04301499999999999
2024-04-15 18:00:00,0.04301499999999999
2024-04-15 19:00:00,0.04301499999999999
2024-04-15 20:00:00,0.04301499999999999
2024-04-15 21:00:00,0.04301499999999999
2024-04-15 22:00:00,0.04301499999999999
2024-04-15 23:00:00,0.04421999999999998
2024-04-16 16:30:00,0.04421999999999998
2024-04-16 17:00:00,0.04421999999999998
2024-04-16 18:00:00,0.04421999999999998
2024-04-16 19:00:00,0.04421999999999998
2024-04-16 20:00:00,0.04421999999999998
2024-04-16 21:00:00,0.04421999999999998
2024-04-16 22:00:00,0.04421999999999998
2024-04-16 23:00:00,0.04346499999999999
2024-04-17 16:30:00,0.04424499999999999
2024-04-17 17:00:00,0.04409999999999999
2024-04-17 18:00:00,0.044014999999999985
2024-04-17 19:00:00,0.043919999999999994
2024-04-17 20:00:00,0.04392999999999999
2024-04-17 21:00:00,0.043974999999999986
2024-04-17 22:00:00,0.043869999999999985
2024-04-17 23:00:00,0.04384499999999999
2024-04-18 16:30:00,0.04455499999999999
2024-04-18 17:00:00,0.04462999999999999
2024-04-18 18:00:00,0.044894999999999984
2024-04-18 19:00:00,0.04481499999999999
2024-04-18 20:00:00,0.04475499999999999
2024-04-18 21:00:00,0.044744999999999986
2024-04-18 22:00:00,0.04480499999999999
2024-04-18 23:00:00,0.04480499999999999
2024-04-19 16:30:00,0.04523499999999999
2024-04-19 17:00:00,0.04555999999999999
2024-04-19 18:00:00,0.04544499999999999
2024-04-19 19:00:00,0.04528999999999999
2024-04-19 20:00:00,0.04544499999999999
2024-04-19 21:00:00,0.04544499999999999
2024-04-19 22:00:00,0.04541499999999999
2024-04-19 23:00:00,0.04547
2024-04-22 16:30:00,0.04541999999999999
2024-04-22 17:00:00,0.04523999999999999
2024-04-22 18:00:00,0.045194999999999985
2024-04-22 19:00:00,0.04518499999999998
2024-04-22 20:00:00,0.04534499999999998
2024-04-22 21:00:00,0.04534499999999998
2024-04-22 22:00:00,0.045354999999999986
2024-04-22 23:00:00,0.04526999999999999
2024-04-23 16:30:00,0.04476999999999999
2024-04-23 17:00:00,0.044604999999999985
2024-04-23 18:00:00,0.044764999999999985
2024-04-23 19:00:00,0.044779999999999986
2024-04-23 20:00:00,0.04480499999999999
2024-04-23 21:00:00,0.04476999999999999
2024-04-23 22:00:00,0.04475999999999999
2024-04-23 23:00:00,0.04470999999999999
2024-04-24 16:30:00,0.04517999999999999
2024-04-24 17:00:00,0.04531999999999999
2024-04-24 18:00:00,0.04503999999999998
2024-04-24 19:00:00,0.045054999999999984
2024-04-24 20:00:00,0.04510999999999999
2024-04-24 21:00:00,0.045049999999999986
2024-04-24 22:00:00,0.04507499999999999
2024-04-24 23:00:00,0.04505999999999999
2024-04-25 16:30:00,0.04568499999999999
2024-04-25 17:00:00,0.04566499999999998
2024-04-25 18:00:00,0.04558499999999999
2024-04-25 19:00:00,0.04558499999999999
2024-04-25 20:00:00,0.04570499999999999
2024-04-25 21:00:00,0.04575499999999999
2024-04-25 22:00:00,0.04575499999999999
2024-04-25 23:00:00,0.04559499999999999
2024-04-26 16:30:00,0.04607499999999999
2024-04-26 17:00:00,0.04576999999999999
2024-04-26 18:00:00,0.04588499999999999
2024-04-26 19:00:00,0.04591999999999999
2024-04-26 20:00:00,0.045959999999999994
2024-04-26 21:00:00,0.04600499999999999
2024-04-26 22:00:00,0.045984999999999984
2024-04-26 23:00:00,0.045949999999999984
2024-04-29 16:30:00,0.046449999999999984
2024-04-29 17:00:00,0.04652999999999999
2024-04-29 18:00:00,0.04681499999999999
2024-04-29 19:00:00,0.04693999999999999
2024-04-29 20:00:00,0.046929999999999986
2024-04-29 21:00:00,0.04693999999999999
2024-04-29 22:00:00,0.046909999999999986
2024-04-29 23:00:00,0.04700499999999999
2024-04-30 16:30:00,0.045964999999999985
2024-04-30 17:00:00,0.04589499999999999
2024-04-30 18:00:00,0.045874999999999985
2024-04-30 19:00:00,0.04578999999999999
2024-04-30 20:00:00,0.04588499999999999
2024-04-30 21:00:00,0.04584499999999999
2024-04-30 22:00:00,0.04575499999999999
2024-04-30 23:00:00,0.04561499999999999
2024-05-01 16:30:00,0.04559499999999999
2024-05-01 17:00:00,0.045634999999999995
2024-05-01 18:00:00,0.045634999999999995
2024-05-01 19:00:00,0.045674999999999986
2024-05-01 20:00:00,0.045654999999999994
2024-05-01 21:00:00,0.046144999999999985
2024-05-01 22:00:00,0.045779999999999994
2024-05-01 23:00:00,0.04589499999999999
2024-05-02 16:30:00,0.045049999999999986
2024-05-02 17:00:00,0.04518499999999998
2024-05-02 18:00:00,0.04500499999999999
2024-05-02 19:00:00,0.04493999999999999
2024-05-02 20:00:00,0.04516499999999999
2024-05-02 21:00:00,0.04530499999999999
2024-05-02 22:00:00,0.04524499999999999
2024-05-02 23:00:00,0.045054999999999984
2024-05-03 16:30:00,0.04569999999999999
2024-05-03 17:00:00,0.045619999999999994
2024-05-03 18:00:00,0.04571999999999999
2024-05-03 19:00:00,0.04575999999999999
2024-05-03 20:00:00,0.04574499999999999
2024-05-03 21:00:00,0.04574499999999999
2024-05-03 22:00:00,0.045799999999999993
2024-05-03 23:00:00,0.045889999999999986
2024-05-06 16:30:00,0.046499999999999986
2024-05-06 17:00:00,0.04636999999999999
2024-05-06 18:00:00,0.04643499999999998
2024-05-06 19:00:00,0.04643999999999999
2024-05-06 20:00:00,0.046319999999999986
2024-05-06 21:00:00,0.046304999999999985
2024-05-06 22:00:00,0.046304999999999985
2024-05-06 23:00:00,0.046304999999999985
2024-05-07 16:30:00,0.046084999999999994
2024-05-07 17:00:00,0.04627999999999999
2024-05-07 18:00:00,0.04629499999999999
2024-05-07 19:00:00,0.04633999999999999
2024-05-07 20:00:00,0.04622499999999999
2024-05-07 21:00:00,0.046159999999999986
2024-05-07 22:00:00,0.04613499999999999
2024-05-07 23:00:00,0.046264999999999994
2024-05-08 16:30:00,0.04560499999999999
2024-05-08 17:00:00,0.045634999999999995
2024-05-08 18:00:00,0.045654999999999994
2024-05-08 19:00:00,0.04560499999999999
2024-05-08 20:00:00,0.045659999999999985
2024-05-08 21:00:00,0.045654999999999994
2024-05-08 22:00:00,0.045659999999999985
2024-05-08 23:00:00,0.045619999999999994
2024-05-09 16:30:00,0.04578999999999999
2024-05-09 17:00:00,0.04583499999999999
2024-05-09 18:00:00,0.045959999999999994
2024-05-09 19:00:00,0.04598999999999999
2024-05-09 20:00:00,0.04615499999999999
2024-05-09 21:00:00,0.04621499999999999
2024-05-09 22:00:00,0.04620499999999999
2024-05-09 23:00:00,0.046244999999999994
2024-05-10 16:30:00,0.04667999999999999
2024-05-10 17:00:00,0.04651999999999999
2024-05-10 18:00:00,0.04667499999999999
2024-05-10 19:00:00,0.046754999999999984
2024-05-10 20:00:00,0.04678999999999999
2024-05-10 21:00:00,0.046784999999999986
2024-05-10 22:00:00,0.04678999999999999
2024-05-10 23:00:00,0.04672999999999999
2024-05-13 16:30:00,0.04740999999999999
2024-05-13 17:00:00,0.04753499999999999
2024-05-13 18:00:00,0.047679999999999986
2024-05-13 19:00:00,0.04770999999999999
2024-05-13 20:00:00,0.047814999999999996
2024-05-13 21:00:00,0.04784999999999999
2024-05-13 22:00:00,0.04793499999999999
2024-05-13 23:00:00,0.04792499999999999
2024-05-14 16:30:00,0.04900499999999999
2024-05-14 17:00:00,0.04958499999999999
2024-05-14 18:00:00,0.04972999999999999
2024-05-14 19:00:00,0.049204999999999985
2024-05-14 20:00:00,0.049094999999999986
2024-05-14 21:00:00,0.04906999999999999
2024-05-14 22:00:00,0.04916499999999999
2024-05-14 23:00:00,0.049159999999999995
2024-05-15 16:30:00,0.04866999999999999
2024-05-15 17:00:00,0.04927999999999999
2024-05-15 18:00:00,0.04922999999999999
2024-05-15 19:00:00,0.049449999999999994
2024-05-15 20:00:00,0.04953499999999999
2024-05-15 21:00:00,0.04951999999999999
2024-05-15 22:00:00,0.04944499999999999
2024-05-15 23:00:00,0.04945499999999999
2024-05-16 16:30:00,0.04880499999999999
2024-05-16 17:00:00,0.04885499999999998
2024-05-16 18:00:00,0.04899499999999999
2024-05-16 19:00:00,0.04896999999999999
2024-05-16 20:00:00,0.04899499999999999
2024-05-16 21:00:00,0.049079999999999985
2024-05-16 22:00:00,0.04909999999999999
2024-05-16 23:00:00,0.049019999999999994
2024-05-17 16:30:00,0.050404999999999985
2024-05-17 17:00:00,0.050254999999999994
2024-05-17 18:00:00,0.05045999999999999
2024-05-17 19:00:00,0.050614999999999986
2024-05-17 20:00:00,0.05079499999999999
2024-05-17 21:00:00,0.05089499999999999
2024-05-17 22:00:00,0.05105999999999999
2024-05-17 23:00:00,0.05103499999999998
2024-05-20 16:30:00,0.05065999999999999
2024-05-20 17:00:00,0.05064499999999999
2024-05-20 18:00:00,0.050859999999999995
2024-05-20 19:00:00,0.05098499999999999
2024-05-20 20:00:00,0.05126499999999999
2024-05-20 21:00:00,0.05128999999999999
2024-05-20 22:00:00,0.05121499999999999
2024-05-20 23:00:00,0.05099999999999999
2024-05-21 16:30:00,0.05131499999999999
2024-05-21 17:00:00,0.051484999999999996
2024-05-21 18:00:00,0.05110999999999999
2024-05-21 19:00:00,0.05115499999999999
2024-05-21 20:00:00,0.051349999999999986
2024-05-21 21:00:00,0.05120499999999999
2024-05-21 22:00:00,0.05125999999999999
2024-05-21 23:00:00,0.051269999999999996
2024-05-22 16:30:00,0.04938499999999999
2024-05-22 17:00:00,0.048739999999999985
2024-05-22 18:00:00,0.04860499999999999
2024-05-22 19:00:00,0.04863999999999999
2024-05-22 20:00:00,0.04847999999999999
2024-05-22 21:00:00,0.04832999999999999
2024-05-22 22:00:00,0.04831999999999999
2024-05-22 23:00:00,0.048694999999999995
2024-05-23 16:30:00,0.04873499999999999
2024-05-23 17:00:00,0.04824499999999998
2024-05-23 18:00:00,0.04818499999999999
2024-05-23 19:00:00,0.04807999999999999
2024-05-23 20:00:00,0.048004999999999985
2024-05-23 21:00:00,0.04791499999999999
2024-05-23 22:00:00,0.04788999999999999
2024-05-23 23:00:00,0.04813499999999999
2024-05-24 16:30:00,0.04800999999999999
2024-05-24 17:00:00,0.047954999999999984
2024-05-24 18:00:00,0.04776999999999999
2024-05-24 19:00:00,0.04785499999999999
2024-05-24 20:00:00,0.04779499999999998
2024-05-24 21:00:00,0.047809999999999984
2024-05-24 22:00:00,0.047824999999999986
2024-05-24 23:00:00,0.047799999999999995
2024-05-28 16:30:00,0.04847499999999999
2024-05-28 17:00:00,0.04853499999999999
2024-05-28 18:00:00,0.048714999999999994
2024-05-28 19:00:00,0.048774999999999985
2024-05-28 20:00:00,0.04880999999999999
2024-05-28 21:00:00,0.04873499999999999
2024-05-28 22:00:00,0.04884999999999999
2024-05-28 23:00:00,0.048984999999999994
2024-05-29 16:30:00,0.04802499999999999
2024-05-29 17:00:00,0.048149999999999984
2024-05-29 18:00:00,0.04804999999999999
2024-05-29 19:00:00,0.04807499999999999
2024-05-29 20:00:00,0.048144999999999986
2024-05-29 21:00:00,0.04803999999999999
2024-05-29 22:00:00,0.047984999999999986
2024-05-29 23:00:00,0.048119999999999996
2024-05-30 16:30:00,0.04684999999999999
2024-05-30 17:00:00,0.04677999999999999
2024-05-30 18:00:00,0.04678999999999999
2024-05-30 19:00:00,0.04675999999999999
2024-05-30 20:00:00,0.04682999999999999
2024-05-30 21:00:00,0.046784999999999986
2024-05-30 22:00:00,0.04673999999999998
2024-05-30 23:00:00,0.04677499999999999
2024-05-31 16:30:00,0.04652999999999999
2024-05-31 17:00:00,0.046254999999999984
2024-05-31 18:00:00,0.04613499999999999
2024-05-31 19:00:00,0.04617999999999999
2024-05-31 20:00:00,0.04627999999999999
2024-05-31 21:00:00,0.04629999999999999
2024-05-31 22:00:00,0.04639499999999999
2024-05-31 23:00:00,0.04648499999999999
2024-06-03 16:30:00,0.04673999999999998
2024-06-03 17:00:00,0.046749999999999986
2024-06-03 18:00:00,0.04688999999999999
2024-06-03 19:00:00,0.046724999999999996
2024-06-03 20:00:00,0.04687499999999999
2024-06-03 21:00:00,0.04684999999999999
2024-06-03 22:00:00,0.046884999999999996
2024-06-03 23:00:00,0.046884999999999996
2024-06-04 16:30:00,0.04555999999999999
2024-06-04 17:00:00,0.04566499999999998
2024-06-04 18:00:00,0.04558999999999999
2024-06-04 19:00:00,0.04560999999999999
2024-06-04 20:00:00,0.04562999999999999
2024-06-04 21:00:00,0.045659999999999985
2024-06-04 22:00:00,0.045659999999999985
2024-06-04 23:00:00,0.04557999999999999
2024-06-05 16:30:00,0.04578999999999999
2024-06-05 17:00:00,0.045679999999999985
2024-06-05 18:00:00,0.04620499999999999
2024-06-05 19:00:00,0.04634499999999999
2024-06-05 20:00:00,0.046419999999999996
2024-06-05 21:00:00,0.04650499999999999
2024-06-05 22:00:00,0.04651999999999999
2024-06-05 23:00:00,0.04647999999999999
2024-06-06 16:30:00,0.04659999999999999
2024-06-06 17:00:00,0.046724999999999996
2024-06-06 18:00:00,0.047029999999999995
2024-06-06 19:00:00,0.04698999999999999
2024-06-06 20:00:00,0.04695999999999999
2024-06-06 21:00:00,0.04692499999999999
2024-06-06 22:00:00,0.046909999999999986
2024-06-06 23:00:00,0.046929999999999986
2024-06-07 16:30:00,0.04527499999999999
2024-06-07 17:00:00,0.04539499999999999
2024-06-07 18:00:00,0.04498999999999999
2024-06-07 19:00:00,0.04500499999999999
2024-06-07 20:00:00,0.044894999999999984
2024-06-07 21:00:00,0.04493499999999999
2024-06-07 22:00:00,0.04479499999999999
2024-06-07 23:00:00,0.045044999999999995
2024-06-10 16:30:00,0.04559499999999999
2024-06-10 17:00:00,0.04539499999999999
2024-06-10 18:00:00,0.04571999999999999
2024-06-10 19:00:00,0.045659999999999985
2024-06-10 20:00:00,0.04571999999999999
2024-06-10 21:00:00,0.045679999999999985
2024-06-10 22:00:00,0.045694999999999986
2024-06-10 23:00:00,0.045645
2024-06-11 16:30:00,0.045009999999999994
2024-06-11 17:00:00,0.045044999999999995
2024-06-11 18:00:00,0.045034999999999985
2024-06-11 19:00:00,0.04502499999999998
2024-06-11 20:00:00,0.04532999999999998
2024-06-11 21:00:00,0.04534499999999998
2024-06-11 22:00:00,0.045359999999999984
2024-06-11 23:00:00,0.04537999999999999
2024-06-12 16:30:00,0.04582999999999999
2024-06-12 17:00:00,0.04582999999999999
2024-06-12 18:00:00,0.046099999999999995
2024-06-12 19:00:00,0.04593499999999999
2024-06-12 20:00:00,0.04585999999999999
2024-06-12 21:00:00,0.045619999999999994
2024-06-12 22:00:00,0.045494999999999994
2024-06-12 23:00:00,0.04587999999999999
2024-06-13 16:30:00,0.04550499999999998
2024-06-13 17:00:00,0.045314999999999994
2024-06-13 18:00:00,0.04491499999999999
2024-06-13 19:00:00,0.04501999999999999
2024-06-13 20:00:00,0.045034999999999985
2024-06-13 21:00:00,0.04506499999999999
2024-06-13 22:00:00,0.04505999999999999
2024-06-13 23:00:00,0.04502499999999998
2024-06-14 16:30:00,0.044959999999999986
2024-06-14 17:00:00,0.045009999999999994
2024-06-14 18:00:00,0.04516499999999999
2024-06-14 19:00:00,0.04509499999999999
2024-06-14 20:00:00,0.04517999999999999
2024-06-14 21:00:00,0.04523999999999999
2024-06-14 22:00:00,0.045214999999999984
2024-06-14 23:00:00,0.04515999999999999
2024-06-17 16:30:00,0.044434999999999995
2024-06-17 17:00:00,0.044485000000000004
2024-06-17 18:00:00,0.044535000000000005
2024-06-17 19:00:00,0.04463
2024-06-17 20:00:00,0.044665
2024-06-17 21:00:00,0.044775
2024-06-17 22:00:00,0.044775
2024-06-17 23:00:00,0.044765
2024-06-18 16:30:00,0.044505
2024-06-18 17:00:00,0.044449999999999996
2024-06-18 18:00:00,0.04465999999999999
2024-06-18 19:00:00,0.044724999999999994
2024-06-18 20:00:00,0.044825000000000004
2024-06-18 21:00:00,0.044899999999999995
2024-06-18 22:00:00,0.044915
2024-06-18 23:00:00,0.044915
2024-06-20 16:30:00,0.04553
2024-06-20 17:00:00,0.045599999999999995
2024-06-20 18:00:00,0.045450000000000004
2024-06-20 19:00:00,0.045454999999999995
2024-06-20 20:00:00,0.045619999999999994
2024-06-20 21:00:00,0.045595000000000004
2024-06-20 22:00:00,0.04555
2024-06-20 23:00:00,0.045540000000000004
2024-06-21 16:30:00,0.044535000000000005
2024-06-21 17:00:00,0.04467499999999999
2024-06-21 18:00:00,0.04476
2024-06-21 19:00:00,0.04464
2024-06-21 20:00:00,0.044565
2024-06-21 21:00:00,0.044544999999999994
2024-06-21 22:00:00,0.044555
2024-06-21 23:00:00,0.044485000000000004
2024-06-24 16:30:00,0.04473
2024-06-24 17:00:00,0.044605
2024-06-24 18:00:00,0.04451499999999999
2024-06-24 19:00:00,0.04446
2024-06-24 20:00:00,0.04451499999999999
2024-06-24 21:00:00,0.044605
2024-06-24 22:00:00,0.04457
2024-06-24 23:00:00,0.04451499999999999
2024-06-25 16:30:00,0.04417
2024-06-25 17:00:00,0.044145
2024-06-25 18:00:00,0.044155
2024-06-25 19:00:00,0.04404
2024-06-25 20:00:00,0.043975
2024-06-25 21:00:00,0.04396
2024-06-25 22:00:00,0.043984999999999996
2024-06-25 23:00:00,0.04401
2024-06-26 16:30:00,0.04374499999999999
2024-06-26 17:00:00,0.043934999999999995
2024-06-26 18:00:00,0.043949999999999996
2024-06-26 19:00:00,0.043969999999999995
2024-06-26 20:00:00,0.044135
2024-06-26 21:00:00,0.043945
2024-06-26 22:00:00,0.04403
2024-06-26 23:00:00,0.04398
2024-06-27 16:30:00,0.04409999999999999
2024-06-27 17:00:00,0.044005
2024-06-27 18:00:00,0.04372
2024-06-27 19:00:00,0.04369
2024-06-27 20:00:00,0.043785
2024-06-27 21:00:00,0.043755
2024-06-27 22:00:00,0.04367
2024-06-27 23:00:00,0.043795
2024-06-28 16:30:00,0.0443
2024-06-28 17:00:00,0.044399999999999995
2024-06-28 18:00:00,0.04419
2024-06-28 19:00:00,0.044245
2024-06-28 20:00:00,0.04415
2024-06-28 21:00:00,0.044079999999999994
2024-06-28 22:00:00,0.044079999999999994
2024-06-28 23:00:00,0.04404
2024-07-01 16:30:00,0.04446
2024-07-01 17:00:00,0.044395
2024-07-01 18:00:00,0.04444
2024-07-01 19:00:00,0.04449
2024-07-01 20:00:00,0.044414999999999996
2024-07-01 21:00:00,0.044384999999999994
2024-07-01 22:00:00,0.044434999999999995
2024-07-01 23:00:00,0.04449
2024-07-02 16:30:00,0.04497999999999999
2024-07-02 17:00:00,0.044719999999999996
2024-07-02 18:00:00,0.04463
2024-07-02 19:00:00,0.044594999999999996
2024-07-02 20:00:00,0.044524999999999995
2024-07-02 21:00:00,0.044585
2024-07-02 22:00:00,0.04457
2024-07-02 23:00:00,0.044585
2024-07-03 16:30:00,0.04571
2024-07-03 17:00:00,0.045855
2024-07-03 18:00:00,0.045744999999999994
2024-07-03 19:00:00,0.04571
2024-07-03 23:00:00,0.045645
2024-07-05 16:30:00,0.04683
2024-07-05 17:00:00,0.04644
2024-07-05 18:00:00,0.04672
2024-07-05 19:00:00,0.046735
2024-07-05 20:00:00,0.04683999999999999
2024-07-05 21:00:00,0.04699
2024-07-05 22:00:00,0.047035
2024-07-05 23:00:00,0.04683
2024-07-08 16:30:00,0.046905
2024-07-08 17:00:00,0.046689999999999995
2024-07-08 18:00:00,0.046529999999999995
2024-07-08 19:00:00,0.0465
2024-07-08 20:00:00,0.04633
2024-07-08 21:00:00,0.046315
2024-07-08 22:00:00,0.04637499999999999
2024-07-08 23:00:00,0.046490000000000004
2024-07-09 16:30:00,0.04647
2024-07-09 17:00:00,0.046294999999999996
2024-07-09 18:00:00,0.04612
2024-07-09 19:00:00,0.04609
2024-07-09 20:00:00,0.046165
2024-07-09 21:00:00,0.04616
2024-07-09 22:00:00,0.046165
2024-07-09 23:00:00,0.046084999999999994
2024-07-10 16:30:00,0.046785
2024-07-10 17:00:00,0.046585
2024-07-10 18:00:00,0.04646
2024-07-10 19:00:00,0.04648
2024-07-10 20:00:00,0.046195
2024-07-10 21:00:00,0.046224999999999995
2024-07-10 22:00:00,0.04628
2024-07-10 23:00:00,0.046239999999999996
2024-07-11 16:30:00,0.045744999999999994
2024-07-11 17:00:00,0.04571
2024-07-11 18:00:00,0.045515
2024-07-11 19:00:00,0.045385
2024-07-11 20:00:00,0.04541
2024-07-11 21:00:00,0.045425
2024-07-11 22:00:00,0.045395
2024-07-11 23:00:00,0.045375
2024-07-12 16:30:00,0.046125
2024-07-12 17:00:00,0.046239999999999996
2024-07-12 18:00:00,0.04621499999999999
2024-07-12 19:00:00,0.046195
2024-07-12 20:00:00,0.046255
2024-07-12 21:00:00,0.046209999999999994
2024-07-12 22:00:00,0.046134999999999995
2024-07-12 23:00:00,0.046239999999999996
2024-07-15 16:30:00,0.045805
2024-07-15 17:00:00,0.045855
2024-07-15 18:00:00,0.045655
2024-07-15 19:00:00,0.045595000000000004
2024-07-15 20:00:00,0.045415000000000004
2024-07-15 21:00:00,0.045459999999999993
2024-07-15 22:00:00,0.045465
2024-07-15 23:00:00,0.045425
2024-07-16 16:30:00,0.04471
2024-07-16 17:00:00,0.044895
2024-07-16 18:00:00,0.04494
2024-07-16 19:00:00,0.044879999999999996
2024-07-16 20:00:00,0.04486
2024-07-16 21:00:00,0.044855
2024-07-16 22:00:00,0.04492
2024-07-16 23:00:00,0.044805
2024-07-17 16:30:00,0.044594999999999996
2024-07-17 17:00:00,0.044395
2024-07-17 18:00:00,0.04449
2024-07-17 19:00:00,0.044365
2024-07-17 20:00:00,0.04439
2024-07-17 21:00:00,0.044360000000000004
2024-07-17 22:00:00,0.044425
2024-07-17 23:00:00,0.044475
2024-07-18 16:30:00,0.043469999999999995
2024-07-18 17:00:00,0.04329499999999999
2024-07-18 18:00:00,0.043175
2024-07-18 19:00:00,0.04312
2024-07-18 20:00:00,0.04308
2024-07-18 21:00:00,0.042945
2024-07-18 22:00:00,0.042925
2024-07-18 23:00:00,0.043105
2024-07-19 16:30:00,0.043045
2024-07-19 17:00:00,0.042874999999999996
2024-07-19 18:00:00,0.04273
2024-07-19 19:00:00,0.042684999999999994
2024-07-19 20:00:00,0.04267
2024-07-19 21:00:00,0.042665
2024-07-19 22:00:00,0.042660000000000003
2024-07-19 23:00:00,0.04267499999999999
2024-07-22 16:30:00,0.041964999999999995
2024-07-22 17:00:00,0.042035
2024-07-22 18:00:00,0.04214
2024-07-22 19:00:00,0.04222499999999999
2024-07-22 20:00:00,0.0423
2024-07-22 21:00:00,0.042325
2024-07-22 22:00:00,0.04235
2024-07-22 23:00:00,0.042284999999999996
2024-07-23 16:30:00,0.041825
2024-07-23 17:00:00,0.041875
2024-07-23 18:00:00,0.042005
2024-07-23 19:00:00,0.04191999999999999
2024-07-23 20:00:00,0.04191999999999999
2024-07-23 21:00:00,0.04191
2024-07-23 22:00:00,0.04194
2024-07-23 23:00:00,0.04197
2024-07-24 16:30:00,0.04159999999999999
2024-07-24 17:00:00,0.04165
2024-07-24 18:00:00,0.041534999999999996
2024-07-24 19:00:00,0.04142
2024-07-24 20:00:00,0.041315000000000004
2024-07-24 21:00:00,0.04113499999999999
2024-07-24 22:00:00,0.04117
2024-07-24 23:00:00,0.0411
2024-07-25 16:30:00,0.041339999999999995
2024-07-25 17:00:00,0.041765000000000004
2024-07-25 18:00:00,0.04169
2024-07-25 19:00:00,0.041565
2024-07-25 20:00:00,0.04151
2024-07-25 21:00:00,0.04146999999999999
2024-07-25 22:00:00,0.041440000000000005
2024-07-25 23:00:00,0.041484999999999994
2024-07-26 16:30:00,0.04155
2024-07-26 17:00:00,0.04152
2024-07-26 18:00:00,0.041555
2024-07-26 19:00:00,0.04156
2024-07-26 20:00:00,0.041374999999999995
2024-07-26 21:00:00,0.041339999999999995
2024-07-26 22:00:00,0.04142
2024-07-26 23:00:00,0.041405
2024-07-29 16:30:00,0.041084999999999997
2024-07-29 17:00:00,0.04106
2024-07-29 18:00:00,0.04119
2024-07-29 19:00:00,0.041084999999999997
2024-07-29 20:00:00,0.04114
2024-07-29 21:00:00,0.041159999999999995
2024-07-29 22:00:00,0.041229999999999996
2024-07-29 23:00:00,0.04125
2024-07-30 16:30:00,0.04078
2024-07-30 17:00:00,0.04093
2024-07-30 18:00:00,0.04094
2024-07-30 19:00:00,0.041075
2024-07-30 20:00:00,0.04121
2024-07-30 21:00:00,0.041229999999999996
2024-07-30 22:00:00,0.041229999999999996
2024-07-30 23:00:00,0.041229999999999996
2024-07-31 16:30:00,0.042210000000000004
2024-07-31 17:00:00,0.042109999999999995
2024-07-31 18:00:00,0.04217
2024-07-31 19:00:00,0.042185
2024-07-31 20:00:00,0.042159999999999996
2024-07-31 21:00:00,0.04234
2024-07-31 22:00:00,0.042185
2024-07-31 23:00:00,0.042269999999999995
2024-08-01 16:30:00,0.04185
2024-08-01 17:00:00,0.041354999999999996
2024-08-01 18:00:00,0.04129
2024-08-01 19:00:00,0.0412
2024-08-01 20:00:00,0.04098
2024-08-01 21:00:00,0.040915
2024-08-01 22:00:00,0.041045
2024-08-01 23:00:00,0.040985
2024-08-02 16:30:00,0.04145
2024-08-02 17:00:00,0.041395
2024-08-02 18:00:00,0.04137
2024-08-02 19:00:00,0.04138
2024-08-02 20:00:00,0.04141
2024-08-02 21:00:00,0.041435
2024-08-02 22:00:00,0.04156
2024-08-02 23:00:00,0.041339999999999995
2024-08-05 16:30:00,0.040389999999999995
2024-08-05 17:00:00,0.040485
2024-08-05 18:00:00,0.040424999999999996
2024-08-05 19:00:00,0.04052
2024-08-05 20:00:00,0.04027
2024-08-05 21:00:00,0.040195
2024-08-05 22:00:00,0.04035
2024-08-05 23:00:00,0.04035
2024-08-06 16:30:00,0.040404999999999996
2024-08-06 17:00:00,0.04056
2024-08-06 18:00:00,0.04069999999999999
2024-08-06 19:00:00,0.04066
2024-08-06 20:00:00,0.04063
2024-08-06 21:00:00,0.040565
2024-08-06 22:00:00,0.040435
2024-08-06 23:00:00,0.040404999999999996
2024-08-07 16:30:00,0.03998
2024-08-07 17:00:00,0.04006
2024-08-07 18:00:00,0.0399
2024-08-07 19:00:00,0.039885
2024-08-07 20:00:00,0.03976
2024-08-07 21:00:00,0.039639999999999995
2024-08-07 22:00:00,0.03969
2024-08-07 23:00:00,0.03983
2024-08-08 16:30:00,0.03991
2024-08-08 17:00:00,0.039939999999999996
2024-08-08 18:00:00,0.04006
2024-08-08 19:00:00,0.040119999999999996
2024-08-08 20:00:00,0.040055
2024-08-08 21:00:00,0.04007
2024-08-08 22:00:00,0.04008
2024-08-08 23:00:00,0.0399
2024-08-09 16:30:00,0.040415
2024-08-09 17:00:00,0.04033
2024-08-09 18:00:00,0.040279999999999996
2024-08-09 19:00:00,0.04013
2024-08-09 20:00:00,0.04017
2024-08-09 21:00:00,0.040185
2024-08-09 22:00:00,0.040185
2024-08-09 23:00:00,0.04015
2024-08-12 16:30:00,0.040835
2024-08-12 17:00:00,0.041125
2024-08-12 18:00:00,0.04109
2024-08-12 19:00:00,0.040999999999999995
2024-08-12 20:00:00,0.041019999999999994
2024-08-12 21:00:00,0.04108
2024-08-12 22:00:00,0.04106
2024-08-12 23:00:00,0.040995000000000004
2024-08-13 16:30:00,0.040725
2024-08-13 17:00:00,0.040714999999999994
2024-08-13 18:00:00,0.04063
2024-08-13 19:00:00,0.04082999999999999
2024-08-13 20:00:00,0.040815000000000004
2024-08-13 21:00:00,0.040955
2024-08-13 22:00:00,0.04092
2024-08-13 23:00:00,0.040825
2024-08-14 16:30:00,0.0411
2024-08-14 17:00:00,0.04104
2024-08-14 18:00:00,0.040835
2024-08-14 19:00:00,0.04068
2024-08-14 20:00:00,0.04069999999999999
2024-08-14 21:00:00,0.040815000000000004
2024-08-14 22:00:00,0.04072
2024-08-14 23:00:00,0.040709999999999996
2024-08-15 16:30:00,0.041735
2024-08-15 17:00:00,0.041885
2024-08-15 18:00:00,0.041895
2024-08-15 19:00:00,0.04185
2024-08-15 20:00:00,0.041735
2024-08-15 21:00:00,0.04177499999999999
2024-08-15 22:00:00,0.041735
2024-08-15 23:00:00,0.04173
2024-08-16 16:30:00,0.04151
2024-08-16 17:00:00,0.041600000000000005
2024-08-16 18:00:00,0.0417
2024-08-16 19:00:00,0.041735
2024-08-16 20:00:00,0.041920000000000006
2024-08-16 21:00:00,0.041905000000000005
2024-08-16 22:00:00,0.04194
2024-08-16 23:00:00,0.04181
2024-08-19 16:30:00,0.0421
2024-08-19 17:00:00,0.04215
2024-08-19 18:00:00,0.042234999999999995
2024-08-19 19:00:00,0.042175000000000004
2024-08-19 20:00:00,0.04227
2024-08-19 21:00:00,0.042305
2024-08-19 22:00:00,0.042345
2024-08-19 23:00:00,0.0422
2024-08-20 16:30:00,0.04226
2024-08-20 17:00:00,0.042210000000000004
2024-08-20 18:00:00,0.042
2024-08-20 19:00:00,0.041909999999999996
2024-08-20 20:00:00,0.041905000000000005
2024-08-20 21:00:00,0.041965
2024-08-20 22:00:00,0.041965
2024-08-20 23:00:00,0.042010000000000006
2024-08-21 16:30:00,0.04211
2024-08-21 17:00:00,0.042074999999999994
2024-08-21 18:00:00,0.042300000000000004
2024-08-21 19:00:00,0.04226
2024-08-21 20:00:00,0.042315
2024-08-21 21:00:00,0.04245
2024-08-21 22:00:00,0.04238000000000001
2024-08-21 23:00:00,0.042265
2024-08-22 16:30:00,0.042055
2024-08-22 17:00:00,0.04188
2024-08-22 18:00:00,0.04178
2024-08-22 19:00:00,0.04185
2024-08-22 20:00:00,0.0417
2024-08-22 21:00:00,0.04175
2024-08-22 22:00:00,0.041740000000000006
2024-08-22 23:00:00,0.04186
2024-08-23 16:30:00,0.042030000000000005
2024-08-23 17:00:00,0.042350000000000006
2024-08-23 18:00:00,0.042465
2024-08-23 19:00:00,0.042394999999999995
2024-08-23 20:00:00,0.042530000000000005
2024-08-23 21:00:00,0.042495000000000005
2024-08-23 22:00:00,0.042495000000000005
2024-08-23 23:00:00,0.04245
2024-08-26 16:30:00,0.042705
2024-08-26 17:00:00,0.042695
2024-08-26 18:00:00,0.04261
2024-08-26 19:00:00,0.042815000000000006
2024-08-26 20:00:00,0.04279
2024-08-26 21:00:00,0.042714999999999996
2024-08-26 22:00:00,0.042679999999999996
2024-08-26 23:00:00,0.04281000000000001
2024-08-27 16:30:00,0.04303
2024-08-27 17:00:00,0.043085000000000005
2024-08-27 18:00:00,0.043105000000000004
2024-08-27 19:00:00,0.043025
2024-08-27 20:00:00,0.04301
2024-08-27 21:00:00,0.043035
2024-08-27 22:00:00,0.042995
2024-08-27 23:00:00,0.043035000000000004
2024-08-28 16:30:00,0.04236
2024-08-28 17:00:00,0.0424
2024-08-28 18:00:00,0.042225000000000006
2024-08-28 19:00:00,0.042190000000000005
2024-08-28 20:00:00,0.042089999999999995
2024-08-28 21:00:00,0.042135
2024-08-28 22:00:00,0.042145
2024-08-28 23:00:00,0.04213
2024-08-29 16:30:00,0.04213
2024-08-29 17:00:00,0.042195
2024-08-29 18:00:00,0.042155
2024-08-29 19:00:00,0.042225000000000006
2024-08-29 20:00:00,0.04226
2024-08-29 21:00:00,0.042105
2024-08-29 22:00:00,0.042074999999999994
2024-08-29 23:00:00,0.042225000000000006
2024-08-30 16:30:00,0.04228
2024-08-30 17:00:00,0.042265
2024-08-30 18:00:00,0.042115
2024-08-30 19:00:00,0.04211
2024-08-30 20:00:00,0.042155
2024-08-30 21:00:00,0.04215
2024-08-30 22:00:00,0.042195
2024-08-30 23:00:00,0.042115
2024-09-03 16:30:00,0.040645
2024-09-03 17:00:00,0.040685000000000006
2024-09-03 18:00:00,0.040885
2024-09-03 19:00:00,0.040925
2024-09-03 20:00:00,0.040925
2024-09-03 21:00:00,0.040895
2024-09-03 22:00:00,0.040895
2024-09-03 23:00:00,0.04092
2024-09-04 16:30:00,0.040830000000000005
2024-09-04 17:00:00,0.04100500000000001
2024-09-04 18:00:00,0.040735
2024-09-04 19:00:00,0.040795000000000005
2024-09-04 20:00:00,0.040744999999999996
2024-09-04 21:00:00,0.040765
2024-09-04 22:00:00,0.040835
2024-09-04 23:00:00,0.04079
2024-09-05 16:30:00,0.04147
2024-09-05 17:00:00,0.041535
2024-09-05 18:00:00,0.041315
2024-09-05 19:00:00,0.041365
2024-09-05 20:00:00,0.04138
2024-09-05 21:00:00,0.04139
2024-09-05 22:00:00,0.041375
2024-09-05 23:00:00,0.041375
2024-09-06 16:30:00,0.04113000000000001
2024-09-06 17:00:00,0.040945
2024-09-06 18:00:00,0.040839999999999994
2024-09-06 19:00:00,0.040735
2024-09-06 20:00:00,0.040679999999999994
2024-09-06 21:00:00,0.040715
2024-09-06 22:00:00,0.040715
2024-09-06 23:00:00,0.040650000000000006
2024-09-09 16:30:00,0.04122
2024-09-09 17:00:00,0.04117
2024-09-09 18:00:00,0.041375
2024-09-09 19:00:00,0.041440000000000005
2024-09-09 20:00:00,0.04135
2024-09-09 21:00:00,0.041355
2024-09-09 22:00:00,0.0414
2024-09-09 23:00:00,0.04141
2024-09-10 16:30:00,0.040990000000000006
2024-09-10 17:00:00,0.041045
2024-09-10 18:00:00,0.040905
2024-09-10 19:00:00,0.040975000000000004
2024-09-10 20:00:00,0.040999999999999995
2024-09-10 21:00:00,0.041095
2024-09-10 22:00:00,0.041075
2024-09-10 23:00:00,0.04098
2024-09-11 16:30:00,0.041319999999999996
2024-09-11 17:00:00,0.0412
2024-09-11 18:00:00,0.041449999999999994
2024-09-11 19:00:00,0.041425000000000003
2024-09-11 20:00:00,0.041600000000000005
2024-09-11 21:00:00,0.041575
2024-09-11 22:00:00,0.041665
2024-09-11 23:00:00,0.041685
2024-09-12 16:30:00,0.041765
2024-09-12 17:00:00,0.041965
2024-09-12 18:00:00,0.04195
2024-09-12 19:00:00,0.04196
2024-09-12 20:00:00,0.04194
2024-09-12 21:00:00,0.041975
2024-09-12 22:00:00,0.042115
2024-09-12 23:00:00,0.0421
2024-09-13 16:30:00,0.042325
2024-09-13 17:00:00,0.042315
2024-09-13 18:00:00,0.042465
2024-09-13 19:00:00,0.042355000000000004
2024-09-13 20:00:00,0.042185
2024-09-13 21:00:00,0.042165
2024-09-13 22:00:00,0.04226
2024-09-13 23:00:00,0.04236000000000001
2024-09-16 16:30:00,0.042905
2024-09-16 17:00:00,0.042910000000000004
2024-09-16 18:00:00,0.042785000000000004
2024-09-16 19:00:00,0.042725
2024-09-16 20:00:00,0.04271
2024-09-16 21:00:00,0.042675000000000005
2024-09-16 22:00:00,0.04268500000000001
2024-09-16 23:00:00,0.042735
2024-09-17 16:30:00,0.042785000000000004
2024-09-17 17:00:00,0.04288
2024-09-17 18:00:00,0.04269
2024-09-17 19:00:00,0.042695
2024-09-17 20:00:00,0.04275
2024-09-17 21:00:00,0.04278
2024-09-17 22:00:00,0.04281
2024-09-17 23:00:00,0.04284500000000001
2024-09-18 16:30:00,0.042895
2024-09-18 17:00:00,0.043
2024-09-18 18:00:00,0.04295
2024-09-18 19:00:00,0.04295
2024-09-18 20:00:00,0.042885
2024-09-18 21:00:00,0.043129999999999995
2024-09-18 22:00:00,0.04269
2024-09-18 23:00:00,0.042699999999999995
2024-09-19 16:30:00,0.043445000000000004
2024-09-19 17:00:00,0.043410000000000004
2024-09-19 18:00:00,0.043449999999999996
2024-09-19 19:00:00,0.043484999999999996
2024-09-19 20:00:00,0.04354
2024-09-19 21:00:00,0.043505
2024-09-19 22:00:00,0.04348
2024-09-19 23:00:00,0.04347
2024-09-20 16:30:00,0.0434
2024-09-20 17:00:00,0.043280000000000006
2024-09-20 18:00:00,0.0433
2024-09-20 19:00:00,0.043425000000000005
2024-09-20 20:00:00,0.043289999999999995
2024-09-20 21:00:00,0.043355
2024-09-20 22:00:00,0.043324999999999995
2024-09-20 23:00:00,0.04343
2024-09-23 16:30:00,0.0434
2024-09-23 17:00:00,0.043545
2024-09-23 18:00:00,0.043565
2024-09-23 19:00:00,0.04348
2024-09-23 20:00:00,0.043525
2024-09-23 21:00:00,0.04353
2024-09-23 22:00:00,0.04348
2024-09-23 23:00:00,0.043475
2024-09-24 16:30:00,0.044800000000000006
2024-09-24 17:00:00,0.04491
2024-09-24 18:00:00,0.04485
2024-09-24 19:00:00,0.044905
2024-09-24 20:00:00,0.044965000000000005
2024-09-24 21:00:00,0.045195
2024-09-24 22:00:00,0.04526
2024-09-24 23:00:00,0.044915000000000004
2024-09-25 16:30:00,0.045105000000000006
2024-09-25 17:00:00,0.04507
2024-09-25 18:00:00,0.044945000000000006
2024-09-25 19:00:00,0.044875
2024-09-25 20:00:00,0.044844999999999996
2024-09-25 21:00:00,0.044895
2024-09-25 22:00:00,0.044875
2024-09-25 23:00:00,0.04486
2024-09-26 16:30:00,0.045919999999999996
2024-09-26 17:00:00,0.04617
2024-09-26 18:00:00,0.046369999999999995
2024-09-26 19:00:00,0.046384999999999996
2024-09-26 20:00:00,0.04644
2024-09-26 21:00:00,0.04648
2024-09-26 22:00:00,0.04648
2024-09-26 23:00:00,0.04639
2024-09-27 16:30:00,0.0463
2024-09-27 17:00:00,0.046165000000000005
2024-09-27 18:00:00,0.04596
2024-09-27 19:00:00,0.04599
2024-09-27 20:00:00,0.045855
2024-09-27 21:00:00,0.04591
2024-09-27 22:00:00,0.045885
2024-09-27 23:00:00,0.045895000000000005
2024-09-30 16:30:00,0.0451
2024-09-30 17:00:00,0.04534
2024-09-30 18:00:00,0.04521
2024-09-30 19:00:00,0.04553
2024-09-30 20:00:00,0.04553
2024-09-30 21:00:00,0.045495
2024-09-30 22:00:00,0.04548
2024-09-30 23:00:00,0.04553
2024-10-01 16:30:00,0.046180000000000006
2024-10-01 17:00:00,0.045765
2024-10-01 18:00:00,0.045915
2024-10-01 19:00:00,0.045885
2024-10-01 20:00:00,0.04567
2024-10-01 21:00:00,0.04582
2024-10-01 22:00:00,0.04577
2024-10-01 23:00:00,0.045785
2024-10-02 16:30:00,0.046384999999999996
2024-10-02 17:00:00,0.046155
2024-10-02 18:00:00,0.04646
2024-10-02 19:00:00,0.046490000000000004
2024-10-02 20:00:00,0.04652
2024-10-02 21:00:00,0.046525
2024-10-02 22:00:00,0.046630000000000005
2024-10-02 23:00:00,0.046630000000000005
2024-10-03 16:30:00,0.04547
2024-10-03 17:00:00,0.045325
2024-10-03 18:00:00,0.045365
2024-10-03 19:00:00,0.04551
2024-10-03 20:00:00,0.045465
2024-10-03 21:00:00,0.045475
2024-10-03 22:00:00,0.04546
2024-10-03 23:00:00,0.04545
2024-10-04 16:30:00,0.045880000000000004
2024-10-04 17:00:00,0.045535
2024-10-04 18:00:00,0.04567
2024-10-04 19:00:00,0.045739999999999996
2024-10-04 20:00:00,0.04569
2024-10-04 21:00:00,0.045695
2024-10-04 22:00:00,0.045700000000000005
2024-10-04 23:00:00,0.045675
2024-10-07 16:30:00,0.045540000000000004
2024-10-07 17:00:00,0.04523
2024-10-07 18:00:00,0.04539
2024-10-07 19:00:00,0.045675
2024-10-07 20:00:00,0.045645
2024-10-07 21:00:00,0.045590000000000006
2024-10-07 22:00:00,0.045565
2024-10-07 23:00:00,0.045665
2024-10-08 16:30:00,0.04487
2024-10-08 17:00:00,0.04459
2024-10-08 18:00:00,0.044625000000000005
2024-10-08 19:00:00,0.04455
2024-10-08 20:00:00,0.044524999999999995
2024-10-08 21:00:00,0.044635
2024-10-08 22:00:00,0.04463
2024-10-08 23:00:00,0.04475
2024-10-09 16:30:00,0.04386
2024-10-09 17:00:00,0.043995
2024-10-09 18:00:00,0.04412
2024-10-09 19:00:00,0.044000000000000004
2024-10-09 20:00:00,0.044085
2024-10-09 21:00:00,0.044059999999999995
2024-10-09 22:00:00,0.044105
2024-10-09 23:00:00,0.04414
2024-10-10 16:30:00,0.04427
2024-10-10 17:00:00,0.044215
2024-10-10 18:00:00,0.044379999999999996
2024-10-10 19:00:00,0.04427
2024-10-10 20:00:00,0.044425
2024-10-10 21:00:00,0.044425
2024-10-10 22:00:00,0.044475
2024-10-10 23:00:00,0.044475
2024-10-11 16:30:00,0.044665
2024-10-11 17:00:00,0.04465499999999999
2024-10-11 18:00:00,0.044814999999999994
2024-10-11 19:00:00,0.0449
2024-10-11 20:00:00,0.044875
2024-10-11 21:00:00,0.044915000000000004
2024-10-11 22:00:00,0.044955
2024-10-11 23:00:00,0.04494
2024-10-14 16:30:00,0.04428
2024-10-14 17:00:00,0.044074999999999996
2024-10-14 18:00:00,0.044044999999999994
2024-10-14 19:00:00,0.044055000000000004
2024-10-14 20:00:00,0.043955
2024-10-14 21:00:00,0.044020000000000004
2024-10-14 22:00:00,0.04407
2024-10-14 23:00:00,0.044035000000000005
2024-10-15 16:30:00,0.043410000000000004
2024-10-15 17:00:00,0.04342
2024-10-15 18:00:00,0.043324999999999995
2024-10-15 19:00:00,0.04338
2024-10-15 20:00:00,0.04337
2024-10-15 21:00:00,0.043410000000000004
2024-10-15 22:00:00,0.04345500000000001
2024-10-15 23:00:00,0.04343
2024-10-16 16:30:00,0.043739999999999994
2024-10-16 17:00:00,0.043680000000000004
2024-10-16 18:00:00,0.043505
2024-10-16 19:00:00,0.04367
2024-10-16 20:00:00,0.043695000000000005
2024-10-16 21:00:00,0.043715000000000004
2024-10-16 22:00:00,0.04367
2024-10-16 23:00:00,0.043680000000000004
2024-10-17 16:30:00,0.04343
2024-10-17 17:00:00,0.043445000000000004
2024-10-17 18:00:00,0.043304999999999996
2024-10-17 19:00:00,0.04326
2024-10-17 20:00:00,0.043289999999999995
2024-10-17 21:00:00,0.043285000000000004
2024-10-17 22:00:00,0.04332
2024-10-17 23:00:00,0.043335
2024-10-18 16:30:00,0.04383
2024-10-18 17:00:00,0.043730000000000005
2024-10-18 18:00:00,0.043769999999999996
2024-10-18 19:00:00,0.043855000000000005
2024-10-18 20:00:00,0.04388
2024-10-18 21:00:00,0.043914999999999996
2024-10-18 22:00:00,0.043945
2024-10-18 23:00:00,0.04392000000000001
2024-10-21 16:30:00,0.044125
2024-10-21 17:00:00,0.043725
2024-10-21 18:00:00,0.043565
2024-10-21 19:00:00,0.043590000000000004
2024-10-21 20:00:00,0.043570000000000005
2024-10-21 21:00:00,0.04351
2024-10-21 22:00:00,0.043625
2024-10-21 23:00:00,0.04360000000000001
2024-10-22 16:30:00,0.043875000000000004
2024-10-22 17:00:00,0.04381
2024-10-22 18:00:00,0.043745000000000006
2024-10-22 19:00:00,0.04381
2024-10-22 20:00:00,0.043890000000000005
2024-10-22 21:00:00,0.04386
2024-10-22 22:00:00,0.04387
2024-10-22 23:00:00,0.043885
2024-10-23 16:30:00,0.04334
2024-10-23 17:00:00,0.043445000000000004
2024-10-23 18:00:00,0.043449999999999996
2024-10-23 19:00:00,0.043365
2024-10-23 20:00:00,0.043285000000000004
2024-10-23 21:00:00,0.043304999999999996
2024-10-23 22:00:00,0.043280000000000006
2024-10-23 23:00:00,0.043324999999999995
2024-10-24 16:30:00,0.043525
2024-10-24 17:00:00,0.043355
2024-10-24 18:00:00,0.043315
2024-10-24 19:00:00,0.043505
2024-10-24 20:00:00,0.043609999999999996
2024-10-24 21:00:00,0.043644999999999996
2024-10-24 22:00:00,0.04367
2024-10-24 23:00:00,0.04366
2024-10-25 16:30:00,0.043635
2024-10-25 17:00:00,0.043865
2024-10-25 18:00:00,0.0438
2024-10-25 19:00:00,0.043710000000000006
2024-10-25 20:00:00,0.04369
2024-10-25 21:00:00,0.04369
2024-10-25 22:00:00,0.04366
2024-10-25 23:00:00,0.0437
2024-10-28 15:30:00,0.04366
2024-10-28 16:00:00,0.04372
2024-10-28 17:00:00,0.04353
2024-10-28 18:00:00,0.043625
2024-10-28 19:00:00,0.043635
2024-10-28 20:00:00,0.043644999999999996
2024-10-28 21:00:00,0.043680000000000004
2024-10-28 22:00:00,0.04366
2024-10-29 15:30:00,0.04367
2024-10-29 16:00:00,0.043550000000000005
2024-10-29 17:00:00,0.043550000000000005
2024-10-29 18:00:00,0.043594999999999995
2024-10-29 19:00:00,0.043565
2024-10-29 20:00:00,0.043609999999999996
2024-10-29 21:00:00,0.04364
2024-10-29 22:00:00,0.04365
2024-10-30 15:30:00,0.04356
2024-10-30 16:00:00,0.04354
2024-10-30 17:00:00,0.043594999999999995
2024-10-30 18:00:00,0.04351
2024-10-30 19:00:00,0.043555
2024-10-30 20:00:00,0.04362
2024-10-30 21:00:00,0.043594999999999995
2024-10-30 22:00:00,0.04360000000000001
2024-10-31 15:30:00,0.04361500000000001
2024-10-31 16:00:00,0.04342
2024-10-31 17:00:00,0.04337
2024-10-31 18:00:00,0.04342
2024-10-31 19:00:00,0.04343
2024-10-31 20:00:00,0.04352
2024-10-31 21:00:00,0.043590000000000004
2024-10-31 22:00:00,0.04365
2024-11-01 15:30:00,0.04381
2024-11-01 16:00:00,0.04361500000000001
2024-11-01 17:00:00,0.04362
2024-11-01 18:00:00,0.043705
2024-11-01 19:00:00,0.04352
2024-11-01 20:00:00,0.043545
2024-11-01 21:00:00,0.043484999999999996
2024-11-01 22:00:00,0.04346
