DATETIME,price
2018-03-12 12:00:00,454.3999999999998
2018-03-12 13:00:00,453.8999999999998
2018-03-13 05:00:00,447.9999999999998
2018-03-13 10:00:00,453.7999999999998
2018-03-13 12:00:00,454.19999999999976
2018-03-13 13:00:00,453.0999999999998
2018-03-13 14:00:00,452.19999999999976
2018-03-13 15:00:00,448.2999999999998
2018-03-13 16:00:00,447.2999999999998
2018-03-14 05:00:00,447.5999999999998
2018-03-14 08:00:00,447.69999999999976
2018-03-14 12:00:00,450.69999999999976
2018-03-14 14:00:00,449.69999999999976
2018-03-14 15:00:00,447.69999999999976
2018-03-14 16:00:00,447.2999999999998
2018-03-15 05:00:00,452.0999999999998
2018-03-15 08:00:00,450.8999999999998
2018-03-15 09:00:00,452.0999999999998
2018-03-15 10:00:00,448.8999999999998
2018-03-15 11:00:00,448.3999999999998
2018-03-15 12:00:00,448.9999999999998
2018-03-15 14:00:00,451.8999999999998
2018-03-15 15:00:00,452.7999999999998
2018-03-15 16:00:00,452.19999999999976
2018-03-16 05:00:00,450.8999999999998
2018-03-16 08:00:00,453.5999999999998
2018-03-16 09:00:00,451.19999999999976
2018-03-16 10:00:00,452.4999999999998
2018-03-16 11:00:00,450.8999999999998
2018-03-16 12:00:00,449.8999999999998
2018-03-16 13:00:00,450.69999999999976
2018-03-16 14:00:00,452.4999999999998
2018-03-16 15:00:00,450.69999999999976
2018-03-16 16:00:00,450.9999999999998
2018-03-19 05:00:00,438.5999999999998
2018-03-19 08:00:00,438.7999999999998
2018-03-19 09:00:00,441.4999999999998
2018-03-19 10:00:00,441.2999999999998
2018-03-19 11:00:00,441.8999999999998
2018-03-19 12:00:00,441.7999999999998
2018-03-19 13:00:00,441.5999999999998
2018-03-19 16:00:00,438.7999999999998
2018-03-20 05:00:00,440.4999999999998
2018-03-20 08:00:00,438.69999999999976
2018-03-20 09:00:00,438.19999999999976
2018-03-20 11:00:00,439.7999999999998
2018-03-20 13:00:00,439.7999999999998
2018-03-20 14:00:00,440.3999999999998
2018-03-20 15:00:00,440.0999999999998
2018-03-20 16:00:00,440.0999999999998
2018-03-21 05:00:00,441.69999999999976
2018-03-21 11:00:00,439.4999999999998
2018-03-21 12:00:00,439.4999999999998
2018-03-21 13:00:00,439.9999999999998
2018-03-21 14:00:00,440.7999999999998
2018-03-21 15:00:00,440.19999999999976
2018-03-21 16:00:00,442.5999999999998
2018-03-22 05:00:00,431.7999999999998
2018-03-22 08:00:00,438.19999999999976
2018-03-22 09:00:00,436.19999999999976
2018-03-22 10:00:00,435.5999999999998
2018-03-22 11:00:00,435.69999999999976
2018-03-22 12:00:00,435.0999999999998
2018-03-22 13:00:00,433.4999999999998
2018-03-22 14:00:00,431.4999999999998
2018-03-22 15:00:00,430.4999999999998
2018-03-22 16:00:00,430.7999999999998
2018-03-23 05:00:00,426.9999999999998
2018-03-23 08:00:00,425.7999999999998
2018-03-23 09:00:00,422.3999999999998
2018-03-23 10:00:00,424.0999999999998
2018-03-23 11:00:00,425.5999999999998
2018-03-23 12:00:00,426.5999999999998
2018-03-23 13:00:00,428.3999999999998
2018-03-23 14:00:00,427.3999999999998
2018-03-23 16:00:00,424.7999999999998
2018-03-26 05:00:00,421.5999999999998
2018-03-26 07:00:00,427.4999999999998
2018-03-26 09:00:00,428.19999999999976
2018-03-26 10:00:00,428.3999999999998
2018-03-26 13:00:00,428.19999999999976
2018-03-26 14:00:00,423.0999999999998
2018-03-26 15:00:00,420.69999999999976
2018-03-27 05:00:00,429.8999999999998
2018-03-27 07:00:00,429.2999999999998
2018-03-27 08:00:00,430.4999999999998
2018-03-27 09:00:00,432.0999999999998
2018-03-27 10:00:00,431.19999999999976
2018-03-27 11:00:00,430.2999999999998
2018-03-27 12:00:00,430.5999999999998
2018-03-27 13:00:00,429.0999999999998
2018-03-27 14:00:00,430.19999999999976
2018-03-27 15:00:00,429.9999999999998
2018-03-28 05:00:00,421.7999999999998
2018-03-28 07:00:00,418.0999999999998
2018-03-28 08:00:00,418.0999999999998
2018-03-28 09:00:00,419.8999999999998
2018-03-28 10:00:00,420.4999999999998
2018-03-28 11:00:00,421.9999999999998
2018-03-28 12:00:00,422.8999999999998
2018-03-28 13:00:00,421.3999999999998
2018-03-28 14:00:00,421.2999999999998
2018-03-28 15:00:00,422.7999999999998
2018-03-29 05:00:00,425.0999999999998
2018-03-29 08:00:00,420.3999999999998
2018-03-29 10:00:00,423.0999999999998
2018-03-29 11:00:00,421.9999999999998
2018-03-29 12:00:00,423.8999999999998
2018-03-29 13:00:00,421.7999999999998
2018-03-29 14:00:00,426.5999999999998
2018-03-29 15:00:00,416.19999999999976
2018-04-03 05:00:00,421.2999999999998
2018-04-03 07:00:00,419.2999999999998
2018-04-03 08:00:00,417.69999999999976
2018-04-03 09:00:00,417.8999999999998
2018-04-03 10:00:00,420.19999999999976
2018-04-03 11:00:00,419.69999999999976
2018-04-03 12:00:00,420.0999999999998
2018-04-03 13:00:00,422.5999999999998
2018-04-03 14:00:00,421.19999999999976
2018-04-03 15:00:00,421.19999999999976
2018-04-04 05:00:00,413.69999999999976
2018-04-04 07:00:00,414.7999999999998
2018-04-04 08:00:00,414.3999999999998
2018-04-04 09:00:00,413.5999999999998
2018-04-04 10:00:00,412.19999999999976
2018-04-04 11:00:00,411.3999999999998
2018-04-04 12:00:00,411.5999999999998
2018-04-04 13:00:00,412.5999999999998
2018-04-04 15:00:00,413.5999999999998
2018-04-05 05:00:00,427.4999999999998
2018-04-05 07:00:00,422.19999999999976
2018-04-05 08:00:00,422.7999999999998
2018-04-05 09:00:00,422.4999999999998
2018-04-05 10:00:00,423.19999999999976
2018-04-05 11:00:00,424.4999999999998
2018-04-05 12:00:00,424.69999999999976
2018-04-05 13:00:00,425.3999999999998
2018-04-05 14:00:00,425.4999999999998
2018-04-05 15:00:00,427.19999999999976
2018-04-06 05:00:00,425.19999999999976
2018-04-06 08:00:00,424.5999999999998
2018-04-06 09:00:00,424.7999999999998
2018-04-06 12:00:00,426.0999999999998
2018-04-06 13:00:00,424.7999999999998
2018-04-06 14:00:00,425.8999999999998
2018-04-06 15:00:00,425.2999999999998
2018-04-09 05:00:00,428.4999999999998
2018-04-09 07:00:00,428.3999999999998
2018-04-09 08:00:00,427.9999999999998
2018-04-09 09:00:00,428.19999999999976
2018-04-09 10:00:00,427.5999999999998
2018-04-09 11:00:00,427.2999999999998
2018-04-09 12:00:00,426.8999999999998
2018-04-09 13:00:00,426.69999999999976
2018-04-09 14:00:00,427.3999999999998
2018-04-09 15:00:00,428.3999999999998
2018-04-10 05:00:00,433.7999999999998
2018-04-10 07:00:00,432.0999999999998
2018-04-10 08:00:00,431.9999999999998
2018-04-10 09:00:00,432.3999999999998
2018-04-10 11:00:00,431.69999999999976
2018-04-10 12:00:00,432.2999999999998
2018-04-10 13:00:00,431.9999999999998
2018-04-10 14:00:00,433.0999999999998
2018-04-10 15:00:00,433.0999999999998
2018-04-11 05:00:00,431.3999999999998
2018-04-11 11:00:00,428.5999999999998
2018-04-11 12:00:00,428.8999999999998
2018-04-11 14:00:00,430.8999999999998
2018-04-12 05:00:00,437.7999999999998
2018-04-12 07:00:00,430.9999999999998
2018-04-12 08:00:00,430.8999999999998
2018-04-12 09:00:00,430.9999999999998
2018-04-12 10:00:00,433.4999999999998
2018-04-12 11:00:00,432.9999999999998
2018-04-12 13:00:00,436.19999999999976
2018-04-12 15:00:00,437.9999999999998
2018-04-13 05:00:00,436.2999999999998
2018-04-13 07:00:00,434.19999999999976
2018-04-13 08:00:00,435.7999999999998
2018-04-13 09:00:00,435.19999999999976
2018-04-13 10:00:00,435.8999999999998
2018-04-13 11:00:00,437.0999999999998
2018-04-13 12:00:00,437.2999999999998
2018-04-13 13:00:00,435.9999999999998
2018-04-13 14:00:00,435.19999999999976
2018-04-13 15:00:00,435.9999999999998
2018-04-16 05:00:00,433.9999999999998
2018-04-16 07:00:00,436.4999999999998
2018-04-16 08:00:00,437.5999999999998
2018-04-16 09:00:00,438.0999999999998
2018-04-16 10:00:00,436.7999999999998
2018-04-16 11:00:00,435.9999999999998
2018-04-16 12:00:00,435.7999999999998
2018-04-16 13:00:00,433.9999999999998
2018-04-16 14:00:00,433.7999999999998
2018-04-16 15:00:00,434.4999999999998
2018-04-17 05:00:00,442.5999999999998
2018-04-17 07:00:00,435.4999999999998
2018-04-17 08:00:00,436.7999999999998
2018-04-17 09:00:00,437.19999999999976
2018-04-17 10:00:00,436.7999999999998
2018-04-17 11:00:00,436.3999999999998
2018-04-17 12:00:00,439.4999999999998
2018-04-17 13:00:00,440.0999999999998
2018-04-17 14:00:00,441.4999999999998
2018-04-17 15:00:00,442.5999999999998
2018-04-18 05:00:00,440.4999999999998
2018-04-18 08:00:00,443.69999999999976
2018-04-18 10:00:00,441.9999999999998
2018-04-18 13:00:00,440.4999999999998
2018-04-18 14:00:00,438.3999999999998
2018-04-18 15:00:00,439.9999999999998
2018-04-19 05:00:00,434.8999999999998
2018-04-19 09:00:00,439.9999999999998
2018-04-19 10:00:00,440.19999999999976
2018-04-19 11:00:00,439.8999999999998
2018-04-19 12:00:00,437.7999999999998
2018-04-19 13:00:00,436.69999999999976
2018-04-19 15:00:00,434.3999999999998
2018-04-20 05:00:00,434.8999999999998
2018-04-20 07:00:00,433.2999999999998
2018-04-20 08:00:00,436.7999999999998
2018-04-20 09:00:00,436.19999999999976
2018-04-20 10:00:00,436.2999999999998
2018-04-20 11:00:00,435.7999999999998
2018-04-20 12:00:00,435.69999999999976
2018-04-20 13:00:00,436.9999999999998
2018-04-20 14:00:00,434.8999999999998
2018-04-20 15:00:00,434.8999999999998
2018-04-23 05:00:00,436.8999999999998
2018-04-23 07:00:00,433.3999999999998
2018-04-23 08:00:00,435.2999999999998
2018-04-23 09:00:00,434.9999999999998
2018-04-23 10:00:00,435.3999999999998
2018-04-23 11:00:00,436.0999999999998
2018-04-23 12:00:00,436.3999999999998
2018-04-23 13:00:00,435.5999999999998
2018-04-23 14:00:00,436.3999999999998
2018-04-23 15:00:00,437.0999999999998
2018-04-24 05:00:00,439.9999999999998
2018-04-24 07:00:00,441.19999999999976
2018-04-24 08:00:00,441.7999999999998
2018-04-24 09:00:00,441.0999999999998
2018-04-24 10:00:00,441.19999999999976
2018-04-24 11:00:00,441.0999999999998
2018-04-24 12:00:00,440.8999999999998
2018-04-24 13:00:00,441.3999999999998
2018-04-24 14:00:00,439.5999999999998
2018-04-24 15:00:00,439.5999999999998
2018-04-25 05:00:00,437.19999999999976
2018-04-25 07:00:00,440.3999999999998
2018-04-25 08:00:00,439.2999999999998
2018-04-25 09:00:00,437.8999999999998
2018-04-25 10:00:00,437.69999999999976
2018-04-25 11:00:00,436.69999999999976
2018-04-25 13:00:00,436.3999999999998
2018-04-25 14:00:00,436.5999999999998
2018-04-25 15:00:00,437.69999999999976
2018-04-26 05:00:00,441.4999999999998
2018-04-26 07:00:00,435.0999999999998
2018-04-26 08:00:00,435.19999999999976
2018-04-26 09:00:00,435.2999999999998
2018-04-26 10:00:00,436.3999999999998
2018-04-26 11:00:00,435.9999999999998
2018-04-26 12:00:00,437.5999999999998
2018-04-26 13:00:00,438.69999999999976
2018-04-26 14:00:00,441.8999999999998
2018-04-26 15:00:00,440.19999999999976
2018-04-27 05:00:00,445.5999999999998
2018-04-27 08:00:00,445.5999999999998
2018-04-27 10:00:00,446.7999999999998
2018-04-27 11:00:00,446.7999999999998
2018-04-27 12:00:00,446.7999999999998
2018-04-27 13:00:00,446.2999999999998
2018-04-27 14:00:00,444.0999999999998
2018-04-27 15:00:00,444.2999999999998
2018-04-30 05:00:00,444.2999999999998
2018-04-30 07:00:00,445.0999999999998
2018-04-30 08:00:00,443.69999999999976
2018-04-30 09:00:00,443.7999999999998
2018-04-30 11:00:00,443.4999999999998
2018-04-30 12:00:00,443.7999999999998
2018-04-30 13:00:00,443.69999999999976
2018-04-30 14:00:00,443.8999999999998
2018-04-30 15:00:00,443.2999999999998
2018-05-02 05:00:00,450.69999999999976
2018-05-02 07:00:00,450.4999999999998
2018-05-02 08:00:00,449.69999999999976
2018-05-02 09:00:00,449.7999999999998
2018-05-02 10:00:00,449.5999999999998
2018-05-02 11:00:00,449.7999999999998
2018-05-02 12:00:00,450.0999999999998
2018-05-02 13:00:00,451.19999999999976
2018-05-02 14:00:00,450.3999999999998
2018-05-02 15:00:00,451.3999999999998
2018-05-03 05:00:00,449.2999999999998
2018-05-03 07:00:00,450.4999999999998
2018-05-03 08:00:00,451.0999999999998
2018-05-03 09:00:00,450.7999999999998
2018-05-03 10:00:00,450.8999999999998
2018-05-03 11:00:00,450.9999999999998
2018-05-03 12:00:00,451.5999999999998
2018-05-03 13:00:00,451.4999999999998
2018-05-03 14:00:00,451.0999999999998
2018-05-03 15:00:00,448.9999999999998
2018-05-04 05:00:00,456.69999999999976
2018-05-04 07:00:00,455.9999999999998
2018-05-04 08:00:00,454.2999999999998
2018-05-04 09:00:00,454.19999999999976
2018-05-04 10:00:00,455.3999999999998
2018-05-04 11:00:00,453.8999999999998
2018-05-04 12:00:00,454.5999999999998
2018-05-04 13:00:00,455.2999999999998
2018-05-04 14:00:00,456.19999999999976
2018-05-04 15:00:00,455.7999999999998
2018-05-07 05:00:00,462.9999999999998
2018-05-07 07:00:00,460.2999999999998
2018-05-07 08:00:00,461.5999999999998
2018-05-07 09:00:00,461.4999999999998
2018-05-07 10:00:00,461.69999999999976
2018-05-07 11:00:00,462.0999999999998
2018-05-07 12:00:00,462.9999999999998
2018-05-07 13:00:00,464.0999999999998
2018-05-07 14:00:00,463.7999999999998
2018-05-07 15:00:00,461.7999999999998
2018-05-08 05:00:00,464.4999999999998
2018-05-08 08:00:00,462.2999999999998
2018-05-08 09:00:00,462.2999999999998
2018-05-08 10:00:00,461.5999999999998
2018-05-08 11:00:00,461.69999999999976
2018-05-08 13:00:00,462.5999999999998
2018-05-08 14:00:00,463.0999999999998
2018-05-08 15:00:00,463.0999999999998
2018-05-09 05:00:00,467.5999999999998
2018-05-09 07:00:00,464.0999999999998
2018-05-09 09:00:00,466.4999999999998
2018-05-09 10:00:00,466.2999999999998
2018-05-09 11:00:00,466.0999999999998
2018-05-09 12:00:00,466.3999999999998
2018-05-09 13:00:00,467.0999999999998
2018-05-09 14:00:00,466.8999999999998
2018-05-09 15:00:00,467.0999999999998
2018-05-10 05:00:00,470.69999999999976
2018-05-10 08:00:00,469.9999999999998
2018-05-10 09:00:00,468.8999999999998
2018-05-10 10:00:00,468.8999999999998
2018-05-10 11:00:00,469.7999999999998
2018-05-10 12:00:00,469.7999999999998
2018-05-10 13:00:00,468.4999999999998
2018-05-10 15:00:00,471.0999999999998
2018-05-11 05:00:00,469.7999999999998
2018-05-11 07:00:00,471.2999999999998
2018-05-11 08:00:00,469.69999999999976
2018-05-11 09:00:00,469.3999999999998
2018-05-11 10:00:00,468.7999999999998
2018-05-11 12:00:00,469.3999999999998
2018-05-11 13:00:00,469.19999999999976
2018-05-11 14:00:00,469.9999999999998
2018-05-11 15:00:00,469.0999999999998
2018-05-14 05:00:00,468.69999999999976
2018-05-14 07:00:00,467.8999999999998
2018-05-14 08:00:00,467.7999999999998
2018-05-14 09:00:00,466.69999999999976
2018-05-14 10:00:00,466.69999999999976
2018-05-14 13:00:00,468.0999999999998
2018-05-14 14:00:00,468.5999999999998
2018-05-14 15:00:00,469.19999999999976
2018-05-15 05:00:00,466.69999999999976
2018-05-15 07:00:00,468.19999999999976
2018-05-15 08:00:00,468.5999999999998
2018-05-15 09:00:00,468.4999999999998
2018-05-15 10:00:00,468.5999999999998
2018-05-15 11:00:00,468.4999999999998
2018-05-15 12:00:00,467.2999999999998
2018-05-15 13:00:00,465.4999999999998
2018-05-15 14:00:00,465.9999999999998
2018-05-15 15:00:00,466.69999999999976
2018-05-16 05:00:00,468.9999999999998
2018-05-16 07:00:00,467.8999999999998
2018-05-16 08:00:00,466.7999999999998
2018-05-16 09:00:00,466.5999999999998
2018-05-16 10:00:00,468.2999999999998
2018-05-16 11:00:00,468.4999999999998
2018-05-16 12:00:00,469.69999999999976
2018-05-16 13:00:00,470.0999999999998
2018-05-16 14:00:00,468.9999999999998
2018-05-16 15:00:00,469.3999999999998
2018-05-17 05:00:00,471.19999999999976
2018-05-17 07:00:00,468.0999999999998
2018-05-17 08:00:00,468.4999999999998
2018-05-17 09:00:00,469.69999999999976
2018-05-17 10:00:00,469.2999999999998
2018-05-17 11:00:00,469.19999999999976
2018-05-17 12:00:00,469.3999999999998
2018-05-17 13:00:00,470.0999999999998
2018-05-17 14:00:00,470.0999999999998
2018-05-17 15:00:00,472.19999999999976
2018-05-18 05:00:00,469.4999999999998
2018-05-18 07:00:00,470.3999999999998
2018-05-18 08:00:00,470.19999999999976
2018-05-18 09:00:00,471.7999999999998
2018-05-18 10:00:00,471.69999999999976
2018-05-18 11:00:00,471.69999999999976
2018-05-18 12:00:00,470.2999999999998
2018-05-18 13:00:00,469.3999999999998
2018-05-18 14:00:00,468.2999999999998
2018-05-18 15:00:00,468.9999999999998
2018-05-21 05:00:00,472.8999999999998
2018-05-22 05:00:00,472.7999999999998
2018-05-22 07:00:00,471.19999999999976
2018-05-22 08:00:00,471.3999999999998
2018-05-22 09:00:00,471.19999999999976
2018-05-22 10:00:00,471.69999999999976
2018-05-22 11:00:00,472.9999999999998
2018-05-22 12:00:00,472.0999999999998
2018-05-22 13:00:00,473.69999999999976
2018-05-22 14:00:00,472.19999999999976
2018-05-22 15:00:00,472.69999999999976
2018-05-23 05:00:00,468.3999999999998
2018-05-23 07:00:00,467.7999999999998
2018-05-23 08:00:00,466.8999999999998
2018-05-23 09:00:00,466.7999999999998
2018-05-23 10:00:00,467.19999999999976
2018-05-23 11:00:00,466.9999999999998
2018-05-23 12:00:00,466.2999999999998
2018-05-23 13:00:00,467.5999999999998
2018-05-23 14:00:00,466.9999999999998
2018-05-23 15:00:00,468.0999999999998
2018-05-24 05:00:00,470.7999999999998
2018-05-24 07:00:00,473.8999999999998
2018-05-24 08:00:00,473.7999999999998
2018-05-24 09:00:00,473.69999999999976
2018-05-24 10:00:00,473.69999999999976
2018-05-24 11:00:00,473.3999999999998
2018-05-24 13:00:00,471.19999999999976
2018-05-24 14:00:00,469.5999999999998
2018-05-24 15:00:00,470.7999999999998
2018-05-25 05:00:00,474.8999999999998
2018-05-25 08:00:00,474.9999999999998
2018-05-25 09:00:00,475.69999999999976
2018-05-25 10:00:00,474.8999999999998
2018-05-25 13:00:00,473.4999999999998
2018-05-25 14:00:00,473.9999999999998
2018-05-25 15:00:00,474.19999999999976
2018-05-28 05:00:00,472.0999999999998
2018-05-28 09:00:00,475.2999999999998
2018-05-28 10:00:00,474.69999999999976
2018-05-28 11:00:00,475.2999999999998
2018-05-28 12:00:00,471.5999999999998
2018-05-28 13:00:00,472.5999999999998
2018-05-29 05:00:00,466.19999999999976
2018-05-29 07:00:00,465.19999999999976
2018-05-29 08:00:00,464.8999999999998
2018-05-29 09:00:00,466.3999999999998
2018-05-29 10:00:00,467.5999999999998
2018-05-29 11:00:00,467.9999999999998
2018-05-29 12:00:00,467.69999999999976
2018-05-29 13:00:00,467.8999999999998
2018-05-29 15:00:00,467.0999999999998
2018-05-30 05:00:00,467.5999999999998
2018-05-30 07:00:00,466.9999999999998
2018-05-30 08:00:00,466.19999999999976
2018-05-30 09:00:00,466.7999999999998
2018-05-30 10:00:00,467.0999999999998
2018-05-30 11:00:00,467.4999999999998
2018-05-30 13:00:00,466.9999999999998
2018-05-30 14:00:00,466.5999999999998
2018-05-30 15:00:00,467.4999999999998
2018-05-31 05:00:00,469.19999999999976
2018-05-31 09:00:00,469.4999999999998
2018-05-31 10:00:00,470.3999999999998
2018-05-31 11:00:00,470.19999999999976
2018-05-31 12:00:00,471.4999999999998
2018-05-31 13:00:00,471.19999999999976
2018-05-31 14:00:00,467.0999999999998
2018-05-31 15:00:00,469.2999999999998
2018-06-01 05:00:00,472.9999999999998
2018-06-01 07:00:00,471.9999999999998
2018-06-01 08:00:00,473.3999999999998
2018-06-01 09:00:00,474.7999999999998
2018-06-01 10:00:00,473.69999999999976
2018-06-01 11:00:00,473.69999999999976
2018-06-01 12:00:00,474.69999999999976
2018-06-01 13:00:00,473.7999999999998
2018-06-01 14:00:00,473.69999999999976
2018-06-01 15:00:00,472.4999999999998
2018-06-04 05:00:00,476.9999999999998
2018-06-04 07:00:00,475.69999999999976
2018-06-04 08:00:00,474.9999999999998
2018-06-04 09:00:00,475.0999999999998
2018-06-04 10:00:00,474.8999999999998
2018-06-04 13:00:00,476.69999999999976
2018-06-04 14:00:00,476.4999999999998
2018-06-04 15:00:00,477.5999999999998
2018-06-05 05:00:00,483.4999999999998
2018-06-05 07:00:00,480.69999999999976
2018-06-05 08:00:00,481.4999999999998
2018-06-05 09:00:00,484.7999999999998
2018-06-05 10:00:00,484.5999999999998
2018-06-05 11:00:00,486.69999999999976
2018-06-05 12:00:00,486.2999999999998
2018-06-05 13:00:00,486.0999999999998
2018-06-05 14:00:00,484.7999999999998
2018-06-05 15:00:00,482.69999999999976
2018-06-06 05:00:00,484.2999999999998
2018-06-06 07:00:00,485.5999999999998
2018-06-06 08:00:00,487.2999999999998
2018-06-06 09:00:00,487.19999999999976
2018-06-06 10:00:00,485.2999999999998
2018-06-06 12:00:00,484.4999999999998
2018-06-06 13:00:00,481.3999999999998
2018-06-06 14:00:00,481.19999999999976
2018-06-06 15:00:00,483.4999999999998
2018-06-07 05:00:00,483.3999999999998
2018-06-07 07:00:00,487.8999999999998
2018-06-07 08:00:00,486.3999999999998
2018-06-07 09:00:00,486.0999999999998
2018-06-07 10:00:00,485.69999999999976
2018-06-07 11:00:00,486.4999999999998
2018-06-07 12:00:00,485.4999999999998
2018-06-07 13:00:00,484.9999999999998
2018-06-07 14:00:00,481.4999999999998
2018-06-07 15:00:00,483.5999999999998
2018-06-08 05:00:00,482.8999999999998
2018-06-08 07:00:00,479.0999999999998
2018-06-08 08:00:00,479.3999999999998
2018-06-08 09:00:00,480.4999999999998
2018-06-08 10:00:00,480.9999999999998
2018-06-08 12:00:00,482.5999999999998
2018-06-08 15:00:00,482.8999999999998
2018-06-11 05:00:00,487.0999999999998
2018-06-11 14:00:00,486.1999999999998
2018-06-11 15:00:00,486.29999999999984
2018-06-12 05:00:00,487.5999999999998
2018-06-12 07:00:00,487.8999999999998
2018-06-12 08:00:00,488.29999999999984
2018-06-12 09:00:00,487.8999999999998
2018-06-12 10:00:00,487.5999999999998
2018-06-12 11:00:00,487.1999999999998
2018-06-12 12:00:00,487.79999999999984
2018-06-12 13:00:00,487.49999999999983
2018-06-12 14:00:00,487.6999999999998
2018-06-12 15:00:00,487.8999999999998
2018-06-13 05:00:00,496.29999999999984
2018-06-13 07:00:00,492.8999999999998
2018-06-13 08:00:00,494.79999999999984
2018-06-13 09:00:00,494.1999999999998
2018-06-13 10:00:00,493.8999999999998
2018-06-13 11:00:00,494.49999999999983
2018-06-13 12:00:00,493.79999999999984
2018-06-13 13:00:00,494.6999999999998
2018-06-13 14:00:00,494.6999999999998
2018-06-13 15:00:00,495.49999999999983
2018-06-14 05:00:00,505.99999999999983
2018-06-14 07:00:00,493.5999999999998
2018-06-14 09:00:00,495.1999999999998
2018-06-14 10:00:00,494.99999999999983
2018-06-14 11:00:00,495.3999999999998
2018-06-14 12:00:00,497.99999999999983
2018-06-14 13:00:00,502.0999999999998
2018-06-14 14:00:00,505.1999999999998
2018-06-14 15:00:00,505.99999999999983
2018-06-15 05:00:00,501.1999999999998
2018-06-15 07:00:00,505.79999999999984
2018-06-15 08:00:00,505.8999999999998
2018-06-15 09:00:00,506.8999999999998
2018-06-15 10:00:00,506.0999999999998
2018-06-15 11:00:00,505.99999999999983
2018-06-15 12:00:00,502.6999999999998
2018-06-15 13:00:00,501.3999999999998
2018-06-15 14:00:00,501.99999999999983
2018-06-15 15:00:00,500.3999999999998
2018-06-18 05:00:00,495.8999999999998
2018-06-18 07:00:00,494.3999999999998
2018-06-18 08:00:00,496.1999999999998
2018-06-18 09:00:00,495.29999999999984
2018-06-18 10:00:00,494.1999999999998
2018-06-18 11:00:00,492.99999999999983
2018-06-18 12:00:00,493.6999999999998
2018-06-18 13:00:00,494.8999999999998
2018-06-18 14:00:00,494.79999999999984
2018-06-18 15:00:00,495.8999999999998
2018-06-19 05:00:00,488.3999999999998
2018-06-19 07:00:00,486.5999999999998
2018-06-19 08:00:00,487.0999999999998
2018-06-19 09:00:00,487.1999999999998
2018-06-19 10:00:00,487.6999999999998
2018-06-19 11:00:00,486.1999999999998
2018-06-19 12:00:00,487.3999999999998
2018-06-19 13:00:00,487.79999999999984
2018-06-19 14:00:00,487.0999999999998
2018-06-19 15:00:00,488.79999999999984
2018-06-20 05:00:00,490.99999999999983
2018-06-20 07:00:00,490.3999999999998
2018-06-20 08:00:00,491.29999999999984
2018-06-20 09:00:00,492.0999999999998
2018-06-20 10:00:00,492.8999999999998
2018-06-20 11:00:00,491.1999999999998
2018-06-20 12:00:00,491.1999999999998
2018-06-20 13:00:00,489.8999999999998
2018-06-20 14:00:00,489.49999999999983
2018-06-20 15:00:00,489.6999999999998
2018-06-21 05:00:00,484.5999999999998
2018-06-21 07:00:00,491.6999999999998
2018-06-21 08:00:00,491.29999999999984
2018-06-21 09:00:00,488.8999999999998
2018-06-21 10:00:00,488.8999999999998
2018-06-21 11:00:00,488.3999999999998
2018-06-21 12:00:00,485.8999999999998
2018-06-21 13:00:00,488.29999999999984
2018-06-21 14:00:00,484.0999999999998
2018-06-21 15:00:00,484.8999999999998
2018-06-22 05:00:00,483.1999999999998
2018-06-22 07:00:00,486.0999999999998
2018-06-22 08:00:00,485.49999999999983
2018-06-22 09:00:00,484.5999999999998
2018-06-22 10:00:00,485.8999999999998
2018-06-22 11:00:00,484.99999999999983
2018-06-22 12:00:00,485.0999999999998
2018-06-22 13:00:00,482.99999999999983
2018-06-22 14:00:00,483.29999999999984
2018-06-25 05:00:00,470.3999999999998
2018-06-25 07:00:00,478.49999999999983
2018-06-25 08:00:00,475.99999999999983
2018-06-25 09:00:00,475.3999999999998
2018-06-25 10:00:00,475.5999999999998
2018-06-25 12:00:00,474.5999999999998
2018-06-25 13:00:00,472.8999999999998
2018-06-25 14:00:00,472.29999999999984
2018-06-25 15:00:00,470.49999999999983
2018-06-25 16:00:00,470.29999999999984
2018-06-26 05:00:00,472.1999999999998
2018-06-26 07:00:00,472.29999999999984
2018-06-26 08:00:00,472.5999999999998
2018-06-26 09:00:00,473.3999999999998
2018-06-26 10:00:00,472.8999999999998
2018-06-26 11:00:00,472.99999999999983
2018-06-26 12:00:00,473.6999999999998
2018-06-26 13:00:00,473.49999999999983
2018-06-26 14:00:00,471.6999999999998
2018-06-27 05:00:00,474.49999999999983
2018-06-27 07:00:00,471.29999999999984
2018-06-27 08:00:00,468.6999999999998
2018-06-27 09:00:00,468.29999999999984
2018-06-27 10:00:00,471.29999999999984
2018-06-27 11:00:00,475.1999999999998
2018-06-27 12:00:00,476.6999999999998
2018-06-27 13:00:00,476.99999999999983
2018-06-27 15:00:00,475.8999999999998
2018-06-28 05:00:00,461.8999999999998
2018-06-28 07:00:00,471.5999999999998
2018-06-28 08:00:00,468.49999999999983
2018-06-28 09:00:00,467.5999999999998
2018-06-28 10:00:00,465.5999999999998
2018-06-28 11:00:00,463.5999999999998
2018-06-28 12:00:00,462.0999999999998
2018-06-28 13:00:00,462.1999999999998
2018-06-28 14:00:00,461.79999999999984
2018-06-28 15:00:00,461.1999999999998
2018-06-29 05:00:00,470.6999999999998
2018-06-29 06:00:00,469.1999999999998
2018-06-29 07:00:00,471.3999999999998
2018-06-29 08:00:00,472.99999999999983
2018-06-29 09:00:00,470.0999999999998
2018-06-29 10:00:00,470.5999999999998
2018-06-29 11:00:00,470.8999999999998
2018-06-29 12:00:00,470.79999999999984
2018-06-29 13:00:00,471.6999999999998
2018-06-29 14:00:00,471.99999999999983
2018-06-29 15:00:00,471.3999999999998
2018-07-02 05:00:00,465.5999999999998
2018-07-02 07:00:00,466.49999999999983
2018-07-02 08:00:00,467.5999999999998
2018-07-02 09:00:00,466.5999999999998
2018-07-02 10:00:00,466.8999999999998
2018-07-02 11:00:00,466.79999999999984
2018-07-02 12:00:00,465.5999999999998
2018-07-02 13:00:00,464.6999999999998
2018-07-02 15:00:00,465.99999999999983
2018-07-03 05:00:00,466.79999999999984
2018-07-03 07:00:00,467.79999999999984
2018-07-03 09:00:00,466.99999999999983
2018-07-03 10:00:00,467.5999999999998
2018-07-03 11:00:00,468.1999999999998
2018-07-03 12:00:00,467.6999999999998
2018-07-03 13:00:00,465.0999999999998
2018-07-04 05:00:00,460.0999999999998
2018-07-04 07:00:00,463.0999999999998
2018-07-04 08:00:00,462.0999999999998
2018-07-04 09:00:00,462.29999999999984
2018-07-04 10:00:00,461.99999999999983
2018-07-04 12:00:00,459.8999999999998
2018-07-04 13:00:00,459.0999999999998
2018-07-04 14:00:00,459.6999999999998
2018-07-04 15:00:00,459.8999999999998
2018-07-05 05:00:00,465.6999999999998
2018-07-05 07:00:00,464.29999999999984
2018-07-05 08:00:00,464.49999999999983
2018-07-05 09:00:00,464.1999999999998
2018-07-05 10:00:00,465.3999999999998
2018-07-05 11:00:00,466.29999999999984
2018-07-05 12:00:00,465.79999999999984
2018-07-05 13:00:00,464.6999999999998
2018-07-05 14:00:00,464.6999999999998
2018-07-05 15:00:00,465.8999999999998
2018-07-06 05:00:00,466.5999999999998
2018-07-06 07:00:00,467.29999999999984
2018-07-06 08:00:00,466.0999999999998
2018-07-06 10:00:00,465.3999999999998
2018-07-06 11:00:00,464.6999999999998
2018-07-06 12:00:00,464.79999999999984
2018-07-06 13:00:00,464.5999999999998
2018-07-06 15:00:00,466.29999999999984
2018-07-09 05:00:00,472.8999999999998
2018-07-09 07:00:00,473.3999999999998
2018-07-09 08:00:00,471.8999999999998
2018-07-09 09:00:00,473.49999999999983
2018-07-09 10:00:00,473.1999999999998
2018-07-09 11:00:00,472.6999999999998
2018-07-09 12:00:00,473.1999999999998
2018-07-09 13:00:00,472.49999999999983
2018-07-09 14:00:00,472.29999999999984
2018-07-09 15:00:00,472.6999999999998
2018-07-10 05:00:00,478.3999999999998
2018-07-10 07:00:00,474.5999999999998
2018-07-10 08:00:00,474.49999999999983
2018-07-10 09:00:00,474.79999999999984
2018-07-10 10:00:00,475.0999999999998
2018-07-10 11:00:00,476.49999999999983
2018-07-10 12:00:00,476.8999999999998
2018-07-10 13:00:00,477.8999999999998
2018-07-10 14:00:00,478.99999999999983
2018-07-10 15:00:00,480.1999999999998
2018-07-11 05:00:00,471.79999999999984
2018-07-11 07:00:00,472.79999999999984
2018-07-11 08:00:00,472.0999999999998
2018-07-11 09:00:00,470.99999999999983
2018-07-11 10:00:00,470.29999999999984
2018-07-11 11:00:00,470.5999999999998
2018-07-11 12:00:00,471.29999999999984
2018-07-11 13:00:00,471.0999999999998
2018-07-11 14:00:00,472.1999999999998
2018-07-12 05:00:00,476.79999999999984
2018-07-12 07:00:00,471.1999999999998
2018-07-12 08:00:00,471.6999999999998
2018-07-12 09:00:00,472.3999999999998
2018-07-12 10:00:00,473.49999999999983
2018-07-12 11:00:00,474.0999999999998
2018-07-12 12:00:00,474.29999999999984
2018-07-12 13:00:00,473.8999999999998
2018-07-12 14:00:00,476.79999999999984
2018-07-12 15:00:00,476.6999999999998
2018-07-13 05:00:00,477.99999999999983
2018-07-13 07:00:00,481.29999999999984
2018-07-13 08:00:00,481.3999999999998
2018-07-13 11:00:00,479.79999999999984
2018-07-13 12:00:00,478.6999999999998
2018-07-13 13:00:00,478.99999999999983
2018-07-13 14:00:00,478.5999999999998
2018-07-13 15:00:00,477.6999999999998
2018-07-16 05:00:00,479.29999999999984
2018-07-16 07:00:00,480.0999999999998
2018-07-16 08:00:00,477.49999999999983
2018-07-16 09:00:00,477.99999999999983
2018-07-16 10:00:00,477.5999999999998
2018-07-16 11:00:00,476.5999999999998
2018-07-16 12:00:00,477.1999999999998
2018-07-16 13:00:00,478.29999999999984
2018-07-16 14:00:00,478.99999999999983
2018-07-16 15:00:00,479.6999999999998
2018-07-17 05:00:00,481.5999999999998
2018-07-17 07:00:00,477.0999999999998
2018-07-17 08:00:00,477.49999999999983
2018-07-17 09:00:00,476.99999999999983
2018-07-17 10:00:00,475.79999999999984
2018-07-17 11:00:00,476.1999999999998
2018-07-17 12:00:00,477.0999999999998
2018-07-17 13:00:00,478.8999999999998
2018-07-17 14:00:00,480.79999999999984
2018-07-17 15:00:00,481.0999999999998
2018-07-17 16:00:00,483.49999999999983
2018-07-18 05:00:00,493.8999999999998
2018-07-18 06:00:00,486.29999999999984
2018-07-18 07:00:00,492.3999999999998
2018-07-18 08:00:00,492.5999999999998
2018-07-18 09:00:00,492.29999999999984
2018-07-18 10:00:00,493.1999999999998
2018-07-18 11:00:00,492.49999999999983
2018-07-18 12:00:00,492.49999999999983
2018-07-18 13:00:00,494.5999999999998
2018-07-18 14:00:00,493.79999999999984
2018-07-18 15:00:00,493.49999999999983
2018-07-19 05:00:00,487.99999999999983
2018-07-19 07:00:00,492.1999999999998
2018-07-19 08:00:00,491.29999999999984
2018-07-19 09:00:00,491.49999999999983
2018-07-19 10:00:00,491.0999999999998
2018-07-19 12:00:00,489.79999999999984
2018-07-19 13:00:00,488.5999999999998
2018-07-19 14:00:00,487.5999999999998
2018-07-19 15:00:00,488.0999999999998
2018-07-20 05:00:00,487.5999999999998
2018-07-20 07:00:00,487.99999999999983
2018-07-20 09:00:00,490.8999999999998
2018-07-20 10:00:00,486.3999999999998
2018-07-20 11:00:00,488.29999999999984
2018-07-20 13:00:00,485.3999999999998
2018-07-20 14:00:00,486.1999999999998
2018-07-20 15:00:00,487.5999999999998
2018-07-23 05:00:00,482.29999999999984
2018-07-23 07:00:00,484.0999999999998
2018-07-23 13:00:00,481.79999999999984
2018-07-23 14:00:00,481.8999999999998
2018-07-23 15:00:00,481.99999999999983
2018-07-24 05:00:00,486.3999999999998
2018-07-24 07:00:00,485.1999999999998
2018-07-24 08:00:00,486.29999999999984
2018-07-24 10:00:00,489.29999999999984
2018-07-24 12:00:00,489.0999999999998
2018-07-24 13:00:00,488.49999999999983
2018-07-24 14:00:00,487.6999999999998
2018-07-24 15:00:00,486.3999999999998
2018-07-25 05:00:00,482.3999999999998
2018-07-25 07:00:00,482.8999999999998
2018-07-25 08:00:00,483.5999999999998
2018-07-25 09:00:00,483.79999999999984
2018-07-25 10:00:00,483.79999999999984
2018-07-25 11:00:00,482.79999999999984
2018-07-25 12:00:00,482.5999999999998
2018-07-25 13:00:00,483.49999999999983
2018-07-25 14:00:00,482.5999999999998
2018-07-25 15:00:00,483.49999999999983
2018-07-26 05:00:00,485.79999999999984
2018-07-26 07:00:00,482.99999999999983
2018-07-26 08:00:00,482.8999999999998
2018-07-26 11:00:00,481.99999999999983
2018-07-26 12:00:00,483.49999999999983
2018-07-26 13:00:00,482.79999999999984
2018-07-26 14:00:00,484.8999999999998
2018-07-26 15:00:00,485.1999999999998
2018-07-27 05:00:00,485.29999999999984
2018-07-27 06:00:00,490.6999999999998
2018-07-27 07:00:00,485.1999999999998
2018-07-27 08:00:00,484.5999999999998
2018-07-27 10:00:00,486.79999999999984
2018-07-27 11:00:00,486.3999999999998
2018-07-27 12:00:00,487.1999999999998
2018-07-27 13:00:00,486.29999999999984
2018-07-27 14:00:00,485.1999999999998
2018-07-27 15:00:00,485.1999999999998
2018-07-30 05:00:00,477.3999999999998
2018-07-30 07:00:00,480.3999999999998
2018-07-30 08:00:00,481.5999999999998
2018-07-30 09:00:00,481.0999999999998
2018-07-30 10:00:00,482.1999999999998
2018-07-30 11:00:00,481.49999999999983
2018-07-30 12:00:00,481.5999999999998
2018-07-30 13:00:00,478.6999999999998
2018-07-30 14:00:00,478.0999999999998
2018-07-30 15:00:00,476.0999999999998
2018-07-31 05:00:00,475.8999999999998
2018-07-31 07:00:00,474.99999999999983
2018-07-31 08:00:00,475.3999999999998
2018-07-31 09:00:00,474.49999999999983
2018-07-31 10:00:00,475.29999999999984
2018-07-31 11:00:00,475.79999999999984
2018-07-31 12:00:00,475.79999999999984
2018-07-31 13:00:00,475.6999999999998
2018-07-31 14:00:00,475.5999999999998
2018-07-31 15:00:00,475.8999999999998
2018-08-01 05:00:00,473.1999999999998
2018-08-01 07:00:00,475.3999999999998
2018-08-01 08:00:00,474.79999999999984
2018-08-01 09:00:00,473.6999999999998
2018-08-01 10:00:00,474.0999999999998
2018-08-01 11:00:00,472.6999999999998
2018-08-01 12:00:00,472.49999999999983
2018-08-01 13:00:00,473.0999999999998
2018-08-01 14:00:00,474.1999999999998
2018-08-01 15:00:00,473.0999999999998
2018-08-02 05:00:00,473.8999999999998
2018-08-02 07:00:00,471.8999999999998
2018-08-02 08:00:00,472.0999999999998
2018-08-02 09:00:00,471.8999999999998
2018-08-02 10:00:00,471.0999999999998
2018-08-02 12:00:00,470.99999999999983
2018-08-02 13:00:00,472.1999999999998
2018-08-02 15:00:00,473.99999999999983
2018-08-03 05:00:00,476.49999999999983
2018-08-03 07:00:00,476.0999999999998
2018-08-03 12:00:00,477.79999999999984
2018-08-03 15:00:00,476.49999999999983
2018-08-06 05:00:00,476.49999999999983
2018-08-06 07:00:00,476.3999999999998
2018-08-06 08:00:00,476.6999999999998
2018-08-06 09:00:00,477.0999999999998
2018-08-06 10:00:00,479.5999999999998
2018-08-06 11:00:00,477.49999999999983
2018-08-06 12:00:00,476.0999999999998
2018-08-06 13:00:00,475.79999999999984
2018-08-06 14:00:00,476.6999999999998
2018-08-06 15:00:00,476.1999999999998
2018-08-07 05:00:00,475.29999999999984
2018-08-07 07:00:00,479.0999999999998
2018-08-07 08:00:00,478.3999999999998
2018-08-07 09:00:00,477.99999999999983
2018-08-07 10:00:00,477.99999999999983
2018-08-07 11:00:00,477.0999999999998
2018-08-07 12:00:00,477.3999999999998
2018-08-07 13:00:00,476.3999999999998
2018-08-07 14:00:00,475.6999999999998
2018-08-07 15:00:00,473.79999999999984
2018-08-08 05:00:00,477.5999999999998
2018-08-08 07:00:00,476.6999999999998
2018-08-08 08:00:00,476.79999999999984
2018-08-08 09:00:00,477.29999999999984
2018-08-08 10:00:00,477.79999999999984
2018-08-08 11:00:00,477.8999999999998
2018-08-08 12:00:00,477.6999999999998
2018-08-08 13:00:00,476.49999999999983
2018-08-08 14:00:00,477.8999999999998
2018-08-08 15:00:00,478.29999999999984
2018-08-09 05:00:00,477.49999999999983
2018-08-09 07:00:00,475.99999999999983
2018-08-09 08:00:00,476.0999999999998
2018-08-09 09:00:00,475.8999999999998
2018-08-09 10:00:00,476.49999999999983
2018-08-09 11:00:00,476.0999999999998
2018-08-09 12:00:00,478.0999999999998
2018-08-09 13:00:00,478.1999999999998
2018-08-09 14:00:00,478.5999999999998
2018-08-09 15:00:00,477.3999999999998
2018-08-10 05:00:00,470.3999999999998
2018-08-10 07:00:00,471.29999999999984
2018-08-10 08:00:00,471.1999999999998
2018-08-10 09:00:00,469.6999999999998
2018-08-10 10:00:00,470.49999999999983
2018-08-10 11:00:00,470.0999999999998
2018-08-10 12:00:00,469.1999999999998
2018-08-10 13:00:00,470.1999999999998
2018-08-10 14:00:00,469.8999999999998
2018-08-10 15:00:00,453.8999999999998
2018-08-13 05:00:00,473.6999999999998
2018-08-13 07:00:00,469.1999999999998
2018-08-13 08:00:00,471.0999999999998
2018-08-13 10:00:00,471.99999999999983
2018-08-13 11:00:00,472.6999999999998
2018-08-13 12:00:00,473.1999999999998
2018-08-13 14:00:00,473.99999999999983
2018-08-13 15:00:00,474.99999999999983
2018-08-14 05:00:00,473.99999999999983
2018-08-14 07:00:00,475.3999999999998
2018-08-14 08:00:00,474.6999999999998
2018-08-14 09:00:00,473.99999999999983
2018-08-14 11:00:00,474.29999999999984
2018-08-14 12:00:00,474.79999999999984
2018-08-14 13:00:00,473.0999999999998
2018-08-14 14:00:00,472.99999999999983
2018-08-14 15:00:00,474.49999999999983
2018-08-15 05:00:00,464.6999999999998
2018-08-15 07:00:00,474.49999999999983
2018-08-15 08:00:00,474.99999999999983
2018-08-15 09:00:00,475.3999999999998
2018-08-15 10:00:00,472.3999999999998
2018-08-15 11:00:00,469.79999999999984
2018-08-15 12:00:00,470.5999999999998
2018-08-15 13:00:00,468.29999999999984
2018-08-15 14:00:00,464.79999999999984
2018-08-15 15:00:00,465.0999999999998
2018-08-16 05:00:00,471.5999999999998
2018-08-16 07:00:00,468.99999999999983
2018-08-16 08:00:00,469.8999999999998
2018-08-16 09:00:00,469.8999999999998
2018-08-16 10:00:00,470.29999999999984
2018-08-16 12:00:00,469.79999999999984
2018-08-16 13:00:00,469.6999999999998
2018-08-16 15:00:00,470.3999999999998
2018-08-17 05:00:00,468.79999999999984
2018-08-17 07:00:00,468.3999999999998
2018-08-17 08:00:00,469.8999999999998
2018-08-17 09:00:00,468.6999999999998
2018-08-17 10:00:00,469.49999999999983
2018-08-17 12:00:00,467.0999999999998
2018-08-17 13:00:00,466.99999999999983
2018-08-17 14:00:00,467.5999999999998
2018-08-17 15:00:00,468.8999999999998
2018-08-20 05:00:00,472.79999999999984
2018-08-20 07:00:00,471.1999999999998
2018-08-20 08:00:00,471.8999999999998
2018-08-20 09:00:00,472.5999999999998
2018-08-20 12:00:00,473.1999999999998
2018-08-20 13:00:00,473.79999999999984
2018-08-20 14:00:00,472.8999999999998
2018-08-20 15:00:00,472.29999999999984
2018-08-21 05:00:00,473.8999999999998
2018-08-21 07:00:00,473.3999999999998
2018-08-21 08:00:00,474.8999999999998
2018-08-21 09:00:00,474.1999999999998
2018-08-21 10:00:00,474.6999999999998
2018-08-21 11:00:00,473.99999999999983
2018-08-21 12:00:00,473.99999999999983
2018-08-21 13:00:00,473.6999999999998
2018-08-21 14:00:00,473.8999999999998
2018-08-22 05:00:00,473.6999999999998
2018-08-22 07:00:00,473.0999999999998
2018-08-22 08:00:00,473.49999999999983
2018-08-22 09:00:00,473.1999999999998
2018-08-22 11:00:00,473.49999999999983
2018-08-22 12:00:00,471.8999999999998
2018-08-22 13:00:00,472.49999999999983
2018-08-22 14:00:00,472.99999999999983
2018-08-22 15:00:00,474.29999999999984
2018-08-23 05:00:00,476.79999999999984
2018-08-23 07:00:00,476.1999999999998
2018-08-23 08:00:00,475.8999999999998
2018-08-23 09:00:00,476.0999999999998
2018-08-23 11:00:00,477.1999999999998
2018-08-23 13:00:00,477.1999999999998
2018-08-23 15:00:00,477.6999999999998
2018-08-24 05:00:00,480.1999999999998
2018-08-24 07:00:00,477.1999999999998
2018-08-24 08:00:00,478.5999999999998
2018-08-24 13:00:00,478.49999999999983
2018-08-24 14:00:00,479.49999999999983
2018-08-24 15:00:00,479.5999999999998
2018-08-27 05:00:00,486.6999999999998
2018-08-27 07:00:00,483.49999999999983
2018-08-27 08:00:00,483.1999999999998
2018-08-27 09:00:00,483.8999999999998
2018-08-27 10:00:00,484.49999999999983
2018-08-27 12:00:00,485.0999999999998
2018-08-27 13:00:00,484.8999999999998
2018-08-27 14:00:00,486.6999999999998
2018-08-27 15:00:00,486.5999999999998
2018-08-28 05:00:00,485.8999999999998
2018-08-28 07:00:00,488.29999999999984
2018-08-28 08:00:00,486.3999999999998
2018-08-28 09:00:00,486.3999999999998
2018-08-28 10:00:00,486.29999999999984
2018-08-28 11:00:00,485.49999999999983
2018-08-28 12:00:00,485.8999999999998
2018-08-28 13:00:00,485.6999999999998
2018-08-28 15:00:00,486.1999999999998
2018-08-29 05:00:00,485.5999999999998
2018-08-29 07:00:00,484.8999999999998
2018-08-29 08:00:00,483.79999999999984
2018-08-29 09:00:00,484.6999999999998
2018-08-29 11:00:00,485.0999999999998
2018-08-29 12:00:00,485.1999999999998
2018-08-29 13:00:00,484.99999999999983
2018-08-29 14:00:00,484.99999999999983
2018-08-29 15:00:00,485.6999999999998
2018-08-30 05:00:00,484.3999999999998
2018-08-30 08:00:00,481.8999999999998
2018-08-30 09:00:00,481.99999999999983
2018-08-30 10:00:00,482.0999999999998
2018-08-30 11:00:00,482.79999999999984
2018-08-30 12:00:00,481.6999999999998
2018-08-30 13:00:00,483.3999999999998
2018-08-30 14:00:00,483.79999999999984
2018-08-30 15:00:00,483.8999999999998
2018-08-31 05:00:00,480.5999999999998
2018-08-31 07:00:00,480.1999999999998
2018-08-31 08:00:00,480.49999999999983
2018-08-31 09:00:00,479.99999999999983
2018-08-31 10:00:00,481.1999999999998
2018-08-31 11:00:00,480.8999999999998
2018-08-31 12:00:00,480.8999999999998
2018-08-31 13:00:00,480.8999999999998
2018-08-31 14:00:00,480.99999999999983
2018-08-31 15:00:00,480.79999999999984
2018-09-03 05:00:00,482.3999999999998
2018-09-03 07:00:00,480.6999999999998
2018-09-03 08:00:00,480.0999999999998
2018-09-03 09:00:00,480.99999999999983
2018-09-03 10:00:00,482.3999999999998
2018-09-03 11:00:00,482.79999999999984
2018-09-03 12:00:00,481.79999999999984
2018-09-03 13:00:00,481.99999999999983
2018-09-03 14:00:00,482.49999999999983
2018-09-03 15:00:00,482.5999999999998
2018-09-04 05:00:00,474.99999999999983
2018-09-04 07:00:00,482.6999999999998
2018-09-04 08:00:00,480.49999999999983
2018-09-04 09:00:00,478.49999999999983
2018-09-04 10:00:00,477.1999999999998
2018-09-04 11:00:00,474.29999999999984
2018-09-04 12:00:00,473.99999999999983
2018-09-04 13:00:00,474.1999999999998
2018-09-04 14:00:00,475.3999999999998
2018-09-04 15:00:00,475.29999999999984
2018-09-05 05:00:00,461.6999999999998
2018-09-05 07:00:00,470.5999999999998
2018-09-05 08:00:00,469.79999999999984
2018-09-05 09:00:00,467.5999999999998
2018-09-05 10:00:00,468.0999999999998
2018-09-05 11:00:00,468.1999999999998
2018-09-05 12:00:00,467.29999999999984
2018-09-05 13:00:00,467.5999999999998
2018-09-05 14:00:00,462.79999999999984
2018-09-05 15:00:00,461.5999999999998
2018-09-06 05:00:00,455.29999999999984
2018-09-06 07:00:00,458.8999999999998
2018-09-06 08:00:00,459.49999999999983
2018-09-06 09:00:00,460.0999999999998
2018-09-06 10:00:00,459.49999999999983
2018-09-06 11:00:00,458.99999999999983
2018-09-06 12:00:00,460.1999999999998
2018-09-06 13:00:00,458.5999999999998
2018-09-06 14:00:00,455.49999999999983
2018-09-06 15:00:00,455.3999999999998
2018-09-07 05:00:00,456.5999999999998
2018-09-07 07:00:00,455.1999999999998
2018-09-07 08:00:00,454.5999999999998
2018-09-07 09:00:00,453.49999999999983
2018-09-07 10:00:00,454.49999999999983
2018-09-07 11:00:00,454.6999999999998
2018-09-07 12:00:00,453.29999999999984
2018-09-07 13:00:00,454.49999999999983
2018-09-07 14:00:00,455.5999999999998
2018-09-07 15:00:00,456.1999999999998
2018-09-10 05:00:00,459.6999999999998
2018-09-10 07:00:00,456.1999999999998
2018-09-10 08:00:00,457.49999999999983
2018-09-10 09:00:00,457.8999999999998
2018-09-10 10:00:00,458.6999999999998
2018-09-10 11:00:00,459.6999999999998
2018-09-10 12:00:00,460.8999999999998
2018-09-10 13:00:00,460.3999999999998
2018-09-10 14:00:00,459.8999999999998
2018-09-10 15:00:00,459.6999999999998
2018-09-11 05:00:00,458.29999999999984
2018-09-11 06:00:00,464.59999999999985
2018-09-12 05:00:00,454.99999999999983
2018-09-12 08:00:00,460.89999999999986
2018-09-13 05:00:00,459.39999999999986
2018-09-13 07:00:00,456.99999999999983
2018-09-13 09:00:00,460.39999999999986
2018-09-14 05:00:00,462.29999999999984
2018-09-14 09:00:00,461.39999999999986
2018-09-14 10:00:00,460.39999999999986
2018-09-14 13:00:00,461.6999999999999
2018-09-14 15:00:00,461.89999999999986
2018-09-17 05:00:00,459.29999999999984
2018-09-17 08:00:00,461.29999999999984
2018-09-17 11:00:00,459.79999999999984
2018-09-17 12:00:00,458.59999999999985
2018-09-17 13:00:00,458.79999999999984
2018-09-17 14:00:00,458.09999999999985
2018-09-17 15:00:00,458.49999999999983
2018-09-18 05:00:00,462.59999999999985
2018-09-18 07:00:00,458.39999999999986
2018-09-18 08:00:00,460.89999999999986
2018-09-18 09:00:00,459.29999999999984
2018-09-18 10:00:00,458.99999999999983
2018-09-18 11:00:00,458.49999999999983
2018-09-18 12:00:00,458.1999999999999
2018-09-18 13:00:00,460.59999999999985
2018-09-18 14:00:00,461.89999999999986
2018-09-18 15:00:00,463.29999999999984
2018-09-19 05:00:00,461.1999999999999
2018-09-19 07:00:00,463.1999999999999
2018-09-19 08:00:00,462.59999999999985
2018-09-19 09:00:00,461.99999999999983
2018-09-19 10:00:00,461.59999999999985
2018-09-19 11:00:00,460.99999999999983
2018-09-19 12:00:00,461.1999999999999
2018-09-19 13:00:00,460.99999999999983
2018-09-19 14:00:00,460.79999999999984
2018-09-19 15:00:00,460.99999999999983
2018-09-20 05:00:00,461.99999999999983
2018-09-20 08:00:00,461.99999999999983
2018-09-20 09:00:00,462.59999999999985
2018-09-20 11:00:00,460.99999999999983
2018-09-20 12:00:00,460.99999999999983
2018-09-20 14:00:00,463.49999999999983
2018-09-20 15:00:00,461.09999999999985
2018-09-21 05:00:00,464.89999999999986
2018-09-21 07:00:00,463.99999999999983
2018-09-21 08:00:00,464.79999999999984
2018-09-21 09:00:00,465.29999999999984
2018-09-21 10:00:00,464.39999999999986
2018-09-21 11:00:00,463.89999999999986
2018-09-21 12:00:00,464.39999999999986
2018-09-21 13:00:00,464.49999999999983
2018-09-21 15:00:00,465.6999999999999
2018-09-24 05:00:00,465.29999999999984
2018-09-24 07:00:00,465.6999999999999
2018-09-24 08:00:00,464.99999999999983
2018-09-24 13:00:00,464.09999999999985
2018-09-24 14:00:00,465.29999999999984
2018-09-24 15:00:00,465.1999999999999
2018-09-25 05:00:00,472.6999999999999
2018-09-25 07:00:00,468.59999999999985
2018-09-25 08:00:00,468.79999999999984
2018-09-25 09:00:00,468.6999999999999
2018-09-25 10:00:00,469.99999999999983
2018-09-25 11:00:00,469.99999999999983
2018-09-25 12:00:00,470.39999999999986
2018-09-25 13:00:00,470.1999999999999
2018-09-25 14:00:00,471.59999999999985
2018-09-25 15:00:00,472.79999999999984
2018-09-26 05:00:00,473.09999999999985
2018-09-26 07:00:00,472.39999999999986
2018-09-26 09:00:00,471.49999999999983
2018-09-26 10:00:00,471.1999999999999
2018-09-26 11:00:00,471.49999999999983
2018-09-26 12:00:00,471.89999999999986
2018-09-26 14:00:00,471.79999999999984
2018-09-26 15:00:00,472.49999999999983
2018-09-27 05:00:00,472.6999999999999
2018-09-27 07:00:00,471.89999999999986
2018-09-27 08:00:00,469.59999999999985
2018-09-27 09:00:00,469.99999999999983
2018-09-27 10:00:00,470.6999999999999
2018-09-27 11:00:00,470.49999999999983
2018-09-27 12:00:00,471.29999999999984
2018-09-27 13:00:00,472.1999999999999
2018-09-27 14:00:00,472.79999999999984
2018-09-27 15:00:00,472.6999999999999
2018-09-27 17:00:00,490.09999999999985
2018-09-28 05:00:00,467.39999999999986
2018-09-28 07:00:00,471.79999999999984
2018-09-28 08:00:00,472.1999999999999
2018-09-28 09:00:00,472.39999999999986
2018-09-28 10:00:00,468.79999999999984
2018-09-28 11:00:00,466.59999999999985
2018-09-28 12:00:00,466.29999999999984
2018-09-28 13:00:00,466.99999999999983
2018-09-28 14:00:00,467.79999999999984
2018-09-28 15:00:00,467.59999999999985
2018-10-01 05:00:00,473.1999999999999
2018-10-01 07:00:00,470.09999999999985
2018-10-01 08:00:00,470.79999999999984
2018-10-01 09:00:00,470.89999999999986
2018-10-01 10:00:00,470.59999999999985
2018-10-01 11:00:00,470.59999999999985
2018-10-01 12:00:00,471.99999999999983
2018-10-01 13:00:00,472.59999999999985
2018-10-01 14:00:00,472.59999999999985
2018-10-01 15:00:00,473.89999999999986
2018-10-02 05:00:00,471.6999999999999
2018-10-02 07:00:00,469.49999999999983
2018-10-02 08:00:00,466.99999999999983
2018-10-02 09:00:00,466.49999999999983
2018-10-02 10:00:00,467.1999999999999
2018-10-02 11:00:00,467.89999999999986
2018-10-02 12:00:00,468.09999999999985
2018-10-02 13:00:00,470.6999999999999
2018-10-02 14:00:00,469.59999999999985
2018-10-02 15:00:00,473.29999999999984
2018-10-03 05:00:00,473.29999999999984
2018-10-03 07:00:00,472.1999999999999
2018-10-03 08:00:00,472.29999999999984
2018-10-03 09:00:00,472.29999999999984
2018-10-03 10:00:00,472.29999999999984
2018-10-03 11:00:00,474.29999999999984
2018-10-03 13:00:00,474.29999999999984
2018-10-03 14:00:00,473.79999999999984
2018-10-04 05:00:00,467.49999999999983
2018-10-04 07:00:00,469.89999999999986
2018-10-04 09:00:00,470.09999999999985
2018-10-04 10:00:00,469.1999999999999
2018-10-04 11:00:00,469.79999999999984
2018-10-04 12:00:00,471.29999999999984
2018-10-04 13:00:00,469.59999999999985
2018-10-04 14:00:00,466.1999999999999
2018-10-04 15:00:00,467.79999999999984
2018-10-05 05:00:00,457.49999999999983
2018-10-05 07:00:00,463.1999999999999
2018-10-05 08:00:00,459.59999999999985
2018-10-05 09:00:00,459.39999999999986
2018-10-05 10:00:00,461.39999999999986
2018-10-05 11:00:00,460.39999999999986
2018-10-05 12:00:00,459.29999999999984
2018-10-05 13:00:00,458.1999999999999
2018-10-05 14:00:00,458.89999999999986
2018-10-05 15:00:00,456.99999999999983
2018-10-08 05:00:00,449.29999999999984
2018-10-08 07:00:00,454.1999999999999
2018-10-08 08:00:00,451.29999999999984
2018-10-08 09:00:00,453.6999999999999
2018-10-08 10:00:00,451.99999999999983
2018-10-08 11:00:00,452.39999999999986
2018-10-08 12:00:00,450.99999999999983
2018-10-08 13:00:00,450.79999999999984
2018-10-08 14:00:00,450.79999999999984
2018-10-08 15:00:00,449.29999999999984
2018-10-09 05:00:00,451.89999999999986
2018-10-09 07:00:00,448.1999999999999
2018-10-09 08:00:00,448.1999999999999
2018-10-09 09:00:00,447.29999999999984
2018-10-09 10:00:00,447.99999999999983
2018-10-09 11:00:00,445.79999999999984
2018-10-09 13:00:00,450.79999999999984
2018-10-09 14:00:00,452.29999999999984
2018-10-10 05:00:00,433.6999999999999
2018-10-10 07:00:00,446.49999999999983
2018-10-10 08:00:00,445.6999999999999
2018-10-10 09:00:00,442.99999999999983
2018-10-10 10:00:00,442.79999999999984
2018-10-10 11:00:00,441.09999999999985
2018-10-10 12:00:00,439.1999999999999
2018-10-10 13:00:00,435.09999999999985
2018-10-10 14:00:00,434.49999999999983
2018-10-10 15:00:00,432.59999999999985
2018-10-11 05:00:00,428.49999999999983
2018-10-11 07:00:00,424.59999999999985
2018-10-11 08:00:00,426.49999999999983
2018-10-11 09:00:00,423.79999999999984
2018-10-11 10:00:00,422.59999999999985
2018-10-11 11:00:00,422.6999999999999
2018-10-11 12:00:00,431.79999999999984
2018-10-11 13:00:00,435.39999999999986
2018-10-11 14:00:00,428.49999999999983
2018-10-11 15:00:00,428.29999999999984
2018-10-12 05:00:00,430.09999999999985
2018-10-12 07:00:00,432.79999999999984
2018-10-12 08:00:00,431.49999999999983
2018-10-12 09:00:00,431.79999999999984
2018-10-12 10:00:00,431.79999999999984
2018-10-12 11:00:00,432.49999999999983
2018-10-12 12:00:00,432.79999999999984
2018-10-12 13:00:00,433.1999999999999
2018-10-12 14:00:00,431.6999999999999
2018-10-12 15:00:00,429.89999999999986
2018-10-15 05:00:00,429.99999999999983
2018-10-15 07:00:00,428.99999999999983
2018-10-15 08:00:00,424.79999999999984
2018-10-15 09:00:00,427.09999999999985
2018-10-15 10:00:00,426.49999999999983
2018-10-15 11:00:00,426.49999999999983
2018-10-15 12:00:00,427.89999999999986
2018-10-15 13:00:00,429.29999999999984
2018-10-15 14:00:00,428.59999999999985
2018-10-15 15:00:00,430.1999999999999
2018-10-16 05:00:00,443.49999999999983
2018-10-16 07:00:00,432.59999999999985
2018-10-16 08:00:00,432.79999999999984
2018-10-16 09:00:00,433.59999999999985
2018-10-16 10:00:00,435.49999999999983
2018-10-16 11:00:00,437.39999999999986
2018-10-16 12:00:00,439.99999999999983
2018-10-16 13:00:00,440.79999999999984
2018-10-16 14:00:00,442.59999999999985
2018-10-16 15:00:00,443.29999999999984
2018-10-17 05:00:00,446.09999999999985
2018-10-17 07:00:00,455.6999999999999
2018-10-17 08:00:00,449.39999999999986
2018-10-17 09:00:00,447.29999999999984
2018-10-17 10:00:00,447.1999999999999
2018-10-17 11:00:00,446.59999999999985
2018-10-17 12:00:00,447.89999999999986
2018-10-17 13:00:00,446.6999999999999
2018-10-17 14:00:00,444.89999999999986
2018-10-17 15:00:00,446.1999999999999
2018-10-18 05:00:00,436.29999999999984
2018-10-18 07:00:00,444.39999999999986
2018-10-18 08:00:00,443.39999999999986
2018-10-18 09:00:00,446.09999999999985
2018-10-18 10:00:00,444.09999999999985
2018-10-18 11:00:00,444.09999999999985
2018-10-18 12:00:00,440.6999999999999
2018-10-18 13:00:00,439.89999999999986
2018-10-18 14:00:00,437.49999999999983
2018-10-18 15:00:00,436.49999999999983
2018-10-19 05:00:00,433.99999999999983
2018-10-19 07:00:00,437.49999999999983
2018-10-19 08:00:00,432.89999999999986
2018-10-19 09:00:00,433.79999999999984
2018-10-19 10:00:00,431.49999999999983
2018-10-19 11:00:00,434.59999999999985
2018-10-19 12:00:00,432.6999999999999
2018-10-19 13:00:00,435.59999999999985
2018-10-19 14:00:00,434.6999999999999
2018-10-19 15:00:00,434.89999999999986
2018-10-22 05:00:00,433.1999999999999
2018-10-22 07:00:00,435.79999999999984
2018-10-22 08:00:00,435.59999999999985
2018-10-22 09:00:00,435.29999999999984
2018-10-22 10:00:00,434.59999999999985
2018-10-22 13:00:00,432.79999999999984
2018-10-22 14:00:00,433.49999999999983
2018-10-22 15:00:00,433.59999999999985
2018-10-23 05:00:00,417.39999999999986
2018-10-23 07:00:00,421.6999999999999
2018-10-23 08:00:00,415.59999999999985
2018-10-23 09:00:00,416.1999999999999
2018-10-23 10:00:00,417.1999999999999
2018-10-23 11:00:00,416.6999999999999
2018-10-23 12:00:00,417.99999999999983
2018-10-23 13:00:00,416.39999999999986
2018-10-23 14:00:00,416.6999999999999
2018-10-23 15:00:00,417.59999999999985
2018-10-24 05:00:00,409.1999999999999
2018-10-24 07:00:00,417.1999999999999
2018-10-24 08:00:00,411.99999999999983
2018-10-24 09:00:00,412.99999999999983
2018-10-24 10:00:00,412.99999999999983
2018-10-24 11:00:00,414.6999999999999
2018-10-24 12:00:00,417.6999999999999
2018-10-24 13:00:00,416.6999999999999
2018-10-24 14:00:00,412.59999999999985
2018-10-24 15:00:00,408.79999999999984
2018-10-25 05:00:00,416.49999999999983
2018-10-25 07:00:00,410.49999999999983
2018-10-25 08:00:00,411.89999999999986
2018-10-25 09:00:00,413.59999999999985
2018-10-25 11:00:00,412.39999999999986
2018-10-25 12:00:00,412.89999999999986
2018-10-25 13:00:00,414.29999999999984
2018-10-25 14:00:00,415.09999999999985
2018-10-25 15:00:00,415.6999999999999
2018-10-26 05:00:00,411.29999999999984
2018-10-26 07:00:00,410.1999999999999
2018-10-26 08:00:00,408.89999999999986
2018-10-26 09:00:00,406.39999999999986
2018-10-26 10:00:00,407.49999999999983
2018-10-26 11:00:00,409.89999999999986
2018-10-26 12:00:00,412.6999999999999
2018-10-26 13:00:00,411.89999999999986
2018-10-26 14:00:00,407.1999999999999
2018-10-26 15:00:00,412.39999999999986
2018-10-29 05:00:00,414.99999999999983
2018-10-29 11:00:00,419.59999999999985
2018-10-29 13:00:00,418.29999999999984
2018-10-29 14:00:00,419.89999999999986
2018-10-29 15:00:00,418.99999999999983
2018-10-29 16:00:00,414.99999999999983
2018-10-29 18:00:00,415.59999999999985
2018-10-30 05:00:00,417.6999999999999
2018-10-30 08:00:00,414.09999999999985
2018-10-30 09:00:00,415.29999999999984
2018-10-30 10:00:00,414.89999999999986
2018-10-30 11:00:00,415.39999999999986
2018-10-30 12:00:00,417.09999999999985
2018-10-30 13:00:00,416.6999999999999
2018-10-30 14:00:00,415.79999999999984
2018-10-30 15:00:00,416.89999999999986
2018-10-31 05:00:00,426.89999999999986
2018-10-31 08:00:00,424.99999999999983
2018-10-31 09:00:00,423.09999999999985
2018-10-31 10:00:00,424.6999999999999
2018-10-31 11:00:00,424.89999999999986
2018-10-31 12:00:00,425.6999999999999
2018-10-31 13:00:00,426.79999999999984
2018-10-31 14:00:00,429.09999999999985
2018-10-31 15:00:00,425.89999999999986
2018-10-31 16:00:00,426.79999999999984
2018-11-01 05:00:00,428.39999999999986
2018-11-01 08:00:00,429.1999999999999
2018-11-01 09:00:00,428.6999999999999
2018-11-01 10:00:00,430.09999999999985
2018-11-01 11:00:00,428.1999999999999
2018-11-01 12:00:00,427.09999999999985
2018-11-01 13:00:00,426.1999999999999
2018-11-01 14:00:00,427.29999999999984
2018-11-01 15:00:00,428.29999999999984
2018-11-01 16:00:00,427.99999999999983
2018-11-02 05:00:00,433.09999999999985
2018-11-02 08:00:00,437.39999999999986
2018-11-02 09:00:00,436.99999999999983
2018-11-02 10:00:00,437.99999999999983
2018-11-02 11:00:00,439.09999999999985
2018-11-02 12:00:00,437.49999999999983
2018-11-02 13:00:00,436.29999999999984
2018-11-02 14:00:00,433.29999999999984
2018-11-02 15:00:00,433.29999999999984
2018-11-02 16:00:00,431.09999999999985
2018-11-05 06:00:00,426.89999999999986
2018-11-05 08:00:00,431.09999999999985
2018-11-05 09:00:00,431.79999999999984
2018-11-05 10:00:00,431.1999999999999
2018-11-05 11:00:00,430.99999999999983
2018-11-05 12:00:00,431.29999999999984
2018-11-05 13:00:00,431.29999999999984
2018-11-05 14:00:00,428.89999999999986
2018-11-05 15:00:00,426.79999999999984
2018-11-05 16:00:00,427.1999999999999
2018-11-06 06:00:00,427.6999999999999
2018-11-06 08:00:00,424.09999999999985
2018-11-06 09:00:00,423.6999999999999
2018-11-06 10:00:00,423.89999999999986
2018-11-06 11:00:00,425.89999999999986
2018-11-06 14:00:00,429.89999999999986
2018-11-06 16:00:00,427.49999999999983
2018-11-07 06:00:00,431.79999999999984
2018-11-07 08:00:00,429.59999999999985
2018-11-07 09:00:00,430.09999999999985
2018-11-07 10:00:00,429.89999999999986
2018-11-07 12:00:00,428.49999999999983
2018-11-07 13:00:00,428.89999999999986
2018-11-07 14:00:00,429.39999999999986
2018-11-07 15:00:00,431.09999999999985
2018-11-07 16:00:00,431.59999999999985
2018-11-08 06:00:00,430.09999999999985
2018-11-08 08:00:00,435.29999999999984
2018-11-08 09:00:00,433.29999999999984
2018-11-08 10:00:00,432.79999999999984
2018-11-08 11:00:00,431.89999999999986
2018-11-08 12:00:00,431.89999999999986
2018-11-08 13:00:00,430.29999999999984
2018-11-08 14:00:00,431.79999999999984
2018-11-08 15:00:00,430.49999999999983
2018-11-08 16:00:00,430.1999999999999
2018-11-09 06:00:00,430.6999999999999
2018-11-09 08:00:00,428.6999999999999
2018-11-09 09:00:00,429.79999999999984
2018-11-09 10:00:00,429.59999999999985
2018-11-09 13:00:00,430.29999999999984
2018-11-09 14:00:00,429.39999999999986
2018-11-09 15:00:00,431.09999999999985
2018-11-09 16:00:00,430.29999999999984
2018-11-12 06:00:00,415.39999999999986
2018-11-12 08:00:00,421.29999999999984
2018-11-12 09:00:00,421.79999999999984
2018-11-12 10:00:00,423.29999999999984
2018-11-12 11:00:00,422.49999999999983
2018-11-12 12:00:00,421.79999999999984
2018-11-12 14:00:00,417.99999999999983
2018-11-12 15:00:00,417.09999999999985
2018-11-12 16:00:00,415.59999999999985
2018-11-13 06:00:00,422.39999999999986
2018-11-13 08:00:00,419.39999999999986
2018-11-13 09:00:00,416.79999999999984
2018-11-13 10:00:00,416.49999999999983
2018-11-13 11:00:00,417.89999999999986
2018-11-13 13:00:00,417.39999999999986
2018-11-13 14:00:00,417.79999999999984
2018-11-13 15:00:00,419.29999999999984
2018-11-13 16:00:00,420.89999999999986
2018-11-14 06:00:00,419.09999999999985
2018-11-14 08:00:00,413.89999999999986
2018-11-14 09:00:00,417.59999999999985
2018-11-14 10:00:00,419.6999999999999
2018-11-14 11:00:00,419.39999999999986
2018-11-14 12:00:00,419.6999999999999
2018-11-14 13:00:00,423.29999999999984
2018-11-14 14:00:00,420.99999999999983
2018-11-14 15:00:00,419.49999999999983
2018-11-14 16:00:00,417.49999999999983
2018-11-15 06:00:00,417.49999999999983
2018-11-15 09:00:00,417.1999999999999
2018-11-15 10:00:00,417.59999999999985
2018-11-15 11:00:00,418.1999999999999
2018-11-15 12:00:00,419.49999999999983
2018-11-15 13:00:00,416.39999999999986
2018-11-15 14:00:00,417.29999999999984
2018-11-15 15:00:00,415.49999999999983
2018-11-15 16:00:00,418.49999999999983
2018-11-16 06:00:00,414.49999999999983
2018-11-16 08:00:00,419.1999999999999
2018-11-16 09:00:00,418.39999999999986
2018-11-16 10:00:00,414.6999999999999
2018-11-16 11:00:00,415.29999999999984
2018-11-16 12:00:00,414.39999999999986
2018-11-16 13:00:00,412.89999999999986
2018-11-16 14:00:00,413.59999999999985
2018-11-16 15:00:00,415.59999999999985
2018-11-16 16:00:00,414.1999999999999
2018-11-19 06:00:00,405.49999999999983
2018-11-19 08:00:00,418.6999999999999
2018-11-19 09:00:00,414.79999999999984
2018-11-19 10:00:00,414.89999999999986
2018-11-19 11:00:00,414.49999999999983
2018-11-19 12:00:00,415.1999999999999
2018-11-19 13:00:00,415.39999999999986
2018-11-19 14:00:00,410.99999999999983
2018-11-19 15:00:00,407.6999999999999
2018-11-19 16:00:00,404.89999999999986
2018-11-20 06:00:00,398.29999999999984
2018-11-20 08:00:00,398.79999999999984
2018-11-20 09:00:00,398.49999999999983
2018-11-20 10:00:00,398.49999999999983
2018-11-20 11:00:00,398.6999999999999
2018-11-20 12:00:00,396.1999999999999
2018-11-20 13:00:00,391.79999999999984
2018-11-20 14:00:00,393.99999999999983
2018-11-20 15:00:00,398.99999999999983
2018-11-20 16:00:00,398.89999999999986
2018-11-20 20:00:00,398.59999999999985
2018-11-21 06:00:00,405.6999999999999
2018-11-21 08:00:00,400.99999999999983
2018-11-21 09:00:00,400.79999999999984
2018-11-21 11:00:00,399.59999999999985
2018-11-21 13:00:00,403.29999999999984
2018-11-21 14:00:00,402.99999999999983
2018-11-21 15:00:00,404.1999999999999
2018-11-21 16:00:00,406.09999999999985
2018-11-22 06:00:00,401.49999999999983
2018-11-22 08:00:00,402.1999999999999
2018-11-22 09:00:00,400.49999999999983
2018-11-22 10:00:00,402.6999999999999
2018-11-22 13:00:00,402.89999999999986
2018-11-22 15:00:00,402.39999999999986
2018-11-22 16:00:00,401.99999999999983
2018-11-23 06:00:00,406.29999999999984
2018-11-23 08:00:00,404.49999999999983
2018-11-23 09:00:00,405.89999999999986
2018-11-23 10:00:00,402.6999999999999
2018-11-23 11:00:00,402.39999999999986
2018-11-23 12:00:00,403.29999999999984
2018-11-23 13:00:00,400.59999999999985
2018-11-23 14:00:00,404.29999999999984
2018-11-23 15:00:00,404.59999999999985
2018-11-23 16:00:00,405.39999999999986
2018-11-26 06:00:00,411.59999999999985
2018-11-26 08:00:00,411.99999999999983
2018-11-26 09:00:00,412.1999999999999
2018-11-26 10:00:00,411.59999999999985
2018-11-26 11:00:00,410.99999999999983
2018-11-26 12:00:00,409.79999999999984
2018-11-26 14:00:00,410.6999999999999
2018-11-26 15:00:00,411.6999999999999
2018-11-26 16:00:00,409.49999999999983
2018-11-27 06:00:00,411.99999999999983
2018-11-27 08:00:00,411.59999999999985
2018-11-27 09:00:00,413.39999999999986
2018-11-27 11:00:00,410.79999999999984
2018-11-27 12:00:00,410.1999999999999
2018-11-27 13:00:00,409.89999999999986
2018-11-27 14:00:00,409.59999999999985
2018-11-27 15:00:00,410.09999999999985
2018-11-27 16:00:00,411.59999999999985
2018-11-28 06:00:00,414.59999999999985
2018-11-28 08:00:00,413.29999999999984
2018-11-28 09:00:00,416.1999999999999
2018-11-28 10:00:00,416.89999999999986
2018-11-28 12:00:00,415.09999999999985
2018-11-28 14:00:00,414.59999999999985
2018-11-28 15:00:00,413.99999999999983
2018-11-28 16:00:00,414.09999999999985
2018-11-29 06:00:00,417.59999999999985
2018-11-29 08:00:00,422.79999999999984
2018-11-29 09:00:00,421.39999999999986
2018-11-29 10:00:00,420.29999999999984
2018-11-29 11:00:00,418.29999999999984
2018-11-29 12:00:00,418.59999999999985
2018-11-29 13:00:00,418.09999999999985
2018-11-29 14:00:00,420.09999999999985
2018-11-29 15:00:00,418.59999999999985
2018-11-29 16:00:00,417.49999999999983
2018-11-30 06:00:00,415.09999999999985
2018-11-30 13:00:00,415.6999999999999
2018-11-30 14:00:00,415.79999999999984
2018-11-30 15:00:00,415.39999999999986
2018-11-30 16:00:00,415.29999999999984
2018-12-03 06:00:00,425.29999999999984
2018-12-03 08:00:00,428.09999999999985
2018-12-03 09:00:00,427.39999999999986
2018-12-03 10:00:00,426.89999999999986
2018-12-03 11:00:00,425.29999999999984
2018-12-03 12:00:00,425.79999999999984
2018-12-03 13:00:00,425.39999999999986
2018-12-03 14:00:00,425.1999999999999
2018-12-03 15:00:00,425.39999999999986
2018-12-03 16:00:00,424.89999999999986
2018-12-04 06:00:00,419.49999999999983
2018-12-04 08:00:00,422.79999999999984
2018-12-04 09:00:00,421.89999999999986
2018-12-04 10:00:00,421.39999999999986
2018-12-04 14:00:00,421.29999999999984
2018-12-04 15:00:00,420.49999999999983
2018-12-05 06:00:00,412.09999999999985
2018-12-05 07:00:00,410.1999999999999
2018-12-05 08:00:00,413.29999999999984
2018-12-05 09:00:00,414.1999999999999
2018-12-05 10:00:00,412.99999999999983
2018-12-05 11:00:00,413.49999999999983
2018-12-05 12:00:00,413.39999999999986
2018-12-05 13:00:00,413.79999999999984
2018-12-05 14:00:00,413.49999999999983
2018-12-05 15:00:00,412.89999999999986
2018-12-05 16:00:00,411.1999999999999
2018-12-06 06:00:00,399.09999999999985
2018-12-06 08:00:00,401.39999999999986
2018-12-06 09:00:00,399.89999999999986
2018-12-06 10:00:00,399.1999999999999
2018-12-06 11:00:00,399.39999999999986
2018-12-06 12:00:00,400.1999999999999
2018-12-06 13:00:00,402.29999999999984
2018-12-06 14:00:00,401.39999999999986
2018-12-06 15:00:00,400.79999999999984
2018-12-06 16:00:00,399.1999999999999
2018-12-07 06:00:00,401.99999999999983
2018-12-07 09:00:00,407.99999999999983
2018-12-07 10:00:00,406.89999999999986
2018-12-07 12:00:00,406.29999999999984
2018-12-07 13:00:00,406.59999999999985
2018-12-07 14:00:00,408.59999999999985
2018-12-07 15:00:00,405.79999999999984
2018-12-07 16:00:00,401.89999999999986
2018-12-10 06:00:00,397.49999999999983
2018-12-10 08:00:00,398.29999999999984
2018-12-10 09:00:00,398.29999999999984
2018-12-10 10:00:00,399.89999999999986
2018-12-10 11:00:00,400.29999999999984
2018-12-10 12:00:00,400.6999999999999
2018-12-10 13:00:00,400.59999999999985
2018-12-10 14:00:00,401.29999999999984
2018-12-10 15:00:00,399.29999999999984
2018-12-10 16:00:00,397.59999999999985
2018-12-11 06:00:00,407.59999999999985
2018-12-11 16:00:00,407.09999999999985
2018-12-12 06:00:00,415.6999999999999
2018-12-13 06:00:00,412.6999999999999
2018-12-14 06:00:00,408.59999999999985
2018-12-17 06:00:00,404.1999999999999
2018-12-17 15:00:00,402.99999999999983
2018-12-18 06:00:00,400.1999999999999
2018-12-18 10:00:00,402.99999999999983
2018-12-19 06:00:00,402.1999999999999
2018-12-19 08:00:00,398.99999999999983
2018-12-19 09:00:00,399.49999999999983
2018-12-19 10:00:00,400.09999999999985
2018-12-19 11:00:00,400.39999999999986
2018-12-19 12:00:00,400.29999999999984
2018-12-19 13:00:00,401.59999999999985
2018-12-19 14:00:00,402.59999999999985
2018-12-20 06:00:00,391.09999999999985
2018-12-20 09:00:00,394.79999999999984
2018-12-20 10:00:00,394.1999999999999
2018-12-20 11:00:00,396.49999999999983
2018-12-20 12:00:00,395.49999999999983
2018-12-20 13:00:00,394.29999999999984
2018-12-20 14:00:00,393.09999999999985
2018-12-20 15:00:00,393.79999999999984
2018-12-20 16:00:00,391.1999999999999
2018-12-21 06:00:00,387.79999999999984
2018-12-21 08:00:00,390.29999999999984
2018-12-21 09:00:00,388.39999999999986
2018-12-21 10:00:00,388.99999999999983
2018-12-21 11:00:00,390.49999999999983
2018-12-21 12:00:00,390.49999999999983
2018-12-21 13:00:00,392.49999999999983
2018-12-21 14:00:00,388.59999999999985
2018-12-21 15:00:00,389.49999999999983
2018-12-21 16:00:00,387.09999999999985
2018-12-27 06:00:00,384.49999999999983
2018-12-27 08:00:00,390.09999999999985
2018-12-27 09:00:00,385.1999999999999
2018-12-27 10:00:00,386.59999999999985
2018-12-27 11:00:00,386.29999999999984
2018-12-27 12:00:00,385.99999999999983
2018-12-27 13:00:00,385.29999999999984
2018-12-27 14:00:00,384.29999999999984
2018-12-27 15:00:00,382.1999999999999
2018-12-27 16:00:00,384.99999999999983
2018-12-27 20:00:00,387.09999999999985
2018-12-28 06:00:00,393.99999999999983
2018-12-28 08:00:00,391.29999999999984
2018-12-28 09:00:00,391.89999999999986
2018-12-28 10:00:00,393.59999999999985
2018-12-28 11:00:00,393.6999999999999
2018-12-28 12:00:00,392.6999999999999
2018-12-28 13:00:00,394.29999999999984
2018-12-28 14:00:00,394.99999999999983
2018-12-28 15:00:00,393.49999999999983
2019-01-02 06:00:00,394.39999999999986
2019-01-02 08:00:00,390.29999999999984
2019-01-02 09:00:00,391.29999999999984
2019-01-02 10:00:00,393.89999999999986
2019-01-02 11:00:00,393.59999999999985
2019-01-02 12:00:00,393.49999999999983
2019-01-02 13:00:00,391.59999999999985
2019-01-02 14:00:00,394.1999999999999
2019-01-02 15:00:00,395.1999999999999
2019-01-02 16:00:00,393.89999999999986
2019-01-03 06:00:00,378.1999999999999
2019-01-03 08:00:00,383.79999999999984
2019-01-03 09:00:00,382.99999999999983
2019-01-03 10:00:00,380.1999999999999
2019-01-03 11:00:00,380.1999999999999
2019-01-03 12:00:00,381.39999999999986
2019-01-03 13:00:00,382.49999999999983
2019-01-03 14:00:00,381.39999999999986
2019-01-03 15:00:00,378.1999999999999
2019-01-03 16:00:00,378.09999999999985
2019-01-04 06:00:00,389.29999999999984
2019-01-04 08:00:00,381.6999999999999
2019-01-04 09:00:00,383.49999999999983
2019-01-04 10:00:00,382.49999999999983
2019-01-04 11:00:00,382.59999999999985
2019-01-04 12:00:00,383.1999999999999
2019-01-04 13:00:00,384.1999999999999
2019-01-04 14:00:00,385.89999999999986
2019-01-04 15:00:00,388.39999999999986
2019-01-04 16:00:00,389.29999999999984
2019-01-07 06:00:00,394.59999999999985
2019-01-07 08:00:00,390.99999999999983
2019-01-07 09:00:00,391.29999999999984
2019-01-07 10:00:00,393.1999999999999
2019-01-07 11:00:00,392.29999999999984
2019-01-07 12:00:00,394.29999999999984
2019-01-07 13:00:00,392.89999999999986
2019-01-07 14:00:00,394.39999999999986
2019-01-07 15:00:00,395.1999999999999
2019-01-07 16:00:00,394.29999999999984
2019-01-08 06:00:00,400.09999999999985
2019-01-08 08:00:00,397.99999999999983
2019-01-08 09:00:00,396.6999999999999
2019-01-08 10:00:00,396.6999999999999
2019-01-08 11:00:00,400.29999999999984
2019-01-08 12:00:00,400.29999999999984
2019-01-08 13:00:00,402.99999999999983
2019-01-08 14:00:00,402.79999999999984
2019-01-08 15:00:00,400.79999999999984
2019-01-08 16:00:00,399.29999999999984
2019-01-09 06:00:00,408.09999999999985
2019-01-09 08:00:00,405.39999999999986
2019-01-09 09:00:00,408.09999999999985
2019-01-09 10:00:00,407.59999999999985
2019-01-09 11:00:00,408.49999999999983
2019-01-09 12:00:00,408.89999999999986
2019-01-09 13:00:00,409.79999999999984
2019-01-09 14:00:00,407.99999999999983
2019-01-09 15:00:00,407.09999999999985
2019-01-09 16:00:00,407.09999999999985
2019-01-10 06:00:00,405.29999999999984
2019-01-10 08:00:00,402.79999999999984
2019-01-10 09:00:00,404.6999999999999
2019-01-10 10:00:00,403.99999999999983
2019-01-10 11:00:00,404.09999999999985
2019-01-10 12:00:00,403.89999999999986
2019-01-10 13:00:00,405.29999999999984
2019-01-10 14:00:00,403.49999999999983
2019-01-10 15:00:00,405.09999999999985
2019-01-10 16:00:00,405.39999999999986
2019-01-11 06:00:00,404.59999999999985
2019-01-11 08:00:00,405.79999999999984
2019-01-11 09:00:00,405.49999999999983
2019-01-11 10:00:00,405.59999999999985
2019-01-11 11:00:00,404.6999999999999
2019-01-11 12:00:00,405.29999999999984
2019-01-11 13:00:00,403.89999999999986
2019-01-11 15:00:00,405.1999999999999
2019-01-11 16:00:00,404.1999999999999
2019-01-14 06:00:00,398.79999999999984
2019-01-14 08:00:00,402.1999999999999
2019-01-14 09:00:00,400.99999999999983
2019-01-14 10:00:00,399.99999999999983
2019-01-14 11:00:00,399.79999999999984
2019-01-14 12:00:00,399.99999999999983
2019-01-14 13:00:00,400.1999999999999
2019-01-14 14:00:00,399.59999999999985
2019-01-14 15:00:00,399.49999999999983
2019-01-14 16:00:00,398.59999999999985
2019-01-15 06:00:00,403.29999999999984
2019-01-15 08:00:00,403.99999999999983
2019-01-15 09:00:00,402.49999999999983
2019-01-15 10:00:00,400.29999999999984
2019-01-15 11:00:00,401.1999999999999
2019-01-15 12:00:00,399.6999999999999
2019-01-15 13:00:00,399.6999999999999
2019-01-16 06:00:00,405.1999999999999
2019-01-16 08:00:00,405.6999999999999
2019-01-16 09:00:00,404.09999999999985
2019-01-16 12:00:00,404.79999999999984
2019-01-16 14:00:00,406.09999999999985
2019-01-16 15:00:00,405.79999999999984
2019-01-16 16:00:00,405.1999999999999
2019-01-17 06:00:00,406.09999999999985
2019-01-17 08:00:00,404.49999999999983
2019-01-17 13:00:00,405.29999999999984
2019-01-17 14:00:00,404.49999999999983
2019-01-17 15:00:00,406.59999999999985
2019-01-17 16:00:00,406.09999999999985
2019-01-18 06:00:00,418.39999999999986
2019-01-18 08:00:00,409.79999999999984
2019-01-18 09:00:00,412.1999999999999
2019-01-18 10:00:00,412.49999999999983
2019-01-18 11:00:00,413.29999999999984
2019-01-18 12:00:00,414.29999999999984
2019-01-18 13:00:00,414.6999999999999
2019-01-18 14:00:00,414.29999999999984
2019-01-18 15:00:00,416.09999999999985
2019-01-18 16:00:00,418.89999999999986
2019-01-21 06:00:00,416.49999999999983
2019-01-21 08:00:00,418.39999999999986
2019-01-21 10:00:00,417.99999999999983
2019-01-21 11:00:00,417.59999999999985
2019-01-21 13:00:00,417.79999999999984
2019-01-21 14:00:00,417.59999999999985
2019-01-21 15:00:00,416.79999999999984
2019-01-21 16:00:00,416.79999999999984
2019-01-22 06:00:00,413.39999999999986
2019-01-22 08:00:00,415.99999999999983
2019-01-22 09:00:00,416.49999999999983
2019-01-22 10:00:00,415.29999999999984
2019-01-22 11:00:00,414.79999999999984
2019-01-22 12:00:00,414.6999999999999
2019-01-22 13:00:00,414.09999999999985
2019-01-22 14:00:00,412.39999999999986
2019-01-22 15:00:00,412.6999999999999
2019-01-22 16:00:00,412.79999999999984
2019-01-23 06:00:00,413.99999999999983
2019-01-23 08:00:00,408.89999999999986
2019-01-23 09:00:00,411.79999999999984
2019-01-23 10:00:00,411.1999999999999
2019-01-23 11:00:00,412.99999999999983
2019-01-23 12:00:00,414.59999999999985
2019-01-23 13:00:00,415.59999999999985
2019-01-23 14:00:00,416.89999999999986
2019-01-23 15:00:00,415.09999999999985
2019-01-23 16:00:00,414.39999999999986
2019-01-24 06:00:00,423.99999999999983
2019-01-24 08:00:00,420.6999999999999
2019-01-24 09:00:00,421.6999999999999
2019-01-24 10:00:00,423.39999999999986
2019-01-24 11:00:00,423.09999999999985
2019-01-24 12:00:00,422.29999999999984
2019-01-24 13:00:00,422.1999999999999
2019-01-24 14:00:00,422.29999999999984
2019-01-24 15:00:00,423.1999999999999
2019-01-24 16:00:00,425.09999999999985
2019-01-25 06:00:00,431.1999999999999
2019-01-25 08:00:00,427.1999999999999
2019-01-25 09:00:00,427.89999999999986
2019-01-25 10:00:00,427.99999999999983
2019-01-25 11:00:00,428.49999999999983
2019-01-25 12:00:00,428.99999999999983
2019-01-25 13:00:00,430.09999999999985
2019-01-25 14:00:00,430.59999999999985
2019-01-25 15:00:00,431.49999999999983
2019-01-25 16:00:00,430.99999999999983
2019-01-28 06:00:00,425.09999999999985
2019-01-28 08:00:00,428.59999999999985
2019-01-28 09:00:00,429.29999999999984
2019-01-28 10:00:00,429.1999999999999
2019-01-28 11:00:00,427.09999999999985
2019-01-28 13:00:00,426.49999999999983
2019-01-28 14:00:00,423.29999999999984
2019-01-28 15:00:00,424.6999999999999
2019-01-28 16:00:00,425.1999999999999
2019-01-29 06:00:00,422.79999999999984
2019-01-29 08:00:00,424.49999999999983
2019-01-29 09:00:00,423.89999999999986
2019-01-29 10:00:00,424.09999999999985
2019-01-29 11:00:00,423.1999999999999
2019-01-29 12:00:00,423.09999999999985
2019-01-29 13:00:00,423.89999999999986
2019-01-29 14:00:00,423.89999999999986
2019-01-29 15:00:00,422.09999999999985
2019-01-29 16:00:00,422.59999999999985
2019-01-30 06:00:00,422.1999999999999
2019-01-30 08:00:00,425.6999999999999
2019-01-30 10:00:00,424.29999999999984
2019-01-30 12:00:00,423.99999999999983
2019-01-30 14:00:00,423.09999999999985
2019-01-30 15:00:00,421.99999999999983
2019-01-30 16:00:00,422.09999999999985
2019-01-31 06:00:00,422.49999999999983
2019-01-31 08:00:00,421.6999999999999
2019-01-31 09:00:00,420.99999999999983
2019-01-31 10:00:00,421.59999999999985
2019-01-31 11:00:00,421.89999999999986
2019-01-31 13:00:00,420.79999999999984
2019-01-31 14:00:00,419.09999999999985
2019-01-31 15:00:00,419.89999999999986
2019-01-31 16:00:00,425.39999999999986
2019-02-01 06:00:00,423.39999999999986
2019-02-01 08:00:00,423.59999999999985
2019-02-01 09:00:00,422.89999999999986
2019-02-01 10:00:00,422.59999999999985
2019-02-01 11:00:00,422.99999999999983
2019-02-01 12:00:00,421.6999999999999
2019-02-01 13:00:00,422.99999999999983
2019-02-01 14:00:00,421.09999999999985
2019-02-01 15:00:00,423.6999999999999
2019-02-01 16:00:00,423.99999999999983
2019-02-04 06:00:00,423.59999999999985
2019-02-04 08:00:00,422.6999999999999
2019-02-04 09:00:00,424.6999999999999
2019-02-04 10:00:00,423.6999999999999
2019-02-04 11:00:00,423.99999999999983
2019-02-04 12:00:00,424.29999999999984
2019-02-04 13:00:00,424.09999999999985
2019-02-04 14:00:00,424.09999999999985
2019-02-04 15:00:00,423.39999999999986
2019-02-04 16:00:00,424.39999999999986
2019-02-05 06:00:00,429.79999999999984
2019-02-05 08:00:00,426.1999999999999
2019-02-05 09:00:00,427.29999999999984
2019-02-05 10:00:00,427.59999999999985
2019-02-05 11:00:00,428.39999999999986
2019-02-05 12:00:00,428.29999999999984
2019-02-05 13:00:00,427.79999999999984
2019-02-05 14:00:00,429.39999999999986
2019-02-05 15:00:00,429.89999999999986
2019-02-05 16:00:00,430.29999999999984
2019-02-06 06:00:00,437.89999999999986
2019-02-06 08:00:00,433.79999999999984
2019-02-06 09:00:00,434.79999999999984
2019-02-06 10:00:00,434.79999999999984
2019-02-06 11:00:00,435.39999999999986
2019-02-06 12:00:00,435.49999999999983
2019-02-06 13:00:00,436.39999999999986
2019-02-06 14:00:00,438.79999999999984
2019-02-06 15:00:00,438.6999999999999
2019-02-06 16:00:00,437.79999999999984
2019-02-07 06:00:00,429.29999999999984
2019-02-07 08:00:00,436.39999999999986
2019-02-07 09:00:00,438.09999999999985
2019-02-07 10:00:00,435.89999999999986
2019-02-07 11:00:00,434.39999999999986
2019-02-07 12:00:00,432.79999999999984
2019-02-07 13:00:00,431.6999999999999
2019-02-07 14:00:00,430.39999999999986
2019-02-07 15:00:00,430.49999999999983
2019-02-07 16:00:00,428.59999999999985
2019-02-08 06:00:00,428.09999999999985
2019-02-08 08:00:00,428.89999999999986
2019-02-08 09:00:00,428.59999999999985
2019-02-08 10:00:00,428.79999999999984
2019-02-08 11:00:00,427.29999999999984
2019-02-08 12:00:00,426.39999999999986
2019-02-08 13:00:00,425.99999999999983
2019-02-08 14:00:00,427.89999999999986
2019-02-08 15:00:00,427.1999999999999
2019-02-08 16:00:00,427.49999999999983
2019-02-08 17:00:00,428.39999999999986
2019-02-11 06:00:00,432.49999999999983
2019-02-11 08:00:00,433.1999999999999
2019-02-11 09:00:00,433.49999999999983
2019-02-11 10:00:00,432.49999999999983
2019-02-11 11:00:00,431.59999999999985
2019-02-11 12:00:00,432.09999999999985
2019-02-11 13:00:00,432.99999999999983
2019-02-11 14:00:00,432.49999999999983
2019-02-11 15:00:00,432.89999999999986
2019-02-11 16:00:00,432.99999999999983
2019-02-12 06:00:00,435.09999999999985
2019-02-12 08:00:00,435.6999999999999
2019-02-12 09:00:00,435.79999999999984
2019-02-12 10:00:00,435.59999999999985
2019-02-12 11:00:00,434.59999999999985
2019-02-12 12:00:00,434.59999999999985
2019-02-12 13:00:00,433.89999999999986
2019-02-12 14:00:00,433.49999999999983
2019-02-12 15:00:00,434.99999999999983
2019-02-12 16:00:00,433.99999999999983
2019-02-13 06:00:00,440.79999999999984
2019-02-13 08:00:00,435.99999999999983
2019-02-13 09:00:00,437.59999999999985
2019-02-13 10:00:00,438.29999999999984
2019-02-13 13:00:00,439.39999999999986
2019-02-13 14:00:00,439.59999999999985
2019-02-13 15:00:00,441.29999999999984
2019-02-14 06:00:00,443.29999999999984
2019-02-14 08:00:00,445.1999999999999
2019-02-14 09:00:00,444.39999999999986
2019-02-14 10:00:00,445.39999999999986
2019-02-14 11:00:00,445.6999999999999
2019-02-14 12:00:00,445.59999999999985
2019-02-14 13:00:00,443.79999999999984
2019-02-14 14:00:00,443.59999999999985
2019-02-14 15:00:00,443.99999999999983
2019-02-14 16:00:00,443.39999999999986
2019-02-15 06:00:00,445.99999999999983
2019-02-15 08:00:00,440.29999999999984
2019-02-15 09:00:00,440.99999999999983
2019-02-15 10:00:00,443.1999999999999
2019-02-15 11:00:00,445.49999999999983
2019-02-15 12:00:00,445.09999999999985
2019-02-15 13:00:00,447.1999999999999
2019-02-15 14:00:00,446.09999999999985
2019-02-15 16:00:00,445.59999999999985
2019-02-18 06:00:00,446.6999999999999
2019-02-18 09:00:00,446.1999999999999
2019-02-18 12:00:00,445.79999999999984
2019-02-19 06:00:00,443.59999999999985
2019-02-19 08:00:00,447.29999999999984
2019-02-19 09:00:00,445.79999999999984
2019-02-19 10:00:00,445.39999999999986
2019-02-19 11:00:00,444.59999999999985
2019-02-19 12:00:00,443.49999999999983
2019-02-19 13:00:00,443.1999999999999
2019-02-19 14:00:00,444.09999999999985
2019-02-19 15:00:00,443.1999999999999
2019-02-19 16:00:00,443.59999999999985
2019-02-20 06:00:00,446.1999999999999
2019-02-20 08:00:00,444.89999999999986
2019-02-20 11:00:00,444.99999999999983
2019-02-20 14:00:00,443.6999999999999
2019-02-20 16:00:00,446.1999999999999
2019-02-21 06:00:00,444.6999999999999
2019-02-21 08:00:00,445.89999999999986
2019-02-21 09:00:00,444.1999999999999
2019-02-21 10:00:00,445.29999999999984
2019-02-21 12:00:00,444.89999999999986
2019-02-21 16:00:00,444.89999999999986
2019-02-22 06:00:00,450.6999999999999
2019-02-22 08:00:00,448.1999999999999
2019-02-22 09:00:00,448.89999999999986
2019-02-22 10:00:00,450.09999999999985
2019-02-22 11:00:00,449.89999999999986
2019-02-22 12:00:00,449.79999999999984
2019-02-22 13:00:00,449.6999999999999
2019-02-22 16:00:00,450.59999999999985
2019-02-25 06:00:00,452.1999999999999
2019-02-25 08:00:00,452.49999999999983
2019-02-25 10:00:00,452.99999999999983
2019-02-25 11:00:00,452.49999999999983
2019-02-25 14:00:00,452.29999999999984
2019-02-25 15:00:00,452.29999999999984
2019-02-25 16:00:00,452.29999999999984
2019-02-26 06:00:00,451.29999999999984
2019-02-26 08:00:00,448.89999999999986
2019-02-26 10:00:00,449.09999999999985
2019-02-26 11:00:00,449.1999999999999
2019-02-26 12:00:00,448.99999999999983
2019-02-26 13:00:00,448.6999999999999
2019-02-26 14:00:00,448.1999999999999
2019-02-26 15:00:00,450.1999999999999
2019-02-26 16:00:00,451.49999999999983
2019-02-27 06:00:00,446.49999999999983
2019-02-27 08:00:00,447.6999999999999
2019-02-27 09:00:00,448.09999999999985
2019-02-27 11:00:00,447.29999999999984
2019-02-27 13:00:00,447.99999999999983
2019-02-27 15:00:00,445.49999999999983
2019-02-27 16:00:00,446.59999999999985
2019-02-28 06:00:00,446.39999999999986
2019-02-28 07:00:00,439.49999999999983
2019-02-28 08:00:00,443.99999999999983
2019-02-28 09:00:00,444.59999999999985
2019-02-28 10:00:00,444.89999999999986
2019-02-28 11:00:00,444.99999999999983
2019-02-28 12:00:00,445.39999999999986
2019-02-28 13:00:00,445.09999999999985
2019-02-28 14:00:00,445.1999999999999
2019-02-28 15:00:00,445.89999999999986
2019-02-28 16:00:00,446.29999999999984
2019-03-01 06:00:00,449.6999999999999
2019-03-01 08:00:00,449.99999999999983
2019-03-01 09:00:00,449.99999999999983
2019-03-01 10:00:00,449.49999999999983
2019-03-01 11:00:00,450.1999999999999
2019-03-01 12:00:00,450.29999999999984
2019-03-01 13:00:00,449.79999999999984
2019-03-01 14:00:00,449.59999999999985
2019-03-01 15:00:00,449.89999999999986
2019-03-01 16:00:00,449.99999999999983
2019-03-04 06:00:00,450.49999999999983
2019-03-04 08:00:00,452.6999999999999
2019-03-04 09:00:00,451.79999999999984
2019-03-04 10:00:00,450.59999999999985
2019-03-04 11:00:00,451.29999999999984
2019-03-04 13:00:00,452.1999999999999
2019-03-04 15:00:00,452.1999999999999
2019-03-04 16:00:00,451.09999999999985
2019-03-05 06:00:00,451.79999999999984
2019-03-05 08:00:00,450.09999999999985
2019-03-05 09:00:00,449.59999999999985
2019-03-05 10:00:00,449.89999999999986
2019-03-05 12:00:00,448.49999999999983
2019-03-05 13:00:00,449.59999999999985
2019-03-05 14:00:00,449.59999999999985
2019-03-05 15:00:00,451.6999999999999
2019-03-05 16:00:00,451.6999999999999
2019-03-06 06:00:00,448.6999999999999
2019-03-06 08:00:00,450.99999999999983
2019-03-06 09:00:00,450.79999999999984
2019-03-06 11:00:00,450.79999999999984
2019-03-06 12:00:00,450.59999999999985
2019-03-06 13:00:00,450.59999999999985
2019-03-06 14:00:00,449.6999999999999
2019-03-06 15:00:00,448.29999999999984
2019-03-06 16:00:00,448.89999999999986
2019-03-07 06:00:00,445.59999999999985
2019-03-07 08:00:00,445.49999999999983
2019-03-07 09:00:00,445.59999999999985
2019-03-07 10:00:00,445.1999999999999
2019-03-07 11:00:00,445.59999999999985
2019-03-07 12:00:00,447.29999999999984
2019-03-07 13:00:00,449.1999999999999
2019-03-07 14:00:00,446.1999999999999
2019-03-07 15:00:00,445.79999999999984
2019-03-07 16:00:00,445.99999999999983
2019-03-08 06:00:00,445.29999999999984
2019-03-08 07:00:00,441.1999999999999
2019-03-08 08:00:00,442.29999999999984
2019-03-08 09:00:00,442.09999999999985
2019-03-08 12:00:00,443.09999999999985
2019-03-08 13:00:00,442.89999999999986
2019-03-08 14:00:00,443.99999999999983
2019-03-08 15:00:00,444.49999999999983
2019-03-08 16:00:00,444.1999999999999
2019-03-11 05:00:00,449.39999999999986
2019-03-11 12:00:00,444.79999999999984
2019-03-12 05:00:00,448.89999999999986
2019-03-12 12:00:00,446.99999999999983
2019-03-12 13:00:00,446.89999999999986
2019-03-12 15:00:00,449.09999999999985
2019-03-12 16:00:00,448.79999999999984
2019-03-13 05:00:00,450.6999999999999
2019-03-13 10:00:00,448.6999999999999
2019-03-13 16:00:00,450.1999999999999
2019-03-14 05:00:00,452.49999999999983
2019-03-14 08:00:00,450.49999999999983
2019-03-14 09:00:00,451.1999999999999
2019-03-14 10:00:00,449.29999999999984
2019-03-14 11:00:00,450.59999999999985
2019-03-14 12:00:00,451.99999999999983
2019-03-14 13:00:00,452.29999999999984
2019-03-14 14:00:00,451.49999999999983
2019-03-14 15:00:00,452.29999999999984
2019-03-14 16:00:00,452.99999999999983
2019-03-15 05:00:00,463.99999999999983
2019-03-15 08:00:00,455.39999999999986
2019-03-15 09:00:00,456.09999999999985
2019-03-15 10:00:00,459.29999999999984
2019-03-15 11:00:00,457.79999999999984
2019-03-15 12:00:00,458.79999999999984
2019-03-15 13:00:00,460.99999999999983
2019-03-15 14:00:00,462.39999999999986
2019-03-15 15:00:00,463.1999999999999
2019-03-15 16:00:00,465.09999999999985
2019-03-18 05:00:00,459.1999999999999
2019-03-18 08:00:00,462.1999999999999
2019-03-18 09:00:00,462.59999999999985
2019-03-18 10:00:00,462.39999999999986
2019-03-18 11:00:00,460.49999999999983
2019-03-18 12:00:00,459.29999999999984
2019-03-18 13:00:00,459.39999999999986
2019-03-18 15:00:00,459.09999999999985
2019-03-18 16:00:00,459.99999999999983
2019-03-19 05:00:00,463.89999999999986
2019-03-19 08:00:00,460.39999999999986
2019-03-19 09:00:00,461.59999999999985
2019-03-19 11:00:00,462.89999999999986
2019-03-19 13:00:00,464.39999999999986
2019-03-19 14:00:00,463.59999999999985
2019-03-19 15:00:00,463.99999999999983
2019-03-19 16:00:00,462.99999999999983
2019-03-20 05:00:00,461.89999999999986
2019-03-20 07:00:00,463.39999999999986
2019-03-20 08:00:00,463.59999999999985
2019-03-20 09:00:00,464.39999999999986
2019-03-20 10:00:00,463.79999999999984
2019-03-20 11:00:00,464.6999999999999
2019-03-20 13:00:00,463.39999999999986
2019-03-20 14:00:00,461.99999999999983
2019-03-20 15:00:00,462.79999999999984
2019-03-20 16:00:00,462.29999999999984
2019-03-21 05:00:00,464.1999999999999
2019-03-21 08:00:00,462.09999999999985
2019-03-21 09:00:00,462.39999999999986
2019-03-21 14:00:00,463.09999999999985
2019-03-21 15:00:00,464.49999999999983
2019-03-21 16:00:00,464.59999999999985
2019-03-22 05:00:00,456.1999999999999
2019-03-22 08:00:00,461.49999999999983
2019-03-22 09:00:00,461.79999999999984
2019-03-22 11:00:00,460.79999999999984
2019-03-22 12:00:00,459.29999999999984
2019-03-22 13:00:00,457.89999999999986
2019-03-22 14:00:00,459.29999999999984
2019-03-22 15:00:00,456.39999999999986
2019-03-22 16:00:00,455.79999999999984
2019-03-25 05:00:00,453.1999999999999
2019-03-25 08:00:00,451.89999999999986
2019-03-25 09:00:00,452.09999999999985
2019-03-25 10:00:00,452.49999999999983
2019-03-25 11:00:00,451.6999999999999
2019-03-25 13:00:00,451.79999999999984
2019-03-25 15:00:00,453.59999999999985
2019-03-25 16:00:00,452.29999999999984
2019-03-26 05:00:00,457.99999999999983
2019-03-26 08:00:00,451.99999999999983
2019-03-26 09:00:00,453.09999999999985
2019-03-26 10:00:00,453.49999999999983
2019-03-26 12:00:00,455.49999999999983
2019-03-26 13:00:00,455.89999999999986
2019-03-26 15:00:00,457.49999999999983
2019-03-26 16:00:00,458.09999999999985
2019-03-27 05:00:00,453.09999999999985
2019-03-27 08:00:00,457.59999999999985
2019-03-27 09:00:00,457.1999999999999
2019-03-27 10:00:00,456.79999999999984
2019-03-27 11:00:00,458.49999999999983
2019-03-27 12:00:00,460.1999999999999
2019-03-27 13:00:00,456.79999999999984
2019-03-27 14:00:00,454.59999999999985
2019-03-27 15:00:00,454.59999999999985
2019-03-27 16:00:00,452.79999999999984
2019-03-28 05:00:00,455.49999999999983
2019-03-28 08:00:00,456.39999999999986
2019-03-28 09:00:00,456.29999999999984
2019-03-28 10:00:00,456.6999999999999
2019-03-28 13:00:00,455.79999999999984
2019-03-28 14:00:00,456.1999999999999
2019-03-28 16:00:00,455.6999999999999
2019-03-29 05:00:00,462.6999999999999
2019-03-29 08:00:00,458.6999999999999
2019-03-29 09:00:00,458.29999999999984
2019-03-29 10:00:00,459.39999999999986
2019-03-29 11:00:00,460.59999999999985
2019-03-29 12:00:00,460.39999999999986
2019-03-29 13:00:00,460.59999999999985
2019-03-29 14:00:00,460.49999999999983
2019-03-29 15:00:00,461.59999999999985
2019-03-29 16:00:00,462.6999999999999
2019-04-01 05:00:00,468.29999999999984
2019-04-01 07:00:00,467.79999999999984
2019-04-01 08:00:00,468.89999999999986
2019-04-01 09:00:00,467.39999999999986
2019-04-01 10:00:00,466.99999999999983
2019-04-01 11:00:00,467.89999999999986
2019-04-01 12:00:00,467.59999999999985
2019-04-01 13:00:00,466.99999999999983
2019-04-01 14:00:00,467.99999999999983
2019-04-01 15:00:00,467.99999999999983
2019-04-02 05:00:00,470.49999999999983
2019-04-02 07:00:00,467.49999999999983
2019-04-02 09:00:00,469.1999999999999
2019-04-02 10:00:00,469.59999999999985
2019-04-02 11:00:00,471.09999999999985
2019-04-02 12:00:00,471.09999999999985
2019-04-02 13:00:00,470.89999999999986
2019-04-02 14:00:00,470.59999999999985
2019-04-02 15:00:00,470.59999999999985
2019-04-03 05:00:00,477.79999999999984
2019-04-03 07:00:00,475.6999999999999
2019-04-03 08:00:00,475.99999999999983
2019-04-03 09:00:00,476.49999999999983
2019-04-03 10:00:00,476.59999999999985
2019-04-03 11:00:00,476.99999999999983
2019-04-03 12:00:00,477.09999999999985
2019-04-03 13:00:00,477.39999999999986
2019-04-03 14:00:00,477.6999999999999
2019-04-03 15:00:00,477.79999999999984
2019-04-04 05:00:00,476.39999999999986
2019-04-04 07:00:00,478.09999999999985
2019-04-04 08:00:00,476.79999999999984
2019-04-04 09:00:00,476.99999999999983
2019-04-04 10:00:00,477.6999999999999
2019-04-04 11:00:00,477.99999999999983
2019-04-04 12:00:00,478.79999999999984
2019-04-04 13:00:00,478.89999999999986
2019-04-04 14:00:00,477.6999999999999
2019-04-04 15:00:00,476.59999999999985
2019-04-05 05:00:00,477.39999999999986
2019-04-05 07:00:00,474.99999999999983
2019-04-05 08:00:00,475.99999999999983
2019-04-05 10:00:00,475.89999999999986
2019-04-05 12:00:00,476.49999999999983
2019-04-05 13:00:00,475.79999999999984
2019-04-05 14:00:00,477.49999999999983
2019-04-05 15:00:00,476.99999999999983
2019-04-08 05:00:00,476.79999999999984
2019-04-08 07:00:00,474.09999999999985
2019-04-08 08:00:00,473.99999999999983
2019-04-08 09:00:00,473.99999999999983
2019-04-08 12:00:00,476.29999999999984
2019-04-08 13:00:00,474.79999999999984
2019-04-08 15:00:00,476.89999999999986
2019-04-09 05:00:00,471.59999999999985
2019-04-09 07:00:00,475.39999999999986
2019-04-09 08:00:00,476.59999999999985
2019-04-09 09:00:00,475.29999999999984
2019-04-09 10:00:00,475.6999999999999
2019-04-09 11:00:00,474.49999999999983
2019-04-09 12:00:00,472.99999999999983
2019-04-09 13:00:00,471.59999999999985
2019-04-09 14:00:00,471.1999999999999
2019-04-09 15:00:00,471.6999999999999
2019-04-10 05:00:00,471.79999999999984
2019-04-10 07:00:00,472.29999999999984
2019-04-10 08:00:00,473.09999999999985
2019-04-10 09:00:00,472.89999999999986
2019-04-10 10:00:00,472.79999999999984
2019-04-10 12:00:00,472.99999999999983
2019-04-10 13:00:00,471.09999999999985
2019-04-10 14:00:00,472.1999999999999
2019-04-11 05:00:00,472.59999999999985
2019-04-11 07:00:00,471.1999999999999
2019-04-11 08:00:00,469.79999999999984
2019-04-11 09:00:00,471.79999999999984
2019-04-11 10:00:00,472.29999999999984
2019-04-11 11:00:00,472.1999999999999
2019-04-11 12:00:00,471.39999999999986
2019-04-11 13:00:00,470.6999999999999
2019-04-11 14:00:00,472.1999999999999
2019-04-11 15:00:00,472.39999999999986
2019-04-12 05:00:00,474.39999999999986
2019-04-12 07:00:00,473.29999999999984
2019-04-12 08:00:00,474.49999999999983
2019-04-12 09:00:00,474.49999999999983
2019-04-12 10:00:00,473.99999999999983
2019-04-12 11:00:00,474.39999999999986
2019-04-12 12:00:00,474.39999999999986
2019-04-12 13:00:00,473.79999999999984
2019-04-12 14:00:00,474.29999999999984
2019-04-12 15:00:00,474.09999999999985
2019-04-15 05:00:00,473.6999999999999
2019-04-15 07:00:00,473.79999999999984
2019-04-15 08:00:00,474.1999999999999
2019-04-15 10:00:00,474.6999999999999
2019-04-15 11:00:00,473.59999999999985
2019-04-15 12:00:00,474.09999999999985
2019-04-15 14:00:00,472.79999999999984
2019-04-15 15:00:00,473.29999999999984
2019-04-16 05:00:00,475.6999999999999
2019-04-16 07:00:00,474.59999999999985
2019-04-16 08:00:00,474.39999999999986
2019-04-16 10:00:00,474.29999999999984
2019-04-16 13:00:00,473.99999999999983
2019-04-16 14:00:00,474.79999999999984
2019-04-16 15:00:00,475.59999999999985
2019-04-17 05:00:00,477.89999999999986
2019-04-17 07:00:00,479.6999999999999
2019-04-17 08:00:00,479.09999999999985
2019-04-17 09:00:00,477.99999999999983
2019-04-17 14:00:00,478.6999999999999
2019-04-17 15:00:00,478.09999999999985
2019-04-18 05:00:00,481.6999999999999
2019-04-18 07:00:00,476.99999999999983
2019-04-18 08:00:00,478.89999999999986
2019-04-18 09:00:00,482.99999999999983
2019-04-18 11:00:00,481.79999999999984
2019-04-18 12:00:00,481.29999999999984
2019-04-18 13:00:00,480.99999999999983
2019-04-18 14:00:00,481.09999999999985
2019-04-18 15:00:00,482.79999999999984
2019-04-23 05:00:00,484.1999999999999
2019-04-23 07:00:00,483.09999999999985
2019-04-23 08:00:00,482.1999999999999
2019-04-23 09:00:00,482.09999999999985
2019-04-23 10:00:00,480.89999999999986
2019-04-23 11:00:00,480.99999999999983
2019-04-23 12:00:00,481.49999999999983
2019-04-23 13:00:00,482.99999999999983
2019-04-23 14:00:00,484.29999999999984
2019-04-23 15:00:00,483.59999999999985
2019-04-24 05:00:00,502.39999999999986
2019-04-24 07:00:00,493.39999999999986
2019-04-24 08:00:00,494.29999999999984
2019-04-24 09:00:00,497.29999999999984
2019-04-24 10:00:00,498.39999999999986
2019-04-24 11:00:00,500.09999999999985
2019-04-24 12:00:00,499.49999999999983
2019-04-24 13:00:00,502.49999999999983
2019-04-24 14:00:00,501.09999999999985
2019-04-24 15:00:00,502.6999999999999
2019-04-25 05:00:00,500.09999999999985
2019-04-25 07:00:00,498.6999999999999
2019-04-25 08:00:00,498.09999999999985
2019-04-25 09:00:00,499.79999999999984
2019-04-25 10:00:00,499.59999999999985
2019-04-25 11:00:00,500.49999999999983
2019-04-25 12:00:00,499.99999999999983
2019-04-25 13:00:00,500.29999999999984
2019-04-25 14:00:00,498.09999999999985
2019-04-25 15:00:00,500.89999999999986
2019-04-26 05:00:00,498.89999999999986
2019-04-26 07:00:00,500.1999999999999
2019-04-26 08:00:00,502.09999999999985
2019-04-26 09:00:00,501.49999999999983
2019-04-26 12:00:00,500.39999999999986
2019-04-26 13:00:00,497.1999999999999
2019-04-26 14:00:00,497.79999999999984
2019-04-26 15:00:00,498.59999999999985
2019-04-29 05:00:00,498.79999999999984
2019-04-29 07:00:00,497.99999999999983
2019-04-29 08:00:00,498.59999999999985
2019-04-29 09:00:00,495.09999999999985
2019-04-29 11:00:00,495.39999999999986
2019-04-29 12:00:00,496.39999999999986
2019-04-29 13:00:00,498.49999999999983
2019-04-29 14:00:00,499.29999999999984
2019-04-30 05:00:00,498.59999999999985
2019-04-30 07:00:00,499.6999999999999
2019-04-30 08:00:00,498.1999999999999
2019-04-30 09:00:00,497.59999999999985
2019-04-30 10:00:00,497.49999999999983
2019-04-30 11:00:00,497.59999999999985
2019-04-30 12:00:00,496.29999999999984
2019-04-30 13:00:00,497.49999999999983
2019-04-30 14:00:00,498.29999999999984
2019-04-30 15:00:00,495.79999999999984
2019-05-02 05:00:00,491.39999999999986
2019-05-02 07:00:00,494.39999999999986
2019-05-02 08:00:00,491.6999999999999
2019-05-02 09:00:00,492.29999999999984
2019-05-02 10:00:00,491.49999999999983
2019-05-02 11:00:00,491.79999999999984
2019-05-02 12:00:00,493.09999999999985
2019-05-02 13:00:00,493.1999999999999
2019-05-02 15:00:00,491.09999999999985
2019-05-03 05:00:00,491.6999999999999
2019-05-03 07:00:00,490.59999999999985
2019-05-03 08:00:00,490.99999999999983
2019-05-03 09:00:00,490.29999999999984
2019-05-03 10:00:00,490.79999999999984
2019-05-03 11:00:00,490.79999999999984
2019-05-03 12:00:00,491.09999999999985
2019-05-03 13:00:00,491.29999999999984
2019-05-03 14:00:00,491.49999999999983
2019-05-03 15:00:00,491.29999999999984
2019-05-06 05:00:00,487.1999999999999
2019-05-06 08:00:00,479.79999999999984
2019-05-06 09:00:00,479.79999999999984
2019-05-06 11:00:00,481.29999999999984
2019-05-06 12:00:00,481.59999999999985
2019-05-06 13:00:00,482.99999999999983
2019-05-06 14:00:00,484.99999999999983
2019-05-06 15:00:00,485.59999999999985
2019-05-07 05:00:00,476.29999999999984
2019-05-07 07:00:00,487.79999999999984
2019-05-07 08:00:00,484.79999999999984
2019-05-07 09:00:00,485.09999999999985
2019-05-07 11:00:00,484.09999999999985
2019-05-07 12:00:00,483.79999999999984
2019-05-07 13:00:00,480.09999999999985
2019-05-07 14:00:00,476.49999999999983
2019-05-07 15:00:00,475.89999999999986
2019-05-08 05:00:00,481.1999999999999
2019-05-08 07:00:00,478.49999999999983
2019-05-08 08:00:00,479.1999999999999
2019-05-08 09:00:00,478.89999999999986
2019-05-08 10:00:00,476.09999999999985
2019-05-08 11:00:00,476.99999999999983
2019-05-08 12:00:00,478.79999999999984
2019-05-08 13:00:00,479.39999999999986
2019-05-08 14:00:00,481.09999999999985
2019-05-08 15:00:00,481.09999999999985
2019-05-09 05:00:00,469.89999999999986
2019-05-09 07:00:00,476.59999999999985
2019-05-09 08:00:00,476.6999999999999
2019-05-09 13:00:00,474.6999999999999
2019-05-09 14:00:00,470.09999999999985
2019-05-09 15:00:00,470.29999999999984
2019-05-10 05:00:00,472.89999999999986
2019-05-10 07:00:00,475.89999999999986
2019-05-10 12:00:00,474.1999999999999
2019-05-10 13:00:00,476.6999999999999
2019-05-10 15:00:00,473.29999999999984
2019-05-13 05:00:00,464.89999999999986
2019-05-13 07:00:00,471.09999999999985
2019-05-13 08:00:00,470.99999999999983
2019-05-13 09:00:00,470.89999999999986
2019-05-13 10:00:00,471.49999999999983
2019-05-13 11:00:00,470.89999999999986
2019-05-13 12:00:00,466.89999999999986
2019-05-13 13:00:00,467.89999999999986
2019-05-13 14:00:00,465.99999999999983
2019-05-13 15:00:00,465.29999999999984
2019-05-14 05:00:00,474.09999999999985
2019-05-14 07:00:00,468.09999999999985
2019-05-14 08:00:00,466.79999999999984
2019-05-14 09:00:00,468.99999999999983
2019-05-14 10:00:00,468.89999999999986
2019-05-14 11:00:00,469.89999999999986
2019-05-14 12:00:00,470.29999999999984
2019-05-14 13:00:00,470.29999999999984
2019-05-14 14:00:00,472.99999999999983
2019-05-14 15:00:00,464.99999999999983
2019-05-14 16:00:00,469.6999999999999
2019-05-14 17:00:00,470.1999999999999
2019-05-14 18:00:00,469.6999999999999
2019-05-14 19:00:00,462.09999999999985
2019-05-15 05:00:00,477.89999999999986
2019-05-15 07:00:00,473.6999999999999
2019-05-15 08:00:00,474.59999999999985
2019-05-15 09:00:00,473.29999999999984
2019-05-15 10:00:00,472.09999999999985
2019-05-15 11:00:00,471.1999999999999
2019-05-15 12:00:00,469.59999999999985
2019-05-15 13:00:00,472.89999999999986
2019-05-15 14:00:00,476.39999999999986
2019-05-15 15:00:00,478.1999999999999
2019-05-16 05:00:00,489.49999999999983
2019-05-16 07:00:00,478.09999999999985
2019-05-16 08:00:00,479.39999999999986
2019-05-16 10:00:00,482.1999999999999
2019-05-16 12:00:00,483.89999999999986
2019-05-16 13:00:00,484.09999999999985
2019-05-16 14:00:00,490.09999999999985
2019-05-16 15:00:00,489.79999999999984
2019-05-17 05:00:00,489.39999999999986
2019-05-17 07:00:00,486.49999999999983
2019-05-17 09:00:00,488.49999999999983
2019-05-17 10:00:00,486.29999999999984
2019-05-17 11:00:00,485.59999999999985
2019-05-17 12:00:00,484.59999999999985
2019-05-17 13:00:00,487.49999999999983
2019-05-17 15:00:00,489.39999999999986
2019-05-20 05:00:00,475.09999999999985
2019-05-20 07:00:00,485.39999999999986
2019-05-20 08:00:00,482.59999999999985
2019-05-20 09:00:00,480.79999999999984
2019-05-20 10:00:00,478.49999999999983
2019-05-20 11:00:00,477.89999999999986
2019-05-20 12:00:00,476.29999999999984
2019-05-20 13:00:00,475.29999999999984
2019-05-20 14:00:00,475.89999999999986
2019-05-20 15:00:00,476.09999999999985
2019-05-21 05:00:00,483.09999999999985
2019-05-21 07:00:00,482.1999999999999
2019-05-21 08:00:00,481.79999999999984
2019-05-21 09:00:00,482.6999999999999
2019-05-21 10:00:00,484.6999999999999
2019-05-21 11:00:00,483.1999999999999
2019-05-21 12:00:00,484.89999999999986
2019-05-21 13:00:00,482.89999999999986
2019-05-21 14:00:00,482.89999999999986
2019-05-21 15:00:00,485.29999999999984
2019-05-22 05:00:00,489.49999999999983
2019-05-22 07:00:00,484.6999999999999
2019-05-22 08:00:00,484.39999999999986
2019-05-22 09:00:00,486.49999999999983
2019-05-22 10:00:00,486.39999999999986
2019-05-22 11:00:00,483.99999999999983
2019-05-22 12:00:00,483.59999999999985
2019-05-22 13:00:00,485.79999999999984
2019-05-22 14:00:00,486.79999999999984
2019-05-22 15:00:00,489.49999999999983
2019-05-23 05:00:00,477.29999999999984
2019-05-23 07:00:00,483.39999999999986
2019-05-23 08:00:00,479.89999999999986
2019-05-23 09:00:00,477.6999999999999
2019-05-23 10:00:00,478.99999999999983
2019-05-23 11:00:00,480.49999999999983
2019-05-23 12:00:00,479.89999999999986
2019-05-23 14:00:00,478.79999999999984
2019-05-23 15:00:00,477.29999999999984
2019-05-24 05:00:00,479.49999999999983
2019-05-24 07:00:00,480.6999999999999
2019-05-24 08:00:00,480.49999999999983
2019-05-24 10:00:00,480.99999999999983
2019-05-24 11:00:00,481.49999999999983
2019-05-24 12:00:00,481.39999999999986
2019-05-24 13:00:00,481.79999999999984
2019-05-24 14:00:00,478.59999999999985
2019-05-24 15:00:00,479.6999999999999
2019-05-27 05:00:00,480.89999999999986
2019-05-27 07:00:00,482.09999999999985
2019-05-27 08:00:00,481.1999999999999
2019-05-27 09:00:00,481.09999999999985
2019-05-27 10:00:00,479.99999999999983
2019-05-27 11:00:00,480.39999999999986
2019-05-27 15:00:00,481.1999999999999
2019-05-28 05:00:00,478.49999999999983
2019-05-28 08:00:00,479.09999999999985
2019-05-28 09:00:00,478.89999999999986
2019-05-28 10:00:00,478.6999999999999
2019-05-28 11:00:00,478.99999999999983
2019-05-28 12:00:00,479.09999999999985
2019-05-28 13:00:00,480.09999999999985
2019-05-28 14:00:00,479.39999999999986
2019-05-28 15:00:00,478.59999999999985
2019-05-29 05:00:00,468.49999999999983
2019-05-29 07:00:00,472.49999999999983
2019-05-29 08:00:00,470.09999999999985
2019-05-29 09:00:00,469.49999999999983
2019-05-29 10:00:00,470.6999999999999
2019-05-29 11:00:00,469.29999999999984
2019-05-29 12:00:00,468.99999999999983
2019-05-29 13:00:00,468.79999999999984
2019-05-29 14:00:00,470.1999999999999
2019-05-29 15:00:00,466.79999999999984
2019-05-30 05:00:00,473.79999999999984
2019-05-30 07:00:00,471.29999999999984
2019-05-30 08:00:00,471.49999999999983
2019-05-30 09:00:00,471.1999999999999
2019-05-30 10:00:00,470.99999999999983
2019-05-30 11:00:00,469.89999999999986
2019-05-30 12:00:00,470.1999999999999
2019-05-30 13:00:00,473.6999999999999
2019-05-30 15:00:00,473.09999999999985
2019-05-31 05:00:00,469.1999999999999
2019-05-31 06:00:00,469.1999999999999
2019-05-31 07:00:00,468.09999999999985
2019-05-31 08:00:00,466.89999999999986
2019-05-31 09:00:00,466.6999999999999
2019-05-31 10:00:00,467.09999999999985
2019-05-31 11:00:00,467.59999999999985
2019-05-31 12:00:00,468.6999999999999
2019-05-31 13:00:00,467.79999999999984
2019-05-31 14:00:00,469.39999999999986
2019-05-31 15:00:00,464.39999999999986
2019-06-03 05:00:00,467.59999999999985
2019-06-03 07:00:00,465.09999999999985
2019-06-03 09:00:00,466.1999999999999
2019-06-03 10:00:00,465.29999999999984
2019-06-03 11:00:00,465.59999999999985
2019-06-03 12:00:00,465.09999999999985
2019-06-03 13:00:00,464.1999999999999
2019-06-03 14:00:00,466.1999999999999
2019-06-03 15:00:00,468.09999999999985
2019-06-04 05:00:00,467.79999999999984
2019-06-04 07:00:00,460.89999999999986
2019-06-04 08:00:00,463.09999999999985
2019-06-04 09:00:00,463.29999999999984
2019-06-04 11:00:00,462.29999999999984
2019-06-04 12:00:00,464.89999999999986
2019-06-04 13:00:00,464.1999999999999
2019-06-04 14:00:00,466.1999999999999
2019-06-04 15:00:00,468.09999999999985
2019-06-05 05:00:00,471.09999999999985
2019-06-05 07:00:00,473.49999999999983
2019-06-05 08:00:00,473.29999999999984
2019-06-05 09:00:00,473.6999999999999
2019-06-05 10:00:00,474.09999999999985
2019-06-05 11:00:00,473.99999999999983
2019-06-05 12:00:00,472.49999999999983
2019-06-05 13:00:00,471.49999999999983
2019-06-05 14:00:00,470.39999999999986
2019-06-05 15:00:00,471.99999999999983
2019-06-06 05:00:00,470.09999999999985
2019-06-06 07:00:00,474.6999999999999
2019-06-06 08:00:00,474.09999999999985
2019-06-06 09:00:00,474.99999999999983
2019-06-06 10:00:00,474.99999999999983
2019-06-06 11:00:00,474.09999999999985
2019-06-06 12:00:00,469.49999999999983
2019-06-06 13:00:00,470.09999999999985
2019-06-06 14:00:00,470.29999999999984
2019-06-06 15:00:00,471.09999999999985
2019-06-07 05:00:00,479.29999999999984
2019-06-07 07:00:00,475.29999999999984
2019-06-07 08:00:00,476.1999999999999
2019-06-07 09:00:00,478.49999999999983
2019-06-07 10:00:00,477.99999999999983
2019-06-07 11:00:00,476.79999999999984
2019-06-07 12:00:00,477.1999999999999
2019-06-07 13:00:00,479.89999999999986
2019-06-07 14:00:00,480.79999999999984
2019-06-07 15:00:00,478.99999999999983
2019-06-10 05:00:00,480.59999999999985
2019-06-10 07:00:00,482.59999999999985
2019-06-10 08:00:00,481.39999999999986
2019-06-10 09:00:00,480.49999999999983
2019-06-10 10:00:00,479.6999999999999
2019-06-10 11:00:00,480.29999999999984
2019-06-10 12:00:00,480.29999999999984
2019-06-10 13:00:00,480.29999999999984
2019-06-10 14:00:00,481.1999999999999
2019-06-10 15:00:00,481.39999999999986
2019-06-11 05:00:00,483.89999999999986
2019-06-12 05:00:00,480.39999999999986
2019-06-13 05:00:00,482.29999999999984
2019-06-14 05:00:00,473.99999999999983
2019-06-17 05:00:00,475.49999999999983
2019-06-18 05:00:00,485.1999999999999
2019-06-19 05:00:00,484.99999999999983
2019-06-20 05:00:00,492.49999999999983
2019-06-21 05:00:00,489.59999999999985
2019-06-24 05:00:00,488.59999999999985
2019-06-24 07:00:00,490.99999999999983
2019-06-24 11:00:00,490.09999999999985
2019-06-24 12:00:00,490.59999999999985
2019-06-24 13:00:00,488.89999999999986
2019-06-24 14:00:00,488.79999999999984
2019-06-24 15:00:00,488.59999999999985
2019-06-25 05:00:00,490.89999999999986
2019-06-25 07:00:00,491.1999999999999
2019-06-25 08:00:00,492.49999999999983
2019-06-25 09:00:00,492.39999999999986
2019-06-25 10:00:00,492.09999999999985
2019-06-25 11:00:00,492.49999999999983
2019-06-25 12:00:00,492.59999999999985
2019-06-25 13:00:00,491.6999999999999
2019-06-25 14:00:00,491.1999999999999
2019-06-25 15:00:00,490.29999999999984
2019-06-26 05:00:00,490.39999999999986
2019-06-26 07:00:00,488.89999999999986
2019-06-26 09:00:00,491.09999999999985
2019-06-26 10:00:00,490.59999999999985
2019-06-26 11:00:00,490.49999999999983
2019-06-26 12:00:00,490.79999999999984
2019-06-26 13:00:00,491.99999999999983
2019-06-26 14:00:00,490.59999999999985
2019-06-26 15:00:00,491.29999999999984
2019-06-27 05:00:00,490.79999999999984
2019-06-27 07:00:00,492.29999999999984
2019-06-27 08:00:00,492.49999999999983
2019-06-27 09:00:00,492.49999999999983
2019-06-27 10:00:00,489.39999999999986
2019-06-27 11:00:00,490.59999999999985
2019-06-27 12:00:00,490.89999999999986
2019-06-27 13:00:00,491.1999999999999
2019-06-27 14:00:00,491.59999999999985
2019-06-27 15:00:00,491.1999999999999
2019-06-27 16:00:00,491.1999999999999
2019-06-28 05:00:00,498.49999999999983
2019-06-28 07:00:00,495.6999999999999
2019-06-28 08:00:00,495.99999999999983
2019-06-28 09:00:00,496.89999999999986
2019-06-28 10:00:00,497.09999999999985
2019-06-28 11:00:00,497.29999999999984
2019-06-28 12:00:00,496.79999999999984
2019-06-28 13:00:00,496.49999999999983
2019-06-28 14:00:00,498.29999999999984
2019-06-28 15:00:00,498.49999999999983
2019-07-01 05:00:00,507.99999999999983
2019-07-01 06:00:00,510.49999999999983
2019-07-01 07:00:00,508.1999999999999
2019-07-01 08:00:00,506.89999999999986
2019-07-01 09:00:00,507.59999999999985
2019-07-01 10:00:00,507.6999999999999
2019-07-01 11:00:00,507.89999999999986
2019-07-01 12:00:00,508.09999999999985
2019-07-01 13:00:00,507.6999999999999
2019-07-01 14:00:00,508.09999999999985
2019-07-01 15:00:00,508.39999999999986
2019-07-02 05:00:00,508.89999999999986
2019-07-02 06:00:00,509.89999999999986
2019-07-02 07:00:00,509.79999999999984
2019-07-02 08:00:00,509.29999999999984
2019-07-02 09:00:00,507.59999999999985
2019-07-02 11:00:00,506.89999999999986
2019-07-02 12:00:00,508.39999999999986
2019-07-02 13:00:00,508.29999999999984
2019-07-02 14:00:00,509.1999999999999
2019-07-02 15:00:00,508.79999999999984
2019-07-03 05:00:00,512.2999999999998
2019-07-03 07:00:00,510.89999999999986
2019-07-03 08:00:00,513.2999999999998
2019-07-03 09:00:00,513.3999999999999
2019-07-03 10:00:00,512.7999999999998
2019-07-03 11:00:00,512.4999999999998
2019-07-03 12:00:00,511.6999999999999
2019-07-03 13:00:00,511.6999999999999
2019-07-03 14:00:00,512.4999999999998
2019-07-03 15:00:00,512.4999999999998
2019-07-04 05:00:00,511.39999999999986
2019-07-04 07:00:00,512.7999999999998
2019-07-04 08:00:00,511.59999999999985
2019-07-04 12:00:00,512.5999999999999
2019-07-04 13:00:00,512.7999999999998
2019-07-04 14:00:00,512.3999999999999
2019-07-04 15:00:00,511.59999999999985
2019-07-05 05:00:00,504.29999999999984
2019-07-05 07:00:00,507.99999999999983
2019-07-05 08:00:00,507.1999999999999
2019-07-05 09:00:00,507.59999999999985
2019-07-05 10:00:00,507.39999999999986
2019-07-05 11:00:00,507.59999999999985
2019-07-05 12:00:00,505.1999999999999
2019-07-05 13:00:00,504.09999999999985
2019-07-05 14:00:00,503.59999999999985
2019-07-05 15:00:00,504.1999999999999
2019-07-08 05:00:00,504.89999999999986
2019-07-08 06:00:00,499.29999999999984
2019-07-08 07:00:00,505.6999999999999
2019-07-08 08:00:00,504.79999999999984
2019-07-08 09:00:00,505.49999999999983
2019-07-08 10:00:00,504.99999999999983
2019-07-08 11:00:00,505.79999999999984
2019-07-08 12:00:00,505.29999999999984
2019-07-08 13:00:00,503.29999999999984
2019-07-08 14:00:00,503.6999999999999
2019-07-08 15:00:00,504.39999999999986
2019-07-09 05:00:00,502.49999999999983
2019-07-09 07:00:00,502.99999999999983
2019-07-09 08:00:00,501.99999999999983
2019-07-09 10:00:00,503.59999999999985
2019-07-09 11:00:00,503.6999999999999
2019-07-09 12:00:00,502.89999999999986
2019-07-09 13:00:00,501.79999999999984
2019-07-09 14:00:00,502.39999999999986
2019-07-09 15:00:00,502.6999999999999
2019-07-10 05:00:00,501.1999999999999
2019-07-10 07:00:00,502.29999999999984
2019-07-10 09:00:00,500.49999999999983
2019-07-10 10:00:00,499.6999999999999
2019-07-10 11:00:00,500.6999999999999
2019-07-10 12:00:00,502.6999999999999
2019-07-10 13:00:00,504.59999999999985
2019-07-10 14:00:00,502.09999999999985
2019-07-10 15:00:00,501.09999999999985
2019-07-11 05:00:00,501.99999999999983
2019-07-11 07:00:00,502.6999999999999
2019-07-11 08:00:00,502.59999999999985
2019-07-11 09:00:00,502.79999999999984
2019-07-11 10:00:00,501.39999999999986
2019-07-11 11:00:00,501.79999999999984
2019-07-11 12:00:00,502.09999999999985
2019-07-11 13:00:00,502.6999999999999
2019-07-11 14:00:00,501.6999999999999
2019-07-11 15:00:00,502.29999999999984
2019-07-12 05:00:00,501.59999999999985
2019-07-12 07:00:00,501.99999999999983
2019-07-12 09:00:00,502.39999999999986
2019-07-12 10:00:00,502.59999999999985
2019-07-12 11:00:00,502.49999999999983
2019-07-12 12:00:00,501.89999999999986
2019-07-12 13:00:00,501.89999999999986
2019-07-12 14:00:00,502.29999999999984
2019-07-12 15:00:00,501.39999999999986
2019-07-15 05:00:00,503.89999999999986
2019-07-15 07:00:00,505.59999999999985
2019-07-15 08:00:00,501.6999999999999
2019-07-15 09:00:00,503.09999999999985
2019-07-15 12:00:00,503.99999999999983
2019-07-15 13:00:00,502.49999999999983
2019-07-15 14:00:00,503.29999999999984
2019-07-15 15:00:00,503.79999999999984
2019-07-16 05:00:00,503.79999999999984
2019-07-16 08:00:00,502.1999999999999
2019-07-16 11:00:00,502.59999999999985
2019-07-16 12:00:00,502.1999999999999
2019-07-16 13:00:00,502.49999999999983
2019-07-16 14:00:00,504.6999999999999
2019-07-16 15:00:00,503.99999999999983
2019-07-17 05:00:00,503.09999999999985
2019-07-17 07:00:00,505.59999999999985
2019-07-17 08:00:00,506.79999999999984
2019-07-17 09:00:00,505.89999999999986
2019-07-17 10:00:00,506.79999999999984
2019-07-17 11:00:00,505.89999999999986
2019-07-17 12:00:00,505.49999999999983
2019-07-17 13:00:00,506.1999999999999
2019-07-17 14:00:00,502.6999999999999
2019-07-17 15:00:00,503.29999999999984
2019-07-18 05:00:00,496.09999999999985
2019-07-18 07:00:00,493.1999999999999
2019-07-18 08:00:00,492.99999999999983
2019-07-18 09:00:00,494.49999999999983
2019-07-18 10:00:00,495.1999999999999
2019-07-18 11:00:00,494.49999999999983
2019-07-18 12:00:00,495.09999999999985
2019-07-18 13:00:00,496.39999999999986
2019-07-18 14:00:00,496.29999999999984
2019-07-18 15:00:00,496.29999999999984
2019-07-18 16:00:00,489.09999999999985
2019-07-18 17:00:00,489.1999999999999
2019-07-19 05:00:00,496.79999999999984
2019-07-19 07:00:00,498.39999999999986
2019-07-19 08:00:00,498.29999999999984
2019-07-19 09:00:00,497.1999999999999
2019-07-19 10:00:00,495.89999999999986
2019-07-19 11:00:00,495.29999999999984
2019-07-19 12:00:00,495.79999999999984
2019-07-19 13:00:00,495.99999999999983
2019-07-19 14:00:00,494.49999999999983
2019-07-19 15:00:00,496.89999999999986
2019-07-22 05:00:00,497.1999999999999
2019-07-22 07:00:00,494.6999999999999
2019-07-22 08:00:00,495.79999999999984
2019-07-22 09:00:00,495.99999999999983
2019-07-22 10:00:00,495.89999999999986
2019-07-22 11:00:00,496.79999999999984
2019-07-22 12:00:00,498.09999999999985
2019-07-22 13:00:00,497.49999999999983
2019-07-22 14:00:00,496.99999999999983
2019-07-22 15:00:00,498.59999999999985
2019-07-23 05:00:00,503.39999999999986
2019-07-23 07:00:00,501.79999999999984
2019-07-23 08:00:00,502.6999999999999
2019-07-23 09:00:00,503.09999999999985
2019-07-23 10:00:00,504.59999999999985
2019-07-23 11:00:00,504.39999999999986
2019-07-23 12:00:00,504.89999999999986
2019-07-23 13:00:00,502.39999999999986
2019-07-23 14:00:00,504.39999999999986
2019-07-23 15:00:00,503.49999999999983
2019-07-23 16:00:00,498.49999999999983
2019-07-24 05:00:00,510.29999999999984
2019-07-24 07:00:00,506.59999999999985
2019-07-24 08:00:00,505.6999999999999
2019-07-24 09:00:00,505.6999999999999
2019-07-24 10:00:00,507.09999999999985
2019-07-24 11:00:00,508.1999999999999
2019-07-24 12:00:00,507.89999999999986
2019-07-24 13:00:00,508.6999999999999
2019-07-24 14:00:00,509.1999999999999
2019-07-24 15:00:00,509.89999999999986
2019-07-24 16:00:00,530.4999999999999
2019-07-25 05:00:00,505.79999999999984
2019-07-25 07:00:00,513.0999999999999
2019-07-25 08:00:00,512.0999999999999
2019-07-25 09:00:00,510.89999999999986
2019-07-25 10:00:00,509.29999999999984
2019-07-25 11:00:00,511.59999999999985
2019-07-25 12:00:00,511.89999999999986
2019-07-25 13:00:00,505.39999999999986
2019-07-25 14:00:00,506.29999999999984
2019-07-25 15:00:00,506.39999999999986
2019-07-26 05:00:00,511.1999999999999
2019-07-26 07:00:00,508.09999999999985
2019-07-26 09:00:00,509.29999999999984
2019-07-26 10:00:00,509.89999999999986
2019-07-26 11:00:00,509.99999999999983
2019-07-26 12:00:00,510.49999999999983
2019-07-26 13:00:00,510.09999999999985
2019-07-26 14:00:00,510.29999999999984
2019-07-26 15:00:00,510.59999999999985
2019-07-29 05:00:00,509.49999999999983
2019-07-29 07:00:00,510.99999999999983
2019-07-29 08:00:00,510.89999999999986
2019-07-29 09:00:00,509.6999999999999
2019-07-29 10:00:00,509.89999999999986
2019-07-29 11:00:00,510.89999999999986
2019-07-29 12:00:00,511.1999999999999
2019-07-29 13:00:00,509.09999999999985
2019-07-29 14:00:00,509.89999999999986
2019-07-29 15:00:00,509.6999999999999
2019-07-30 05:00:00,500.79999999999984
2019-07-30 07:00:00,506.99999999999983
2019-07-30 09:00:00,503.99999999999983
2019-07-30 10:00:00,503.59999999999985
2019-07-30 11:00:00,501.09999999999985
2019-07-30 12:00:00,500.09999999999985
2019-07-30 13:00:00,500.09999999999985
2019-07-30 14:00:00,500.09999999999985
2019-07-30 15:00:00,501.09999999999985
2019-07-31 05:00:00,500.99999999999983
2019-07-31 07:00:00,499.79999999999984
2019-07-31 08:00:00,502.1999999999999
2019-07-31 09:00:00,501.39999999999986
2019-07-31 10:00:00,501.79999999999984
2019-07-31 11:00:00,501.29999999999984
2019-07-31 12:00:00,501.59999999999985
2019-07-31 13:00:00,501.6999999999999
2019-07-31 14:00:00,502.39999999999986
2019-07-31 15:00:00,500.39999999999986
2019-08-01 05:00:00,507.79999999999984
2019-08-01 07:00:00,502.49999999999983
2019-08-01 08:00:00,502.1999999999999
2019-08-01 09:00:00,503.79999999999984
2019-08-01 10:00:00,504.29999999999984
2019-08-01 11:00:00,504.89999999999986
2019-08-01 13:00:00,504.29999999999984
2019-08-01 14:00:00,506.49999999999983
2019-08-01 15:00:00,507.89999999999986
2019-08-02 05:00:00,490.59999999999985
2019-08-02 07:00:00,494.79999999999984
2019-08-02 08:00:00,491.09999999999985
2019-08-02 09:00:00,493.09999999999985
2019-08-02 10:00:00,493.99999999999983
2019-08-02 11:00:00,493.09999999999985
2019-08-02 12:00:00,493.89999999999986
2019-08-02 13:00:00,493.6999999999999
2019-08-02 14:00:00,489.99999999999983
2019-08-02 15:00:00,490.59999999999985
2019-08-05 05:00:00,475.89999999999986
2019-08-05 07:00:00,478.59999999999985
2019-08-05 08:00:00,476.39999999999986
2019-08-05 09:00:00,477.89999999999986
2019-08-05 10:00:00,479.09999999999985
2019-08-05 11:00:00,478.79999999999984
2019-08-05 12:00:00,478.99999999999983
2019-08-05 13:00:00,478.09999999999985
2019-08-05 14:00:00,474.6999999999999
2019-08-05 15:00:00,476.39999999999986
2019-08-06 05:00:00,473.09999999999985
2019-08-06 07:00:00,476.89999999999986
2019-08-06 08:00:00,478.89999999999986
2019-08-06 09:00:00,479.6999999999999
2019-08-06 10:00:00,478.99999999999983
2019-08-06 11:00:00,478.6999999999999
2019-08-06 12:00:00,477.1999999999999
2019-08-06 13:00:00,476.79999999999984
2019-08-06 14:00:00,474.79999999999984
2019-08-06 15:00:00,471.99999999999983
2019-08-07 05:00:00,475.39999999999986
2019-08-07 07:00:00,476.79999999999984
2019-08-07 08:00:00,477.79999999999984
2019-08-07 09:00:00,479.6999999999999
2019-08-07 10:00:00,480.79999999999984
2019-08-07 11:00:00,479.99999999999983
2019-08-07 12:00:00,476.09999999999985
2019-08-07 13:00:00,472.89999999999986
2019-08-07 14:00:00,477.99999999999983
2019-08-07 15:00:00,476.09999999999985
2019-08-07 19:00:00,477.09999999999985
2019-08-08 05:00:00,485.99999999999983
2019-08-08 07:00:00,482.99999999999983
2019-08-08 08:00:00,483.99999999999983
2019-08-08 09:00:00,484.39999999999986
2019-08-08 10:00:00,485.09999999999985
2019-08-08 12:00:00,483.59999999999985
2019-08-08 13:00:00,484.49999999999983
2019-08-08 14:00:00,485.6999999999999
2019-08-08 15:00:00,485.99999999999983
2019-08-09 05:00:00,478.59999999999985
2019-08-09 07:00:00,486.09999999999985
2019-08-09 08:00:00,482.99999999999983
2019-08-09 09:00:00,482.09999999999985
2019-08-09 10:00:00,480.6999999999999
2019-08-09 11:00:00,480.89999999999986
2019-08-09 12:00:00,481.59999999999985
2019-08-09 13:00:00,482.09999999999985
2019-08-09 14:00:00,479.59999999999985
2019-08-12 05:00:00,478.29999999999984
2019-08-12 08:00:00,479.29999999999984
2019-08-12 09:00:00,479.79999999999984
2019-08-12 11:00:00,477.89999999999986
2019-08-12 13:00:00,478.59999999999985
2019-08-12 14:00:00,480.1999999999999
2019-08-12 15:00:00,478.49999999999983
2019-08-13 05:00:00,482.99999999999983
2019-08-13 07:00:00,475.49999999999983
2019-08-13 08:00:00,475.49999999999983
2019-08-13 09:00:00,472.89999999999986
2019-08-13 10:00:00,473.99999999999983
2019-08-13 11:00:00,474.09999999999985
2019-08-13 12:00:00,472.99999999999983
2019-08-13 13:00:00,482.6999999999999
2019-08-13 14:00:00,483.1999999999999
2019-08-13 15:00:00,483.39999999999986
2019-08-14 05:00:00,467.59999999999985
2019-08-14 07:00:00,479.59999999999985
2019-08-14 08:00:00,478.49999999999983
2019-08-14 09:00:00,476.29999999999984
2019-08-14 10:00:00,473.59999999999985
2019-08-14 11:00:00,470.29999999999984
2019-08-14 12:00:00,471.1999999999999
2019-08-14 13:00:00,470.6999999999999
2019-08-14 14:00:00,468.49999999999983
2019-08-14 15:00:00,466.89999999999986
2019-08-15 05:00:00,466.39999999999986
2019-08-15 07:00:00,468.49999999999983
2019-08-15 08:00:00,468.09999999999985
2019-08-15 09:00:00,463.59999999999985
2019-08-15 10:00:00,460.29999999999984
2019-08-15 11:00:00,465.99999999999983
2019-08-15 12:00:00,466.29999999999984
2019-08-15 13:00:00,467.99999999999983
2019-08-15 14:00:00,466.09999999999985
2019-08-15 15:00:00,465.79999999999984
2019-08-15 16:00:00,466.39999999999986
2019-08-16 05:00:00,473.29999999999984
2019-08-16 08:00:00,472.59999999999985
2019-08-16 09:00:00,473.09999999999985
2019-08-16 10:00:00,474.49999999999983
2019-08-16 12:00:00,472.09999999999985
2019-08-16 13:00:00,471.39999999999986
2019-08-16 14:00:00,473.59999999999985
2019-08-16 15:00:00,474.1999999999999
2019-08-19 05:00:00,480.1999999999999
2019-08-19 07:00:00,477.79999999999984
2019-08-19 08:00:00,477.1999999999999
2019-08-19 09:00:00,477.49999999999983
2019-08-19 10:00:00,479.29999999999984
2019-08-19 11:00:00,480.49999999999983
2019-08-19 12:00:00,480.6999999999999
2019-08-19 13:00:00,480.29999999999984
2019-08-19 14:00:00,479.49999999999983
2019-08-19 15:00:00,480.49999999999983
2019-08-20 05:00:00,476.99999999999983
2019-08-20 07:00:00,482.29999999999984
2019-08-20 08:00:00,480.49999999999983
2019-08-20 09:00:00,480.79999999999984
2019-08-20 10:00:00,480.29999999999984
2019-08-20 11:00:00,480.6999999999999
2019-08-20 12:00:00,479.29999999999984
2019-08-20 13:00:00,476.59999999999985
2019-08-20 14:00:00,476.79999999999984
2019-08-20 15:00:00,477.79999999999984
2019-08-21 05:00:00,484.79999999999984
2019-08-21 07:00:00,479.79999999999984
2019-08-21 08:00:00,483.99999999999983
2019-08-21 09:00:00,484.79999999999984
2019-08-21 10:00:00,483.49999999999983
2019-08-21 11:00:00,483.79999999999984
2019-08-21 14:00:00,484.79999999999984
2019-08-21 15:00:00,484.89999999999986
2019-08-22 05:00:00,476.99999999999983
2019-08-22 07:00:00,482.6999999999999
2019-08-22 08:00:00,482.1999999999999
2019-08-22 09:00:00,480.6999999999999
2019-08-22 10:00:00,481.09999999999985
2019-08-22 11:00:00,481.99999999999983
2019-08-22 12:00:00,481.89999999999986
2019-08-22 13:00:00,481.29999999999984
2019-08-22 14:00:00,477.39999999999986
2019-08-22 15:00:00,476.79999999999984
2019-08-23 05:00:00,472.99999999999983
2019-08-23 07:00:00,481.39999999999986
2019-08-23 08:00:00,483.09999999999985
2019-08-23 09:00:00,481.89999999999986
2019-08-23 10:00:00,480.1999999999999
2019-08-23 11:00:00,481.1999999999999
2019-08-23 12:00:00,477.1999999999999
2019-08-23 13:00:00,477.39999999999986
2019-08-23 14:00:00,478.89999999999986
2019-08-23 15:00:00,473.79999999999984
2019-08-26 05:00:00,473.59999999999985
2019-08-26 07:00:00,469.29999999999984
2019-08-26 08:00:00,470.89999999999986
2019-08-26 09:00:00,471.29999999999984
2019-08-26 11:00:00,473.79999999999984
2019-08-26 12:00:00,473.59999999999985
2019-08-26 13:00:00,471.39999999999986
2019-08-26 14:00:00,470.99999999999983
2019-08-26 15:00:00,472.59999999999985
2019-08-27 05:00:00,475.09999999999985
2019-08-27 07:00:00,471.39999999999986
2019-08-27 08:00:00,470.79999999999984
2019-08-27 09:00:00,473.6999999999999
2019-08-27 10:00:00,474.49999999999983
2019-08-27 11:00:00,475.29999999999984
2019-08-27 12:00:00,477.6999999999999
2019-08-27 13:00:00,476.6999999999999
2019-08-27 15:00:00,474.79999999999984
2019-08-28 05:00:00,471.39999999999986
2019-08-28 07:00:00,470.79999999999984
2019-08-28 08:00:00,470.39999999999986
2019-08-28 09:00:00,470.1999999999999
2019-08-28 10:00:00,469.1999999999999
2019-08-28 11:00:00,467.29999999999984
2019-08-28 12:00:00,468.49999999999983
2019-08-28 13:00:00,469.29999999999984
2019-08-28 14:00:00,469.79999999999984
2019-08-28 15:00:00,469.59999999999985
2019-08-29 05:00:00,476.49999999999983
2019-08-29 07:00:00,472.09999999999985
2019-08-29 08:00:00,473.09999999999985
2019-08-29 09:00:00,474.59999999999985
2019-08-29 10:00:00,475.59999999999985
2019-08-29 11:00:00,475.6999999999999
2019-08-29 12:00:00,474.79999999999984
2019-08-29 13:00:00,476.49999999999983
2019-08-29 14:00:00,474.79999999999984
2019-08-29 15:00:00,476.49999999999983
2019-08-30 05:00:00,479.1999999999999
2019-08-30 07:00:00,479.29999999999984
2019-08-30 08:00:00,480.99999999999983
2019-08-30 09:00:00,481.29999999999984
2019-08-30 10:00:00,480.89999999999986
2019-08-30 12:00:00,481.89999999999986
2019-08-30 13:00:00,480.79999999999984
2019-08-30 14:00:00,480.79999999999984
2019-08-30 15:00:00,480.39999999999986
2019-09-02 05:00:00,477.09999999999985
2019-09-02 07:00:00,477.99999999999983
2019-09-02 08:00:00,477.6999999999999
2019-09-02 09:00:00,477.1999999999999
2019-09-02 10:00:00,477.89999999999986
2019-09-02 11:00:00,477.6999999999999
2019-09-02 12:00:00,478.29999999999984
2019-09-02 13:00:00,476.89999999999986
2019-09-02 14:00:00,477.79999999999984
2019-09-02 15:00:00,476.99999999999983
2019-09-03 05:00:00,476.29999999999984
2019-09-03 07:00:00,476.59999999999985
2019-09-03 08:00:00,476.59999999999985
2019-09-03 09:00:00,475.6999999999999
2019-09-03 10:00:00,477.89999999999986
2019-09-03 11:00:00,477.29999999999984
2019-09-03 12:00:00,478.09999999999985
2019-09-03 13:00:00,479.29999999999984
2019-09-03 14:00:00,476.49999999999983
2019-09-03 15:00:00,476.99999999999983
2019-09-04 05:00:00,482.39999999999986
2019-09-04 07:00:00,481.59999999999985
2019-09-04 08:00:00,481.99999999999983
2019-09-04 09:00:00,480.79999999999984
2019-09-04 10:00:00,480.6999999999999
2019-09-04 11:00:00,479.99999999999983
2019-09-04 12:00:00,481.39999999999986
2019-09-04 13:00:00,481.79999999999984
2019-09-04 14:00:00,480.89999999999986
2019-09-04 15:00:00,482.59999999999985
2019-09-05 05:00:00,493.99999999999983
2019-09-05 07:00:00,489.79999999999984
2019-09-05 08:00:00,492.59999999999985
2019-09-05 09:00:00,490.89999999999986
2019-09-05 10:00:00,491.6999999999999
2019-09-05 11:00:00,490.29999999999984
2019-09-05 12:00:00,491.1999999999999
2019-09-05 13:00:00,492.1999999999999
2019-09-05 14:00:00,493.09999999999985
2019-09-05 15:00:00,494.6999999999999
2019-09-06 05:00:00,495.39999999999986
2019-09-06 07:00:00,495.09999999999985
2019-09-06 09:00:00,494.6999999999999
2019-09-06 10:00:00,494.49999999999983
2019-09-06 11:00:00,494.89999999999986
2019-09-06 12:00:00,494.89999999999986
2019-09-06 13:00:00,494.59999999999985
2019-09-06 14:00:00,495.09999999999985
2019-09-06 15:00:00,494.89999999999986
2019-09-09 05:00:00,493.49999999999983
2019-09-09 07:00:00,495.39999999999986
2019-09-09 08:00:00,494.6999999999999
2019-09-09 09:00:00,494.79999999999984
2019-09-09 10:00:00,494.39999999999986
2019-09-09 11:00:00,495.1999999999999
2019-09-09 12:00:00,494.6999999999999
2019-09-09 13:00:00,494.79999999999984
2019-09-09 14:00:00,493.1999999999999
2019-09-09 15:00:00,493.59999999999985
2019-09-10 05:00:00,488.89999999999986
2019-09-10 07:00:00,488.1999999999999
2019-09-10 08:00:00,487.99999999999983
2019-09-10 09:00:00,486.99999999999983
2019-09-10 10:00:00,486.89999999999986
2019-09-10 11:00:00,488.49999999999983
2019-09-10 12:00:00,487.59999999999985
2019-09-10 13:00:00,488.29999999999984
2019-09-10 14:00:00,487.99999999999983
2019-09-10 15:00:00,489.1999999999999
2019-09-11 05:00:00,494.39999999999986
2019-09-12 05:00:00,498.4999999999999
2019-09-12 14:00:00,497.9999999999999
2019-09-13 05:00:00,498.5999999999999
2019-09-13 12:00:00,498.4999999999999
2019-09-13 13:00:00,497.6999999999999
2019-09-16 05:00:00,494.2999999999999
2019-09-16 12:00:00,492.6999999999999
2019-09-16 15:00:00,493.6999999999999
2019-09-17 05:00:00,496.1999999999999
2019-09-17 09:00:00,494.89999999999986
2019-09-17 11:00:00,494.7999999999999
2019-09-17 12:00:00,493.7999999999999
2019-09-17 13:00:00,495.0999999999999
2019-09-17 14:00:00,494.7999999999999
2019-09-17 15:00:00,495.39999999999986
2019-09-18 05:00:00,498.89999999999986
2019-09-18 07:00:00,498.6999999999999
2019-09-18 08:00:00,498.2999999999999
2019-09-18 09:00:00,497.4999999999999
2019-09-18 14:00:00,498.6999999999999
2019-09-18 15:00:00,498.4999999999999
2019-09-19 05:00:00,498.89999999999986
2019-09-19 07:00:00,499.7999999999999
2019-09-19 08:00:00,501.2999999999999
2019-09-19 09:00:00,499.6999999999999
2019-09-19 11:00:00,498.0999999999999
2019-09-19 12:00:00,499.9999999999999
2019-09-19 13:00:00,499.2999999999999
2019-09-19 14:00:00,499.5999999999999
2019-09-19 15:00:00,498.7999999999999
2019-09-20 05:00:00,499.6999999999999
2019-09-20 07:00:00,498.6999999999999
2019-09-20 08:00:00,496.89999999999986
2019-09-20 09:00:00,500.1999999999999
2019-09-20 10:00:00,500.6999999999999
2019-09-20 11:00:00,499.7999999999999
2019-09-20 12:00:00,499.7999999999999
2019-09-20 13:00:00,499.89999999999986
2019-09-20 14:00:00,499.7999999999999
2019-09-20 15:00:00,499.89999999999986
2019-09-23 05:00:00,492.2999999999999
2019-09-23 07:00:00,494.1999999999999
2019-09-23 08:00:00,492.7999999999999
2019-09-23 09:00:00,493.7999999999999
2019-09-23 10:00:00,493.89999999999986
2019-09-23 11:00:00,493.6999999999999
2019-09-23 12:00:00,493.4999999999999
2019-09-23 13:00:00,491.6999999999999
2019-09-23 14:00:00,491.39999999999986
2019-09-23 15:00:00,491.39999999999986
2019-09-24 05:00:00,494.0999999999999
2019-09-24 07:00:00,493.9999999999999
2019-09-24 08:00:00,493.1999999999999
2019-09-24 09:00:00,494.7999999999999
2019-09-24 10:00:00,494.89999999999986
2019-09-24 11:00:00,495.1999999999999
2019-09-24 12:00:00,494.7999999999999
2019-09-24 13:00:00,496.39999999999986
2019-09-24 14:00:00,494.4999999999999
2019-09-24 15:00:00,493.6999999999999
2019-09-25 05:00:00,487.89999999999986
2019-09-25 07:00:00,484.1999999999999
2019-09-25 08:00:00,482.39999999999986
2019-09-25 09:00:00,484.2999999999999
2019-09-25 10:00:00,484.2999999999999
2019-09-25 11:00:00,484.1999999999999
2019-09-25 12:00:00,485.7999999999999
2019-09-25 13:00:00,484.39999999999986
2019-09-25 14:00:00,486.4999999999999
2019-09-25 15:00:00,488.1999999999999
2019-09-26 05:00:00,491.2999999999999
2019-09-26 07:00:00,493.0999999999999
2019-09-26 08:00:00,492.6999999999999
2019-09-26 09:00:00,493.2999999999999
2019-09-26 10:00:00,492.39999999999986
2019-09-26 11:00:00,491.5999999999999
2019-09-26 12:00:00,492.89999999999986
2019-09-26 13:00:00,492.39999999999986
2019-09-26 14:00:00,493.39999999999986
2019-09-26 15:00:00,491.1999999999999
2019-09-27 05:00:00,493.7999999999999
2019-09-27 07:00:00,492.39999999999986
2019-09-27 08:00:00,491.7999999999999
2019-09-27 09:00:00,493.9999999999999
2019-09-27 10:00:00,495.2999999999999
2019-09-27 11:00:00,494.39999999999986
2019-09-27 12:00:00,494.6999999999999
2019-09-27 13:00:00,494.5999999999999
2019-09-27 14:00:00,493.39999999999986
2019-09-27 15:00:00,493.9999999999999
2019-09-30 05:00:00,493.89999999999986
2019-09-30 07:00:00,491.1999999999999
2019-09-30 08:00:00,492.1999999999999
2019-09-30 09:00:00,493.39999999999986
2019-09-30 10:00:00,491.89999999999986
2019-09-30 11:00:00,492.0999999999999
2019-09-30 12:00:00,492.0999999999999
2019-09-30 13:00:00,493.6999999999999
2019-09-30 14:00:00,494.1999999999999
2019-09-30 15:00:00,494.0999999999999
2019-10-01 05:00:00,489.39999999999986
2019-10-01 07:00:00,497.7999999999999
2019-10-01 08:00:00,496.0999999999999
2019-10-01 09:00:00,495.39999999999986
2019-10-01 10:00:00,495.2999999999999
2019-10-01 11:00:00,496.39999999999986
2019-10-01 12:00:00,495.9999999999999
2019-10-01 13:00:00,495.89999999999986
2019-10-01 14:00:00,489.2999999999999
2019-10-01 15:00:00,489.5999999999999
2019-10-02 05:00:00,475.4999999999999
2019-10-02 07:00:00,483.9999999999999
2019-10-02 08:00:00,483.1999999999999
2019-10-02 09:00:00,481.2999999999999
2019-10-02 11:00:00,480.6999999999999
2019-10-02 13:00:00,478.9999999999999
2019-10-02 14:00:00,476.1999999999999
2019-10-02 15:00:00,475.4999999999999
2019-10-03 05:00:00,476.89999999999986
2019-10-03 13:00:00,475.9999999999999
2019-10-03 14:00:00,474.0999999999999
2019-10-03 15:00:00,475.89999999999986
2019-10-03 16:00:00,476.89999999999986
2019-10-04 05:00:00,481.89999999999986
2019-10-04 07:00:00,478.7999999999999
2019-10-04 08:00:00,478.6999999999999
2019-10-04 09:00:00,477.1999999999999
2019-10-04 10:00:00,478.5999999999999
2019-10-04 11:00:00,478.5999999999999
2019-10-04 12:00:00,479.89999999999986
2019-10-04 13:00:00,481.5999999999999
2019-10-04 14:00:00,481.7999999999999
2019-10-04 15:00:00,481.89999999999986
2019-10-07 05:00:00,484.39999999999986
2019-10-07 07:00:00,482.89999999999986
2019-10-07 09:00:00,481.39999999999986
2019-10-07 10:00:00,482.5999999999999
2019-10-07 11:00:00,481.89999999999986
2019-10-07 12:00:00,481.39999999999986
2019-10-07 13:00:00,481.9999999999999
2019-10-07 14:00:00,484.39999999999986
2019-10-07 15:00:00,484.89999999999986
2019-10-08 05:00:00,480.39999999999986
2019-10-08 07:00:00,486.0999999999999
2019-10-08 09:00:00,483.4999999999999
2019-10-08 10:00:00,481.89999999999986
2019-10-08 11:00:00,480.1999999999999
2019-10-08 12:00:00,481.39999999999986
2019-10-08 13:00:00,481.1999999999999
2019-10-08 14:00:00,479.5999999999999
2019-10-08 15:00:00,480.5999999999999
2019-10-09 05:00:00,485.5999999999999
2019-10-09 07:00:00,480.5999999999999
2019-10-09 08:00:00,481.7999999999999
2019-10-09 09:00:00,483.7999999999999
2019-10-09 10:00:00,484.0999999999999
2019-10-09 11:00:00,485.0999999999999
2019-10-09 12:00:00,485.6999999999999
2019-10-09 13:00:00,484.6999999999999
2019-10-09 14:00:00,485.89999999999986
2019-10-09 15:00:00,485.2999999999999
2019-10-10 05:00:00,490.0999999999999
2019-10-10 07:00:00,482.39999999999986
2019-10-10 08:00:00,483.89999999999986
2019-10-10 10:00:00,484.39999999999986
2019-10-10 13:00:00,486.2999999999999
2019-10-10 14:00:00,489.1999999999999
2019-10-10 15:00:00,490.7999999999999
2019-10-11 05:00:00,511.39999999999986
2019-10-11 06:00:00,492.4999999999999
2019-10-11 07:00:00,503.5999999999999
2019-10-11 08:00:00,503.9999999999999
2019-10-11 09:00:00,504.6999999999999
2019-10-11 10:00:00,503.6999999999999
2019-10-11 11:00:00,503.9999999999999
2019-10-11 12:00:00,505.89999999999986
2019-10-11 13:00:00,509.9999999999999
2019-10-11 14:00:00,510.5999999999999
2019-10-11 15:00:00,511.5999999999999
2019-10-14 05:00:00,507.7999999999999
2019-10-14 07:00:00,510.2999999999999
2019-10-14 08:00:00,508.89999999999986
2019-10-14 09:00:00,504.39999999999986
2019-10-14 10:00:00,505.0999999999999
2019-10-14 11:00:00,505.89999999999986
2019-10-14 12:00:00,506.4999999999999
2019-10-14 13:00:00,507.2999999999999
2019-10-14 14:00:00,508.39999999999986
2019-10-14 15:00:00,507.1999999999999
2019-10-15 05:00:00,515.1999999999998
2019-10-15 07:00:00,512.0999999999999
2019-10-15 08:00:00,511.7999999999999
2019-10-15 09:00:00,511.9999999999999
2019-10-15 10:00:00,511.7999999999999
2019-10-15 11:00:00,511.5999999999999
2019-10-15 12:00:00,511.5999999999999
2019-10-15 13:00:00,511.89999999999986
2019-10-15 14:00:00,516.0999999999999
2019-10-15 15:00:00,514.4999999999999
2019-10-16 05:00:00,514.0999999999999
2019-10-16 07:00:00,515.8
2019-10-16 08:00:00,515.3999999999999
2019-10-16 09:00:00,517.3
2019-10-16 10:00:00,518.3999999999999
2019-10-16 11:00:00,517.8
2019-10-16 12:00:00,516.8
2019-10-16 13:00:00,514.8999999999999
2019-10-16 14:00:00,514.3999999999999
2019-10-16 15:00:00,514.6999999999998
2019-10-17 05:00:00,511.6999999999999
2019-10-17 07:00:00,512.5999999999999
2019-10-17 08:00:00,511.39999999999986
2019-10-17 09:00:00,514.3999999999999
2019-10-17 10:00:00,513.0999999999999
2019-10-17 11:00:00,513.3
2019-10-17 12:00:00,513.1999999999998
2019-10-17 13:00:00,513.1999999999998
2019-10-17 14:00:00,512.3
2019-10-17 15:00:00,511.39999999999986
2019-10-18 05:00:00,508.2999999999999
2019-10-18 07:00:00,511.2999999999999
2019-10-18 08:00:00,511.4999999999999
2019-10-18 09:00:00,510.9999999999999
2019-10-18 10:00:00,510.39999999999986
2019-10-18 11:00:00,511.2999999999999
2019-10-18 12:00:00,509.7999999999999
2019-10-18 13:00:00,509.4999999999999
2019-10-18 14:00:00,507.6999999999999
2019-10-18 15:00:00,506.7999999999999
2019-10-21 05:00:00,515.1999999999998
2019-10-21 07:00:00,509.6999999999999
2019-10-21 08:00:00,509.89999999999986
2019-10-21 09:00:00,510.89999999999986
2019-10-21 10:00:00,512.1999999999998
2019-10-21 11:00:00,511.9999999999999
2019-10-21 12:00:00,513.6999999999998
2019-10-21 13:00:00,513.5999999999999
2019-10-21 14:00:00,515.3999999999999
2019-10-21 15:00:00,514.8999999999999
2019-10-22 05:00:00,512.0999999999999
2019-10-22 07:00:00,518.3999999999999
2019-10-22 08:00:00,517.4999999999999
2019-10-22 09:00:00,517.3
2019-10-22 10:00:00,516.8999999999999
2019-10-22 11:00:00,516.0999999999999
2019-10-22 12:00:00,514.6999999999998
2019-10-22 13:00:00,514.4999999999999
2019-10-22 14:00:00,513.9999999999999
2019-10-22 15:00:00,511.7999999999999
2019-10-23 05:00:00,509.7999999999999
2019-10-23 07:00:00,505.89999999999986
2019-10-23 08:00:00,507.6999999999999
2019-10-23 09:00:00,508.6999999999999
2019-10-23 10:00:00,508.89999999999986
2019-10-23 13:00:00,509.2999999999999
2019-10-23 14:00:00,509.0999999999999
2019-10-23 15:00:00,509.4999999999999
2019-10-24 05:00:00,510.5999999999999
2019-10-24 07:00:00,506.0999999999999
2019-10-24 08:00:00,505.7999999999999
2019-10-24 09:00:00,506.5999999999999
2019-10-24 10:00:00,507.39999999999986
2019-10-24 11:00:00,508.0999999999999
2019-10-24 12:00:00,509.39999999999986
2019-10-24 13:00:00,508.39999999999986
2019-10-24 14:00:00,509.9999999999999
2019-10-24 15:00:00,509.6999999999999
2019-10-25 05:00:00,509.6999999999999
2019-10-25 07:00:00,507.0999999999999
2019-10-25 08:00:00,507.5999999999999
2019-10-25 09:00:00,507.89999999999986
2019-10-25 10:00:00,507.89999999999986
2019-10-25 12:00:00,506.89999999999986
2019-10-25 13:00:00,506.39999999999986
2019-10-25 14:00:00,508.39999999999986
2019-10-25 15:00:00,509.39999999999986
2019-10-28 05:00:00,513.3
2019-10-28 08:00:00,511.9999999999999
2019-10-28 09:00:00,510.5999999999999
2019-10-28 10:00:00,510.7999999999999
2019-10-28 11:00:00,511.5999999999999
2019-10-28 12:00:00,512.6999999999998
2019-10-28 13:00:00,512.3
2019-10-28 14:00:00,512.8999999999999
2019-10-28 15:00:00,513.0999999999999
2019-10-28 16:00:00,512.9999999999999
2019-10-29 05:00:00,509.1999999999999
2019-10-29 08:00:00,510.39999999999986
2019-10-29 09:00:00,510.2999999999999
2019-10-29 10:00:00,510.5999999999999
2019-10-29 11:00:00,511.0999999999999
2019-10-29 12:00:00,510.9999999999999
2019-10-29 13:00:00,510.7999999999999
2019-10-29 15:00:00,508.1999999999999
2019-10-29 16:00:00,507.9999999999999
2019-10-30 05:00:00,508.9999999999999
2019-10-30 08:00:00,507.5999999999999
2019-10-30 09:00:00,507.39999999999986
2019-10-30 10:00:00,508.5999999999999
2019-10-30 11:00:00,508.7999999999999
2019-10-30 12:00:00,508.1999999999999
2019-10-30 13:00:00,506.39999999999986
2019-10-30 14:00:00,507.9999999999999
2019-10-30 15:00:00,507.9999999999999
2019-10-30 16:00:00,508.4999999999999
2019-10-31 05:00:00,507.9999999999999
2019-10-31 08:00:00,511.2999999999999
2019-10-31 09:00:00,506.2999999999999
2019-10-31 10:00:00,507.9999999999999
2019-10-31 11:00:00,507.89999999999986
2019-10-31 12:00:00,509.0999999999999
2019-10-31 13:00:00,507.89999999999986
2019-10-31 14:00:00,507.1999999999999
2019-10-31 15:00:00,507.7999999999999
2019-10-31 16:00:00,508.0999999999999
2019-11-01 05:00:00,511.7999999999999
2019-11-01 07:00:00,507.89999999999986
2019-11-01 08:00:00,509.89999999999986
2019-11-01 09:00:00,509.5999999999999
2019-11-01 10:00:00,509.6999999999999
2019-11-01 12:00:00,512.0999999999999
2019-11-01 13:00:00,513.4999999999999
2019-11-01 14:00:00,512.4999999999999
2019-11-01 15:00:00,512.3999999999999
2019-11-01 16:00:00,511.39999999999986
2019-11-04 06:00:00,518.4999999999999
2019-11-04 08:00:00,515.3
2019-11-04 09:00:00,517.8999999999999
2019-11-04 10:00:00,517.1999999999998
2019-11-04 11:00:00,517.5999999999999
2019-11-04 13:00:00,518.8
2019-11-04 14:00:00,519.0999999999999
2019-11-04 15:00:00,519.5999999999999
2019-11-04 16:00:00,518.5999999999999
2019-11-05 06:00:00,519.3999999999999
2019-11-05 08:00:00,517.5999999999999
2019-11-05 09:00:00,517.8
2019-11-05 10:00:00,518.5999999999999
2019-11-05 11:00:00,517.6999999999998
2019-11-05 12:00:00,517.8999999999999
2019-11-05 13:00:00,517.3
2019-11-05 14:00:00,517.8
2019-11-05 15:00:00,517.8
2019-11-05 16:00:00,518.8999999999999
2019-11-06 06:00:00,520.6999999999998
2019-11-06 08:00:00,520.3999999999999
2019-11-06 09:00:00,518.3999999999999
2019-11-06 10:00:00,519.3
2019-11-06 11:00:00,519.9999999999999
2019-11-06 12:00:00,520.5999999999999
2019-11-06 13:00:00,521.3
2019-11-06 14:00:00,521.0999999999999
2019-11-06 15:00:00,520.4999999999999
2019-11-06 16:00:00,520.8
2019-11-07 06:00:00,525.8999999999999
2019-11-07 08:00:00,526.5999999999999
2019-11-07 09:00:00,525.8999999999999
2019-11-07 10:00:00,523.0999999999999
2019-11-07 11:00:00,523.5999999999999
2019-11-07 12:00:00,523.4999999999999
2019-11-07 13:00:00,524.8999999999999
2019-11-07 15:00:00,526.5999999999999
2019-11-07 16:00:00,525.5999999999999
2019-11-08 06:00:00,525.7999999999998
2019-11-08 08:00:00,523.6999999999998
2019-11-08 10:00:00,525.1999999999999
2019-11-08 12:00:00,525.0999999999999
2019-11-08 14:00:00,525.1999999999999
2019-11-08 15:00:00,524.8999999999999
2019-11-08 16:00:00,525.4999999999999
2019-11-11 06:00:00,527.0999999999999
2019-11-11 08:00:00,527.2999999999998
2019-11-11 09:00:00,526.1999999999999
2019-11-11 10:00:00,524.9999999999999
2019-11-11 13:00:00,524.9999999999999
2019-11-11 14:00:00,526.3999999999999
2019-11-11 15:00:00,526.4999999999999
2019-11-11 16:00:00,526.5999999999999
2019-11-12 06:00:00,529.7999999999998
2019-11-12 08:00:00,528.1999999999999
2019-11-12 09:00:00,526.8999999999999
2019-11-12 10:00:00,528.6999999999999
2019-11-12 11:00:00,528.8999999999999
2019-11-12 12:00:00,527.4999999999999
2019-11-12 13:00:00,528.0999999999999
2019-11-12 14:00:00,529.2999999999998
2019-11-12 15:00:00,529.7999999999998
2019-11-12 16:00:00,529.3999999999999
2019-11-13 06:00:00,527.3999999999999
2019-11-13 08:00:00,527.7999999999998
2019-11-13 09:00:00,523.5999999999999
2019-11-13 10:00:00,525.2999999999998
2019-11-13 11:00:00,526.3999999999999
2019-11-13 12:00:00,527.1999999999999
2019-11-13 13:00:00,526.9999999999999
2019-11-13 14:00:00,527.0999999999999
2019-11-13 15:00:00,527.4999999999999
2019-11-13 16:00:00,527.2999999999998
2019-11-14 06:00:00,525.2999999999998
2019-11-14 08:00:00,526.8999999999999
2019-11-14 09:00:00,527.3999999999999
2019-11-14 10:00:00,527.0999999999999
2019-11-14 11:00:00,527.5999999999999
2019-11-14 12:00:00,526.2999999999998
2019-11-14 13:00:00,525.3999999999999
2019-11-14 14:00:00,526.0999999999999
2019-11-14 15:00:00,525.1999999999999
2019-11-14 16:00:00,525.8999999999999
2019-11-15 06:00:00,530.2999999999998
2019-11-15 08:00:00,528.5999999999999
2019-11-15 09:00:00,528.8999999999999
2019-11-15 10:00:00,526.2999999999998
2019-11-15 11:00:00,526.7999999999998
2019-11-15 12:00:00,527.5999999999999
2019-11-15 13:00:00,528.4999999999999
2019-11-15 14:00:00,528.4999999999999
2019-11-15 15:00:00,529.9999999999999
2019-11-15 16:00:00,533.4999999999999
2019-11-18 06:00:00,529.5999999999999
2019-11-18 08:00:00,530.4999999999999
2019-11-18 09:00:00,530.5999999999999
2019-11-18 10:00:00,529.7999999999998
2019-11-18 12:00:00,530.3999999999999
2019-11-18 13:00:00,527.5999999999999
2019-11-18 14:00:00,526.2999999999998
2019-11-18 16:00:00,529.5999999999999
2019-11-19 06:00:00,529.2999999999998
2019-11-19 08:00:00,531.1999999999999
2019-11-19 09:00:00,533.4999999999999
2019-11-19 10:00:00,534.8999999999999
2019-11-19 11:00:00,534.7999999999998
2019-11-19 12:00:00,532.6999999999999
2019-11-19 13:00:00,532.4999999999999
2019-11-19 14:00:00,530.3999999999999
2019-11-19 15:00:00,528.2999999999998
2019-11-19 16:00:00,529.2999999999998
2019-11-20 06:00:00,528.0999999999999
2019-11-20 07:00:00,523.9999999999999
2019-11-20 08:00:00,525.8999999999999
2019-11-20 09:00:00,525.4999999999999
2019-11-20 10:00:00,526.0999999999999
2019-11-20 11:00:00,527.1999999999999
2019-11-20 12:00:00,526.9999999999999
2019-11-20 13:00:00,527.1999999999999
2019-11-20 14:00:00,528.3999999999999
2019-11-20 15:00:00,528.1999999999999
2019-11-20 16:00:00,528.2999999999998
2019-11-21 06:00:00,526.5999999999999
2019-11-21 08:00:00,520.6999999999998
2019-11-21 09:00:00,523.3
2019-11-21 10:00:00,524.8999999999999
2019-11-21 11:00:00,525.4999999999999
2019-11-21 12:00:00,524.4999999999999
2019-11-21 13:00:00,525.5999999999999
2019-11-21 14:00:00,526.1999999999999
2019-11-21 15:00:00,525.5999999999999
2019-11-21 16:00:00,526.6999999999999
2019-11-22 06:00:00,528.7999999999998
2019-11-22 08:00:00,529.6999999999999
2019-11-22 09:00:00,527.0999999999999
2019-11-22 10:00:00,527.4999999999999
2019-11-22 11:00:00,526.5999999999999
2019-11-22 12:00:00,528.1999999999999
2019-11-22 13:00:00,528.9999999999999
2019-11-22 14:00:00,528.6999999999999
2019-11-22 15:00:00,528.9999999999999
2019-11-22 16:00:00,528.6999999999999
2019-11-25 06:00:00,534.2999999999998
2019-11-25 08:00:00,531.2999999999998
2019-11-25 09:00:00,532.7999999999998
2019-11-25 10:00:00,532.9999999999999
2019-11-25 11:00:00,531.4999999999999
2019-11-25 12:00:00,531.4999999999999
2019-11-25 13:00:00,532.8999999999999
2019-11-25 14:00:00,533.4999999999999
2019-11-25 15:00:00,534.3999999999999
2019-11-25 16:00:00,534.4999999999999
2019-11-26 06:00:00,535.8999999999999
2019-11-26 08:00:00,533.4999999999999
2019-11-26 09:00:00,533.4999999999999
2019-11-26 10:00:00,534.9999999999999
2019-11-26 11:00:00,534.8999999999999
2019-11-26 12:00:00,535.4999999999999
2019-11-26 13:00:00,536.1999999999999
2019-11-26 14:00:00,535.9999999999999
2019-11-26 15:00:00,536.1999999999999
2019-11-26 16:00:00,535.0999999999999
2019-11-27 06:00:00,535.5999999999999
2019-11-27 08:00:00,535.3999999999999
2019-11-27 09:00:00,537.2999999999998
2019-11-27 10:00:00,536.1999999999999
2019-11-27 11:00:00,534.8999999999999
2019-11-27 12:00:00,534.4999999999999
2019-11-27 13:00:00,534.2999999999998
2019-11-27 14:00:00,534.1999999999999
2019-11-27 15:00:00,534.7999999999998
2019-11-27 16:00:00,536.3999999999999
2019-11-28 06:00:00,534.8999999999999
2019-11-28 08:00:00,533.7999999999998
2019-11-28 09:00:00,533.6999999999999
2019-11-28 10:00:00,533.2999999999998
2019-11-28 11:00:00,533.9999999999999
2019-11-28 12:00:00,533.7999999999998
2019-11-28 13:00:00,533.5999999999999
2019-11-28 14:00:00,534.2999999999998
2019-11-28 15:00:00,534.0999999999999
2019-11-28 16:00:00,534.8999999999999
2019-11-29 06:00:00,535.8999999999999
2019-11-29 08:00:00,532.0999999999999
2019-11-29 09:00:00,535.2999999999998
2019-11-29 10:00:00,537.3999999999999
2019-11-29 11:00:00,536.9999999999999
2019-11-29 12:00:00,538.0999999999999
2019-11-29 13:00:00,537.7999999999998
2019-11-29 14:00:00,536.1999999999999
2019-11-29 15:00:00,536.1999999999999
2019-11-29 16:00:00,535.8999999999999
2019-12-02 06:00:00,523.3
2019-12-02 08:00:00,538.5999999999999
2019-12-02 09:00:00,537.7999999999998
2019-12-02 10:00:00,538.6999999999999
2019-12-02 11:00:00,535.6999999999999
2019-12-02 12:00:00,534.6999999999999
2019-12-02 13:00:00,532.3999999999999
2019-12-02 14:00:00,527.7999999999998
2019-12-02 15:00:00,523.4999999999999
2019-12-02 16:00:00,523.4999999999999
2019-12-03 06:00:00,522.9999999999999
2019-12-03 08:00:00,527.4999999999999
2019-12-03 09:00:00,527.7999999999998
2019-12-03 10:00:00,524.1999999999999
2019-12-03 11:00:00,525.7999999999998
2019-12-03 12:00:00,525.2999999999998
2019-12-03 13:00:00,524.0999999999999
2019-12-03 14:00:00,523.0999999999999
2019-12-03 15:00:00,523.3999999999999
2019-12-03 16:00:00,522.8999999999999
2019-12-04 06:00:00,530.3999999999999
2019-12-04 08:00:00,527.2999999999998
2019-12-04 09:00:00,531.2999999999998
2019-12-04 10:00:00,529.8999999999999
2019-12-04 11:00:00,531.3999999999999
2019-12-04 12:00:00,530.4999999999999
2019-12-04 13:00:00,530.2999999999998
2019-12-04 14:00:00,530.4999999999999
2019-12-04 15:00:00,530.6999999999999
2019-12-04 16:00:00,530.2999999999998
2019-12-05 06:00:00,529.7999999999998
2019-12-05 08:00:00,530.3999999999999
2019-12-05 09:00:00,530.1999999999999
2019-12-05 10:00:00,532.4999999999999
2019-12-05 11:00:00,531.6999999999999
2019-12-05 12:00:00,531.6999999999999
2019-12-05 13:00:00,531.8999999999999
2019-12-05 14:00:00,530.4999999999999
2019-12-05 15:00:00,530.2999999999998
2019-12-05 16:00:00,529.4999999999999
2019-12-06 06:00:00,537.5999999999999
2019-12-06 08:00:00,532.8999999999999
2019-12-06 09:00:00,533.5999999999999
2019-12-06 10:00:00,533.1999999999999
2019-12-06 11:00:00,533.5999999999999
2019-12-06 12:00:00,532.9999999999999
2019-12-06 13:00:00,536.1999999999999
2019-12-06 14:00:00,537.7999999999998
2019-12-06 15:00:00,538.0999999999999
2019-12-06 16:00:00,537.5999999999999
2019-12-09 06:00:00,534.8999999999999
2019-12-09 08:00:00,535.0999999999999
2019-12-09 09:00:00,533.7999999999998
2019-12-09 10:00:00,536.1999999999999
2019-12-09 11:00:00,536.2999999999998
2019-12-09 13:00:00,535.9999999999999
2019-12-09 14:00:00,536.8999999999999
2019-12-09 15:00:00,535.9999999999999
2019-12-09 16:00:00,534.9999999999999
2019-12-10 06:00:00,531.8999999999999
2019-12-10 08:00:00,527.0999999999999
2019-12-10 09:00:00,526.3999999999999
2019-12-10 10:00:00,527.7999999999998
2019-12-10 11:00:00,526.4999999999999
2019-12-10 12:00:00,526.3999999999999
2019-12-10 13:00:00,530.8999999999999
2019-12-10 14:00:00,530.3999999999999
2019-12-10 15:00:00,532.6999999999999
2019-12-10 16:00:00,531.9999999999999
2019-12-11 06:00:00,533.0999999999999
2019-12-12 06:00:00,537.1999999999999
2019-12-13 06:00:00,543.8
2019-12-16 06:00:00,549.4
2019-12-16 15:00:00,549.3
2019-12-16 16:00:00,548.4
2019-12-17 06:00:00,544.0
2019-12-17 08:00:00,548.0999999999999
2019-12-17 09:00:00,546.0999999999999
2019-12-17 10:00:00,545.0
2019-12-17 11:00:00,544.5999999999999
2019-12-17 12:00:00,545.1999999999999
2019-12-17 13:00:00,546.5999999999999
2019-12-17 14:00:00,544.1999999999999
2019-12-17 15:00:00,545.0
2019-12-17 16:00:00,544.3
2019-12-18 06:00:00,542.6999999999999
2019-12-18 08:00:00,541.9
2019-12-18 09:00:00,545.0999999999999
2019-12-18 10:00:00,543.5999999999999
2019-12-18 11:00:00,542.5
2019-12-18 12:00:00,542.5
2019-12-18 13:00:00,542.9
2019-12-18 14:00:00,543.4
2019-12-18 16:00:00,542.3
2019-12-19 06:00:00,542.5
2019-12-19 08:00:00,540.9
2019-12-19 09:00:00,542.3
2019-12-19 11:00:00,540.5999999999999
2019-12-19 13:00:00,540.0999999999999
2019-12-19 15:00:00,541.3
2019-12-19 16:00:00,543.6999999999999
2019-12-19 17:00:00,545.8
2019-12-20 06:00:00,544.8
2019-12-20 11:00:00,545.0
2019-12-20 12:00:00,546.1999999999999
2019-12-20 15:00:00,545.4
2019-12-20 16:00:00,544.9
2019-12-23 06:00:00,546.1999999999999
2019-12-23 11:00:00,546.1999999999999
2019-12-23 15:00:00,546.4
2019-12-23 16:00:00,546.4
2019-12-27 06:00:00,547.9
2019-12-27 11:00:00,548.9
2019-12-27 15:00:00,547.8
2019-12-27 16:00:00,546.3
2019-12-30 06:00:00,540.0999999999999
2019-12-30 08:00:00,546.5
2019-12-30 10:00:00,545.0
2019-12-30 11:00:00,544.8
2019-12-30 12:00:00,545.0999999999999
2019-12-30 13:00:00,545.0999999999999
2019-12-30 16:00:00,542.0
2020-01-02 06:00:00,552.0999999999999
2020-01-02 08:00:00,547.9
2020-01-02 09:00:00,548.8
2020-01-02 10:00:00,549.8
2020-01-02 11:00:00,548.3
2020-01-02 12:00:00,549.5999999999999
2020-01-02 13:00:00,550.6999999999999
2020-01-02 14:00:00,553.0999999999999
2020-01-02 15:00:00,552.1999999999999
2020-01-02 16:00:00,552.0
2020-01-03 06:00:00,546.4
2020-01-03 08:00:00,545.0
2020-01-03 09:00:00,545.0
2020-01-03 10:00:00,543.0999999999999
2020-01-03 11:00:00,544.4
2020-01-03 13:00:00,546.3
2020-01-03 14:00:00,547.0999999999999
2020-01-03 15:00:00,546.3
2020-01-03 16:00:00,546.3
2020-01-06 06:00:00,542.5
2020-01-06 08:00:00,536.6999999999999
2020-01-06 09:00:00,536.0999999999999
2020-01-06 10:00:00,537.0
2020-01-06 11:00:00,537.4
2020-01-06 12:00:00,538.9
2020-01-06 13:00:00,538.0999999999999
2020-01-06 14:00:00,540.5999999999999
2020-01-06 15:00:00,541.8
2020-01-06 16:00:00,542.5999999999999
2020-01-07 06:00:00,549.5999999999999
2020-01-07 08:00:00,550.5999999999999
2020-01-07 09:00:00,548.5999999999999
2020-01-07 10:00:00,549.6999999999999
2020-01-07 11:00:00,548.4
2020-01-07 12:00:00,549.0
2020-01-07 13:00:00,547.9
2020-01-07 14:00:00,548.0
2020-01-07 15:00:00,548.9
2020-01-07 16:00:00,549.6999999999999
2020-01-08 06:00:00,553.0
2020-01-08 08:00:00,547.0
2020-01-08 09:00:00,546.6999999999999
2020-01-08 10:00:00,550.1999999999999
2020-01-08 11:00:00,551.5999999999999
2020-01-08 12:00:00,552.6999999999999
2020-01-08 13:00:00,550.8
2020-01-08 14:00:00,552.0
2020-01-08 15:00:00,552.5999999999999
2020-01-08 16:00:00,553.5999999999999
2020-01-09 06:00:00,558.6999999999999
2020-01-09 08:00:00,559.5999999999999
2020-01-09 09:00:00,560.1999999999999
2020-01-09 11:00:00,560.4
2020-01-09 12:00:00,559.0
2020-01-09 13:00:00,559.3
2020-01-09 14:00:00,559.8
2020-01-09 15:00:00,560.0999999999999
2020-01-09 16:00:00,558.5999999999999
2020-01-10 06:00:00,559.4
2020-01-10 08:00:00,559.3
2020-01-10 09:00:00,560.9
2020-01-10 10:00:00,560.0
2020-01-10 11:00:00,561.1999999999999
2020-01-10 13:00:00,559.5999999999999
2020-01-10 14:00:00,560.6999999999999
2020-01-10 15:00:00,560.0
2020-01-10 16:00:00,559.3
2020-01-13 06:00:00,560.1999999999999
2020-01-13 08:00:00,562.1999999999999
2020-01-13 09:00:00,562.5999999999999
2020-01-13 10:00:00,562.6999999999999
2020-01-13 11:00:00,559.6999999999999
2020-01-13 12:00:00,561.4
2020-01-13 13:00:00,560.9
2020-01-13 14:00:00,559.5
2020-01-13 15:00:00,559.9
2020-01-13 16:00:00,560.5
2020-01-14 06:00:00,560.0999999999999
2020-01-14 08:00:00,559.3
2020-01-14 09:00:00,561.3
2020-01-14 10:00:00,559.1999999999999
2020-01-14 11:00:00,559.6999999999999
2020-01-14 12:00:00,559.5999999999999
2020-01-14 13:00:00,560.4
2020-01-14 14:00:00,559.4
2020-01-14 15:00:00,559.5
2020-01-14 16:00:00,559.9
2020-01-15 06:00:00,561.3
2020-01-15 08:00:00,561.6999999999999
2020-01-15 09:00:00,562.5
2020-01-15 10:00:00,562.4
2020-01-15 11:00:00,562.5999999999999
2020-01-15 12:00:00,561.9
2020-01-15 13:00:00,560.5
2020-01-15 14:00:00,561.4
2020-01-15 15:00:00,561.0999999999999
2020-01-15 16:00:00,561.1999999999999
2020-01-16 06:00:00,562.6999999999999
2020-01-16 08:00:00,563.5999999999999
2020-01-16 09:00:00,562.1999999999999
2020-01-16 10:00:00,562.0
2020-01-16 11:00:00,561.9
2020-01-16 12:00:00,561.9
2020-01-16 13:00:00,562.0
2020-01-16 14:00:00,561.8
2020-01-16 15:00:00,562.5999999999999
2020-01-16 16:00:00,562.5999999999999
2020-01-17 06:00:00,569.5
2020-01-17 08:00:00,566.3
2020-01-17 09:00:00,568.5
2020-01-17 10:00:00,569.0
2020-01-17 11:00:00,569.9
2020-01-17 12:00:00,568.5999999999999
2020-01-17 13:00:00,569.0
2020-01-17 14:00:00,568.5
2020-01-17 15:00:00,569.6999999999999
2020-01-17 16:00:00,569.0999999999999
2020-01-20 06:00:00,569.8
2020-01-20 08:00:00,569.0999999999999
2020-01-20 09:00:00,569.0
2020-01-20 10:00:00,569.0999999999999
2020-01-20 11:00:00,569.3
2020-01-20 12:00:00,570.0999999999999
2020-01-20 13:00:00,569.6999999999999
2020-01-20 14:00:00,570.0999999999999
2020-01-20 15:00:00,569.6999999999999
2020-01-20 16:00:00,569.8
2020-01-21 06:00:00,569.6999999999999
2020-01-21 08:00:00,563.8
2020-01-21 09:00:00,564.3
2020-01-21 10:00:00,564.4
2020-01-21 11:00:00,566.0
2020-01-21 12:00:00,566.1999999999999
2020-01-21 13:00:00,566.0
2020-01-21 14:00:00,568.0
2020-01-21 15:00:00,568.3
2020-01-21 16:00:00,569.0999999999999
2020-01-22 06:00:00,570.4
2020-01-22 08:00:00,568.1999999999999
2020-01-22 09:00:00,568.5
2020-01-22 10:00:00,568.4
2020-01-22 11:00:00,570.5999999999999
2020-01-22 12:00:00,571.0999999999999
2020-01-22 13:00:00,570.3
2020-01-22 14:00:00,571.0
2020-01-22 15:00:00,571.5999999999999
2020-01-22 16:00:00,570.4
2020-01-23 06:00:00,564.3
2020-01-23 08:00:00,565.6999999999999
2020-01-23 09:00:00,567.5999999999999
2020-01-23 10:00:00,568.5
2020-01-23 11:00:00,568.5999999999999
2020-01-23 12:00:00,567.5999999999999
2020-01-23 13:00:00,567.6999999999999
2020-01-23 14:00:00,566.0999999999999
2020-01-23 15:00:00,565.0999999999999
2020-01-23 16:00:00,565.5999999999999
2020-01-24 06:00:00,573.3
2020-01-24 08:00:00,571.6999999999999
2020-01-24 09:00:00,571.5
2020-01-24 10:00:00,570.9
2020-01-24 11:00:00,572.0
2020-01-24 12:00:00,572.4
2020-01-24 13:00:00,572.5999999999999
2020-01-24 14:00:00,572.6999999999999
2020-01-24 15:00:00,572.5
2020-01-24 16:00:00,573.1999999999999
2020-01-27 06:00:00,554.5999999999999
2020-01-27 08:00:00,563.0999999999999
2020-01-27 09:00:00,559.0
2020-01-27 10:00:00,555.8
2020-01-27 11:00:00,557.3
2020-01-27 12:00:00,558.3
2020-01-27 13:00:00,556.8
2020-01-27 14:00:00,555.9
2020-01-27 15:00:00,554.5999999999999
2020-01-27 16:00:00,554.6999999999999
2020-01-28 06:00:00,553.4
2020-01-28 08:00:00,551.0
2020-01-28 09:00:00,548.8
2020-01-28 10:00:00,546.6999999999999
2020-01-28 11:00:00,547.4
2020-01-28 12:00:00,550.5999999999999
2020-01-28 13:00:00,551.8
2020-01-28 14:00:00,551.5999999999999
2020-01-28 15:00:00,554.0
2020-01-28 16:00:00,553.9
2020-01-29 06:00:00,557.0
2020-01-29 08:00:00,555.9
2020-01-29 09:00:00,556.5999999999999
2020-01-29 10:00:00,557.6999999999999
2020-01-29 11:00:00,556.9
2020-01-29 12:00:00,557.5999999999999
2020-01-29 13:00:00,556.6999999999999
2020-01-29 14:00:00,557.5999999999999
2020-01-29 15:00:00,556.9
2020-01-29 16:00:00,556.9
2020-01-30 06:00:00,545.6999999999999
2020-01-30 08:00:00,549.0
2020-01-30 09:00:00,549.9
2020-01-30 10:00:00,549.0
2020-01-30 11:00:00,547.5
2020-01-30 12:00:00,545.0999999999999
2020-01-30 13:00:00,545.8
2020-01-30 14:00:00,547.0999999999999
2020-01-30 15:00:00,544.3
2020-01-30 16:00:00,545.6999999999999
2020-01-31 06:00:00,538.1999999999999
2020-01-31 08:00:00,549.1999999999999
2020-01-31 09:00:00,546.5
2020-01-31 10:00:00,544.0
2020-01-31 11:00:00,544.0999999999999
2020-01-31 12:00:00,543.9
2020-01-31 13:00:00,545.0999999999999
2020-01-31 14:00:00,541.9
2020-01-31 15:00:00,538.1999999999999
2020-01-31 16:00:00,538.0999999999999
2020-02-03 06:00:00,545.8
2020-02-03 08:00:00,542.4
2020-02-03 09:00:00,541.4
2020-02-03 10:00:00,541.9
2020-02-03 11:00:00,542.0
2020-02-03 13:00:00,542.5
2020-02-03 14:00:00,545.6999999999999
2020-02-03 15:00:00,546.0
2020-02-03 16:00:00,545.6999999999999
2020-02-04 06:00:00,559.0999999999999
2020-02-04 08:00:00,553.0999999999999
2020-02-04 09:00:00,553.0999999999999
2020-02-04 10:00:00,554.0
2020-02-04 11:00:00,553.5999999999999
2020-02-04 12:00:00,554.5999999999999
2020-02-04 13:00:00,554.9
2020-02-04 14:00:00,556.4
2020-02-04 15:00:00,557.1999999999999
2020-02-04 16:00:00,559.1999999999999
2020-02-05 06:00:00,569.5999999999999
2020-02-05 08:00:00,566.5999999999999
2020-02-05 09:00:00,571.6999999999999
2020-02-05 10:00:00,570.0999999999999
2020-02-05 11:00:00,569.4
2020-02-05 12:00:00,570.1999999999999
2020-02-05 13:00:00,573.0999999999999
2020-02-05 14:00:00,569.0999999999999
2020-02-05 15:00:00,569.5
2020-02-05 16:00:00,571.0
2020-02-06 06:00:00,572.1999999999999
2020-02-06 08:00:00,570.5999999999999
2020-02-06 09:00:00,569.9
2020-02-06 10:00:00,568.8
2020-02-06 11:00:00,570.3
2020-02-06 12:00:00,571.3
2020-02-06 13:00:00,570.0
2020-02-06 14:00:00,569.0
2020-02-06 15:00:00,571.9
2020-02-06 16:00:00,572.0999999999999
2020-02-07 06:00:00,570.8
2020-02-07 08:00:00,572.1999999999999
2020-02-07 09:00:00,570.5
2020-02-07 10:00:00,569.6999999999999
2020-02-07 11:00:00,569.0999999999999
2020-02-07 12:00:00,569.1999999999999
2020-02-07 13:00:00,567.8
2020-02-07 14:00:00,569.0999999999999
2020-02-07 15:00:00,568.5999999999999
2020-02-07 16:00:00,570.8
2020-02-10 06:00:00,570.3
2020-02-10 08:00:00,566.3
2020-02-10 09:00:00,567.9
2020-02-10 10:00:00,569.5999999999999
2020-02-10 11:00:00,569.8
2020-02-10 12:00:00,568.0
2020-02-10 13:00:00,568.0
2020-02-10 14:00:00,569.1999999999999
2020-02-10 15:00:00,569.0999999999999
2020-02-10 16:00:00,570.1999999999999
2020-02-11 06:00:00,582.0
2020-02-11 08:00:00,576.5
2020-02-11 09:00:00,576.0999999999999
2020-02-11 10:00:00,576.5999999999999
2020-02-11 11:00:00,577.3
2020-02-11 12:00:00,577.3
2020-02-11 13:00:00,577.5999999999999
2020-02-11 14:00:00,580.0
2020-02-11 15:00:00,581.6999999999999
2020-02-11 16:00:00,581.0999999999999
2020-02-12 06:00:00,586.3
2020-02-12 08:00:00,584.1999999999999
2020-02-12 09:00:00,582.4
2020-02-12 10:00:00,582.8
2020-02-12 11:00:00,584.0
2020-02-12 12:00:00,583.5999999999999
2020-02-12 13:00:00,584.1999999999999
2020-02-12 14:00:00,585.3
2020-02-12 15:00:00,585.5999999999999
2020-02-12 16:00:00,586.8
2020-02-13 06:00:00,585.8
2020-02-13 08:00:00,583.3
2020-02-13 09:00:00,581.4
2020-02-13 10:00:00,578.9
2020-02-13 11:00:00,580.0999999999999
2020-02-13 12:00:00,581.5
2020-02-13 13:00:00,581.8
2020-02-13 14:00:00,583.0
2020-02-13 15:00:00,585.4
2020-02-13 16:00:00,586.5999999999999
2020-02-14 06:00:00,586.0
2020-02-14 08:00:00,586.0
2020-02-14 09:00:00,584.3
2020-02-14 10:00:00,585.4
2020-02-14 11:00:00,585.5999999999999
2020-02-14 12:00:00,585.3
2020-02-14 13:00:00,584.1999999999999
2020-02-14 14:00:00,583.6999999999999
2020-02-14 15:00:00,585.6999999999999
2020-02-14 16:00:00,585.9
2020-02-17 06:00:00,583.4
2020-02-17 08:00:00,585.4
2020-02-17 09:00:00,586.0
2020-02-17 10:00:00,584.8
2020-02-17 11:00:00,585.0
2020-02-17 12:00:00,581.9
2020-02-17 13:00:00,582.0
2020-02-17 14:00:00,582.9
2020-02-17 15:00:00,583.9
2020-02-17 16:00:00,583.3
2020-02-17 20:00:00,580.8
2020-02-18 06:00:00,579.0999999999999
2020-02-18 08:00:00,577.0
2020-02-18 09:00:00,575.6999999999999
2020-02-18 10:00:00,578.8
2020-02-18 11:00:00,577.0
2020-02-18 12:00:00,577.9
2020-02-18 13:00:00,578.0
2020-02-18 14:00:00,579.9
2020-02-18 15:00:00,579.6999999999999
2020-02-18 16:00:00,578.8
2020-02-19 06:00:00,587.8
2020-02-19 08:00:00,583.1999999999999
2020-02-19 09:00:00,582.1999999999999
2020-02-19 10:00:00,582.1999999999999
2020-02-19 11:00:00,581.5999999999999
2020-02-19 12:00:00,582.6999999999999
2020-02-19 13:00:00,582.8
2020-02-19 14:00:00,585.6999999999999
2020-02-19 15:00:00,586.8
2020-02-19 16:00:00,587.5
2020-02-20 06:00:00,581.1999999999999
2020-02-20 08:00:00,585.0999999999999
2020-02-20 09:00:00,583.5999999999999
2020-02-20 10:00:00,583.5999999999999
2020-02-20 11:00:00,583.5
2020-02-20 12:00:00,583.3
2020-02-20 13:00:00,583.8
2020-02-20 14:00:00,583.6999999999999
2020-02-20 15:00:00,584.5999999999999
2020-02-20 16:00:00,579.5
2020-02-21 06:00:00,574.0999999999999
2020-02-21 08:00:00,578.0
2020-02-21 09:00:00,578.1999999999999
2020-02-21 10:00:00,580.8
2020-02-21 11:00:00,580.5999999999999
2020-02-21 12:00:00,581.0
2020-02-21 13:00:00,578.8
2020-02-21 14:00:00,574.0999999999999
2020-02-21 15:00:00,572.5
2020-02-21 16:00:00,574.1999999999999
2020-02-24 06:00:00,550.0999999999999
2020-02-24 08:00:00,553.6999999999999
2020-02-24 09:00:00,551.6999999999999
2020-02-24 10:00:00,549.8
2020-02-24 11:00:00,550.5999999999999
2020-02-24 12:00:00,549.0
2020-02-24 13:00:00,546.0999999999999
2020-02-24 14:00:00,550.5999999999999
2020-02-24 15:00:00,550.5
2020-02-24 16:00:00,545.5
2020-02-25 06:00:00,542.5999999999999
2020-02-25 08:00:00,549.6999999999999
2020-02-25 09:00:00,548.9
2020-02-25 10:00:00,545.8
2020-02-25 11:00:00,547.0999999999999
2020-02-25 12:00:00,550.5
2020-02-25 13:00:00,548.8
2020-02-25 14:00:00,547.9
2020-02-25 15:00:00,542.8
2020-02-25 16:00:00,537.5999999999999
2020-02-26 06:00:00,544.0
2020-02-26 08:00:00,530.1999999999999
2020-02-26 09:00:00,531.8
2020-02-26 10:00:00,531.1999999999999
2020-02-26 11:00:00,537.4
2020-02-26 12:00:00,540.0999999999999
2020-02-26 13:00:00,542.5
2020-02-26 14:00:00,542.5
2020-02-26 15:00:00,543.0999999999999
2020-02-26 16:00:00,542.0999999999999
2020-02-27 06:00:00,524.9999999999999
2020-02-27 08:00:00,532.3
2020-02-27 09:00:00,532.6999999999999
2020-02-27 10:00:00,528.1999999999999
2020-02-27 11:00:00,528.9
2020-02-27 12:00:00,525.4
2020-02-27 13:00:00,522.5
2020-02-27 14:00:00,521.5
2020-02-27 15:00:00,524.4999999999999
2020-02-27 16:00:00,525.3
2020-02-27 17:00:00,529.3
2020-02-28 06:00:00,508.4
2020-02-28 08:00:00,502.9
2020-02-28 09:00:00,503.4
2020-02-28 10:00:00,504.99999999999994
2020-02-28 11:00:00,505.29999999999995
2020-02-28 12:00:00,508.79999999999995
2020-02-28 13:00:00,504.29999999999995
2020-02-28 14:00:00,503.59999999999997
2020-02-28 15:00:00,507.59999999999997
2020-02-28 16:00:00,514.1999999999999
2020-03-02 06:00:00,509.79999999999995
2020-03-02 07:00:00,519.6999999999999
2020-03-02 08:00:00,519.4
2020-03-02 09:00:00,511.09999999999997
2020-03-02 10:00:00,508.09999999999997
2020-03-02 11:00:00,499.49999999999994
2020-03-02 12:00:00,507.79999999999995
2020-03-02 13:00:00,507.49999999999994
2020-03-02 14:00:00,507.09999999999997
2020-03-02 15:00:00,507.69999999999993
2020-03-02 16:00:00,510.79999999999995
2020-03-02 20:00:00,514.3
2020-03-03 06:00:00,514.5
2020-03-03 08:00:00,523.9999999999999
2020-03-03 09:00:00,525.5
2020-03-03 10:00:00,526.5
2020-03-03 11:00:00,520.9
2020-03-03 12:00:00,519.1999999999999
2020-03-03 13:00:00,521.5999999999999
2020-03-03 14:00:00,519.8
2020-03-03 15:00:00,524.6
2020-03-03 16:00:00,514.8
2020-03-03 18:00:00,515.3
2020-03-04 06:00:00,515.3
2020-03-04 08:00:00,518.5999999999999
2020-03-04 09:00:00,520.0
2020-03-04 10:00:00,520.1999999999999
2020-03-04 11:00:00,521.0
2020-03-04 12:00:00,522.5
2020-03-04 13:00:00,519.5999999999999
2020-03-04 14:00:00,512.8
2020-03-04 15:00:00,515.0
2020-03-04 16:00:00,515.1999999999999
2020-03-05 06:00:00,510.59999999999997
2020-03-05 08:00:00,516.1999999999999
2020-03-05 09:00:00,512.4
2020-03-05 10:00:00,509.49999999999994
2020-03-05 11:00:00,506.79999999999995
2020-03-05 12:00:00,507.9
2020-03-05 13:00:00,506.59999999999997
2020-03-05 14:00:00,507.19999999999993
2020-03-05 15:00:00,509.69999999999993
2020-03-05 16:00:00,510.79999999999995
2020-03-06 06:00:00,491.79999999999995
2020-03-06 08:00:00,494.79999999999995
2020-03-06 09:00:00,489.4
2020-03-06 10:00:00,488.29999999999995
2020-03-06 11:00:00,490.49999999999994
2020-03-06 12:00:00,488.99999999999994
2020-03-06 13:00:00,490.4
2020-03-06 14:00:00,489.19999999999993
2020-03-06 15:00:00,492.4
2020-03-06 16:00:00,491.09999999999997
2020-03-06 19:00:00,487.99999999999994
2020-03-09 05:00:00,461.09999999999997
2020-03-09 07:00:00,443.29999999999995
2020-03-09 08:00:00,460.29999999999995
2020-03-09 09:00:00,462.49999999999994
2020-03-09 10:00:00,461.09999999999997
2020-03-09 11:00:00,460.9
2020-03-09 12:00:00,457.59999999999997
2020-03-09 13:00:00,459.9
2020-03-09 14:00:00,460.09999999999997
2020-03-09 15:00:00,464.9
2020-03-09 16:00:00,459.79999999999995
2020-03-10 05:00:00,458.19999999999993
2020-03-10 08:00:00,472.29999999999995
2020-03-10 09:00:00,475.9
2020-03-10 10:00:00,476.19999999999993
2020-03-10 11:00:00,473.19999999999993
2020-03-10 12:00:00,473.29999999999995
2020-03-10 13:00:00,472.29999999999995
2020-03-10 14:00:00,466.19999999999993
2020-03-10 15:00:00,460.9
2020-03-10 16:00:00,458.69999999999993
2020-03-11 05:00:00,454.29999999999995
2020-03-12 05:00:00,410.49999999999994
2020-03-13 05:00:00,412.19999999999993
2020-03-16 05:00:00,395.59999999999997
2020-03-16 16:00:00,397.79999999999995
2020-03-17 05:00:00,401.79999999999995
2020-03-17 09:00:00,392.99999999999994
2020-03-17 15:00:00,402.9
2020-03-17 16:00:00,399.09999999999997
2020-03-18 05:00:00,380.49999999999994
2020-03-18 09:00:00,378.69999999999993
2020-03-18 11:00:00,383.99999999999994
2020-03-18 15:00:00,382.49999999999994
2020-03-18 16:00:00,381.4
2020-03-19 05:00:00,392.59999999999997
2020-03-19 10:00:00,370.79999999999995
2020-03-19 11:00:00,371.29999999999995
2020-03-19 12:00:00,375.09999999999997
2020-03-19 13:00:00,374.79999999999995
2020-03-19 15:00:00,391.29999999999995
2020-03-19 16:00:00,392.79999999999995
2020-03-20 05:00:00,404.59999999999997
2020-03-20 16:00:00,409.99999999999994
2020-03-23 05:00:00,399.29999999999995
2020-03-23 10:00:00,393.09999999999997
2020-03-23 12:00:00,407.19999999999993
2020-03-23 13:00:00,403.79999999999995
2020-03-23 14:00:00,401.79999999999995
2020-03-23 15:00:00,398.79999999999995
2020-03-23 16:00:00,395.79999999999995
2020-03-24 05:00:00,434.29999999999995
2020-03-24 12:00:00,427.69999999999993
2020-03-24 14:00:00,428.49999999999994
2020-03-24 15:00:00,432.29999999999995
2020-03-24 16:00:00,434.79999999999995
2020-03-25 05:00:00,445.29999999999995
2020-03-25 10:00:00,433.49999999999994
2020-03-25 11:00:00,436.79999999999995
2020-03-25 12:00:00,436.79999999999995
2020-03-25 13:00:00,436.09999999999997
2020-03-25 14:00:00,437.69999999999993
2020-03-25 15:00:00,439.09999999999997
2020-03-25 16:00:00,444.09999999999997
2020-03-26 05:00:00,456.19999999999993
2020-03-26 09:00:00,439.99999999999994
2020-03-26 11:00:00,440.4
2020-03-26 12:00:00,438.49999999999994
2020-03-26 16:00:00,454.9
2020-03-27 05:00:00,440.19999999999993
2020-03-27 08:00:00,451.79999999999995
2020-03-27 10:00:00,451.4
2020-03-27 11:00:00,444.99999999999994
2020-03-27 14:00:00,438.59999999999997
2020-03-27 15:00:00,438.59999999999997
2020-03-27 16:00:00,438.4
2020-03-30 05:00:00,450.29999999999995
2020-03-30 11:00:00,444.09999999999997
2020-03-30 12:00:00,448.29999999999995
2020-03-30 13:00:00,448.49999999999994
2020-03-30 14:00:00,448.4
2020-03-30 15:00:00,447.69999999999993
2020-03-31 05:00:00,454.49999999999994
2020-03-31 07:00:00,460.79999999999995
2020-03-31 09:00:00,463.09999999999997
2020-03-31 10:00:00,457.49999999999994
2020-03-31 11:00:00,453.9
2020-03-31 12:00:00,450.19999999999993
2020-03-31 13:00:00,453.69999999999993
2020-03-31 14:00:00,456.19999999999993
2020-03-31 15:00:00,455.29999999999995
2020-04-01 05:00:00,440.99999999999994
2020-04-01 07:00:00,443.79999999999995
2020-04-01 08:00:00,443.79999999999995
2020-04-01 09:00:00,446.19999999999993
2020-04-01 10:00:00,441.79999999999995
2020-04-01 11:00:00,439.49999999999994
2020-04-01 12:00:00,438.59999999999997
2020-04-01 13:00:00,438.99999999999994
2020-04-01 14:00:00,443.4
2020-04-01 15:00:00,441.49999999999994
2020-04-02 05:00:00,434.09999999999997
2020-04-02 07:00:00,435.59999999999997
2020-04-02 09:00:00,437.69999999999993
2020-04-02 10:00:00,436.69999999999993
2020-04-02 12:00:00,436.9
2020-04-02 13:00:00,429.59999999999997
2020-04-02 14:00:00,437.29999999999995
2020-04-02 15:00:00,432.99999999999994
2020-04-03 05:00:00,433.19999999999993
2020-04-03 08:00:00,433.29999999999995
2020-04-03 09:00:00,432.4
2020-04-03 11:00:00,433.49999999999994
2020-04-03 12:00:00,434.49999999999994
2020-04-03 13:00:00,436.19999999999993
2020-04-03 14:00:00,434.29999999999995
2020-04-03 15:00:00,433.4
2020-04-06 05:00:00,454.59999999999997
2020-04-06 08:00:00,446.29999999999995
2020-04-06 09:00:00,446.19999999999993
2020-04-06 11:00:00,446.19999999999993
2020-04-06 12:00:00,447.69999999999993
2020-04-06 13:00:00,452.99999999999994
2020-04-06 14:00:00,452.49999999999994
2020-04-06 15:00:00,453.99999999999994
2020-04-07 05:00:00,463.99999999999994
2020-04-07 07:00:00,471.59999999999997
2020-04-07 08:00:00,470.09999999999997
2020-04-07 09:00:00,468.99999999999994
2020-04-07 10:00:00,470.49999999999994
2020-04-07 12:00:00,467.29999999999995
2020-04-07 13:00:00,468.59999999999997
2020-04-07 14:00:00,461.49999999999994
2020-04-07 15:00:00,466.29999999999995
2020-04-08 05:00:00,473.29999999999995
2020-04-08 07:00:00,467.29999999999995
2020-04-08 08:00:00,466.19999999999993
2020-04-08 11:00:00,466.09999999999997
2020-04-08 12:00:00,468.9
2020-04-08 13:00:00,467.9
2020-04-08 14:00:00,470.59999999999997
2020-04-08 15:00:00,473.19999999999993
2020-04-09 05:00:00,485.19999999999993
2020-04-09 07:00:00,481.69999999999993
2020-04-09 08:00:00,480.29999999999995
2020-04-09 09:00:00,477.9
2020-04-09 11:00:00,478.9
2020-04-09 12:00:00,479.9
2020-04-09 13:00:00,486.59999999999997
2020-04-09 14:00:00,483.59999999999997
2020-04-09 15:00:00,487.99999999999994
2020-04-09 18:00:00,484.99999999999994
2020-04-14 05:00:00,493.29999999999995
2020-04-14 07:00:00,492.59999999999997
2020-04-14 12:00:00,492.79999999999995
2020-04-14 13:00:00,497.9
2020-04-14 14:00:00,497.49999999999994
2020-04-14 15:00:00,494.9
2020-04-15 05:00:00,473.9
2020-04-15 07:00:00,484.09999999999997
2020-04-15 08:00:00,481.59999999999997
2020-04-15 09:00:00,482.99999999999994
2020-04-15 10:00:00,481.69999999999993
2020-04-15 12:00:00,479.59999999999997
2020-04-15 13:00:00,475.69999999999993
2020-04-15 14:00:00,475.29999999999995
2020-04-15 15:00:00,473.99999999999994
2020-04-16 05:00:00,488.09999999999997
2020-04-16 07:00:00,484.79999999999995
2020-04-16 08:00:00,487.4
2020-04-16 09:00:00,485.29999999999995
2020-04-16 10:00:00,486.49999999999994
2020-04-16 12:00:00,485.49999999999994
2020-04-16 13:00:00,482.4
2020-04-16 14:00:00,487.9
2020-04-16 15:00:00,485.59999999999997
2020-04-17 05:00:00,496.9
2020-04-17 07:00:00,498.69999999999993
2020-04-17 08:00:00,498.19999999999993
2020-04-17 09:00:00,499.19999999999993
2020-04-17 10:00:00,503.29999999999995
2020-04-17 11:00:00,502.4
2020-04-17 12:00:00,501.09999999999997
2020-04-17 13:00:00,498.19999999999993
2020-04-17 14:00:00,497.49999999999994
2020-04-17 15:00:00,500.49999999999994
2020-04-20 05:00:00,500.79999999999995
2020-04-20 07:00:00,498.9
2020-04-20 10:00:00,494.49999999999994
2020-04-20 11:00:00,490.79999999999995
2020-04-20 12:00:00,493.49999999999994
2020-04-20 13:00:00,495.99999999999994
2020-04-20 14:00:00,498.9
2020-04-20 15:00:00,499.79999999999995
2020-04-21 05:00:00,476.29999999999995
2020-04-21 07:00:00,491.49999999999994
2020-04-21 08:00:00,493.4
2020-04-21 09:00:00,490.59999999999997
2020-04-21 10:00:00,490.49999999999994
2020-04-21 11:00:00,487.09999999999997
2020-04-21 12:00:00,486.69999999999993
2020-04-21 13:00:00,484.99999999999994
2020-04-21 14:00:00,478.49999999999994
2020-04-21 15:00:00,475.99999999999994
2020-04-22 05:00:00,486.59999999999997
2020-04-22 07:00:00,483.69999999999993
2020-04-22 08:00:00,485.9
2020-04-22 09:00:00,489.4
2020-04-22 10:00:00,484.4
2020-04-22 11:00:00,485.29999999999995
2020-04-22 12:00:00,486.29999999999995
2020-04-22 13:00:00,485.79999999999995
2020-04-22 14:00:00,485.49999999999994
2020-04-22 15:00:00,487.09999999999997
2020-04-23 05:00:00,489.9
2020-04-23 07:00:00,489.19999999999993
2020-04-23 08:00:00,486.49999999999994
2020-04-23 11:00:00,484.4
2020-04-23 12:00:00,484.4
2020-04-23 13:00:00,486.99999999999994
2020-04-23 14:00:00,490.99999999999994
2020-04-23 15:00:00,488.99999999999994
2020-04-24 05:00:00,482.69999999999993
2020-04-24 07:00:00,482.09999999999997
2020-04-24 08:00:00,482.49999999999994
2020-04-24 09:00:00,485.79999999999995
2020-04-24 11:00:00,488.29999999999995
2020-04-24 12:00:00,487.9
2020-04-24 13:00:00,483.59999999999997
2020-04-24 14:00:00,483.69999999999993
2020-04-24 15:00:00,483.19999999999993
2020-04-24 19:00:00,489.69999999999993
2020-04-27 05:00:00,490.79999999999995
2020-04-27 07:00:00,492.29999999999995
2020-04-27 08:00:00,490.4
2020-04-27 09:00:00,491.09999999999997
2020-04-27 10:00:00,490.19999999999993
2020-04-27 11:00:00,491.69999999999993
2020-04-27 12:00:00,490.4
2020-04-27 13:00:00,490.59999999999997
2020-04-27 14:00:00,489.29999999999995
2020-04-27 15:00:00,491.59999999999997
2020-04-28 05:00:00,494.99999999999994
2020-04-28 07:00:00,491.99999999999994
2020-04-28 08:00:00,494.19999999999993
2020-04-28 09:00:00,494.79999999999995
2020-04-28 10:00:00,497.99999999999994
2020-04-28 11:00:00,497.4
2020-04-28 12:00:00,498.19999999999993
2020-04-28 13:00:00,497.29999999999995
2020-04-28 14:00:00,494.09999999999997
2020-04-28 15:00:00,495.59999999999997
2020-04-29 05:00:00,504.9
2020-04-29 07:00:00,495.79999999999995
2020-04-29 08:00:00,495.79999999999995
2020-04-29 09:00:00,496.09999999999997
2020-04-29 12:00:00,499.59999999999997
2020-04-29 13:00:00,499.79999999999995
2020-04-29 14:00:00,502.9
2020-04-29 15:00:00,505.19999999999993
2020-04-30 05:00:00,498.9
2020-04-30 07:00:00,506.69999999999993
2020-04-30 08:00:00,504.9
2020-04-30 09:00:00,507.99999999999994
2020-04-30 10:00:00,508.29999999999995
2020-04-30 11:00:00,507.29999999999995
2020-04-30 12:00:00,506.99999999999994
2020-04-30 13:00:00,503.69999999999993
2020-04-30 14:00:00,499.49999999999994
2020-04-30 15:00:00,499.69999999999993
2020-05-04 05:00:00,483.4
2020-05-04 07:00:00,484.69999999999993
2020-05-04 09:00:00,480.69999999999993
2020-05-04 10:00:00,481.79999999999995
2020-05-04 11:00:00,481.69999999999993
2020-05-04 12:00:00,482.19999999999993
2020-05-04 13:00:00,484.29999999999995
2020-05-04 14:00:00,484.19999999999993
2020-05-04 15:00:00,483.29999999999995
2020-05-05 05:00:00,494.9
2020-05-05 07:00:00,489.99999999999994
2020-05-05 08:00:00,487.49999999999994
2020-05-05 09:00:00,488.9
2020-05-05 10:00:00,488.79999999999995
2020-05-05 11:00:00,488.09999999999997
2020-05-05 12:00:00,489.4
2020-05-05 13:00:00,491.79999999999995
2020-05-05 14:00:00,492.29999999999995
2020-05-05 15:00:00,494.69999999999993
2020-05-06 05:00:00,494.9
2020-05-06 07:00:00,496.19999999999993
2020-05-06 09:00:00,496.49999999999994
2020-05-06 10:00:00,495.59999999999997
2020-05-06 11:00:00,495.4
2020-05-06 12:00:00,494.9
2020-05-06 13:00:00,497.09999999999997
2020-05-06 14:00:00,496.79999999999995
2020-05-06 15:00:00,494.69999999999993
2020-05-07 05:00:00,504.4
2020-05-07 07:00:00,498.19999999999993
2020-05-07 08:00:00,499.59999999999997
2020-05-07 11:00:00,504.09999999999997
2020-05-07 13:00:00,503.59999999999997
2020-05-07 14:00:00,503.79999999999995
2020-05-07 15:00:00,507.29999999999995
2020-05-08 05:00:00,509.59999999999997
2020-05-08 07:00:00,508.09999999999997
2020-05-08 09:00:00,508.4
2020-05-08 10:00:00,507.99999999999994
2020-05-08 12:00:00,509.09999999999997
2020-05-08 13:00:00,508.29999999999995
2020-05-08 14:00:00,509.99999999999994
2020-05-11 05:00:00,506.09999999999997
2020-05-11 09:00:00,504.99999999999994
2020-05-11 10:00:00,504.29999999999995
2020-05-11 11:00:00,502.59999999999997
2020-05-11 12:00:00,502.4
2020-05-11 13:00:00,502.59999999999997
2020-05-11 14:00:00,504.69999999999993
2020-05-11 15:00:00,504.09999999999997
2020-05-12 05:00:00,508.59999999999997
2020-05-12 07:00:00,507.19999999999993
2020-05-12 08:00:00,507.99999999999994
2020-05-12 13:00:00,505.59999999999997
2020-05-12 14:00:00,507.59999999999997
2020-05-12 15:00:00,508.69999999999993
2020-05-13 05:00:00,502.79999999999995
2020-05-13 07:00:00,499.99999999999994
2020-05-13 08:00:00,501.69999999999993
2020-05-13 09:00:00,503.09999999999997
2020-05-13 10:00:00,505.59999999999997
2020-05-13 11:00:00,508.59999999999997
2020-05-13 12:00:00,508.29999999999995
2020-05-13 13:00:00,505.4
2020-05-13 14:00:00,506.59999999999997
2020-05-13 15:00:00,503.29999999999995
2020-05-14 05:00:00,489.9
2020-05-14 07:00:00,494.49999999999994
2020-05-14 08:00:00,492.19999999999993
2020-05-14 09:00:00,493.59999999999997
2020-05-14 10:00:00,492.79999999999995
2020-05-14 11:00:00,491.69999999999993
2020-05-14 12:00:00,487.59999999999997
2020-05-14 13:00:00,485.09999999999997
2020-05-14 14:00:00,488.4
2020-05-14 15:00:00,489.9
2020-05-15 05:00:00,492.29999999999995
2020-05-15 07:00:00,499.59999999999997
2020-05-15 08:00:00,497.19999999999993
2020-05-15 09:00:00,498.49999999999994
2020-05-15 10:00:00,496.09999999999997
2020-05-15 11:00:00,492.19999999999993
2020-05-15 12:00:00,491.9
2020-05-15 13:00:00,495.4
2020-05-15 14:00:00,492.29999999999995
2020-05-15 15:00:00,492.09999999999997
2020-05-18 05:00:00,511.29999999999995
2020-05-18 07:00:00,501.59999999999997
2020-05-18 08:00:00,504.09999999999997
2020-05-18 09:00:00,503.19999999999993
2020-05-18 11:00:00,502.9
2020-05-18 12:00:00,508.09999999999997
2020-05-18 14:00:00,507.99999999999994
2020-05-18 15:00:00,510.99999999999994
2020-05-19 05:00:00,517.4
2020-05-19 07:00:00,511.29999999999995
2020-05-19 08:00:00,510.79999999999995
2020-05-19 09:00:00,509.49999999999994
2020-05-19 11:00:00,512.1999999999999
2020-05-19 12:00:00,510.59999999999997
2020-05-19 13:00:00,512.6999999999999
2020-05-19 14:00:00,515.4
2020-05-19 15:00:00,516.8
2020-05-20 05:00:00,529.4
2020-05-20 07:00:00,515.0999999999999
2020-05-20 08:00:00,519.9
2020-05-20 09:00:00,522.3
2020-05-20 10:00:00,522.4
2020-05-20 11:00:00,522.8
2020-05-20 12:00:00,522.1999999999999
2020-05-20 13:00:00,524.1999999999999
2020-05-20 14:00:00,526.8
2020-05-20 15:00:00,529.4
2020-05-21 05:00:00,518.3
2020-05-21 07:00:00,521.8
2020-05-21 08:00:00,521.1999999999999
2020-05-21 09:00:00,522.5
2020-05-21 10:00:00,522.5999999999999
2020-05-21 11:00:00,523.0999999999999
2020-05-21 12:00:00,523.8
2020-05-21 13:00:00,525.3
2020-05-21 14:00:00,522.6999999999999
2020-05-21 15:00:00,518.0999999999999
2020-05-22 05:00:00,520.8
2020-05-22 07:00:00,512.4
2020-05-22 08:00:00,513.3
2020-05-22 09:00:00,515.0999999999999
2020-05-22 10:00:00,516.1999999999999
2020-05-22 11:00:00,517.3
2020-05-22 12:00:00,519.8
2020-05-22 13:00:00,518.6999999999999
2020-05-22 14:00:00,521.1999999999999
2020-05-22 15:00:00,521.5999999999999
2020-05-25 05:00:00,534.9
2020-05-25 07:00:00,526.1
2020-05-25 08:00:00,529.4
2020-05-25 10:00:00,531.8
2020-05-25 11:00:00,532.0
2020-05-25 12:00:00,531.8
2020-05-25 13:00:00,534.5
2020-05-25 14:00:00,534.9
2020-05-25 15:00:00,534.9
2020-05-26 05:00:00,537.0999999999999
2020-05-26 07:00:00,540.4
2020-05-26 08:00:00,541.0999999999999
2020-05-26 09:00:00,540.4
2020-05-26 10:00:00,540.0999999999999
2020-05-26 12:00:00,538.9
2020-05-26 13:00:00,540.1999999999999
2020-05-26 15:00:00,534.0999999999999
2020-05-27 05:00:00,529.3
2020-05-27 07:00:00,532.9
2020-05-27 08:00:00,534.5
2020-05-27 09:00:00,534.9
2020-05-27 10:00:00,535.0
2020-05-27 11:00:00,535.5999999999999
2020-05-27 12:00:00,534.0
2020-05-27 13:00:00,528.3
2020-05-27 14:00:00,526.8
2020-05-27 15:00:00,529.9
2020-05-28 05:00:00,537.6999999999999
2020-05-28 07:00:00,533.3
2020-05-28 08:00:00,535.4
2020-05-28 09:00:00,535.5
2020-05-28 10:00:00,535.3
2020-05-28 11:00:00,535.3
2020-05-28 12:00:00,535.5999999999999
2020-05-28 13:00:00,534.3
2020-05-28 14:00:00,537.0
2020-05-28 15:00:00,537.3
2020-05-29 05:00:00,535.4
2020-05-29 07:00:00,532.9
2020-05-29 08:00:00,534.8
2020-05-29 09:00:00,536.8
2020-05-29 10:00:00,538.6999999999999
2020-05-29 11:00:00,539.3
2020-05-29 12:00:00,540.0999999999999
2020-05-29 13:00:00,540.0999999999999
2020-05-29 14:00:00,536.5999999999999
2020-05-29 15:00:00,538.0
2020-06-01 05:00:00,544.0
2020-06-01 07:00:00,546.3
2020-06-01 08:00:00,538.6999999999999
2020-06-01 09:00:00,541.5
2020-06-01 14:00:00,544.0999999999999
2020-06-01 15:00:00,545.5999999999999
2020-06-02 05:00:00,547.4
2020-06-02 07:00:00,545.3
2020-06-02 08:00:00,546.0
2020-06-02 09:00:00,548.3
2020-06-02 10:00:00,550.6999999999999
2020-06-02 11:00:00,550.4
2020-06-02 12:00:00,550.4
2020-06-02 13:00:00,547.5999999999999
2020-06-02 15:00:00,549.1999999999999
2020-06-03 05:00:00,562.6999999999999
2020-06-03 07:00:00,555.0
2020-06-03 08:00:00,553.5999999999999
2020-06-03 09:00:00,554.6999999999999
2020-06-03 10:00:00,553.5
2020-06-03 11:00:00,553.3
2020-06-03 12:00:00,555.0
2020-06-03 13:00:00,557.3
2020-06-03 14:00:00,562.1999999999999
2020-06-03 15:00:00,563.0
2020-06-04 05:00:00,558.9
2020-06-04 07:00:00,562.0999999999999
2020-06-04 08:00:00,561.9
2020-06-04 10:00:00,560.6999999999999
2020-06-04 13:00:00,560.5999999999999
2020-06-04 14:00:00,561.1999999999999
2020-06-04 15:00:00,560.8
2020-06-05 05:00:00,572.4
2020-06-05 07:00:00,564.4
2020-06-05 08:00:00,567.1999999999999
2020-06-05 09:00:00,565.4
2020-06-05 10:00:00,562.6999999999999
2020-06-05 11:00:00,564.0999999999999
2020-06-05 12:00:00,566.5999999999999
2020-06-05 13:00:00,567.6999999999999
2020-06-05 14:00:00,571.0999999999999
2020-06-05 15:00:00,572.5
2020-06-08 05:00:00,563.6999999999999
2020-06-08 06:00:00,568.5
2020-06-08 07:00:00,562.1999999999999
2020-06-08 08:00:00,565.5
2020-06-08 09:00:00,563.3
2020-06-08 10:00:00,564.5
2020-06-08 11:00:00,566.0999999999999
2020-06-08 12:00:00,565.8
2020-06-08 13:00:00,561.3
2020-06-08 14:00:00,561.0
2020-06-08 15:00:00,563.1999999999999
2020-06-09 05:00:00,563.0
2020-06-09 07:00:00,565.8
2020-06-09 08:00:00,561.6999999999999
2020-06-09 09:00:00,561.5999999999999
2020-06-09 11:00:00,561.4
2020-06-09 12:00:00,563.5999999999999
2020-06-09 13:00:00,564.0
2020-06-09 14:00:00,565.3
2020-06-09 15:00:00,564.5
2020-06-10 05:00:00,564.1999999999999
2020-06-10 07:00:00,568.5999999999999
2020-06-10 08:00:00,567.0
2020-06-10 09:00:00,563.4
2020-06-10 11:00:00,561.0999999999999
2020-06-10 12:00:00,565.5999999999999
2020-06-10 14:00:00,563.4
2020-06-10 15:00:00,564.5999999999999
2020-06-10 18:00:00,562.0999999999999
2020-06-11 05:00:00,546.0
2020-06-11 09:00:00,555.0
2020-06-12 05:00:00,543.9000000000001
2020-06-15 05:00:00,543.9000000000001
2020-06-15 07:00:00,530.8000000000001
2020-06-15 08:00:00,537.4000000000001
2020-06-15 09:00:00,540.4000000000001
2020-06-15 10:00:00,539.2
2020-06-15 11:00:00,540.7
2020-06-15 12:00:00,541.0
2020-06-15 13:00:00,539.7
2020-06-15 14:00:00,543.3000000000001
2020-06-15 15:00:00,543.7
2020-06-16 05:00:00,559.9000000000001
2020-06-16 07:00:00,556.3000000000001
2020-06-17 05:00:00,568.3000000000001
2020-06-17 07:00:00,560.1
2020-06-17 08:00:00,561.8000000000001
2020-06-17 09:00:00,561.3000000000001
2020-06-17 10:00:00,564.6
2020-06-17 14:00:00,568.6
2020-06-17 15:00:00,568.8000000000001
2020-06-18 05:00:00,568.3000000000001
2020-06-18 07:00:00,569.9000000000001
2020-06-18 12:00:00,565.2
2020-06-18 13:00:00,567.4000000000001
2020-06-18 14:00:00,567.3000000000001
2020-06-18 15:00:00,567.4000000000001
2020-06-19 05:00:00,577.5
2020-06-19 07:00:00,572.4000000000001
2020-06-19 08:00:00,574.4000000000001
2020-06-19 09:00:00,573.7
2020-06-19 10:00:00,575.2
2020-06-19 11:00:00,576.4000000000001
2020-06-19 15:00:00,577.7
2020-06-19 16:00:00,573.0
2020-06-22 05:00:00,570.1
2020-06-22 07:00:00,570.9000000000001
2020-06-22 08:00:00,573.0
2020-06-22 09:00:00,575.4000000000001
2020-06-22 10:00:00,572.0
2020-06-22 12:00:00,572.4000000000001
2020-06-22 14:00:00,570.2
2020-06-22 15:00:00,569.8000000000001
2020-06-23 05:00:00,579.1
2020-06-23 07:00:00,581.2
2020-06-23 08:00:00,582.8000000000001
2020-06-23 09:00:00,580.9000000000001
2020-06-23 10:00:00,583.4000000000001
2020-06-23 11:00:00,582.2
2020-06-23 12:00:00,580.8000000000001
2020-06-23 13:00:00,578.2
2020-06-23 15:00:00,578.9000000000001
2020-06-24 05:00:00,565.8000000000001
2020-06-24 07:00:00,576.0
2020-06-24 08:00:00,571.1
2020-06-24 09:00:00,569.4000000000001
2020-06-24 10:00:00,570.3000000000001
2020-06-24 11:00:00,571.5
2020-06-24 13:00:00,572.6
2020-06-24 14:00:00,568.3000000000001
2020-06-24 15:00:00,565.4000000000001
2020-06-24 16:00:00,564.0
2020-06-25 05:00:00,568.3000000000001
2020-06-25 07:00:00,557.2
2020-06-25 08:00:00,561.6
2020-06-25 09:00:00,563.3000000000001
2020-06-25 11:00:00,565.3000000000001
2020-06-25 12:00:00,566.2
2020-06-25 14:00:00,567.0
2020-06-25 15:00:00,566.8000000000001
2020-06-25 16:00:00,570.5
2020-06-26 05:00:00,573.5
2020-06-26 07:00:00,573.8000000000001
2020-06-26 08:00:00,573.4000000000001
2020-06-26 09:00:00,576.0
2020-06-26 10:00:00,577.1
2020-06-26 12:00:00,577.4000000000001
2020-06-26 13:00:00,576.2
2020-06-26 14:00:00,569.8000000000001
2020-06-26 15:00:00,570.5
2020-06-29 05:00:00,570.2
2020-06-29 07:00:00,572.9000000000001
2020-06-29 08:00:00,570.2
2020-06-29 09:00:00,572.6
2020-06-29 10:00:00,570.4000000000001
2020-06-29 11:00:00,570.8000000000001
2020-06-29 12:00:00,568.3000000000001
2020-06-29 13:00:00,567.2
2020-06-29 14:00:00,571.1
2020-06-29 15:00:00,569.2
2020-06-30 05:00:00,576.8000000000001
2020-06-30 07:00:00,574.0
2020-06-30 08:00:00,571.5
2020-06-30 10:00:00,572.7
2020-06-30 11:00:00,572.5
2020-06-30 13:00:00,572.4000000000001
2020-06-30 14:00:00,576.0
2020-06-30 15:00:00,575.2
2020-06-30 19:00:00,578.0
2020-07-01 05:00:00,576.8000000000001
2020-07-01 09:00:00,577.8000000000001
2020-07-01 11:00:00,570.8000000000001
2020-07-01 12:00:00,572.8000000000001
2020-07-01 13:00:00,575.9000000000001
2020-07-01 14:00:00,578.6
2020-07-02 05:00:00,586.7
2020-07-02 07:00:00,582.0
2020-07-02 08:00:00,582.2
2020-07-02 09:00:00,581.2
2020-07-02 10:00:00,581.1
2020-07-02 11:00:00,580.2
2020-07-02 12:00:00,584.0
2020-07-02 13:00:00,584.5
2020-07-02 14:00:00,585.6
2020-07-02 15:00:00,585.1
2020-07-03 05:00:00,584.5
2020-07-03 08:00:00,591.9000000000001
2020-07-03 09:00:00,590.7
2020-07-03 11:00:00,589.2
2020-07-03 12:00:00,589.2
2020-07-03 13:00:00,587.5
2020-07-03 14:00:00,588.1
2020-07-03 15:00:00,586.6
2020-07-06 05:00:00,601.4000000000001
2020-07-06 07:00:00,595.7
2020-07-06 08:00:00,592.7
2020-07-06 09:00:00,593.5
2020-07-06 10:00:00,594.9000000000001
2020-07-06 11:00:00,594.7
2020-07-06 14:00:00,600.0
2020-07-06 15:00:00,601.1
2020-07-06 18:00:00,599.6
2020-07-07 05:00:00,596.3000000000001
2020-07-07 07:00:00,595.1
2020-07-07 08:00:00,591.3000000000001
2020-07-07 09:00:00,591.1
2020-07-07 10:00:00,593.1
2020-07-07 11:00:00,593.6
2020-07-07 12:00:00,592.4000000000001
2020-07-07 13:00:00,593.0
2020-07-08 05:00:00,592.7
2020-07-08 07:00:00,594.5
2020-07-08 08:00:00,596.6
2020-07-08 09:00:00,593.3000000000001
2020-07-08 10:00:00,594.7
2020-07-08 11:00:00,594.4000000000001
2020-07-08 14:00:00,595.2
2020-07-08 15:00:00,593.3000000000001
2020-07-08 19:00:00,595.5
2020-07-09 05:00:00,597.6
2020-07-09 07:00:00,603.8000000000001
2020-07-09 08:00:00,605.7
2020-07-09 09:00:00,605.8000000000001
2020-07-09 13:00:00,606.2
2020-07-09 14:00:00,601.4000000000001
2020-07-09 15:00:00,598.0
2020-07-10 05:00:00,602.1
2020-07-10 07:00:00,600.4000000000001
2020-07-10 08:00:00,603.5
2020-07-10 09:00:00,601.9000000000001
2020-07-10 10:00:00,602.6
2020-07-10 13:00:00,604.3000000000001
2020-07-10 14:00:00,602.6
2020-07-10 15:00:00,602.4000000000001
2020-07-13 05:00:00,613.1
2020-07-13 07:00:00,608.6
2020-07-13 08:00:00,607.0
2020-07-13 09:00:00,609.8000000000001
2020-07-13 10:00:00,609.7
2020-07-13 11:00:00,609.8000000000001
2020-07-13 12:00:00,608.1
2020-07-13 13:00:00,608.7
2020-07-13 14:00:00,610.4000000000001
2020-07-13 15:00:00,612.9000000000001
2020-07-13 18:00:00,607.2
2020-07-14 05:00:00,596.2
2020-07-14 07:00:00,594.8000000000001
2020-07-14 08:00:00,592.5
2020-07-14 09:00:00,590.9000000000001
2020-07-14 10:00:00,592.6
2020-07-14 11:00:00,596.5
2020-07-14 12:00:00,596.2
2020-07-14 13:00:00,594.1
2020-07-14 14:00:00,595.2
2020-07-14 15:00:00,596.0
2020-07-15 05:00:00,599.5
2020-07-15 07:00:00,601.0
2020-07-15 08:00:00,602.2
2020-07-15 09:00:00,603.0
2020-07-15 10:00:00,602.3000000000001
2020-07-15 11:00:00,604.7
2020-07-15 12:00:00,604.2
2020-07-15 13:00:00,601.2
2020-07-15 14:00:00,601.8000000000001
2020-07-15 15:00:00,599.2
2020-07-16 05:00:00,594.4000000000001
2020-07-16 07:00:00,596.5
2020-07-16 08:00:00,593.6
2020-07-16 09:00:00,593.3000000000001
2020-07-16 10:00:00,594.1
2020-07-16 11:00:00,594.2
2020-07-16 12:00:00,592.5
2020-07-16 13:00:00,594.8000000000001
2020-07-16 14:00:00,595.0
2020-07-16 15:00:00,594.0
2020-07-16 17:00:00,598.4000000000001
2020-07-17 05:00:00,601.2
2020-07-17 07:00:00,599.7
2020-07-17 08:00:00,600.1
2020-07-17 09:00:00,601.1
2020-07-17 10:00:00,601.5
2020-07-17 11:00:00,601.9000000000001
2020-07-17 12:00:00,600.5
2020-07-17 13:00:00,600.6
2020-07-17 14:00:00,599.6
2020-07-20 05:00:00,613.2
2020-07-20 07:00:00,599.7
2020-07-20 08:00:00,602.8000000000001
2020-07-20 09:00:00,603.5
2020-07-20 10:00:00,602.9000000000001
2020-07-20 13:00:00,607.4000000000001
2020-07-20 14:00:00,612.0
2020-07-20 15:00:00,612.9000000000001
2020-07-21 05:00:00,615.9000000000001
2020-07-21 07:00:00,623.8000000000001
2020-07-21 08:00:00,624.6
2020-07-21 09:00:00,623.3000000000001
2020-07-21 10:00:00,623.6
2020-07-21 13:00:00,620.0
2020-07-21 14:00:00,616.4000000000001
2020-07-21 15:00:00,615.5
2020-07-22 05:00:00,613.6
2020-07-22 07:00:00,611.5
2020-07-22 08:00:00,612.3000000000001
2020-07-22 09:00:00,613.4000000000001
2020-07-22 10:00:00,612.9000000000001
2020-07-22 11:00:00,615.1
2020-07-22 12:00:00,614.5
2020-07-22 13:00:00,613.3000000000001
2020-07-22 14:00:00,613.2
2020-07-22 15:00:00,613.6
2020-07-23 05:00:00,613.4000000000001
2020-07-23 07:00:00,616.9000000000001
2020-07-23 08:00:00,617.4000000000001
2020-07-23 09:00:00,614.9000000000001
2020-07-23 10:00:00,615.7
2020-07-23 12:00:00,611.4000000000001
2020-07-23 13:00:00,613.1
2020-07-23 15:00:00,614.0
2020-07-23 17:00:00,608.3000000000001
2020-07-24 05:00:00,590.6
2020-07-24 07:00:00,588.8000000000001
2020-07-24 08:00:00,588.8000000000001
2020-07-24 09:00:00,593.8000000000001
2020-07-24 10:00:00,593.0
2020-07-24 11:00:00,593.3000000000001
2020-07-24 12:00:00,591.1
2020-07-24 13:00:00,587.0
2020-07-24 14:00:00,591.3000000000001
2020-07-24 15:00:00,590.7
2020-07-24 19:00:00,584.6
2020-07-27 05:00:00,595.7
2020-07-27 07:00:00,591.7
2020-07-27 08:00:00,592.7
2020-07-27 09:00:00,593.8000000000001
2020-07-27 10:00:00,594.2
2020-07-27 11:00:00,593.3000000000001
2020-07-27 12:00:00,593.1
2020-07-27 13:00:00,594.6
2020-07-27 14:00:00,596.6
2020-07-27 15:00:00,595.5
2020-07-28 05:00:00,594.0
2020-07-28 09:00:00,597.2
2020-07-28 10:00:00,594.7
2020-07-28 11:00:00,590.7
2020-07-28 13:00:00,592.9000000000001
2020-07-28 14:00:00,593.0
2020-07-28 15:00:00,594.1
2020-07-29 05:00:00,589.6
2020-07-29 07:00:00,589.7
2020-07-29 08:00:00,592.3000000000001
2020-07-29 09:00:00,591.5
2020-07-29 13:00:00,587.4000000000001
2020-07-29 14:00:00,589.8000000000001
2020-07-29 15:00:00,588.9000000000001
2020-07-30 05:00:00,572.7
2020-07-30 07:00:00,584.2
2020-07-30 09:00:00,580.0
2020-07-30 10:00:00,577.1
2020-07-30 11:00:00,578.2
2020-07-30 12:00:00,577.0
2020-07-30 13:00:00,572.8000000000001
2020-07-30 14:00:00,570.7
2020-07-30 15:00:00,572.2
2020-07-31 05:00:00,579.2
2020-07-31 07:00:00,586.6
2020-07-31 08:00:00,588.1
2020-07-31 09:00:00,586.7
2020-07-31 12:00:00,584.7
2020-07-31 13:00:00,582.9000000000001
2020-07-31 14:00:00,578.3000000000001
2020-07-31 15:00:00,578.0
2020-08-03 05:00:00,593.9000000000001
2020-08-03 07:00:00,580.0
2020-08-03 08:00:00,582.5
2020-08-03 09:00:00,582.8000000000001
2020-08-03 10:00:00,589.0
2020-08-03 11:00:00,588.7
2020-08-03 12:00:00,590.9000000000001
2020-08-03 13:00:00,592.6
2020-08-03 14:00:00,593.0
2020-08-03 15:00:00,594.1
2020-08-04 05:00:00,591.2
2020-08-04 07:00:00,588.4000000000001
2020-08-04 08:00:00,589.4000000000001
2020-08-04 09:00:00,587.9000000000001
2020-08-04 10:00:00,588.1
2020-08-04 12:00:00,590.1
2020-08-04 13:00:00,592.3000000000001
2020-08-04 14:00:00,592.3000000000001
2020-08-04 15:00:00,591.7
2020-08-05 05:00:00,592.6
2020-08-05 08:00:00,596.0
2020-08-05 09:00:00,596.4000000000001
2020-08-05 10:00:00,595.3000000000001
2020-08-05 11:00:00,593.8000000000001
2020-08-05 12:00:00,592.6
2020-08-05 14:00:00,593.0
2020-08-05 15:00:00,592.2
2020-08-06 05:00:00,589.6
2020-08-06 07:00:00,595.3000000000001
2020-08-06 08:00:00,591.0
2020-08-06 09:00:00,590.2
2020-08-06 11:00:00,589.7
2020-08-06 12:00:00,592.0
2020-08-06 13:00:00,590.9000000000001
2020-08-07 05:00:00,592.9000000000001
2020-08-07 07:00:00,586.3000000000001
2020-08-07 08:00:00,589.0
2020-08-07 12:00:00,593.0
2020-08-07 13:00:00,593.1
2020-08-07 14:00:00,594.5
2020-08-07 15:00:00,593.2
2020-08-10 05:00:00,584.6
2020-08-10 07:00:00,589.1
2020-08-10 08:00:00,585.7
2020-08-10 09:00:00,586.9000000000001
2020-08-10 10:00:00,589.2
2020-08-10 11:00:00,588.5
2020-08-10 12:00:00,587.8000000000001
2020-08-10 13:00:00,586.5
2020-08-10 14:00:00,583.3000000000001
2020-08-10 15:00:00,584.6
2020-08-11 05:00:00,595.3000000000001
2020-08-11 07:00:00,591.7
2020-08-11 08:00:00,595.0
2020-08-11 09:00:00,596.7
2020-08-11 10:00:00,596.0
2020-08-11 11:00:00,595.2
2020-08-11 12:00:00,596.0
2020-08-11 13:00:00,593.0
2020-08-11 14:00:00,594.0
2020-08-11 15:00:00,595.2
2020-08-12 05:00:00,601.4000000000001
2020-08-12 07:00:00,593.8000000000001
2020-08-12 08:00:00,593.9000000000001
2020-08-12 09:00:00,593.2
2020-08-12 10:00:00,593.8000000000001
2020-08-12 14:00:00,601.4000000000001
2020-08-12 15:00:00,601.9000000000001
2020-08-13 05:00:00,601.7
2020-08-13 07:00:00,600.8000000000001
2020-08-13 08:00:00,600.9000000000001
2020-08-13 10:00:00,600.8000000000001
2020-08-13 13:00:00,598.8000000000001
2020-08-13 14:00:00,598.5
2020-08-13 15:00:00,601.6
2020-08-14 05:00:00,591.7
2020-08-14 07:00:00,594.8000000000001
2020-08-14 08:00:00,591.0
2020-08-14 09:00:00,590.5
2020-08-14 14:00:00,591.2
2020-08-14 15:00:00,591.0
2020-08-17 05:00:00,596.6
2020-08-17 07:00:00,591.7
2020-08-17 08:00:00,595.2
2020-08-17 11:00:00,595.1
2020-08-17 12:00:00,595.4000000000001
2020-08-17 13:00:00,595.8000000000001
2020-08-17 14:00:00,596.1
2020-08-17 15:00:00,597.0
2020-08-18 05:00:00,591.6
2020-08-18 07:00:00,594.2
2020-08-18 08:00:00,596.0
2020-08-18 09:00:00,598.1
2020-08-18 10:00:00,599.1
2020-08-18 11:00:00,599.1
2020-08-18 12:00:00,597.6
2020-08-18 13:00:00,594.3000000000001
2020-08-18 14:00:00,591.9000000000001
2020-08-18 15:00:00,592.0
2020-08-19 05:00:00,593.6
2020-08-19 07:00:00,593.7
2020-08-19 08:00:00,594.8000000000001
2020-08-19 09:00:00,596.0
2020-08-19 10:00:00,594.8000000000001
2020-08-19 12:00:00,593.8000000000001
2020-08-19 13:00:00,594.3000000000001
2020-08-19 15:00:00,594.0
2020-08-20 05:00:00,588.0
2020-08-20 07:00:00,587.7
2020-08-20 09:00:00,587.2
2020-08-20 11:00:00,587.9000000000001
2020-08-20 12:00:00,588.1
2020-08-20 13:00:00,588.7
2020-08-20 14:00:00,588.5
2020-08-20 15:00:00,588.3000000000001
2020-08-21 05:00:00,590.0
2020-08-21 07:00:00,593.3000000000001
2020-08-21 08:00:00,593.2
2020-08-21 10:00:00,593.5
2020-08-21 11:00:00,587.0
2020-08-21 12:00:00,584.9000000000001
2020-08-21 13:00:00,587.7
2020-08-21 14:00:00,591.6
2020-08-21 15:00:00,590.3000000000001
2020-08-24 05:00:00,601.2
2020-08-24 06:00:00,595.0
2020-08-24 07:00:00,599.8000000000001
2020-08-24 08:00:00,603.2
2020-08-24 09:00:00,602.8000000000001
2020-08-24 10:00:00,602.9000000000001
2020-08-24 11:00:00,604.2
2020-08-24 12:00:00,604.7
2020-08-24 13:00:00,601.9000000000001
2020-08-24 14:00:00,599.4000000000001
2020-08-24 15:00:00,601.4000000000001
2020-08-25 05:00:00,605.2
2020-08-25 07:00:00,605.7
2020-08-25 08:00:00,604.9000000000001
2020-08-25 09:00:00,605.6
2020-08-25 10:00:00,606.6
2020-08-25 11:00:00,606.7
2020-08-25 12:00:00,608.6
2020-08-25 13:00:00,606.8000000000001
2020-08-25 14:00:00,605.0
2020-08-25 15:00:00,605.5
2020-08-26 05:00:00,617.1
2020-08-26 07:00:00,610.0
2020-08-26 08:00:00,611.9000000000001
2020-08-26 09:00:00,611.7
2020-08-26 10:00:00,611.6
2020-08-26 11:00:00,612.7
2020-08-26 12:00:00,612.6
2020-08-26 13:00:00,613.0
2020-08-26 14:00:00,615.0
2020-08-26 15:00:00,617.1
2020-08-26 16:00:00,620.2
2020-08-26 18:00:00,619.2
2020-08-27 05:00:00,613.4000000000001
2020-08-27 06:00:00,620.2
2020-08-27 07:00:00,621.1
2020-08-27 08:00:00,619.2
2020-08-27 09:00:00,617.7
2020-08-27 10:00:00,617.9000000000001
2020-08-27 11:00:00,618.6
2020-08-27 12:00:00,618.3000000000001
2020-08-27 13:00:00,615.7
2020-08-27 14:00:00,614.4000000000001
2020-08-27 15:00:00,613.2
2020-08-28 05:00:00,608.4000000000001
2020-08-28 07:00:00,606.3000000000001
2020-08-28 08:00:00,607.5
2020-08-28 09:00:00,608.1
2020-08-28 10:00:00,606.3000000000001
2020-08-28 11:00:00,607.8000000000001
2020-08-28 12:00:00,608.4000000000001
2020-08-28 13:00:00,609.4000000000001
2020-08-28 14:00:00,607.3000000000001
2020-08-28 15:00:00,608.2
2020-08-28 19:00:00,608.2
2020-08-31 05:00:00,601.3000000000001
2020-08-31 08:00:00,612.0
2020-08-31 09:00:00,610.5
2020-08-31 10:00:00,607.2
2020-08-31 11:00:00,606.8000000000001
2020-08-31 12:00:00,605.0
2020-08-31 13:00:00,602.6
2020-08-31 14:00:00,606.1
2020-08-31 15:00:00,601.4000000000001
2020-09-01 05:00:00,609.1
2020-09-01 07:00:00,612.6
2020-09-01 08:00:00,610.0
2020-09-01 09:00:00,611.1
2020-09-01 10:00:00,613.2
2020-09-01 11:00:00,612.6
2020-09-01 12:00:00,608.9000000000001
2020-09-01 13:00:00,606.7
2020-09-01 14:00:00,610.8000000000001
2020-09-01 15:00:00,609.6
2020-09-01 16:00:00,611.8000000000001
2020-09-02 05:00:00,621.1
2020-09-02 07:00:00,620.8000000000001
2020-09-02 08:00:00,624.3000000000001
2020-09-02 09:00:00,625.7
2020-09-02 10:00:00,625.6
2020-09-02 11:00:00,625.5
2020-09-02 12:00:00,624.0
2020-09-02 13:00:00,620.6
2020-09-02 14:00:00,622.9000000000001
2020-09-02 15:00:00,621.2
2020-09-02 19:00:00,627.1
2020-09-03 05:00:00,598.0
2020-09-03 07:00:00,626.6
2020-09-03 08:00:00,624.9000000000001
2020-09-03 09:00:00,621.4000000000001
2020-09-03 10:00:00,622.1
2020-09-03 11:00:00,622.3000000000001
2020-09-03 12:00:00,620.5
2020-09-03 13:00:00,612.8000000000001
2020-09-03 14:00:00,604.2
2020-09-03 15:00:00,601.7
2020-09-03 16:00:00,598.4000000000001
2020-09-04 05:00:00,582.6
2020-09-04 07:00:00,599.8000000000001
2020-09-04 08:00:00,599.6
2020-09-04 09:00:00,600.4000000000001
2020-09-04 10:00:00,597.2
2020-09-04 11:00:00,590.9000000000001
2020-09-04 12:00:00,596.3000000000001
2020-09-04 13:00:00,589.4000000000001
2020-09-04 14:00:00,584.6
2020-09-04 15:00:00,586.2
2020-09-04 18:00:00,583.3000000000001
2020-09-07 05:00:00,590.1
2020-09-07 07:00:00,588.3000000000001
2020-09-07 08:00:00,589.9000000000001
2020-09-07 09:00:00,589.1
2020-09-07 10:00:00,589.7
2020-09-07 11:00:00,590.4000000000001
2020-09-07 13:00:00,590.8000000000001
2020-09-07 14:00:00,590.5
2020-09-07 15:00:00,589.8000000000001
2020-09-08 05:00:00,579.5
2020-09-08 07:00:00,582.5
2020-09-08 08:00:00,579.7
2020-09-08 09:00:00,577.7
2020-09-08 10:00:00,576.9000000000001
2020-09-08 11:00:00,574.3000000000001
2020-09-08 12:00:00,571.6
2020-09-08 13:00:00,576.1
2020-09-08 14:00:00,579.3000000000001
2020-09-08 15:00:00,577.9000000000001
2020-09-08 18:00:00,577.2
2020-09-09 05:00:00,592.3000000000001
2020-09-09 07:00:00,583.4000000000001
2020-09-09 08:00:00,583.2
2020-09-09 09:00:00,583.9000000000001
2020-09-09 10:00:00,582.4000000000001
2020-09-09 11:00:00,583.1
2020-09-09 12:00:00,584.8000000000001
2020-09-09 13:00:00,587.2
2020-09-09 14:00:00,591.9000000000001
2020-09-09 15:00:00,592.1
2020-09-10 05:00:00,589.6
2020-09-10 07:00:00,589.4000000000001
2020-09-10 08:00:00,590.1
2020-09-10 09:00:00,591.6
2020-09-10 10:00:00,588.3000000000001
2020-09-10 11:00:00,587.4000000000001
2020-09-10 12:00:00,589.8000000000001
2020-09-10 13:00:00,589.9000000000001
2020-09-10 14:00:00,586.7
2020-09-10 15:00:00,589.4000000000001
2020-09-11 05:00:00,589.6
2020-09-11 08:00:00,589.5
2020-09-14 05:00:00,595.1
2020-09-14 11:00:00,593.1
2020-09-14 12:00:00,593.3
2020-09-15 05:00:00,597.0
2020-09-15 07:00:00,592.5
2020-09-15 11:00:00,596.6
2020-09-16 05:00:00,598.4
2020-09-16 07:00:00,600.0
2020-09-16 08:00:00,600.8
2020-09-16 09:00:00,603.1
2020-09-16 10:00:00,602.3
2020-09-16 11:00:00,601.3
2020-09-16 12:00:00,601.5
2020-09-16 13:00:00,599.2
2020-09-16 14:00:00,597.4
2020-09-16 15:00:00,598.3
2020-09-17 05:00:00,593.9
2020-09-17 08:00:00,592.8
2020-09-17 09:00:00,593.0
2020-09-17 10:00:00,593.5
2020-09-17 11:00:00,590.9
2020-09-17 13:00:00,589.5
2020-09-17 14:00:00,592.7
2020-09-17 15:00:00,593.9
2020-09-17 16:00:00,588.6
2020-09-18 05:00:00,595.4
2020-09-18 07:00:00,598.3
2020-09-18 08:00:00,600.0
2020-09-18 09:00:00,599.6
2020-09-18 10:00:00,600.7
2020-09-18 11:00:00,600.0
2020-09-18 12:00:00,601.0
2020-09-18 13:00:00,597.7
2020-09-18 14:00:00,594.0
2020-09-18 15:00:00,595.4
2020-09-21 05:00:00,575.0
2020-09-21 07:00:00,586.8
2020-09-21 08:00:00,579.5
2020-09-21 09:00:00,581.4
2020-09-21 10:00:00,577.8
2020-09-21 11:00:00,577.6
2020-09-21 12:00:00,577.3
2020-09-21 13:00:00,577.9
2020-09-21 14:00:00,575.9
2020-09-21 15:00:00,577.5
2020-09-21 17:00:00,579.2
2020-09-21 18:00:00,582.6
2020-09-22 05:00:00,583.1
2020-09-22 07:00:00,584.0
2020-09-22 08:00:00,584.9
2020-09-22 09:00:00,585.1
2020-09-22 10:00:00,584.0
2020-09-22 11:00:00,579.7
2020-09-22 12:00:00,581.3
2020-09-22 13:00:00,579.8
2020-09-22 14:00:00,582.9
2020-09-22 15:00:00,580.9
2020-09-22 17:00:00,581.3
2020-09-22 18:00:00,585.7
2020-09-23 05:00:00,584.7
2020-09-23 07:00:00,588.0
2020-09-23 08:00:00,588.3
2020-09-23 09:00:00,589.3
2020-09-23 10:00:00,587.7
2020-09-23 11:00:00,587.1
2020-09-23 12:00:00,586.6
2020-09-23 13:00:00,585.6
2020-09-23 14:00:00,586.6
2020-09-23 15:00:00,584.1
2020-09-23 18:00:00,582.5
2020-09-24 05:00:00,579.8
2020-09-24 07:00:00,575.2
2020-09-24 08:00:00,575.0
2020-09-24 09:00:00,576.6
2020-09-24 10:00:00,578.3
2020-09-24 11:00:00,577.3
2020-09-24 12:00:00,576.6
2020-09-24 13:00:00,580.2
2020-09-24 14:00:00,577.7
2020-09-24 15:00:00,580.4
2020-09-24 18:00:00,583.0
2020-09-25 05:00:00,576.3
2020-09-25 07:00:00,577.1
2020-09-25 08:00:00,575.9
2020-09-25 09:00:00,572.9
2020-09-25 10:00:00,566.1
2020-09-25 11:00:00,570.3
2020-09-25 12:00:00,572.8
2020-09-25 13:00:00,572.1
2020-09-25 14:00:00,574.7
2020-09-25 15:00:00,575.2
2020-09-25 18:00:00,578.1
2020-09-28 05:00:00,591.7
2020-09-28 07:00:00,584.9
2020-09-28 08:00:00,585.0
2020-09-28 09:00:00,586.9
2020-09-28 10:00:00,586.9
2020-09-28 11:00:00,588.9
2020-09-28 12:00:00,589.6
2020-09-28 13:00:00,589.4
2020-09-28 14:00:00,590.3
2020-09-28 15:00:00,592.0
2020-09-29 05:00:00,591.7
2020-09-29 07:00:00,589.6
2020-09-29 08:00:00,590.8
2020-09-29 09:00:00,589.9
2020-09-29 11:00:00,590.3
2020-09-29 12:00:00,592.0
2020-09-29 13:00:00,592.7
2020-09-29 14:00:00,592.1
2020-09-29 15:00:00,591.8
2020-09-29 18:00:00,592.1
2020-09-30 05:00:00,590.2
2020-09-30 07:00:00,587.2
2020-09-30 08:00:00,587.2
2020-09-30 09:00:00,585.7
2020-09-30 10:00:00,586.0
2020-09-30 11:00:00,587.3
2020-09-30 12:00:00,589.4
2020-09-30 13:00:00,592.5
2020-09-30 14:00:00,591.3
2020-09-30 15:00:00,588.8
2020-09-30 16:00:00,590.2
2020-09-30 19:00:00,589.3
2020-10-01 05:00:00,596.7
2020-10-01 07:00:00,596.7
2020-10-01 08:00:00,593.2
2020-10-01 09:00:00,598.7
2020-10-01 10:00:00,597.1
2020-10-01 11:00:00,596.7
2020-10-01 12:00:00,596.0
2020-10-01 13:00:00,595.2
2020-10-01 14:00:00,597.2
2020-10-01 15:00:00,597.9
2020-10-01 18:00:00,597.7
2020-10-01 19:00:00,598.5
2020-10-02 05:00:00,593.3
2020-10-02 07:00:00,594.7
2020-10-02 08:00:00,594.6
2020-10-02 09:00:00,591.8
2020-10-02 10:00:00,592.0
2020-10-02 11:00:00,591.4
2020-10-02 12:00:00,590.6
2020-10-02 13:00:00,592.7
2020-10-02 14:00:00,592.6
2020-10-02 15:00:00,591.6
2020-10-05 05:00:00,597.9
2020-10-05 07:00:00,593.6
2020-10-05 08:00:00,595.5
2020-10-05 10:00:00,594.6
2020-10-05 13:00:00,596.4
2020-10-05 14:00:00,597.9
2020-10-05 15:00:00,595.9
2020-10-05 18:00:00,598.0
2020-10-06 05:00:00,593.5
2020-10-06 07:00:00,593.4
2020-10-06 08:00:00,591.9
2020-10-06 11:00:00,594.6
2020-10-06 12:00:00,593.4
2020-10-06 13:00:00,593.6
2020-10-06 14:00:00,594.6
2020-10-06 15:00:00,593.4
2020-10-06 16:00:00,591.9
2020-10-06 18:00:00,591.1
2020-10-07 05:00:00,590.9
2020-10-07 07:00:00,594.1
2020-10-07 08:00:00,592.2
2020-10-07 09:00:00,590.4
2020-10-07 10:00:00,590.6
2020-10-07 11:00:00,589.6
2020-10-07 12:00:00,590.9
2020-10-07 13:00:00,590.9
2020-10-07 14:00:00,589.2
2020-10-07 15:00:00,589.3
2020-10-08 05:00:00,599.8
2020-10-08 07:00:00,596.4
2020-10-08 08:00:00,594.0
2020-10-08 09:00:00,593.7
2020-10-08 10:00:00,595.4
2020-10-08 11:00:00,595.9
2020-10-08 14:00:00,599.4
2020-10-08 15:00:00,599.8
2020-10-08 19:00:00,598.4
2020-10-09 05:00:00,607.4
2020-10-09 07:00:00,600.7
2020-10-09 08:00:00,600.9
2020-10-09 09:00:00,601.2
2020-10-09 11:00:00,605.0
2020-10-09 13:00:00,607.4
2020-10-09 14:00:00,607.3
2020-10-09 15:00:00,605.6
2020-10-09 16:00:00,608.9
2020-10-12 05:00:00,616.1
2020-10-12 07:00:00,609.5
2020-10-12 08:00:00,612.4
2020-10-12 09:00:00,611.6
2020-10-12 10:00:00,613.2
2020-10-12 11:00:00,614.2
2020-10-12 13:00:00,614.1
2020-10-12 14:00:00,614.9
2020-10-12 15:00:00,616.2
2020-10-13 05:00:00,614.9
2020-10-13 07:00:00,615.0
2020-10-13 08:00:00,616.0
2020-10-13 09:00:00,616.5
2020-10-13 10:00:00,617.4
2020-10-13 11:00:00,617.7
2020-10-13 12:00:00,613.7
2020-10-13 13:00:00,612.9
2020-10-13 14:00:00,614.3
2020-10-13 15:00:00,614.9
2020-10-14 05:00:00,616.6
2020-10-14 07:00:00,617.9
2020-10-14 08:00:00,618.9
2020-10-14 09:00:00,618.1
2020-10-14 10:00:00,617.7
2020-10-14 11:00:00,617.6
2020-10-14 12:00:00,618.5
2020-10-14 13:00:00,619.0
2020-10-14 14:00:00,616.7
2020-10-14 15:00:00,616.6
2020-10-15 05:00:00,602.2
2020-10-15 06:00:00,610.5
2020-10-15 07:00:00,603.9
2020-10-15 08:00:00,600.5
2020-10-15 09:00:00,601.3
2020-10-15 10:00:00,603.1
2020-10-15 11:00:00,603.9
2020-10-15 12:00:00,600.9
2020-10-15 13:00:00,602.1
2020-10-15 14:00:00,602.7
2020-10-15 15:00:00,602.2
2020-10-15 16:00:00,602.4
2020-10-16 05:00:00,609.4
2020-10-16 07:00:00,607.1
2020-10-16 08:00:00,606.9
2020-10-16 09:00:00,607.9
2020-10-16 10:00:00,608.8
2020-10-16 11:00:00,608.9
2020-10-16 12:00:00,610.9
2020-10-16 13:00:00,611.8
2020-10-16 14:00:00,611.2
2020-10-16 15:00:00,609.0
2020-10-19 05:00:00,607.9
2020-10-19 07:00:00,613.8
2020-10-19 08:00:00,611.1
2020-10-19 10:00:00,610.7
2020-10-19 12:00:00,610.0
2020-10-19 13:00:00,610.4
2020-10-19 14:00:00,608.5
2020-10-19 15:00:00,608.9
2020-10-19 17:00:00,606.2
2020-10-19 19:00:00,603.3
2020-10-20 05:00:00,601.0
2020-10-20 07:00:00,607.6
2020-10-20 08:00:00,606.9
2020-10-20 09:00:00,605.8
2020-10-20 10:00:00,605.3
2020-10-20 11:00:00,603.8
2020-10-20 12:00:00,602.0
2020-10-20 13:00:00,604.2
2020-10-20 14:00:00,601.6
2020-10-20 15:00:00,600.4
2020-10-20 17:00:00,600.8
2020-10-20 19:00:00,599.9
2020-10-21 05:00:00,591.4
2020-10-21 07:00:00,596.5
2020-10-21 08:00:00,592.2
2020-10-21 09:00:00,595.1
2020-10-21 10:00:00,595.6
2020-10-21 11:00:00,594.6
2020-10-21 12:00:00,594.8
2020-10-21 13:00:00,597.7
2020-10-21 14:00:00,594.6
2020-10-21 15:00:00,591.4
2020-10-22 05:00:00,585.1
2020-10-22 07:00:00,583.6
2020-10-22 08:00:00,585.7
2020-10-22 09:00:00,587.2
2020-10-22 10:00:00,589.4
2020-10-22 11:00:00,589.9
2020-10-22 12:00:00,587.6
2020-10-22 13:00:00,586.6
2020-10-22 14:00:00,583.5
2020-10-22 15:00:00,587.1
2020-10-22 16:00:00,582.9
2020-10-22 18:00:00,586.8
2020-10-23 05:00:00,582.6
2020-10-23 07:00:00,586.2
2020-10-23 08:00:00,583.5
2020-10-23 09:00:00,583.2
2020-10-23 10:00:00,583.9
2020-10-23 11:00:00,586.1
2020-10-23 12:00:00,585.6
2020-10-23 13:00:00,583.7
2020-10-23 14:00:00,583.4
2020-10-23 15:00:00,583.0
2020-10-23 18:00:00,583.1
2020-10-26 05:00:00,541.9
2020-10-26 08:00:00,555.3
2020-10-26 09:00:00,553.6
2020-10-26 10:00:00,551.2
2020-10-26 11:00:00,550.5
2020-10-26 12:00:00,548.7
2020-10-26 13:00:00,551.5
2020-10-26 14:00:00,545.1
2020-10-26 15:00:00,541.1
2020-10-26 16:00:00,541.8
2020-10-26 17:00:00,536.5
2020-10-26 18:00:00,538.9
2020-10-26 19:00:00,538.9
2020-10-27 05:00:00,540.4
2020-10-27 08:00:00,547.3
2020-10-27 09:00:00,542.6
2020-10-27 10:00:00,547.6
2020-10-27 11:00:00,547.0
2020-10-27 12:00:00,546.0
2020-10-27 13:00:00,545.6
2020-10-27 14:00:00,542.0
2020-10-27 15:00:00,541.6
2020-10-27 16:00:00,539.2
2020-10-28 05:00:00,522.1
2020-10-28 08:00:00,530.8
2020-10-28 09:00:00,528.6999999999999
2020-10-28 10:00:00,528.6999999999999
2020-10-28 11:00:00,527.6999999999999
2020-10-28 12:00:00,525.3000000000001
2020-10-28 13:00:00,525.1999999999999
2020-10-28 14:00:00,522.6
2020-10-28 15:00:00,523.8
2020-10-28 16:00:00,521.8
2020-10-29 05:00:00,528.1
2020-10-29 08:00:00,528.6
2020-10-29 09:00:00,528.6
2020-10-29 10:00:00,529.1
2020-10-29 11:00:00,523.4
2020-10-29 12:00:00,524.5
2020-10-29 13:00:00,525.9
2020-10-29 14:00:00,527.5
2020-10-29 15:00:00,528.6
2020-10-29 16:00:00,527.6
2020-10-30 05:00:00,526.9
2020-10-30 08:00:00,526.1999999999999
2020-10-30 09:00:00,528.8000000000001
2020-10-30 10:00:00,530.1999999999999
2020-10-30 11:00:00,530.5
2020-10-30 12:00:00,529.9
2020-10-30 13:00:00,527.3000000000001
2020-10-30 14:00:00,523.9
2020-10-30 15:00:00,525.3000000000001
2020-10-30 16:00:00,527.1999999999999
2020-10-30 20:00:00,526.1999999999999
2020-11-02 06:00:00,527.6999999999999
2020-11-02 08:00:00,528.1
2020-11-02 09:00:00,530.8
2020-11-02 10:00:00,530.0
2020-11-02 11:00:00,530.4
2020-11-02 12:00:00,529.8000000000001
2020-11-02 13:00:00,529.1999999999999
2020-11-02 14:00:00,531.5
2020-11-02 15:00:00,529.5
2020-11-02 16:00:00,527.1
2020-11-02 18:00:00,527.4
2020-11-03 06:00:00,538.6
2020-11-03 08:00:00,534.4
2020-11-03 09:00:00,534.4
2020-11-03 10:00:00,535.1
2020-11-03 11:00:00,535.9
2020-11-03 12:00:00,535.7
2020-11-03 13:00:00,535.0
2020-11-03 14:00:00,537.0
2020-11-03 15:00:00,539.4
2020-11-03 16:00:00,538.3
2020-11-03 20:00:00,540.1
2020-11-04 06:00:00,552.9
2020-11-04 08:00:00,540.6
2020-11-04 09:00:00,544.0
2020-11-04 10:00:00,542.1
2020-11-04 11:00:00,544.2
2020-11-04 12:00:00,546.4
2020-11-04 13:00:00,548.1
2020-11-04 14:00:00,547.2
2020-11-04 15:00:00,553.7
2020-11-04 16:00:00,553.8
2020-11-04 17:00:00,556.0
2020-11-05 06:00:00,568.9
2020-11-05 08:00:00,567.2
2020-11-05 09:00:00,567.9
2020-11-05 10:00:00,570.0
2020-11-05 11:00:00,569.9
2020-11-05 12:00:00,569.2
2020-11-05 13:00:00,568.2
2020-11-05 14:00:00,568.5
2020-11-05 15:00:00,569.7
2020-11-05 16:00:00,568.6
2020-11-06 06:00:00,568.9
2020-11-06 08:00:00,563.2
2020-11-06 09:00:00,560.8
2020-11-06 10:00:00,565.1
2020-11-06 11:00:00,566.2
2020-11-06 12:00:00,564.5
2020-11-06 13:00:00,568.6
2020-11-06 14:00:00,567.7
2020-11-06 15:00:00,568.2
2020-11-06 16:00:00,569.2
2020-11-09 06:00:00,580.2
2020-11-09 08:00:00,582.8
2020-11-09 09:00:00,581.0
2020-11-09 10:00:00,580.8
2020-11-09 11:00:00,587.3
2020-11-09 12:00:00,581.1
2020-11-09 13:00:00,582.9
2020-11-09 14:00:00,578.5
2020-11-09 15:00:00,578.7
2020-11-09 16:00:00,580.4
2020-11-09 20:00:00,580.9
2020-11-10 06:00:00,567.9
2020-11-10 08:00:00,568.3
2020-11-10 09:00:00,569.7
2020-11-10 10:00:00,570.0
2020-11-10 11:00:00,571.7
2020-11-10 12:00:00,572.3
2020-11-10 13:00:00,573.9
2020-11-10 14:00:00,572.2
2020-11-10 15:00:00,567.3
2020-11-10 16:00:00,567.2
2020-11-11 06:00:00,578.7
2020-11-11 08:00:00,570.3
2020-11-11 09:00:00,570.6
2020-11-11 10:00:00,570.0
2020-11-11 11:00:00,572.3
2020-11-11 12:00:00,572.3
2020-11-11 13:00:00,574.0
2020-11-11 14:00:00,574.7
2020-11-11 15:00:00,575.4
2020-11-11 16:00:00,579.0
2020-11-11 18:00:00,578.2
2020-11-12 06:00:00,576.2
2020-11-12 08:00:00,578.0
2020-11-12 09:00:00,580.7
2020-11-12 10:00:00,580.6
2020-11-12 11:00:00,577.8
2020-11-12 12:00:00,577.8
2020-11-12 13:00:00,578.0
2020-11-12 14:00:00,578.4
2020-11-12 15:00:00,576.4
2020-11-12 16:00:00,576.6
2020-11-12 19:00:00,571.2
2020-11-13 06:00:00,578.1
2020-11-13 08:00:00,577.0
2020-11-13 09:00:00,579.9
2020-11-13 10:00:00,581.3
2020-11-13 11:00:00,580.0
2020-11-13 12:00:00,579.8
2020-11-13 13:00:00,579.6
2020-11-13 14:00:00,579.1
2020-11-13 15:00:00,577.2
2020-11-13 16:00:00,576.4
2020-11-16 06:00:00,579.7
2020-11-16 08:00:00,577.9
2020-11-16 09:00:00,578.8
2020-11-16 10:00:00,579.2
2020-11-16 11:00:00,582.8
2020-11-16 12:00:00,580.3
2020-11-16 13:00:00,579.8
2020-11-16 14:00:00,580.9
2020-11-16 15:00:00,581.5
2020-11-16 16:00:00,579.5
2020-11-16 18:00:00,575.7
2020-11-17 06:00:00,575.4
2020-11-17 08:00:00,579.0
2020-11-17 09:00:00,578.8
2020-11-17 10:00:00,578.9
2020-11-17 11:00:00,576.8
2020-11-17 12:00:00,576.8
2020-11-17 14:00:00,575.4
2020-11-17 15:00:00,576.7
2020-11-17 16:00:00,575.0
2020-11-18 06:00:00,581.1
2020-11-18 08:00:00,575.6
2020-11-18 09:00:00,578.0
2020-11-18 10:00:00,579.1
2020-11-18 11:00:00,579.9
2020-11-18 13:00:00,579.9
2020-11-18 14:00:00,578.1
2020-11-18 15:00:00,581.0
2020-11-18 16:00:00,581.1
2020-11-18 19:00:00,580.9
2020-11-19 06:00:00,579.7
2020-11-19 08:00:00,576.7
2020-11-19 09:00:00,576.3
2020-11-19 10:00:00,576.2
2020-11-19 11:00:00,576.5
2020-11-19 12:00:00,578.1
2020-11-19 13:00:00,577.9
2020-11-19 14:00:00,579.5
2020-11-19 15:00:00,580.7
2020-11-19 16:00:00,579.5
2020-11-20 06:00:00,583.4
2020-11-20 08:00:00,579.8
2020-11-20 09:00:00,580.1
2020-11-20 10:00:00,581.5
2020-11-20 11:00:00,580.2
2020-11-20 12:00:00,580.3
2020-11-20 13:00:00,580.0
2020-11-20 14:00:00,581.0
2020-11-20 15:00:00,583.0
2020-11-20 16:00:00,583.6
2020-11-23 06:00:00,581.5
2020-11-23 08:00:00,588.1
2020-11-23 09:00:00,585.7
2020-11-23 10:00:00,585.5
2020-11-23 11:00:00,583.8
2020-11-23 12:00:00,584.7
2020-11-23 13:00:00,585.1
2020-11-23 14:00:00,584.2
2020-11-23 15:00:00,583.7
2020-11-23 16:00:00,581.5
2020-11-24 06:00:00,582.0
2020-11-24 08:00:00,582.8
2020-11-24 09:00:00,583.6
2020-11-24 10:00:00,582.3
2020-11-24 12:00:00,583.6
2020-11-24 13:00:00,582.8
2020-11-24 14:00:00,582.6
2020-11-24 15:00:00,583.1
2020-11-24 16:00:00,582.1
2020-11-25 06:00:00,585.0
2020-11-25 08:00:00,583.3
2020-11-25 09:00:00,581.9
2020-11-25 10:00:00,581.8
2020-11-25 11:00:00,583.3
2020-11-25 12:00:00,584.6
2020-11-25 13:00:00,583.9
2020-11-25 14:00:00,584.5
2020-11-25 15:00:00,585.1
2020-11-25 16:00:00,585.3
2020-11-26 06:00:00,589.7
2020-11-26 08:00:00,590.1
2020-11-26 09:00:00,590.5
2020-11-26 10:00:00,590.0
2020-11-26 11:00:00,589.0
2020-11-26 13:00:00,589.2
2020-11-26 14:00:00,590.1
2020-11-26 15:00:00,590.5
2020-11-26 16:00:00,589.8
2020-11-27 06:00:00,597.0
2020-11-27 08:00:00,592.9
2020-11-27 09:00:00,593.0
2020-11-27 10:00:00,592.1
2020-11-27 11:00:00,593.0
2020-11-27 12:00:00,593.0
2020-11-27 13:00:00,592.3
2020-11-27 14:00:00,594.6
2020-11-27 15:00:00,596.6
2020-11-27 16:00:00,596.2
2020-11-30 06:00:00,595.8
2020-11-30 08:00:00,598.5
2020-11-30 09:00:00,600.6
2020-11-30 10:00:00,601.7
2020-11-30 11:00:00,598.7
2020-11-30 12:00:00,599.8
2020-11-30 13:00:00,600.8
2020-11-30 14:00:00,598.3
2020-11-30 15:00:00,596.8
2020-11-30 16:00:00,592.8
2020-12-01 06:00:00,600.6
2020-12-01 08:00:00,598.8
2020-12-01 09:00:00,599.4
2020-12-01 10:00:00,600.4
2020-12-01 11:00:00,601.1
2020-12-01 12:00:00,601.7
2020-12-01 13:00:00,601.6
2020-12-01 14:00:00,599.8
2020-12-01 15:00:00,599.6
2020-12-01 16:00:00,599.6
2020-12-02 06:00:00,594.9
2020-12-02 08:00:00,598.2
2020-12-02 09:00:00,598.0
2020-12-02 10:00:00,596.9
2020-12-02 11:00:00,597.8
2020-12-02 13:00:00,594.3
2020-12-02 14:00:00,594.3
2020-12-02 15:00:00,595.2
2020-12-02 16:00:00,594.9
2020-12-03 06:00:00,597.3
2020-12-03 08:00:00,599.2
2020-12-03 09:00:00,596.3
2020-12-03 10:00:00,596.3
2020-12-03 11:00:00,597.1
2020-12-03 12:00:00,599.0
2020-12-03 13:00:00,597.0
2020-12-03 14:00:00,597.9
2020-12-03 15:00:00,597.7
2020-12-03 16:00:00,596.5
2020-12-04 06:00:00,602.1
2020-12-04 08:00:00,598.9
2020-12-04 09:00:00,601.4
2020-12-04 10:00:00,599.9
2020-12-04 11:00:00,599.3
2020-12-04 12:00:00,599.5
2020-12-04 13:00:00,600.0
2020-12-04 14:00:00,599.8
2020-12-04 15:00:00,601.4
2020-12-04 16:00:00,602.8
2020-12-07 06:00:00,605.7
2020-12-07 08:00:00,600.6
2020-12-07 09:00:00,600.8
2020-12-07 10:00:00,600.9
2020-12-07 11:00:00,602.8
2020-12-07 12:00:00,600.4
2020-12-07 13:00:00,600.5
2020-12-07 14:00:00,603.2
2020-12-07 15:00:00,604.3
2020-12-07 16:00:00,605.3
2020-12-08 06:00:00,603.8
2020-12-08 08:00:00,604.7
2020-12-08 09:00:00,605.0
2020-12-08 10:00:00,604.3
2020-12-08 11:00:00,602.8
2020-12-08 12:00:00,602.5
2020-12-08 13:00:00,602.7
2020-12-08 14:00:00,603.1
2020-12-08 15:00:00,604.3
2020-12-08 16:00:00,603.5
2020-12-09 06:00:00,602.9
2020-12-09 08:00:00,601.9
2020-12-09 09:00:00,599.9
2020-12-09 10:00:00,603.2
2020-12-09 11:00:00,603.2
2020-12-09 12:00:00,603.6
2020-12-09 13:00:00,603.3
2020-12-09 14:00:00,604.4
2020-12-09 15:00:00,602.7
2020-12-09 16:00:00,602.5
2020-12-09 17:00:00,600.1
2020-12-09 18:00:00,596.3
2020-12-09 19:00:00,597.1
2020-12-10 06:00:00,594.7
2020-12-10 08:00:00,598.9
2020-12-10 09:00:00,598.0
2020-12-10 10:00:00,597.7
2020-12-10 11:00:00,596.9
2020-12-10 12:00:00,593.6
2020-12-10 13:00:00,589.8
2020-12-10 14:00:00,591.9
2020-12-10 15:00:00,593.8
2020-12-10 16:00:00,594.3
2020-12-11 06:00:00,590.9
2020-12-11 10:00:00,590.6999999999999
2020-12-11 12:00:00,590.4999999999999
2020-12-14 06:00:00,593.4999999999999
2020-12-14 10:00:00,590.5999999999999
2020-12-14 13:00:00,590.0999999999999
2020-12-14 15:00:00,592.1999999999999
2020-12-15 06:00:00,599.5999999999999
2020-12-15 08:00:00,595.8
2020-12-15 09:00:00,595.9
2020-12-15 10:00:00,595.4
2020-12-15 11:00:00,595.1999999999999
2020-12-15 12:00:00,596.3
2020-12-15 13:00:00,597.5999999999999
2020-12-15 14:00:00,597.3
2020-12-15 15:00:00,599.5999999999999
2020-12-15 16:00:00,599.4
2020-12-16 06:00:00,604.8
2020-12-16 08:00:00,604.4999999999999
2020-12-16 09:00:00,604.5999999999999
2020-12-16 10:00:00,604.4
2020-12-16 11:00:00,603.8
2020-12-16 12:00:00,603.5999999999999
2020-12-16 13:00:00,602.4999999999999
2020-12-16 14:00:00,601.8
2020-12-16 15:00:00,604.4999999999999
2020-12-16 16:00:00,604.8
2020-12-17 06:00:00,613.0999999999999
2020-12-17 08:00:00,608.9999999999999
2020-12-17 11:00:00,611.3
2020-12-17 12:00:00,610.9999999999999
2020-12-17 13:00:00,611.8
2020-12-17 14:00:00,614.1999999999999
2020-12-17 15:00:00,613.6999999999999
2020-12-17 16:00:00,612.8
2020-12-18 06:00:00,610.6999999999999
2020-12-18 08:00:00,612.9
2020-12-18 09:00:00,612.6999999999999
2020-12-18 10:00:00,614.3
2020-12-18 11:00:00,613.9999999999999
2020-12-18 12:00:00,613.1999999999999
2020-12-18 13:00:00,611.9
2020-12-18 14:00:00,610.9
2020-12-18 15:00:00,610.8
2020-12-18 16:00:00,610.1999999999999
2020-12-21 06:00:00,599.9999999999999
2020-12-21 08:00:00,602.0999999999999
2020-12-21 09:00:00,600.4
2020-12-21 10:00:00,594.4
2020-12-21 11:00:00,595.6999999999999
2020-12-21 12:00:00,597.6999999999999
2020-12-21 13:00:00,596.8
2020-12-21 14:00:00,598.0999999999999
2020-12-21 15:00:00,598.4999999999999
2020-12-21 16:00:00,599.6999999999999
2020-12-22 06:00:00,613.4999999999999
2020-12-22 08:00:00,608.8
2020-12-22 09:00:00,608.4
2020-12-22 10:00:00,608.1999999999999
2020-12-22 11:00:00,609.0999999999999
2020-12-22 12:00:00,608.9999999999999
2020-12-22 13:00:00,608.5999999999999
2020-12-22 14:00:00,609.1999999999999
2020-12-22 15:00:00,612.8
2020-12-22 16:00:00,613.1999999999999
2020-12-23 06:00:00,615.8
2020-12-23 08:00:00,614.8
2020-12-23 09:00:00,614.9999999999999
2020-12-23 10:00:00,615.4
2020-12-23 11:00:00,614.4999999999999
2020-12-23 12:00:00,615.5999999999999
2020-12-23 13:00:00,616.8
2020-12-23 14:00:00,615.3
2020-12-23 15:00:00,613.9999999999999
2020-12-23 16:00:00,615.5999999999999
2020-12-28 06:00:00,621.4
2020-12-28 08:00:00,621.9
2020-12-28 09:00:00,621.5999999999999
2020-12-28 10:00:00,622.0999999999999
2020-12-28 11:00:00,623.0999999999999
2020-12-28 12:00:00,623.0999999999999
2020-12-28 13:00:00,623.0999999999999
2020-12-28 14:00:00,622.9
2020-12-28 15:00:00,620.4
2020-12-28 16:00:00,622.4999999999999
2020-12-29 06:00:00,624.5999999999999
2020-12-29 08:00:00,627.5999999999999
2020-12-29 09:00:00,627.4
2020-12-29 10:00:00,627.5999999999999
2020-12-29 11:00:00,627.8
2020-12-29 12:00:00,626.3
2020-12-29 13:00:00,626.4999999999999
2020-12-29 14:00:00,624.4
2020-12-29 15:00:00,624.0999999999999
2020-12-29 16:00:00,624.3
2020-12-30 06:00:00,624.9999999999999
2020-12-30 08:00:00,626.4999999999999
2020-12-30 09:00:00,626.9
2020-12-30 10:00:00,627.4999999999999
2020-12-30 12:00:00,626.9
2020-12-30 15:00:00,626.6999999999999
2020-12-30 16:00:00,626.9999999999999
2021-01-04 06:00:00,631.4999999999999
2021-01-04 08:00:00,633.4999999999999
2021-01-04 09:00:00,635.1999999999999
2021-01-04 10:00:00,636.1999999999999
2021-01-04 11:00:00,634.9999999999999
2021-01-04 12:00:00,634.8
2021-01-04 13:00:00,633.5999999999999
2021-01-04 14:00:00,634.6999999999999
2021-01-04 15:00:00,631.0999999999999
2021-01-04 16:00:00,631.4999999999999
2021-01-05 06:00:00,630.0999999999999
2021-01-05 08:00:00,632.9999999999999
2021-01-05 09:00:00,633.9999999999999
2021-01-05 10:00:00,632.4
2021-01-05 11:00:00,631.1999999999999
2021-01-05 12:00:00,629.5999999999999
2021-01-05 13:00:00,627.8
2021-01-05 14:00:00,631.9999999999999
2021-01-05 15:00:00,629.8
2021-01-05 16:00:00,629.9999999999999
2021-01-06 06:00:00,630.0999999999999
2021-01-06 08:00:00,626.9999999999999
2021-01-06 09:00:00,627.8
2021-01-06 10:00:00,627.8
2021-01-06 11:00:00,626.0999999999999
2021-01-06 12:00:00,626.4999999999999
2021-01-06 13:00:00,623.4
2021-01-06 14:00:00,627.3
2021-01-06 15:00:00,629.9999999999999
2021-01-06 16:00:00,631.9999999999999
2021-01-07 06:00:00,623.4
2021-01-07 08:00:00,623.4
2021-01-07 09:00:00,622.4
2021-01-07 10:00:00,622.9
2021-01-07 11:00:00,620.0999999999999
2021-01-07 12:00:00,621.3
2021-01-07 13:00:00,620.4
2021-01-07 14:00:00,623.8
2021-01-07 15:00:00,623.8
2021-01-07 16:00:00,623.6999999999999
2021-01-08 06:00:00,636.4999999999999
2021-01-08 08:00:00,638.4999999999999
2021-01-08 09:00:00,637.1999999999999
2021-01-08 10:00:00,635.6999999999999
2021-01-08 11:00:00,636.9
2021-01-08 12:00:00,638.9999999999999
2021-01-08 13:00:00,638.4999999999999
2021-01-08 14:00:00,639.5999999999999
2021-01-08 15:00:00,637.0999999999999
2021-01-08 16:00:00,637.9
2021-01-11 06:00:00,634.4999999999999
2021-01-11 08:00:00,636.4999999999999
2021-01-11 09:00:00,637.9
2021-01-11 10:00:00,638.5999999999999
2021-01-11 11:00:00,638.4
2021-01-11 12:00:00,637.4
2021-01-11 13:00:00,633.4999999999999
2021-01-11 14:00:00,634.6999999999999
2021-01-11 15:00:00,635.1999999999999
2021-01-11 16:00:00,634.8
2021-01-12 06:00:00,638.4
2021-01-12 08:00:00,636.6999999999999
2021-01-12 09:00:00,637.0999999999999
2021-01-12 10:00:00,637.0999999999999
2021-01-12 11:00:00,636.4999999999999
2021-01-12 12:00:00,636.4
2021-01-12 13:00:00,635.3
2021-01-12 14:00:00,635.4999999999999
2021-01-12 15:00:00,637.6999999999999
2021-01-12 17:00:00,636.4
2021-01-13 06:00:00,640.9999999999999
2021-01-13 08:00:00,635.9999999999999
2021-01-13 09:00:00,636.5999999999999
2021-01-13 10:00:00,636.0999999999999
2021-01-13 11:00:00,637.3
2021-01-13 12:00:00,635.9999999999999
2021-01-13 13:00:00,637.9
2021-01-13 14:00:00,638.4
2021-01-13 15:00:00,641.6999999999999
2021-01-13 16:00:00,639.9999999999999
2021-01-14 06:00:00,651.3
2021-01-14 08:00:00,648.6999999999999
2021-01-14 09:00:00,646.1999999999999
2021-01-14 10:00:00,644.6999999999999
2021-01-14 11:00:00,647.6999999999999
2021-01-14 12:00:00,647.5999999999999
2021-01-14 13:00:00,647.5999999999999
2021-01-14 14:00:00,651.3
2021-01-14 15:00:00,650.5999999999999
2021-01-14 16:00:00,652.1999999999999
2021-01-15 06:00:00,642.0999999999999
2021-01-15 08:00:00,650.0999999999999
2021-01-15 09:00:00,649.9
2021-01-15 10:00:00,648.5999999999999
2021-01-15 11:00:00,645.9
2021-01-15 12:00:00,643.6999999999999
2021-01-15 13:00:00,644.9
2021-01-15 14:00:00,646.4
2021-01-15 15:00:00,641.3
2021-01-15 16:00:00,642.1999999999999
2021-01-18 06:00:00,645.3
2021-01-18 08:00:00,646.1999999999999
2021-01-18 09:00:00,645.9999999999999
2021-01-18 10:00:00,645.3
2021-01-18 12:00:00,645.5999999999999
2021-01-18 13:00:00,645.9999999999999
2021-01-18 14:00:00,645.9999999999999
2021-01-18 15:00:00,644.9
2021-01-18 16:00:00,644.8
2021-01-19 06:00:00,647.9999999999999
2021-01-19 08:00:00,647.3
2021-01-19 09:00:00,647.6999999999999
2021-01-19 10:00:00,649.6999999999999
2021-01-19 12:00:00,648.3
2021-01-19 14:00:00,645.9999999999999
2021-01-19 15:00:00,648.9
2021-01-19 16:00:00,648.0999999999999
2021-01-20 06:00:00,658.3
2021-01-20 08:00:00,659.9999999999999
2021-01-20 09:00:00,656.6999999999999
2021-01-20 10:00:00,658.4
2021-01-20 14:00:00,660.8
2021-01-20 15:00:00,660.5999999999999
2021-01-20 16:00:00,658.4999999999999
2021-01-20 20:00:00,659.0999999999999
2021-01-21 06:00:00,669.6999999999999
2021-01-21 08:00:00,666.1999999999999
2021-01-21 09:00:00,669.6999999999999
2021-01-21 10:00:00,669.9999999999999
2021-01-21 12:00:00,670.8
2021-01-21 13:00:00,668.5999999999999
2021-01-21 14:00:00,667.0999999999999
2021-01-21 15:00:00,668.4
2021-01-21 16:00:00,670.0999999999999
2021-01-22 06:00:00,664.0999999999999
2021-01-22 08:00:00,662.4
2021-01-22 09:00:00,659.9999999999999
2021-01-22 10:00:00,659.4
2021-01-22 11:00:00,659.6999999999999
2021-01-22 13:00:00,661.1999999999999
2021-01-22 14:00:00,663.5999999999999
2021-01-22 15:00:00,664.0999999999999
2021-01-22 16:00:00,663.9
2021-01-25 06:00:00,660.9999999999999
2021-01-25 07:00:00,668.6999999999999
2021-01-25 08:00:00,671.5999999999999
2021-01-25 09:00:00,669.1999999999999
2021-01-25 10:00:00,669.1999999999999
2021-01-25 11:00:00,667.9
2021-01-25 12:00:00,663.8
2021-01-25 13:00:00,663.5999999999999
2021-01-25 14:00:00,665.9
2021-01-25 15:00:00,661.1999999999999
2021-01-25 16:00:00,660.3
2021-01-26 06:00:00,664.3
2021-01-26 08:00:00,664.3
2021-01-26 09:00:00,665.5999999999999
2021-01-26 10:00:00,664.0999999999999
2021-01-26 11:00:00,664.0999999999999
2021-01-26 12:00:00,665.3
2021-01-26 13:00:00,665.4999999999999
2021-01-26 14:00:00,664.4
2021-01-26 15:00:00,664.9
2021-01-26 16:00:00,664.4
2021-01-27 06:00:00,650.1999999999999
2021-01-27 08:00:00,658.3
2021-01-27 09:00:00,658.0999999999999
2021-01-27 10:00:00,655.0999999999999
2021-01-27 11:00:00,651.8
2021-01-27 13:00:00,645.0999999999999
2021-01-27 14:00:00,643.8
2021-01-27 15:00:00,652.0999999999999
2021-01-27 16:00:00,650.4
2021-01-27 17:00:00,648.9999999999999
2021-01-28 06:00:00,654.4
2021-01-28 08:00:00,633.3
2021-01-28 09:00:00,637.9999999999999
2021-01-28 10:00:00,645.0999999999999
2021-01-28 11:00:00,648.8
2021-01-28 13:00:00,646.1999999999999
2021-01-28 14:00:00,651.9
2021-01-28 15:00:00,652.4999999999999
2021-01-28 16:00:00,653.9
2021-01-29 06:00:00,645.4
2021-01-29 08:00:00,649.4
2021-01-29 09:00:00,650.8
2021-01-29 10:00:00,650.0999999999999
2021-01-29 11:00:00,652.1999999999999
2021-01-29 12:00:00,651.9999999999999
2021-01-29 13:00:00,650.4999999999999
2021-01-29 14:00:00,648.4
2021-01-29 15:00:00,651.3
2021-01-29 16:00:00,644.9999999999999
2021-02-01 06:00:00,659.9
2021-02-01 08:00:00,654.6999999999999
2021-02-01 09:00:00,656.4
2021-02-01 11:00:00,658.5999999999999
2021-02-01 12:00:00,659.4
2021-02-01 13:00:00,659.4
2021-02-01 14:00:00,656.8
2021-02-01 15:00:00,658.8
2021-02-01 16:00:00,659.8
2021-02-02 06:00:00,666.4999999999999
2021-02-02 08:00:00,666.4999999999999
2021-02-02 09:00:00,667.6999999999999
2021-02-02 10:00:00,664.6999999999999
2021-02-02 11:00:00,663.5999999999999
2021-02-02 12:00:00,664.4
2021-02-02 13:00:00,664.1999999999999
2021-02-02 14:00:00,666.4999999999999
2021-02-02 15:00:00,666.3
2021-02-02 16:00:00,666.5999999999999
2021-02-03 06:00:00,664.9
2021-02-03 08:00:00,668.6999999999999
2021-02-03 09:00:00,669.4
2021-02-03 10:00:00,669.4
2021-02-03 11:00:00,669.0999999999999
2021-02-03 12:00:00,667.8
2021-02-03 13:00:00,666.9999999999999
2021-02-03 14:00:00,666.3
2021-02-03 15:00:00,665.9999999999999
2021-02-03 16:00:00,665.6999999999999
2021-02-04 06:00:00,669.6999999999999
2021-02-04 08:00:00,667.4999999999999
2021-02-04 09:00:00,668.1999999999999
2021-02-04 10:00:00,668.3
2021-02-04 11:00:00,667.9999999999999
2021-02-04 12:00:00,665.8
2021-02-04 14:00:00,665.6999999999999
2021-02-04 15:00:00,670.1999999999999
2021-02-04 16:00:00,669.8
2021-02-05 06:00:00,669.9999999999999
2021-02-05 08:00:00,674.3
2021-02-05 09:00:00,674.1999999999999
2021-02-05 10:00:00,674.0999999999999
2021-02-05 12:00:00,672.1999999999999
2021-02-05 13:00:00,672.4
2021-02-05 14:00:00,671.8
2021-02-05 15:00:00,670.9999999999999
2021-02-05 16:00:00,670.4
2021-02-08 06:00:00,680.8
2021-02-08 08:00:00,676.4
2021-02-08 09:00:00,676.1999999999999
2021-02-08 10:00:00,675.4
2021-02-08 11:00:00,675.9999999999999
2021-02-08 12:00:00,677.4999999999999
2021-02-08 13:00:00,678.9999999999999
2021-02-08 14:00:00,679.6999999999999
2021-02-08 15:00:00,681.9
2021-02-08 16:00:00,680.5999999999999
2021-02-08 20:00:00,684.4
2021-02-09 06:00:00,680.1999999999999
2021-02-09 08:00:00,676.9
2021-02-09 09:00:00,677.0999999999999
2021-02-09 12:00:00,677.0999999999999
2021-02-09 13:00:00,677.0999999999999
2021-02-09 14:00:00,679.4999999999999
2021-02-09 15:00:00,682.0999999999999
2021-02-09 16:00:00,680.8
2021-02-10 06:00:00,674.9
2021-02-10 08:00:00,680.5999999999999
2021-02-10 09:00:00,679.5999999999999
2021-02-10 10:00:00,679.3
2021-02-10 11:00:00,679.9
2021-02-10 12:00:00,678.3
2021-02-10 13:00:00,679.8
2021-02-10 14:00:00,681.0999999999999
2021-02-10 15:00:00,676.1999999999999
2021-02-10 16:00:00,674.4999999999999
2021-02-11 06:00:00,687.5999999999999
2021-02-11 08:00:00,680.4999999999999
2021-02-11 10:00:00,681.4999999999999
2021-02-11 11:00:00,682.3
2021-02-11 12:00:00,682.8
2021-02-11 13:00:00,682.3
2021-02-11 14:00:00,681.8
2021-02-11 15:00:00,687.4
2021-02-11 16:00:00,687.0999999999999
2021-02-12 06:00:00,696.9
2021-02-12 08:00:00,689.4999999999999
2021-02-12 09:00:00,690.8
2021-02-12 11:00:00,691.4
2021-02-12 12:00:00,691.5999999999999
2021-02-12 13:00:00,691.9999999999999
2021-02-12 14:00:00,693.1999999999999
2021-02-12 15:00:00,695.4
2021-02-12 16:00:00,696.4
2021-02-15 06:00:00,703.4
2021-02-15 08:00:00,701.0999999999999
2021-02-15 09:00:00,700.9999999999999
2021-02-15 10:00:00,702.4
2021-02-15 11:00:00,702.9999999999999
2021-02-15 12:00:00,701.6999999999999
2021-02-15 13:00:00,702.9999999999999
2021-02-15 14:00:00,703.9999999999999
2021-02-15 15:00:00,702.8
2021-02-15 16:00:00,703.3
2021-02-16 06:00:00,702.6999999999999
2021-02-16 08:00:00,701.1999999999999
2021-02-16 10:00:00,703.4
2021-02-16 11:00:00,704.4
2021-02-16 12:00:00,704.0999999999999
2021-02-16 13:00:00,704.8
2021-02-16 14:00:00,703.6999999999999
2021-02-16 15:00:00,704.0999999999999
2021-02-16 16:00:00,703.0999999999999
2021-02-16 17:00:00,701.3
2021-02-17 06:00:00,689.4
2021-02-17 08:00:00,701.3
2021-02-17 09:00:00,699.4999999999999
2021-02-17 10:00:00,697.0999999999999
2021-02-17 11:00:00,697.1999999999999
2021-02-17 12:00:00,699.8
2021-02-17 13:00:00,698.9
2021-02-17 14:00:00,696.5999999999999
2021-02-17 15:00:00,690.4999999999999
2021-02-17 16:00:00,690.1999999999999
2021-02-17 17:00:00,689.6999999999999
2021-02-18 06:00:00,686.9999999999999
2021-02-18 08:00:00,695.4999999999999
2021-02-18 10:00:00,690.6999999999999
2021-02-18 11:00:00,690.9
2021-02-18 13:00:00,690.4999999999999
2021-02-18 14:00:00,689.0999999999999
2021-02-18 15:00:00,686.4
2021-02-18 16:00:00,687.4
2021-02-19 06:00:00,699.3
2021-02-19 08:00:00,692.3
2021-02-19 09:00:00,692.9
2021-02-19 10:00:00,694.6999999999999
2021-02-19 11:00:00,693.9999999999999
2021-02-19 12:00:00,696.0999999999999
2021-02-19 13:00:00,697.9
2021-02-19 14:00:00,698.3
2021-02-19 15:00:00,698.9
2021-02-19 16:00:00,699.6999999999999
2021-02-19 17:00:00,695.4999999999999
2021-02-22 06:00:00,687.4999999999999
2021-02-22 08:00:00,682.6999999999999
2021-02-22 09:00:00,686.5999999999999
2021-02-22 10:00:00,686.4999999999999
2021-02-22 11:00:00,685.9
2021-02-22 12:00:00,685.6999999999999
2021-02-22 13:00:00,687.4999999999999
2021-02-22 14:00:00,687.3
2021-02-22 15:00:00,685.8
2021-02-22 16:00:00,686.0999999999999
2021-02-23 06:00:00,672.9999999999999
2021-02-23 08:00:00,675.3
2021-02-23 09:00:00,668.4999999999999
2021-02-23 10:00:00,665.3
2021-02-23 11:00:00,667.1999999999999
2021-02-23 12:00:00,668.4999999999999
2021-02-23 13:00:00,670.6999999999999
2021-02-23 14:00:00,665.4
2021-02-23 15:00:00,673.8
2021-02-23 16:00:00,672.9999999999999
2021-02-23 18:00:00,670.6999999999999
2021-02-24 06:00:00,672.9
2021-02-24 08:00:00,676.0999999999999
2021-02-24 09:00:00,673.4
2021-02-24 10:00:00,674.1999999999999
2021-02-24 11:00:00,673.4999999999999
2021-02-24 12:00:00,678.8
2021-02-24 13:00:00,672.9
2021-02-24 14:00:00,672.8
2021-02-24 15:00:00,672.8
2021-02-24 16:00:00,672.8
2021-02-25 06:00:00,673.9
2021-02-25 08:00:00,677.9
2021-02-25 09:00:00,676.5999999999999
2021-02-25 10:00:00,677.1999999999999
2021-02-25 11:00:00,671.5999999999999
2021-02-25 12:00:00,673.9
2021-02-25 13:00:00,675.0999999999999
2021-02-25 14:00:00,676.1999999999999
2021-02-25 15:00:00,673.4999999999999
2021-02-25 16:00:00,673.3
2021-02-25 17:00:00,660.6999999999999
2021-02-25 19:00:00,664.6999999999999
2021-02-25 20:00:00,660.6999999999999
2021-02-26 06:00:00,663.4999999999999
2021-02-26 07:00:00,639.8
2021-02-26 08:00:00,664.9999999999999
2021-02-26 09:00:00,666.6999999999999
2021-02-26 10:00:00,666.1999999999999
2021-02-26 11:00:00,663.9
2021-02-26 12:00:00,665.4
2021-02-26 13:00:00,665.0999999999999
2021-02-26 14:00:00,663.5999999999999
2021-02-26 15:00:00,664.8
2021-02-26 16:00:00,664.9
2021-03-01 06:00:00,675.4999999999999
2021-03-01 08:00:00,672.4
2021-03-01 09:00:00,672.8
2021-03-01 10:00:00,671.4
2021-03-01 11:00:00,669.4
2021-03-01 12:00:00,667.5999999999999
2021-03-01 13:00:00,670.9
2021-03-01 14:00:00,669.6999999999999
2021-03-01 15:00:00,673.6999999999999
2021-03-01 16:00:00,674.1999999999999
2021-03-02 06:00:00,672.0999999999999
2021-03-02 08:00:00,674.9999999999999
2021-03-02 09:00:00,677.4999999999999
2021-03-02 10:00:00,680.6999999999999
2021-03-02 11:00:00,680.1999999999999
2021-03-02 12:00:00,679.6999999999999
2021-03-02 13:00:00,681.8
2021-03-02 14:00:00,675.4999999999999
2021-03-02 15:00:00,673.4
2021-03-02 16:00:00,671.6999999999999
2021-03-03 06:00:00,664.6999999999999
2021-03-03 08:00:00,673.1999999999999
2021-03-03 09:00:00,672.8
2021-03-03 10:00:00,671.8
2021-03-03 11:00:00,671.1999999999999
2021-03-03 12:00:00,670.4999999999999
2021-03-03 13:00:00,666.3
2021-03-03 14:00:00,663.3
2021-03-03 15:00:00,661.9
2021-03-03 16:00:00,665.9
2021-03-04 06:00:00,643.3
2021-03-04 08:00:00,651.4
2021-03-04 09:00:00,648.9999999999999
2021-03-04 10:00:00,645.5999999999999
2021-03-04 11:00:00,645.5999999999999
2021-03-04 12:00:00,650.9999999999999
2021-03-04 13:00:00,650.9999999999999
2021-03-04 14:00:00,645.9999999999999
2021-03-04 15:00:00,646.6999999999999
2021-03-04 16:00:00,643.6999999999999
2021-03-05 06:00:00,630.8
2021-03-05 08:00:00,637.1999999999999
2021-03-05 09:00:00,640.1999999999999
2021-03-05 10:00:00,639.1999999999999
2021-03-05 11:00:00,642.0999999999999
2021-03-05 12:00:00,645.1999999999999
2021-03-05 13:00:00,641.9999999999999
2021-03-05 14:00:00,638.5999999999999
2021-03-05 15:00:00,635.4999999999999
2021-03-05 16:00:00,633.5999999999999
2021-03-08 06:00:00,643.8
2021-03-08 08:00:00,634.0999999999999
2021-03-08 09:00:00,632.9
2021-03-08 10:00:00,634.1999999999999
2021-03-08 11:00:00,638.3
2021-03-08 12:00:00,639.5999999999999
2021-03-08 13:00:00,639.8
2021-03-08 14:00:00,642.1999999999999
2021-03-08 15:00:00,646.3
2021-03-08 16:00:00,644.0999999999999
2021-03-09 06:00:00,658.4999999999999
2021-03-09 08:00:00,646.5999999999999
2021-03-09 09:00:00,651.6999999999999
2021-03-09 10:00:00,653.1999999999999
2021-03-09 11:00:00,654.1999999999999
2021-03-09 12:00:00,652.6999999999999
2021-03-09 13:00:00,652.8
2021-03-09 14:00:00,654.4
2021-03-09 15:00:00,657.6999999999999
2021-03-09 16:00:00,659.9
2021-03-10 06:00:00,654.9
2021-03-10 08:00:00,657.0999999999999
2021-03-10 09:00:00,656.3
2021-03-10 10:00:00,655.4999999999999
2021-03-10 11:00:00,655.0999999999999
2021-03-10 13:00:00,657.4
2021-03-10 14:00:00,658.4999999999999
2021-03-10 15:00:00,654.8
2021-03-10 16:00:00,654.8
2021-03-11 06:00:00,668.9999999999999
2021-03-11 08:00:00,661.6999999999999
2021-03-11 09:00:00,668.4
2021-03-11 10:00:00,668.9
2021-03-11 11:00:00,670.9
2021-03-11 12:00:00,668.6999999999999
2021-03-11 13:00:00,669.5999999999999
2021-03-11 14:00:00,669.4999999999999
2021-03-11 15:00:00,668.0999999999999
2021-03-11 16:00:00,669.0999999999999
2021-03-12 06:00:00,656.1999999999999
2021-03-15 05:00:00,658.1999999999999
2021-03-15 08:00:00,658.8
2021-03-15 09:00:00,658.8
2021-03-15 16:00:00,659.0999999999999
2021-03-16 05:00:00,667.5999999999999
2021-03-16 08:00:00,663.8
2021-03-16 10:00:00,663.5999999999999
2021-03-16 11:00:00,664.0999999999999
2021-03-16 13:00:00,667.1999999999999
2021-03-16 14:00:00,668.5999999999999
2021-03-16 15:00:00,668.6999999999999
2021-03-16 16:00:00,668.9
2021-03-17 05:00:00,662.5999999999999
2021-03-17 08:00:00,665.3
2021-03-17 09:00:00,666.1999999999999
2021-03-17 10:00:00,665.4
2021-03-17 12:00:00,661.0999999999999
2021-03-18 05:00:00,662.9
2021-03-18 08:00:00,660.9
2021-03-18 09:00:00,663.6999999999999
2021-03-18 10:00:00,664.6999999999999
2021-03-18 11:00:00,661.3
2021-03-18 12:00:00,661.3
2021-03-18 13:00:00,661.4999999999999
2021-03-18 14:00:00,660.8
2021-03-18 15:00:00,660.4
2021-03-18 16:00:00,662.9999999999999
2021-03-19 05:00:00,663.3
2021-03-19 08:00:00,657.9
2021-03-19 09:00:00,662.1999999999999
2021-03-19 10:00:00,660.9999999999999
2021-03-19 11:00:00,662.4
2021-03-19 12:00:00,662.3
2021-03-19 13:00:00,658.8
2021-03-19 14:00:00,662.9999999999999
2021-03-19 15:00:00,662.8
2021-03-19 16:00:00,662.1999999999999
2021-03-22 05:00:00,674.9
2021-03-22 08:00:00,664.8
2021-03-22 09:00:00,666.8
2021-03-22 10:00:00,668.0999999999999
2021-03-22 12:00:00,669.6999999999999
2021-03-22 13:00:00,671.8
2021-03-22 15:00:00,673.6999999999999
2021-03-22 16:00:00,675.9
2021-03-23 05:00:00,672.0999999999999
2021-03-23 08:00:00,670.3
2021-03-23 09:00:00,667.9
2021-03-23 10:00:00,670.8
2021-03-23 11:00:00,672.8
2021-03-23 12:00:00,671.9999999999999
2021-03-23 13:00:00,672.9999999999999
2021-03-23 14:00:00,673.3
2021-03-23 15:00:00,672.1999999999999
2021-03-23 16:00:00,671.1999999999999
2021-03-23 19:00:00,666.0999999999999
2021-03-24 05:00:00,677.5999999999999
2021-03-24 08:00:00,684.8
2021-03-24 09:00:00,683.1999999999999
2021-03-24 10:00:00,681.0999999999999
2021-03-24 11:00:00,681.3
2021-03-24 12:00:00,681.8
2021-03-24 13:00:00,678.6999999999999
2021-03-24 14:00:00,681.5999999999999
2021-03-24 15:00:00,678.4999999999999
2021-03-24 16:00:00,677.9999999999999
2021-03-25 05:00:00,673.8
2021-03-25 08:00:00,674.4999999999999
2021-03-25 11:00:00,669.5999999999999
2021-03-25 12:00:00,669.4
2021-03-25 13:00:00,668.9
2021-03-25 14:00:00,667.9999999999999
2021-03-25 15:00:00,671.1999999999999
2021-03-25 16:00:00,673.9
2021-03-26 05:00:00,692.3
2021-03-26 08:00:00,681.6999999999999
2021-03-26 09:00:00,682.6999999999999
2021-03-26 10:00:00,682.9
2021-03-26 11:00:00,682.9
2021-03-26 12:00:00,680.8
2021-03-26 13:00:00,687.1999999999999
2021-03-26 14:00:00,691.3
2021-03-26 15:00:00,691.8
2021-03-26 16:00:00,692.4999999999999
2021-03-26 19:00:00,692.4999999999999
2021-03-29 05:00:00,691.3
2021-03-29 07:00:00,694.3
2021-03-29 08:00:00,693.6999999999999
2021-03-29 09:00:00,695.8
2021-03-29 10:00:00,694.0999999999999
2021-03-29 11:00:00,694.6999999999999
2021-03-29 12:00:00,692.0999999999999
2021-03-29 13:00:00,692.6999999999999
2021-03-29 14:00:00,692.0999999999999
2021-03-29 15:00:00,693.0999999999999
2021-03-30 05:00:00,692.5999999999999
2021-03-30 07:00:00,690.5999999999999
2021-03-30 08:00:00,690.8
2021-03-30 09:00:00,691.5999999999999
2021-03-30 10:00:00,692.6999999999999
2021-03-30 11:00:00,690.4999999999999
2021-03-30 12:00:00,689.3
2021-03-30 13:00:00,690.4999999999999
2021-03-30 14:00:00,692.9
2021-03-30 15:00:00,692.0999999999999
2021-03-31 05:00:00,698.5999999999999
2021-03-31 07:00:00,693.5999999999999
2021-03-31 08:00:00,693.3
2021-03-31 09:00:00,695.4999999999999
2021-03-31 10:00:00,696.4
2021-03-31 12:00:00,694.9
2021-03-31 13:00:00,697.4
2021-03-31 14:00:00,697.8
2021-03-31 15:00:00,697.8
2021-04-01 05:00:00,712.5999999999999
2021-04-01 07:00:00,707.4
2021-04-01 08:00:00,707.8
2021-04-01 09:00:00,706.5999999999999
2021-04-01 10:00:00,706.9999999999999
2021-04-01 11:00:00,708.6999999999999
2021-04-01 12:00:00,710.0999999999999
2021-04-01 13:00:00,714.0999999999999
2021-04-01 14:00:00,715.1999999999999
2021-04-01 15:00:00,710.8
2021-04-06 05:00:00,716.9
2021-04-06 07:00:00,714.9999999999999
2021-04-06 08:00:00,719.4999999999999
2021-04-06 09:00:00,718.9999999999999
2021-04-06 10:00:00,718.0999999999999
2021-04-06 11:00:00,719.1999999999999
2021-04-06 12:00:00,719.1999999999999
2021-04-06 13:00:00,717.1999999999999
2021-04-06 14:00:00,717.4
2021-04-06 15:00:00,716.9
2021-04-07 05:00:00,711.9
2021-04-07 07:00:00,709.6999999999999
2021-04-07 08:00:00,711.4999999999999
2021-04-07 09:00:00,709.8
2021-04-07 11:00:00,711.1999999999999
2021-04-07 12:00:00,710.9999999999999
2021-04-07 13:00:00,713.1999999999999
2021-04-07 14:00:00,712.9999999999999
2021-04-07 15:00:00,711.5999999999999
2021-04-08 05:00:00,718.0999999999999
2021-04-08 07:00:00,714.9999999999999
2021-04-08 08:00:00,715.6999999999999
2021-04-08 09:00:00,715.6999999999999
2021-04-08 10:00:00,715.5999999999999
2021-04-08 11:00:00,718.4
2021-04-08 12:00:00,718.6999999999999
2021-04-08 13:00:00,722.3
2021-04-08 14:00:00,718.4999999999999
2021-04-08 15:00:00,718.5999999999999
2021-04-09 05:00:00,719.4999999999999
2021-04-09 07:00:00,719.4999999999999
2021-04-09 08:00:00,720.0999999999999
2021-04-09 09:00:00,719.8
2021-04-09 10:00:00,719.5999999999999
2021-04-09 11:00:00,719.4999999999999
2021-04-09 12:00:00,718.4
2021-04-09 13:00:00,718.3
2021-04-09 14:00:00,721.4
2021-04-09 15:00:00,719.9
2021-04-12 05:00:00,711.8
2021-04-12 07:00:00,718.4999999999999
2021-04-12 08:00:00,716.8
2021-04-12 09:00:00,717.6999999999999
2021-04-12 10:00:00,716.3
2021-04-12 13:00:00,712.9
2021-04-12 14:00:00,711.3
2021-04-12 15:00:00,709.5999999999999
2021-04-13 05:00:00,716.9
2021-04-13 08:00:00,717.4
2021-04-13 09:00:00,717.6999999999999
2021-04-13 10:00:00,716.5999999999999
2021-04-13 11:00:00,715.0999999999999
2021-04-13 12:00:00,718.1999999999999
2021-04-13 14:00:00,718.9
2021-04-13 15:00:00,716.4999999999999
2021-04-14 05:00:00,720.9999999999999
2021-04-14 07:00:00,725.6999999999999
2021-04-14 08:00:00,725.0999999999999
2021-04-14 10:00:00,724.4999999999999
2021-04-14 11:00:00,725.3
2021-04-14 12:00:00,725.1999999999999
2021-04-14 13:00:00,726.1999999999999
2021-04-14 14:00:00,722.3
2021-04-14 15:00:00,720.6999999999999
2021-04-15 05:00:00,723.8
2021-04-15 07:00:00,721.9
2021-04-15 08:00:00,724.1999999999999
2021-04-15 09:00:00,723.6999999999999
2021-04-15 10:00:00,724.4
2021-04-15 12:00:00,724.8
2021-04-15 13:00:00,721.8
2021-04-15 14:00:00,723.9
2021-04-15 15:00:00,724.0999999999999
2021-04-16 05:00:00,727.1999999999999
2021-04-16 07:00:00,722.4999999999999
2021-04-16 08:00:00,723.6999999999999
2021-04-16 09:00:00,725.0999999999999
2021-04-16 10:00:00,725.0999999999999
2021-04-16 11:00:00,725.9999999999999
2021-04-16 12:00:00,724.6999999999999
2021-04-16 13:00:00,726.6999999999999
2021-04-16 14:00:00,726.6999999999999
2021-04-16 15:00:00,726.9
2021-04-19 05:00:00,719.8
2021-04-19 08:00:00,729.3
2021-04-19 09:00:00,726.1999999999999
2021-04-19 10:00:00,725.3
2021-04-19 12:00:00,723.1999999999999
2021-04-19 13:00:00,723.9999999999999
2021-04-19 14:00:00,720.3
2021-04-19 15:00:00,719.4
2021-04-20 05:00:00,703.8
2021-04-20 07:00:00,717.1999999999999
2021-04-20 08:00:00,714.5999999999999
2021-04-20 09:00:00,709.9
2021-04-20 10:00:00,711.8
2021-04-20 11:00:00,710.3
2021-04-20 12:00:00,709.5999999999999
2021-04-20 13:00:00,711.1999999999999
2021-04-20 14:00:00,709.1999999999999
2021-04-20 15:00:00,706.6999999999999
2021-04-21 05:00:00,714.9999999999999
2021-04-21 07:00:00,712.1999999999999
2021-04-21 08:00:00,712.9
2021-04-21 09:00:00,712.1999999999999
2021-04-21 10:00:00,712.3
2021-04-21 13:00:00,713.8
2021-04-21 14:00:00,713.5999999999999
2021-04-21 15:00:00,715.5999999999999
2021-04-22 05:00:00,727.4999999999999
2021-04-22 07:00:00,725.5999999999999
2021-04-22 08:00:00,724.9999999999999
2021-04-22 09:00:00,729.0999999999999
2021-04-22 10:00:00,727.3
2021-04-22 11:00:00,727.0999999999999
2021-04-22 12:00:00,727.4999999999999
2021-04-22 13:00:00,725.8
2021-04-22 14:00:00,728.9999999999999
2021-04-22 15:00:00,729.3
2021-04-23 05:00:00,733.4999999999999
2021-04-23 07:00:00,728.4999999999999
2021-04-23 08:00:00,727.4
2021-04-23 09:00:00,726.3
2021-04-23 10:00:00,727.0999999999999
2021-04-23 12:00:00,725.6999999999999
2021-04-23 13:00:00,731.4
2021-04-23 14:00:00,731.9
2021-04-23 15:00:00,733.6999999999999
2021-04-26 05:00:00,734.0999999999999
2021-04-26 07:00:00,731.9999999999999
2021-04-26 08:00:00,730.1999999999999
2021-04-26 09:00:00,730.3
2021-04-26 10:00:00,729.9
2021-04-26 11:00:00,731.3
2021-04-26 12:00:00,732.5999999999999
2021-04-26 13:00:00,732.6999999999999
2021-04-26 14:00:00,733.3
2021-04-26 15:00:00,733.9
2021-04-27 05:00:00,730.4
2021-04-27 07:00:00,732.9999999999999
2021-04-27 08:00:00,734.6999999999999
2021-04-27 09:00:00,735.0999999999999
2021-04-27 10:00:00,734.3
2021-04-27 11:00:00,732.9
2021-04-27 12:00:00,735.6999999999999
2021-04-27 13:00:00,731.3
2021-04-27 14:00:00,730.9999999999999
2021-04-27 15:00:00,730.9999999999999
2021-04-28 05:00:00,728.4999999999999
2021-04-28 07:00:00,729.5999999999999
2021-04-28 08:00:00,731.3
2021-04-28 11:00:00,730.0999999999999
2021-04-28 12:00:00,729.8
2021-04-28 13:00:00,729.8
2021-04-28 14:00:00,729.1999999999999
2021-04-28 15:00:00,727.9999999999999
2021-04-29 05:00:00,723.4999999999999
2021-04-29 07:00:00,732.4999999999999
2021-04-29 08:00:00,732.9
2021-04-29 09:00:00,730.8
2021-04-29 10:00:00,732.3
2021-04-29 11:00:00,733.1999999999999
2021-04-29 12:00:00,732.6999999999999
2021-04-29 13:00:00,724.9
2021-04-29 14:00:00,722.8
2021-04-29 15:00:00,721.4999999999999
2021-04-30 05:00:00,717.4999999999999
2021-04-30 07:00:00,722.0999999999999
2021-04-30 09:00:00,719.0999999999999
2021-04-30 10:00:00,716.8
2021-04-30 11:00:00,717.8
2021-04-30 12:00:00,718.4999999999999
2021-04-30 14:00:00,720.3
2021-04-30 15:00:00,716.9999999999999
2021-05-03 05:00:00,717.4
2021-05-03 07:00:00,723.1999999999999
2021-05-03 08:00:00,722.4999999999999
2021-05-03 09:00:00,717.6999999999999
2021-05-03 10:00:00,719.8
2021-05-03 11:00:00,722.9
2021-05-03 12:00:00,722.9999999999999
2021-05-03 13:00:00,720.6999999999999
2021-05-03 14:00:00,719.0999999999999
2021-05-03 15:00:00,718.1999999999999
2021-05-04 05:00:00,691.4
2021-05-04 07:00:00,714.9
2021-05-04 08:00:00,709.8
2021-05-04 09:00:00,710.0999999999999
2021-05-04 10:00:00,711.8
2021-05-04 11:00:00,706.9999999999999
2021-05-04 12:00:00,703.9999999999999
2021-05-04 13:00:00,698.6999999999999
2021-05-04 14:00:00,694.5999999999999
2021-05-04 15:00:00,692.0999999999999
2021-05-05 05:00:00,709.3
2021-05-05 07:00:00,702.4
2021-05-05 08:00:00,705.1999999999999
2021-05-05 09:00:00,705.8
2021-05-05 10:00:00,705.0999999999999
2021-05-05 11:00:00,707.0999999999999
2021-05-05 12:00:00,707.9999999999999
2021-05-05 13:00:00,708.9
2021-05-05 14:00:00,707.4999999999999
2021-05-05 15:00:00,708.9999999999999
2021-05-06 05:00:00,700.9
2021-05-06 07:00:00,709.4
2021-05-06 08:00:00,705.4999999999999
2021-05-06 09:00:00,701.4
2021-05-06 10:00:00,700.9999999999999
2021-05-06 12:00:00,701.6999999999999
2021-05-06 13:00:00,700.4
2021-05-06 14:00:00,699.9
2021-05-06 15:00:00,702.6999999999999
2021-05-06 16:00:00,700.8
2021-05-07 05:00:00,716.1999999999999
2021-05-07 07:00:00,703.5999999999999
2021-05-07 09:00:00,705.9999999999999
2021-05-07 10:00:00,708.9999999999999
2021-05-07 11:00:00,708.5999999999999
2021-05-07 12:00:00,713.0999999999999
2021-05-07 13:00:00,713.4
2021-05-07 14:00:00,716.9
2021-05-07 15:00:00,717.6999999999999
2021-05-07 16:00:00,713.6999999999999
2021-05-10 05:00:00,701.1999999999999
2021-05-10 07:00:00,709.5999999999999
2021-05-10 08:00:00,709.4
2021-05-10 09:00:00,709.4999999999999
2021-05-10 10:00:00,708.9
2021-05-10 11:00:00,707.8
2021-05-10 12:00:00,707.9
2021-05-10 13:00:00,702.3
2021-05-10 14:00:00,699.8
2021-05-10 15:00:00,702.3
2021-05-11 05:00:00,686.6999999999999
2021-05-11 07:00:00,686.8
2021-05-11 08:00:00,684.9
2021-05-11 09:00:00,682.5999999999999
2021-05-11 10:00:00,681.4999999999999
2021-05-11 11:00:00,680.4999999999999
2021-05-11 12:00:00,678.5999999999999
2021-05-11 13:00:00,685.0999999999999
2021-05-11 14:00:00,682.1999999999999
2021-05-11 15:00:00,686.0999999999999
2021-05-12 05:00:00,678.1999999999999
2021-05-12 07:00:00,686.9
2021-05-12 08:00:00,683.4
2021-05-12 09:00:00,683.3
2021-05-12 10:00:00,684.6999999999999
2021-05-12 11:00:00,684.0999999999999
2021-05-12 12:00:00,682.4999999999999
2021-05-12 13:00:00,683.5999999999999
2021-05-12 14:00:00,677.4
2021-05-12 15:00:00,678.3
2021-05-13 05:00:00,681.9
2021-05-13 07:00:00,666.1999999999999
2021-05-13 08:00:00,667.8
2021-05-13 09:00:00,669.9999999999999
2021-05-13 10:00:00,671.5999999999999
2021-05-13 11:00:00,678.6999999999999
2021-05-13 12:00:00,681.1999999999999
2021-05-13 13:00:00,682.4
2021-05-13 14:00:00,686.8
2021-05-13 15:00:00,680.9
2021-05-14 05:00:00,696.4
2021-05-14 06:00:00,689.3
2021-05-14 07:00:00,685.0999999999999
2021-05-14 08:00:00,683.6999999999999
2021-05-14 09:00:00,687.4999999999999
2021-05-14 11:00:00,687.9999999999999
2021-05-14 12:00:00,688.0999999999999
2021-05-14 13:00:00,689.1999999999999
2021-05-14 14:00:00,695.3
2021-05-14 15:00:00,696.6999999999999
2021-05-17 05:00:00,690.6999999999999
2021-05-17 11:00:00,690.4999999999999
2021-05-17 12:00:00,690.8
2021-05-17 13:00:00,690.3
2021-05-17 14:00:00,691.4999999999999
2021-05-17 15:00:00,689.8
2021-05-17 19:00:00,690.3
2021-05-18 05:00:00,695.6999999999999
2021-05-18 07:00:00,695.9
2021-05-18 08:00:00,694.6999999999999
2021-05-18 09:00:00,694.9
2021-05-18 10:00:00,695.0999999999999
2021-05-18 11:00:00,695.8
2021-05-18 12:00:00,694.9
2021-05-18 13:00:00,693.9
2021-05-18 14:00:00,695.5999999999999
2021-05-18 15:00:00,694.3
2021-05-19 05:00:00,682.6999999999999
2021-05-19 07:00:00,681.1999999999999
2021-05-19 08:00:00,678.4999999999999
2021-05-19 09:00:00,679.6999999999999
2021-05-19 10:00:00,680.0999999999999
2021-05-19 11:00:00,675.1999999999999
2021-05-19 12:00:00,672.3
2021-05-19 13:00:00,675.3
2021-05-19 14:00:00,681.0999999999999
2021-05-19 15:00:00,682.5999999999999
2021-05-20 05:00:00,699.5999999999999
2021-05-20 07:00:00,689.9
2021-05-20 08:00:00,688.1999999999999
2021-05-20 09:00:00,686.1999999999999
2021-05-20 10:00:00,687.9999999999999
2021-05-20 11:00:00,688.9999999999999
2021-05-20 12:00:00,689.3
2021-05-20 13:00:00,696.4999999999999
2021-05-20 14:00:00,698.1999999999999
2021-05-20 15:00:00,699.9
2021-05-21 05:00:00,699.4
2021-05-21 07:00:00,699.4
2021-05-21 08:00:00,699.6999999999999
2021-05-21 09:00:00,703.4999999999999
2021-05-21 10:00:00,701.9
2021-05-21 11:00:00,701.9999999999999
2021-05-21 12:00:00,702.1999999999999
2021-05-21 13:00:00,703.1999999999999
2021-05-21 14:00:00,700.3
2021-05-21 15:00:00,699.8
2021-05-24 05:00:00,709.1999999999999
2021-05-24 07:00:00,703.3
2021-05-24 08:00:00,704.4999999999999
2021-05-24 09:00:00,703.4999999999999
2021-05-24 10:00:00,704.4
2021-05-24 12:00:00,702.8
2021-05-24 13:00:00,706.6999999999999
2021-05-24 14:00:00,708.5999999999999
2021-05-24 15:00:00,709.1999999999999
2021-05-25 05:00:00,717.1999999999999
2021-05-25 07:00:00,713.5999999999999
2021-05-25 08:00:00,717.3
2021-05-25 09:00:00,718.9
2021-05-25 10:00:00,717.9
2021-05-25 11:00:00,717.9999999999999
2021-05-25 12:00:00,717.5999999999999
2021-05-25 13:00:00,717.0999999999999
2021-05-25 14:00:00,719.3
2021-05-25 15:00:00,717.0999999999999
2021-05-26 05:00:00,714.4
2021-05-26 07:00:00,717.3
2021-05-26 08:00:00,713.0999999999999
2021-05-26 09:00:00,714.9
2021-05-26 10:00:00,717.4
2021-05-26 11:00:00,716.1999999999999
2021-05-26 12:00:00,717.1999999999999
2021-05-26 13:00:00,716.5999999999999
2021-05-26 14:00:00,714.9
2021-05-26 15:00:00,713.6999999999999
2021-05-27 05:00:00,714.9
2021-05-27 07:00:00,713.3
2021-05-27 08:00:00,712.6999999999999
2021-05-27 09:00:00,711.8
2021-05-27 10:00:00,711.6999999999999
2021-05-27 11:00:00,712.8
2021-05-27 12:00:00,711.9999999999999
2021-05-27 13:00:00,710.9
2021-05-27 14:00:00,715.3
2021-05-27 15:00:00,715.3
2021-05-28 05:00:00,723.0999999999999
2021-05-28 07:00:00,715.4
2021-05-28 08:00:00,717.4
2021-05-28 09:00:00,717.9999999999999
2021-05-28 10:00:00,718.5999999999999
2021-05-28 11:00:00,718.1999999999999
2021-05-28 12:00:00,720.5999999999999
2021-05-28 13:00:00,723.8
2021-05-28 14:00:00,723.3
2021-05-28 15:00:00,722.1999999999999
2021-05-31 05:00:00,718.9
2021-05-31 07:00:00,723.9999999999999
2021-05-31 08:00:00,723.9999999999999
2021-05-31 09:00:00,722.5999999999999
2021-05-31 14:00:00,721.9
2021-05-31 15:00:00,718.9
2021-06-01 05:00:00,723.5999999999999
2021-06-01 07:00:00,726.9
2021-06-01 08:00:00,728.3
2021-06-01 09:00:00,729.4
2021-06-01 10:00:00,730.3
2021-06-01 11:00:00,731.8
2021-06-01 12:00:00,731.4999999999999
2021-06-01 13:00:00,731.9
2021-06-01 14:00:00,723.3
2021-06-01 15:00:00,724.3
2021-06-02 05:00:00,724.6999999999999
2021-06-02 07:00:00,723.4999999999999
2021-06-02 08:00:00,719.4
2021-06-02 09:00:00,720.9
2021-06-02 10:00:00,720.9999999999999
2021-06-02 12:00:00,720.5999999999999
2021-06-02 13:00:00,725.8
2021-06-02 14:00:00,724.8
2021-06-02 15:00:00,725.5999999999999
2021-06-03 05:00:00,722.5999999999999
2021-06-03 07:00:00,725.0999999999999
2021-06-03 08:00:00,724.9999999999999
2021-06-03 09:00:00,724.5999999999999
2021-06-03 10:00:00,721.5999999999999
2021-06-03 11:00:00,718.3
2021-06-03 12:00:00,721.5999999999999
2021-06-03 13:00:00,717.9999999999999
2021-06-03 14:00:00,718.9999999999999
2021-06-03 15:00:00,722.6999999999999
2021-06-04 05:00:00,729.6999999999999
2021-06-04 07:00:00,722.0999999999999
2021-06-04 08:00:00,720.3
2021-06-04 09:00:00,720.3
2021-06-04 10:00:00,720.9
2021-06-04 11:00:00,722.4999999999999
2021-06-04 12:00:00,724.5999999999999
2021-06-04 13:00:00,726.0999999999999
2021-06-04 14:00:00,730.0999999999999
2021-06-04 15:00:00,729.9999999999999
2021-06-07 05:00:00,728.4999999999999
2021-06-07 07:00:00,725.8
2021-06-07 08:00:00,727.4999999999999
2021-06-07 09:00:00,726.4999999999999
2021-06-07 11:00:00,729.5999999999999
2021-06-07 12:00:00,729.8
2021-06-07 13:00:00,728.8
2021-06-07 14:00:00,729.4999999999999
2021-06-07 15:00:00,728.9
2021-06-08 05:00:00,730.1999999999999
2021-06-08 07:00:00,729.9
2021-06-08 08:00:00,730.3
2021-06-08 09:00:00,733.9999999999999
2021-06-08 10:00:00,733.4999999999999
2021-06-08 11:00:00,735.8
2021-06-08 12:00:00,736.9999999999999
2021-06-08 13:00:00,734.9
2021-06-08 14:00:00,730.3
2021-06-08 15:00:00,730.4999999999999
2021-06-09 05:00:00,734.0999999999999
2021-06-09 07:00:00,729.9999999999999
2021-06-09 08:00:00,729.3
2021-06-09 09:00:00,730.9999999999999
2021-06-09 10:00:00,732.9
2021-06-09 11:00:00,733.5999999999999
2021-06-09 12:00:00,733.0999999999999
2021-06-09 13:00:00,732.1999999999999
2021-06-09 14:00:00,733.1999999999999
2021-06-09 15:00:00,733.8
2021-06-10 05:00:00,738.9999999999999
2021-06-10 07:00:00,737.6999999999999
2021-06-10 08:00:00,736.9
2021-06-10 09:00:00,736.6999999999999
2021-06-10 10:00:00,735.5999999999999
2021-06-10 11:00:00,734.5999999999999
2021-06-10 12:00:00,733.4
2021-06-10 13:00:00,739.1999999999999
2021-06-10 14:00:00,737.5999999999999
2021-06-10 15:00:00,739.4999999999999
2021-06-11 05:00:00,745.1999999999999
2021-06-11 07:00:00,739.1999999999999
2021-06-11 12:00:00,743.5
2021-06-11 14:00:00,744.3
2021-06-14 05:00:00,750.3
2021-06-15 05:00:00,749.6999999999999
2021-06-15 07:00:00,755.9
2021-06-15 08:00:00,753.9
2021-06-15 09:00:00,753.0999999999999
2021-06-15 10:00:00,753.5
2021-06-15 12:00:00,754.0
2021-06-15 14:00:00,751.0
2021-06-15 15:00:00,749.8
2021-06-16 05:00:00,751.1999999999999
2021-06-16 07:00:00,747.6999999999999
2021-06-16 08:00:00,747.1999999999999
2021-06-16 09:00:00,747.6999999999999
2021-06-16 14:00:00,751.4
2021-06-16 15:00:00,750.6999999999999
2021-06-17 05:00:00,753.9
2021-06-17 07:00:00,742.8
2021-06-17 08:00:00,742.5
2021-06-17 09:00:00,743.1999999999999
2021-06-17 13:00:00,744.5
2021-06-17 14:00:00,752.3
2021-06-17 15:00:00,754.1999999999999
2021-06-18 05:00:00,734.3
2021-06-18 07:00:00,752.1999999999999
2021-06-18 08:00:00,753.3
2021-06-18 09:00:00,753.8
2021-06-18 10:00:00,752.5
2021-06-18 11:00:00,746.0999999999999
2021-06-18 12:00:00,744.6999999999999
2021-06-18 13:00:00,743.0999999999999
2021-06-18 14:00:00,738.3
2021-06-18 15:00:00,734.3
2021-06-18 18:00:00,741.1999999999999
2021-06-21 05:00:00,738.1999999999999
2021-06-21 07:00:00,736.0999999999999
2021-06-21 08:00:00,737.5
2021-06-21 09:00:00,739.0999999999999
2021-06-21 10:00:00,739.1999999999999
2021-06-21 11:00:00,736.9
2021-06-21 12:00:00,737.9
2021-06-21 13:00:00,735.4
2021-06-21 14:00:00,737.4
2021-06-21 15:00:00,737.5
2021-06-21 18:00:00,738.9
2021-06-22 05:00:00,742.5999999999999
2021-06-22 07:00:00,732.5999999999999
2021-06-22 08:00:00,733.0
2021-06-22 09:00:00,734.4
2021-06-22 10:00:00,737.0
2021-06-22 11:00:00,739.5999999999999
2021-06-22 12:00:00,737.4
2021-06-22 13:00:00,737.9
2021-06-22 14:00:00,741.0
2021-06-22 15:00:00,743.4
2021-06-23 05:00:00,738.3
2021-06-23 07:00:00,742.5999999999999
2021-06-23 08:00:00,742.6999999999999
2021-06-23 09:00:00,741.1999999999999
2021-06-23 10:00:00,740.5
2021-06-23 11:00:00,738.1999999999999
2021-06-23 12:00:00,740.5
2021-06-23 13:00:00,741.9
2021-06-23 14:00:00,740.4
2021-06-23 15:00:00,740.0999999999999
2021-06-24 05:00:00,748.5
2021-06-24 07:00:00,741.4
2021-06-24 08:00:00,744.5999999999999
2021-06-24 09:00:00,745.3
2021-06-24 10:00:00,744.6999999999999
2021-06-24 11:00:00,744.6999999999999
2021-06-24 12:00:00,745.3
2021-06-24 13:00:00,748.1999999999999
2021-06-24 14:00:00,748.8
2021-06-24 15:00:00,749.8
2021-06-25 05:00:00,747.4
2021-06-25 07:00:00,750.1999999999999
2021-06-25 08:00:00,749.5999999999999
2021-06-25 11:00:00,746.5999999999999
2021-06-25 13:00:00,747.0999999999999
2021-06-25 14:00:00,747.8
2021-06-25 15:00:00,746.9
2021-06-28 05:00:00,749.5999999999999
2021-06-28 07:00:00,744.8
2021-06-28 08:00:00,744.8
2021-06-28 09:00:00,747.6999999999999
2021-06-28 10:00:00,746.1999999999999
2021-06-28 11:00:00,749.9
2021-06-28 12:00:00,749.0
2021-06-28 13:00:00,751.0
2021-06-28 14:00:00,749.5
2021-06-28 15:00:00,749.9
2021-06-29 05:00:00,754.6999999999999
2021-06-29 07:00:00,751.9
2021-06-29 08:00:00,751.1999999999999
2021-06-29 09:00:00,752.3
2021-06-29 10:00:00,753.0
2021-06-29 11:00:00,753.5
2021-06-29 12:00:00,754.9
2021-06-29 13:00:00,755.3
2021-06-29 14:00:00,755.9
2021-06-29 15:00:00,755.9
2021-06-30 05:00:00,747.0999999999999
2021-06-30 07:00:00,757.4
2021-06-30 08:00:00,751.5999999999999
2021-06-30 10:00:00,748.4
2021-06-30 11:00:00,751.0
2021-06-30 12:00:00,751.0
2021-06-30 13:00:00,750.9
2021-06-30 14:00:00,749.1999999999999
2021-06-30 15:00:00,747.3
2021-07-01 05:00:00,741.5
2021-07-01 07:00:00,750.9
2021-07-01 08:00:00,750.5
2021-07-01 09:00:00,747.5
2021-07-01 10:00:00,739.5999999999999
2021-07-01 11:00:00,739.8
2021-07-01 12:00:00,743.6999999999999
2021-07-01 13:00:00,742.6999999999999
2021-07-01 14:00:00,744.1999999999999
2021-07-01 15:00:00,742.0
2021-07-02 05:00:00,748.8
2021-07-02 07:00:00,748.5
2021-07-02 08:00:00,746.5999999999999
2021-07-02 11:00:00,749.8
2021-07-02 12:00:00,750.5
2021-07-02 13:00:00,750.4
2021-07-02 14:00:00,749.3
2021-07-02 15:00:00,748.9
2021-07-05 05:00:00,747.9
2021-07-05 07:00:00,743.9
2021-07-05 08:00:00,747.4
2021-07-05 09:00:00,747.5999999999999
2021-07-05 10:00:00,746.8
2021-07-05 11:00:00,747.9
2021-07-05 12:00:00,747.5
2021-07-05 13:00:00,746.5999999999999
2021-07-05 14:00:00,746.8
2021-07-05 15:00:00,748.1999999999999
2021-07-06 05:00:00,750.0999999999999
2021-07-06 07:00:00,745.9
2021-07-06 08:00:00,747.5
2021-07-06 09:00:00,750.1999999999999
2021-07-06 10:00:00,751.5
2021-07-06 11:00:00,752.5999999999999
2021-07-06 12:00:00,753.5
2021-07-06 13:00:00,753.5999999999999
2021-07-06 14:00:00,749.3
2021-07-06 15:00:00,751.0
2021-07-07 05:00:00,759.9
2021-07-07 07:00:00,757.8
2021-07-07 08:00:00,759.3
2021-07-07 09:00:00,762.3
2021-07-07 10:00:00,762.9
2021-07-07 11:00:00,762.1999999999999
2021-07-07 12:00:00,762.8
2021-07-07 13:00:00,763.3
2021-07-07 14:00:00,758.5999999999999
2021-07-07 15:00:00,761.0
2021-07-08 05:00:00,744.4
2021-07-08 07:00:00,753.0
2021-07-08 08:00:00,748.5999999999999
2021-07-08 09:00:00,746.1999999999999
2021-07-08 10:00:00,741.5
2021-07-08 11:00:00,738.8
2021-07-08 12:00:00,741.5999999999999
2021-07-08 13:00:00,742.5999999999999
2021-07-08 14:00:00,740.9
2021-07-08 15:00:00,744.3
2021-07-09 05:00:00,753.6999999999999
2021-07-09 07:00:00,748.5999999999999
2021-07-09 08:00:00,751.1999999999999
2021-07-09 09:00:00,751.5
2021-07-09 10:00:00,752.6999999999999
2021-07-09 11:00:00,751.9
2021-07-09 12:00:00,751.8
2021-07-09 13:00:00,750.8
2021-07-09 14:00:00,753.9
2021-07-09 15:00:00,753.6999999999999
2021-07-12 05:00:00,762.0
2021-07-12 07:00:00,753.5
2021-07-12 08:00:00,753.8
2021-07-12 09:00:00,756.1999999999999
2021-07-12 10:00:00,758.1999999999999
2021-07-12 11:00:00,760.3
2021-07-12 12:00:00,761.5
2021-07-12 13:00:00,761.1999999999999
2021-07-12 14:00:00,760.8
2021-07-12 15:00:00,762.0
2021-07-13 05:00:00,767.4
2021-07-13 07:00:00,762.9
2021-07-13 08:00:00,764.9
2021-07-13 09:00:00,765.5999999999999
2021-07-13 10:00:00,764.9
2021-07-13 11:00:00,765.3
2021-07-13 12:00:00,760.5999999999999
2021-07-13 13:00:00,763.8
2021-07-13 14:00:00,766.5
2021-07-13 15:00:00,767.5
2021-07-14 05:00:00,772.4
2021-07-14 07:00:00,763.4
2021-07-14 08:00:00,766.0999999999999
2021-07-14 09:00:00,767.5999999999999
2021-07-14 10:00:00,769.8
2021-07-14 11:00:00,771.0
2021-07-14 12:00:00,772.4
2021-07-14 13:00:00,772.4
2021-07-14 14:00:00,772.6999999999999
2021-07-14 15:00:00,772.4
2021-07-15 05:00:00,762.4
2021-07-15 07:00:00,769.0999999999999
2021-07-15 08:00:00,770.5999999999999
2021-07-15 09:00:00,767.5
2021-07-15 10:00:00,766.4
2021-07-15 11:00:00,765.3
2021-07-15 12:00:00,766.8
2021-07-15 13:00:00,765.4
2021-07-15 14:00:00,761.5999999999999
2021-07-15 15:00:00,762.6999999999999
2021-07-16 05:00:00,757.5999999999999
2021-07-16 07:00:00,761.3
2021-07-16 08:00:00,762.0999999999999
2021-07-16 09:00:00,761.0999999999999
2021-07-16 10:00:00,760.3
2021-07-16 11:00:00,760.6999999999999
2021-07-16 12:00:00,762.9
2021-07-16 13:00:00,760.5999999999999
2021-07-16 14:00:00,759.4
2021-07-16 15:00:00,757.4
2021-07-19 05:00:00,744.9
2021-07-19 07:00:00,746.6999999999999
2021-07-19 08:00:00,745.5
2021-07-19 09:00:00,747.0
2021-07-19 10:00:00,744.3
2021-07-19 11:00:00,743.0
2021-07-19 13:00:00,739.5
2021-07-19 14:00:00,742.9
2021-07-19 15:00:00,744.3
2021-07-20 05:00:00,743.3
2021-07-20 07:00:00,745.4
2021-07-20 08:00:00,746.6999999999999
2021-07-20 09:00:00,744.4
2021-07-20 10:00:00,741.5
2021-07-20 12:00:00,742.0999999999999
2021-07-20 13:00:00,743.0999999999999
2021-07-20 14:00:00,746.0
2021-07-20 15:00:00,744.5999999999999
2021-07-21 05:00:00,754.8
2021-07-21 07:00:00,755.0
2021-07-21 08:00:00,756.5
2021-07-21 09:00:00,755.5
2021-07-21 10:00:00,755.5
2021-07-21 11:00:00,750.6999999999999
2021-07-21 12:00:00,752.0999999999999
2021-07-21 13:00:00,751.3
2021-07-21 14:00:00,753.5
2021-07-21 15:00:00,754.6999999999999
2021-07-22 05:00:00,768.9
2021-07-22 07:00:00,763.0999999999999
2021-07-22 08:00:00,763.3
2021-07-22 09:00:00,763.4
2021-07-22 10:00:00,765.0
2021-07-22 12:00:00,766.0
2021-07-22 13:00:00,767.5
2021-07-22 14:00:00,769.0999999999999
2021-07-22 15:00:00,769.5
2021-07-23 05:00:00,778.3
2021-07-23 07:00:00,773.5
2021-07-23 08:00:00,778.5
2021-07-23 09:00:00,780.0
2021-07-23 10:00:00,779.5999999999999
2021-07-23 11:00:00,780.0999999999999
2021-07-23 12:00:00,777.9
2021-07-23 13:00:00,777.3
2021-07-23 14:00:00,778.0
2021-07-23 15:00:00,778.4
2021-07-26 05:00:00,774.5999999999999
2021-07-26 07:00:00,777.3
2021-07-26 08:00:00,776.5
2021-07-26 12:00:00,779.0999999999999
2021-07-26 13:00:00,777.1999999999999
2021-07-26 14:00:00,774.6999999999999
2021-07-26 15:00:00,774.5
2021-07-27 05:00:00,763.5999999999999
2021-07-27 07:00:00,768.6999999999999
2021-07-27 08:00:00,770.9
2021-07-27 09:00:00,772.9
2021-07-27 10:00:00,775.1999999999999
2021-07-27 11:00:00,775.0
2021-07-27 12:00:00,772.6999999999999
2021-07-27 13:00:00,772.0999999999999
2021-07-27 14:00:00,766.0
2021-07-27 15:00:00,763.9
2021-07-27 16:00:00,764.3
2021-07-28 05:00:00,780.1999999999999
2021-07-28 07:00:00,771.9
2021-07-28 08:00:00,773.1999999999999
2021-07-28 09:00:00,773.1999999999999
2021-07-28 10:00:00,769.1999999999999
2021-07-28 11:00:00,771.4
2021-07-28 13:00:00,773.9
2021-07-28 14:00:00,780.3
2021-07-28 15:00:00,780.3
2021-07-29 05:00:00,786.5999999999999
2021-07-29 07:00:00,785.0
2021-07-29 08:00:00,784.5
2021-07-29 09:00:00,786.4
2021-07-29 10:00:00,786.0
2021-07-29 11:00:00,785.8
2021-07-29 12:00:00,787.0
2021-07-29 13:00:00,787.3
2021-07-29 14:00:00,787.5999999999999
2021-07-29 15:00:00,786.6999999999999
2021-07-30 05:00:00,784.5
2021-07-30 07:00:00,780.0
2021-07-30 08:00:00,783.6999999999999
2021-07-30 09:00:00,783.1999999999999
2021-07-30 11:00:00,783.0999999999999
2021-07-30 12:00:00,783.9
2021-07-30 13:00:00,785.5999999999999
2021-07-30 14:00:00,785.0
2021-07-30 15:00:00,784.5999999999999
2021-08-02 05:00:00,794.8
2021-08-02 06:00:00,785.0
2021-08-02 07:00:00,788.5
2021-08-02 08:00:00,788.3
2021-08-02 09:00:00,788.0
2021-08-02 10:00:00,787.0
2021-08-02 11:00:00,786.6999999999999
2021-08-02 12:00:00,788.3
2021-08-02 13:00:00,789.8
2021-08-02 14:00:00,792.4
2021-08-02 15:00:00,795.1999999999999
2021-08-03 05:00:00,790.4
2021-08-03 07:00:00,788.0999999999999
2021-08-03 08:00:00,789.5
2021-08-03 09:00:00,792.3
2021-08-03 10:00:00,789.5
2021-08-03 11:00:00,790.5
2021-08-03 12:00:00,788.8
2021-08-03 13:00:00,792.6999999999999
2021-08-03 14:00:00,791.9
2021-08-03 15:00:00,790.5
2021-08-04 05:00:00,803.5
2021-08-04 07:00:00,798.5
2021-08-04 09:00:00,802.5999999999999
2021-08-04 10:00:00,802.0999999999999
2021-08-04 12:00:00,801.1999999999999
2021-08-04 13:00:00,803.5
2021-08-04 14:00:00,804.5
2021-08-04 15:00:00,804.4
2021-08-04 16:00:00,803.8
2021-08-05 05:00:00,810.8
2021-08-05 07:00:00,809.6999999999999
2021-08-05 08:00:00,811.0
2021-08-05 09:00:00,812.1999999999999
2021-08-05 10:00:00,812.3
2021-08-05 11:00:00,813.0999999999999
2021-08-05 12:00:00,813.8
2021-08-05 13:00:00,812.4
2021-08-05 14:00:00,811.5
2021-08-05 15:00:00,811.4
2021-08-06 05:00:00,806.3
2021-08-06 07:00:00,809.4
2021-08-06 08:00:00,810.1999999999999
2021-08-06 09:00:00,809.4
2021-08-06 10:00:00,809.5
2021-08-06 11:00:00,810.4
2021-08-06 12:00:00,805.0
2021-08-06 13:00:00,807.5999999999999
2021-08-06 14:00:00,805.5999999999999
2021-08-06 15:00:00,806.0999999999999
2021-08-09 05:00:00,810.5
2021-08-09 07:00:00,809.6999999999999
2021-08-09 08:00:00,810.5999999999999
2021-08-09 09:00:00,810.8
2021-08-09 10:00:00,810.8
2021-08-09 13:00:00,809.4
2021-08-09 14:00:00,810.6999999999999
2021-08-09 15:00:00,809.8
2021-08-10 05:00:00,813.5
2021-08-10 07:00:00,816.3
2021-08-10 08:00:00,817.0
2021-08-10 09:00:00,816.5999999999999
2021-08-10 11:00:00,819.8
2021-08-10 12:00:00,818.3
2021-08-10 13:00:00,818.1999999999999
2021-08-10 14:00:00,812.4
2021-08-10 15:00:00,812.8
2021-08-11 05:00:00,808.1999999999999
2021-08-11 07:00:00,811.0999999999999
2021-08-11 08:00:00,809.3
2021-08-11 09:00:00,809.0
2021-08-11 10:00:00,809.0999999999999
2021-08-11 11:00:00,810.5
2021-08-11 12:00:00,812.8
2021-08-11 13:00:00,813.0999999999999
2021-08-11 14:00:00,809.6999999999999
2021-08-11 15:00:00,808.5999999999999
2021-08-12 05:00:00,810.0
2021-08-12 07:00:00,806.6999999999999
2021-08-12 08:00:00,806.6999999999999
2021-08-12 09:00:00,807.4
2021-08-12 10:00:00,809.9
2021-08-12 11:00:00,810.1999999999999
2021-08-12 12:00:00,809.0
2021-08-12 13:00:00,806.9
2021-08-12 14:00:00,810.8
2021-08-12 15:00:00,810.3
2021-08-13 05:00:00,807.5
2021-08-13 07:00:00,806.6999999999999
2021-08-13 10:00:00,808.3
2021-08-13 11:00:00,807.5
2021-08-13 12:00:00,805.9
2021-08-13 14:00:00,805.8
2021-08-13 15:00:00,807.4
2021-08-16 05:00:00,802.9
2021-08-16 07:00:00,804.3
2021-08-16 08:00:00,805.5999999999999
2021-08-16 09:00:00,805.4
2021-08-16 10:00:00,806.0999999999999
2021-08-16 11:00:00,805.1999999999999
2021-08-16 12:00:00,805.0999999999999
2021-08-16 13:00:00,805.5999999999999
2021-08-16 14:00:00,801.5999999999999
2021-08-16 15:00:00,803.0999999999999
2021-08-17 05:00:00,804.8
2021-08-17 07:00:00,800.9
2021-08-17 08:00:00,805.0999999999999
2021-08-17 09:00:00,806.0999999999999
2021-08-17 10:00:00,804.9
2021-08-17 11:00:00,804.5
2021-08-17 13:00:00,800.5
2021-08-17 14:00:00,804.5
2021-08-17 15:00:00,804.4
2021-08-18 05:00:00,806.5999999999999
2021-08-18 07:00:00,804.5
2021-08-18 08:00:00,804.8
2021-08-18 09:00:00,805.6999999999999
2021-08-18 10:00:00,806.8
2021-08-18 11:00:00,806.3
2021-08-18 15:00:00,806.4
2021-08-18 19:00:00,804.4
2021-08-19 05:00:00,798.3
2021-08-19 07:00:00,794.3
2021-08-19 08:00:00,789.0999999999999
2021-08-19 09:00:00,790.5999999999999
2021-08-19 10:00:00,791.0
2021-08-19 12:00:00,787.6999999999999
2021-08-19 13:00:00,790.8
2021-08-19 14:00:00,797.8
2021-08-19 15:00:00,798.0999999999999
2021-08-20 05:00:00,804.5
2021-08-20 07:00:00,794.4
2021-08-20 08:00:00,796.0999999999999
2021-08-20 09:00:00,799.4
2021-08-20 10:00:00,799.3
2021-08-20 11:00:00,800.1999999999999
2021-08-20 12:00:00,799.1999999999999
2021-08-20 13:00:00,806.5
2021-08-20 14:00:00,804.8
2021-08-20 15:00:00,804.0999999999999
2021-08-23 05:00:00,814.6999999999999
2021-08-23 07:00:00,808.6999999999999
2021-08-23 09:00:00,810.6999999999999
2021-08-23 12:00:00,808.9
2021-08-23 14:00:00,812.8
2021-08-23 15:00:00,814.0999999999999
2021-08-24 05:00:00,817.0999999999999
2021-08-24 07:00:00,819.5
2021-08-24 08:00:00,818.9
2021-08-24 09:00:00,819.6999999999999
2021-08-24 10:00:00,818.5
2021-08-24 12:00:00,815.3
2021-08-24 13:00:00,817.6999999999999
2021-08-24 14:00:00,818.3
2021-08-24 15:00:00,817.9
2021-08-25 05:00:00,819.0999999999999
2021-08-25 07:00:00,820.4
2021-08-25 08:00:00,821.0
2021-08-25 09:00:00,820.3
2021-08-25 10:00:00,820.0999999999999
2021-08-25 11:00:00,819.9
2021-08-25 12:00:00,819.9
2021-08-25 13:00:00,820.5
2021-08-25 14:00:00,818.0999999999999
2021-08-25 15:00:00,818.8
2021-08-26 05:00:00,817.9
2021-08-26 07:00:00,815.8
2021-08-26 08:00:00,814.1999999999999
2021-08-26 09:00:00,813.3
2021-08-26 10:00:00,815.8
2021-08-26 11:00:00,816.6999999999999
2021-08-26 12:00:00,816.4
2021-08-26 13:00:00,819.0
2021-08-26 14:00:00,817.1999999999999
2021-08-26 15:00:00,818.4
2021-08-27 05:00:00,826.4
2021-08-27 07:00:00,819.6999999999999
2021-08-27 08:00:00,819.6999999999999
2021-08-27 09:00:00,822.0
2021-08-27 12:00:00,820.5
2021-08-27 13:00:00,822.1999999999999
2021-08-27 14:00:00,826.5999999999999
2021-08-27 15:00:00,826.6999999999999
2021-08-30 05:00:00,830.9
2021-08-30 07:00:00,831.4
2021-08-30 09:00:00,829.5999999999999
2021-08-30 10:00:00,829.3
2021-08-30 13:00:00,830.8
2021-08-31 05:00:00,830.4
2021-08-31 07:00:00,838.3
2021-08-31 08:00:00,838.6999999999999
2021-08-31 09:00:00,836.9
2021-08-31 10:00:00,832.8
2021-08-31 11:00:00,834.9
2021-08-31 12:00:00,834.5
2021-08-31 13:00:00,829.5
2021-08-31 14:00:00,827.8
2021-08-31 15:00:00,829.5999999999999
2021-09-01 05:00:00,841.5999999999999
2021-09-01 07:00:00,839.9
2021-09-01 08:00:00,838.0999999999999
2021-09-01 09:00:00,840.4
2021-09-01 10:00:00,839.9
2021-09-01 11:00:00,842.3
2021-09-01 12:00:00,839.9
2021-09-01 13:00:00,838.1999999999999
2021-09-01 14:00:00,842.3
2021-09-01 15:00:00,847.0
2021-09-02 05:00:00,845.6999999999999
2021-09-02 07:00:00,841.9
2021-09-02 08:00:00,845.8
2021-09-02 09:00:00,845.4
2021-09-02 10:00:00,843.8
2021-09-02 11:00:00,843.9
2021-09-02 12:00:00,845.6999999999999
2021-09-02 13:00:00,844.0999999999999
2021-09-02 14:00:00,844.9
2021-09-02 15:00:00,845.1999999999999
2021-09-03 05:00:00,841.9
2021-09-03 07:00:00,844.1999999999999
2021-09-03 08:00:00,843.3
2021-09-03 09:00:00,841.1999999999999
2021-09-03 10:00:00,841.4
2021-09-03 11:00:00,840.3
2021-09-03 12:00:00,839.6999999999999
2021-09-03 13:00:00,835.8
2021-09-03 14:00:00,841.8
2021-09-03 15:00:00,841.1999999999999
2021-09-06 05:00:00,855.1999999999999
2021-09-06 07:00:00,852.0
2021-09-06 08:00:00,854.1999999999999
2021-09-06 09:00:00,853.4
2021-09-06 10:00:00,855.5
2021-09-06 11:00:00,856.6999999999999
2021-09-06 12:00:00,854.5
2021-09-06 13:00:00,856.0999999999999
2021-09-06 14:00:00,855.5
2021-09-06 15:00:00,855.3
2021-09-07 05:00:00,851.9
2021-09-07 07:00:00,856.4
2021-09-07 08:00:00,853.3
2021-09-07 09:00:00,853.0999999999999
2021-09-07 10:00:00,852.1999999999999
2021-09-07 11:00:00,855.0999999999999
2021-09-07 12:00:00,853.5
2021-09-07 13:00:00,850.5
2021-09-07 14:00:00,853.3
2021-09-07 15:00:00,851.9
2021-09-08 05:00:00,840.9
2021-09-08 07:00:00,842.5
2021-09-08 08:00:00,840.4
2021-09-08 09:00:00,842.9
2021-09-08 10:00:00,845.8
2021-09-08 11:00:00,845.0999999999999
2021-09-08 12:00:00,842.3
2021-09-08 13:00:00,842.8
2021-09-08 14:00:00,839.8
2021-09-08 15:00:00,841.3
2021-09-09 05:00:00,836.8
2021-09-09 07:00:00,833.4
2021-09-09 08:00:00,833.1999999999999
2021-09-09 09:00:00,834.8
2021-09-09 10:00:00,835.1999999999999
2021-09-09 11:00:00,835.8
2021-09-09 12:00:00,838.3
2021-09-09 13:00:00,839.9
2021-09-09 14:00:00,839.5
2021-09-09 15:00:00,836.8
2021-09-09 16:00:00,840.0
2021-09-10 05:00:00,841.9
2021-09-10 07:00:00,843.1999999999999
2021-09-10 10:00:00,845.1999999999999
2021-09-10 11:00:00,847.1999999999999
2021-09-13 05:00:00,836.8
2021-09-13 15:00:00,837.0999999999999
2021-09-14 05:00:00,846.8
2021-09-14 07:00:00,835.9
2021-09-14 10:00:00,839.9
2021-09-14 11:00:00,837.4
2021-09-14 12:00:00,841.9
2021-09-14 13:00:00,844.9999999999999
2021-09-14 14:00:00,844.9
2021-09-14 15:00:00,847.8
2021-09-15 05:00:00,838.4
2021-09-15 07:00:00,848.0999999999999
2021-09-15 09:00:00,848.0999999999999
2021-09-15 13:00:00,841.0999999999999
2021-09-15 14:00:00,839.4999999999999
2021-09-15 15:00:00,839.4
2021-09-16 05:00:00,842.8
2021-09-16 07:00:00,844.5999999999999
2021-09-16 08:00:00,842.0999999999999
2021-09-16 09:00:00,840.9
2021-09-16 10:00:00,841.5999999999999
2021-09-16 11:00:00,840.9999999999999
2021-09-16 12:00:00,839.4999999999999
2021-09-16 13:00:00,841.5999999999999
2021-09-16 14:00:00,843.8
2021-09-16 15:00:00,843.1999999999999
2021-09-17 05:00:00,830.4
2021-09-17 07:00:00,851.1999999999999
2021-09-17 08:00:00,849.9
2021-09-17 09:00:00,843.1999999999999
2021-09-17 10:00:00,839.6999999999999
2021-09-17 11:00:00,841.4
2021-09-17 12:00:00,839.1999999999999
2021-09-17 13:00:00,840.8
2021-09-17 14:00:00,831.5999999999999
2021-09-17 15:00:00,832.1999999999999
2021-09-17 17:00:00,833.6999999999999
2021-09-20 05:00:00,817.9999999999999
2021-09-20 07:00:00,820.9999999999999
2021-09-20 08:00:00,820.8
2021-09-20 09:00:00,819.3
2021-09-20 10:00:00,818.0999999999999
2021-09-20 11:00:00,813.9
2021-09-20 12:00:00,812.4999999999999
2021-09-20 13:00:00,818.1999999999999
2021-09-20 14:00:00,815.4
2021-09-20 15:00:00,817.3
2021-09-21 05:00:00,829.0999999999999
2021-09-21 07:00:00,827.0999999999999
2021-09-21 08:00:00,829.4999999999999
2021-09-21 09:00:00,829.4999999999999
2021-09-21 10:00:00,830.3
2021-09-21 12:00:00,829.6999999999999
2021-09-21 13:00:00,829.9999999999999
2021-09-21 14:00:00,827.6999999999999
2021-09-21 15:00:00,830.0999999999999
2021-09-22 05:00:00,832.9999999999999
2021-09-22 06:00:00,833.6999999999999
2021-09-22 07:00:00,829.0999999999999
2021-09-22 08:00:00,831.1999999999999
2021-09-22 09:00:00,826.4
2021-09-22 10:00:00,827.4
2021-09-22 11:00:00,827.5999999999999
2021-09-22 12:00:00,827.8
2021-09-22 13:00:00,827.6999999999999
2021-09-22 14:00:00,832.9999999999999
2021-09-22 15:00:00,833.1999999999999
2021-09-23 05:00:00,847.8
2021-09-23 06:00:00,840.5999999999999
2021-09-23 07:00:00,847.3
2021-09-23 08:00:00,850.8
2021-09-23 09:00:00,850.9
2021-09-23 10:00:00,845.9
2021-09-23 11:00:00,847.3
2021-09-23 12:00:00,847.6999999999999
2021-09-23 14:00:00,850.3
2021-09-23 15:00:00,848.5999999999999
2021-09-24 05:00:00,834.9999999999999
2021-09-24 07:00:00,840.4
2021-09-24 08:00:00,841.4
2021-09-24 09:00:00,838.4
2021-09-24 10:00:00,836.9999999999999
2021-09-24 11:00:00,836.9999999999999
2021-09-24 13:00:00,839.4
2021-09-24 14:00:00,836.4
2021-09-24 15:00:00,839.9
2021-09-27 05:00:00,823.9
2021-09-27 07:00:00,839.5999999999999
2021-09-27 08:00:00,833.1999999999999
2021-09-27 09:00:00,832.9
2021-09-27 10:00:00,827.3
2021-09-27 11:00:00,827.6999999999999
2021-09-27 12:00:00,826.5999999999999
2021-09-27 13:00:00,824.4
2021-09-27 14:00:00,824.6999999999999
2021-09-27 15:00:00,823.4999999999999
2021-09-28 05:00:00,787.6999999999999
2021-09-28 07:00:00,798.1999999999999
2021-09-28 08:00:00,798.1999999999999
2021-09-28 09:00:00,792.4999999999999
2021-09-28 10:00:00,793.9999999999999
2021-09-28 11:00:00,793.5999999999999
2021-09-28 12:00:00,790.1999999999999
2021-09-28 13:00:00,793.5999999999999
2021-09-28 14:00:00,788.4999999999999
2021-09-28 15:00:00,786.9999999999999
2021-09-29 05:00:00,781.4999999999999
2021-09-29 07:00:00,795.1999999999999
2021-09-29 08:00:00,794.4
2021-09-29 11:00:00,794.4
2021-09-29 13:00:00,791.8
2021-09-29 14:00:00,784.8
2021-09-29 15:00:00,780.0999999999999
2021-09-29 18:00:00,779.3
2021-09-30 05:00:00,781.4
2021-09-30 07:00:00,793.1999999999999
2021-09-30 08:00:00,788.8
2021-09-30 10:00:00,782.9
2021-09-30 11:00:00,779.3
2021-09-30 12:00:00,780.4999999999999
2021-09-30 13:00:00,778.4
2021-09-30 14:00:00,781.5999999999999
2021-09-30 15:00:00,780.9999999999999
2021-10-01 05:00:00,767.1999999999999
2021-10-01 07:00:00,771.5999999999999
2021-10-01 08:00:00,769.3
2021-10-01 09:00:00,769.9
2021-10-01 10:00:00,769.9999999999999
2021-10-01 11:00:00,775.4
2021-10-01 12:00:00,773.0999999999999
2021-10-01 13:00:00,768.9999999999999
2021-10-01 14:00:00,768.9999999999999
2021-10-01 15:00:00,769.1999999999999
2021-10-04 05:00:00,753.4999999999999
2021-10-04 07:00:00,759.9999999999999
2021-10-04 08:00:00,759.4999999999999
2021-10-04 09:00:00,767.5999999999999
2021-10-04 10:00:00,764.9
2021-10-04 11:00:00,763.0999999999999
2021-10-04 12:00:00,763.9999999999999
2021-10-04 13:00:00,759.8
2021-10-04 14:00:00,752.9999999999999
2021-10-04 15:00:00,753.1999999999999
2021-10-04 18:00:00,753.4
2021-10-05 05:00:00,768.5999999999999
2021-10-05 07:00:00,754.0999999999999
2021-10-05 08:00:00,758.9
2021-10-05 09:00:00,762.6999999999999
2021-10-05 10:00:00,759.9
2021-10-05 11:00:00,762.4999999999999
2021-10-05 12:00:00,762.0999999999999
2021-10-05 13:00:00,762.0999999999999
2021-10-05 14:00:00,769.4999999999999
2021-10-05 15:00:00,768.8
2021-10-05 18:00:00,772.1999999999999
2021-10-06 05:00:00,762.0999999999999
2021-10-06 07:00:00,753.0999999999999
2021-10-06 08:00:00,754.8
2021-10-06 09:00:00,752.9
2021-10-06 10:00:00,750.9999999999999
2021-10-06 11:00:00,753.4
2021-10-06 12:00:00,755.4
2021-10-06 13:00:00,759.5999999999999
2021-10-06 14:00:00,766.3
2021-10-06 15:00:00,761.9999999999999
2021-10-07 05:00:00,778.9
2021-10-07 06:00:00,774.1999999999999
2021-10-07 07:00:00,772.9999999999999
2021-10-07 08:00:00,770.9999999999999
2021-10-07 09:00:00,769.4
2021-10-07 10:00:00,767.8
2021-10-07 11:00:00,770.3
2021-10-07 12:00:00,772.8
2021-10-07 13:00:00,772.4
2021-10-07 14:00:00,778.0999999999999
2021-10-07 15:00:00,778.9999999999999
2021-10-08 05:00:00,770.3
2021-10-08 07:00:00,770.8
2021-10-08 08:00:00,774.4
2021-10-08 09:00:00,771.9999999999999
2021-10-08 10:00:00,776.1999999999999
2021-10-08 11:00:00,775.9
2021-10-08 12:00:00,776.0999999999999
2021-10-08 13:00:00,772.5999999999999
2021-10-08 14:00:00,769.9999999999999
2021-10-08 15:00:00,771.0999999999999
2021-10-11 05:00:00,765.4999999999999
2021-10-11 07:00:00,761.8
2021-10-11 08:00:00,764.4999999999999
2021-10-11 10:00:00,760.3
2021-10-11 11:00:00,754.9999999999999
2021-10-11 12:00:00,759.8
2021-10-11 13:00:00,763.0999999999999
2021-10-11 14:00:00,763.9999999999999
2021-10-11 15:00:00,765.3
2021-10-12 05:00:00,762.9999999999999
2021-10-12 07:00:00,758.4
2021-10-12 08:00:00,761.5999999999999
2021-10-12 09:00:00,768.5999999999999
2021-10-12 10:00:00,768.9
2021-10-12 11:00:00,766.9
2021-10-12 12:00:00,765.9999999999999
2021-10-12 13:00:00,765.4999999999999
2021-10-12 14:00:00,761.5999999999999
2021-10-12 15:00:00,763.0999999999999
2021-10-13 05:00:00,783.3
2021-10-13 07:00:00,773.5999999999999
2021-10-13 08:00:00,780.5999999999999
2021-10-13 09:00:00,780.0999999999999
2021-10-13 10:00:00,781.5999999999999
2021-10-13 11:00:00,782.9
2021-10-13 12:00:00,778.9
2021-10-13 13:00:00,782.4
2021-10-13 14:00:00,781.5999999999999
2021-10-13 15:00:00,782.3
2021-10-14 05:00:00,800.0999999999999
2021-10-14 07:00:00,795.4
2021-10-14 08:00:00,797.0999999999999
2021-10-14 09:00:00,796.6999999999999
2021-10-14 10:00:00,794.9999999999999
2021-10-14 11:00:00,797.8
2021-10-14 12:00:00,797.8
2021-10-14 13:00:00,798.8
2021-10-14 14:00:00,799.4
2021-10-14 15:00:00,800.0999999999999
2021-10-15 05:00:00,807.9999999999999
2021-10-15 07:00:00,801.3
2021-10-15 08:00:00,805.4999999999999
2021-10-15 09:00:00,804.4999999999999
2021-10-15 10:00:00,804.1999999999999
2021-10-15 11:00:00,802.6999999999999
2021-10-15 12:00:00,804.9
2021-10-15 13:00:00,805.5999999999999
2021-10-15 14:00:00,807.9
2021-10-15 15:00:00,807.9999999999999
2021-10-18 05:00:00,807.8
2021-10-18 07:00:00,800.9
2021-10-18 08:00:00,803.8
2021-10-18 09:00:00,803.9
2021-10-18 10:00:00,801.3
2021-10-18 11:00:00,801.4999999999999
2021-10-18 12:00:00,799.5999999999999
2021-10-18 13:00:00,804.1999999999999
2021-10-18 14:00:00,807.3
2021-10-18 15:00:00,806.9
2021-10-19 05:00:00,814.3
2021-10-19 07:00:00,811.8
2021-10-19 08:00:00,807.9
2021-10-19 09:00:00,808.6999999999999
2021-10-19 10:00:00,811.6999999999999
2021-10-19 11:00:00,810.5999999999999
2021-10-19 12:00:00,810.3
2021-10-19 13:00:00,812.5999999999999
2021-10-19 14:00:00,814.4
2021-10-19 15:00:00,814.4999999999999
2021-10-20 05:00:00,805.5999999999999
2021-10-20 07:00:00,812.3
2021-10-20 08:00:00,812.4999999999999
2021-10-20 09:00:00,814.9999999999999
2021-10-20 10:00:00,812.9999999999999
2021-10-20 11:00:00,813.5999999999999
2021-10-20 12:00:00,813.0999999999999
2021-10-20 13:00:00,806.3
2021-10-20 14:00:00,804.0999999999999
2021-10-20 15:00:00,804.9
2021-10-21 05:00:00,805.5999999999999
2021-10-21 07:00:00,809.4999999999999
2021-10-21 08:00:00,806.5999999999999
2021-10-21 09:00:00,810.4
2021-10-21 10:00:00,809.9
2021-10-21 11:00:00,807.9
2021-10-21 12:00:00,807.3
2021-10-21 13:00:00,801.4
2021-10-21 14:00:00,806.5999999999999
2021-10-21 15:00:00,808.0999999999999
2021-10-21 16:00:00,808.0999999999999
2021-10-22 05:00:00,817.9999999999999
2021-10-22 07:00:00,814.9
2021-10-22 08:00:00,818.1999999999999
2021-10-22 09:00:00,817.1999999999999
2021-10-22 10:00:00,817.4999999999999
2021-10-22 11:00:00,819.0999999999999
2021-10-22 12:00:00,816.5999999999999
2021-10-22 13:00:00,819.1999999999999
2021-10-22 14:00:00,820.8
2021-10-22 15:00:00,817.6999999999999
2021-10-25 05:00:00,817.0999999999999
2021-10-25 07:00:00,816.8
2021-10-25 08:00:00,816.8
2021-10-25 09:00:00,817.9999999999999
2021-10-25 12:00:00,817.3
2021-10-25 13:00:00,815.9999999999999
2021-10-25 14:00:00,816.0999999999999
2021-10-25 15:00:00,817.0999999999999
2021-10-26 05:00:00,821.9999999999999
2021-10-26 07:00:00,817.9
2021-10-26 08:00:00,821.8
2021-10-26 09:00:00,822.9
2021-10-26 10:00:00,820.0999999999999
2021-10-26 11:00:00,819.4
2021-10-26 13:00:00,822.3
2021-10-26 14:00:00,821.9
2021-10-26 15:00:00,822.1999999999999
2021-10-27 05:00:00,823.1999999999999
2021-10-27 08:00:00,820.9
2021-10-27 09:00:00,819.4999999999999
2021-10-27 10:00:00,820.9
2021-10-27 11:00:00,822.1999999999999
2021-10-27 12:00:00,819.4
2021-10-27 13:00:00,825.3
2021-10-27 14:00:00,822.4
2021-10-27 15:00:00,822.5999999999999
2021-10-28 05:00:00,833.0999999999999
2021-10-28 07:00:00,830.9
2021-10-28 08:00:00,832.1999999999999
2021-10-28 09:00:00,832.8
2021-10-28 10:00:00,834.6999999999999
2021-10-28 11:00:00,835.3
2021-10-28 12:00:00,832.3
2021-10-28 13:00:00,833.9999999999999
2021-10-28 14:00:00,831.6999999999999
2021-10-28 15:00:00,832.8
2021-10-29 05:00:00,833.0999999999999
2021-10-29 07:00:00,825.5999999999999
2021-10-29 08:00:00,821.9
2021-10-29 09:00:00,824.6999999999999
2021-10-29 10:00:00,823.5999999999999
2021-10-29 11:00:00,823.9999999999999
2021-10-29 12:00:00,824.9
2021-10-29 13:00:00,827.6999999999999
2021-10-29 14:00:00,833.3
2021-10-29 15:00:00,833.5999999999999
2021-11-01 05:00:00,834.9
2021-11-01 07:00:00,837.1999999999999
2021-11-01 08:00:00,837.1999999999999
2021-11-01 10:00:00,831.6999999999999
2021-11-01 11:00:00,831.6999999999999
2021-11-01 13:00:00,830.6999999999999
2021-11-01 14:00:00,831.5999999999999
2021-11-01 16:00:00,834.6999999999999
2021-11-02 05:00:00,836.9999999999999
2021-11-02 08:00:00,837.4
2021-11-02 09:00:00,838.4
2021-11-02 11:00:00,836.6999999999999
2021-11-02 12:00:00,836.9
2021-11-02 13:00:00,838.9999999999999
2021-11-02 14:00:00,836.0999999999999
2021-11-02 15:00:00,837.0999999999999
2021-11-02 16:00:00,836.4999999999999
2021-11-03 05:00:00,843.9999999999999
2021-11-03 08:00:00,840.9
2021-11-03 10:00:00,839.4
2021-11-03 11:00:00,841.4
2021-11-03 12:00:00,841.4
2021-11-03 13:00:00,841.0999999999999
2021-11-03 14:00:00,841.6999999999999
2021-11-03 15:00:00,843.9999999999999
2021-11-03 16:00:00,843.9999999999999
2021-11-04 05:00:00,857.0999999999999
2021-11-04 08:00:00,849.0999999999999
2021-11-04 09:00:00,848.1999999999999
2021-11-04 10:00:00,849.0999999999999
2021-11-04 11:00:00,851.0999999999999
2021-11-04 12:00:00,850.4999999999999
2021-11-04 13:00:00,854.4999999999999
2021-11-04 14:00:00,858.0999999999999
2021-11-04 15:00:00,857.8
2021-11-04 16:00:00,856.0999999999999
2021-11-05 05:00:00,859.0999999999999
2021-11-05 08:00:00,859.5999999999999
2021-11-05 09:00:00,864.0999999999999
2021-11-05 10:00:00,865.0999999999999
2021-11-05 11:00:00,861.9
2021-11-05 12:00:00,862.9999999999999
2021-11-05 13:00:00,860.3
2021-11-05 14:00:00,860.9
2021-11-05 15:00:00,861.0999999999999
2021-11-05 16:00:00,860.5999999999999
2021-11-08 06:00:00,861.1999999999999
2021-11-08 08:00:00,861.0999999999999
2021-11-08 09:00:00,861.5999999999999
2021-11-08 10:00:00,861.5999999999999
2021-11-08 11:00:00,862.5999999999999
2021-11-08 14:00:00,860.9999999999999
2021-11-08 15:00:00,861.9
2021-11-08 16:00:00,860.9
2021-11-09 06:00:00,858.5999999999999
2021-11-09 08:00:00,859.0999999999999
2021-11-09 09:00:00,861.6999999999999
2021-11-09 10:00:00,860.3
2021-11-09 12:00:00,861.8
2021-11-09 14:00:00,862.1999999999999
2021-11-09 15:00:00,859.5999999999999
2021-11-09 16:00:00,858.3
2021-11-10 06:00:00,848.0999999999999
2021-11-10 07:00:00,860.5999999999999
2021-11-10 08:00:00,858.9999999999999
2021-11-10 09:00:00,853.0999999999999
2021-11-10 10:00:00,846.4999999999999
2021-11-10 11:00:00,843.4999999999999
2021-11-10 12:00:00,846.6999999999999
2021-11-10 13:00:00,843.9999999999999
2021-11-10 14:00:00,847.5999999999999
2021-11-10 15:00:00,848.9999999999999
2021-11-10 16:00:00,847.8
2021-11-11 06:00:00,854.3
2021-11-11 08:00:00,842.3
2021-11-11 09:00:00,847.4
2021-11-11 10:00:00,847.4999999999999
2021-11-11 11:00:00,848.6999999999999
2021-11-11 13:00:00,852.3
2021-11-11 14:00:00,852.4999999999999
2021-11-11 15:00:00,854.6999999999999
2021-11-11 16:00:00,854.8
2021-11-12 06:00:00,860.8
2021-11-12 08:00:00,856.4
2021-11-12 09:00:00,856.4
2021-11-12 10:00:00,853.8
2021-11-12 12:00:00,858.0999999999999
2021-11-12 13:00:00,859.1999999999999
2021-11-12 14:00:00,857.0999999999999
2021-11-12 15:00:00,860.1999999999999
2021-11-12 16:00:00,860.4999999999999
2021-11-15 06:00:00,866.4999999999999
2021-11-15 08:00:00,862.1999999999999
2021-11-15 09:00:00,861.8
2021-11-15 10:00:00,864.9999999999999
2021-11-15 12:00:00,864.6999999999999
2021-11-15 13:00:00,865.4999999999999
2021-11-15 14:00:00,866.6999999999999
2021-11-15 15:00:00,865.9999999999999
2021-11-15 16:00:00,866.9
2021-11-16 06:00:00,872.4
2021-11-16 08:00:00,869.4999999999999
2021-11-16 09:00:00,870.1999999999999
2021-11-16 11:00:00,870.5999999999999
2021-11-16 12:00:00,869.4999999999999
2021-11-16 13:00:00,869.3
2021-11-16 14:00:00,871.3
2021-11-16 15:00:00,870.5999999999999
2021-11-16 16:00:00,873.3
2021-11-17 06:00:00,877.9
2021-11-17 08:00:00,875.3
2021-11-17 09:00:00,876.9999999999999
2021-11-17 10:00:00,876.4
2021-11-17 11:00:00,876.4999999999999
2021-11-17 12:00:00,877.1999999999999
2021-11-17 13:00:00,878.4
2021-11-17 14:00:00,876.1999999999999
2021-11-17 15:00:00,877.4
2021-11-17 16:00:00,878.1999999999999
2021-11-18 06:00:00,876.9999999999999
2021-11-18 08:00:00,879.9
2021-11-18 09:00:00,880.3
2021-11-18 10:00:00,880.0999999999999
2021-11-18 13:00:00,879.4
2021-11-18 14:00:00,879.4
2021-11-18 15:00:00,876.9999999999999
2021-11-18 16:00:00,877.4
2021-11-19 06:00:00,878.4999999999999
2021-11-19 08:00:00,878.1999999999999
2021-11-19 09:00:00,883.5999999999999
2021-11-19 10:00:00,882.3
2021-11-19 11:00:00,881.6999999999999
2021-11-19 12:00:00,877.4999999999999
2021-11-19 13:00:00,878.3
2021-11-19 14:00:00,878.6999999999999
2021-11-19 15:00:00,875.4
2021-11-19 16:00:00,877.8
2021-11-22 06:00:00,861.1999999999999
2021-11-22 08:00:00,876.4
2021-11-22 09:00:00,875.8
2021-11-22 10:00:00,872.4999999999999
2021-11-22 11:00:00,872.4
2021-11-22 12:00:00,869.8
2021-11-22 13:00:00,869.1999999999999
2021-11-22 14:00:00,869.3
2021-11-22 15:00:00,866.9999999999999
2021-11-22 16:00:00,861.4999999999999
2021-11-23 06:00:00,833.6999999999999
2021-11-23 08:00:00,837.4
2021-11-23 09:00:00,841.0999999999999
2021-11-23 10:00:00,842.6999999999999
2021-11-23 11:00:00,842.3
2021-11-23 12:00:00,841.4
2021-11-23 13:00:00,839.1999999999999
2021-11-23 14:00:00,845.5999999999999
2021-11-23 15:00:00,830.9
2021-11-23 16:00:00,833.8
2021-11-24 06:00:00,830.4
2021-11-24 08:00:00,834.5999999999999
2021-11-24 09:00:00,820.8
2021-11-24 10:00:00,826.4999999999999
2021-11-24 11:00:00,823.5999999999999
2021-11-24 12:00:00,823.4
2021-11-24 13:00:00,819.9
2021-11-24 14:00:00,822.9
2021-11-24 15:00:00,828.4999999999999
2021-11-24 16:00:00,830.4
2021-11-25 06:00:00,834.5999999999999
2021-11-25 08:00:00,838.0999999999999
2021-11-25 09:00:00,836.1999999999999
2021-11-25 10:00:00,832.4999999999999
2021-11-25 11:00:00,829.8
2021-11-25 13:00:00,831.8
2021-11-25 14:00:00,831.9
2021-11-25 15:00:00,835.3
2021-11-25 16:00:00,834.6999999999999
2021-11-26 06:00:00,808.9
2021-11-26 08:00:00,819.6999999999999
2021-11-26 09:00:00,822.0999999999999
2021-11-26 10:00:00,823.3
2021-11-26 11:00:00,822.6999999999999
2021-11-26 12:00:00,822.4
2021-11-26 13:00:00,818.0999999999999
2021-11-26 14:00:00,818.6999999999999
2021-11-26 15:00:00,815.6999999999999
2021-11-26 16:00:00,810.4999999999999
2021-11-29 06:00:00,820.6999999999999
2021-11-29 08:00:00,817.0999999999999
2021-11-29 09:00:00,817.9
2021-11-29 10:00:00,819.1999999999999
2021-11-29 11:00:00,818.8
2021-11-29 12:00:00,818.9
2021-11-29 13:00:00,819.6999999999999
2021-11-29 14:00:00,823.3
2021-11-29 15:00:00,820.5999999999999
2021-11-29 16:00:00,821.9
2021-11-30 06:00:00,817.1999999999999
2021-11-30 08:00:00,812.9999999999999
2021-11-30 09:00:00,812.6999999999999
2021-11-30 10:00:00,813.1999999999999
2021-11-30 11:00:00,814.8
2021-11-30 12:00:00,815.5999999999999
2021-11-30 13:00:00,820.0999999999999
2021-11-30 14:00:00,828.4999999999999
2021-11-30 15:00:00,817.9
2021-11-30 16:00:00,812.8
2021-12-01 06:00:00,842.3
2021-12-01 08:00:00,818.5999999999999
2021-12-01 09:00:00,827.3
2021-12-01 10:00:00,826.4
2021-12-01 11:00:00,828.4999999999999
2021-12-01 12:00:00,831.6999999999999
2021-12-01 13:00:00,831.4999999999999
2021-12-01 14:00:00,833.3
2021-12-01 15:00:00,838.6999999999999
2021-12-01 16:00:00,840.8
2021-12-02 06:00:00,809.9
2021-12-02 08:00:00,821.1999999999999
2021-12-02 09:00:00,818.4999999999999
2021-12-02 10:00:00,816.3
2021-12-02 12:00:00,807.0999999999999
2021-12-02 13:00:00,806.3
2021-12-02 14:00:00,813.3
2021-12-02 15:00:00,808.6999999999999
2021-12-02 16:00:00,809.9
2021-12-03 06:00:00,795.9999999999999
2021-12-03 08:00:00,808.9999999999999
2021-12-03 09:00:00,809.1999999999999
2021-12-03 10:00:00,806.3
2021-12-03 11:00:00,809.0999999999999
2021-12-03 13:00:00,814.0999999999999
2021-12-03 14:00:00,802.4
2021-12-03 15:00:00,795.9999999999999
2021-12-03 16:00:00,797.6999999999999
2021-12-06 06:00:00,794.9999999999999
2021-12-06 08:00:00,801.0999999999999
2021-12-06 09:00:00,792.8
2021-12-06 10:00:00,793.1999999999999
2021-12-06 11:00:00,796.3
2021-12-06 12:00:00,796.4999999999999
2021-12-06 13:00:00,799.3
2021-12-06 14:00:00,794.4999999999999
2021-12-06 15:00:00,795.4
2021-12-06 16:00:00,795.0999999999999
2021-12-07 06:00:00,835.9
2021-12-07 07:00:00,808.6999999999999
2021-12-07 08:00:00,821.6999999999999
2021-12-07 09:00:00,825.9999999999999
2021-12-07 10:00:00,826.4999999999999
2021-12-07 11:00:00,824.8
2021-12-07 13:00:00,824.6999999999999
2021-12-07 14:00:00,826.4999999999999
2021-12-07 15:00:00,835.0999999999999
2021-12-07 16:00:00,837.1999999999999
2021-12-07 17:00:00,837.1999999999999
2021-12-08 06:00:00,826.3
2021-12-08 08:00:00,838.4999999999999
2021-12-08 09:00:00,838.5999999999999
2021-12-08 10:00:00,832.4
2021-12-08 11:00:00,837.0999999999999
2021-12-08 13:00:00,830.9999999999999
2021-12-08 14:00:00,829.4999999999999
2021-12-08 15:00:00,826.4999999999999
2021-12-08 16:00:00,826.9
2021-12-09 06:00:00,820.5999999999999
2021-12-09 08:00:00,829.6999999999999
2021-12-09 09:00:00,829.4999999999999
2021-12-09 10:00:00,823.0999999999999
2021-12-09 11:00:00,822.4999999999999
2021-12-09 12:00:00,821.8
2021-12-09 14:00:00,820.9999999999999
2021-12-09 15:00:00,819.3
2021-12-09 16:00:00,820.3
2021-12-10 06:00:00,813.9
2021-12-10 13:00:00,812.4
2021-12-13 06:00:00,811.0
2021-12-13 16:00:00,811.6999999999999
2021-12-14 06:00:00,794.0
2021-12-14 08:00:00,814.3
2021-12-14 09:00:00,809.8
2021-12-14 10:00:00,806.9
2021-12-14 11:00:00,807.3
2021-12-14 12:00:00,807.5999999999999
2021-12-14 14:00:00,797.1999999999999
2021-12-14 15:00:00,793.5999999999999
2021-12-14 16:00:00,793.5
2021-12-15 06:00:00,804.0999999999999
2021-12-15 08:00:00,805.5999999999999
2021-12-15 09:00:00,802.4
2021-12-15 11:00:00,801.9
2021-12-15 13:00:00,802.5
2021-12-15 14:00:00,802.0
2021-12-15 15:00:00,804.5999999999999
2021-12-15 16:00:00,804.1999999999999
2021-12-15 19:00:00,809.1999999999999
2021-12-15 20:00:00,813.4
2021-12-16 06:00:00,807.8
2021-12-16 07:00:00,822.9
2021-12-16 08:00:00,827.0
2021-12-16 09:00:00,819.0999999999999
2021-12-16 11:00:00,828.1999999999999
2021-12-16 12:00:00,825.5999999999999
2021-12-16 13:00:00,823.5999999999999
2021-12-16 14:00:00,823.9
2021-12-16 15:00:00,812.6999999999999
2021-12-16 16:00:00,808.0999999999999
2021-12-16 19:00:00,801.3
2021-12-17 06:00:00,800.6999999999999
2021-12-17 08:00:00,794.8
2021-12-17 09:00:00,791.5
2021-12-17 10:00:00,792.8
2021-12-17 11:00:00,790.6999999999999
2021-12-17 12:00:00,790.0999999999999
2021-12-17 13:00:00,794.6999999999999
2021-12-17 14:00:00,793.3
2021-12-17 15:00:00,800.6999999999999
2021-12-17 16:00:00,799.0999999999999
2021-12-20 06:00:00,792.1999999999999
2021-12-20 08:00:00,790.5999999999999
2021-12-20 09:00:00,788.9
2021-12-20 10:00:00,791.5
2021-12-20 11:00:00,792.0999999999999
2021-12-20 13:00:00,790.9
2021-12-20 14:00:00,791.4
2021-12-20 15:00:00,793.3
2021-12-20 16:00:00,793.1999999999999
2021-12-20 20:00:00,795.0999999999999
2021-12-21 06:00:00,804.9
2021-12-21 07:00:00,806.1999999999999
2021-12-21 08:00:00,799.3
2021-12-21 09:00:00,798.9
2021-12-21 10:00:00,802.0999999999999
2021-12-21 11:00:00,806.5999999999999
2021-12-21 12:00:00,807.5999999999999
2021-12-21 13:00:00,807.1999999999999
2021-12-21 14:00:00,802.5999999999999
2021-12-21 15:00:00,803.4
2021-12-21 16:00:00,804.5999999999999
2021-12-22 06:00:00,817.9
2021-12-22 08:00:00,809.6999999999999
2021-12-22 09:00:00,808.8
2021-12-22 10:00:00,808.9
2021-12-22 14:00:00,811.0
2021-12-22 15:00:00,816.4
2021-12-22 16:00:00,817.8
2021-12-23 06:00:00,829.6999999999999
2021-12-23 08:00:00,819.3
2021-12-23 09:00:00,822.9
2021-12-23 10:00:00,824.1999999999999
2021-12-23 12:00:00,826.5999999999999
2021-12-23 15:00:00,830.0
2021-12-23 16:00:00,829.1999999999999
2021-12-27 06:00:00,838.6999999999999
2021-12-27 08:00:00,825.6999999999999
2021-12-27 09:00:00,827.0999999999999
2021-12-27 15:00:00,838.5
2021-12-27 16:00:00,838.5
2021-12-28 06:00:00,839.3
2021-12-28 12:00:00,843.0
2021-12-28 14:00:00,839.8
2021-12-28 15:00:00,840.0999999999999
2021-12-29 06:00:00,831.5
2021-12-29 08:00:00,838.0999999999999
2021-12-29 10:00:00,835.0999999999999
2021-12-29 11:00:00,835.5
2021-12-29 12:00:00,835.4
2021-12-29 13:00:00,832.9
2021-12-29 14:00:00,832.1999999999999
2021-12-29 15:00:00,830.1999999999999
2021-12-29 16:00:00,831.5
2021-12-30 06:00:00,836.0
2021-12-30 09:00:00,835.8
2021-12-30 11:00:00,835.0999999999999
2021-12-30 13:00:00,836.8
2021-12-30 14:00:00,834.8
2021-12-30 15:00:00,836.5
2021-12-30 16:00:00,835.4
2022-01-03 06:00:00,835.8
2022-01-03 09:00:00,835.0999999999999
2022-01-03 11:00:00,837.4
2022-01-03 12:00:00,836.5
2022-01-03 14:00:00,829.1999999999999
2022-01-03 15:00:00,836.9
2022-01-03 16:00:00,836.8
2022-01-04 06:00:00,822.8
2022-01-04 08:00:00,833.6999999999999
2022-01-04 09:00:00,837.0999999999999
2022-01-04 10:00:00,841.4
2022-01-04 11:00:00,840.5999999999999
2022-01-04 12:00:00,840.0
2022-01-04 13:00:00,838.8
2022-01-04 15:00:00,821.0999999999999
2022-01-04 16:00:00,822.5
2022-01-05 06:00:00,819.5999999999999
2022-01-05 08:00:00,822.0
2022-01-05 09:00:00,822.0999999999999
2022-01-05 10:00:00,824.4
2022-01-05 11:00:00,823.0999999999999
2022-01-05 12:00:00,821.8
2022-01-05 13:00:00,821.0
2022-01-05 14:00:00,819.6999999999999
2022-01-05 15:00:00,819.6999999999999
2022-01-05 16:00:00,819.8
2022-01-06 06:00:00,798.8
2022-01-06 08:00:00,799.9
2022-01-06 09:00:00,798.8
2022-01-06 11:00:00,795.5999999999999
2022-01-06 12:00:00,793.6999999999999
2022-01-06 13:00:00,796.9
2022-01-06 14:00:00,793.1999999999999
2022-01-06 15:00:00,797.9
2022-01-06 16:00:00,799.3
2022-01-07 06:00:00,800.3
2022-01-07 08:00:00,804.6999999999999
2022-01-07 09:00:00,804.9
2022-01-07 10:00:00,806.8
2022-01-07 11:00:00,804.5
2022-01-07 12:00:00,802.1999999999999
2022-01-07 13:00:00,798.3
2022-01-07 14:00:00,805.6999999999999
2022-01-07 15:00:00,795.4
2022-01-07 16:00:00,798.5
2022-01-10 06:00:00,775.4
2022-01-10 08:00:00,791.3
2022-01-10 09:00:00,795.0999999999999
2022-01-10 10:00:00,794.3
2022-01-10 11:00:00,789.5999999999999
2022-01-10 12:00:00,785.0
2022-01-10 13:00:00,785.5999999999999
2022-01-10 14:00:00,780.8
2022-01-10 15:00:00,771.1999999999999
2022-01-10 16:00:00,771.9
2022-01-11 06:00:00,788.1999999999999
2022-01-11 08:00:00,787.4
2022-01-11 09:00:00,791.5999999999999
2022-01-11 10:00:00,790.6999999999999
2022-01-11 11:00:00,789.4
2022-01-11 12:00:00,787.5
2022-01-11 13:00:00,783.6999999999999
2022-01-11 14:00:00,786.1999999999999
2022-01-11 15:00:00,783.0999999999999
2022-01-11 16:00:00,789.0
2022-01-11 18:00:00,790.3
2022-01-12 06:00:00,798.5
2022-01-12 08:00:00,791.5999999999999
2022-01-12 09:00:00,797.0999999999999
2022-01-12 10:00:00,799.5999999999999
2022-01-12 11:00:00,798.0
2022-01-12 12:00:00,796.1999999999999
2022-01-12 13:00:00,802.4
2022-01-12 14:00:00,804.5
2022-01-12 15:00:00,799.5
2022-01-12 16:00:00,799.5999999999999
2022-01-13 06:00:00,804.5999999999999
2022-01-13 08:00:00,806.0999999999999
2022-01-13 09:00:00,805.5999999999999
2022-01-13 10:00:00,807.4
2022-01-13 11:00:00,805.5
2022-01-13 13:00:00,809.6999999999999
2022-01-13 15:00:00,801.4
2022-01-13 16:00:00,805.6999999999999
2022-01-13 19:00:00,796.3
2022-01-14 06:00:00,790.6999999999999
2022-01-14 08:00:00,794.0
2022-01-14 09:00:00,797.1999999999999
2022-01-14 10:00:00,792.8
2022-01-14 11:00:00,793.0999999999999
2022-01-14 12:00:00,789.6999999999999
2022-01-14 13:00:00,790.0
2022-01-14 14:00:00,793.9
2022-01-14 15:00:00,790.0
2022-01-14 16:00:00,790.4
2022-01-17 06:00:00,802.1999999999999
2022-01-17 08:00:00,791.6999999999999
2022-01-17 09:00:00,798.3
2022-01-17 11:00:00,799.4
2022-01-17 12:00:00,800.8
2022-01-17 14:00:00,801.8
2022-01-17 15:00:00,804.0
2022-01-17 16:00:00,803.0999999999999
2022-01-18 06:00:00,786.3
2022-01-18 08:00:00,785.6999999999999
2022-01-18 09:00:00,784.5999999999999
2022-01-18 10:00:00,785.0999999999999
2022-01-18 11:00:00,786.5999999999999
2022-01-18 12:00:00,786.3
2022-01-18 13:00:00,786.6999999999999
2022-01-18 14:00:00,786.0
2022-01-18 15:00:00,786.9
2022-01-18 16:00:00,786.1999999999999
2022-01-19 06:00:00,776.1999999999999
2022-01-19 08:00:00,785.0
2022-01-19 09:00:00,784.0999999999999
2022-01-19 10:00:00,786.5
2022-01-19 12:00:00,785.1999999999999
2022-01-19 13:00:00,789.8
2022-01-19 14:00:00,791.0999999999999
2022-01-19 15:00:00,779.8
2022-01-19 16:00:00,775.5999999999999
2022-01-20 06:00:00,788.1999999999999
2022-01-20 08:00:00,772.0
2022-01-20 09:00:00,778.3
2022-01-20 10:00:00,781.1999999999999
2022-01-20 11:00:00,785.5999999999999
2022-01-20 12:00:00,784.4
2022-01-20 13:00:00,786.5
2022-01-20 14:00:00,785.5999999999999
2022-01-20 15:00:00,787.0
2022-01-20 16:00:00,789.5999999999999
2022-01-21 06:00:00,773.8
2022-01-21 08:00:00,772.1999999999999
2022-01-21 09:00:00,772.5
2022-01-21 10:00:00,773.0999999999999
2022-01-21 11:00:00,770.5
2022-01-21 12:00:00,768.1999999999999
2022-01-21 13:00:00,768.6999999999999
2022-01-21 14:00:00,769.0999999999999
2022-01-21 15:00:00,771.8
2022-01-21 16:00:00,773.0
2022-01-24 06:00:00,734.3
2022-01-24 08:00:00,757.6999999999999
2022-01-24 09:00:00,753.6999999999999
2022-01-24 10:00:00,744.9
2022-01-24 11:00:00,745.4
2022-01-24 12:00:00,740.9
2022-01-24 13:00:00,735.5999999999999
2022-01-24 14:00:00,731.9
2022-01-24 15:00:00,738.1999999999999
2022-01-24 16:00:00,732.0999999999999
2022-01-24 18:00:00,735.1999999999999
2022-01-24 19:00:00,736.4
2022-01-25 06:00:00,725.4
2022-01-25 08:00:00,740.0
2022-01-25 09:00:00,737.0999999999999
2022-01-25 10:00:00,731.1999999999999
2022-01-25 11:00:00,726.5999999999999
2022-01-25 12:00:00,726.5999999999999
2022-01-25 13:00:00,721.6999999999999
2022-01-25 14:00:00,723.9
2022-01-25 15:00:00,724.5
2022-01-25 16:00:00,723.4
2022-01-26 06:00:00,738.1999999999999
2022-01-26 08:00:00,737.0999999999999
2022-01-26 09:00:00,741.0999999999999
2022-01-26 10:00:00,742.0
2022-01-26 11:00:00,740.3
2022-01-26 12:00:00,739.8
2022-01-26 13:00:00,741.0999999999999
2022-01-26 14:00:00,739.1999999999999
2022-01-26 15:00:00,738.1999999999999
2022-01-26 16:00:00,739.5
2022-01-27 06:00:00,725.6999999999999
2022-01-27 08:00:00,720.1999999999999
2022-01-27 09:00:00,731.8
2022-01-27 10:00:00,723.8
2022-01-27 11:00:00,726.5999999999999
2022-01-27 12:00:00,727.6999999999999
2022-01-27 13:00:00,735.0999999999999
2022-01-27 14:00:00,733.3
2022-01-27 15:00:00,727.9
2022-01-27 16:00:00,725.9
2022-01-27 17:00:00,724.5999999999999
2022-01-28 06:00:00,716.4
2022-01-28 08:00:00,718.3
2022-01-28 09:00:00,714.5
2022-01-28 10:00:00,711.5999999999999
2022-01-28 11:00:00,709.5
2022-01-28 12:00:00,706.5999999999999
2022-01-28 13:00:00,713.0999999999999
2022-01-28 14:00:00,706.0999999999999
2022-01-28 15:00:00,713.8
2022-01-28 16:00:00,715.8
2022-01-31 06:00:00,735.4
2022-01-31 08:00:00,737.8
2022-01-31 09:00:00,733.4
2022-01-31 10:00:00,730.0999999999999
2022-01-31 11:00:00,728.0999999999999
2022-01-31 12:00:00,728.9
2022-01-31 13:00:00,727.8
2022-01-31 14:00:00,733.4
2022-01-31 15:00:00,739.4
2022-01-31 16:00:00,734.8
2022-02-01 06:00:00,746.8
2022-02-01 08:00:00,753.6999999999999
2022-02-01 09:00:00,746.3
2022-02-01 10:00:00,748.5999999999999
2022-02-01 11:00:00,747.6999999999999
2022-02-01 12:00:00,749.0999999999999
2022-02-01 13:00:00,750.5
2022-02-01 14:00:00,744.0
2022-02-01 15:00:00,746.0
2022-02-01 16:00:00,746.5999999999999
2022-02-02 06:00:00,750.5999999999999
2022-02-02 08:00:00,754.0
2022-02-02 09:00:00,758.6999999999999
2022-02-02 10:00:00,756.8
2022-02-02 11:00:00,756.0999999999999
2022-02-02 12:00:00,757.6999999999999
2022-02-02 13:00:00,757.3
2022-02-02 14:00:00,756.5
2022-02-02 15:00:00,753.0999999999999
2022-02-02 16:00:00,750.5
2022-02-02 17:00:00,749.5
2022-02-03 06:00:00,724.1999999999999
2022-02-03 08:00:00,741.5
2022-02-03 09:00:00,733.9
2022-02-03 10:00:00,735.0
2022-02-03 11:00:00,735.5999999999999
2022-02-03 12:00:00,736.0
2022-02-03 13:00:00,729.0
2022-02-03 14:00:00,727.6999999999999
2022-02-03 15:00:00,725.3
2022-02-03 16:00:00,725.8
2022-02-04 06:00:00,716.6999999999999
2022-02-04 08:00:00,723.0
2022-02-04 09:00:00,721.9
2022-02-04 10:00:00,720.6999999999999
2022-02-04 11:00:00,714.5999999999999
2022-02-04 12:00:00,720.3
2022-02-04 13:00:00,715.9
2022-02-04 14:00:00,717.9
2022-02-04 15:00:00,717.4
2022-02-04 16:00:00,715.1999999999999
2022-02-04 17:00:00,716.1999999999999
2022-02-07 06:00:00,724.0999999999999
2022-02-07 08:00:00,717.8
2022-02-07 09:00:00,717.0999999999999
2022-02-07 12:00:00,720.0
2022-02-07 13:00:00,722.5
2022-02-07 14:00:00,726.8
2022-02-07 15:00:00,724.5999999999999
2022-02-07 16:00:00,723.5999999999999
2022-02-08 06:00:00,715.8
2022-02-08 08:00:00,718.0999999999999
2022-02-08 09:00:00,715.3
2022-02-08 10:00:00,714.9
2022-02-08 12:00:00,709.4
2022-02-08 13:00:00,711.0
2022-02-08 14:00:00,711.9
2022-02-08 15:00:00,712.5999999999999
2022-02-08 16:00:00,716.6999999999999
2022-02-09 06:00:00,735.8
2022-02-09 07:00:00,725.8
2022-02-09 08:00:00,733.0
2022-02-09 09:00:00,735.0999999999999
2022-02-09 10:00:00,736.9
2022-02-09 11:00:00,733.4
2022-02-09 12:00:00,733.3
2022-02-09 13:00:00,736.5999999999999
2022-02-09 14:00:00,735.6999999999999
2022-02-09 15:00:00,736.4
2022-02-09 16:00:00,734.3
2022-02-10 06:00:00,729.0
2022-02-10 08:00:00,730.4
2022-02-10 09:00:00,733.9
2022-02-10 10:00:00,734.1999999999999
2022-02-10 11:00:00,734.9
2022-02-10 13:00:00,721.3
2022-02-10 14:00:00,726.9
2022-02-10 15:00:00,729.8
2022-02-10 16:00:00,728.3
2022-02-11 06:00:00,713.5999999999999
2022-02-11 08:00:00,717.0999999999999
2022-02-11 09:00:00,717.5
2022-02-11 10:00:00,718.6999999999999
2022-02-11 11:00:00,717.0999999999999
2022-02-11 12:00:00,719.3
2022-02-11 13:00:00,721.1999999999999
2022-02-11 14:00:00,720.6999999999999
2022-02-11 15:00:00,716.3
2022-02-11 16:00:00,713.4
2022-02-14 06:00:00,700.6999999999999
2022-02-14 08:00:00,690.1999999999999
2022-02-14 09:00:00,689.0
2022-02-14 10:00:00,690.5
2022-02-14 11:00:00,687.1999999999999
2022-02-14 12:00:00,694.9
2022-02-14 13:00:00,694.3
2022-02-14 14:00:00,696.4
2022-02-14 15:00:00,697.1999999999999
2022-02-14 16:00:00,700.4
2022-02-15 06:00:00,708.3
2022-02-15 08:00:00,707.6999999999999
2022-02-15 09:00:00,709.0
2022-02-15 10:00:00,709.8
2022-02-15 11:00:00,713.8
2022-02-15 12:00:00,711.0
2022-02-15 13:00:00,708.1999999999999
2022-02-15 14:00:00,707.1999999999999
2022-02-15 15:00:00,707.8
2022-02-15 16:00:00,708.3
2022-02-16 06:00:00,709.1999999999999
2022-02-16 08:00:00,715.8
2022-02-16 09:00:00,715.3
2022-02-16 10:00:00,713.0
2022-02-16 11:00:00,712.8
2022-02-16 12:00:00,709.5999999999999
2022-02-16 13:00:00,710.8
2022-02-16 14:00:00,707.0999999999999
2022-02-16 15:00:00,707.8
2022-02-16 16:00:00,710.8
2022-02-16 17:00:00,711.8
2022-02-16 19:00:00,712.1999999999999
2022-02-17 06:00:00,705.8
2022-02-17 08:00:00,713.0
2022-02-17 09:00:00,711.3
2022-02-17 10:00:00,710.4
2022-02-17 11:00:00,711.3
2022-02-17 12:00:00,712.4
2022-02-17 13:00:00,710.4
2022-02-17 14:00:00,706.5
2022-02-17 15:00:00,704.8
2022-02-17 16:00:00,706.3
2022-02-18 06:00:00,693.0
2022-02-18 08:00:00,704.4
2022-02-18 09:00:00,704.0
2022-02-18 11:00:00,703.1999999999999
2022-02-18 12:00:00,704.5999999999999
2022-02-18 13:00:00,699.0999999999999
2022-02-18 14:00:00,700.8
2022-02-18 15:00:00,694.0999999999999
2022-02-18 16:00:00,692.5
2022-02-21 06:00:00,674.6999999999999
2022-02-21 08:00:00,687.1999999999999
2022-02-21 09:00:00,684.0
2022-02-21 10:00:00,682.8
2022-02-21 11:00:00,679.5999999999999
2022-02-21 12:00:00,676.6999999999999
2022-02-21 13:00:00,676.5999999999999
2022-02-21 14:00:00,680.0999999999999
2022-02-21 15:00:00,679.6999999999999
2022-02-21 16:00:00,673.8
2022-02-22 06:00:00,679.9
2022-02-22 08:00:00,673.1999999999999
2022-02-22 09:00:00,669.9
2022-02-22 10:00:00,682.0999999999999
2022-02-22 11:00:00,679.9
2022-02-22 12:00:00,679.6999999999999
2022-02-22 13:00:00,678.0999999999999
2022-02-22 14:00:00,687.0999999999999
2022-02-22 15:00:00,682.0999999999999
2022-02-22 16:00:00,679.0
2022-02-23 06:00:00,673.6999999999999
2022-02-23 08:00:00,687.6999999999999
2022-02-23 09:00:00,687.8
2022-02-23 10:00:00,685.5
2022-02-23 11:00:00,684.8
2022-02-23 12:00:00,687.4
2022-02-23 13:00:00,686.5999999999999
2022-02-23 14:00:00,682.4
2022-02-23 15:00:00,677.0
2022-02-23 16:00:00,673.8
2022-02-24 06:00:00,663.5999999999999
2022-02-24 08:00:00,652.9
2022-02-24 09:00:00,650.0999999999999
2022-02-24 10:00:00,642.8
2022-02-24 11:00:00,646.6999999999999
2022-02-24 12:00:00,645.5999999999999
2022-02-24 13:00:00,645.9
2022-02-24 14:00:00,655.6999999999999
2022-02-24 15:00:00,660.6999999999999
2022-02-24 16:00:00,662.3
2022-02-25 06:00:00,687.8
2022-02-25 08:00:00,674.0999999999999
2022-02-25 09:00:00,674.3
2022-02-25 10:00:00,682.4
2022-02-25 11:00:00,681.0999999999999
2022-02-25 12:00:00,686.4
2022-02-25 13:00:00,685.8
2022-02-25 14:00:00,685.1999999999999
2022-02-25 15:00:00,686.1999999999999
2022-02-25 16:00:00,687.6999999999999
2022-02-28 06:00:00,696.4
2022-02-28 08:00:00,680.3
2022-02-28 09:00:00,683.4
2022-02-28 10:00:00,679.9
2022-02-28 11:00:00,681.8
2022-02-28 12:00:00,686.0999999999999
2022-02-28 13:00:00,682.0999999999999
2022-02-28 14:00:00,688.8
2022-02-28 15:00:00,694.8
2022-02-28 16:00:00,696.4
2022-02-28 18:00:00,696.6999999999999
2022-03-01 06:00:00,680.5
2022-03-01 08:00:00,688.8
2022-03-01 09:00:00,686.1999999999999
2022-03-01 10:00:00,682.0999999999999
2022-03-01 11:00:00,680.5
2022-03-01 13:00:00,687.5
2022-03-01 14:00:00,687.9
2022-03-01 15:00:00,682.9
2022-03-01 16:00:00,680.1999999999999
2022-03-02 06:00:00,689.5999999999999
2022-03-02 08:00:00,688.8
2022-03-02 09:00:00,686.0999999999999
2022-03-02 10:00:00,687.8
2022-03-02 11:00:00,688.9
2022-03-02 12:00:00,686.5
2022-03-02 13:00:00,684.3
2022-03-02 14:00:00,685.0
2022-03-02 15:00:00,684.9
2022-03-02 16:00:00,691.5999999999999
2022-03-03 06:00:00,675.0
2022-03-03 08:00:00,685.0999999999999
2022-03-03 09:00:00,685.8
2022-03-03 10:00:00,681.1999999999999
2022-03-03 11:00:00,683.3
2022-03-03 12:00:00,684.3
2022-03-03 13:00:00,687.6999999999999
2022-03-03 14:00:00,685.6999999999999
2022-03-03 15:00:00,674.0999999999999
2022-03-03 16:00:00,673.3
2022-03-04 06:00:00,641.0
2022-03-04 08:00:00,663.1999999999999
2022-03-04 09:00:00,653.8
2022-03-04 10:00:00,657.6999999999999
2022-03-04 11:00:00,653.1999999999999
2022-03-04 12:00:00,652.1999999999999
2022-03-04 13:00:00,650.4
2022-03-04 14:00:00,652.3
2022-03-04 15:00:00,642.3
2022-03-04 16:00:00,640.8
2022-03-07 06:00:00,642.5
2022-03-07 08:00:00,626.0999999999999
2022-03-07 09:00:00,628.1999999999999
2022-03-07 10:00:00,634.0999999999999
2022-03-07 11:00:00,634.0
2022-03-07 12:00:00,649.5999999999999
2022-03-07 13:00:00,654.9
2022-03-07 14:00:00,654.9
2022-03-07 15:00:00,640.5999999999999
2022-03-07 16:00:00,641.6999999999999
2022-03-07 17:00:00,633.1999999999999
2022-03-08 06:00:00,628.0
2022-03-08 08:00:00,642.9
2022-03-08 09:00:00,644.4
2022-03-08 10:00:00,637.8
2022-03-08 11:00:00,633.6999999999999
2022-03-08 12:00:00,634.3
2022-03-08 13:00:00,634.5999999999999
2022-03-08 14:00:00,629.8
2022-03-08 15:00:00,632.4
2022-03-08 16:00:00,628.5999999999999
2022-03-09 06:00:00,661.6999999999999
2022-03-09 08:00:00,645.5999999999999
2022-03-09 09:00:00,654.6999999999999
2022-03-09 10:00:00,653.9
2022-03-09 11:00:00,653.3
2022-03-09 12:00:00,653.5
2022-03-09 13:00:00,653.4
2022-03-09 14:00:00,654.5
2022-03-09 15:00:00,663.6999999999999
2022-03-09 16:00:00,661.0
2022-03-10 06:00:00,648.0999999999999
2022-03-10 08:00:00,656.3
2022-03-10 09:00:00,654.6999999999999
2022-03-10 10:00:00,655.4
2022-03-10 11:00:00,649.4
2022-03-10 12:00:00,647.1999999999999
2022-03-10 13:00:00,650.4
2022-03-10 14:00:00,651.0999999999999
2022-03-10 15:00:00,649.0999999999999
2022-03-10 16:00:00,647.8
2022-03-11 06:00:00,653.6999999999999
2022-03-14 05:00:00,647.9999999999999
2022-03-14 09:00:00,660.8999999999999
2022-03-14 10:00:00,657.1999999999999
2022-03-14 12:00:00,650.4999999999999
2022-03-14 13:00:00,650.9999999999999
2022-03-14 14:00:00,653.6999999999999
2022-03-14 16:00:00,647.5999999999999
2022-03-15 05:00:00,647.9999999999999
2022-03-15 09:00:00,630.6999999999999
2022-03-15 10:00:00,632.7999999999998
2022-03-15 13:00:00,641.0999999999999
2022-03-15 14:00:00,644.1999999999999
2022-03-15 15:00:00,643.9999999999999
2022-03-15 16:00:00,644.3999999999999
2022-03-16 05:00:00,686.4999999999999
2022-03-16 08:00:00,671.9999999999999
2022-03-16 09:00:00,673.0999999999999
2022-03-16 10:00:00,679.5999999999999
2022-03-16 11:00:00,682.3999999999999
2022-03-16 12:00:00,677.7999999999998
2022-03-16 13:00:00,677.0999999999999
2022-03-16 14:00:00,685.6999999999999
2022-03-16 15:00:00,685.8999999999999
2022-03-16 16:00:00,687.2999999999998
2022-03-16 17:00:00,685.9999999999999
2022-03-16 18:00:00,685.9999999999999
2022-03-17 05:00:00,688.9999999999999
2022-03-17 08:00:00,695.5999999999999
2022-03-17 09:00:00,693.5999999999999
2022-03-17 10:00:00,692.0999999999999
2022-03-17 11:00:00,689.1999999999999
2022-03-17 12:00:00,687.8999999999999
2022-03-17 13:00:00,691.1999999999999
2022-03-17 14:00:00,684.3999999999999
2022-03-17 15:00:00,683.8999999999999
2022-03-17 16:00:00,688.7999999999998
2022-03-18 05:00:00,705.2999999999998
2022-03-18 08:00:00,691.3999999999999
2022-03-18 09:00:00,691.9999999999999
2022-03-18 10:00:00,688.4999999999999
2022-03-18 11:00:00,686.2999999999998
2022-03-18 12:00:00,690.0999999999999
2022-03-18 13:00:00,689.3999999999999
2022-03-18 14:00:00,699.8999999999999
2022-03-18 15:00:00,704.7999999999998
2022-03-18 16:00:00,705.8999999999999
2022-03-18 17:00:00,699.8999999999999
2022-03-21 05:00:00,704.9999999999999
2022-03-21 08:00:00,701.4999999999999
2022-03-21 09:00:00,702.8999999999999
2022-03-21 10:00:00,703.8999999999999
2022-03-21 11:00:00,706.5999999999999
2022-03-21 12:00:00,706.0999999999999
2022-03-21 13:00:00,704.9999999999999
2022-03-21 14:00:00,700.7999999999998
2022-03-21 15:00:00,706.9999999999999
2022-03-21 16:00:00,704.9999999999999
2022-03-22 05:00:00,712.0999999999999
2022-03-22 08:00:00,708.4999999999999
2022-03-22 09:00:00,707.9999999999999
2022-03-22 10:00:00,709.2999999999998
2022-03-22 11:00:00,705.7999999999998
2022-03-22 12:00:00,706.1999999999999
2022-03-22 13:00:00,707.8999999999999
2022-03-22 14:00:00,715.3999999999999
2022-03-22 15:00:00,716.7999999999998
2022-03-22 16:00:00,711.8999999999999
2022-03-23 05:00:00,701.1999999999999
2022-03-23 08:00:00,711.5999999999999
2022-03-23 09:00:00,708.8999999999999
2022-03-23 10:00:00,707.6999999999999
2022-03-23 11:00:00,701.8999999999999
2022-03-23 12:00:00,698.5999999999999
2022-03-23 13:00:00,697.1999999999999
2022-03-23 14:00:00,698.3999999999999
2022-03-23 15:00:00,702.3999999999999
2022-03-23 16:00:00,701.9999999999999
2022-03-24 05:00:00,703.9999999999999
2022-03-24 08:00:00,700.6999999999999
2022-03-24 09:00:00,698.2999999999998
2022-03-24 10:00:00,695.1999999999999
2022-03-24 11:00:00,698.3999999999999
2022-03-24 12:00:00,700.0999999999999
2022-03-24 13:00:00,697.0999999999999
2022-03-24 14:00:00,696.4999999999999
2022-03-24 15:00:00,701.4999999999999
2022-03-24 16:00:00,702.6999999999999
2022-03-25 05:00:00,704.4999999999999
2022-03-25 08:00:00,702.3999999999999
2022-03-25 09:00:00,708.9999999999999
2022-03-25 10:00:00,711.1999999999999
2022-03-25 11:00:00,714.1999999999999
2022-03-25 12:00:00,714.6999999999999
2022-03-25 13:00:00,707.6999999999999
2022-03-25 14:00:00,708.8999999999999
2022-03-25 15:00:00,702.6999999999999
2022-03-25 16:00:00,705.2999999999998
2022-03-28 05:00:00,706.6999999999999
2022-03-28 07:00:00,706.9999999999999
2022-03-28 08:00:00,703.9999999999999
2022-03-28 09:00:00,703.4999999999999
2022-03-28 10:00:00,705.2999999999998
2022-03-28 11:00:00,709.8999999999999
2022-03-28 12:00:00,705.6999999999999
2022-03-28 13:00:00,709.8999999999999
2022-03-28 14:00:00,704.7999999999998
2022-03-28 15:00:00,705.4999999999999
2022-03-29 05:00:00,723.1999999999999
2022-03-29 07:00:00,712.3999999999999
2022-03-29 08:00:00,716.6999999999999
2022-03-29 09:00:00,719.3999999999999
2022-03-29 10:00:00,720.4999999999999
2022-03-29 11:00:00,722.0999999999999
2022-03-29 12:00:00,725.8999999999999
2022-03-29 13:00:00,725.3999999999999
2022-03-29 14:00:00,722.3999999999999
2022-03-29 15:00:00,721.5999999999999
2022-03-30 05:00:00,711.4999999999999
2022-03-30 07:00:00,717.8999999999999
2022-03-30 08:00:00,714.6999999999999
2022-03-30 09:00:00,717.6999999999999
2022-03-30 10:00:00,716.2999999999998
2022-03-30 11:00:00,716.0999999999999
2022-03-30 12:00:00,714.7999999999998
2022-03-30 13:00:00,715.4999999999999
2022-03-30 14:00:00,712.8999999999999
2022-03-30 15:00:00,711.1999999999999
2022-03-31 05:00:00,702.3999999999999
2022-03-31 07:00:00,718.7999999999998
2022-03-31 08:00:00,708.1999999999999
2022-03-31 09:00:00,708.1999999999999
2022-03-31 10:00:00,706.9999999999999
2022-03-31 11:00:00,707.7999999999998
2022-03-31 12:00:00,707.2999999999998
2022-03-31 13:00:00,704.5999999999999
2022-03-31 14:00:00,707.9999999999999
2022-03-31 15:00:00,703.1999999999999
2022-04-01 05:00:00,699.4999999999999
2022-04-01 07:00:00,697.8999999999999
2022-04-01 08:00:00,698.5999999999999
2022-04-01 09:00:00,701.2999999999998
2022-04-01 10:00:00,702.5999999999999
2022-04-01 11:00:00,703.7999999999998
2022-04-01 12:00:00,701.8999999999999
2022-04-01 13:00:00,701.1999999999999
2022-04-01 14:00:00,699.4999999999999
2022-04-01 15:00:00,700.7999999999998
2022-04-04 05:00:00,714.2999999999998
2022-04-04 07:00:00,699.1999999999999
2022-04-04 08:00:00,701.2999999999998
2022-04-04 10:00:00,706.9999999999999
2022-04-04 11:00:00,707.5999999999999
2022-04-04 12:00:00,706.4999999999999
2022-04-04 13:00:00,712.8999999999999
2022-04-04 14:00:00,713.3999999999999
2022-04-04 15:00:00,714.1999999999999
2022-04-05 05:00:00,700.4999999999999
2022-04-05 07:00:00,718.2999999999998
2022-04-05 08:00:00,715.8999999999999
2022-04-05 09:00:00,714.2999999999998
2022-04-05 10:00:00,712.9999999999999
2022-04-05 11:00:00,712.8999999999999
2022-04-05 12:00:00,711.0999999999999
2022-04-05 13:00:00,709.0999999999999
2022-04-05 14:00:00,699.3999999999999
2022-04-05 15:00:00,699.2999999999998
2022-04-06 05:00:00,676.6999999999999
2022-04-06 07:00:00,695.2999999999998
2022-04-06 08:00:00,688.9999999999999
2022-04-06 09:00:00,685.3999999999999
2022-04-06 10:00:00,683.6999999999999
2022-04-06 11:00:00,678.2999999999998
2022-04-06 12:00:00,678.2999999999998
2022-04-06 13:00:00,674.4999999999999
2022-04-06 14:00:00,676.2999999999998
2022-04-06 15:00:00,676.8999999999999
2022-04-07 05:00:00,669.0999999999999
2022-04-07 07:00:00,678.7999999999998
2022-04-07 08:00:00,679.2999999999998
2022-04-07 09:00:00,681.4999999999999
2022-04-07 10:00:00,680.0999999999999
2022-04-07 11:00:00,678.3999999999999
2022-04-07 12:00:00,673.5999999999999
2022-04-07 13:00:00,676.6999999999999
2022-04-07 14:00:00,671.1999999999999
2022-04-07 15:00:00,668.9999999999999
2022-04-08 05:00:00,669.1999999999999
2022-04-08 07:00:00,680.6999999999999
2022-04-08 08:00:00,678.3999999999999
2022-04-08 09:00:00,675.0999999999999
2022-04-08 10:00:00,673.6999999999999
2022-04-08 11:00:00,676.0999999999999
2022-04-08 12:00:00,671.3999999999999
2022-04-08 13:00:00,668.1999999999999
2022-04-08 14:00:00,670.5999999999999
2022-04-08 15:00:00,668.9999999999999
2022-04-11 05:00:00,656.3999999999999
2022-04-11 07:00:00,664.1999999999999
2022-04-11 08:00:00,656.4999999999999
2022-04-11 09:00:00,660.0999999999999
2022-04-11 10:00:00,662.9999999999999
2022-04-11 11:00:00,661.6999999999999
2022-04-11 12:00:00,660.0999999999999
2022-04-11 13:00:00,662.3999999999999
2022-04-11 14:00:00,657.4999999999999
2022-04-11 15:00:00,656.9999999999999
2022-04-12 05:00:00,659.9999999999999
2022-04-12 07:00:00,652.9999999999999
2022-04-12 08:00:00,658.0999999999999
2022-04-12 09:00:00,659.1999999999999
2022-04-12 10:00:00,659.1999999999999
2022-04-12 11:00:00,658.1999999999999
2022-04-12 12:00:00,664.4999999999999
2022-04-12 13:00:00,659.2999999999998
2022-04-12 14:00:00,658.3999999999999
2022-04-12 15:00:00,661.1999999999999
2022-04-12 16:00:00,659.9999999999999
2022-04-13 05:00:00,659.2999999999998
2022-04-13 07:00:00,655.4999999999999
2022-04-13 08:00:00,656.5999999999999
2022-04-13 09:00:00,651.3999999999999
2022-04-13 10:00:00,651.6999999999999
2022-04-13 11:00:00,650.6999999999999
2022-04-13 12:00:00,650.8999999999999
2022-04-13 13:00:00,654.9999999999999
2022-04-13 14:00:00,656.6999999999999
2022-04-13 15:00:00,659.0999999999999
2022-04-14 05:00:00,657.7999999999998
2022-04-14 07:00:00,663.9999999999999
2022-04-14 08:00:00,663.6999999999999
2022-04-14 09:00:00,661.4999999999999
2022-04-14 10:00:00,663.8999999999999
2022-04-14 11:00:00,664.7999999999998
2022-04-14 12:00:00,664.1999999999999
2022-04-14 13:00:00,660.2999999999998
2022-04-14 14:00:00,657.6999999999999
2022-04-14 15:00:00,657.3999999999999
2022-04-19 05:00:00,656.4999999999999
2022-04-19 07:00:00,651.0999999999999
2022-04-19 08:00:00,648.7999999999998
2022-04-19 09:00:00,647.3999999999999
2022-04-19 10:00:00,647.2999999999998
2022-04-19 11:00:00,649.5999999999999
2022-04-19 12:00:00,649.8999999999999
2022-04-19 13:00:00,652.0999999999999
2022-04-19 14:00:00,656.8999999999999
2022-04-19 15:00:00,656.3999999999999
2022-04-20 05:00:00,672.1999999999999
2022-04-20 07:00:00,662.9999999999999
2022-04-20 08:00:00,673.4999999999999
2022-04-20 09:00:00,674.5999999999999
2022-04-20 10:00:00,676.4999999999999
2022-04-20 11:00:00,675.8999999999999
2022-04-20 12:00:00,679.4999999999999
2022-04-20 13:00:00,671.5999999999999
2022-04-20 14:00:00,673.2999999999998
2022-04-20 15:00:00,671.6999999999999
2022-04-21 05:00:00,672.7999999999998
2022-04-21 07:00:00,674.7999999999998
2022-04-21 08:00:00,676.4999999999999
2022-04-21 09:00:00,676.4999999999999
2022-04-21 11:00:00,680.3999999999999
2022-04-21 12:00:00,679.2999999999998
2022-04-21 13:00:00,678.5999999999999
2022-04-21 14:00:00,673.6999999999999
2022-04-21 15:00:00,674.4999999999999
2022-04-22 05:00:00,660.1999999999999
2022-04-22 07:00:00,660.1999999999999
2022-04-22 08:00:00,662.6999999999999
2022-04-22 09:00:00,661.0999999999999
2022-04-22 10:00:00,655.7999999999998
2022-04-22 11:00:00,657.9999999999999
2022-04-22 12:00:00,659.0999999999999
2022-04-22 13:00:00,658.2999999999998
2022-04-22 14:00:00,658.4999999999999
2022-04-22 15:00:00,659.4999999999999
2022-04-25 05:00:00,644.9999999999999
2022-04-25 07:00:00,648.0999999999999
2022-04-25 08:00:00,643.6999999999999
2022-04-25 09:00:00,642.9999999999999
2022-04-25 10:00:00,642.9999999999999
2022-04-25 11:00:00,645.5999999999999
2022-04-25 12:00:00,647.5999999999999
2022-04-25 13:00:00,648.4999999999999
2022-04-25 14:00:00,645.6999999999999
2022-04-25 15:00:00,646.0999999999999
2022-04-26 05:00:00,632.9999999999999
2022-04-26 07:00:00,649.6999999999999
2022-04-26 08:00:00,648.5999999999999
2022-04-26 10:00:00,651.8999999999999
2022-04-26 11:00:00,650.7999999999998
2022-04-26 12:00:00,649.0999999999999
2022-04-26 13:00:00,642.6999999999999
2022-04-26 14:00:00,634.7999999999998
2022-04-26 15:00:00,632.8999999999999
2022-04-27 05:00:00,631.7999999999998
2022-04-27 07:00:00,627.2999999999998
2022-04-27 08:00:00,632.6999999999999
2022-04-27 09:00:00,633.7999999999998
2022-04-27 10:00:00,636.9999999999999
2022-04-27 11:00:00,634.7999999999998
2022-04-27 12:00:00,633.5999999999999
2022-04-27 13:00:00,638.6999999999999
2022-04-27 14:00:00,628.2999999999998
2022-04-27 15:00:00,633.4999999999999
2022-04-28 05:00:00,649.1999999999999
2022-04-28 07:00:00,650.0999999999999
2022-04-28 08:00:00,649.2999999999998
2022-04-28 09:00:00,648.4999999999999
2022-04-28 11:00:00,648.3999999999999
2022-04-28 12:00:00,647.6999999999999
2022-04-28 13:00:00,646.9999999999999
2022-04-28 14:00:00,643.8999999999999
2022-04-28 15:00:00,649.8999999999999
2022-04-28 17:00:00,656.9999999999999
2022-04-29 05:00:00,655.5999999999999
2022-04-29 07:00:00,660.5999999999999
2022-04-29 08:00:00,662.5999999999999
2022-04-29 09:00:00,660.1999999999999
2022-04-29 10:00:00,656.2999999999998
2022-04-29 11:00:00,656.4999999999999
2022-04-29 12:00:00,657.6999999999999
2022-04-29 13:00:00,664.2999999999998
2022-04-29 14:00:00,657.2999999999998
2022-04-29 15:00:00,654.9999999999999
2022-05-02 05:00:00,641.8999999999999
2022-05-02 07:00:00,636.3999999999999
2022-05-02 08:00:00,639.1999999999999
2022-05-02 09:00:00,640.9999999999999
2022-05-02 10:00:00,641.6999999999999
2022-05-02 11:00:00,635.5999999999999
2022-05-02 12:00:00,637.2999999999998
2022-05-02 13:00:00,644.7999999999998
2022-05-02 14:00:00,641.7999999999998
2022-05-02 15:00:00,645.4999999999999
2022-05-03 05:00:00,648.9999999999999
2022-05-03 07:00:00,648.7999999999998
2022-05-03 08:00:00,650.2999999999998
2022-05-03 09:00:00,649.7999999999998
2022-05-03 10:00:00,649.7999999999998
2022-05-03 11:00:00,646.7999999999998
2022-05-03 12:00:00,648.6999999999999
2022-05-03 13:00:00,645.5999999999999
2022-05-03 14:00:00,646.6999999999999
2022-05-03 15:00:00,649.5999999999999
2022-05-04 05:00:00,639.8999999999999
2022-05-04 07:00:00,645.1999999999999
2022-05-04 08:00:00,645.7999999999998
2022-05-04 09:00:00,642.7999999999998
2022-05-04 10:00:00,646.3999999999999
2022-05-04 11:00:00,647.1999999999999
2022-05-04 12:00:00,648.6999999999999
2022-05-04 13:00:00,647.3999999999999
2022-05-04 14:00:00,641.7999999999998
2022-05-04 15:00:00,640.0999999999999
2022-05-04 18:00:00,645.9999999999999
2022-05-05 05:00:00,636.4999999999999
2022-05-05 06:00:00,660.9999999999999
2022-05-05 07:00:00,655.6999999999999
2022-05-05 08:00:00,656.6999999999999
2022-05-05 10:00:00,655.4999999999999
2022-05-05 11:00:00,656.3999999999999
2022-05-05 12:00:00,656.2999999999998
2022-05-05 13:00:00,650.0999999999999
2022-05-05 14:00:00,641.4999999999999
2022-05-05 15:00:00,635.6999999999999
2022-05-06 05:00:00,625.5999999999999
2022-05-06 07:00:00,624.4999999999999
2022-05-06 08:00:00,626.7999999999998
2022-05-06 10:00:00,626.0999999999999
2022-05-06 11:00:00,623.5999999999999
2022-05-06 12:00:00,621.6999999999999
2022-05-06 13:00:00,617.2999999999998
2022-05-06 14:00:00,624.5999999999999
2022-05-06 15:00:00,625.8999999999999
2022-05-09 05:00:00,594.8999999999999
2022-05-09 07:00:00,611.3999999999999
2022-05-09 08:00:00,609.6999999999999
2022-05-09 09:00:00,609.9999999999999
2022-05-09 10:00:00,602.5999999999999
2022-05-09 11:00:00,603.2999999999998
2022-05-09 12:00:00,605.1999999999999
2022-05-09 13:00:00,603.2999999999998
2022-05-09 14:00:00,598.6999999999999
2022-05-09 15:00:00,594.8999999999999
2022-05-09 16:00:00,598.5999999999999
2022-05-10 05:00:00,597.5999999999999
2022-05-10 06:00:00,603.9999999999999
2022-05-10 07:00:00,598.7999999999998
2022-05-10 08:00:00,601.7999999999998
2022-05-10 09:00:00,599.6999999999999
2022-05-10 10:00:00,600.0999999999999
2022-05-10 11:00:00,598.5999999999999
2022-05-10 12:00:00,606.3999999999999
2022-05-10 13:00:00,606.9999999999999
2022-05-10 14:00:00,598.5999999999999
2022-05-10 15:00:00,597.0999999999999
2022-05-10 17:00:00,602.7999999999998
2022-05-11 05:00:00,612.9999999999999
2022-05-11 07:00:00,604.9999999999999
2022-05-11 08:00:00,608.7999999999998
2022-05-11 09:00:00,608.5999999999999
2022-05-11 10:00:00,608.8999999999999
2022-05-11 11:00:00,611.4999999999999
2022-05-11 12:00:00,596.7999999999998
2022-05-11 13:00:00,611.4999999999999
2022-05-11 14:00:00,614.0999999999999
2022-05-11 15:00:00,613.9999999999999
2022-05-12 05:00:00,614.3999999999999
2022-05-12 07:00:00,602.7999999999998
2022-05-12 08:00:00,601.4999999999999
2022-05-12 09:00:00,598.8999999999999
2022-05-12 10:00:00,599.0999999999999
2022-05-12 11:00:00,600.7999999999998
2022-05-12 12:00:00,597.2999999999998
2022-05-12 13:00:00,603.5999999999999
2022-05-12 14:00:00,612.9999999999999
2022-05-12 15:00:00,614.0999999999999
2022-05-13 05:00:00,630.0999999999999
2022-05-13 07:00:00,620.7999999999998
2022-05-13 08:00:00,623.5999999999999
2022-05-13 09:00:00,624.2999999999998
2022-05-13 10:00:00,625.1999999999999
2022-05-13 11:00:00,626.1999999999999
2022-05-13 12:00:00,626.4999999999999
2022-05-13 13:00:00,628.2999999999998
2022-05-13 14:00:00,628.4999999999999
2022-05-13 15:00:00,630.3999999999999
2022-05-16 05:00:00,621.0999999999999
2022-05-16 07:00:00,624.7999999999998
2022-05-16 08:00:00,626.6999999999999
2022-05-16 09:00:00,624.0999999999999
2022-05-16 10:00:00,621.7999999999998
2022-05-16 11:00:00,623.4999999999999
2022-05-16 12:00:00,624.9999999999999
2022-05-16 13:00:00,621.3999999999999
2022-05-16 14:00:00,621.2999999999998
2022-05-16 15:00:00,620.8999999999999
2022-05-17 05:00:00,634.3999999999999
2022-05-17 07:00:00,630.0999999999999
2022-05-17 08:00:00,634.8999999999999
2022-05-17 09:00:00,639.5999999999999
2022-05-17 10:00:00,638.8999999999999
2022-05-17 11:00:00,638.9999999999999
2022-05-17 12:00:00,638.0999999999999
2022-05-17 13:00:00,635.9999999999999
2022-05-17 14:00:00,631.3999999999999
2022-05-17 15:00:00,633.7999999999998
2022-05-18 05:00:00,618.2999999999998
2022-05-18 07:00:00,630.0999999999999
2022-05-18 08:00:00,630.0999999999999
2022-05-18 09:00:00,631.7999999999998
2022-05-18 10:00:00,628.9999999999999
2022-05-18 11:00:00,625.1999999999999
2022-05-18 12:00:00,624.1999999999999
2022-05-18 13:00:00,623.2999999999998
2022-05-18 14:00:00,623.5999999999999
2022-05-18 15:00:00,618.4999999999999
2022-05-19 05:00:00,610.9999999999999
2022-05-19 07:00:00,610.1999999999999
2022-05-19 08:00:00,607.4999999999999
2022-05-19 09:00:00,604.6999999999999
2022-05-19 10:00:00,604.7999999999998
2022-05-19 11:00:00,607.2999999999998
2022-05-19 12:00:00,604.9999999999999
2022-05-19 13:00:00,605.6999999999999
2022-05-19 14:00:00,614.0999999999999
2022-05-19 15:00:00,617.8999999999999
2022-05-20 05:00:00,616.3999999999999
2022-05-20 07:00:00,625.7999999999998
2022-05-20 08:00:00,625.9999999999999
2022-05-20 09:00:00,628.5999999999999
2022-05-20 10:00:00,629.0999999999999
2022-05-20 11:00:00,628.8999999999999
2022-05-20 12:00:00,626.7999999999998
2022-05-20 13:00:00,625.4999999999999
2022-05-20 14:00:00,621.0999999999999
2022-05-20 15:00:00,616.8999999999999
2022-05-23 05:00:00,625.8999999999999
2022-05-23 07:00:00,627.3999999999999
2022-05-23 08:00:00,622.5999999999999
2022-05-23 09:00:00,620.1999999999999
2022-05-23 10:00:00,623.5999999999999
2022-05-23 11:00:00,625.9999999999999
2022-05-23 12:00:00,627.8999999999999
2022-05-23 13:00:00,629.9999999999999
2022-05-23 14:00:00,624.9999999999999
2022-05-23 15:00:00,626.1999999999999
2022-05-24 05:00:00,613.2999999999998
2022-05-24 07:00:00,618.2999999999998
2022-05-24 08:00:00,620.5999999999999
2022-05-24 09:00:00,618.4999999999999
2022-05-24 10:00:00,622.1999999999999
2022-05-24 11:00:00,623.0999999999999
2022-05-24 12:00:00,623.7999999999998
2022-05-24 13:00:00,618.8999999999999
2022-05-24 14:00:00,614.9999999999999
2022-05-24 15:00:00,613.2999999999998
2022-05-25 05:00:00,615.0999999999999
2022-05-25 07:00:00,612.6999999999999
2022-05-25 08:00:00,610.4999999999999
2022-05-25 09:00:00,611.6999999999999
2022-05-25 10:00:00,608.2999999999998
2022-05-25 11:00:00,607.8999999999999
2022-05-25 12:00:00,609.3999999999999
2022-05-25 13:00:00,612.6999999999999
2022-05-25 14:00:00,615.2999999999998
2022-05-25 15:00:00,615.0999999999999
2022-05-25 16:00:00,613.9999999999999
2022-05-26 05:00:00,626.6999999999999
2022-05-26 07:00:00,615.2999999999998
2022-05-26 08:00:00,612.5999999999999
2022-05-26 09:00:00,614.5999999999999
2022-05-26 10:00:00,612.5999999999999
2022-05-26 11:00:00,616.3999999999999
2022-05-26 13:00:00,618.9999999999999
2022-05-26 14:00:00,624.2999999999998
2022-05-26 15:00:00,625.9999999999999
2022-05-27 05:00:00,642.2999999999998
2022-05-27 07:00:00,630.9999999999999
2022-05-27 08:00:00,633.7999999999998
2022-05-27 10:00:00,635.6999999999999
2022-05-27 11:00:00,635.7999999999998
2022-05-27 12:00:00,637.3999999999999
2022-05-27 13:00:00,639.2999999999998
2022-05-27 14:00:00,640.6999999999999
2022-05-27 15:00:00,643.8999999999999
2022-05-30 05:00:00,656.0999999999999
2022-05-30 07:00:00,657.8999999999999
2022-05-30 08:00:00,660.9999999999999
2022-05-30 09:00:00,659.9999999999999
2022-05-30 10:00:00,658.4999999999999
2022-05-30 11:00:00,658.2999999999998
2022-05-30 12:00:00,657.4999999999999
2022-05-30 14:00:00,656.0999999999999
2022-05-30 15:00:00,656.4999999999999
2022-05-31 05:00:00,640.4999999999999
2022-05-31 07:00:00,647.5999999999999
2022-05-31 08:00:00,650.1999999999999
2022-05-31 09:00:00,649.3999999999999
2022-05-31 11:00:00,648.6999999999999
2022-05-31 12:00:00,646.9999999999999
2022-05-31 13:00:00,641.2999999999998
2022-05-31 14:00:00,643.8999999999999
2022-05-31 15:00:00,639.9999999999999
2022-05-31 18:00:00,640.4999999999999
2022-06-01 05:00:00,634.4999999999999
2022-06-01 07:00:00,639.9999999999999
2022-06-01 08:00:00,638.7999999999998
2022-06-01 09:00:00,638.8999999999999
2022-06-01 10:00:00,637.9999999999999
2022-06-01 11:00:00,638.1999999999999
2022-06-01 12:00:00,640.0999999999999
2022-06-01 13:00:00,644.8999999999999
2022-06-01 14:00:00,638.8999999999999
2022-06-01 15:00:00,634.2999999999998
2022-06-02 05:00:00,642.6999999999999
2022-06-02 07:00:00,638.3999999999999
2022-06-02 10:00:00,636.1999999999999
2022-06-02 12:00:00,635.3999999999999
2022-06-02 13:00:00,638.5999999999999
2022-06-02 14:00:00,639.8999999999999
2022-06-02 15:00:00,642.7999999999998
2022-06-03 05:00:00,634.1999999999999
2022-06-03 07:00:00,643.4999999999999
2022-06-03 09:00:00,642.8999999999999
2022-06-03 12:00:00,637.6999999999999
2022-06-03 13:00:00,637.4999999999999
2022-06-03 14:00:00,635.4999999999999
2022-06-03 15:00:00,632.6999999999999
2022-06-06 05:00:00,646.2999999999998
2022-06-06 07:00:00,645.0999999999999
2022-06-06 08:00:00,645.9999999999999
2022-06-06 09:00:00,648.4999999999999
2022-06-06 10:00:00,647.4999999999999
2022-06-06 12:00:00,649.2999999999998
2022-06-06 14:00:00,649.9999999999999
2022-06-06 15:00:00,644.9999999999999
2022-06-07 05:00:00,637.9999999999999
2022-06-07 09:00:00,635.9999999999999
2022-06-07 10:00:00,635.8999999999999
2022-06-07 11:00:00,635.0999999999999
2022-06-07 12:00:00,634.7999999999998
2022-06-07 13:00:00,637.6999999999999
2022-06-07 14:00:00,640.8999999999999
2022-06-07 15:00:00,638.3999999999999
2022-06-07 16:00:00,636.3999999999999
2022-06-08 05:00:00,641.8999999999999
2022-06-08 07:00:00,643.7999999999998
2022-06-08 08:00:00,644.4999999999999
2022-06-08 09:00:00,644.2999999999998
2022-06-08 10:00:00,642.4999999999999
2022-06-08 12:00:00,640.5999999999999
2022-06-08 13:00:00,641.9999999999999
2022-06-08 14:00:00,639.9999999999999
2022-06-08 15:00:00,642.0999999999999
2022-06-09 05:00:00,629.2999999999998
2022-06-09 07:00:00,636.9999999999999
2022-06-09 08:00:00,637.8999999999999
2022-06-09 09:00:00,639.7999999999998
2022-06-09 10:00:00,637.8999999999999
2022-06-09 11:00:00,636.6999999999999
2022-06-09 12:00:00,629.2999999999998
2022-06-09 13:00:00,629.1999999999999
2022-06-09 14:00:00,630.8999999999999
2022-06-09 15:00:00,628.1999999999999
2022-06-10 05:00:00,606.1999999999999
2022-06-13 05:00:00,582.6999999999999
2022-06-13 12:00:00,585.0
2022-06-13 13:00:00,585.1
2022-06-13 14:00:00,582.1999999999999
2022-06-14 05:00:00,576.4
2022-06-14 07:00:00,587.1
2022-06-14 09:00:00,580.1
2022-06-14 13:00:00,576.8
2022-06-15 05:00:00,589.1
2022-06-15 07:00:00,576.9
2022-06-15 09:00:00,579.9
2022-06-15 10:00:00,581.6
2022-06-15 11:00:00,585.4
2022-06-15 12:00:00,584.4
2022-06-15 13:00:00,585.1999999999999
2022-06-15 14:00:00,586.6
2022-06-15 15:00:00,588.6999999999999
2022-06-16 05:00:00,566.4
2022-06-16 07:00:00,574.3
2022-06-16 08:00:00,571.5
2022-06-16 09:00:00,570.1999999999999
2022-06-16 10:00:00,569.6
2022-06-16 11:00:00,569.0
2022-06-16 13:00:00,569.4
2022-06-16 14:00:00,564.0
2022-06-16 15:00:00,565.1999999999999
2022-06-17 05:00:00,570.8
2022-06-17 07:00:00,570.9
2022-06-17 08:00:00,574.6999999999999
2022-06-17 09:00:00,575.9
2022-06-17 10:00:00,576.6
2022-06-17 11:00:00,572.0
2022-06-17 12:00:00,570.6
2022-06-17 13:00:00,572.1
2022-06-17 14:00:00,566.4
2022-06-17 15:00:00,570.4
2022-06-17 16:00:00,570.4
2022-06-20 05:00:00,575.6999999999999
2022-06-20 07:00:00,573.6999999999999
2022-06-20 08:00:00,576.1
2022-06-20 09:00:00,571.6999999999999
2022-06-20 11:00:00,571.0
2022-06-20 12:00:00,572.8
2022-06-20 13:00:00,573.9
2022-06-20 14:00:00,574.1
2022-06-20 15:00:00,575.6
2022-06-21 05:00:00,582.9
2022-06-21 07:00:00,584.6999999999999
2022-06-21 08:00:00,583.3
2022-06-21 09:00:00,583.5
2022-06-21 10:00:00,581.8
2022-06-21 11:00:00,581.4
2022-06-21 12:00:00,580.4
2022-06-21 13:00:00,583.9
2022-06-21 14:00:00,584.6999999999999
2022-06-21 15:00:00,582.5
2022-06-22 05:00:00,582.6
2022-06-22 07:00:00,571.9
2022-06-22 08:00:00,568.1
2022-06-22 09:00:00,570.1999999999999
2022-06-22 10:00:00,570.1
2022-06-22 12:00:00,571.0
2022-06-22 13:00:00,577.8
2022-06-22 14:00:00,584.1999999999999
2022-06-22 15:00:00,581.6
2022-06-23 05:00:00,579.5
2022-06-23 07:00:00,573.0
2022-06-23 08:00:00,574.9
2022-06-23 09:00:00,578.4
2022-06-23 10:00:00,581.9
2022-06-23 11:00:00,581.1
2022-06-23 12:00:00,577.5
2022-06-23 13:00:00,575.5
2022-06-23 14:00:00,581.1999999999999
2022-06-23 15:00:00,578.9
2022-06-24 05:00:00,599.3
2022-06-24 07:00:00,585.4
2022-06-24 08:00:00,588.3
2022-06-24 10:00:00,591.6
2022-06-24 11:00:00,590.5
2022-06-24 12:00:00,589.4
2022-06-24 13:00:00,591.5
2022-06-24 14:00:00,599.9
2022-06-24 15:00:00,600.4
2022-06-27 05:00:00,609.6999999999999
2022-06-27 06:00:00,607.4
2022-06-27 07:00:00,612.4
2022-06-27 08:00:00,612.9
2022-06-27 09:00:00,612.6999999999999
2022-06-27 10:00:00,613.6
2022-06-27 11:00:00,610.8
2022-06-27 12:00:00,610.6
2022-06-27 13:00:00,611.0
2022-06-27 14:00:00,608.3
2022-06-27 15:00:00,609.9
2022-06-28 05:00:00,600.8
2022-06-28 07:00:00,603.1999999999999
2022-06-28 08:00:00,607.9
2022-06-28 09:00:00,606.4
2022-06-28 10:00:00,606.6999999999999
2022-06-28 11:00:00,605.6
2022-06-28 12:00:00,603.6999999999999
2022-06-28 13:00:00,609.1
2022-06-28 14:00:00,603.3
2022-06-28 15:00:00,600.6
2022-06-29 05:00:00,592.1
2022-06-29 07:00:00,591.4
2022-06-29 08:00:00,593.4
2022-06-29 09:00:00,588.0
2022-06-29 10:00:00,588.6999999999999
2022-06-29 11:00:00,588.4
2022-06-29 12:00:00,591.1999999999999
2022-06-29 13:00:00,588.0
2022-06-29 14:00:00,593.0
2022-06-29 15:00:00,592.1999999999999
2022-06-30 05:00:00,581.6999999999999
2022-06-30 07:00:00,577.1
2022-06-30 08:00:00,579.4
2022-06-30 09:00:00,577.4
2022-06-30 10:00:00,575.5
2022-06-30 11:00:00,574.5
2022-06-30 12:00:00,576.3
2022-06-30 13:00:00,574.0
2022-06-30 14:00:00,579.1
2022-06-30 15:00:00,581.3
2022-07-01 05:00:00,570.6999999999999
2022-07-01 07:00:00,570.6
2022-07-01 08:00:00,575.4
2022-07-01 09:00:00,577.1999999999999
2022-07-01 10:00:00,576.4
2022-07-01 11:00:00,571.1
2022-07-01 13:00:00,573.6
2022-07-01 14:00:00,571.1
2022-07-01 15:00:00,569.9
2022-07-04 05:00:00,565.6999999999999
2022-07-04 07:00:00,566.9
2022-07-04 08:00:00,567.4
2022-07-04 09:00:00,568.9
2022-07-04 13:00:00,567.1
2022-07-04 14:00:00,565.1999999999999
2022-07-04 15:00:00,565.4
2022-07-05 05:00:00,557.4
2022-07-05 07:00:00,571.3
2022-07-05 08:00:00,562.5
2022-07-05 09:00:00,558.6
2022-07-05 10:00:00,561.0
2022-07-05 11:00:00,557.5
2022-07-05 12:00:00,552.1999999999999
2022-07-05 13:00:00,553.6999999999999
2022-07-05 14:00:00,558.6
2022-07-05 15:00:00,556.6999999999999
2022-07-06 05:00:00,572.3
2022-07-06 07:00:00,571.3
2022-07-06 08:00:00,571.5
2022-07-06 09:00:00,570.6
2022-07-06 10:00:00,570.6999999999999
2022-07-06 11:00:00,571.9
2022-07-06 12:00:00,573.5
2022-07-06 13:00:00,572.6
2022-07-06 14:00:00,573.6
2022-07-06 15:00:00,571.6
2022-07-06 18:00:00,574.4
2022-07-07 05:00:00,590.3
2022-07-07 07:00:00,586.5
2022-07-07 08:00:00,582.6999999999999
2022-07-07 09:00:00,583.8
2022-07-07 10:00:00,582.5
2022-07-07 11:00:00,581.5
2022-07-07 12:00:00,582.8
2022-07-07 13:00:00,587.9
2022-07-07 14:00:00,588.8
2022-07-07 15:00:00,591.1
2022-07-08 05:00:00,593.1
2022-07-08 07:00:00,590.6999999999999
2022-07-08 08:00:00,587.6
2022-07-08 09:00:00,587.3
2022-07-08 10:00:00,592.5
2022-07-08 11:00:00,590.1
2022-07-08 12:00:00,584.0
2022-07-08 13:00:00,585.4
2022-07-08 14:00:00,590.9
2022-07-08 15:00:00,593.0
2022-07-11 05:00:00,585.4
2022-07-11 07:00:00,586.0
2022-07-11 09:00:00,591.8
2022-07-11 10:00:00,591.3
2022-07-11 11:00:00,589.1999999999999
2022-07-11 12:00:00,590.1999999999999
2022-07-11 13:00:00,584.6999999999999
2022-07-11 14:00:00,586.8
2022-07-11 15:00:00,585.6999999999999
2022-07-12 05:00:00,583.6
2022-07-12 07:00:00,576.4
2022-07-12 08:00:00,577.5
2022-07-12 09:00:00,579.6
2022-07-12 10:00:00,582.0
2022-07-12 11:00:00,585.3
2022-07-12 12:00:00,583.4
2022-07-12 13:00:00,584.6
2022-07-12 14:00:00,582.9
2022-07-12 15:00:00,583.4
2022-07-13 05:00:00,580.5
2022-07-13 07:00:00,580.4
2022-07-13 08:00:00,581.1999999999999
2022-07-13 09:00:00,584.4
2022-07-13 10:00:00,582.5
2022-07-13 11:00:00,580.1
2022-07-13 12:00:00,573.1
2022-07-13 13:00:00,575.6999999999999
2022-07-13 14:00:00,580.5
2022-07-13 15:00:00,579.9
2022-07-14 05:00:00,577.3
2022-07-14 07:00:00,582.4
2022-07-14 08:00:00,580.0
2022-07-14 09:00:00,581.4
2022-07-14 10:00:00,578.6
2022-07-14 11:00:00,579.6
2022-07-14 12:00:00,576.4
2022-07-14 13:00:00,574.6
2022-07-14 14:00:00,574.4
2022-07-14 15:00:00,577.1999999999999
2022-07-15 05:00:00,592.8
2022-07-15 07:00:00,582.6
2022-07-15 08:00:00,587.3
2022-07-15 09:00:00,585.6
2022-07-15 10:00:00,586.0
2022-07-15 11:00:00,586.6
2022-07-15 12:00:00,589.0
2022-07-15 13:00:00,586.5
2022-07-15 14:00:00,589.6999999999999
2022-07-15 15:00:00,592.8
2022-07-18 05:00:00,601.4
2022-07-18 07:00:00,599.4
2022-07-18 08:00:00,599.9
2022-07-18 09:00:00,599.9
2022-07-18 10:00:00,601.0
2022-07-18 11:00:00,601.0
2022-07-18 12:00:00,602.6999999999999
2022-07-18 13:00:00,601.6
2022-07-18 14:00:00,600.1
2022-07-18 15:00:00,600.6999999999999
2022-07-19 05:00:00,612.1999999999999
2022-07-19 07:00:00,592.1999999999999
2022-07-19 08:00:00,592.9
2022-07-19 10:00:00,598.6
2022-07-19 11:00:00,597.8
2022-07-19 12:00:00,600.6999999999999
2022-07-19 13:00:00,601.1999999999999
2022-07-19 14:00:00,610.8
2022-07-19 15:00:00,611.6999999999999
2022-07-19 16:00:00,611.1
2022-07-20 05:00:00,620.3
2022-07-20 07:00:00,611.9
2022-07-20 08:00:00,612.6
2022-07-20 09:00:00,613.3
2022-07-20 10:00:00,613.0
2022-07-20 11:00:00,613.3
2022-07-20 12:00:00,611.0
2022-07-20 13:00:00,612.6
2022-07-20 14:00:00,620.1999999999999
2022-07-20 15:00:00,622.3
2022-07-21 05:00:00,631.6999999999999
2022-07-21 07:00:00,625.6
2022-07-21 08:00:00,624.4
2022-07-21 09:00:00,628.0
2022-07-21 10:00:00,629.6
2022-07-21 11:00:00,628.1999999999999
2022-07-21 12:00:00,630.3
2022-07-21 13:00:00,630.3
2022-07-21 14:00:00,631.6999999999999
2022-07-21 15:00:00,631.4
2022-07-22 05:00:00,638.3
2022-07-22 07:00:00,634.3
2022-07-22 08:00:00,638.8
2022-07-22 09:00:00,639.4
2022-07-22 10:00:00,641.4
2022-07-22 11:00:00,643.4
2022-07-22 12:00:00,643.8
2022-07-22 13:00:00,643.6999999999999
2022-07-22 14:00:00,641.6
2022-07-22 15:00:00,636.4
2022-07-25 05:00:00,632.3
2022-07-25 07:00:00,634.9
2022-07-25 10:00:00,636.0
2022-07-25 11:00:00,636.8
2022-07-25 12:00:00,636.1
2022-07-25 13:00:00,634.4
2022-07-25 14:00:00,631.3
2022-07-25 15:00:00,634.1
2022-07-26 05:00:00,626.5
2022-07-26 06:00:00,630.4
2022-07-26 07:00:00,634.0
2022-07-26 08:00:00,632.0
2022-07-26 09:00:00,632.8
2022-07-26 10:00:00,629.0
2022-07-26 11:00:00,630.5
2022-07-26 12:00:00,628.6999999999999
2022-07-26 13:00:00,626.5
2022-07-26 14:00:00,628.0
2022-07-26 15:00:00,624.1999999999999
2022-07-27 05:00:00,634.1
2022-07-27 07:00:00,630.6
2022-07-27 08:00:00,631.5
2022-07-27 09:00:00,630.6999999999999
2022-07-27 10:00:00,631.1999999999999
2022-07-27 11:00:00,628.6999999999999
2022-07-27 13:00:00,634.6
2022-07-27 14:00:00,633.6999999999999
2022-07-27 15:00:00,635.0
2022-07-27 18:00:00,635.3
2022-07-28 05:00:00,644.6
2022-07-28 07:00:00,639.0
2022-07-28 08:00:00,637.5
2022-07-28 09:00:00,635.6
2022-07-28 10:00:00,637.4
2022-07-28 11:00:00,638.8
2022-07-28 12:00:00,637.1
2022-07-28 13:00:00,638.9
2022-07-28 14:00:00,638.8
2022-07-28 15:00:00,644.8
2022-07-29 05:00:00,654.4
2022-07-29 07:00:00,652.0
2022-07-29 08:00:00,650.4
2022-07-29 09:00:00,650.6999999999999
2022-07-29 10:00:00,652.8
2022-07-29 11:00:00,654.9
2022-07-29 12:00:00,655.0
2022-07-29 13:00:00,654.6999999999999
2022-07-29 14:00:00,655.6999999999999
2022-07-29 15:00:00,654.9
2022-07-29 16:00:00,655.1999999999999
2022-08-01 05:00:00,659.8
2022-08-01 07:00:00,655.4
2022-08-01 08:00:00,656.4
2022-08-01 09:00:00,658.4
2022-08-01 10:00:00,658.4
2022-08-01 11:00:00,660.1999999999999
2022-08-01 12:00:00,659.1
2022-08-01 13:00:00,657.1999999999999
2022-08-01 14:00:00,662.4
2022-08-01 15:00:00,660.3
2022-08-02 05:00:00,650.0
2022-08-02 07:00:00,648.8
2022-08-02 08:00:00,645.5
2022-08-02 09:00:00,646.6
2022-08-02 10:00:00,644.8
2022-08-02 11:00:00,645.9
2022-08-02 12:00:00,646.1999999999999
2022-08-02 13:00:00,647.0
2022-08-02 14:00:00,650.6999999999999
2022-08-02 15:00:00,650.3
2022-08-03 05:00:00,669.6999999999999
2022-08-03 08:00:00,654.6999999999999
2022-08-03 09:00:00,658.9
2022-08-03 10:00:00,659.4
2022-08-03 11:00:00,659.1
2022-08-03 12:00:00,659.8
2022-08-03 13:00:00,663.6
2022-08-03 14:00:00,666.1
2022-08-03 15:00:00,668.4
2022-08-04 05:00:00,675.9
2022-08-04 07:00:00,676.0
2022-08-04 08:00:00,675.5
2022-08-04 09:00:00,677.6999999999999
2022-08-04 10:00:00,681.0
2022-08-04 11:00:00,676.3
2022-08-04 12:00:00,676.6999999999999
2022-08-04 13:00:00,677.6
2022-08-04 14:00:00,675.3
2022-08-04 15:00:00,675.3
2022-08-05 05:00:00,661.8
2022-08-05 07:00:00,678.1999999999999
2022-08-05 08:00:00,674.1
2022-08-05 09:00:00,674.6999999999999
2022-08-05 10:00:00,674.6
2022-08-05 11:00:00,674.0
2022-08-05 12:00:00,663.1999999999999
2022-08-05 13:00:00,664.6
2022-08-05 14:00:00,666.9
2022-08-05 15:00:00,661.9
2022-08-08 05:00:00,664.0
2022-08-08 07:00:00,671.1
2022-08-08 10:00:00,671.8
2022-08-08 11:00:00,672.0
2022-08-08 12:00:00,673.9
2022-08-08 13:00:00,670.6
2022-08-08 14:00:00,666.1
2022-08-08 15:00:00,663.9
2022-08-09 05:00:00,644.5
2022-08-09 07:00:00,659.6999999999999
2022-08-09 08:00:00,659.9
2022-08-09 09:00:00,657.6
2022-08-09 10:00:00,651.5
2022-08-09 11:00:00,648.6
2022-08-09 12:00:00,650.3
2022-08-09 13:00:00,648.8
2022-08-09 14:00:00,645.3
2022-08-09 15:00:00,644.1
2022-08-10 05:00:00,659.6999999999999
2022-08-10 07:00:00,642.1
2022-08-10 08:00:00,643.8
2022-08-10 09:00:00,643.6999999999999
2022-08-10 10:00:00,642.8
2022-08-10 11:00:00,643.6
2022-08-10 12:00:00,658.1
2022-08-10 14:00:00,656.6
2022-08-10 15:00:00,660.4
2022-08-11 05:00:00,661.6999999999999
2022-08-11 07:00:00,659.0
2022-08-11 08:00:00,657.8
2022-08-11 09:00:00,660.5
2022-08-11 10:00:00,659.1
2022-08-11 11:00:00,659.4
2022-08-11 12:00:00,662.5
2022-08-11 13:00:00,659.0
2022-08-11 14:00:00,662.8
2022-08-11 15:00:00,660.1999999999999
2022-08-12 05:00:00,661.6999999999999
2022-08-12 07:00:00,660.6
2022-08-12 08:00:00,658.3
2022-08-12 10:00:00,656.6
2022-08-12 11:00:00,657.3
2022-08-12 12:00:00,659.1999999999999
2022-08-12 13:00:00,661.5
2022-08-12 14:00:00,661.3
2022-08-12 15:00:00,663.1
2022-08-15 05:00:00,665.3
2022-08-15 07:00:00,662.5
2022-08-15 08:00:00,665.1
2022-08-15 09:00:00,664.4
2022-08-15 10:00:00,663.8
2022-08-15 11:00:00,663.3
2022-08-15 12:00:00,662.6
2022-08-15 13:00:00,666.6
2022-08-15 14:00:00,664.9
2022-08-15 15:00:00,665.6999999999999
2022-08-16 05:00:00,664.6
2022-08-16 07:00:00,666.1999999999999
2022-08-16 08:00:00,669.5
2022-08-16 09:00:00,665.1999999999999
2022-08-16 10:00:00,666.6999999999999
2022-08-16 12:00:00,665.0
2022-08-16 13:00:00,660.3
2022-08-16 14:00:00,662.9
2022-08-16 15:00:00,664.4
2022-08-16 18:00:00,663.9
2022-08-17 05:00:00,652.0
2022-08-17 07:00:00,661.9
2022-08-17 08:00:00,660.1999999999999
2022-08-17 09:00:00,660.1
2022-08-17 10:00:00,660.5
2022-08-17 11:00:00,657.4
2022-08-17 12:00:00,656.1999999999999
2022-08-17 13:00:00,655.4
2022-08-17 14:00:00,651.1999999999999
2022-08-17 15:00:00,651.8
2022-08-18 05:00:00,658.3
2022-08-18 07:00:00,652.8
2022-08-18 08:00:00,652.0
2022-08-18 09:00:00,655.8
2022-08-18 10:00:00,655.3
2022-08-18 11:00:00,655.5
2022-08-18 12:00:00,653.6999999999999
2022-08-18 13:00:00,654.5
2022-08-18 14:00:00,656.6
2022-08-18 15:00:00,658.1999999999999
2022-08-19 05:00:00,650.9
2022-08-19 07:00:00,657.6
2022-08-19 08:00:00,654.9
2022-08-19 09:00:00,658.1999999999999
2022-08-19 10:00:00,655.9
2022-08-19 11:00:00,657.5
2022-08-19 12:00:00,657.9
2022-08-19 13:00:00,653.9
2022-08-19 14:00:00,654.4
2022-08-19 15:00:00,650.9
2022-08-22 05:00:00,633.8
2022-08-22 07:00:00,641.9
2022-08-22 08:00:00,639.8
2022-08-22 09:00:00,638.9
2022-08-22 12:00:00,638.8
2022-08-22 13:00:00,638.1
2022-08-22 14:00:00,634.0
2022-08-22 15:00:00,633.5
2022-08-23 05:00:00,631.4
2022-08-23 07:00:00,635.3
2022-08-23 10:00:00,631.9
2022-08-23 11:00:00,633.1999999999999
2022-08-23 13:00:00,629.8
2022-08-23 14:00:00,631.6
2022-08-23 15:00:00,631.6999999999999
2022-08-24 05:00:00,636.4
2022-08-24 07:00:00,627.3
2022-08-24 08:00:00,632.0
2022-08-24 09:00:00,628.8
2022-08-24 10:00:00,630.6999999999999
2022-08-24 11:00:00,632.5
2022-08-24 12:00:00,633.6999999999999
2022-08-24 13:00:00,633.4
2022-08-24 14:00:00,634.8
2022-08-24 15:00:00,636.3
2022-08-25 05:00:00,642.1999999999999
2022-08-25 07:00:00,640.4
2022-08-25 09:00:00,635.9
2022-08-25 10:00:00,636.8
2022-08-25 11:00:00,636.8
2022-08-25 13:00:00,637.4
2022-08-25 14:00:00,644.1999999999999
2022-08-25 15:00:00,641.6999999999999
2022-08-26 05:00:00,628.1999999999999
2022-08-26 07:00:00,651.3
2022-08-26 08:00:00,645.1999999999999
2022-08-26 09:00:00,643.0
2022-08-26 10:00:00,640.0
2022-08-26 12:00:00,642.6
2022-08-26 13:00:00,638.0
2022-08-26 14:00:00,629.8
2022-08-26 15:00:00,628.1999999999999
2022-08-29 05:00:00,613.9
2022-08-29 07:00:00,618.1
2022-08-29 09:00:00,615.3
2022-08-29 10:00:00,614.9
2022-08-29 11:00:00,615.0
2022-08-29 12:00:00,615.5
2022-08-29 13:00:00,618.1999999999999
2022-08-29 14:00:00,615.9
2022-08-29 15:00:00,615.0
2022-08-30 05:00:00,609.1
2022-08-30 07:00:00,618.4
2022-08-30 08:00:00,623.6
2022-08-30 09:00:00,625.1999999999999
2022-08-30 10:00:00,623.9
2022-08-30 11:00:00,623.5
2022-08-30 12:00:00,620.6
2022-08-30 13:00:00,617.1999999999999
2022-08-30 14:00:00,608.0
2022-08-30 15:00:00,608.9
2022-08-31 05:00:00,604.6
2022-08-31 07:00:00,618.5
2022-08-31 08:00:00,615.4
2022-08-31 09:00:00,613.6
2022-08-31 12:00:00,615.8
2022-08-31 13:00:00,616.1
2022-08-31 14:00:00,607.1
2022-08-31 15:00:00,604.3
2022-09-01 05:00:00,587.0
2022-09-01 07:00:00,599.0
2022-09-01 08:00:00,593.6999999999999
2022-09-01 09:00:00,596.6999999999999
2022-09-01 10:00:00,595.1999999999999
2022-09-01 11:00:00,599.6999999999999
2022-09-01 12:00:00,597.8
2022-09-01 13:00:00,596.6
2022-09-01 14:00:00,590.1
2022-09-01 15:00:00,585.5
2022-09-02 05:00:00,604.8
2022-09-02 07:00:00,595.6999999999999
2022-09-02 08:00:00,593.5
2022-09-02 09:00:00,592.3
2022-09-02 10:00:00,593.0
2022-09-02 11:00:00,592.5
2022-09-02 12:00:00,595.6
2022-09-02 13:00:00,600.9
2022-09-02 14:00:00,605.6999999999999
2022-09-02 15:00:00,604.4
2022-09-02 16:00:00,595.8
2022-09-05 05:00:00,598.1999999999999
2022-09-05 07:00:00,588.9
2022-09-05 08:00:00,591.9
2022-09-05 09:00:00,594.6999999999999
2022-09-05 10:00:00,595.8
2022-09-05 11:00:00,592.6999999999999
2022-09-05 13:00:00,595.6999999999999
2022-09-05 14:00:00,598.6
2022-09-05 15:00:00,597.6999999999999
2022-09-06 05:00:00,598.6
2022-09-06 07:00:00,601.8
2022-09-06 08:00:00,598.4
2022-09-06 10:00:00,603.0
2022-09-06 11:00:00,599.6999999999999
2022-09-06 12:00:00,600.5
2022-09-06 13:00:00,596.3
2022-09-06 14:00:00,599.8
2022-09-06 15:00:00,597.6999999999999
2022-09-07 05:00:00,598.6
2022-09-07 07:00:00,596.6999999999999
2022-09-07 08:00:00,596.8
2022-09-07 10:00:00,596.1
2022-09-07 11:00:00,595.8
2022-09-07 12:00:00,594.4
2022-09-07 13:00:00,597.6999999999999
2022-09-07 14:00:00,596.8
2022-09-07 15:00:00,599.3
2022-09-08 05:00:00,602.6999999999999
2022-09-08 07:00:00,599.1999999999999
2022-09-08 08:00:00,597.6999999999999
2022-09-08 09:00:00,599.4
2022-09-08 10:00:00,597.9
2022-09-08 11:00:00,596.4
2022-09-08 12:00:00,588.8
2022-09-08 13:00:00,596.8
2022-09-08 14:00:00,601.8
2022-09-08 15:00:00,602.3
2022-09-09 05:00:00,617.1
2022-09-09 07:00:00,607.9
2022-09-09 08:00:00,614.1
2022-09-09 09:00:00,613.4
2022-09-09 10:00:00,615.3
2022-09-09 11:00:00,614.9
2022-09-09 12:00:00,615.9
2022-09-09 13:00:00,615.1999999999999
2022-09-09 14:00:00,617.4
2022-09-09 15:00:00,617.4
2022-09-12 05:00:00,623.8
2022-09-12 10:00:00,624.1999999999999
2022-09-12 15:00:00,624.4999999999999
2022-09-13 05:00:00,606.6999999999999
2022-09-13 07:00:00,627.4
2022-09-13 08:00:00,627.9999999999999
2022-09-13 14:00:00,608.1999999999999
2022-09-13 15:00:00,606.4999999999999
2022-09-14 05:00:00,604.9
2022-09-14 07:00:00,600.4999999999999
2022-09-14 08:00:00,608.9
2022-09-14 09:00:00,604.5999999999999
2022-09-14 10:00:00,604.1999999999999
2022-09-14 11:00:00,601.4999999999999
2022-09-14 13:00:00,602.9
2022-09-14 14:00:00,601.3
2022-09-14 15:00:00,604.1999999999999
2022-09-15 05:00:00,594.6999999999999
2022-09-15 07:00:00,606.8
2022-09-15 10:00:00,602.6999999999999
2022-09-15 11:00:00,602.9999999999999
2022-09-15 12:00:00,602.9999999999999
2022-09-15 13:00:00,603.0999999999999
2022-09-15 14:00:00,599.0999999999999
2022-09-15 15:00:00,592.9999999999999
2022-09-16 05:00:00,583.8
2022-09-16 07:00:00,585.6999999999999
2022-09-16 08:00:00,585.1999999999999
2022-09-16 09:00:00,586.5999999999999
2022-09-16 10:00:00,586.4
2022-09-16 11:00:00,584.5999999999999
2022-09-16 12:00:00,583.1999999999999
2022-09-16 13:00:00,584.4999999999999
2022-09-16 14:00:00,585.4999999999999
2022-09-16 15:00:00,583.0999999999999
2022-09-19 05:00:00,589.0999999999999
2022-09-19 07:00:00,580.9999999999999
2022-09-19 08:00:00,580.9999999999999
2022-09-19 09:00:00,578.9999999999999
2022-09-19 11:00:00,579.8
2022-09-19 12:00:00,581.3
2022-09-19 14:00:00,588.9999999999999
2022-09-19 15:00:00,588.3
2022-09-20 05:00:00,582.4
2022-09-20 07:00:00,583.9999999999999
2022-09-20 08:00:00,582.4999999999999
2022-09-20 09:00:00,577.9
2022-09-20 10:00:00,577.5999999999999
2022-09-20 11:00:00,578.4999999999999
2022-09-20 12:00:00,580.0999999999999
2022-09-20 13:00:00,579.9
2022-09-20 15:00:00,581.9999999999999
2022-09-21 05:00:00,591.1999999999999
2022-09-21 07:00:00,580.4999999999999
2022-09-21 08:00:00,582.4
2022-09-21 09:00:00,582.4
2022-09-21 10:00:00,582.1999999999999
2022-09-21 11:00:00,581.1999999999999
2022-09-21 12:00:00,583.4999999999999
2022-09-21 13:00:00,586.4999999999999
2022-09-21 14:00:00,590.1999999999999
2022-09-21 15:00:00,591.1999999999999
2022-09-21 18:00:00,593.1999999999999
2022-09-22 05:00:00,567.4
2022-09-22 07:00:00,581.9999999999999
2022-09-22 08:00:00,582.4999999999999
2022-09-22 09:00:00,580.9
2022-09-22 10:00:00,579.4
2022-09-22 11:00:00,576.0999999999999
2022-09-22 12:00:00,579.6999999999999
2022-09-22 13:00:00,571.6999999999999
2022-09-22 14:00:00,568.3
2022-09-22 15:00:00,567.3
2022-09-23 05:00:00,558.5999999999999
2022-09-23 07:00:00,562.8
2022-09-23 08:00:00,562.0999999999999
2022-09-23 09:00:00,557.4
2022-09-23 10:00:00,554.4999999999999
2022-09-23 11:00:00,552.4
2022-09-23 13:00:00,558.4999999999999
2022-09-23 14:00:00,559.4999999999999
2022-09-23 15:00:00,557.0999999999999
2022-09-26 05:00:00,563.9
2022-09-26 07:00:00,567.0999999999999
2022-09-26 08:00:00,566.3
2022-09-26 09:00:00,561.5999999999999
2022-09-26 10:00:00,565.9999999999999
2022-09-26 11:00:00,565.4
2022-09-26 12:00:00,564.5999999999999
2022-09-26 13:00:00,569.3
2022-09-26 14:00:00,567.9
2022-09-26 15:00:00,563.4999999999999
2022-09-27 05:00:00,565.9999999999999
2022-09-27 06:00:00,567.9999999999999
2022-09-27 07:00:00,575.5999999999999
2022-09-27 08:00:00,570.8
2022-09-27 09:00:00,568.4
2022-09-27 10:00:00,569.1999999999999
2022-09-27 12:00:00,571.6999999999999
2022-09-27 14:00:00,569.9999999999999
2022-09-27 15:00:00,563.3
2022-09-27 17:00:00,563.9
2022-09-28 05:00:00,566.1999999999999
2022-09-28 07:00:00,557.3
2022-09-28 08:00:00,554.6999999999999
2022-09-28 09:00:00,552.0999999999999
2022-09-28 10:00:00,555.3
2022-09-28 11:00:00,551.6999999999999
2022-09-28 12:00:00,557.5999999999999
2022-09-28 13:00:00,562.4
2022-09-28 14:00:00,563.9
2022-09-28 15:00:00,565.3
2022-09-28 16:00:00,569.9
2022-09-28 18:00:00,569.9
2022-09-29 05:00:00,548.6999999999999
2022-09-29 07:00:00,555.4999999999999
2022-09-29 08:00:00,556.4999999999999
2022-09-29 09:00:00,559.1999999999999
2022-09-29 10:00:00,553.4999999999999
2022-09-29 11:00:00,555.5999999999999
2022-09-29 12:00:00,553.0999999999999
2022-09-29 13:00:00,551.4
2022-09-29 14:00:00,547.6999999999999
2022-09-29 15:00:00,548.0
2022-09-30 05:00:00,560.6999999999999
2022-09-30 07:00:00,554.6999999999999
2022-09-30 08:00:00,551.3
2022-09-30 09:00:00,549.0999999999999
2022-09-30 10:00:00,553.0999999999999
2022-09-30 11:00:00,550.3
2022-09-30 12:00:00,551.9
2022-09-30 13:00:00,553.3
2022-09-30 14:00:00,558.5999999999999
2022-09-30 15:00:00,557.0999999999999
2022-10-03 05:00:00,564.3
2022-10-03 07:00:00,547.8999999999999
2022-10-03 08:00:00,546.1999999999999
2022-10-03 09:00:00,549.0999999999999
2022-10-03 10:00:00,550.9
2022-10-03 11:00:00,553.1999999999999
2022-10-03 12:00:00,556.3
2022-10-03 13:00:00,560.0999999999999
2022-10-03 14:00:00,563.5999999999999
2022-10-03 15:00:00,563.8
2022-10-04 05:00:00,590.5999999999999
2022-10-04 07:00:00,580.9999999999999
2022-10-04 08:00:00,584.4999999999999
2022-10-04 09:00:00,584.0999999999999
2022-10-04 10:00:00,587.3
2022-10-04 11:00:00,586.5999999999999
2022-10-04 13:00:00,585.6999999999999
2022-10-04 14:00:00,589.0999999999999
2022-10-04 15:00:00,590.1999999999999
2022-10-05 05:00:00,588.4
2022-10-05 07:00:00,595.4
2022-10-05 08:00:00,591.0999999999999
2022-10-05 09:00:00,590.9
2022-10-05 10:00:00,589.6999999999999
2022-10-05 11:00:00,589.1999999999999
2022-10-05 12:00:00,587.6999999999999
2022-10-05 13:00:00,589.0999999999999
2022-10-05 14:00:00,586.1999999999999
2022-10-05 15:00:00,587.9999999999999
2022-10-06 05:00:00,595.9
2022-10-06 07:00:00,596.1999999999999
2022-10-06 08:00:00,593.5999999999999
2022-10-06 09:00:00,591.5999999999999
2022-10-06 10:00:00,588.4999999999999
2022-10-06 12:00:00,594.9
2022-10-06 13:00:00,599.4999999999999
2022-10-06 14:00:00,593.9
2022-10-06 15:00:00,595.9
2022-10-07 05:00:00,572.3
2022-10-07 07:00:00,588.3
2022-10-07 12:00:00,580.0999999999999
2022-10-07 13:00:00,573.8
2022-10-07 14:00:00,573.4
2022-10-07 15:00:00,571.9999999999999
2022-10-10 05:00:00,561.6999999999999
2022-10-10 07:00:00,566.6999999999999
2022-10-10 08:00:00,563.5999999999999
2022-10-10 09:00:00,567.9
2022-10-10 10:00:00,567.4999999999999
2022-10-10 11:00:00,568.6999999999999
2022-10-10 12:00:00,572.8
2022-10-10 13:00:00,563.9999999999999
2022-10-10 14:00:00,560.4
2022-10-10 15:00:00,562.0999999999999
2022-10-11 05:00:00,550.4999999999999
2022-10-11 07:00:00,558.1999999999999
2022-10-11 08:00:00,554.3
2022-10-11 09:00:00,553.1999999999999
2022-10-11 10:00:00,554.9999999999999
2022-10-11 11:00:00,556.4
2022-10-11 12:00:00,557.5999999999999
2022-10-11 13:00:00,555.4999999999999
2022-10-11 14:00:00,549.8
2022-10-11 15:00:00,552.3
2022-10-12 05:00:00,547.3999999999999
2022-10-12 07:00:00,548.3999999999999
2022-10-12 08:00:00,551.5999999999999
2022-10-12 09:00:00,555.1999999999999
2022-10-12 10:00:00,554.4999999999999
2022-10-12 11:00:00,552.6999999999999
2022-10-12 12:00:00,550.0999999999999
2022-10-12 13:00:00,550.4999999999999
2022-10-12 14:00:00,547.0
2022-10-12 15:00:00,547.0
2022-10-13 05:00:00,548.1999999999999
2022-10-13 07:00:00,542.3
2022-10-13 08:00:00,540.1999999999999
2022-10-13 10:00:00,540.5
2022-10-13 11:00:00,543.3999999999999
2022-10-13 12:00:00,525.1999999999999
2022-10-13 13:00:00,527.4
2022-10-13 14:00:00,538.3
2022-10-13 15:00:00,551.4999999999999
2022-10-14 05:00:00,544.5
2022-10-14 07:00:00,552.0999999999999
2022-10-14 08:00:00,552.1999999999999
2022-10-14 09:00:00,546.5
2022-10-14 10:00:00,550.4999999999999
2022-10-14 12:00:00,557.8
2022-10-14 13:00:00,550.9
2022-10-14 14:00:00,545.8999999999999
2022-10-14 15:00:00,545.0999999999999
2022-10-17 05:00:00,553.6999999999999
2022-10-17 07:00:00,545.5
2022-10-17 08:00:00,543.3
2022-10-17 09:00:00,545.0
2022-10-17 10:00:00,545.8
2022-10-17 13:00:00,555.3
2022-10-17 14:00:00,551.5999999999999
2022-10-17 15:00:00,553.9
2022-10-18 05:00:00,558.9999999999999
2022-10-18 07:00:00,561.9999999999999
2022-10-18 08:00:00,562.9
2022-10-18 09:00:00,559.6999999999999
2022-10-18 10:00:00,562.0999999999999
2022-10-18 11:00:00,563.4
2022-10-18 12:00:00,566.9999999999999
2022-10-18 13:00:00,566.6999999999999
2022-10-18 14:00:00,562.6999999999999
2022-10-18 15:00:00,559.4999999999999
2022-10-19 05:00:00,563.6999999999999
2022-10-19 07:00:00,565.8
2022-10-19 08:00:00,563.4
2022-10-19 09:00:00,568.3
2022-10-19 10:00:00,565.0999999999999
2022-10-19 11:00:00,563.4
2022-10-19 12:00:00,560.4999999999999
2022-10-19 13:00:00,558.8
2022-10-19 14:00:00,561.9
2022-10-19 15:00:00,563.1999999999999
2022-10-20 05:00:00,575.9999999999999
2022-10-20 07:00:00,558.6999999999999
2022-10-20 08:00:00,558.1999999999999
2022-10-20 10:00:00,562.4999999999999
2022-10-20 11:00:00,563.0999999999999
2022-10-20 12:00:00,565.9
2022-10-20 13:00:00,566.1999999999999
2022-10-20 14:00:00,575.5999999999999
2022-10-20 15:00:00,574.9999999999999
2022-10-21 05:00:00,574.4
2022-10-21 07:00:00,569.0999999999999
2022-10-21 08:00:00,566.9999999999999
2022-10-21 09:00:00,565.6999999999999
2022-10-21 10:00:00,566.4999999999999
2022-10-21 11:00:00,565.0999999999999
2022-10-21 12:00:00,565.6999999999999
2022-10-21 13:00:00,572.6999999999999
2022-10-21 14:00:00,572.3
2022-10-21 15:00:00,575.1999999999999
2022-10-24 05:00:00,579.4
2022-10-24 07:00:00,575.9999999999999
2022-10-24 08:00:00,573.4999999999999
2022-10-24 09:00:00,573.9999999999999
2022-10-24 10:00:00,580.4
2022-10-24 11:00:00,583.9999999999999
2022-10-24 12:00:00,583.4999999999999
2022-10-24 13:00:00,580.4
2022-10-24 15:00:00,579.5999999999999
2022-10-25 05:00:00,602.1999999999999
2022-10-25 08:00:00,585.1999999999999
2022-10-25 09:00:00,584.3
2022-10-25 10:00:00,585.3
2022-10-25 11:00:00,585.5999999999999
2022-10-25 13:00:00,598.6999999999999
2022-10-25 14:00:00,599.6999999999999
2022-10-25 15:00:00,601.9999999999999
2022-10-26 05:00:00,601.6999999999999
2022-10-26 07:00:00,596.4999999999999
2022-10-26 08:00:00,595.9
2022-10-26 09:00:00,593.4
2022-10-26 10:00:00,593.1999999999999
2022-10-26 11:00:00,593.9999999999999
2022-10-26 12:00:00,589.9999999999999
2022-10-26 13:00:00,591.5999999999999
2022-10-26 14:00:00,600.4
2022-10-26 15:00:00,602.1999999999999
2022-10-27 05:00:00,593.1999999999999
2022-10-27 07:00:00,592.1999999999999
2022-10-27 08:00:00,593.4
2022-10-27 09:00:00,586.9
2022-10-27 10:00:00,583.9
2022-10-27 12:00:00,590.0999999999999
2022-10-27 13:00:00,586.3
2022-10-27 14:00:00,593.4
2022-10-27 15:00:00,593.4
2022-10-28 05:00:00,587.8
2022-10-28 07:00:00,577.9
2022-10-28 08:00:00,580.5999999999999
2022-10-28 09:00:00,580.1999999999999
2022-10-28 10:00:00,580.3
2022-10-28 11:00:00,579.9999999999999
2022-10-28 12:00:00,580.8
2022-10-28 13:00:00,583.8
2022-10-28 14:00:00,584.6999999999999
2022-10-28 15:00:00,591.3
2022-10-31 05:00:00,586.4
2022-10-31 09:00:00,587.6999999999999
2022-10-31 11:00:00,589.1999999999999
2022-10-31 13:00:00,588.5999999999999
2022-10-31 14:00:00,585.8
2022-10-31 15:00:00,586.3
2022-10-31 16:00:00,586.6999999999999
2022-10-31 17:00:00,586.3
2022-11-01 05:00:00,590.9
2022-11-01 08:00:00,593.1999999999999
2022-11-01 09:00:00,592.1999999999999
2022-11-01 11:00:00,595.6999999999999
2022-11-01 12:00:00,597.6999999999999
2022-11-01 13:00:00,595.8
2022-11-01 14:00:00,592.3
2022-11-01 15:00:00,592.3
2022-11-01 16:00:00,590.5999999999999
2022-11-02 05:00:00,584.4999999999999
2022-11-02 08:00:00,591.1999999999999
2022-11-02 09:00:00,590.9
2022-11-02 10:00:00,590.4999999999999
2022-11-02 11:00:00,590.4
2022-11-02 12:00:00,590.3
2022-11-02 13:00:00,586.1999999999999
2022-11-02 14:00:00,586.6999999999999
2022-11-02 15:00:00,585.9999999999999
2022-11-02 16:00:00,586.1999999999999
2022-11-02 20:00:00,574.9
2022-11-03 05:00:00,571.9
2022-11-03 07:00:00,571.5999999999999
2022-11-03 08:00:00,572.1999999999999
2022-11-03 09:00:00,573.6999999999999
2022-11-03 10:00:00,571.1999999999999
2022-11-03 11:00:00,571.4999999999999
2022-11-03 13:00:00,569.4
2022-11-03 14:00:00,570.3
2022-11-03 16:00:00,572.8
2022-11-03 19:00:00,571.4
2022-11-04 05:00:00,586.0999999999999
2022-11-04 08:00:00,577.9999999999999
2022-11-04 09:00:00,580.9
2022-11-04 11:00:00,583.5999999999999
2022-11-04 12:00:00,583.9999999999999
2022-11-04 13:00:00,584.8
2022-11-04 15:00:00,582.9999999999999
2022-11-04 16:00:00,585.4
2022-11-04 18:00:00,585.9
2022-11-07 06:00:00,593.4999999999999
2022-11-07 08:00:00,588.4
2022-11-07 09:00:00,588.9999999999999
2022-11-07 10:00:00,591.0999999999999
2022-11-07 11:00:00,592.4999999999999
2022-11-07 12:00:00,594.1999999999999
2022-11-07 13:00:00,593.5999999999999
2022-11-07 14:00:00,592.9999999999999
2022-11-07 15:00:00,591.9
2022-11-07 16:00:00,593.4
2022-11-08 06:00:00,610.8
2022-11-08 08:00:00,600.9999999999999
2022-11-08 09:00:00,602.1999999999999
2022-11-08 11:00:00,605.6999999999999
2022-11-08 12:00:00,604.4999999999999
2022-11-08 13:00:00,604.8
2022-11-08 14:00:00,607.4
2022-11-08 15:00:00,609.1999999999999
2022-11-08 16:00:00,612.6999999999999
2022-11-08 17:00:00,614.0999999999999
2022-11-09 06:00:00,606.1999999999999
2022-11-09 08:00:00,607.5999999999999
2022-11-09 09:00:00,601.8
2022-11-09 10:00:00,604.9
2022-11-09 11:00:00,604.5999999999999
2022-11-09 12:00:00,603.5999999999999
2022-11-09 13:00:00,603.9
2022-11-09 14:00:00,604.9999999999999
2022-11-09 15:00:00,605.8
2022-11-09 16:00:00,606.4
2022-11-10 06:00:00,649.4999999999999
2022-11-10 08:00:00,600.6999999999999
2022-11-10 09:00:00,602.3
2022-11-10 10:00:00,603.3
2022-11-10 11:00:00,605.5999999999999
2022-11-10 12:00:00,606.6999999999999
2022-11-10 13:00:00,632.1999999999999
2022-11-10 14:00:00,633.3
2022-11-10 15:00:00,647.4
2022-11-10 16:00:00,648.8
2022-11-10 17:00:00,648.6999999999999
2022-11-10 20:00:00,648.6999999999999
2022-11-11 06:00:00,659.1999999999999
2022-11-11 08:00:00,663.9999999999999
2022-11-11 09:00:00,661.8
2022-11-11 10:00:00,663.3
2022-11-11 11:00:00,661.3
2022-11-11 12:00:00,657.1999999999999
2022-11-11 13:00:00,658.0999999999999
2022-11-11 14:00:00,659.8
2022-11-11 15:00:00,661.0999999999999
2022-11-11 16:00:00,658.9999999999999
2022-11-14 06:00:00,665.6999999999999
2022-11-14 08:00:00,661.8
2022-11-14 09:00:00,658.8
2022-11-14 10:00:00,659.9
2022-11-14 11:00:00,661.0999999999999
2022-11-14 12:00:00,661.1999999999999
2022-11-14 13:00:00,660.8
2022-11-14 14:00:00,661.9
2022-11-14 15:00:00,666.3
2022-11-14 16:00:00,664.8
2022-11-15 06:00:00,674.9999999999999
2022-11-15 08:00:00,668.0999999999999
2022-11-15 09:00:00,668.4999999999999
2022-11-15 13:00:00,679.1999999999999
2022-11-15 14:00:00,675.4999999999999
2022-11-15 15:00:00,674.9999999999999
2022-11-15 16:00:00,675.4999999999999
2022-11-16 06:00:00,664.0999999999999
2022-11-16 08:00:00,674.9999999999999
2022-11-16 09:00:00,672.9
2022-11-16 11:00:00,673.4999999999999
2022-11-16 12:00:00,673.1999999999999
2022-11-16 13:00:00,667.4999999999999
2022-11-16 14:00:00,665.4999999999999
2022-11-16 15:00:00,662.0999999999999
2022-11-16 16:00:00,664.9
2022-11-16 17:00:00,664.0999999999999
2022-11-17 06:00:00,666.1999999999999
2022-11-17 08:00:00,665.4
2022-11-17 10:00:00,665.4
2022-11-17 12:00:00,663.4
2022-11-17 13:00:00,659.9999999999999
2022-11-17 14:00:00,659.1999999999999
2022-11-17 15:00:00,665.4999999999999
2022-11-17 16:00:00,670.6999999999999
2022-11-18 06:00:00,666.3
2022-11-18 09:00:00,666.9999999999999
2022-11-18 10:00:00,671.6999999999999
2022-11-18 13:00:00,670.9
2022-11-18 14:00:00,671.4999999999999
2022-11-18 15:00:00,663.5999999999999
2022-11-18 16:00:00,666.4
2022-11-18 17:00:00,663.6999999999999
2022-11-21 06:00:00,663.4
2022-11-21 07:00:00,663.6999999999999
2022-11-21 08:00:00,662.3
2022-11-21 09:00:00,662.4999999999999
2022-11-21 10:00:00,660.4
2022-11-21 11:00:00,658.0999999999999
2022-11-21 12:00:00,659.1999999999999
2022-11-21 14:00:00,665.3
2022-11-21 16:00:00,663.4
2022-11-22 06:00:00,664.4999999999999
2022-11-22 08:00:00,658.0999999999999
2022-11-22 10:00:00,660.5999999999999
2022-11-22 11:00:00,658.6999999999999
2022-11-22 12:00:00,658.9
2022-11-22 13:00:00,659.9999999999999
2022-11-22 14:00:00,659.0999999999999
2022-11-22 15:00:00,662.0999999999999
2022-11-22 16:00:00,664.4999999999999
2022-11-23 06:00:00,672.8
2022-11-23 08:00:00,665.9999999999999
2022-11-23 09:00:00,665.9999999999999
2022-11-23 12:00:00,668.1999999999999
2022-11-23 13:00:00,665.9
2022-11-23 14:00:00,672.4999999999999
2022-11-23 15:00:00,671.8
2022-11-23 16:00:00,673.8
2022-11-24 06:00:00,673.0999999999999
2022-11-24 08:00:00,675.3
2022-11-24 09:00:00,675.6999999999999
2022-11-24 11:00:00,673.0999999999999
2022-11-24 12:00:00,673.4999999999999
2022-11-24 13:00:00,672.1999999999999
2022-11-24 14:00:00,671.6999999999999
2022-11-24 15:00:00,672.9999999999999
2022-11-24 16:00:00,672.9999999999999
2022-11-25 06:00:00,669.1999999999999
2022-11-25 08:00:00,671.4
2022-11-25 09:00:00,670.9999999999999
2022-11-25 10:00:00,671.4999999999999
2022-11-25 11:00:00,671.3
2022-11-25 12:00:00,671.0999999999999
2022-11-25 13:00:00,670.9999999999999
2022-11-25 16:00:00,669.3
2022-11-28 06:00:00,663.4999999999999
2022-11-28 08:00:00,666.4
2022-11-28 09:00:00,662.1999999999999
2022-11-28 10:00:00,662.8
2022-11-28 11:00:00,661.3
2022-11-28 13:00:00,662.0999999999999
2022-11-28 14:00:00,661.8
2022-11-28 15:00:00,664.1999999999999
2022-11-28 16:00:00,663.9
2022-11-29 06:00:00,655.9
2022-11-29 08:00:00,663.0999999999999
2022-11-29 09:00:00,661.4
2022-11-29 11:00:00,661.6999999999999
2022-11-29 13:00:00,657.9
2022-11-29 14:00:00,659.9
2022-11-29 15:00:00,659.6999999999999
2022-11-29 16:00:00,656.5999999999999
2022-11-30 06:00:00,660.9999999999999
2022-11-30 08:00:00,661.9999999999999
2022-11-30 09:00:00,663.5999999999999
2022-11-30 10:00:00,661.9
2022-11-30 11:00:00,663.1999999999999
2022-11-30 12:00:00,665.4
2022-11-30 13:00:00,663.6999999999999
2022-11-30 14:00:00,663.4999999999999
2022-11-30 15:00:00,662.4999999999999
2022-11-30 16:00:00,661.3
2022-11-30 20:00:00,662.1999999999999
2022-12-01 06:00:00,678.5999999999999
2022-12-01 08:00:00,677.6999999999999
2022-12-01 09:00:00,673.9999999999999
2022-12-01 11:00:00,679.1999999999999
2022-12-01 12:00:00,679.5999999999999
2022-12-01 13:00:00,679.5999999999999
2022-12-01 14:00:00,678.4
2022-12-01 15:00:00,679.3
2022-12-01 16:00:00,677.3
2022-12-02 06:00:00,675.9999999999999
2022-12-02 08:00:00,677.4
2022-12-02 09:00:00,682.3
2022-12-02 11:00:00,681.5999999999999
2022-12-02 12:00:00,680.1999999999999
2022-12-02 13:00:00,672.9
2022-12-02 14:00:00,671.9
2022-12-02 15:00:00,675.8
2022-12-02 16:00:00,676.0999999999999
2022-12-02 17:00:00,675.0999999999999
2022-12-02 18:00:00,674.6999999999999
2022-12-05 06:00:00,674.1999999999999
2022-12-05 07:00:00,682.4
2022-12-05 08:00:00,675.1999999999999
2022-12-05 09:00:00,674.5999999999999
2022-12-05 10:00:00,674.6999999999999
2022-12-05 11:00:00,675.0999999999999
2022-12-05 12:00:00,673.4
2022-12-05 13:00:00,673.0999999999999
2022-12-05 14:00:00,673.8
2022-12-05 15:00:00,674.9
2022-12-05 16:00:00,674.4999999999999
2022-12-05 20:00:00,673.9999999999999
2022-12-06 06:00:00,665.1999999999999
2022-12-06 08:00:00,672.9
2022-12-06 09:00:00,668.8
2022-12-06 10:00:00,666.9
2022-12-06 11:00:00,669.3
2022-12-06 12:00:00,669.9999999999999
2022-12-06 13:00:00,668.9
2022-12-06 14:00:00,665.1999999999999
2022-12-06 15:00:00,661.5999999999999
2022-12-06 16:00:00,663.5999999999999
2022-12-07 06:00:00,659.1999999999999
2022-12-07 08:00:00,659.4999999999999
2022-12-07 09:00:00,659.4999999999999
2022-12-07 10:00:00,657.6999999999999
2022-12-07 11:00:00,656.9999999999999
2022-12-07 12:00:00,654.9
2022-12-07 13:00:00,657.4
2022-12-07 14:00:00,657.1999999999999
2022-12-07 15:00:00,661.8
2022-12-07 16:00:00,659.1999999999999
2022-12-08 06:00:00,662.3
2022-12-08 08:00:00,657.4
2022-12-08 09:00:00,656.5999999999999
2022-12-08 11:00:00,656.3
2022-12-08 12:00:00,656.6999999999999
2022-12-08 13:00:00,656.9
2022-12-08 15:00:00,663.9
2022-12-08 16:00:00,661.3
2022-12-09 06:00:00,668.3
2022-12-09 08:00:00,664.3
2022-12-09 09:00:00,665.3
2022-12-09 10:00:00,667.1999999999999
2022-12-09 11:00:00,668.5999999999999
2022-12-09 12:00:00,670.6999999999999
2022-12-09 13:00:00,668.4
2022-12-09 14:00:00,666.1999999999999
2022-12-09 15:00:00,669.3
2022-12-09 16:00:00,668.4999999999999
2022-12-12 06:00:00,665.4
2022-12-12 08:00:00,663.9
2022-12-12 16:00:00,666.6
2022-12-13 06:00:00,684.7
2022-12-13 08:00:00,668.5
2022-12-13 09:00:00,672.7
2022-12-13 10:00:00,674.8000000000001
2022-12-13 11:00:00,674.5
2022-12-13 12:00:00,674.2
2022-12-13 13:00:00,687.6
2022-12-13 14:00:00,695.0
2022-12-13 15:00:00,684.4
2022-12-13 16:00:00,683.7
2022-12-14 06:00:00,681.3000000000001
2022-12-14 11:00:00,678.0
2022-12-14 12:00:00,678.7
2022-12-14 13:00:00,680.0
2022-12-14 14:00:00,680.2
2022-12-14 15:00:00,681.0
2022-12-14 16:00:00,681.4
2022-12-15 06:00:00,649.7
2022-12-15 07:00:00,671.5
2022-12-15 08:00:00,671.9
2022-12-15 10:00:00,668.7
2022-12-15 11:00:00,668.1
2022-12-15 12:00:00,668.4
2022-12-15 13:00:00,662.2
2022-12-15 15:00:00,652.6
2022-12-15 16:00:00,649.7
2022-12-16 06:00:00,638.3000000000001
2022-12-16 08:00:00,640.1
2022-12-16 09:00:00,638.1
2022-12-16 10:00:00,634.8000000000001
2022-12-16 11:00:00,638.1
2022-12-16 12:00:00,641.2
2022-12-16 13:00:00,638.0
2022-12-16 14:00:00,645.2
2022-12-16 15:00:00,639.9
2022-12-16 16:00:00,639.3000000000001
2022-12-19 06:00:00,637.3000000000001
2022-12-19 08:00:00,642.9
2022-12-19 09:00:00,640.7
2022-12-19 10:00:00,641.5
2022-12-19 11:00:00,640.3000000000001
2022-12-19 12:00:00,641.7
2022-12-19 13:00:00,640.5
2022-12-19 14:00:00,640.2
2022-12-19 15:00:00,636.2
2022-12-19 16:00:00,637.8000000000001
2022-12-20 06:00:00,627.7
2022-12-20 08:00:00,631.0
2022-12-20 09:00:00,630.5
2022-12-20 10:00:00,631.9
2022-12-20 11:00:00,632.3000000000001
2022-12-20 12:00:00,632.0
2022-12-20 13:00:00,631.9
2022-12-20 14:00:00,628.9
2022-12-20 15:00:00,630.9
2022-12-20 16:00:00,629.7
2022-12-21 06:00:00,639.8000000000001
2022-12-21 08:00:00,634.5
2022-12-21 11:00:00,632.9
2022-12-21 12:00:00,634.4
2022-12-21 13:00:00,634.8000000000001
2022-12-21 14:00:00,635.5
2022-12-21 15:00:00,639.3000000000001
2022-12-21 16:00:00,639.7
2022-12-22 06:00:00,624.7
2022-12-22 08:00:00,640.4
2022-12-22 09:00:00,639.9
2022-12-22 11:00:00,638.0
2022-12-22 12:00:00,637.3000000000001
2022-12-22 13:00:00,637.0
2022-12-22 14:00:00,632.1
2022-12-22 15:00:00,625.7
2022-12-22 16:00:00,625.4
2022-12-23 06:00:00,621.6
2022-12-23 08:00:00,624.5
2022-12-23 09:00:00,623.6
2022-12-23 13:00:00,625.1
2022-12-23 15:00:00,622.2
2022-12-23 16:00:00,622.8000000000001
2022-12-27 06:00:00,619.7
2022-12-27 08:00:00,626.8000000000001
2022-12-27 09:00:00,622.2
2022-12-27 12:00:00,625.7
2022-12-27 13:00:00,622.1
2022-12-27 14:00:00,622.2
2022-12-27 15:00:00,619.1
2022-12-27 16:00:00,620.5
2022-12-28 06:00:00,614.6
2022-12-28 08:00:00,618.5
2022-12-28 11:00:00,618.6
2022-12-28 13:00:00,616.8000000000001
2022-12-28 14:00:00,616.8000000000001
2022-12-28 15:00:00,614.3000000000001
2022-12-28 16:00:00,614.6
2022-12-29 06:00:00,626.5
2022-12-29 08:00:00,616.0
2022-12-29 09:00:00,617.7
2022-12-29 10:00:00,617.4
2022-12-29 11:00:00,616.4
2022-12-29 12:00:00,617.2
2022-12-29 13:00:00,617.6
2022-12-29 14:00:00,619.4
2022-12-29 15:00:00,626.5
2022-12-29 16:00:00,627.9
2022-12-30 06:00:00,614.2
2022-12-30 08:00:00,623.4
2022-12-30 10:00:00,622.2
2022-12-30 11:00:00,621.3000000000001
2022-12-30 15:00:00,617.2
2022-12-30 16:00:00,613.7
2023-01-02 06:00:00,626.0
2023-01-02 08:00:00,621.6
2023-01-02 09:00:00,621.8000000000001
2023-01-02 10:00:00,620.9
2023-01-02 11:00:00,624.1
2023-01-02 16:00:00,625.8000000000001
2023-01-03 06:00:00,633.7
2023-01-03 08:00:00,632.6
2023-01-03 09:00:00,640.7
2023-01-03 10:00:00,639.3000000000001
2023-01-03 11:00:00,635.9
2023-01-03 12:00:00,633.5
2023-01-03 14:00:00,634.6
2023-01-03 15:00:00,635.8000000000001
2023-01-03 16:00:00,630.9
2023-01-04 06:00:00,648.3000000000001
2023-01-04 08:00:00,637.4
2023-01-04 10:00:00,642.5
2023-01-04 11:00:00,646.4
2023-01-04 12:00:00,643.7
2023-01-04 13:00:00,647.9
2023-01-04 14:00:00,649.4
2023-01-04 15:00:00,647.0
2023-01-04 16:00:00,647.5
2023-01-04 17:00:00,647.9
2023-01-05 06:00:00,650.4
2023-01-05 08:00:00,647.2
2023-01-05 11:00:00,652.5
2023-01-05 12:00:00,651.9
2023-01-05 13:00:00,648.4
2023-01-05 15:00:00,650.6
2023-01-05 16:00:00,651.1
2023-01-06 06:00:00,660.6
2023-01-06 08:00:00,647.5
2023-01-06 09:00:00,646.4
2023-01-06 10:00:00,645.9
2023-01-06 11:00:00,648.7
2023-01-06 12:00:00,648.6
2023-01-06 13:00:00,655.8000000000001
2023-01-06 14:00:00,658.2
2023-01-06 15:00:00,661.3000000000001
2023-01-06 16:00:00,661.1
2023-01-09 06:00:00,682.8000000000001
2023-01-09 08:00:00,667.4
2023-01-09 09:00:00,668.0
2023-01-09 10:00:00,669.0
2023-01-09 12:00:00,672.7
2023-01-09 13:00:00,672.9
2023-01-09 14:00:00,680.1
2023-01-09 15:00:00,682.1
2023-01-09 16:00:00,682.0
2023-01-10 06:00:00,679.1
2023-01-10 08:00:00,676.7
2023-01-10 09:00:00,675.9
2023-01-10 14:00:00,680.2
2023-01-10 15:00:00,680.0
2023-01-10 16:00:00,678.7
2023-01-11 06:00:00,686.9
2023-01-11 08:00:00,681.8000000000001
2023-01-11 10:00:00,687.5
2023-01-11 11:00:00,688.7
2023-01-11 12:00:00,687.3000000000001
2023-01-11 13:00:00,689.0
2023-01-11 14:00:00,687.2
2023-01-11 15:00:00,686.7
2023-01-11 16:00:00,686.8000000000001
2023-01-12 06:00:00,689.8000000000001
2023-01-12 08:00:00,689.8000000000001
2023-01-12 09:00:00,689.6
2023-01-12 10:00:00,687.3000000000001
2023-01-12 11:00:00,689.4
2023-01-12 12:00:00,691.0
2023-01-12 13:00:00,695.6
2023-01-12 14:00:00,686.3000000000001
2023-01-12 15:00:00,690.6
2023-01-12 16:00:00,690.1
2023-01-13 06:00:00,696.5
2023-01-13 08:00:00,694.0
2023-01-13 09:00:00,697.6
2023-01-13 10:00:00,697.8000000000001
2023-01-13 11:00:00,695.4
2023-01-13 12:00:00,692.8000000000001
2023-01-13 13:00:00,692.6
2023-01-13 14:00:00,697.1
2023-01-13 15:00:00,697.0
2023-01-13 16:00:00,695.9
2023-01-16 06:00:00,697.7
2023-01-16 08:00:00,695.0
2023-01-16 14:00:00,696.2
2023-01-16 15:00:00,697.5
2023-01-16 16:00:00,697.6
2023-01-17 06:00:00,698.0
2023-01-17 08:00:00,696.3000000000001
2023-01-17 11:00:00,692.0
2023-01-17 13:00:00,694.0
2023-01-17 15:00:00,699.1
2023-01-17 16:00:00,697.4
2023-01-18 06:00:00,706.4
2023-01-18 08:00:00,705.2
2023-01-18 09:00:00,706.9
2023-01-18 10:00:00,707.4
2023-01-18 11:00:00,708.5
2023-01-18 12:00:00,708.7
2023-01-18 13:00:00,712.0
2023-01-18 14:00:00,711.3000000000001
2023-01-18 15:00:00,708.4
2023-01-18 16:00:00,707.0
2023-01-18 17:00:00,702.1
2023-01-19 06:00:00,688.6
2023-01-19 07:00:00,702.9
2023-01-19 08:00:00,700.8000000000001
2023-01-19 09:00:00,699.9
2023-01-19 10:00:00,696.8000000000001
2023-01-19 11:00:00,694.8000000000001
2023-01-19 12:00:00,693.0
2023-01-19 13:00:00,694.0
2023-01-19 14:00:00,695.5
2023-01-19 15:00:00,689.9
2023-01-19 16:00:00,688.8000000000001
2023-01-20 06:00:00,688.8000000000001
2023-01-20 08:00:00,686.4
2023-01-20 10:00:00,689.8000000000001
2023-01-20 11:00:00,687.9
2023-01-20 14:00:00,688.9
2023-01-20 15:00:00,687.2
2023-01-20 16:00:00,687.9
2023-01-23 06:00:00,703.4
2023-01-23 10:00:00,697.6
2023-01-23 11:00:00,697.1
2023-01-23 12:00:00,698.2
2023-01-23 13:00:00,698.5
2023-01-23 14:00:00,698.8000000000001
2023-01-23 16:00:00,703.1
2023-01-24 06:00:00,702.9
2023-01-24 09:00:00,702.5
2023-01-24 11:00:00,700.1
2023-01-24 14:00:00,700.7
2023-01-24 15:00:00,700.9
2023-01-24 16:00:00,702.6
2023-01-25 06:00:00,700.1
2023-01-25 08:00:00,697.6
2023-01-25 09:00:00,696.1
2023-01-25 10:00:00,692.8000000000001
2023-01-25 11:00:00,696.3000000000001
2023-01-25 12:00:00,694.8000000000001
2023-01-25 13:00:00,693.0
2023-01-25 14:00:00,693.0
2023-01-25 15:00:00,696.6
2023-01-25 16:00:00,700.4
2023-01-26 06:00:00,706.5
2023-01-26 08:00:00,706.9
2023-01-26 09:00:00,702.5
2023-01-26 11:00:00,703.7
2023-01-26 13:00:00,707.0
2023-01-26 14:00:00,705.8000000000001
2023-01-26 15:00:00,706.8000000000001
2023-01-26 16:00:00,708.1
2023-01-27 06:00:00,710.9
2023-01-27 08:00:00,707.3000000000001
2023-01-27 09:00:00,706.7
2023-01-27 11:00:00,707.4
2023-01-27 12:00:00,706.5
2023-01-27 13:00:00,705.3000000000001
2023-01-27 14:00:00,705.6
2023-01-27 15:00:00,710.0
2023-01-27 16:00:00,710.3000000000001
2023-01-30 06:00:00,700.4
2023-01-30 08:00:00,699.2
2023-01-30 09:00:00,697.5
2023-01-30 10:00:00,697.2
2023-01-30 11:00:00,693.6
2023-01-30 12:00:00,697.2
2023-01-30 13:00:00,696.8000000000001
2023-01-30 14:00:00,700.3000000000001
2023-01-30 15:00:00,699.2
2023-01-30 16:00:00,700.6
2023-01-31 06:00:00,701.0
2023-01-31 07:00:00,696.5
2023-01-31 08:00:00,697.1
2023-01-31 09:00:00,696.0
2023-01-31 10:00:00,693.0
2023-01-31 11:00:00,693.8000000000001
2023-01-31 12:00:00,695.5
2023-01-31 13:00:00,701.0
2023-01-31 14:00:00,698.1
2023-01-31 15:00:00,701.4
2023-01-31 16:00:00,700.6
2023-02-01 06:00:00,705.6
2023-02-01 08:00:00,705.5
2023-02-01 09:00:00,705.1
2023-02-01 10:00:00,703.3000000000001
2023-02-01 11:00:00,705.1
2023-02-01 12:00:00,707.4
2023-02-01 13:00:00,705.6
2023-02-01 14:00:00,708.4
2023-02-01 15:00:00,704.3000000000001
2023-02-01 16:00:00,706.6
2023-02-02 06:00:00,737.0
2023-02-02 08:00:00,726.2
2023-02-02 09:00:00,728.5
2023-02-02 10:00:00,729.2
2023-02-02 11:00:00,728.5
2023-02-02 12:00:00,728.6
2023-02-02 13:00:00,734.1
2023-02-02 14:00:00,733.7
2023-02-02 15:00:00,736.1
2023-02-02 16:00:00,737.3000000000001
2023-02-03 06:00:00,739.1
2023-02-03 08:00:00,731.9
2023-02-03 09:00:00,732.7
2023-02-03 10:00:00,732.7
2023-02-03 11:00:00,734.4
2023-02-03 12:00:00,734.8000000000001
2023-02-03 13:00:00,729.1
2023-02-03 14:00:00,734.1
2023-02-03 15:00:00,738.2
2023-02-03 16:00:00,739.6
2023-02-06 06:00:00,728.2
2023-02-06 08:00:00,728.7
2023-02-06 09:00:00,725.7
2023-02-06 10:00:00,723.8000000000001
2023-02-06 11:00:00,724.2
2023-02-06 12:00:00,725.8000000000001
2023-02-06 13:00:00,723.8000000000001
2023-02-06 14:00:00,725.2
2023-02-06 15:00:00,726.8000000000001
2023-02-06 16:00:00,728.5
2023-02-07 06:00:00,725.2
2023-02-07 08:00:00,725.9
2023-02-07 09:00:00,726.6
2023-02-07 10:00:00,726.7
2023-02-07 11:00:00,725.0
2023-02-07 12:00:00,726.0
2023-02-07 13:00:00,722.9
2023-02-07 14:00:00,723.5
2023-02-07 15:00:00,723.9
2023-02-07 16:00:00,726.4
2023-02-08 06:00:00,723.2
2023-02-08 08:00:00,732.8000000000001
2023-02-08 09:00:00,734.4
2023-02-08 11:00:00,731.7
2023-02-08 12:00:00,731.1
2023-02-08 13:00:00,728.6
2023-02-08 14:00:00,728.5
2023-02-08 15:00:00,725.6
2023-02-08 16:00:00,723.5
2023-02-09 06:00:00,730.5
2023-02-09 08:00:00,729.5
2023-02-09 09:00:00,729.7
2023-02-09 10:00:00,736.5
2023-02-09 11:00:00,735.4
2023-02-09 12:00:00,734.9
2023-02-09 13:00:00,732.8000000000001
2023-02-09 14:00:00,732.8000000000001
2023-02-09 15:00:00,732.5
2023-02-09 16:00:00,730.6
2023-02-10 06:00:00,714.3000000000001
2023-02-10 08:00:00,723.1
2023-02-10 09:00:00,718.1
2023-02-10 10:00:00,714.9
2023-02-10 11:00:00,711.6
2023-02-10 12:00:00,712.1
2023-02-10 13:00:00,713.4
2023-02-10 14:00:00,713.9
2023-02-10 15:00:00,714.0
2023-02-10 16:00:00,714.6
2023-02-13 06:00:00,722.8000000000001
2023-02-13 08:00:00,714.6
2023-02-13 09:00:00,718.5
2023-02-13 11:00:00,719.5
2023-02-13 12:00:00,721.3000000000001
2023-02-13 13:00:00,720.0
2023-02-13 14:00:00,722.4
2023-02-13 15:00:00,722.4
2023-02-13 16:00:00,722.6
2023-02-14 06:00:00,724.4
2023-02-14 09:00:00,724.0
2023-02-14 10:00:00,725.4
2023-02-14 11:00:00,725.3000000000001
2023-02-14 12:00:00,726.3000000000001
2023-02-14 13:00:00,724.1
2023-02-14 14:00:00,718.1
2023-02-14 15:00:00,724.3000000000001
2023-02-14 16:00:00,723.9
2023-02-15 06:00:00,728.8000000000001
2023-02-15 13:00:00,725.5
2023-02-15 14:00:00,727.8000000000001
2023-02-15 15:00:00,726.3000000000001
2023-02-15 16:00:00,728.8000000000001
2023-02-16 06:00:00,727.5
2023-02-16 08:00:00,732.5
2023-02-16 09:00:00,731.6
2023-02-16 11:00:00,731.6
2023-02-16 12:00:00,730.7
2023-02-16 13:00:00,723.3000000000001
2023-02-16 14:00:00,722.3000000000001
2023-02-16 15:00:00,726.8000000000001
2023-02-16 16:00:00,727.7
2023-02-17 06:00:00,716.2
2023-02-17 08:00:00,712.5
2023-02-17 09:00:00,715.7
2023-02-17 10:00:00,716.1
2023-02-17 11:00:00,715.8000000000001
2023-02-17 12:00:00,718.2
2023-02-17 13:00:00,716.8000000000001
2023-02-17 14:00:00,716.1
2023-02-17 15:00:00,717.0
2023-02-17 16:00:00,715.6
2023-02-20 06:00:00,712.5
2023-02-20 09:00:00,709.3000000000001
2023-02-20 10:00:00,712.3000000000001
2023-02-20 11:00:00,712.1
2023-02-20 13:00:00,713.5
2023-02-20 14:00:00,712.7
2023-02-20 15:00:00,710.3000000000001
2023-02-20 16:00:00,712.9
2023-02-21 06:00:00,701.4
2023-02-21 08:00:00,700.2
2023-02-21 09:00:00,704.1
2023-02-21 10:00:00,701.6
2023-02-21 11:00:00,703.6
2023-02-21 12:00:00,702.6
2023-02-21 13:00:00,702.2
2023-02-21 14:00:00,704.2
2023-02-21 15:00:00,703.4
2023-02-21 16:00:00,701.6
2023-02-22 06:00:00,699.5
2023-02-22 08:00:00,697.2
2023-02-22 09:00:00,696.9
2023-02-22 10:00:00,697.1
2023-02-22 11:00:00,694.8000000000001
2023-02-22 12:00:00,700.7
2023-02-22 13:00:00,701.9
2023-02-22 14:00:00,698.7
2023-02-22 15:00:00,699.2
2023-02-22 16:00:00,701.2
2023-02-23 06:00:00,703.1
2023-02-23 08:00:00,710.0
2023-02-23 10:00:00,706.4
2023-02-23 11:00:00,706.5
2023-02-23 14:00:00,708.5
2023-02-23 15:00:00,704.5
2023-02-23 16:00:00,702.7
2023-02-24 06:00:00,694.4
2023-02-24 08:00:00,705.8000000000001
2023-02-24 11:00:00,701.4
2023-02-24 13:00:00,694.3000000000001
2023-02-24 14:00:00,695.1
2023-02-24 15:00:00,692.9
2023-02-24 16:00:00,691.5
2023-02-27 06:00:00,700.6
2023-02-27 08:00:00,699.1
2023-02-27 09:00:00,700.7
2023-02-27 10:00:00,700.8000000000001
2023-02-27 11:00:00,701.5
2023-02-27 12:00:00,700.9
2023-02-27 14:00:00,701.3000000000001
2023-02-27 15:00:00,700.8000000000001
2023-02-27 16:00:00,699.9
2023-02-28 06:00:00,697.5
2023-02-28 08:00:00,697.4
2023-02-28 10:00:00,699.0
2023-02-28 12:00:00,697.7
2023-02-28 13:00:00,694.4
2023-02-28 14:00:00,694.9
2023-02-28 15:00:00,697.2
2023-02-28 16:00:00,696.6
2023-03-01 06:00:00,694.2
2023-03-01 08:00:00,701.7
2023-03-01 09:00:00,702.3000000000001
2023-03-01 10:00:00,702.1
2023-03-01 11:00:00,704.9
2023-03-01 12:00:00,704.8000000000001
2023-03-01 13:00:00,703.6
2023-03-01 14:00:00,701.1
2023-03-01 15:00:00,697.5
2023-03-01 16:00:00,699.2
2023-03-02 06:00:00,693.1
2023-03-02 08:00:00,684.5
2023-03-02 10:00:00,683.6
2023-03-02 11:00:00,685.7
2023-03-02 12:00:00,685.5
2023-03-02 13:00:00,688.0
2023-03-02 14:00:00,688.5
2023-03-02 15:00:00,692.0
2023-03-02 16:00:00,693.8000000000001
2023-03-03 06:00:00,706.0
2023-03-03 08:00:00,701.9
2023-03-03 09:00:00,704.0
2023-03-03 10:00:00,704.9
2023-03-03 11:00:00,703.4
2023-03-03 12:00:00,704.0
2023-03-03 13:00:00,702.3000000000001
2023-03-03 14:00:00,707.2
2023-03-03 15:00:00,705.2
2023-03-03 16:00:00,704.4
2023-03-06 06:00:00,709.7
2023-03-06 08:00:00,710.6
2023-03-06 09:00:00,708.4
2023-03-06 10:00:00,709.8000000000001
2023-03-06 11:00:00,706.1
2023-03-06 12:00:00,708.8000000000001
2023-03-06 13:00:00,709.9
2023-03-06 14:00:00,708.9
2023-03-06 15:00:00,710.4
2023-03-06 16:00:00,709.8000000000001
2023-03-07 06:00:00,697.3000000000001
2023-03-07 08:00:00,708.5
2023-03-07 09:00:00,707.8000000000001
2023-03-07 10:00:00,708.8000000000001
2023-03-07 11:00:00,708.9
2023-03-07 12:00:00,707.6
2023-03-07 13:00:00,706.3000000000001
2023-03-07 15:00:00,698.0
2023-03-07 16:00:00,697.0
2023-03-08 06:00:00,704.4
2023-03-08 08:00:00,697.6
2023-03-08 09:00:00,699.3000000000001
2023-03-08 11:00:00,699.9
2023-03-08 13:00:00,701.3000000000001
2023-03-08 14:00:00,701.2
2023-03-08 15:00:00,703.5
2023-03-08 16:00:00,703.9
2023-03-09 06:00:00,705.0
2023-03-09 08:00:00,698.9
2023-03-09 09:00:00,696.4
2023-03-09 10:00:00,695.4
2023-03-09 11:00:00,697.8000000000001
2023-03-09 12:00:00,697.5
2023-03-09 13:00:00,701.6
2023-03-09 14:00:00,705.2
2023-03-09 15:00:00,705.0
2023-03-09 16:00:00,704.6
2023-03-10 06:00:00,693.6
2023-03-13 05:00:00,679.9
2023-03-13 12:00:00,674.8
2023-03-13 13:00:00,675.0
2023-03-13 14:00:00,675.8
2023-03-13 15:00:00,680.9
2023-03-13 16:00:00,680.6999999999999
2023-03-14 05:00:00,692.8
2023-03-14 08:00:00,684.0
2023-03-14 09:00:00,682.1
2023-03-14 12:00:00,690.9
2023-03-14 13:00:00,691.8
2023-03-14 14:00:00,693.1999999999999
2023-03-14 16:00:00,691.6
2023-03-15 05:00:00,676.3
2023-03-15 09:00:00,686.1
2023-03-15 10:00:00,680.0
2023-03-15 11:00:00,679.1
2023-03-15 12:00:00,678.6999999999999
2023-03-15 13:00:00,678.9
2023-03-15 14:00:00,679.8
2023-03-15 15:00:00,682.1
2023-03-15 16:00:00,679.1999999999999
2023-03-16 05:00:00,695.6
2023-03-16 07:00:00,671.4
2023-03-16 08:00:00,686.5
2023-03-16 09:00:00,677.3
2023-03-16 11:00:00,678.9
2023-03-16 13:00:00,686.0
2023-03-16 14:00:00,690.4
2023-03-16 15:00:00,696.6999999999999
2023-03-16 16:00:00,695.1
2023-03-17 05:00:00,694.3
2023-03-17 08:00:00,705.0
2023-03-17 09:00:00,705.1999999999999
2023-03-17 10:00:00,705.6999999999999
2023-03-17 11:00:00,700.6999999999999
2023-03-17 12:00:00,703.0
2023-03-17 13:00:00,697.8
2023-03-17 14:00:00,692.5
2023-03-17 15:00:00,695.3
2023-03-17 16:00:00,697.4
2023-03-20 05:00:00,698.9
2023-03-20 08:00:00,690.9
2023-03-20 09:00:00,696.6999999999999
2023-03-20 10:00:00,700.8
2023-03-20 11:00:00,700.6
2023-03-20 12:00:00,702.1
2023-03-20 13:00:00,700.0
2023-03-20 14:00:00,700.0
2023-03-20 15:00:00,700.3
2023-03-20 16:00:00,698.1999999999999
2023-03-21 05:00:00,701.4
2023-03-21 08:00:00,704.3
2023-03-21 09:00:00,704.8
2023-03-21 10:00:00,705.6999999999999
2023-03-21 12:00:00,705.6
2023-03-21 13:00:00,707.6
2023-03-21 14:00:00,700.1999999999999
2023-03-21 15:00:00,700.3
2023-03-21 16:00:00,701.1
2023-03-22 05:00:00,704.5
2023-03-22 08:00:00,702.1
2023-03-22 09:00:00,700.6
2023-03-22 10:00:00,699.6999999999999
2023-03-22 11:00:00,698.3
2023-03-22 12:00:00,699.6999999999999
2023-03-22 13:00:00,702.9
2023-03-22 14:00:00,705.3
2023-03-22 15:00:00,706.1999999999999
2023-03-22 16:00:00,703.9
2023-03-23 05:00:00,718.4
2023-03-23 08:00:00,710.3
2023-03-23 09:00:00,707.6999999999999
2023-03-23 10:00:00,705.6999999999999
2023-03-23 12:00:00,708.5
2023-03-23 13:00:00,709.5
2023-03-23 14:00:00,714.4
2023-03-23 15:00:00,718.9
2023-03-23 16:00:00,718.1
2023-03-24 05:00:00,701.4
2023-03-24 08:00:00,711.4
2023-03-24 09:00:00,710.1
2023-03-24 10:00:00,708.5
2023-03-24 11:00:00,706.8
2023-03-24 12:00:00,705.4
2023-03-24 13:00:00,708.8
2023-03-24 14:00:00,704.8
2023-03-24 15:00:00,699.8
2023-03-24 16:00:00,701.5
2023-03-27 05:00:00,704.4
2023-03-27 07:00:00,705.3
2023-03-27 08:00:00,707.4
2023-03-27 09:00:00,707.5
2023-03-27 10:00:00,708.9
2023-03-27 11:00:00,707.0
2023-03-27 12:00:00,707.0
2023-03-27 13:00:00,708.9
2023-03-27 14:00:00,708.4
2023-03-27 15:00:00,700.5
2023-03-28 05:00:00,695.6999999999999
2023-03-28 07:00:00,702.8
2023-03-28 08:00:00,697.9
2023-03-28 09:00:00,699.3
2023-03-28 11:00:00,698.8
2023-03-28 12:00:00,699.1999999999999
2023-03-28 13:00:00,696.6999999999999
2023-03-28 14:00:00,696.1
2023-03-28 15:00:00,697.3
2023-03-29 05:00:00,711.6
2023-03-29 07:00:00,705.6999999999999
2023-03-29 08:00:00,706.5
2023-03-29 09:00:00,706.4
2023-03-29 10:00:00,707.1
2023-03-29 11:00:00,706.5
2023-03-29 12:00:00,706.8
2023-03-29 13:00:00,709.1999999999999
2023-03-29 14:00:00,708.1
2023-03-29 15:00:00,711.1999999999999
2023-03-30 05:00:00,729.1
2023-03-30 07:00:00,721.1999999999999
2023-03-30 09:00:00,722.8
2023-03-30 10:00:00,724.6
2023-03-30 11:00:00,725.3
2023-03-30 12:00:00,725.8
2023-03-30 13:00:00,725.6999999999999
2023-03-30 14:00:00,728.3
2023-03-30 15:00:00,726.8
2023-03-31 05:00:00,734.6999999999999
2023-03-31 07:00:00,724.8
2023-03-31 08:00:00,726.6
2023-03-31 09:00:00,727.6
2023-03-31 10:00:00,728.9
2023-03-31 11:00:00,729.0
2023-03-31 12:00:00,730.4
2023-03-31 13:00:00,729.6
2023-03-31 14:00:00,734.1
2023-03-31 15:00:00,734.8
2023-04-03 05:00:00,725.6
2023-04-03 07:00:00,730.1999999999999
2023-04-03 08:00:00,728.6999999999999
2023-04-03 09:00:00,727.9
2023-04-03 10:00:00,728.6
2023-04-03 11:00:00,729.1999999999999
2023-04-03 12:00:00,729.3
2023-04-03 13:00:00,726.5
2023-04-03 14:00:00,724.9
2023-04-03 15:00:00,725.8
2023-04-03 16:00:00,728.3
2023-04-03 17:00:00,728.3
2023-04-03 18:00:00,728.3
2023-04-03 19:00:00,730.5
2023-04-04 05:00:00,726.6999999999999
2023-04-04 07:00:00,725.5
2023-04-04 08:00:00,727.1999999999999
2023-04-04 09:00:00,730.0
2023-04-04 10:00:00,730.8
2023-04-04 11:00:00,731.6
2023-04-04 12:00:00,730.8
2023-04-04 13:00:00,729.4
2023-04-04 14:00:00,727.8
2023-04-04 15:00:00,729.6
2023-04-05 05:00:00,714.0
2023-04-05 07:00:00,721.8
2023-04-05 08:00:00,719.4
2023-04-05 09:00:00,718.6999999999999
2023-04-05 10:00:00,718.8
2023-04-05 11:00:00,719.6
2023-04-05 12:00:00,716.9
2023-04-05 13:00:00,716.4
2023-04-05 14:00:00,713.1999999999999
2023-04-05 15:00:00,713.6
2023-04-06 05:00:00,716.4
2023-04-06 07:00:00,717.1999999999999
2023-04-06 08:00:00,718.1
2023-04-06 09:00:00,716.5
2023-04-06 10:00:00,715.0
2023-04-06 11:00:00,716.6999999999999
2023-04-06 12:00:00,716.3
2023-04-06 13:00:00,713.1999999999999
2023-04-06 14:00:00,715.1999999999999
2023-04-06 15:00:00,716.6999999999999
2023-04-11 05:00:00,717.6999999999999
2023-04-11 07:00:00,719.0
2023-04-11 11:00:00,717.6
2023-04-11 14:00:00,716.1999999999999
2023-04-11 15:00:00,718.5
2023-04-12 05:00:00,710.6999999999999
2023-04-12 07:00:00,710.0
2023-04-12 08:00:00,711.5
2023-04-12 09:00:00,712.1999999999999
2023-04-12 10:00:00,711.5
2023-04-12 11:00:00,711.8
2023-04-12 12:00:00,719.5
2023-04-12 13:00:00,710.0
2023-04-12 14:00:00,710.9
2023-04-12 15:00:00,713.1999999999999
2023-04-13 05:00:00,714.1
2023-04-13 07:00:00,709.5
2023-04-13 08:00:00,708.1
2023-04-13 09:00:00,709.4
2023-04-13 10:00:00,709.1
2023-04-13 11:00:00,708.4
2023-04-13 12:00:00,711.0
2023-04-13 13:00:00,712.3
2023-04-13 14:00:00,713.3
2023-04-13 15:00:00,714.5
2023-04-14 05:00:00,715.9
2023-04-14 07:00:00,719.1999999999999
2023-04-14 08:00:00,716.3
2023-04-14 09:00:00,716.8
2023-04-14 10:00:00,713.6999999999999
2023-04-14 11:00:00,713.9
2023-04-14 12:00:00,716.5
2023-04-14 13:00:00,718.8
2023-04-14 14:00:00,715.3
2023-04-14 15:00:00,716.1999999999999
2023-04-17 05:00:00,709.3
2023-04-17 07:00:00,711.8
2023-04-17 08:00:00,707.9
2023-04-17 09:00:00,708.1
2023-04-17 10:00:00,708.1
2023-04-17 11:00:00,708.4
2023-04-17 12:00:00,709.0
2023-04-17 13:00:00,708.1999999999999
2023-04-17 14:00:00,709.1
2023-04-17 15:00:00,711.0
2023-04-18 05:00:00,715.1
2023-04-18 07:00:00,711.6
2023-04-18 08:00:00,713.1999999999999
2023-04-18 09:00:00,716.0
2023-04-18 10:00:00,717.6
2023-04-18 11:00:00,718.6
2023-04-18 12:00:00,718.9
2023-04-18 13:00:00,717.3
2023-04-18 14:00:00,715.3
2023-04-18 15:00:00,711.8
2023-04-19 05:00:00,701.1
2023-04-19 06:00:00,703.1
2023-04-19 07:00:00,704.9
2023-04-19 08:00:00,704.3
2023-04-19 09:00:00,705.3
2023-04-19 10:00:00,705.0
2023-04-19 11:00:00,705.5
2023-04-19 12:00:00,703.9
2023-04-19 13:00:00,703.6999999999999
2023-04-19 14:00:00,701.8
2023-04-19 15:00:00,701.9
2023-04-20 05:00:00,698.9
2023-04-20 07:00:00,697.8
2023-04-20 08:00:00,696.9
2023-04-20 11:00:00,696.6
2023-04-20 12:00:00,696.6999999999999
2023-04-20 14:00:00,700.0
2023-04-20 15:00:00,698.6
2023-04-21 05:00:00,704.5
2023-04-21 07:00:00,696.1999999999999
2023-04-21 08:00:00,697.0
2023-04-21 09:00:00,698.6
2023-04-21 10:00:00,698.4
2023-04-21 13:00:00,702.5
2023-04-21 14:00:00,705.1
2023-04-21 15:00:00,703.9
2023-04-24 05:00:00,699.0
2023-04-24 07:00:00,703.1
2023-04-24 11:00:00,705.1999999999999
2023-04-24 14:00:00,699.6999999999999
2023-04-24 15:00:00,698.9
2023-04-25 05:00:00,695.9
2023-04-25 07:00:00,695.8
2023-04-25 10:00:00,696.0
2023-04-25 11:00:00,697.0
2023-04-25 12:00:00,698.4
2023-04-25 13:00:00,698.1
2023-04-25 14:00:00,696.4
2023-04-25 15:00:00,695.8
2023-04-26 05:00:00,690.9
2023-04-26 07:00:00,684.0
2023-04-26 08:00:00,688.1
2023-04-26 09:00:00,688.3
2023-04-26 10:00:00,684.0
2023-04-26 12:00:00,685.1999999999999
2023-04-26 13:00:00,687.8
2023-04-26 14:00:00,688.8
2023-04-26 15:00:00,692.8
2023-04-27 05:00:00,694.6999999999999
2023-04-27 07:00:00,689.3
2023-04-27 08:00:00,687.5
2023-04-27 09:00:00,689.9
2023-04-27 11:00:00,691.6
2023-04-27 12:00:00,692.8
2023-04-27 13:00:00,689.5
2023-04-27 14:00:00,692.4
2023-04-27 15:00:00,694.8
2023-04-28 05:00:00,700.4
2023-04-28 07:00:00,697.4
2023-04-28 08:00:00,694.4
2023-04-28 09:00:00,694.8
2023-04-28 11:00:00,695.6999999999999
2023-04-28 12:00:00,699.0
2023-04-28 13:00:00,699.9
2023-04-28 14:00:00,699.1
2023-04-28 15:00:00,700.4
2023-05-02 05:00:00,699.6
2023-05-02 07:00:00,704.8
2023-05-02 08:00:00,705.6
2023-05-02 09:00:00,707.1
2023-05-02 10:00:00,706.9
2023-05-02 11:00:00,705.1
2023-05-02 12:00:00,705.0
2023-05-02 13:00:00,704.8
2023-05-02 14:00:00,702.1
2023-05-02 15:00:00,701.0
2023-05-03 05:00:00,701.8
2023-05-03 11:00:00,704.6999999999999
2023-05-03 12:00:00,702.1999999999999
2023-05-03 13:00:00,701.1
2023-05-03 15:00:00,702.1
2023-05-04 05:00:00,697.9
2023-05-04 07:00:00,698.9
2023-05-04 08:00:00,698.4
2023-05-04 09:00:00,693.6
2023-05-04 11:00:00,690.5
2023-05-04 12:00:00,693.6
2023-05-04 13:00:00,696.1
2023-05-04 14:00:00,697.1
2023-05-04 15:00:00,698.1
2023-05-05 05:00:00,705.8
2023-05-05 07:00:00,701.0
2023-05-05 08:00:00,702.1999999999999
2023-05-05 09:00:00,699.6
2023-05-05 10:00:00,701.1999999999999
2023-05-05 12:00:00,702.3
2023-05-05 14:00:00,706.6999999999999
2023-05-05 15:00:00,705.0
2023-05-05 17:00:00,706.4
2023-05-08 05:00:00,708.6
2023-05-08 10:00:00,708.6
2023-05-08 11:00:00,708.6999999999999
2023-05-08 12:00:00,709.0
2023-05-08 13:00:00,707.3
2023-05-08 14:00:00,707.9
2023-05-08 15:00:00,708.6
2023-05-09 05:00:00,699.9
2023-05-09 07:00:00,706.6999999999999
2023-05-09 08:00:00,705.6
2023-05-09 10:00:00,701.5
2023-05-09 11:00:00,700.6
2023-05-09 12:00:00,698.8
2023-05-09 13:00:00,701.0
2023-05-09 14:00:00,700.6
2023-05-09 15:00:00,699.8
2023-05-10 05:00:00,708.6999999999999
2023-05-10 08:00:00,698.4
2023-05-10 10:00:00,701.6999999999999
2023-05-10 11:00:00,701.6999999999999
2023-05-10 12:00:00,705.9
2023-05-10 13:00:00,708.5
2023-05-10 14:00:00,707.1999999999999
2023-05-10 15:00:00,708.6999999999999
2023-05-11 05:00:00,706.9
2023-05-11 07:00:00,712.3
2023-05-11 08:00:00,712.1999999999999
2023-05-11 10:00:00,713.9
2023-05-11 11:00:00,711.6999999999999
2023-05-11 12:00:00,709.1999999999999
2023-05-11 13:00:00,705.6
2023-05-11 14:00:00,706.1
2023-05-11 15:00:00,707.1999999999999
2023-05-12 05:00:00,709.9
2023-05-12 07:00:00,710.5
2023-05-12 08:00:00,711.9
2023-05-12 09:00:00,711.5
2023-05-12 11:00:00,709.5
2023-05-12 13:00:00,709.5
2023-05-12 14:00:00,708.6999999999999
2023-05-12 15:00:00,710.5
2023-05-15 05:00:00,711.4
2023-05-15 07:00:00,713.9
2023-05-15 08:00:00,712.1
2023-05-15 09:00:00,712.6
2023-05-15 10:00:00,712.3
2023-05-15 11:00:00,711.9
2023-05-15 12:00:00,708.1999999999999
2023-05-15 13:00:00,708.6
2023-05-15 14:00:00,709.9
2023-05-15 15:00:00,711.1
2023-05-16 05:00:00,717.3
2023-05-16 07:00:00,715.8
2023-05-16 08:00:00,714.9
2023-05-16 10:00:00,715.1999999999999
2023-05-16 11:00:00,713.4
2023-05-16 12:00:00,713.4
2023-05-16 14:00:00,717.1
2023-05-16 15:00:00,717.1
2023-05-17 05:00:00,720.5
2023-05-17 07:00:00,716.8
2023-05-17 08:00:00,717.6999999999999
2023-05-17 09:00:00,718.4
2023-05-17 10:00:00,718.4
2023-05-17 11:00:00,719.4
2023-05-17 12:00:00,719.1999999999999
2023-05-17 13:00:00,717.3
2023-05-17 14:00:00,720.1999999999999
2023-05-17 15:00:00,718.9
2023-05-17 16:00:00,720.5
2023-05-18 05:00:00,739.1999999999999
2023-05-18 07:00:00,728.3
2023-05-18 08:00:00,729.8
2023-05-18 09:00:00,730.9
2023-05-18 12:00:00,732.9
2023-05-18 13:00:00,734.0
2023-05-18 14:00:00,736.6
2023-05-18 15:00:00,739.1999999999999
2023-05-19 05:00:00,744.5
2023-05-19 07:00:00,744.3
2023-05-19 08:00:00,745.9
2023-05-19 09:00:00,748.0
2023-05-19 10:00:00,745.5
2023-05-19 11:00:00,745.1999999999999
2023-05-19 13:00:00,744.3
2023-05-19 14:00:00,744.8
2023-05-19 15:00:00,742.8
2023-05-22 05:00:00,744.5
2023-05-22 07:00:00,742.8
2023-05-22 08:00:00,742.9
2023-05-22 10:00:00,740.6
2023-05-22 11:00:00,740.3
2023-05-22 13:00:00,743.6999999999999
2023-05-22 14:00:00,743.8
2023-05-22 15:00:00,744.9
2023-05-23 05:00:00,736.0
2023-05-23 07:00:00,743.6
2023-05-23 08:00:00,743.0
2023-05-23 10:00:00,742.6999999999999
2023-05-23 11:00:00,741.6999999999999
2023-05-23 12:00:00,740.8
2023-05-23 13:00:00,738.6
2023-05-23 14:00:00,736.5
2023-05-23 15:00:00,736.0
2023-05-23 18:00:00,731.6
2023-05-24 05:00:00,718.1
2023-05-24 07:00:00,724.6999999999999
2023-05-24 08:00:00,727.6999999999999
2023-05-24 09:00:00,727.8
2023-05-24 10:00:00,723.9
2023-05-24 11:00:00,721.9
2023-05-24 12:00:00,721.4
2023-05-24 13:00:00,718.4
2023-05-24 14:00:00,718.0
2023-05-24 15:00:00,718.5
2023-05-25 05:00:00,731.0
2023-05-25 07:00:00,733.0
2023-05-25 08:00:00,731.9
2023-05-25 11:00:00,732.9
2023-05-25 13:00:00,733.0
2023-05-25 15:00:00,727.9
2023-05-26 05:00:00,750.5
2023-05-26 07:00:00,735.9
2023-05-26 08:00:00,739.3
2023-05-26 09:00:00,736.8
2023-05-26 10:00:00,738.3
2023-05-26 11:00:00,739.3
2023-05-26 12:00:00,739.5
2023-05-26 13:00:00,743.6999999999999
2023-05-26 14:00:00,753.0
2023-05-26 15:00:00,751.5
2023-05-26 16:00:00,751.5
2023-05-29 05:00:00,746.4
2023-05-29 11:00:00,749.8
2023-05-29 12:00:00,748.9
2023-05-29 13:00:00,749.1999999999999
2023-05-29 14:00:00,748.1
2023-05-29 15:00:00,746.4
2023-05-30 05:00:00,749.4
2023-05-30 07:00:00,749.1999999999999
2023-05-30 08:00:00,750.8
2023-05-30 09:00:00,755.6
2023-05-30 10:00:00,759.5
2023-05-30 11:00:00,760.1999999999999
2023-05-30 12:00:00,759.1999999999999
2023-05-30 13:00:00,752.3
2023-05-30 14:00:00,751.3
2023-05-30 15:00:00,752.6999999999999
2023-05-31 05:00:00,745.0
2023-05-31 07:00:00,748.9
2023-05-31 08:00:00,749.5
2023-05-31 11:00:00,752.9
2023-05-31 12:00:00,752.6999999999999
2023-05-31 13:00:00,751.6999999999999
2023-05-31 14:00:00,747.1999999999999
2023-05-31 15:00:00,747.6
2023-06-01 05:00:00,753.4
2023-06-01 07:00:00,750.3
2023-06-01 09:00:00,752.9
2023-06-01 10:00:00,752.6
2023-06-01 11:00:00,752.6999999999999
2023-06-01 13:00:00,751.6999999999999
2023-06-01 14:00:00,752.6
2023-06-01 15:00:00,753.1999999999999
2023-06-02 05:00:00,759.1
2023-06-02 07:00:00,756.6
2023-06-02 08:00:00,757.1999999999999
2023-06-02 09:00:00,757.3
2023-06-02 10:00:00,760.6
2023-06-02 11:00:00,761.1
2023-06-02 12:00:00,760.5
2023-06-02 13:00:00,761.0
2023-06-02 14:00:00,758.6
2023-06-02 15:00:00,759.1
2023-06-05 05:00:00,754.5
2023-06-05 07:00:00,757.0
2023-06-05 08:00:00,755.5
2023-06-05 09:00:00,757.6
2023-06-05 10:00:00,757.3
2023-06-05 11:00:00,757.6999999999999
2023-06-05 13:00:00,756.8
2023-06-05 14:00:00,755.4
2023-06-05 15:00:00,754.9
2023-06-06 05:00:00,753.4
2023-06-06 07:00:00,752.8
2023-06-06 08:00:00,753.9
2023-06-06 11:00:00,752.0
2023-06-06 12:00:00,750.3
2023-06-06 13:00:00,752.4
2023-06-06 14:00:00,752.8
2023-06-06 15:00:00,753.5
2023-06-07 05:00:00,754.1999999999999
2023-06-07 07:00:00,752.0
2023-06-07 08:00:00,752.1999999999999
2023-06-07 09:00:00,750.5
2023-06-07 10:00:00,750.9
2023-06-07 11:00:00,752.4
2023-06-07 14:00:00,752.3
2023-06-07 15:00:00,755.0
2023-06-08 05:00:00,752.4
2023-06-08 07:00:00,745.8
2023-06-08 08:00:00,746.3
2023-06-08 09:00:00,748.6
2023-06-08 10:00:00,748.9
2023-06-08 11:00:00,749.0
2023-06-08 12:00:00,750.1999999999999
2023-06-08 13:00:00,749.9
2023-06-08 14:00:00,751.6
2023-06-08 15:00:00,752.8
2023-06-09 05:00:00,753.1
2023-06-09 07:00:00,752.0
2023-06-09 08:00:00,753.8
2023-06-09 09:00:00,754.8
2023-06-09 11:00:00,753.9
2023-06-09 12:00:00,754.1
2023-06-09 13:00:00,755.6
2023-06-09 14:00:00,753.6
2023-06-09 15:00:00,753.4
2023-06-12 05:00:00,761.8
2023-06-12 07:00:00,756.9
2023-06-12 09:00:00,763.4
2023-06-13 05:00:00,773.8
2023-06-13 07:00:00,773.8
2023-06-13 08:00:00,773.9
2023-06-13 09:00:00,773.1
2023-06-13 11:00:00,769.8
2023-06-13 12:00:00,772.0
2023-06-13 14:00:00,767.0
2023-06-13 15:00:00,772.6
2023-06-14 05:00:00,773.5
2023-06-14 07:00:00,771.9
2023-06-14 08:00:00,771.6
2023-06-14 10:00:00,769.8
2023-06-14 13:00:00,769.1
2023-06-14 15:00:00,772.4
2023-06-15 05:00:00,768.8
2023-06-15 07:00:00,773.8
2023-06-15 08:00:00,769.8
2023-06-15 09:00:00,765.7
2023-06-15 11:00:00,762.9
2023-06-15 12:00:00,760.0
2023-06-15 14:00:00,766.9
2023-06-15 15:00:00,768.3
2023-06-16 05:00:00,769.0
2023-06-16 07:00:00,767.7
2023-06-16 08:00:00,767.6
2023-06-16 10:00:00,770.9
2023-06-16 11:00:00,770.5
2023-06-16 12:00:00,772.6
2023-06-16 13:00:00,769.1
2023-06-16 14:00:00,769.6
2023-06-16 15:00:00,766.0
2023-06-19 05:00:00,762.6
2023-06-19 07:00:00,764.1
2023-06-19 08:00:00,764.7
2023-06-19 10:00:00,765.9
2023-06-19 13:00:00,763.7
2023-06-19 14:00:00,762.2
2023-06-19 15:00:00,762.5
2023-06-20 05:00:00,754.1
2023-06-20 07:00:00,759.7
2023-06-20 08:00:00,757.6
2023-06-20 09:00:00,755.7
2023-06-20 10:00:00,757.2
2023-06-20 11:00:00,759.0
2023-06-20 12:00:00,758.4
2023-06-20 13:00:00,759.9
2023-06-20 14:00:00,754.2
2023-06-20 15:00:00,754.2
2023-06-21 05:00:00,743.4
2023-06-21 07:00:00,750.7
2023-06-21 08:00:00,750.8
2023-06-21 10:00:00,753.2
2023-06-21 11:00:00,753.2
2023-06-21 13:00:00,751.5
2023-06-21 14:00:00,745.7
2023-06-21 15:00:00,743.1
2023-06-22 05:00:00,743.7
2023-06-22 07:00:00,735.3
2023-06-22 08:00:00,735.0
2023-06-22 11:00:00,735.6
2023-06-22 13:00:00,737.7
2023-06-22 14:00:00,742.0
2023-06-22 15:00:00,743.9
2023-06-23 05:00:00,733.4
2023-06-23 07:00:00,741.3
2023-06-23 08:00:00,741.5
2023-06-23 13:00:00,733.4
2023-06-23 14:00:00,736.1
2023-06-23 15:00:00,734.0
2023-06-26 05:00:00,736.1
2023-06-26 07:00:00,733.5
2023-06-26 09:00:00,733.1
2023-06-26 10:00:00,732.8
2023-06-26 11:00:00,733.6
2023-06-26 14:00:00,738.6
2023-06-26 15:00:00,733.8
2023-06-27 05:00:00,738.5
2023-06-27 07:00:00,737.9
2023-06-27 08:00:00,736.2
2023-06-27 10:00:00,734.8
2023-06-27 11:00:00,734.1
2023-06-27 12:00:00,733.1
2023-06-27 13:00:00,735.0
2023-06-27 14:00:00,736.5
2023-06-27 15:00:00,738.2
2023-06-28 05:00:00,751.2
2023-06-28 07:00:00,746.1
2023-06-28 08:00:00,743.5
2023-06-28 09:00:00,745.6
2023-06-28 10:00:00,745.6
2023-06-28 11:00:00,746.6
2023-06-28 12:00:00,746.7
2023-06-28 13:00:00,746.2
2023-06-28 14:00:00,752.5
2023-06-28 15:00:00,751.1
2023-06-29 05:00:00,752.4
2023-06-29 07:00:00,751.4
2023-06-29 08:00:00,754.4
2023-06-29 10:00:00,755.5
2023-06-29 13:00:00,753.7
2023-06-29 14:00:00,749.6
2023-06-29 15:00:00,753.2
2023-06-30 05:00:00,759.5
2023-06-30 07:00:00,747.3
2023-06-30 08:00:00,749.3
2023-06-30 09:00:00,751.6
2023-06-30 10:00:00,754.3
2023-06-30 13:00:00,754.9
2023-06-30 14:00:00,759.5
2023-06-30 15:00:00,758.8
2023-07-03 05:00:00,755.1
2023-07-03 07:00:00,759.7
2023-07-03 08:00:00,760.9
2023-07-03 10:00:00,759.4
2023-07-03 11:00:00,758.6
2023-07-03 12:00:00,757.4
2023-07-03 13:00:00,759.8
2023-07-03 14:00:00,755.4
2023-07-03 15:00:00,755.0
2023-07-04 05:00:00,758.1
2023-07-04 07:00:00,758.7
2023-07-04 10:00:00,756.2
2023-07-04 12:00:00,758.3
2023-07-04 13:00:00,758.9
2023-07-04 14:00:00,757.5
2023-07-04 15:00:00,758.2
2023-07-05 05:00:00,747.8
2023-07-05 07:00:00,751.1
2023-07-05 08:00:00,750.2
2023-07-05 09:00:00,750.4
2023-07-05 12:00:00,748.0
2023-07-05 13:00:00,749.3
2023-07-05 14:00:00,749.9
2023-07-05 15:00:00,749.2
2023-07-06 05:00:00,725.7
2023-07-06 07:00:00,740.3
2023-07-06 08:00:00,739.0
2023-07-06 09:00:00,737.9
2023-07-06 11:00:00,737.6
2023-07-06 12:00:00,732.5
2023-07-06 13:00:00,732.0
2023-07-06 14:00:00,726.2
2023-07-06 15:00:00,729.2
2023-07-07 05:00:00,731.8
2023-07-07 07:00:00,721.7
2023-07-07 08:00:00,723.5
2023-07-07 09:00:00,726.0
2023-07-07 10:00:00,728.1
2023-07-07 11:00:00,728.3
2023-07-07 12:00:00,730.3
2023-07-07 13:00:00,728.7
2023-07-07 14:00:00,731.4
2023-07-07 15:00:00,732.0
2023-07-10 05:00:00,735.2
2023-07-10 07:00:00,725.3
2023-07-10 08:00:00,731.0
2023-07-10 09:00:00,730.1
2023-07-10 10:00:00,731.8
2023-07-10 11:00:00,733.2
2023-07-10 12:00:00,733.4
2023-07-10 13:00:00,733.0
2023-07-10 14:00:00,734.7
2023-07-10 15:00:00,735.0
2023-07-11 05:00:00,735.1
2023-07-11 07:00:00,739.3
2023-07-11 12:00:00,741.6
2023-07-11 13:00:00,737.6
2023-07-11 14:00:00,735.9
2023-07-11 15:00:00,734.6
2023-07-12 05:00:00,753.7
2023-07-12 07:00:00,744.5
2023-07-12 08:00:00,746.7
2023-07-12 09:00:00,748.0
2023-07-12 10:00:00,747.5
2023-07-12 11:00:00,751.1
2023-07-12 12:00:00,752.5
2023-07-12 13:00:00,753.3
2023-07-12 14:00:00,753.5
2023-07-12 15:00:00,753.2
2023-07-13 05:00:00,766.1
2023-07-13 07:00:00,760.2
2023-07-13 08:00:00,762.1
2023-07-13 09:00:00,762.5
2023-07-13 10:00:00,764.2
2023-07-13 11:00:00,765.0
2023-07-13 12:00:00,764.6
2023-07-13 13:00:00,765.3
2023-07-13 14:00:00,767.7
2023-07-13 15:00:00,765.7
2023-07-14 05:00:00,773.5
2023-07-14 07:00:00,767.9
2023-07-14 08:00:00,767.9
2023-07-14 09:00:00,767.9
2023-07-14 12:00:00,770.3
2023-07-14 13:00:00,772.8
2023-07-14 14:00:00,772.0
2023-07-14 15:00:00,773.4
2023-07-17 05:00:00,762.9
2023-07-17 07:00:00,766.9
2023-07-17 08:00:00,766.2
2023-07-17 10:00:00,763.0
2023-07-17 11:00:00,763.1
2023-07-17 12:00:00,758.6
2023-07-17 13:00:00,761.3
2023-07-17 14:00:00,763.4
2023-07-17 15:00:00,763.4
2023-07-18 05:00:00,763.3
2023-07-18 07:00:00,763.8
2023-07-18 08:00:00,764.6
2023-07-18 14:00:00,764.3
2023-07-18 15:00:00,763.3
2023-07-19 05:00:00,760.3
2023-07-19 07:00:00,764.0
2023-07-19 09:00:00,765.8
2023-07-19 11:00:00,769.0
2023-07-19 13:00:00,761.6
2023-07-19 14:00:00,759.9
2023-07-20 05:00:00,742.5
2023-07-20 07:00:00,742.8
2023-07-20 08:00:00,746.8
2023-07-20 09:00:00,744.9
2023-07-20 10:00:00,745.7
2023-07-20 11:00:00,743.9
2023-07-20 12:00:00,743.6
2023-07-20 13:00:00,742.9
2023-07-20 14:00:00,740.6
2023-07-20 15:00:00,741.8
2023-07-20 16:00:00,741.0
2023-07-21 05:00:00,738.6
2023-07-21 07:00:00,733.7
2023-07-21 08:00:00,735.0
2023-07-21 09:00:00,735.8
2023-07-21 10:00:00,736.5
2023-07-21 11:00:00,735.0
2023-07-21 12:00:00,738.9
2023-07-21 13:00:00,738.1
2023-07-21 14:00:00,736.8
2023-07-21 15:00:00,738.9
2023-07-24 05:00:00,734.3
2023-07-24 07:00:00,739.2
2023-07-24 10:00:00,738.7
2023-07-24 11:00:00,740.5
2023-07-24 12:00:00,737.6
2023-07-24 13:00:00,735.5
2023-07-24 14:00:00,734.5
2023-07-24 15:00:00,735.3
2023-07-25 05:00:00,741.9
2023-07-25 07:00:00,735.9
2023-07-25 08:00:00,736.7
2023-07-25 09:00:00,737.6
2023-07-25 11:00:00,740.4
2023-07-25 12:00:00,740.0
2023-07-25 13:00:00,739.1
2023-07-25 14:00:00,740.8
2023-07-25 15:00:00,741.4
2023-07-26 05:00:00,733.5
2023-07-26 07:00:00,737.0
2023-07-26 09:00:00,733.1
2023-07-26 10:00:00,733.2
2023-07-26 11:00:00,732.6
2023-07-26 12:00:00,731.3
2023-07-26 13:00:00,733.0
2023-07-26 14:00:00,732.0
2023-07-26 15:00:00,734.4
2023-07-27 05:00:00,762.9
2023-07-27 07:00:00,744.9
2023-07-27 08:00:00,751.8
2023-07-27 09:00:00,753.2
2023-07-27 10:00:00,753.2
2023-07-27 11:00:00,756.1
2023-07-27 12:00:00,759.8
2023-07-27 13:00:00,763.5
2023-07-27 14:00:00,761.4
2023-07-27 15:00:00,763.1
2023-07-28 05:00:00,761.6
2023-07-28 07:00:00,755.4
2023-07-28 08:00:00,751.7
2023-07-28 09:00:00,755.9
2023-07-28 12:00:00,760.4
2023-07-28 13:00:00,760.5
2023-07-28 14:00:00,759.7
2023-07-28 15:00:00,761.0
2023-07-31 05:00:00,761.0
2023-07-31 07:00:00,757.4
2023-07-31 09:00:00,758.8
2023-07-31 10:00:00,759.5
2023-07-31 12:00:00,762.7
2023-07-31 13:00:00,761.9
2023-07-31 14:00:00,762.1
2023-07-31 15:00:00,761.6
2023-08-01 05:00:00,756.3
2023-08-01 06:00:00,757.2
2023-08-01 07:00:00,759.8
2023-08-01 08:00:00,757.5
2023-08-01 09:00:00,756.3
2023-08-01 12:00:00,758.8
2023-08-01 13:00:00,757.1
2023-08-01 14:00:00,758.1
2023-08-01 15:00:00,756.7
2023-08-02 05:00:00,742.5
2023-08-02 06:00:00,747.5
2023-08-02 07:00:00,746.0
2023-08-02 08:00:00,744.0
2023-08-02 09:00:00,745.8
2023-08-02 10:00:00,748.3
2023-08-02 11:00:00,751.4
2023-08-02 12:00:00,750.6
2023-08-02 13:00:00,747.3
2023-08-02 14:00:00,742.5
2023-08-02 15:00:00,743.2
2023-08-03 05:00:00,730.1
2023-08-03 07:00:00,726.4
2023-08-03 08:00:00,733.4
2023-08-03 09:00:00,734.0
2023-08-03 10:00:00,732.3
2023-08-03 11:00:00,732.4
2023-08-03 12:00:00,731.4
2023-08-03 13:00:00,728.5
2023-08-03 14:00:00,728.9
2023-08-03 15:00:00,733.0
2023-08-04 05:00:00,730.9
2023-08-04 07:00:00,732.4
2023-08-04 08:00:00,732.1
2023-08-04 09:00:00,733.2
2023-08-04 10:00:00,731.9
2023-08-04 11:00:00,727.8
2023-08-04 12:00:00,725.6
2023-08-04 13:00:00,726.7
2023-08-04 14:00:00,728.6
2023-08-04 15:00:00,732.5
2023-08-07 05:00:00,731.9
2023-08-07 07:00:00,733.2
2023-08-07 08:00:00,730.0
2023-08-07 09:00:00,731.4
2023-08-07 10:00:00,730.4
2023-08-07 11:00:00,732.0
2023-08-07 12:00:00,733.0
2023-08-07 13:00:00,731.5
2023-08-07 14:00:00,732.6
2023-08-07 15:00:00,731.3
2023-08-08 05:00:00,723.0
2023-08-08 07:00:00,730.2
2023-08-08 08:00:00,730.3
2023-08-08 09:00:00,727.2
2023-08-08 10:00:00,725.6
2023-08-08 11:00:00,724.6
2023-08-08 12:00:00,725.2
2023-08-08 13:00:00,723.2
2023-08-08 14:00:00,723.4
2023-08-08 15:00:00,723.9
2023-08-08 17:00:00,724.0
2023-08-09 05:00:00,723.1
2023-08-09 07:00:00,733.7
2023-08-09 08:00:00,735.5
2023-08-09 09:00:00,733.8
2023-08-09 10:00:00,731.9
2023-08-09 11:00:00,730.5
2023-08-09 12:00:00,728.1
2023-08-09 13:00:00,727.3
2023-08-09 14:00:00,726.7
2023-08-09 15:00:00,723.8
2023-08-10 05:00:00,734.4
2023-08-10 08:00:00,732.2
2023-08-10 10:00:00,732.2
2023-08-10 11:00:00,731.6
2023-08-10 12:00:00,730.3
2023-08-10 13:00:00,737.4
2023-08-10 14:00:00,736.0
2023-08-10 15:00:00,734.3
2023-08-11 05:00:00,720.1
2023-08-11 07:00:00,728.2
2023-08-11 08:00:00,726.2
2023-08-11 09:00:00,726.9
2023-08-11 10:00:00,724.9
2023-08-11 11:00:00,724.6
2023-08-11 12:00:00,721.5
2023-08-11 13:00:00,719.4
2023-08-11 14:00:00,721.4
2023-08-11 15:00:00,719.2
2023-08-14 05:00:00,722.4
2023-08-14 07:00:00,722.9
2023-08-14 08:00:00,721.3
2023-08-14 09:00:00,720.6
2023-08-14 10:00:00,721.6
2023-08-14 11:00:00,720.4
2023-08-14 12:00:00,719.9
2023-08-14 13:00:00,717.5
2023-08-14 14:00:00,722.6
2023-08-14 15:00:00,725.5
2023-08-15 05:00:00,717.1
2023-08-15 07:00:00,717.7
2023-08-15 08:00:00,718.2
2023-08-15 09:00:00,716.7
2023-08-15 10:00:00,714.6
2023-08-15 11:00:00,715.2
2023-08-15 12:00:00,717.1
2023-08-15 13:00:00,718.1
2023-08-15 14:00:00,716.6
2023-08-15 15:00:00,717.0
2023-08-16 05:00:00,717.3
2023-08-16 07:00:00,720.1
2023-08-16 08:00:00,719.7
2023-08-16 09:00:00,717.4
2023-08-16 10:00:00,718.0
2023-08-16 11:00:00,718.1
2023-08-16 12:00:00,717.5
2023-08-16 13:00:00,716.0
2023-08-16 14:00:00,718.0
2023-08-16 15:00:00,716.9
2023-08-17 05:00:00,704.5
2023-08-17 07:00:00,711.6
2023-08-17 08:00:00,712.7
2023-08-17 09:00:00,713.0
2023-08-17 10:00:00,713.5
2023-08-17 11:00:00,713.1
2023-08-17 12:00:00,712.7
2023-08-17 13:00:00,709.6
2023-08-17 14:00:00,706.3
2023-08-17 15:00:00,705.1
2023-08-18 05:00:00,705.9
2023-08-18 07:00:00,703.0
2023-08-18 08:00:00,704.0
2023-08-18 09:00:00,705.4
2023-08-18 10:00:00,704.8
2023-08-18 11:00:00,702.9
2023-08-18 12:00:00,699.2
2023-08-18 13:00:00,701.2
2023-08-18 14:00:00,704.5
2023-08-18 15:00:00,706.0
2023-08-21 05:00:00,706.8
2023-08-21 07:00:00,708.3
2023-08-21 08:00:00,710.1
2023-08-21 09:00:00,711.4
2023-08-21 10:00:00,710.0
2023-08-21 11:00:00,710.2
2023-08-21 12:00:00,707.7
2023-08-21 13:00:00,710.1
2023-08-21 14:00:00,707.5
2023-08-21 15:00:00,707.0
2023-08-22 05:00:00,720.6
2023-08-22 07:00:00,719.9
2023-08-22 08:00:00,720.9
2023-08-22 09:00:00,721.7
2023-08-22 10:00:00,724.0
2023-08-22 11:00:00,725.4
2023-08-22 12:00:00,724.9
2023-08-22 13:00:00,718.9
2023-08-22 14:00:00,720.6
2023-08-22 15:00:00,720.6
2023-08-23 05:00:00,725.3
2023-08-23 07:00:00,722.7
2023-08-23 08:00:00,720.9
2023-08-23 10:00:00,720.1
2023-08-23 11:00:00,715.8
2023-08-23 12:00:00,715.9
2023-08-23 13:00:00,718.2
2023-08-23 14:00:00,725.8
2023-08-23 15:00:00,725.4
2023-08-24 05:00:00,709.0
2023-08-24 07:00:00,733.2
2023-08-24 08:00:00,732.1
2023-08-24 09:00:00,729.6
2023-08-24 10:00:00,729.5
2023-08-24 11:00:00,727.1
2023-08-24 12:00:00,725.0
2023-08-24 13:00:00,718.9
2023-08-24 14:00:00,709.0
2023-08-24 15:00:00,706.4
2023-08-25 05:00:00,704.1
2023-08-25 07:00:00,708.2
2023-08-25 08:00:00,708.4
2023-08-25 09:00:00,707.4
2023-08-25 10:00:00,709.1
2023-08-25 11:00:00,706.8
2023-08-25 12:00:00,707.8
2023-08-25 13:00:00,707.0
2023-08-25 14:00:00,701.5
2023-08-25 15:00:00,703.6
2023-08-28 05:00:00,717.1
2023-08-28 07:00:00,712.1
2023-08-28 08:00:00,711.9
2023-08-28 09:00:00,711.2
2023-08-28 10:00:00,710.4
2023-08-28 11:00:00,711.7
2023-08-28 12:00:00,713.8
2023-08-28 13:00:00,715.0
2023-08-28 14:00:00,716.0
2023-08-28 15:00:00,715.0
2023-08-29 05:00:00,724.5
2023-08-29 07:00:00,715.2
2023-08-29 08:00:00,716.5
2023-08-29 09:00:00,717.8
2023-08-29 10:00:00,717.3
2023-08-29 11:00:00,716.6
2023-08-29 12:00:00,714.9
2023-08-29 13:00:00,718.2
2023-08-29 14:00:00,723.7
2023-08-29 15:00:00,722.8
2023-08-30 05:00:00,722.0
2023-08-30 07:00:00,722.2
2023-08-30 08:00:00,720.1
2023-08-30 09:00:00,718.4
2023-08-30 10:00:00,719.9
2023-08-30 12:00:00,722.8
2023-08-30 13:00:00,722.4
2023-08-30 14:00:00,719.7
2023-08-30 15:00:00,721.9
2023-08-31 05:00:00,724.0
2023-08-31 07:00:00,724.5
2023-08-31 08:00:00,724.4
2023-08-31 09:00:00,724.2
2023-08-31 10:00:00,725.0
2023-08-31 11:00:00,725.8
2023-08-31 12:00:00,726.9
2023-08-31 13:00:00,724.8
2023-08-31 14:00:00,726.1
2023-08-31 15:00:00,720.8
2023-09-01 05:00:00,722.4
2023-09-01 07:00:00,726.2
2023-09-01 08:00:00,724.9
2023-09-01 09:00:00,726.2
2023-09-01 10:00:00,725.3
2023-09-01 11:00:00,725.3
2023-09-01 12:00:00,726.8
2023-09-01 13:00:00,722.0
2023-09-01 14:00:00,723.2
2023-09-01 15:00:00,722.4
2023-09-04 05:00:00,725.4
2023-09-04 07:00:00,730.4
2023-09-04 08:00:00,732.1
2023-09-04 09:00:00,732.8
2023-09-04 10:00:00,732.1
2023-09-04 11:00:00,730.1
2023-09-04 12:00:00,729.1
2023-09-04 14:00:00,726.0
2023-09-04 15:00:00,725.6
2023-09-05 05:00:00,727.3
2023-09-05 07:00:00,722.5
2023-09-05 08:00:00,722.6
2023-09-05 09:00:00,722.3
2023-09-05 10:00:00,722.4
2023-09-05 11:00:00,723.9
2023-09-05 12:00:00,725.7
2023-09-05 13:00:00,725.2
2023-09-05 14:00:00,726.9
2023-09-05 15:00:00,726.4
2023-09-06 05:00:00,724.9
2023-09-06 07:00:00,723.3
2023-09-06 08:00:00,726.1
2023-09-06 09:00:00,726.7
2023-09-06 11:00:00,724.8
2023-09-06 13:00:00,729.8
2023-09-06 14:00:00,724.7
2023-09-06 15:00:00,726.5
2023-09-07 05:00:00,711.3
2023-09-07 07:00:00,719.5
2023-09-07 08:00:00,717.1
2023-09-07 09:00:00,719.3
2023-09-07 10:00:00,717.0
2023-09-07 11:00:00,715.0
2023-09-07 12:00:00,711.9
2023-09-07 14:00:00,711.4
2023-09-07 15:00:00,711.0
2023-09-08 05:00:00,711.0
2023-09-08 07:00:00,716.4
2023-09-08 08:00:00,708.0
2023-09-08 09:00:00,705.6
2023-09-08 10:00:00,710.4
2023-09-08 11:00:00,710.0
2023-09-08 12:00:00,710.0
2023-09-08 13:00:00,709.9
2023-09-08 14:00:00,709.5
2023-09-08 15:00:00,711.4
2023-09-11 05:00:00,707.1
2023-09-11 13:00:00,713.3
2023-09-11 14:00:00,706.6
2023-09-11 15:00:00,707.5
2023-09-12 05:00:00,701.3
2023-09-12 08:00:00,700.5
2023-09-12 09:00:00,700.1
2023-09-12 10:00:00,700.7
2023-09-12 11:00:00,697.6
2023-09-12 12:00:00,699.5
2023-09-12 14:00:00,700.8
2023-09-12 15:00:00,702.1
2023-09-13 05:00:00,699.1
2023-09-13 12:00:00,697.4
2023-09-13 13:00:00,697.7
2023-09-13 14:00:00,698.1
2023-09-13 15:00:00,698.2
2023-09-14 05:00:00,707.4
2023-09-14 07:00:00,698.8
2023-09-14 09:00:00,699.8
2023-09-14 10:00:00,700.9
2023-09-14 13:00:00,701.1
2023-09-14 14:00:00,706.7
2023-09-14 15:00:00,705.7
2023-09-15 05:00:00,696.7
2023-09-15 07:00:00,700.9
2023-09-15 08:00:00,703.0
2023-09-15 10:00:00,704.4
2023-09-15 11:00:00,704.5
2023-09-15 12:00:00,700.8
2023-09-15 13:00:00,700.0
2023-09-15 14:00:00,696.1
2023-09-15 15:00:00,697.8
2023-09-18 05:00:00,686.8
2023-09-18 07:00:00,691.7
2023-09-18 08:00:00,693.6
2023-09-18 09:00:00,688.0
2023-09-18 10:00:00,688.0
2023-09-18 11:00:00,684.8
2023-09-18 12:00:00,685.5
2023-09-18 13:00:00,688.8
2023-09-18 14:00:00,686.3
2023-09-18 15:00:00,686.9
2023-09-18 18:00:00,687.9
2023-09-18 19:00:00,687.9
2023-09-19 05:00:00,683.7
2023-09-19 07:00:00,686.0
2023-09-19 08:00:00,687.7
2023-09-19 09:00:00,690.4
2023-09-19 10:00:00,691.6
2023-09-19 11:00:00,691.1
2023-09-19 12:00:00,686.4
2023-09-19 13:00:00,687.8
2023-09-19 14:00:00,682.5
2023-09-19 15:00:00,683.8
2023-09-20 05:00:00,688.4
2023-09-20 07:00:00,686.5
2023-09-20 08:00:00,691.0
2023-09-20 09:00:00,689.7
2023-09-20 10:00:00,687.7
2023-09-20 11:00:00,687.7
2023-09-20 12:00:00,688.1
2023-09-20 13:00:00,690.6
2023-09-20 14:00:00,688.6
2023-09-20 15:00:00,687.9
2023-09-21 05:00:00,679.3
2023-09-21 07:00:00,683.6
2023-09-21 08:00:00,683.8
2023-09-21 09:00:00,681.0
2023-09-21 10:00:00,679.4
2023-09-21 11:00:00,679.4
2023-09-21 12:00:00,678.6
2023-09-21 13:00:00,679.9
2023-09-21 14:00:00,680.1
2023-09-21 15:00:00,679.4
2023-09-22 05:00:00,683.5
2023-09-22 07:00:00,679.5
2023-09-22 08:00:00,678.4
2023-09-22 09:00:00,678.0
2023-09-22 10:00:00,680.4
2023-09-22 11:00:00,680.1
2023-09-22 12:00:00,682.5
2023-09-22 13:00:00,681.8
2023-09-22 14:00:00,684.3
2023-09-22 15:00:00,684.1
2023-09-22 16:00:00,683.0
2023-09-25 05:00:00,679.4
2023-09-25 07:00:00,681.7
2023-09-25 08:00:00,673.8
2023-09-25 09:00:00,674.8
2023-09-25 10:00:00,675.6
2023-09-25 11:00:00,675.7
2023-09-25 12:00:00,675.4
2023-09-25 13:00:00,678.0
2023-09-25 14:00:00,675.5
2023-09-25 15:00:00,680.2
2023-09-26 05:00:00,667.3
2023-09-26 07:00:00,672.0
2023-09-26 08:00:00,672.5
2023-09-26 09:00:00,670.3
2023-09-26 10:00:00,667.8
2023-09-26 11:00:00,670.6
2023-09-26 12:00:00,670.7
2023-09-26 13:00:00,670.6
2023-09-26 14:00:00,668.2
2023-09-26 15:00:00,668.0
2023-09-27 05:00:00,671.5
2023-09-27 07:00:00,672.3
2023-09-27 08:00:00,673.9
2023-09-27 10:00:00,672.9
2023-09-27 11:00:00,672.7
2023-09-27 12:00:00,672.0
2023-09-27 13:00:00,673.9
2023-09-27 14:00:00,669.8
2023-09-27 15:00:00,671.6
2023-09-28 05:00:00,673.2
2023-09-28 07:00:00,668.8
2023-09-28 08:00:00,664.2
2023-09-28 09:00:00,663.5
2023-09-28 10:00:00,664.8
2023-09-28 11:00:00,665.7
2023-09-28 12:00:00,667.0
2023-09-28 13:00:00,667.8
2023-09-28 14:00:00,670.9
2023-09-28 15:00:00,673.4
2023-09-29 05:00:00,682.5
2023-09-29 07:00:00,686.0
2023-09-29 08:00:00,684.8
2023-09-29 09:00:00,685.7
2023-09-29 10:00:00,685.5
2023-09-29 11:00:00,685.7
2023-09-29 12:00:00,688.0
2023-09-29 13:00:00,688.1
2023-09-29 14:00:00,683.5
2023-09-29 15:00:00,681.7
2023-10-02 05:00:00,679.5
2023-10-02 07:00:00,683.4
2023-10-02 08:00:00,683.3
2023-10-02 09:00:00,677.1
2023-10-02 10:00:00,677.6
2023-10-02 11:00:00,678.2
2023-10-02 12:00:00,678.3
2023-10-02 13:00:00,678.1
2023-10-02 14:00:00,676.1
2023-10-02 15:00:00,680.2
2023-10-03 05:00:00,670.3
2023-10-03 07:00:00,677.0
2023-10-03 08:00:00,677.8
2023-10-03 09:00:00,675.0
2023-10-03 10:00:00,674.3
2023-10-03 11:00:00,672.1
2023-10-03 12:00:00,671.9
2023-10-03 13:00:00,674.5
2023-10-03 14:00:00,670.2
2023-10-03 15:00:00,669.7
2023-10-04 05:00:00,678.2
2023-10-04 07:00:00,667.4
2023-10-04 08:00:00,670.7
2023-10-04 09:00:00,674.2
2023-10-04 10:00:00,672.3
2023-10-04 11:00:00,672.9
2023-10-04 12:00:00,676.4
2023-10-04 13:00:00,678.0
2023-10-04 14:00:00,675.3
2023-10-04 15:00:00,678.1
2023-10-05 05:00:00,672.7
2023-10-05 07:00:00,681.4
2023-10-05 08:00:00,681.5
2023-10-05 09:00:00,680.1
2023-10-05 10:00:00,681.9
2023-10-05 11:00:00,680.9
2023-10-05 12:00:00,678.4
2023-10-05 13:00:00,678.1
2023-10-05 14:00:00,673.1
2023-10-05 15:00:00,672.9
2023-10-06 05:00:00,684.1
2023-10-06 07:00:00,679.4
2023-10-06 08:00:00,678.3
2023-10-06 09:00:00,680.4
2023-10-06 10:00:00,682.2
2023-10-06 11:00:00,681.6
2023-10-06 12:00:00,673.7
2023-10-06 13:00:00,675.8
2023-10-06 14:00:00,682.1
2023-10-06 15:00:00,685.0
2023-10-09 05:00:00,676.9
2023-10-09 07:00:00,681.1
2023-10-09 08:00:00,682.7
2023-10-09 09:00:00,682.6
2023-10-09 10:00:00,681.0
2023-10-09 11:00:00,679.2
2023-10-09 12:00:00,678.0
2023-10-09 13:00:00,679.4
2023-10-09 14:00:00,676.6
2023-10-09 15:00:00,676.1
2023-10-10 05:00:00,694.4
2023-10-10 07:00:00,687.2
2023-10-10 08:00:00,688.2
2023-10-10 09:00:00,688.1
2023-10-10 10:00:00,689.3
2023-10-10 11:00:00,686.9
2023-10-10 12:00:00,688.3
2023-10-10 13:00:00,690.6
2023-10-10 14:00:00,693.1
2023-10-10 15:00:00,693.6
2023-10-11 05:00:00,693.9
2023-10-11 07:00:00,691.7
2023-10-11 08:00:00,691.8
2023-10-11 09:00:00,691.4
2023-10-11 10:00:00,691.5
2023-10-11 11:00:00,692.7
2023-10-11 12:00:00,691.9
2023-10-11 13:00:00,693.4
2023-10-11 14:00:00,694.2
2023-10-11 15:00:00,693.3
2023-10-12 05:00:00,701.8
2023-10-12 07:00:00,696.3
2023-10-12 08:00:00,698.5
2023-10-12 09:00:00,700.1
2023-10-12 10:00:00,700.1
2023-10-12 11:00:00,699.6
2023-10-12 12:00:00,698.4
2023-10-12 13:00:00,698.8
2023-10-12 14:00:00,701.9
2023-10-12 15:00:00,699.5
2023-10-13 05:00:00,683.5
2023-10-13 07:00:00,696.9
2023-10-13 08:00:00,695.0
2023-10-13 09:00:00,691.0
2023-10-13 10:00:00,692.7
2023-10-13 11:00:00,693.1
2023-10-13 12:00:00,694.4
2023-10-13 13:00:00,690.6
2023-10-13 14:00:00,685.0
2023-10-13 15:00:00,684.1
2023-10-13 17:00:00,683.2
2023-10-16 05:00:00,683.3
2023-10-16 06:00:00,683.6
2023-10-16 07:00:00,680.7
2023-10-16 08:00:00,681.4
2023-10-16 09:00:00,681.8
2023-10-16 10:00:00,680.2
2023-10-16 11:00:00,682.4
2023-10-16 12:00:00,681.6
2023-10-16 13:00:00,681.6
2023-10-16 14:00:00,685.9
2023-10-16 15:00:00,683.3
2023-10-17 05:00:00,681.8
2023-10-17 07:00:00,685.9
2023-10-17 08:00:00,682.1
2023-10-17 09:00:00,682.7
2023-10-17 10:00:00,680.3
2023-10-17 11:00:00,679.3
2023-10-17 12:00:00,672.2
2023-10-17 13:00:00,672.1
2023-10-17 14:00:00,681.7
2023-10-17 15:00:00,682.3
2023-10-18 05:00:00,668.9
2023-10-18 07:00:00,676.2
2023-10-18 08:00:00,680.8
2023-10-18 09:00:00,676.5
2023-10-18 10:00:00,672.8
2023-10-18 11:00:00,672.9
2023-10-18 12:00:00,671.4
2023-10-18 13:00:00,671.5
2023-10-18 14:00:00,667.3
2023-10-18 15:00:00,668.0
2023-10-19 05:00:00,670.8
2023-10-19 07:00:00,675.5
2023-10-19 08:00:00,676.4
2023-10-19 09:00:00,677.9
2023-10-19 10:00:00,680.5
2023-10-19 11:00:00,675.9
2023-10-19 12:00:00,678.4
2023-10-19 13:00:00,673.2
2023-10-19 14:00:00,671.0
2023-10-19 15:00:00,673.0
2023-10-20 05:00:00,656.4
2023-10-20 07:00:00,664.0
2023-10-20 08:00:00,664.9
2023-10-20 09:00:00,662.5
2023-10-20 10:00:00,664.0
2023-10-20 11:00:00,664.2
2023-10-20 13:00:00,665.0
2023-10-20 14:00:00,656.1
2023-10-20 15:00:00,656.4
2023-10-23 05:00:00,657.6
2023-10-23 07:00:00,653.5
2023-10-23 08:00:00,653.4
2023-10-23 09:00:00,648.3
2023-10-23 10:00:00,649.8
2023-10-23 11:00:00,651.0
2023-10-23 12:00:00,651.5
2023-10-23 13:00:00,650.1
2023-10-23 14:00:00,655.1
2023-10-23 15:00:00,657.4
2023-10-24 05:00:00,665.6
2023-10-24 07:00:00,656.9
2023-10-24 08:00:00,658.3
2023-10-24 09:00:00,661.4
2023-10-24 10:00:00,661.8
2023-10-24 11:00:00,660.3
2023-10-24 13:00:00,660.6
2023-10-24 14:00:00,667.0
2023-10-24 15:00:00,664.0
2023-10-24 16:00:00,666.8
2023-10-25 05:00:00,666.9
2023-10-25 07:00:00,665.1
2023-10-25 08:00:00,667.9
2023-10-25 09:00:00,666.9
2023-10-25 11:00:00,670.8
2023-10-25 12:00:00,669.9
2023-10-25 13:00:00,666.4
2023-10-25 14:00:00,667.7
2023-10-25 15:00:00,668.0
2023-10-26 05:00:00,667.7
2023-10-26 07:00:00,661.1
2023-10-26 08:00:00,664.1
2023-10-26 09:00:00,669.2
2023-10-26 10:00:00,669.2
2023-10-26 11:00:00,667.1
2023-10-26 12:00:00,669.8
2023-10-26 13:00:00,671.5
2023-10-26 14:00:00,671.2
2023-10-26 15:00:00,667.7
2023-10-27 05:00:00,665.5
2023-10-27 07:00:00,665.6
2023-10-27 08:00:00,668.5
2023-10-27 09:00:00,666.8
2023-10-27 10:00:00,666.3
2023-10-27 11:00:00,664.0
2023-10-27 12:00:00,665.7
2023-10-27 13:00:00,665.5
2023-10-27 14:00:00,662.7
2023-10-27 15:00:00,665.8
2023-10-30 05:00:00,659.6
2023-10-30 08:00:00,668.2
2023-10-30 09:00:00,668.3
2023-10-30 11:00:00,670.1
2023-10-30 12:00:00,667.5
2023-10-30 13:00:00,663.5
2023-10-30 14:00:00,659.7
2023-10-30 15:00:00,660.1
2023-10-30 16:00:00,658.8
2023-10-31 05:00:00,667.8
2023-10-31 08:00:00,662.2
2023-10-31 09:00:00,664.3
2023-10-31 11:00:00,667.2
2023-10-31 13:00:00,665.5
2023-10-31 14:00:00,668.7
2023-10-31 15:00:00,667.9
2023-10-31 16:00:00,669.1
2023-11-01 05:00:00,673.5
2023-11-01 08:00:00,667.7
2023-11-01 09:00:00,667.2
2023-11-01 10:00:00,666.4
2023-11-01 11:00:00,665.3
2023-11-01 12:00:00,670.4
2023-11-01 13:00:00,673.8
2023-11-01 14:00:00,676.4
2023-11-01 15:00:00,673.5
2023-11-01 16:00:00,673.5
2023-11-02 05:00:00,691.6
2023-11-02 08:00:00,688.9
2023-11-02 09:00:00,693.1
2023-11-02 10:00:00,695.1
2023-11-02 11:00:00,698.3
2023-11-02 12:00:00,698.5
2023-11-02 13:00:00,693.4
2023-11-02 14:00:00,694.8
2023-11-02 15:00:00,692.7
2023-11-02 16:00:00,691.3
2023-11-03 05:00:00,698.5
2023-11-03 08:00:00,694.4
2023-11-03 09:00:00,692.8
2023-11-03 10:00:00,693.0
2023-11-03 11:00:00,691.5
2023-11-03 12:00:00,698.0
2023-11-03 13:00:00,699.0
2023-11-03 15:00:00,698.4
2023-11-03 16:00:00,698.3
2023-11-06 06:00:00,695.0
2023-11-06 08:00:00,701.2
2023-11-06 09:00:00,697.5
2023-11-06 10:00:00,697.3
2023-11-06 11:00:00,697.1
2023-11-06 12:00:00,698.3
2023-11-06 15:00:00,696.0
2023-11-06 16:00:00,695.2
2023-11-07 06:00:00,704.7
2023-11-07 08:00:00,700.8
2023-11-07 09:00:00,698.2
2023-11-07 10:00:00,701.2
2023-11-07 11:00:00,699.1
2023-11-07 12:00:00,700.4
2023-11-07 13:00:00,700.4
2023-11-07 14:00:00,704.8
2023-11-07 15:00:00,707.2
2023-11-07 16:00:00,704.6
2023-11-08 06:00:00,706.4
2023-11-08 08:00:00,702.8
2023-11-08 09:00:00,699.9
2023-11-08 10:00:00,702.4
2023-11-08 11:00:00,703.0
2023-11-08 12:00:00,703.6
2023-11-08 13:00:00,705.2
2023-11-08 14:00:00,707.8
2023-11-08 15:00:00,705.9
2023-11-08 16:00:00,707.7
2023-11-09 06:00:00,714.4
2023-11-09 08:00:00,705.9
2023-11-09 09:00:00,707.5
2023-11-09 10:00:00,709.6
2023-11-09 11:00:00,709.2
2023-11-09 12:00:00,710.4
2023-11-09 13:00:00,710.6
2023-11-09 14:00:00,715.7
2023-11-09 15:00:00,713.9
2023-11-09 16:00:00,715.3
2023-11-10 06:00:00,712.3
2023-11-10 08:00:00,706.9
2023-11-10 09:00:00,706.6
2023-11-10 10:00:00,705.3
2023-11-10 11:00:00,705.0
2023-11-10 12:00:00,707.7
2023-11-10 13:00:00,709.2
2023-11-10 14:00:00,710.6
2023-11-10 15:00:00,709.6
2023-11-10 16:00:00,711.7
2023-11-13 06:00:00,717.4
2023-11-13 08:00:00,716.3
2023-11-13 09:00:00,719.6
2023-11-13 10:00:00,719.0
2023-11-13 11:00:00,717.0
2023-11-13 12:00:00,714.8
2023-11-13 13:00:00,715.0
2023-11-13 14:00:00,713.9
2023-11-13 15:00:00,716.7
2023-11-13 16:00:00,718.0
2023-11-14 06:00:00,731.0
2023-11-14 08:00:00,719.5
2023-11-14 09:00:00,720.3
2023-11-14 10:00:00,720.9
2023-11-14 11:00:00,719.7
2023-11-14 12:00:00,720.1
2023-11-14 13:00:00,731.7
2023-11-14 14:00:00,729.7
2023-11-14 15:00:00,731.6
2023-11-14 16:00:00,731.2
2023-11-15 06:00:00,744.3
2023-11-15 08:00:00,742.7
2023-11-15 09:00:00,742.5
2023-11-15 10:00:00,743.9
2023-11-15 11:00:00,745.1
2023-11-15 12:00:00,744.2
2023-11-15 13:00:00,742.3
2023-11-15 14:00:00,742.3
2023-11-15 15:00:00,744.8
2023-11-15 16:00:00,745.0
2023-11-16 06:00:00,741.4
2023-11-16 08:00:00,742.9
2023-11-16 09:00:00,742.6
2023-11-16 10:00:00,743.9
2023-11-16 11:00:00,741.7
2023-11-16 12:00:00,740.9
2023-11-16 13:00:00,742.0
2023-11-16 14:00:00,744.8
2023-11-16 15:00:00,741.9
2023-11-16 16:00:00,740.9
2023-11-17 06:00:00,744.8
2023-11-17 08:00:00,742.6
2023-11-17 09:00:00,744.0
2023-11-17 10:00:00,746.5
2023-11-17 11:00:00,746.1
2023-11-17 12:00:00,746.4
2023-11-17 13:00:00,746.3
2023-11-17 14:00:00,745.6
2023-11-17 15:00:00,745.0
2023-11-17 16:00:00,745.2
2023-11-20 06:00:00,750.0
2023-11-20 08:00:00,745.5
2023-11-20 09:00:00,747.9
2023-11-20 10:00:00,747.2
2023-11-20 11:00:00,747.1
2023-11-20 12:00:00,746.5
2023-11-20 13:00:00,747.9
2023-11-20 14:00:00,748.8
2023-11-20 15:00:00,749.7
2023-11-20 16:00:00,749.6
2023-11-21 06:00:00,745.4
2023-11-21 08:00:00,752.3
2023-11-21 09:00:00,751.3
2023-11-21 10:00:00,753.0
2023-11-21 11:00:00,752.9
2023-11-21 12:00:00,752.2
2023-11-21 13:00:00,750.4
2023-11-21 14:00:00,749.2
2023-11-21 15:00:00,745.3
2023-11-21 16:00:00,744.8
2023-11-22 06:00:00,753.5
2023-11-22 08:00:00,747.0
2023-11-22 09:00:00,748.3
2023-11-22 10:00:00,751.2
2023-11-22 11:00:00,751.1
2023-11-22 12:00:00,751.4
2023-11-22 13:00:00,753.9
2023-11-22 14:00:00,753.0
2023-11-22 15:00:00,752.9
2023-11-22 16:00:00,753.5
2023-11-23 06:00:00,753.3
2023-11-23 08:00:00,752.0
2023-11-23 09:00:00,752.7
2023-11-23 10:00:00,750.7
2023-11-23 11:00:00,751.7
2023-11-23 12:00:00,750.2
2023-11-23 13:00:00,751.6
2023-11-23 14:00:00,751.7
2023-11-23 15:00:00,753.0
2023-11-23 16:00:00,753.1
2023-11-24 06:00:00,752.3
2023-11-24 08:00:00,750.3
2023-11-24 09:00:00,752.0
2023-11-24 10:00:00,752.7
2023-11-24 11:00:00,752.2
2023-11-24 12:00:00,752.0
2023-11-24 13:00:00,752.5
2023-11-24 14:00:00,751.7
2023-11-24 15:00:00,751.7
2023-11-24 16:00:00,752.1
2023-11-27 06:00:00,751.6
2023-11-27 08:00:00,754.6
2023-11-27 09:00:00,752.6
2023-11-27 10:00:00,753.9
2023-11-27 11:00:00,753.8
2023-11-27 12:00:00,753.6
2023-11-27 13:00:00,753.1
2023-11-27 14:00:00,751.5
2023-11-27 15:00:00,752.1
2023-11-27 16:00:00,751.7
2023-11-28 06:00:00,749.5
2023-11-28 08:00:00,749.0
2023-11-28 09:00:00,749.1
2023-11-28 10:00:00,750.2
2023-11-28 11:00:00,749.5
2023-11-28 12:00:00,749.2
2023-11-28 14:00:00,747.8
2023-11-28 15:00:00,749.6
2023-11-28 16:00:00,751.0
2023-11-29 06:00:00,762.0
2023-11-29 08:00:00,758.7
2023-11-29 09:00:00,760.9
2023-11-29 10:00:00,760.9
2023-11-29 11:00:00,761.1
2023-11-29 12:00:00,760.6
2023-11-29 13:00:00,761.9
2023-11-29 14:00:00,762.4
2023-11-29 15:00:00,764.6
2023-11-29 16:00:00,761.5
2023-11-30 06:00:00,760.4
2023-11-30 08:00:00,761.6
2023-11-30 09:00:00,762.7
2023-11-30 10:00:00,764.5
2023-11-30 11:00:00,764.3
2023-11-30 12:00:00,764.9
2023-11-30 13:00:00,765.9
2023-11-30 14:00:00,762.1
2023-11-30 15:00:00,760.6
2023-11-30 16:00:00,758.2
2023-12-01 06:00:00,768.7
2023-12-01 08:00:00,767.5
2023-12-01 09:00:00,768.7
2023-12-01 10:00:00,768.8
2023-12-01 11:00:00,768.5
2023-12-01 12:00:00,767.5
2023-12-01 13:00:00,766.5
2023-12-01 14:00:00,765.8
2023-12-01 15:00:00,767.8
2023-12-01 16:00:00,768.8
2023-12-04 06:00:00,763.2
2023-12-04 08:00:00,771.9
2023-12-04 09:00:00,769.8
2023-12-04 10:00:00,769.1
2023-12-04 11:00:00,769.6
2023-12-04 12:00:00,769.5
2023-12-04 13:00:00,768.6
2023-12-04 14:00:00,766.9
2023-12-04 15:00:00,762.4
2023-12-04 16:00:00,763.1
2023-12-05 06:00:00,769.4
2023-12-05 08:00:00,762.3
2023-12-05 09:00:00,764.5
2023-12-05 10:00:00,764.8
2023-12-05 11:00:00,765.9
2023-12-05 12:00:00,766.2
2023-12-05 13:00:00,767.7
2023-12-05 14:00:00,767.8
2023-12-05 15:00:00,770.6
2023-12-05 16:00:00,770.0
2023-12-06 06:00:00,777.5
2023-12-06 08:00:00,775.7
2023-12-06 09:00:00,774.2
2023-12-06 10:00:00,774.0
2023-12-06 11:00:00,774.6
2023-12-06 12:00:00,773.8
2023-12-06 13:00:00,777.4
2023-12-06 14:00:00,777.0
2023-12-06 15:00:00,778.0
2023-12-06 16:00:00,777.9
2023-12-07 06:00:00,774.7
2023-12-07 08:00:00,771.8
2023-12-07 09:00:00,773.1
2023-12-07 10:00:00,773.4
2023-12-07 11:00:00,773.9
2023-12-07 12:00:00,773.5
2023-12-07 13:00:00,772.9
2023-12-07 14:00:00,771.7
2023-12-07 15:00:00,775.1
2023-12-07 16:00:00,774.8
2023-12-08 06:00:00,782.0
2023-12-08 08:00:00,779.0
2023-12-08 09:00:00,779.9
2023-12-08 10:00:00,779.4
2023-12-08 11:00:00,779.0
2023-12-08 12:00:00,778.6
2023-12-08 13:00:00,779.6
2023-12-08 14:00:00,782.3
2023-12-08 15:00:00,784.5
2023-12-08 16:00:00,782.3
2023-12-08 19:00:00,782.6
2023-12-11 06:00:00,787.0
2023-12-11 14:00:00,785.3
2023-12-11 15:00:00,787.5
2023-12-12 06:00:00,789.5999999999999
2023-12-12 08:00:00,789.5
2023-12-12 09:00:00,790.0
2023-12-12 10:00:00,791.0999999999999
2023-12-12 12:00:00,787.5999999999999
2023-12-12 13:00:00,789.1999999999999
2023-12-12 15:00:00,790.6999999999999
2023-12-12 16:00:00,788.8
2023-12-13 06:00:00,789.4
2023-12-13 08:00:00,792.9
2023-12-13 09:00:00,795.0999999999999
2023-12-13 16:00:00,789.0999999999999
2023-12-13 19:00:00,794.4
2023-12-14 06:00:00,796.1999999999999
2023-12-14 08:00:00,803.5999999999999
2023-12-14 09:00:00,801.0999999999999
2023-12-14 10:00:00,803.5
2023-12-14 11:00:00,799.0
2023-12-14 12:00:00,799.5999999999999
2023-12-14 13:00:00,799.9
2023-12-14 14:00:00,796.8
2023-12-14 15:00:00,796.4
2023-12-14 16:00:00,796.5999999999999
2023-12-15 06:00:00,804.6999999999999
2023-12-15 08:00:00,800.9
2023-12-15 09:00:00,801.3
2023-12-15 10:00:00,803.5999999999999
2023-12-15 11:00:00,802.5999999999999
2023-12-15 12:00:00,802.4
2023-12-15 13:00:00,801.4
2023-12-15 14:00:00,801.8
2023-12-15 15:00:00,805.0999999999999
2023-12-15 16:00:00,801.4
2023-12-18 06:00:00,789.5
2023-12-18 08:00:00,801.5999999999999
2023-12-18 09:00:00,799.4
2023-12-18 10:00:00,799.0999999999999
2023-12-18 11:00:00,797.1999999999999
2023-12-18 12:00:00,797.0
2023-12-18 13:00:00,796.1999999999999
2023-12-18 14:00:00,791.8
2023-12-18 15:00:00,788.5999999999999
2023-12-18 16:00:00,790.6999999999999
2023-12-19 06:00:00,793.1999999999999
2023-12-19 08:00:00,794.0999999999999
2023-12-19 09:00:00,795.0999999999999
2023-12-19 10:00:00,794.8
2023-12-19 11:00:00,793.3
2023-12-19 12:00:00,794.5
2023-12-19 13:00:00,793.9
2023-12-19 14:00:00,792.4
2023-12-19 15:00:00,792.8
2023-12-19 16:00:00,794.0
2023-12-20 06:00:00,790.3
2023-12-20 08:00:00,788.9
2023-12-20 09:00:00,788.0
2023-12-20 10:00:00,787.6999999999999
2023-12-20 11:00:00,789.0999999999999
2023-12-20 12:00:00,788.6999999999999
2023-12-20 13:00:00,790.0
2023-12-20 14:00:00,787.5
2023-12-20 15:00:00,789.1999999999999
2023-12-20 16:00:00,790.5999999999999
2023-12-21 06:00:00,788.3
2023-12-21 08:00:00,785.5999999999999
2023-12-21 10:00:00,782.4
2023-12-21 11:00:00,782.6999999999999
2023-12-21 12:00:00,784.0
2023-12-21 13:00:00,787.0999999999999
2023-12-21 14:00:00,786.5
2023-12-21 15:00:00,787.0999999999999
2023-12-21 16:00:00,788.5999999999999
2023-12-21 17:00:00,785.3
2023-12-22 06:00:00,782.9
2023-12-22 07:00:00,783.4
2023-12-22 08:00:00,778.8
2023-12-22 09:00:00,777.3
2023-12-22 10:00:00,776.9
2023-12-22 11:00:00,776.1999999999999
2023-12-22 12:00:00,778.3
2023-12-22 13:00:00,779.8
2023-12-22 14:00:00,781.5
2023-12-22 15:00:00,783.4
2023-12-22 16:00:00,782.5999999999999
2023-12-27 06:00:00,786.9
2023-12-27 08:00:00,787.1999999999999
2023-12-27 09:00:00,786.5
2023-12-27 10:00:00,789.0
2023-12-27 11:00:00,789.5999999999999
2023-12-27 12:00:00,788.3
2023-12-27 13:00:00,790.0
2023-12-27 14:00:00,788.0999999999999
2023-12-27 15:00:00,786.4
2023-12-27 16:00:00,787.1999999999999
2023-12-28 06:00:00,786.5999999999999
2023-12-28 08:00:00,787.4
2023-12-28 09:00:00,787.0999999999999
2023-12-28 10:00:00,786.8
2023-12-28 11:00:00,786.9
2023-12-28 12:00:00,785.4
2023-12-28 13:00:00,786.1999999999999
2023-12-28 14:00:00,785.8
2023-12-28 15:00:00,786.9
2023-12-28 16:00:00,786.5999999999999
2023-12-29 06:00:00,783.6999999999999
2023-12-29 08:00:00,787.5
2023-12-29 09:00:00,788.3
2023-12-29 10:00:00,787.5
2023-12-29 12:00:00,787.5
2023-12-29 13:00:00,787.5
2023-12-29 14:00:00,787.5999999999999
2023-12-29 15:00:00,785.6999999999999
2023-12-29 16:00:00,784.1999999999999
2024-01-02 06:00:00,770.5
2024-01-02 08:00:00,788.5
2024-01-02 09:00:00,782.4
2024-01-02 10:00:00,780.0999999999999
2024-01-02 11:00:00,776.5999999999999
2024-01-02 12:00:00,772.6999999999999
2024-01-02 13:00:00,771.1999999999999
2024-01-02 14:00:00,771.0999999999999
2024-01-02 15:00:00,769.0999999999999
2024-01-02 16:00:00,771.1999999999999
2024-01-03 06:00:00,756.3
2024-01-03 08:00:00,763.0
2024-01-03 09:00:00,759.0
2024-01-03 10:00:00,761.5999999999999
2024-01-03 11:00:00,759.3
2024-01-03 12:00:00,758.3
2024-01-03 13:00:00,756.8
2024-01-03 14:00:00,755.6999999999999
2024-01-03 15:00:00,755.8
2024-01-03 16:00:00,756.1999999999999
2024-01-04 06:00:00,753.6999999999999
2024-01-04 08:00:00,755.0999999999999
2024-01-04 09:00:00,758.0
2024-01-04 10:00:00,756.0999999999999
2024-01-04 11:00:00,750.5999999999999
2024-01-04 12:00:00,748.9
2024-01-04 13:00:00,746.8
2024-01-04 14:00:00,745.4
2024-01-04 15:00:00,752.0
2024-01-04 16:00:00,753.3
2024-01-05 06:00:00,751.5999999999999
2024-01-05 08:00:00,747.3
2024-01-05 09:00:00,744.6999999999999
2024-01-05 10:00:00,743.8
2024-01-05 11:00:00,744.9
2024-01-05 12:00:00,745.1999999999999
2024-01-05 13:00:00,744.6999999999999
2024-01-05 14:00:00,749.4
2024-01-05 15:00:00,753.0
2024-01-05 16:00:00,751.5999999999999
2024-01-08 06:00:00,759.9
2024-01-08 08:00:00,753.4
2024-01-08 09:00:00,750.9
2024-01-08 10:00:00,750.5999999999999
2024-01-08 11:00:00,751.8
2024-01-08 12:00:00,752.3
2024-01-08 13:00:00,754.4
2024-01-08 14:00:00,760.0
2024-01-08 15:00:00,760.0999999999999
2024-01-08 16:00:00,760.0
2024-01-09 06:00:00,758.6999999999999
2024-01-09 08:00:00,754.3
2024-01-09 09:00:00,753.5
2024-01-09 10:00:00,754.0999999999999
2024-01-09 11:00:00,752.3
2024-01-09 12:00:00,752.3
2024-01-09 13:00:00,750.9
2024-01-09 14:00:00,756.0
2024-01-09 15:00:00,757.8
2024-01-09 16:00:00,758.4
2024-01-10 06:00:00,757.5
2024-01-10 08:00:00,758.8
2024-01-10 09:00:00,760.0
2024-01-10 10:00:00,758.5999999999999
2024-01-10 11:00:00,758.1999999999999
2024-01-10 12:00:00,757.9
2024-01-10 13:00:00,757.0999999999999
2024-01-10 14:00:00,755.1999999999999
2024-01-10 15:00:00,757.9
2024-01-10 16:00:00,757.6999999999999
2024-01-11 06:00:00,755.3
2024-01-11 07:00:00,764.0999999999999
2024-01-11 08:00:00,765.9
2024-01-11 09:00:00,764.4
2024-01-11 10:00:00,760.9
2024-01-11 11:00:00,763.5
2024-01-11 12:00:00,762.1999999999999
2024-01-11 13:00:00,757.9
2024-01-11 14:00:00,763.5999999999999
2024-01-11 15:00:00,757.1999999999999
2024-01-11 16:00:00,755.3
2024-01-12 06:00:00,762.8
2024-01-12 08:00:00,765.0999999999999
2024-01-12 09:00:00,763.5999999999999
2024-01-12 10:00:00,762.0999999999999
2024-01-12 11:00:00,760.5999999999999
2024-01-12 12:00:00,760.0999999999999
2024-01-12 13:00:00,761.5
2024-01-12 14:00:00,761.9
2024-01-12 15:00:00,762.0
2024-01-12 16:00:00,763.1999999999999
2024-01-15 06:00:00,760.1999999999999
2024-01-15 08:00:00,762.9
2024-01-15 09:00:00,761.8
2024-01-15 10:00:00,761.0
2024-01-15 11:00:00,761.4
2024-01-15 12:00:00,761.0999999999999
2024-01-15 13:00:00,761.3
2024-01-15 14:00:00,761.8
2024-01-15 15:00:00,760.8
2024-01-15 16:00:00,760.0
2024-01-16 06:00:00,761.4
2024-01-16 08:00:00,757.6999999999999
2024-01-16 09:00:00,760.0
2024-01-16 10:00:00,758.3
2024-01-16 11:00:00,758.6999999999999
2024-01-16 12:00:00,759.3
2024-01-16 13:00:00,758.0
2024-01-16 14:00:00,757.0999999999999
2024-01-16 15:00:00,760.9
2024-01-16 16:00:00,761.9
2024-01-17 06:00:00,755.5999999999999
2024-01-17 08:00:00,755.8
2024-01-17 09:00:00,755.6999999999999
2024-01-17 10:00:00,755.0999999999999
2024-01-17 11:00:00,757.0
2024-01-17 13:00:00,753.9
2024-01-17 14:00:00,750.5
2024-01-17 15:00:00,752.5
2024-01-17 16:00:00,755.1999999999999
2024-01-17 20:00:00,758.0999999999999
2024-01-18 06:00:00,777.1999999999999
2024-01-18 08:00:00,763.9
2024-01-18 09:00:00,765.8
2024-01-18 10:00:00,765.4
2024-01-18 11:00:00,769.3
2024-01-18 12:00:00,772.5999999999999
2024-01-18 13:00:00,771.9
2024-01-18 14:00:00,775.4
2024-01-18 15:00:00,775.1999999999999
2024-01-18 16:00:00,776.3
2024-01-19 06:00:00,782.9
2024-01-19 08:00:00,782.0999999999999
2024-01-19 09:00:00,781.8
2024-01-19 10:00:00,782.5
2024-01-19 11:00:00,783.8
2024-01-19 12:00:00,782.4
2024-01-19 13:00:00,783.5999999999999
2024-01-19 14:00:00,782.9
2024-01-19 15:00:00,782.4
2024-01-19 16:00:00,782.5
2024-01-19 17:00:00,784.4
2024-01-22 06:00:00,798.0999999999999
2024-01-22 08:00:00,792.9
2024-01-22 09:00:00,793.8
2024-01-22 11:00:00,795.0
2024-01-22 12:00:00,796.4
2024-01-22 13:00:00,795.4
2024-01-22 14:00:00,799.6999999999999
2024-01-22 15:00:00,796.0999999999999
2024-01-22 16:00:00,798.3
2024-01-23 06:00:00,798.0999999999999
2024-01-23 08:00:00,792.1999999999999
2024-01-23 09:00:00,791.8
2024-01-23 10:00:00,791.3
2024-01-23 11:00:00,793.5999999999999
2024-01-23 12:00:00,794.8
2024-01-23 13:00:00,795.5999999999999
2024-01-23 14:00:00,795.0999999999999
2024-01-23 15:00:00,798.1999999999999
2024-01-23 16:00:00,806.3
2024-01-24 06:00:00,834.5
2024-01-24 08:00:00,823.8
2024-01-24 09:00:00,824.6999999999999
2024-01-24 10:00:00,825.5
2024-01-24 11:00:00,825.5999999999999
2024-01-24 12:00:00,828.4
2024-01-24 13:00:00,827.6999999999999
2024-01-24 14:00:00,831.3
2024-01-24 15:00:00,836.9
2024-01-24 16:00:00,835.9
2024-01-25 06:00:00,849.3
2024-01-25 08:00:00,835.8
2024-01-25 09:00:00,836.0
2024-01-25 10:00:00,835.6999999999999
2024-01-25 11:00:00,837.0
2024-01-25 12:00:00,837.0999999999999
2024-01-25 13:00:00,843.5999999999999
2024-01-25 14:00:00,847.3
2024-01-25 15:00:00,849.6999999999999
2024-01-25 16:00:00,848.3
2024-01-26 06:00:00,843.8
2024-01-26 08:00:00,836.6999999999999
2024-01-26 09:00:00,839.4
2024-01-26 10:00:00,839.8
2024-01-26 11:00:00,842.1999999999999
2024-01-26 12:00:00,844.9
2024-01-26 13:00:00,843.1999999999999
2024-01-26 14:00:00,839.1999999999999
2024-01-26 15:00:00,844.1999999999999
2024-01-26 16:00:00,843.6999999999999
2024-01-26 18:00:00,838.3
2024-01-29 06:00:00,843.8
2024-01-29 08:00:00,842.8
2024-01-29 09:00:00,841.3
2024-01-29 10:00:00,840.6999999999999
2024-01-29 11:00:00,840.9
2024-01-29 12:00:00,841.3
2024-01-29 13:00:00,841.9
2024-01-29 14:00:00,843.5
2024-01-29 15:00:00,843.0999999999999
2024-01-29 16:00:00,844.0
2024-01-30 06:00:00,845.0
2024-01-30 08:00:00,847.8
2024-01-30 09:00:00,848.5999999999999
2024-01-30 10:00:00,849.0999999999999
2024-01-30 11:00:00,849.4
2024-01-30 12:00:00,848.3
2024-01-30 13:00:00,848.1999999999999
2024-01-30 14:00:00,847.0
2024-01-30 15:00:00,844.0
2024-01-30 16:00:00,844.8
2024-01-30 18:00:00,841.3
2024-01-31 06:00:00,840.4
2024-01-31 07:00:00,838.6999999999999
2024-01-31 08:00:00,843.0
2024-01-31 09:00:00,839.0
2024-01-31 10:00:00,835.5999999999999
2024-01-31 11:00:00,837.5999999999999
2024-01-31 12:00:00,839.1999999999999
2024-01-31 13:00:00,840.6999999999999
2024-01-31 14:00:00,840.5999999999999
2024-01-31 15:00:00,838.6999999999999
2024-01-31 16:00:00,840.8
2024-02-01 06:00:00,840.6999999999999
2024-02-01 08:00:00,845.8
2024-02-01 09:00:00,844.3
2024-02-01 10:00:00,843.8
2024-02-01 11:00:00,844.5
2024-02-01 12:00:00,846.6999999999999
2024-02-01 13:00:00,846.8
2024-02-01 14:00:00,843.1999999999999
2024-02-01 15:00:00,840.3
2024-02-01 16:00:00,843.3
2024-02-02 06:00:00,844.0
2024-02-02 08:00:00,848.5999999999999
2024-02-02 09:00:00,848.6999999999999
2024-02-02 10:00:00,846.6999999999999
2024-02-02 11:00:00,847.0
2024-02-02 12:00:00,846.9
2024-02-02 13:00:00,840.3
2024-02-02 14:00:00,845.0
2024-02-02 15:00:00,845.3
2024-02-02 16:00:00,844.9
2024-02-05 06:00:00,847.5999999999999
2024-02-05 08:00:00,844.3
2024-02-05 09:00:00,843.6999999999999
2024-02-05 10:00:00,845.5999999999999
2024-02-05 11:00:00,847.0
2024-02-05 12:00:00,846.8
2024-02-05 13:00:00,844.4
2024-02-05 14:00:00,850.4
2024-02-05 15:00:00,846.4
2024-02-05 16:00:00,847.8
2024-02-05 19:00:00,854.3
2024-02-06 06:00:00,856.1999999999999
2024-02-06 08:00:00,857.0
2024-02-06 09:00:00,856.4
2024-02-06 10:00:00,852.4
2024-02-06 11:00:00,850.9
2024-02-06 12:00:00,851.0
2024-02-06 13:00:00,854.6999999999999
2024-02-06 14:00:00,854.1999999999999
2024-02-06 15:00:00,856.5
2024-02-06 16:00:00,856.5
2024-02-07 06:00:00,862.0999999999999
2024-02-07 08:00:00,857.6999999999999
2024-02-07 09:00:00,857.3
2024-02-07 10:00:00,856.1999999999999
2024-02-07 11:00:00,857.0999999999999
2024-02-07 12:00:00,858.8
2024-02-07 13:00:00,857.4
2024-02-07 14:00:00,859.9
2024-02-07 15:00:00,863.0
2024-02-07 16:00:00,862.5
2024-02-08 06:00:00,868.0
2024-02-08 08:00:00,866.0999999999999
2024-02-08 09:00:00,866.4
2024-02-08 10:00:00,864.5999999999999
2024-02-08 11:00:00,865.1999999999999
2024-02-08 12:00:00,867.0999999999999
2024-02-08 13:00:00,866.1999999999999
2024-02-08 14:00:00,869.0
2024-02-08 15:00:00,868.5
2024-02-08 16:00:00,866.5
2024-02-09 06:00:00,878.8
2024-02-09 08:00:00,874.0999999999999
2024-02-09 09:00:00,874.6999999999999
2024-02-09 10:00:00,874.8
2024-02-09 11:00:00,875.9
2024-02-09 12:00:00,877.0
2024-02-09 13:00:00,877.6999999999999
2024-02-09 14:00:00,874.9
2024-02-09 15:00:00,877.5999999999999
2024-02-09 16:00:00,879.4
2024-02-12 06:00:00,879.3
2024-02-12 08:00:00,880.5999999999999
2024-02-12 10:00:00,879.0
2024-02-12 11:00:00,876.6999999999999
2024-02-12 12:00:00,875.6999999999999
2024-02-12 13:00:00,876.1999999999999
2024-02-12 14:00:00,877.3
2024-02-12 15:00:00,879.0999999999999
2024-02-12 16:00:00,880.0999999999999
2024-02-13 06:00:00,856.8
2024-02-13 08:00:00,864.3
2024-02-13 09:00:00,859.4
2024-02-13 10:00:00,856.3
2024-02-13 11:00:00,855.0
2024-02-13 12:00:00,856.8
2024-02-13 13:00:00,848.9
2024-02-13 14:00:00,852.5
2024-02-13 15:00:00,855.3
2024-02-13 16:00:00,859.0
2024-02-13 17:00:00,855.8
2024-02-14 06:00:00,865.5
2024-02-14 08:00:00,860.9
2024-02-14 09:00:00,861.6999999999999
2024-02-14 10:00:00,862.3
2024-02-14 11:00:00,862.3
2024-02-14 12:00:00,861.1999999999999
2024-02-14 13:00:00,861.8
2024-02-14 14:00:00,865.9
2024-02-14 15:00:00,866.1999999999999
2024-02-14 16:00:00,865.3
2024-02-14 17:00:00,866.0999999999999
2024-02-15 06:00:00,866.5999999999999
2024-02-15 08:00:00,873.0999999999999
2024-02-15 09:00:00,871.5
2024-02-15 10:00:00,875.5
2024-02-15 11:00:00,872.5999999999999
2024-02-15 12:00:00,867.9
2024-02-15 13:00:00,867.3
2024-02-15 14:00:00,863.5
2024-02-15 15:00:00,867.0999999999999
2024-02-15 16:00:00,866.9
2024-02-16 06:00:00,873.3
2024-02-16 08:00:00,873.8
2024-02-16 09:00:00,874.6999999999999
2024-02-16 10:00:00,875.3
2024-02-16 11:00:00,873.5999999999999
2024-02-16 12:00:00,872.9
2024-02-16 13:00:00,870.4
2024-02-16 14:00:00,867.5999999999999
2024-02-16 15:00:00,871.0
2024-02-16 16:00:00,873.9
2024-02-19 06:00:00,867.5999999999999
2024-02-19 08:00:00,866.9
2024-02-19 09:00:00,868.3
2024-02-19 11:00:00,867.5
2024-02-19 12:00:00,866.8
2024-02-19 13:00:00,867.3
2024-02-19 14:00:00,867.9
2024-02-19 15:00:00,868.5999999999999
2024-02-19 16:00:00,866.9
2024-02-20 06:00:00,851.9
2024-02-20 08:00:00,860.0
2024-02-20 09:00:00,856.0
2024-02-20 10:00:00,857.5999999999999
2024-02-20 11:00:00,855.5999999999999
2024-02-20 12:00:00,857.5999999999999
2024-02-20 13:00:00,856.3
2024-02-20 14:00:00,851.6999999999999
2024-02-20 15:00:00,851.8
2024-02-20 16:00:00,851.8
2024-02-21 06:00:00,849.9
2024-02-21 08:00:00,849.0
2024-02-21 09:00:00,849.6999999999999
2024-02-21 10:00:00,852.3
2024-02-21 11:00:00,852.0
2024-02-21 12:00:00,849.6999999999999
2024-02-21 13:00:00,848.5
2024-02-21 14:00:00,846.4
2024-02-21 15:00:00,847.4
2024-02-21 16:00:00,850.1999999999999
2024-02-22 06:00:00,874.9
2024-02-22 07:00:00,862.0
2024-02-22 08:00:00,877.1999999999999
2024-02-22 09:00:00,873.1999999999999
2024-02-22 10:00:00,870.3
2024-02-22 11:00:00,872.8
2024-02-22 12:00:00,875.1999999999999
2024-02-22 13:00:00,876.5999999999999
2024-02-22 14:00:00,880.5999999999999
2024-02-22 15:00:00,874.0999999999999
2024-02-22 16:00:00,875.0999999999999
2024-02-23 06:00:00,872.9
2024-02-23 08:00:00,873.5999999999999
2024-02-23 09:00:00,874.6999999999999
2024-02-23 10:00:00,876.4
2024-02-23 11:00:00,877.6999999999999
2024-02-23 12:00:00,877.8
2024-02-23 13:00:00,879.1999999999999
2024-02-23 14:00:00,875.8
2024-02-23 15:00:00,872.8
2024-02-23 16:00:00,872.3
2024-02-26 06:00:00,876.1999999999999
2024-02-26 08:00:00,873.8
2024-02-26 09:00:00,873.5999999999999
2024-02-26 10:00:00,874.6999999999999
2024-02-26 11:00:00,875.8
2024-02-26 12:00:00,874.5
2024-02-26 13:00:00,875.9
2024-02-26 14:00:00,875.0999999999999
2024-02-26 15:00:00,878.0
2024-02-26 16:00:00,876.0999999999999
2024-02-27 06:00:00,886.0
2024-02-27 08:00:00,878.0
2024-02-27 09:00:00,881.3
2024-02-27 10:00:00,884.6999999999999
2024-02-27 11:00:00,884.0
2024-02-27 12:00:00,883.3
2024-02-27 13:00:00,880.5
2024-02-27 14:00:00,883.4
2024-02-27 15:00:00,886.1999999999999
2024-02-27 16:00:00,885.0999999999999
2024-02-28 06:00:00,873.4
2024-02-28 08:00:00,878.6999999999999
2024-02-28 09:00:00,874.1999999999999
2024-02-28 10:00:00,875.5999999999999
2024-02-28 11:00:00,877.0
2024-02-28 12:00:00,875.4
2024-02-28 13:00:00,873.1999999999999
2024-02-28 14:00:00,871.0
2024-02-28 15:00:00,871.3
2024-02-28 16:00:00,873.1999999999999
2024-02-29 06:00:00,872.5
2024-02-29 08:00:00,870.0
2024-02-29 09:00:00,867.5999999999999
2024-02-29 10:00:00,865.6999999999999
2024-02-29 11:00:00,867.8
2024-02-29 12:00:00,866.5
2024-02-29 13:00:00,869.5
2024-02-29 14:00:00,873.9
2024-02-29 15:00:00,871.5
2024-02-29 16:00:00,869.4
2024-03-01 06:00:00,883.3
2024-03-01 08:00:00,873.8
2024-03-01 09:00:00,876.0999999999999
2024-03-01 10:00:00,872.1999999999999
2024-03-01 11:00:00,875.0
2024-03-01 12:00:00,875.4
2024-03-01 13:00:00,875.8
2024-03-01 14:00:00,877.4
2024-03-01 15:00:00,881.6999999999999
2024-03-01 16:00:00,882.6999999999999
2024-03-01 20:00:00,889.5999999999999
2024-03-04 06:00:00,890.5999999999999
2024-03-04 08:00:00,892.5
2024-03-04 09:00:00,891.5
2024-03-04 10:00:00,889.1999999999999
2024-03-04 11:00:00,889.6999999999999
2024-03-04 12:00:00,893.0999999999999
2024-03-04 13:00:00,892.8
2024-03-04 14:00:00,887.4
2024-03-04 15:00:00,889.6999999999999
2024-03-04 16:00:00,890.0999999999999
2024-03-04 17:00:00,891.3
2024-03-05 06:00:00,876.0
2024-03-05 08:00:00,885.9
2024-03-05 09:00:00,886.9
2024-03-05 10:00:00,884.6999999999999
2024-03-05 11:00:00,884.6999999999999
2024-03-05 12:00:00,885.1999999999999
2024-03-05 13:00:00,885.5999999999999
2024-03-05 14:00:00,878.9
2024-03-05 15:00:00,874.3
2024-03-05 16:00:00,876.0
2024-03-06 06:00:00,887.3
2024-03-06 08:00:00,879.5999999999999
2024-03-06 09:00:00,883.5
2024-03-06 10:00:00,881.9
2024-03-06 11:00:00,880.6999999999999
2024-03-06 12:00:00,881.4
2024-03-06 13:00:00,881.4
2024-03-06 14:00:00,882.5
2024-03-06 15:00:00,886.5999999999999
2024-03-06 16:00:00,888.0
2024-03-07 06:00:00,906.5999999999999
2024-03-07 08:00:00,887.9
2024-03-07 09:00:00,890.0999999999999
2024-03-07 10:00:00,893.5999999999999
2024-03-07 11:00:00,894.4
2024-03-07 13:00:00,901.0
2024-03-07 14:00:00,901.1999999999999
2024-03-07 15:00:00,905.5
2024-03-07 16:00:00,906.0999999999999
2024-03-08 06:00:00,892.9
2024-03-08 08:00:00,903.3
2024-03-08 09:00:00,906.0999999999999
2024-03-08 10:00:00,905.0
2024-03-08 11:00:00,902.9
2024-03-08 12:00:00,902.0
2024-03-08 13:00:00,903.6999999999999
2024-03-08 14:00:00,900.0999999999999
2024-03-08 15:00:00,901.0
2024-03-08 16:00:00,892.1999999999999
2024-03-08 17:00:00,888.3
2024-03-11 05:00:00,873.4
2024-03-11 15:00:00,873.6999999999999
2024-03-12 05:00:00,886.5
2024-03-12 08:00:00,877.1999999999999
2024-03-12 09:00:00,877.9
2024-03-12 10:00:00,875.3
2024-03-12 11:00:00,877.0
2024-03-12 12:00:00,882.6
2024-03-12 13:00:00,880.6
2024-03-12 16:00:00,886.3
2024-03-13 05:00:00,881.6999999999999
2024-03-13 08:00:00,887.9
2024-03-13 09:00:00,890.0
2024-03-13 10:00:00,892.8
2024-03-13 11:00:00,891.5
2024-03-13 12:00:00,888.4
2024-03-13 13:00:00,884.3
2024-03-13 14:00:00,883.8
2024-03-13 15:00:00,882.0
2024-03-13 16:00:00,881.6
2024-03-14 05:00:00,875.9
2024-03-14 08:00:00,880.9
2024-03-14 09:00:00,879.6999999999999
2024-03-14 10:00:00,879.3
2024-03-14 11:00:00,878.9
2024-03-14 12:00:00,880.4
2024-03-14 13:00:00,877.3
2024-03-14 14:00:00,874.6999999999999
2024-03-14 15:00:00,875.0
2024-03-14 16:00:00,875.5
2024-03-15 05:00:00,863.6999999999999
2024-03-15 08:00:00,870.4
2024-03-15 09:00:00,871.6999999999999
2024-03-15 10:00:00,871.8
2024-03-15 11:00:00,873.3
2024-03-15 12:00:00,871.4
2024-03-15 13:00:00,864.8
2024-03-15 14:00:00,866.6
2024-03-15 15:00:00,864.6999999999999
2024-03-15 16:00:00,860.6999999999999
2024-03-18 05:00:00,863.1999999999999
2024-03-18 08:00:00,864.4
2024-03-18 09:00:00,864.5
2024-03-18 10:00:00,864.3
2024-03-18 11:00:00,864.3
2024-03-18 12:00:00,863.6
2024-03-18 13:00:00,864.1
2024-03-18 14:00:00,862.0
2024-03-18 15:00:00,861.4
2024-03-18 16:00:00,862.9
2024-03-19 05:00:00,858.6999999999999
2024-03-19 08:00:00,860.5
2024-03-19 09:00:00,858.1999999999999
2024-03-19 10:00:00,858.3
2024-03-19 11:00:00,857.3
2024-03-19 12:00:00,858.5
2024-03-19 13:00:00,853.4
2024-03-19 14:00:00,854.3
2024-03-19 15:00:00,856.8
2024-03-19 16:00:00,862.9
2024-03-20 05:00:00,859.4
2024-03-20 08:00:00,859.1
2024-03-20 09:00:00,860.6999999999999
2024-03-20 10:00:00,862.6
2024-03-20 11:00:00,865.6999999999999
2024-03-20 12:00:00,863.1
2024-03-20 13:00:00,862.1999999999999
2024-03-20 14:00:00,859.1999999999999
2024-03-20 15:00:00,858.9
2024-03-20 16:00:00,859.3
2024-03-21 05:00:00,885.6
2024-03-21 08:00:00,879.4
2024-03-21 09:00:00,877.9
2024-03-21 10:00:00,875.4
2024-03-21 11:00:00,879.4
2024-03-21 12:00:00,881.6999999999999
2024-03-21 13:00:00,878.0
2024-03-21 14:00:00,879.1
2024-03-21 15:00:00,884.8
2024-03-21 16:00:00,881.9
2024-03-22 05:00:00,879.3
2024-03-22 07:00:00,885.9
2024-03-22 08:00:00,877.9
2024-03-22 09:00:00,876.6
2024-03-22 10:00:00,876.1
2024-03-22 11:00:00,873.0
2024-03-22 12:00:00,874.1
2024-03-22 13:00:00,876.8
2024-03-22 14:00:00,875.1999999999999
2024-03-22 15:00:00,879.4
2024-03-22 16:00:00,879.6
2024-03-25 05:00:00,878.0
2024-03-25 08:00:00,879.5
2024-03-25 09:00:00,878.6
2024-03-25 10:00:00,876.1999999999999
2024-03-25 11:00:00,874.5
2024-03-25 13:00:00,876.6
2024-03-25 14:00:00,879.4
2024-03-25 15:00:00,878.4
2024-03-25 16:00:00,878.1
2024-03-26 05:00:00,881.0
2024-03-26 08:00:00,876.4
2024-03-26 09:00:00,879.1999999999999
2024-03-26 10:00:00,883.0
2024-03-26 11:00:00,883.6999999999999
2024-03-26 12:00:00,880.4
2024-03-26 13:00:00,881.6
2024-03-26 14:00:00,880.1
2024-03-26 15:00:00,881.5
2024-03-26 16:00:00,881.1999999999999
2024-03-26 17:00:00,876.9
2024-03-27 05:00:00,875.8
2024-03-27 08:00:00,880.5
2024-03-27 09:00:00,879.4
2024-03-27 10:00:00,882.6
2024-03-27 11:00:00,881.6999999999999
2024-03-27 13:00:00,878.4
2024-03-27 14:00:00,876.6999999999999
2024-03-27 15:00:00,874.9
2024-03-27 16:00:00,878.6
2024-03-28 05:00:00,873.0
2024-03-28 08:00:00,874.8
2024-03-28 09:00:00,875.4
2024-03-28 10:00:00,874.8
2024-03-28 11:00:00,875.5
2024-03-28 12:00:00,875.0
2024-03-28 13:00:00,875.9
2024-03-28 14:00:00,874.6999999999999
2024-03-28 15:00:00,874.1999999999999
2024-03-28 16:00:00,873.6999999999999
2024-04-02 05:00:00,867.1
2024-04-02 07:00:00,885.1999999999999
2024-04-02 08:00:00,883.3
2024-04-02 09:00:00,881.5
2024-04-02 10:00:00,879.1999999999999
2024-04-02 11:00:00,878.6
2024-04-02 12:00:00,875.6999999999999
2024-04-02 13:00:00,866.3
2024-04-02 14:00:00,866.4
2024-04-02 15:00:00,864.9
2024-04-03 05:00:00,872.1
2024-04-03 07:00:00,867.6
2024-04-03 08:00:00,867.8
2024-04-03 09:00:00,868.6999999999999
2024-04-03 10:00:00,865.6
2024-04-03 11:00:00,869.3
2024-04-03 12:00:00,867.5
2024-04-03 13:00:00,866.6
2024-04-03 14:00:00,871.8
2024-04-03 15:00:00,872.3
2024-04-03 19:00:00,861.9
2024-04-04 05:00:00,871.8
2024-04-04 06:00:00,871.8
2024-04-04 07:00:00,870.6
2024-04-04 08:00:00,870.8
2024-04-04 09:00:00,869.1
2024-04-04 10:00:00,870.1
2024-04-04 11:00:00,868.5
2024-04-04 12:00:00,871.9
2024-04-04 13:00:00,871.0
2024-04-04 14:00:00,872.6999999999999
2024-04-04 15:00:00,870.3
2024-04-05 05:00:00,869.1
2024-04-05 07:00:00,862.1
2024-04-05 08:00:00,858.4
2024-04-05 09:00:00,860.6999999999999
2024-04-05 10:00:00,860.5
2024-04-05 11:00:00,862.0
2024-04-05 12:00:00,865.6999999999999
2024-04-05 13:00:00,868.0
2024-04-05 14:00:00,870.8
2024-04-05 15:00:00,869.9
2024-04-08 05:00:00,874.9
2024-04-08 07:00:00,873.4
2024-04-08 08:00:00,869.9
2024-04-08 09:00:00,872.1999999999999
2024-04-08 10:00:00,870.6
2024-04-08 11:00:00,872.5
2024-04-08 12:00:00,873.1
2024-04-08 13:00:00,873.6
2024-04-08 14:00:00,877.0
2024-04-08 15:00:00,874.9
2024-04-08 16:00:00,871.9
2024-04-09 05:00:00,866.4
2024-04-09 06:00:00,872.1999999999999
2024-04-09 07:00:00,868.9
2024-04-09 08:00:00,869.0
2024-04-09 09:00:00,869.9
2024-04-09 10:00:00,867.3
2024-04-09 11:00:00,872.9
2024-04-09 12:00:00,874.1999999999999
2024-04-09 13:00:00,872.9
2024-04-09 14:00:00,864.4
2024-04-09 15:00:00,864.6999999999999
2024-04-10 05:00:00,870.0
2024-04-10 07:00:00,878.1999999999999
2024-04-10 08:00:00,877.8
2024-04-10 09:00:00,871.9
2024-04-10 10:00:00,872.9
2024-04-10 11:00:00,877.0
2024-04-10 12:00:00,859.8
2024-04-10 13:00:00,869.0
2024-04-10 14:00:00,869.5
2024-04-10 15:00:00,870.1999999999999
2024-04-11 05:00:00,866.3
2024-04-11 07:00:00,869.6999999999999
2024-04-11 08:00:00,869.1
2024-04-11 09:00:00,865.0
2024-04-11 10:00:00,862.9
2024-04-11 11:00:00,862.4
2024-04-11 12:00:00,869.6
2024-04-11 13:00:00,865.6999999999999
2024-04-11 14:00:00,862.9
2024-04-11 15:00:00,866.4
2024-04-12 05:00:00,860.3
2024-04-12 07:00:00,879.1999999999999
2024-04-12 08:00:00,875.6999999999999
2024-04-12 09:00:00,872.8
2024-04-12 10:00:00,871.3
2024-04-12 11:00:00,870.1999999999999
2024-04-12 12:00:00,864.0
2024-04-12 13:00:00,865.4
2024-04-12 14:00:00,857.9
2024-04-12 15:00:00,860.4
2024-04-15 05:00:00,861.8
2024-04-15 07:00:00,866.6
2024-04-15 08:00:00,870.4
2024-04-15 09:00:00,872.4
2024-04-15 10:00:00,871.8
2024-04-15 11:00:00,872.5
2024-04-15 12:00:00,875.3
2024-04-15 13:00:00,873.6
2024-04-15 14:00:00,864.1
2024-04-15 15:00:00,861.4
2024-04-15 17:00:00,853.9
2024-04-16 05:00:00,855.8
2024-04-16 07:00:00,851.1999999999999
2024-04-16 08:00:00,849.1
2024-04-16 09:00:00,848.1
2024-04-16 10:00:00,849.1
2024-04-16 11:00:00,853.1
2024-04-16 12:00:00,853.5
2024-04-16 13:00:00,853.6999999999999
2024-04-16 14:00:00,853.3
2024-04-16 15:00:00,859.0
2024-04-16 17:00:00,859.4
2024-04-17 05:00:00,835.1
2024-04-17 07:00:00,847.4
2024-04-17 08:00:00,844.5
2024-04-17 09:00:00,845.3
2024-04-17 10:00:00,846.8
2024-04-17 11:00:00,842.0
2024-04-17 12:00:00,844.3
2024-04-17 13:00:00,837.8
2024-04-17 14:00:00,834.3
2024-04-17 15:00:00,831.4
2024-04-17 16:00:00,830.4
2024-04-17 17:00:00,830.3
2024-04-18 05:00:00,826.5
2024-04-18 07:00:00,829.9
2024-04-18 08:00:00,833.6
2024-04-18 09:00:00,832.8
2024-04-18 10:00:00,832.9
2024-04-18 11:00:00,830.8
2024-04-18 12:00:00,825.6999999999999
2024-04-18 13:00:00,824.1999999999999
2024-04-18 14:00:00,824.8
2024-04-18 15:00:00,825.5
2024-04-19 05:00:00,811.6999999999999
2024-04-19 07:00:00,818.1
2024-04-19 08:00:00,815.9
2024-04-19 09:00:00,818.6999999999999
2024-04-19 10:00:00,817.6999999999999
2024-04-19 11:00:00,818.4
2024-04-19 12:00:00,819.5
2024-04-19 13:00:00,817.3
2024-04-19 14:00:00,813.9
2024-04-19 15:00:00,809.1
2024-04-22 05:00:00,811.1999999999999
2024-04-22 07:00:00,814.3
2024-04-22 08:00:00,816.3
2024-04-22 09:00:00,816.6
2024-04-22 10:00:00,816.0
2024-04-22 11:00:00,815.0
2024-04-22 12:00:00,815.9
2024-04-22 13:00:00,816.4
2024-04-22 14:00:00,812.5
2024-04-22 15:00:00,812.9
2024-04-23 05:00:00,832.5
2024-04-23 06:00:00,820.5
2024-04-23 07:00:00,826.3
2024-04-23 08:00:00,826.3
2024-04-23 09:00:00,825.6999999999999
2024-04-23 10:00:00,828.1999999999999
2024-04-23 11:00:00,826.5
2024-04-23 12:00:00,826.6999999999999
2024-04-23 13:00:00,826.4
2024-04-23 14:00:00,831.9
2024-04-23 15:00:00,830.1
2024-04-24 05:00:00,843.0
2024-04-24 07:00:00,853.3
2024-04-24 08:00:00,850.4
2024-04-24 09:00:00,851.1999999999999
2024-04-24 10:00:00,852.1
2024-04-24 11:00:00,852.6
2024-04-24 12:00:00,852.9
2024-04-24 13:00:00,849.6
2024-04-24 14:00:00,845.5
2024-04-24 15:00:00,842.1999999999999
2024-04-24 16:00:00,838.1999999999999
2024-04-24 17:00:00,841.9
2024-04-25 05:00:00,834.3
2024-04-25 07:00:00,836.6999999999999
2024-04-25 08:00:00,839.1
2024-04-25 09:00:00,840.0
2024-04-25 10:00:00,835.1
2024-04-25 11:00:00,838.1
2024-04-25 12:00:00,830.8
2024-04-25 13:00:00,830.1
2024-04-25 14:00:00,832.4
2024-04-25 15:00:00,834.6
2024-04-25 16:00:00,836.0
2024-04-26 05:00:00,850.9
2024-04-26 07:00:00,846.8
2024-04-26 08:00:00,847.0
2024-04-26 09:00:00,847.1999999999999
2024-04-26 10:00:00,847.4
2024-04-26 11:00:00,847.1
2024-04-26 12:00:00,846.1999999999999
2024-04-26 13:00:00,851.6
2024-04-26 14:00:00,851.6999999999999
2024-04-26 15:00:00,850.5
2024-04-29 05:00:00,843.3
2024-04-29 07:00:00,848.9
2024-04-29 08:00:00,849.4
2024-04-29 09:00:00,846.1
2024-04-29 10:00:00,846.0
2024-04-29 11:00:00,846.1999999999999
2024-04-29 12:00:00,845.6999999999999
2024-04-29 13:00:00,842.1
2024-04-29 14:00:00,843.9
2024-04-29 15:00:00,843.6
2024-04-30 05:00:00,832.3
2024-04-30 07:00:00,839.1999999999999
2024-04-30 08:00:00,838.6
2024-04-30 09:00:00,837.6999999999999
2024-04-30 10:00:00,839.8
2024-04-30 11:00:00,839.1999999999999
2024-04-30 12:00:00,836.4
2024-04-30 13:00:00,838.1999999999999
2024-04-30 14:00:00,836.1999999999999
2024-04-30 15:00:00,832.8
2024-04-30 16:00:00,832.6999999999999
2024-05-02 05:00:00,823.8
2024-05-02 07:00:00,823.9
2024-05-02 08:00:00,824.4
2024-05-02 09:00:00,824.6999999999999
2024-05-02 10:00:00,826.8
2024-05-02 11:00:00,828.9
2024-05-02 12:00:00,827.3
2024-05-02 13:00:00,825.1999999999999
2024-05-02 14:00:00,823.1
2024-05-02 15:00:00,823.5
2024-05-03 05:00:00,835.6999999999999
2024-05-03 07:00:00,829.0
2024-05-03 08:00:00,831.1
2024-05-03 09:00:00,832.0
2024-05-03 10:00:00,832.5
2024-05-03 11:00:00,830.1999999999999
2024-05-03 12:00:00,837.6
2024-05-03 13:00:00,838.8
2024-05-03 14:00:00,836.0
2024-05-03 15:00:00,835.6999999999999
2024-05-03 16:00:00,836.9
2024-05-06 05:00:00,845.4
2024-05-06 07:00:00,838.3
2024-05-06 08:00:00,838.0
2024-05-06 09:00:00,841.6
2024-05-06 10:00:00,842.6999999999999
2024-05-06 11:00:00,844.1
2024-05-06 12:00:00,843.9
2024-05-06 13:00:00,844.5
2024-05-06 14:00:00,844.0
2024-05-06 15:00:00,845.3
2024-05-06 16:00:00,845.3
2024-05-07 05:00:00,860.4
2024-05-07 07:00:00,848.9
2024-05-07 08:00:00,853.9
2024-05-07 09:00:00,855.6
2024-05-07 10:00:00,857.0
2024-05-07 11:00:00,856.1999999999999
2024-05-07 12:00:00,858.6
2024-05-07 13:00:00,855.8
2024-05-07 14:00:00,858.9
2024-05-07 15:00:00,860.8
2024-05-07 16:00:00,858.9
2024-05-07 17:00:00,858.9
2024-05-08 05:00:00,858.6
2024-05-08 07:00:00,859.3
2024-05-08 08:00:00,860.4
2024-05-08 09:00:00,860.0
2024-05-08 10:00:00,859.1
2024-05-08 11:00:00,858.4
2024-05-08 12:00:00,855.6999999999999
2024-05-08 13:00:00,859.8
2024-05-08 14:00:00,861.3
2024-05-08 15:00:00,859.1
2024-05-09 05:00:00,863.3
2024-05-09 07:00:00,859.5
2024-05-09 08:00:00,859.6999999999999
2024-05-09 09:00:00,859.4
2024-05-09 10:00:00,858.8
2024-05-09 11:00:00,860.9
2024-05-09 12:00:00,863.1999999999999
2024-05-09 13:00:00,862.1999999999999
2024-05-09 14:00:00,863.5
2024-05-09 15:00:00,863.6999999999999
2024-05-10 05:00:00,871.1
2024-05-10 07:00:00,865.9
2024-05-10 08:00:00,868.6999999999999
2024-05-10 09:00:00,869.5
2024-05-10 10:00:00,868.6999999999999
2024-05-10 11:00:00,867.9
2024-05-10 12:00:00,870.0
2024-05-10 13:00:00,872.9
2024-05-10 14:00:00,870.8
2024-05-10 15:00:00,870.3
2024-05-10 16:00:00,873.0
2024-05-13 05:00:00,868.0
2024-05-13 07:00:00,869.9
2024-05-13 08:00:00,869.1999999999999
2024-05-13 09:00:00,868.1
2024-05-13 10:00:00,868.3
2024-05-13 11:00:00,869.6999999999999
2024-05-13 12:00:00,869.5
2024-05-13 13:00:00,868.1
2024-05-13 14:00:00,868.6
2024-05-13 15:00:00,868.6999999999999
2024-05-14 05:00:00,870.1
2024-05-14 07:00:00,867.9
2024-05-14 08:00:00,870.4
2024-05-14 09:00:00,869.6999999999999
2024-05-14 10:00:00,870.5
2024-05-14 11:00:00,869.6999999999999
2024-05-14 12:00:00,869.3
2024-05-14 13:00:00,871.4
2024-05-14 14:00:00,869.4
2024-05-14 15:00:00,869.1999999999999
2024-05-14 16:00:00,869.3
2024-05-15 05:00:00,879.5
2024-05-15 07:00:00,872.3
2024-05-15 08:00:00,874.5
2024-05-15 09:00:00,873.1999999999999
2024-05-15 10:00:00,870.5
2024-05-15 11:00:00,872.0
2024-05-15 12:00:00,875.1
2024-05-15 13:00:00,875.0
2024-05-15 14:00:00,877.3
2024-05-15 15:00:00,880.1
2024-05-16 05:00:00,881.1999999999999
2024-05-16 07:00:00,883.1999999999999
2024-05-16 08:00:00,881.0
2024-05-16 09:00:00,884.4
2024-05-16 10:00:00,886.0
2024-05-16 11:00:00,884.8
2024-05-16 12:00:00,883.0
2024-05-16 13:00:00,883.1999999999999
2024-05-16 14:00:00,882.1
2024-05-16 15:00:00,879.0
2024-05-16 16:00:00,878.0
2024-05-17 05:00:00,876.3
2024-05-17 07:00:00,871.6999999999999
2024-05-17 08:00:00,870.1
2024-05-17 09:00:00,872.4
2024-05-17 10:00:00,872.5
2024-05-17 11:00:00,872.6999999999999
2024-05-17 12:00:00,873.8
2024-05-17 13:00:00,873.6999999999999
2024-05-17 14:00:00,877.1
2024-05-17 15:00:00,879.6999999999999
2024-05-17 16:00:00,879.0
2024-05-20 05:00:00,883.8
2024-05-20 07:00:00,876.1
2024-05-20 08:00:00,876.3
2024-05-20 09:00:00,877.6999999999999
2024-05-20 11:00:00,879.3
2024-05-20 12:00:00,878.8
2024-05-20 13:00:00,882.3
2024-05-20 14:00:00,882.6
2024-05-20 15:00:00,881.8
2024-05-21 05:00:00,878.5
2024-05-21 07:00:00,882.6999999999999
2024-05-21 08:00:00,880.3
2024-05-21 09:00:00,879.6999999999999
2024-05-21 10:00:00,880.3
2024-05-21 11:00:00,880.8
2024-05-21 12:00:00,878.0
2024-05-21 13:00:00,874.6999999999999
2024-05-21 14:00:00,878.5
2024-05-21 15:00:00,879.9
2024-05-22 05:00:00,884.1999999999999
2024-05-22 07:00:00,879.1999999999999
2024-05-22 08:00:00,879.6999999999999
2024-05-22 09:00:00,880.0
2024-05-22 10:00:00,878.9
2024-05-22 11:00:00,884.1
2024-05-22 12:00:00,884.6
2024-05-22 13:00:00,883.9
2024-05-22 14:00:00,883.3
2024-05-22 15:00:00,882.5
2024-05-22 16:00:00,883.1999999999999
2024-05-23 05:00:00,892.8
2024-05-23 07:00:00,894.6
2024-05-23 08:00:00,894.6
2024-05-23 09:00:00,895.1
2024-05-23 10:00:00,895.1
2024-05-23 11:00:00,896.8
2024-05-23 12:00:00,898.6
2024-05-23 13:00:00,893.6
2024-05-23 14:00:00,890.4
2024-05-23 15:00:00,893.3
2024-05-23 16:00:00,894.6999999999999
2024-05-24 05:00:00,890.1999999999999
2024-05-24 07:00:00,883.3
2024-05-24 08:00:00,885.6
2024-05-24 09:00:00,885.6999999999999
2024-05-24 10:00:00,886.8
2024-05-24 11:00:00,885.5
2024-05-24 12:00:00,885.1
2024-05-24 13:00:00,885.0
2024-05-24 14:00:00,887.9
2024-05-24 15:00:00,891.9
2024-05-27 05:00:00,890.9
2024-05-27 07:00:00,889.0
2024-05-27 08:00:00,890.6999999999999
2024-05-27 09:00:00,890.0
2024-05-27 10:00:00,889.6
2024-05-27 11:00:00,889.6999999999999
2024-05-27 12:00:00,889.6999999999999
2024-05-27 13:00:00,888.5
2024-05-27 14:00:00,890.6999999999999
2024-05-27 15:00:00,894.6
2024-05-28 05:00:00,890.3
2024-05-28 07:00:00,894.9
2024-05-28 08:00:00,895.6999999999999
2024-05-28 09:00:00,895.1
2024-05-28 10:00:00,894.3
2024-05-28 11:00:00,894.5
2024-05-28 12:00:00,891.6999999999999
2024-05-28 13:00:00,888.6
2024-05-28 14:00:00,891.0
2024-05-28 15:00:00,890.9
2024-05-29 05:00:00,880.6
2024-05-29 07:00:00,887.6999999999999
2024-05-29 08:00:00,888.6
2024-05-29 09:00:00,885.4
2024-05-29 10:00:00,884.5
2024-05-29 11:00:00,882.1
2024-05-29 12:00:00,878.6
2024-05-29 13:00:00,879.6
2024-05-29 14:00:00,880.4
2024-05-29 15:00:00,881.1
2024-05-30 05:00:00,873.3
2024-05-30 07:00:00,871.6999999999999
2024-05-30 08:00:00,873.1999999999999
2024-05-30 09:00:00,872.6999999999999
2024-05-30 10:00:00,872.9
2024-05-30 11:00:00,873.6999999999999
2024-05-30 12:00:00,876.4
2024-05-30 13:00:00,876.1
2024-05-30 14:00:00,872.0
2024-05-30 15:00:00,871.3
2024-05-31 05:00:00,859.6
2024-05-31 07:00:00,863.6999999999999
2024-05-31 08:00:00,861.8
2024-05-31 09:00:00,864.0
2024-05-31 10:00:00,862.9
2024-05-31 11:00:00,864.5
2024-05-31 12:00:00,868.5
2024-05-31 13:00:00,869.5
2024-05-31 14:00:00,861.3
2024-05-31 15:00:00,861.6
2024-06-03 05:00:00,867.6999999999999
2024-06-03 07:00:00,868.1
2024-06-03 08:00:00,870.4
2024-06-03 09:00:00,869.1
2024-06-03 10:00:00,869.6
2024-06-03 11:00:00,870.6999999999999
2024-06-03 12:00:00,873.1999999999999
2024-06-03 13:00:00,873.6
2024-06-03 14:00:00,866.8
2024-06-03 15:00:00,868.9
2024-06-04 05:00:00,867.8
2024-06-04 07:00:00,869.5
2024-06-04 08:00:00,866.3
2024-06-04 09:00:00,864.9
2024-06-04 10:00:00,865.6999999999999
2024-06-04 11:00:00,869.4
2024-06-04 12:00:00,869.9
2024-06-04 13:00:00,870.9
2024-06-04 14:00:00,868.4
2024-06-04 15:00:00,866.9
2024-06-05 05:00:00,898.1
2024-06-05 07:00:00,875.6
2024-06-05 08:00:00,879.6
2024-06-05 09:00:00,881.5
2024-06-05 10:00:00,882.1999999999999
2024-06-05 11:00:00,885.0
2024-06-05 12:00:00,890.4
2024-06-05 13:00:00,893.1
2024-06-05 14:00:00,897.1999999999999
2024-06-05 15:00:00,898.0
2024-06-06 05:00:00,908.1999999999999
2024-06-06 07:00:00,915.1999999999999
2024-06-06 08:00:00,913.0
2024-06-06 09:00:00,911.1999999999999
2024-06-06 10:00:00,911.6999999999999
2024-06-06 11:00:00,913.8
2024-06-06 12:00:00,908.6
2024-06-06 13:00:00,907.6
2024-06-06 14:00:00,909.1999999999999
2024-06-06 15:00:00,908.8
2024-06-07 05:00:00,912.8
2024-06-07 07:00:00,913.6
2024-06-07 08:00:00,912.1999999999999
2024-06-07 09:00:00,913.0
2024-06-07 10:00:00,911.0
2024-06-07 11:00:00,911.1999999999999
2024-06-07 12:00:00,907.8
2024-06-07 13:00:00,910.5
2024-06-07 14:00:00,913.8
2024-06-07 15:00:00,913.4
2024-06-10 05:00:00,910.5
2024-06-10 07:00:00,907.4
2024-06-10 08:00:00,902.4
2024-06-10 09:00:00,900.1
2024-06-10 11:00:00,903.6
2024-06-10 12:00:00,902.3
2024-06-10 13:00:00,904.3
2024-06-10 14:00:00,908.9
2024-06-10 15:00:00,911.6999999999999
2024-06-10 16:00:00,910.4
2024-06-11 05:00:00,905.8
2024-06-12 05:00:00,927.3
2024-06-13 05:00:00,911.0
2024-06-14 05:00:00,896.5
2024-06-14 09:00:00,903.4
2024-06-14 10:00:00,898.5999999999999
2024-06-14 13:00:00,898.0999999999999
2024-06-17 05:00:00,900.9
2024-06-17 09:00:00,903.8
2024-06-17 10:00:00,902.5999999999999
2024-06-17 17:00:00,906.4
2024-06-18 05:00:00,906.3
2024-06-18 07:00:00,907.1999999999999
2024-06-18 09:00:00,903.0
2024-06-18 11:00:00,902.9
2024-06-18 12:00:00,904.0
2024-06-18 13:00:00,901.0999999999999
2024-06-18 14:00:00,907.0999999999999
2024-06-18 15:00:00,906.5
2024-06-19 05:00:00,897.1999999999999
2024-06-19 07:00:00,905.8
2024-06-19 08:00:00,903.1999999999999
2024-06-19 10:00:00,900.3
2024-06-19 11:00:00,900.4
2024-06-19 12:00:00,900.4
2024-06-19 13:00:00,899.8
2024-06-19 14:00:00,897.1999999999999
2024-06-19 15:00:00,897.5
2024-06-20 05:00:00,911.0999999999999
2024-06-20 07:00:00,905.5999999999999
2024-06-20 08:00:00,906.6999999999999
2024-06-20 09:00:00,908.1999999999999
2024-06-20 11:00:00,908.5999999999999
2024-06-20 14:00:00,909.0999999999999
2024-06-20 15:00:00,910.6999999999999
2024-06-21 05:00:00,900.9
2024-06-21 07:00:00,907.5999999999999
2024-06-21 08:00:00,902.5
2024-06-21 09:00:00,902.0
2024-06-21 10:00:00,901.0999999999999
2024-06-21 11:00:00,899.4
2024-06-21 12:00:00,899.5999999999999
2024-06-21 13:00:00,895.0
2024-06-21 14:00:00,902.1999999999999
2024-06-21 15:00:00,900.9
2024-06-24 05:00:00,894.4
2024-06-24 07:00:00,899.4
2024-06-24 08:00:00,898.8
2024-06-24 09:00:00,899.1999999999999
2024-06-24 10:00:00,899.4
2024-06-24 11:00:00,899.4
2024-06-24 12:00:00,897.0
2024-06-24 13:00:00,896.8
2024-06-24 14:00:00,893.3
2024-06-24 15:00:00,893.6999999999999
2024-06-24 16:00:00,886.5999999999999
2024-06-24 17:00:00,890.1999999999999
2024-06-25 05:00:00,893.8
2024-06-25 07:00:00,879.8
2024-06-25 08:00:00,885.0999999999999
2024-06-25 09:00:00,887.8
2024-06-25 10:00:00,888.6999999999999
2024-06-25 11:00:00,887.4
2024-06-25 12:00:00,886.9
2024-06-25 13:00:00,890.5
2024-06-25 14:00:00,891.1999999999999
2024-06-25 15:00:00,896.8
2024-06-26 05:00:00,898.4
2024-06-26 07:00:00,908.5
2024-06-26 08:00:00,906.8
2024-06-26 09:00:00,904.0999999999999
2024-06-26 10:00:00,901.3
2024-06-26 11:00:00,900.5
2024-06-26 12:00:00,895.6999999999999
2024-06-26 13:00:00,900.0
2024-06-26 14:00:00,899.1999999999999
2024-06-26 15:00:00,899.5999999999999
2024-06-27 05:00:00,898.3
2024-06-27 07:00:00,899.5999999999999
2024-06-27 08:00:00,898.3
2024-06-27 09:00:00,896.9
2024-06-27 10:00:00,898.0999999999999
2024-06-27 11:00:00,899.0999999999999
2024-06-27 12:00:00,897.8
2024-06-27 13:00:00,898.1999999999999
2024-06-27 14:00:00,898.5
2024-06-27 15:00:00,898.5
2024-06-28 05:00:00,902.3
2024-06-28 07:00:00,901.6999999999999
2024-06-28 08:00:00,902.5
2024-06-28 09:00:00,904.9
2024-06-28 10:00:00,903.9
2024-06-28 11:00:00,901.6999999999999
2024-06-28 12:00:00,900.0
2024-06-28 13:00:00,904.0
2024-06-28 14:00:00,903.5999999999999
2024-06-28 15:00:00,901.5
2024-07-01 05:00:00,894.4
2024-07-01 07:00:00,902.1999999999999
2024-07-01 08:00:00,899.4
2024-07-01 09:00:00,899.1999999999999
2024-07-01 10:00:00,897.5999999999999
2024-07-01 11:00:00,898.5
2024-07-01 12:00:00,900.0999999999999
2024-07-01 13:00:00,894.0999999999999
2024-07-01 14:00:00,892.0999999999999
2024-07-01 15:00:00,891.9
2024-07-01 16:00:00,898.0
2024-07-01 17:00:00,904.9
2024-07-01 18:00:00,904.1999999999999
2024-07-01 19:00:00,903.3
2024-07-02 05:00:00,896.0999999999999
2024-07-02 07:00:00,892.6999999999999
2024-07-02 08:00:00,891.5
2024-07-02 09:00:00,890.1999999999999
2024-07-02 10:00:00,888.6999999999999
2024-07-02 11:00:00,887.5999999999999
2024-07-02 12:00:00,888.0
2024-07-02 13:00:00,895.6999999999999
2024-07-02 14:00:00,896.0
2024-07-02 15:00:00,900.1999999999999
2024-07-02 16:00:00,896.0999999999999
2024-07-02 19:00:00,899.1999999999999
2024-07-03 05:00:00,913.0999999999999
2024-07-03 07:00:00,908.4
2024-07-03 08:00:00,912.6999999999999
2024-07-03 09:00:00,915.0
2024-07-03 10:00:00,914.1999999999999
2024-07-03 11:00:00,913.8
2024-07-03 12:00:00,911.5
2024-07-03 13:00:00,909.8
2024-07-03 14:00:00,911.0999999999999
2024-07-03 15:00:00,912.9
2024-07-04 05:00:00,912.0
2024-07-04 07:00:00,912.1999999999999
2024-07-04 08:00:00,914.9
2024-07-04 09:00:00,914.5
2024-07-04 10:00:00,913.8
2024-07-04 11:00:00,913.1999999999999
2024-07-04 12:00:00,914.0999999999999
2024-07-04 13:00:00,911.6999999999999
2024-07-04 14:00:00,912.0
2024-07-04 15:00:00,912.0
2024-07-05 05:00:00,917.0
2024-07-05 07:00:00,920.3
2024-07-05 08:00:00,920.4
2024-07-05 09:00:00,921.5999999999999
2024-07-05 10:00:00,921.3
2024-07-05 11:00:00,921.6999999999999
2024-07-05 12:00:00,922.3
2024-07-05 13:00:00,917.5
2024-07-05 14:00:00,916.9
2024-07-05 15:00:00,919.0
2024-07-05 16:00:00,919.3
2024-07-08 05:00:00,917.5999999999999
2024-07-08 07:00:00,925.4
2024-07-08 08:00:00,923.5
2024-07-08 09:00:00,923.5999999999999
2024-07-08 10:00:00,920.0
2024-07-08 11:00:00,921.5999999999999
2024-07-08 12:00:00,921.9
2024-07-08 13:00:00,920.0999999999999
2024-07-08 14:00:00,915.4
2024-07-08 15:00:00,916.4
2024-07-08 16:00:00,913.0
2024-07-09 05:00:00,902.1999999999999
2024-07-09 07:00:00,912.1999999999999
2024-07-09 08:00:00,913.1999999999999
2024-07-09 09:00:00,914.4
2024-07-09 10:00:00,912.0
2024-07-09 11:00:00,911.9
2024-07-09 12:00:00,910.0999999999999
2024-07-09 13:00:00,907.0
2024-07-09 14:00:00,902.3
2024-07-09 15:00:00,902.8
2024-07-09 16:00:00,903.4
2024-07-10 05:00:00,911.3
2024-07-10 07:00:00,903.5999999999999
2024-07-10 08:00:00,905.1999999999999
2024-07-10 09:00:00,909.5
2024-07-10 10:00:00,906.9
2024-07-10 11:00:00,907.0
2024-07-10 12:00:00,906.4
2024-07-10 13:00:00,908.8
2024-07-10 14:00:00,909.0999999999999
2024-07-10 15:00:00,911.0999999999999
2024-07-10 16:00:00,911.8
2024-07-11 05:00:00,911.0999999999999
2024-07-11 07:00:00,913.9
2024-07-11 08:00:00,914.6999999999999
2024-07-11 09:00:00,914.5999999999999
2024-07-11 10:00:00,915.8
2024-07-11 11:00:00,916.8
2024-07-11 12:00:00,919.1999999999999
2024-07-11 13:00:00,917.8
2024-07-11 14:00:00,912.0999999999999
2024-07-11 15:00:00,910.6999999999999
2024-07-11 16:00:00,909.9
2024-07-12 05:00:00,925.6999999999999
2024-07-12 07:00:00,906.8
2024-07-12 08:00:00,909.5999999999999
2024-07-12 09:00:00,909.0
2024-07-12 10:00:00,911.6999999999999
2024-07-12 11:00:00,914.4
2024-07-12 12:00:00,913.3
2024-07-12 13:00:00,918.6999999999999
2024-07-12 14:00:00,924.6999999999999
2024-07-12 15:00:00,923.5
2024-07-12 17:00:00,924.0
2024-07-15 05:00:00,915.9
2024-07-15 07:00:00,924.5
2024-07-15 08:00:00,924.4
2024-07-15 09:00:00,924.5999999999999
2024-07-15 10:00:00,924.8
2024-07-15 11:00:00,922.0
2024-07-15 12:00:00,920.4
2024-07-15 13:00:00,916.3
2024-07-15 14:00:00,916.6999999999999
2024-07-15 15:00:00,915.5
2024-07-15 16:00:00,914.1999999999999
2024-07-16 05:00:00,908.8
2024-07-16 07:00:00,908.8
2024-07-16 08:00:00,910.8
2024-07-16 09:00:00,910.1999999999999
2024-07-16 10:00:00,911.3
2024-07-16 11:00:00,910.4
2024-07-16 12:00:00,911.3
2024-07-16 13:00:00,909.0
2024-07-16 14:00:00,907.8
2024-07-16 15:00:00,908.4
2024-07-17 05:00:00,868.3
2024-07-17 07:00:00,888.6999999999999
2024-07-17 08:00:00,886.0999999999999
2024-07-17 09:00:00,880.9
2024-07-17 10:00:00,880.4
2024-07-17 11:00:00,877.5999999999999
2024-07-17 12:00:00,875.8
2024-07-17 13:00:00,872.9
2024-07-17 14:00:00,868.3
2024-07-17 15:00:00,866.8
2024-07-18 05:00:00,852.6999999999999
2024-07-18 07:00:00,855.5
2024-07-18 08:00:00,866.0
2024-07-18 09:00:00,864.6999999999999
2024-07-18 10:00:00,865.3
2024-07-18 11:00:00,868.5
2024-07-18 12:00:00,871.4
2024-07-18 13:00:00,866.5999999999999
2024-07-18 14:00:00,859.8
2024-07-18 15:00:00,854.9
2024-07-18 16:00:00,850.3
2024-07-19 05:00:00,841.9
2024-07-19 07:00:00,846.8
2024-07-19 08:00:00,847.9
2024-07-19 09:00:00,848.1999999999999
2024-07-19 10:00:00,848.1999999999999
2024-07-19 11:00:00,853.0999999999999
2024-07-19 12:00:00,850.8
2024-07-19 13:00:00,848.0999999999999
2024-07-19 14:00:00,844.4
2024-07-19 15:00:00,845.9
2024-07-22 05:00:00,859.0
2024-07-22 07:00:00,850.0999999999999
2024-07-22 08:00:00,853.5
2024-07-22 09:00:00,854.6999999999999
2024-07-22 10:00:00,857.9
2024-07-22 11:00:00,856.6999999999999
2024-07-22 12:00:00,859.0999999999999
2024-07-22 13:00:00,859.5999999999999
2024-07-22 14:00:00,860.3
2024-07-22 15:00:00,858.0
2024-07-23 05:00:00,868.5999999999999
2024-07-23 06:00:00,866.8
2024-07-23 07:00:00,865.5
2024-07-23 08:00:00,868.1999999999999
2024-07-23 09:00:00,872.1999999999999
2024-07-23 10:00:00,872.6999999999999
2024-07-23 11:00:00,873.0999999999999
2024-07-23 12:00:00,869.9
2024-07-23 13:00:00,869.6999999999999
2024-07-23 14:00:00,867.3
2024-07-23 15:00:00,871.5
2024-07-24 05:00:00,848.0999999999999
2024-07-24 07:00:00,863.0
2024-07-24 08:00:00,861.5
2024-07-24 09:00:00,862.0999999999999
2024-07-24 10:00:00,861.8
2024-07-24 11:00:00,860.0
2024-07-24 12:00:00,859.4
2024-07-24 13:00:00,854.0999999999999
2024-07-24 14:00:00,851.5
2024-07-24 15:00:00,850.4
2024-07-24 18:00:00,846.3
2024-07-25 05:00:00,825.8
2024-07-25 07:00:00,825.1999999999999
2024-07-25 08:00:00,828.0
2024-07-25 09:00:00,825.3
2024-07-25 10:00:00,824.8
2024-07-25 11:00:00,823.9
2024-07-25 12:00:00,825.9
2024-07-25 13:00:00,824.0
2024-07-25 14:00:00,826.5
2024-07-25 15:00:00,825.9
2024-07-25 16:00:00,826.5
2024-07-26 05:00:00,831.8
2024-07-26 07:00:00,823.9
2024-07-26 08:00:00,826.0999999999999
2024-07-26 09:00:00,828.6999999999999
2024-07-26 10:00:00,830.5999999999999
2024-07-26 11:00:00,832.1999999999999
2024-07-26 12:00:00,830.5999999999999
2024-07-26 13:00:00,830.8
2024-07-26 14:00:00,833.1999999999999
2024-07-26 15:00:00,832.0
2024-07-29 05:00:00,825.3
2024-07-29 07:00:00,831.6999999999999
2024-07-29 08:00:00,831.6999999999999
2024-07-29 09:00:00,834.5
2024-07-29 10:00:00,835.4
2024-07-29 11:00:00,832.4
2024-07-29 12:00:00,834.1999999999999
2024-07-29 13:00:00,832.9
2024-07-29 14:00:00,827.5999999999999
2024-07-29 15:00:00,824.8
2024-07-30 05:00:00,825.5999999999999
2024-07-30 07:00:00,830.0999999999999
2024-07-30 08:00:00,832.0
2024-07-30 10:00:00,832.6999999999999
2024-07-30 11:00:00,832.0
2024-07-30 12:00:00,833.3
2024-07-30 13:00:00,832.0
2024-07-30 14:00:00,828.6999999999999
2024-07-30 15:00:00,824.6999999999999
2024-07-31 05:00:00,844.6999999999999
2024-07-31 06:00:00,839.0999999999999
2024-07-31 07:00:00,850.3
2024-07-31 08:00:00,847.5999999999999
2024-07-31 09:00:00,845.3
2024-07-31 10:00:00,847.0999999999999
2024-07-31 11:00:00,846.1999999999999
2024-07-31 12:00:00,848.5999999999999
2024-07-31 13:00:00,844.5999999999999
2024-07-31 14:00:00,845.5
2024-07-31 15:00:00,843.0
2024-08-01 05:00:00,828.5999999999999
2024-08-01 07:00:00,844.4
2024-08-01 08:00:00,842.9
2024-08-01 09:00:00,844.3
2024-08-01 10:00:00,844.0
2024-08-01 11:00:00,841.9
2024-08-01 12:00:00,841.0999999999999
2024-08-01 13:00:00,844.1999999999999
2024-08-01 14:00:00,830.8
2024-08-01 15:00:00,827.9
2024-08-02 05:00:00,779.8
2024-08-02 07:00:00,801.9
2024-08-02 08:00:00,801.9
2024-08-02 09:00:00,794.3
2024-08-02 10:00:00,791.0
2024-08-02 11:00:00,793.0999999999999
2024-08-02 12:00:00,788.1999999999999
2024-08-02 13:00:00,782.3
2024-08-02 14:00:00,776.3
2024-08-02 15:00:00,781.4
2024-08-05 05:00:00,771.0
2024-08-05 06:00:00,781.8
2024-08-05 07:00:00,758.3
2024-08-05 08:00:00,757.4
2024-08-05 09:00:00,753.3
2024-08-05 10:00:00,754.6999999999999
2024-08-05 11:00:00,746.8
2024-08-05 12:00:00,747.3
2024-08-05 13:00:00,759.5999999999999
2024-08-05 14:00:00,765.5
2024-08-05 15:00:00,771.1999999999999
2024-08-05 16:00:00,779.6999999999999
2024-08-06 05:00:00,782.9
2024-08-06 07:00:00,781.9
2024-08-06 08:00:00,779.5999999999999
2024-08-06 09:00:00,780.3
2024-08-06 10:00:00,780.1999999999999
2024-08-06 11:00:00,781.3
2024-08-06 12:00:00,778.8
2024-08-06 13:00:00,783.0
2024-08-06 14:00:00,786.1999999999999
2024-08-06 15:00:00,784.0999999999999
2024-08-06 16:00:00,786.3
2024-08-07 05:00:00,799.0
2024-08-07 07:00:00,789.6999999999999
2024-08-07 08:00:00,795.9
2024-08-07 09:00:00,797.9
2024-08-07 10:00:00,798.1999999999999
2024-08-07 11:00:00,796.6999999999999
2024-08-07 12:00:00,798.3
2024-08-07 13:00:00,799.3
2024-08-07 14:00:00,802.9
2024-08-07 15:00:00,797.5999999999999
2024-08-08 05:00:00,796.6999999999999
2024-08-08 07:00:00,784.3
2024-08-08 08:00:00,786.1999999999999
2024-08-08 09:00:00,784.1999999999999
2024-08-08 10:00:00,782.9
2024-08-08 11:00:00,782.9
2024-08-08 12:00:00,789.0
2024-08-08 13:00:00,790.5999999999999
2024-08-08 14:00:00,796.6999999999999
2024-08-08 15:00:00,797.6999999999999
2024-08-08 17:00:00,799.1999999999999
2024-08-08 18:00:00,799.1999999999999
2024-08-09 05:00:00,795.9
2024-08-09 07:00:00,802.9
2024-08-09 08:00:00,805.5999999999999
2024-08-09 09:00:00,804.3
2024-08-09 10:00:00,801.3
2024-08-09 11:00:00,799.1999999999999
2024-08-09 12:00:00,795.9
2024-08-09 13:00:00,794.1999999999999
2024-08-09 14:00:00,797.0
2024-08-09 15:00:00,796.4
2024-08-12 05:00:00,798.4
2024-08-12 07:00:00,801.5999999999999
2024-08-12 08:00:00,799.1999999999999
2024-08-12 09:00:00,800.6999999999999
2024-08-12 10:00:00,799.8
2024-08-12 11:00:00,801.1999999999999
2024-08-12 12:00:00,800.5
2024-08-12 13:00:00,796.0
2024-08-12 14:00:00,801.1999999999999
2024-08-12 15:00:00,801.9
2024-08-13 05:00:00,802.8
2024-08-13 07:00:00,801.5
2024-08-13 08:00:00,800.3
2024-08-13 09:00:00,800.5
2024-08-13 10:00:00,796.0999999999999
2024-08-13 11:00:00,796.9
2024-08-13 12:00:00,799.4
2024-08-13 13:00:00,801.0
2024-08-13 14:00:00,802.3
2024-08-13 15:00:00,803.3
2024-08-14 05:00:00,804.6999999999999
2024-08-14 07:00:00,806.0999999999999
2024-08-14 08:00:00,808.6999999999999
2024-08-14 09:00:00,805.4
2024-08-14 10:00:00,808.6999999999999
2024-08-14 11:00:00,809.0999999999999
2024-08-14 12:00:00,811.0
2024-08-14 13:00:00,804.1999999999999
2024-08-14 14:00:00,804.8
2024-08-14 15:00:00,806.1999999999999
2024-08-15 05:00:00,826.5999999999999
2024-08-15 07:00:00,813.9
2024-08-15 08:00:00,809.6999999999999
2024-08-15 09:00:00,810.0999999999999
2024-08-15 10:00:00,808.4
2024-08-15 11:00:00,811.9
2024-08-15 12:00:00,821.3
2024-08-15 13:00:00,826.5999999999999
2024-08-15 14:00:00,825.8
2024-08-15 15:00:00,827.8
2024-08-16 05:00:00,828.8
2024-08-16 07:00:00,829.6999999999999
2024-08-16 08:00:00,831.1999999999999
2024-08-16 09:00:00,834.3
2024-08-16 10:00:00,830.8
2024-08-16 11:00:00,828.4
2024-08-16 12:00:00,826.4
2024-08-16 13:00:00,828.9
2024-08-16 14:00:00,828.5999999999999
2024-08-16 15:00:00,833.6999999999999
2024-08-19 05:00:00,830.0
2024-08-19 06:00:00,828.1999999999999
2024-08-19 07:00:00,825.5
2024-08-19 08:00:00,825.5
2024-08-19 09:00:00,827.6999999999999
2024-08-19 10:00:00,830.0999999999999
2024-08-19 11:00:00,830.5
2024-08-19 12:00:00,831.5999999999999
2024-08-19 13:00:00,828.1999999999999
2024-08-19 14:00:00,830.5999999999999
2024-08-19 15:00:00,832.3
2024-08-19 16:00:00,833.8
2024-08-20 05:00:00,830.8
2024-08-20 07:00:00,842.0999999999999
2024-08-20 08:00:00,840.0
2024-08-20 09:00:00,838.8
2024-08-20 10:00:00,837.0
2024-08-20 11:00:00,838.4
2024-08-20 12:00:00,836.5
2024-08-20 13:00:00,837.0
2024-08-20 14:00:00,829.9
2024-08-20 15:00:00,829.8
2024-08-20 16:00:00,834.1999999999999
2024-08-21 05:00:00,835.6999999999999
2024-08-21 07:00:00,832.6999999999999
2024-08-21 08:00:00,832.8
2024-08-21 09:00:00,834.1999999999999
2024-08-21 10:00:00,833.3
2024-08-21 11:00:00,836.5
2024-08-21 12:00:00,836.9
2024-08-21 13:00:00,835.8
2024-08-21 14:00:00,834.3
2024-08-21 15:00:00,835.8
2024-08-22 05:00:00,833.4
2024-08-22 07:00:00,837.5
2024-08-22 08:00:00,838.0999999999999
2024-08-22 09:00:00,838.0999999999999
2024-08-22 10:00:00,838.4
2024-08-22 11:00:00,838.9
2024-08-22 12:00:00,838.3
2024-08-22 13:00:00,839.3
2024-08-22 14:00:00,834.8
2024-08-22 15:00:00,832.9
2024-08-22 16:00:00,829.0
2024-08-23 05:00:00,827.0
2024-08-23 07:00:00,827.1999999999999
2024-08-23 08:00:00,827.5
2024-08-23 09:00:00,827.5
2024-08-23 10:00:00,828.1999999999999
2024-08-23 11:00:00,828.6999999999999
2024-08-23 12:00:00,827.9
2024-08-23 13:00:00,826.5
2024-08-23 14:00:00,826.4
2024-08-23 15:00:00,825.8
2024-08-26 05:00:00,818.9
2024-08-26 07:00:00,823.0
2024-08-26 08:00:00,824.6999999999999
2024-08-26 10:00:00,823.3
2024-08-26 11:00:00,822.9
2024-08-26 12:00:00,825.1999999999999
2024-08-26 13:00:00,823.0999999999999
2024-08-26 14:00:00,817.9
2024-08-26 15:00:00,820.4
2024-08-26 16:00:00,819.9
2024-08-27 05:00:00,820.6999999999999
2024-08-27 07:00:00,817.9
2024-08-27 08:00:00,818.5999999999999
2024-08-27 09:00:00,818.5
2024-08-27 10:00:00,816.5999999999999
2024-08-27 11:00:00,819.9
2024-08-27 12:00:00,817.0999999999999
2024-08-27 13:00:00,817.4
2024-08-27 14:00:00,821.6999999999999
2024-08-27 15:00:00,820.5
2024-08-28 05:00:00,820.5
2024-08-28 07:00:00,824.8
2024-08-28 08:00:00,827.3
2024-08-28 09:00:00,826.3
2024-08-28 10:00:00,827.0
2024-08-28 11:00:00,826.6999999999999
2024-08-28 12:00:00,827.0
2024-08-28 13:00:00,825.5
2024-08-28 14:00:00,822.1999999999999
2024-08-28 15:00:00,820.5999999999999
2024-08-29 05:00:00,836.0
2024-08-29 07:00:00,827.5
2024-08-29 08:00:00,828.9
2024-08-29 09:00:00,835.0
2024-08-29 10:00:00,832.6999999999999
2024-08-29 11:00:00,833.9
2024-08-29 12:00:00,834.9
2024-08-29 13:00:00,835.8
2024-08-29 14:00:00,835.4
2024-08-29 15:00:00,837.4
2024-08-30 05:00:00,834.4
2024-08-30 07:00:00,833.6999999999999
2024-08-30 08:00:00,833.8
2024-08-30 09:00:00,834.0999999999999
2024-08-30 10:00:00,835.8
2024-08-30 11:00:00,834.9
2024-08-30 12:00:00,834.5999999999999
2024-08-30 13:00:00,837.3
2024-08-30 14:00:00,834.0999999999999
2024-08-30 15:00:00,834.5999999999999
2024-09-02 05:00:00,837.0
2024-09-02 07:00:00,828.6999999999999
2024-09-02 08:00:00,831.5
2024-09-02 09:00:00,833.9
2024-09-02 10:00:00,832.4
2024-09-02 11:00:00,833.0999999999999
2024-09-02 12:00:00,834.3
2024-09-02 13:00:00,835.3
2024-09-02 14:00:00,835.5999999999999
2024-09-02 15:00:00,836.6999999999999
2024-09-03 05:00:00,817.9
2024-09-03 07:00:00,838.0
2024-09-03 08:00:00,833.1999999999999
2024-09-03 09:00:00,830.0
2024-09-03 10:00:00,831.5
2024-09-03 11:00:00,831.0
2024-09-03 12:00:00,830.0
2024-09-03 13:00:00,823.3
2024-09-03 14:00:00,816.4
2024-09-03 15:00:00,818.4
2024-09-04 05:00:00,791.8
2024-09-04 06:00:00,791.5999999999999
2024-09-04 07:00:00,797.5
2024-09-04 08:00:00,796.5999999999999
2024-09-04 09:00:00,795.9
2024-09-04 10:00:00,793.9
2024-09-04 11:00:00,791.8
2024-09-04 12:00:00,789.9
2024-09-04 13:00:00,792.5999999999999
2024-09-04 14:00:00,794.5
2024-09-04 15:00:00,791.5999999999999
2024-09-05 05:00:00,783.9
2024-09-05 07:00:00,789.4
2024-09-05 08:00:00,786.4
2024-09-05 09:00:00,785.0
2024-09-05 10:00:00,784.0
2024-09-05 11:00:00,782.9
2024-09-05 12:00:00,783.1999999999999
2024-09-05 13:00:00,786.0
2024-09-05 14:00:00,786.5999999999999
2024-09-05 15:00:00,785.6999999999999
2024-09-06 05:00:00,764.0999999999999
2024-09-06 07:00:00,781.9
2024-09-06 08:00:00,776.8
2024-09-06 09:00:00,780.0
2024-09-06 10:00:00,777.9
2024-09-06 11:00:00,779.0
2024-09-06 12:00:00,784.1999999999999
2024-09-06 13:00:00,778.5
2024-09-06 14:00:00,765.6999999999999
2024-09-06 15:00:00,765.1999999999999
2024-09-09 05:00:00,767.3
2024-09-09 07:00:00,774.3
2024-09-09 08:00:00,775.3
2024-09-09 09:00:00,776.6999999999999
2024-09-09 10:00:00,773.8
2024-09-09 11:00:00,774.5
2024-09-09 12:00:00,771.6999999999999
2024-09-09 13:00:00,772.6999999999999
2024-09-09 14:00:00,767.0999999999999
2024-09-09 15:00:00,768.6999999999999
2024-09-10 05:00:00,767.6999999999999
2024-09-10 07:00:00,775.4
2024-09-10 08:00:00,773.5
2024-09-10 09:00:00,775.0
2024-09-10 10:00:00,772.1999999999999
2024-09-10 11:00:00,772.4
2024-09-10 12:00:00,773.1999999999999
2024-09-10 13:00:00,769.8
2024-09-10 14:00:00,768.3
2024-09-10 15:00:00,766.8
2024-09-11 05:00:00,776.5
2024-09-11 23:00:00,771.7
2024-09-12 05:00:00,792.3
2024-09-12 23:00:00,792.3
2024-09-13 05:00:00,802.5
2024-09-13 07:00:00,797.4
2024-09-13 13:00:00,797.1
2024-09-13 23:00:00,797.1
2024-09-16 05:00:00,793.3
2024-09-16 08:00:00,799.8
2024-09-16 11:00:00,800.5
2024-09-16 12:00:00,798.4
2024-09-16 13:00:00,796.8
2024-09-16 14:00:00,792.9
2024-09-16 15:00:00,793.5
2024-09-16 23:00:00,793.5
2024-09-17 05:00:00,801.4
2024-09-17 11:00:00,802.6
2024-09-17 15:00:00,801.5
2024-09-17 23:00:00,801.5
2024-09-18 05:00:00,795.7
2024-09-18 08:00:00,795.2
2024-09-18 10:00:00,796.0
2024-09-18 13:00:00,797.6
2024-09-18 14:00:00,796.2
2024-09-18 15:00:00,795.5
2024-09-18 23:00:00,795.5
2024-09-19 05:00:00,821.9
2024-09-19 07:00:00,807.3
2024-09-19 08:00:00,811.0
2024-09-19 09:00:00,814.9
2024-09-19 10:00:00,817.6
2024-09-19 11:00:00,817.4
2024-09-19 12:00:00,821.1
2024-09-19 14:00:00,820.6
2024-09-19 15:00:00,821.3
2024-09-19 23:00:00,821.3
2024-09-20 05:00:00,798.6
2024-09-20 06:00:00,814.1
2024-09-20 07:00:00,813.9
2024-09-20 08:00:00,810.0
2024-09-20 09:00:00,807.3
2024-09-20 10:00:00,808.0
2024-09-20 11:00:00,808.9
2024-09-20 12:00:00,806.4
2024-09-20 13:00:00,800.3
2024-09-20 14:00:00,799.0
2024-09-20 15:00:00,800.4
2024-09-20 23:00:00,800.4
2024-09-23 05:00:00,802.7
2024-09-23 07:00:00,802.1
2024-09-23 08:00:00,800.9
2024-09-23 09:00:00,802.6
2024-09-23 10:00:00,806.6
2024-09-23 11:00:00,807.3
2024-09-23 12:00:00,808.5
2024-09-23 13:00:00,806.2
2024-09-23 14:00:00,804.5
2024-09-23 15:00:00,802.9
2024-09-23 23:00:00,802.9
2024-09-24 05:00:00,808.9
2024-09-24 07:00:00,814.5
2024-09-24 08:00:00,814.6
2024-09-24 09:00:00,813.2
2024-09-24 10:00:00,812.8
2024-09-24 11:00:00,810.5
2024-09-24 12:00:00,809.2
2024-09-24 13:00:00,810.3
2024-09-24 14:00:00,807.7
2024-09-24 15:00:00,809.7
2024-09-24 23:00:00,809.7
2024-09-25 05:00:00,811.4
2024-09-25 07:00:00,804.3
2024-09-25 08:00:00,804.4
2024-09-25 09:00:00,802.3
2024-09-25 10:00:00,806.2
2024-09-25 11:00:00,808.6
2024-09-25 12:00:00,807.9
2024-09-25 13:00:00,809.2
2024-09-25 14:00:00,812.7
2024-09-25 15:00:00,810.9
2024-09-25 23:00:00,810.9
2024-09-26 05:00:00,835.3
2024-09-26 07:00:00,835.6
2024-09-26 08:00:00,836.5
2024-09-26 09:00:00,838.0
2024-09-26 10:00:00,838.5
2024-09-26 11:00:00,839.2
2024-09-26 12:00:00,842.5
2024-09-26 13:00:00,841.5
2024-09-26 14:00:00,832.5
2024-09-26 15:00:00,835.5
2024-09-26 23:00:00,835.5
2024-09-27 05:00:00,843.7
2024-09-27 07:00:00,840.2
2024-09-27 08:00:00,838.6
2024-09-27 09:00:00,840.0
2024-09-27 10:00:00,839.1
2024-09-27 11:00:00,842.2
2024-09-27 12:00:00,845.4
2024-09-27 13:00:00,845.1
2024-09-27 14:00:00,844.0
2024-09-27 15:00:00,846.2
2024-09-27 23:00:00,846.2
2024-09-30 05:00:00,833.5
2024-09-30 07:00:00,840.3
2024-09-30 08:00:00,838.4
2024-09-30 09:00:00,839.4
2024-09-30 10:00:00,838.6
2024-09-30 11:00:00,834.7
2024-09-30 12:00:00,834.4
2024-09-30 13:00:00,836.5
2024-09-30 14:00:00,833.9
2024-09-30 15:00:00,832.2
2024-09-30 23:00:00,832.2
2024-10-01 05:00:00,826.7
2024-10-01 07:00:00,840.9
2024-10-01 08:00:00,841.0
2024-10-01 09:00:00,842.2
2024-10-01 10:00:00,842.7
2024-10-01 11:00:00,840.2
2024-10-01 12:00:00,842.7
2024-10-01 13:00:00,829.7
2024-10-01 14:00:00,824.6
2024-10-01 15:00:00,827.9
2024-10-01 19:00:00,831.3
2024-10-01 23:00:00,831.3
2024-10-02 05:00:00,834.7
2024-10-02 07:00:00,830.9
2024-10-02 08:00:00,832.1
2024-10-02 09:00:00,828.6
2024-10-02 10:00:00,827.7
2024-10-02 11:00:00,825.4
2024-10-02 12:00:00,827.3
2024-10-02 13:00:00,826.0
2024-10-02 14:00:00,832.4
2024-10-02 15:00:00,834.6
2024-10-02 23:00:00,834.6
2024-10-03 05:00:00,825.9
2024-10-03 07:00:00,823.0
2024-10-03 08:00:00,824.9
2024-10-03 09:00:00,824.6
2024-10-03 10:00:00,826.1
2024-10-03 11:00:00,825.9
2024-10-03 12:00:00,824.4
2024-10-03 13:00:00,827.3
2024-10-03 14:00:00,825.6
2024-10-03 15:00:00,827.2
2024-10-03 23:00:00,827.2
2024-10-04 05:00:00,830.4
2024-10-04 07:00:00,826.7
2024-10-04 08:00:00,825.3
2024-10-04 09:00:00,826.7
2024-10-04 10:00:00,827.8
2024-10-04 12:00:00,836.9
2024-10-04 13:00:00,831.6
2024-10-04 14:00:00,832.1
2024-10-04 15:00:00,829.5
2024-10-04 23:00:00,829.5
2024-10-07 05:00:00,824.2
2024-10-07 07:00:00,824.5
2024-10-07 08:00:00,820.9
2024-10-07 09:00:00,817.6
2024-10-07 10:00:00,818.5
2024-10-07 11:00:00,821.1
2024-10-07 13:00:00,822.8
2024-10-07 14:00:00,824.5
2024-10-07 15:00:00,823.9
2024-10-07 23:00:00,823.9
2024-10-08 05:00:00,822.9
2024-10-08 07:00:00,819.3
2024-10-08 08:00:00,813.4
2024-10-08 09:00:00,817.3
2024-10-08 10:00:00,820.9
2024-10-08 11:00:00,820.3
2024-10-08 12:00:00,819.0
2024-10-08 13:00:00,822.8
2024-10-08 14:00:00,824.2
2024-10-08 15:00:00,823.2
2024-10-08 23:00:00,823.2
2024-10-09 05:00:00,833.5
2024-10-09 07:00:00,822.3
2024-10-09 08:00:00,823.3
2024-10-09 09:00:00,824.1
2024-10-09 10:00:00,824.9
2024-10-09 11:00:00,824.8
2024-10-09 12:00:00,823.6
2024-10-09 13:00:00,826.2
2024-10-09 14:00:00,831.1
2024-10-09 15:00:00,834.1
2024-10-09 23:00:00,834.1
2024-10-10 05:00:00,825.8
2024-10-10 07:00:00,825.4
2024-10-10 08:00:00,823.7
2024-10-10 09:00:00,825.1
2024-10-10 10:00:00,826.5
2024-10-10 11:00:00,826.7
2024-10-10 12:00:00,821.2
2024-10-10 13:00:00,820.8
2024-10-10 14:00:00,824.1
2024-10-10 15:00:00,826.7
2024-10-10 23:00:00,826.7
2024-10-11 05:00:00,830.8
2024-10-11 07:00:00,827.8
2024-10-11 09:00:00,822.6
2024-10-11 10:00:00,824.1
2024-10-11 11:00:00,823.8
2024-10-11 12:00:00,823.8
2024-10-11 13:00:00,828.5
2024-10-11 14:00:00,830.3
2024-10-11 15:00:00,830.6
2024-10-11 23:00:00,830.6
2024-10-14 05:00:00,845.2
2024-10-14 07:00:00,834.8
2024-10-14 08:00:00,835.0
2024-10-14 09:00:00,835.6
2024-10-14 10:00:00,832.7
2024-10-14 11:00:00,832.7
2024-10-14 12:00:00,836.3
2024-10-14 13:00:00,847.9
2024-10-14 14:00:00,844.2
2024-10-14 15:00:00,845.4
2024-10-14 23:00:00,845.4
2024-10-15 05:00:00,792.1
2024-10-15 07:00:00,846.7
2024-10-15 08:00:00,842.1
2024-10-15 09:00:00,841.8
2024-10-15 10:00:00,843.0
2024-10-15 11:00:00,844.5
2024-10-15 12:00:00,845.6
2024-10-15 13:00:00,845.7
2024-10-15 14:00:00,803.2
2024-10-15 15:00:00,792.5
2024-10-15 23:00:00,792.5
2024-10-16 05:00:00,778.6
2024-10-16 07:00:00,782.0
2024-10-16 08:00:00,780.3
2024-10-16 09:00:00,785.8
2024-10-16 10:00:00,781.8
2024-10-16 11:00:00,784.8
2024-10-16 12:00:00,782.0
2024-10-16 13:00:00,776.5
2024-10-16 14:00:00,778.9
2024-10-16 15:00:00,778.1
2024-10-16 23:00:00,778.1
2024-10-17 05:00:00,780.6
2024-10-17 07:00:00,776.4
2024-10-17 08:00:00,779.6
2024-10-17 09:00:00,777.7
2024-10-17 10:00:00,780.2
2024-10-17 11:00:00,780.1
2024-10-17 12:00:00,783.5
2024-10-17 13:00:00,779.2
2024-10-17 14:00:00,779.8
2024-10-17 15:00:00,780.7
2024-10-17 23:00:00,780.7
2024-10-18 05:00:00,795.3
2024-10-18 07:00:00,793.7
2024-10-18 08:00:00,795.7
2024-10-18 09:00:00,792.8
2024-10-18 10:00:00,792.1
2024-10-18 11:00:00,792.2
2024-10-18 12:00:00,793.0
2024-10-18 13:00:00,794.3
2024-10-18 14:00:00,795.5
2024-10-18 15:00:00,796.1
2024-10-18 23:00:00,796.1
2024-10-21 05:00:00,787.0
2024-10-21 07:00:00,795.8
2024-10-21 09:00:00,795.0
2024-10-21 11:00:00,787.9
2024-10-21 12:00:00,789.5
2024-10-21 13:00:00,790.5
2024-10-21 14:00:00,789.1
2024-10-21 15:00:00,786.9
2024-10-21 23:00:00,786.9
2024-10-22 05:00:00,793.1
2024-10-22 07:00:00,801.8
2024-10-22 09:00:00,793.3
2024-10-22 10:00:00,792.7
2024-10-22 12:00:00,795.2
2024-10-22 13:00:00,796.0
2024-10-22 14:00:00,793.6
2024-10-22 15:00:00,793.1
2024-10-22 23:00:00,793.1
2024-10-23 05:00:00,791.4
2024-10-23 07:00:00,794.6
2024-10-23 08:00:00,793.1
2024-10-23 09:00:00,793.3
2024-10-23 10:00:00,793.3
2024-10-23 12:00:00,793.8
2024-10-23 13:00:00,794.7
2024-10-23 14:00:00,795.0
2024-10-23 15:00:00,791.9
2024-10-23 23:00:00,791.9
2024-10-24 05:00:00,794.1
2024-10-24 07:00:00,795.7
2024-10-24 10:00:00,797.8
2024-10-24 11:00:00,798.5
2024-10-24 12:00:00,799.2
2024-10-24 13:00:00,796.7
2024-10-24 14:00:00,793.9
2024-10-24 15:00:00,794.3
2024-10-24 23:00:00,794.3
2024-10-25 05:00:00,795.8
2024-10-25 07:00:00,794.9
2024-10-25 08:00:00,794.0
2024-10-25 09:00:00,796.1
2024-10-25 11:00:00,793.8
2024-10-25 12:00:00,795.0
2024-10-25 13:00:00,796.5
2024-10-25 14:00:00,796.9
2024-10-25 15:00:00,796.8
2024-10-25 23:00:00,796.8
2024-10-28 05:00:00,797.7
2024-10-28 08:00:00,801.0
2024-10-28 09:00:00,799.4
2024-10-28 10:00:00,798.0
2024-10-28 11:00:00,795.4
2024-10-28 12:00:00,799.9
2024-10-28 13:00:00,794.5
2024-10-28 14:00:00,798.5
2024-10-28 15:00:00,798.3
2024-10-28 16:00:00,798.0
2024-10-28 23:00:00,798.0
2024-10-29 05:00:00,799.9
2024-10-29 08:00:00,802.7
2024-10-29 10:00:00,802.0
2024-10-29 12:00:00,799.3
2024-10-29 13:00:00,798.4
2024-10-29 14:00:00,799.5
2024-10-29 15:00:00,799.5
2024-10-29 16:00:00,799.7
2024-10-29 23:00:00,799.7
2024-10-30 05:00:00,780.6
2024-10-30 08:00:00,791.4
2024-10-30 09:00:00,785.6
2024-10-30 10:00:00,785.9
2024-10-30 11:00:00,785.2
2024-10-30 12:00:00,783.6
2024-10-30 13:00:00,783.1
2024-10-30 14:00:00,784.1
2024-10-30 15:00:00,783.2
2024-10-30 16:00:00,779.7
2024-10-30 19:00:00,779.0
2024-10-30 23:00:00,779.0
2024-10-31 05:00:00,760.5
2024-10-31 08:00:00,774.9
2024-10-31 09:00:00,769.4
2024-10-31 10:00:00,770.4
2024-10-31 11:00:00,770.8
2024-10-31 12:00:00,770.2
2024-10-31 13:00:00,763.2
2024-10-31 14:00:00,757.7
2024-10-31 15:00:00,758.0
2024-10-31 16:00:00,761.4
2024-10-31 23:00:00,761.4
2024-11-01 05:00:00,771.7
2024-11-01 08:00:00,763.7
2024-11-01 09:00:00,765.3
2024-11-01 10:00:00,766.9
2024-11-01 11:00:00,767.5
2024-11-01 12:00:00,768.3
2024-11-01 13:00:00,767.9
2024-11-01 14:00:00,769.1
2024-11-01 15:00:00,771.7
2024-11-01 16:00:00,771.7
2024-11-01 23:00:00,771.7
2024-11-04 06:00:00,764.1
2024-11-04 08:00:00,766.8
2024-11-04 09:00:00,769.0
2024-11-04 11:00:00,769.0
2024-11-04 12:00:00,766.9
2024-11-04 13:00:00,764.2
2024-11-04 14:00:00,763.5
2024-11-04 15:00:00,764.9
2024-11-04 16:00:00,762.7
2024-11-04 23:00:00,762.7
2024-11-05 06:00:00,769.4
2024-11-05 08:00:00,761.9
2024-11-05 09:00:00,765.6
2024-11-05 11:00:00,765.0
2024-11-05 12:00:00,762.8
2024-11-05 13:00:00,764.5
2024-11-05 14:00:00,767.1
2024-11-05 15:00:00,768.7
2024-11-05 16:00:00,768.7
2024-11-05 23:00:00,768.7
2024-11-06 06:00:00,758.0
2024-11-06 08:00:00,779.3
2024-11-06 09:00:00,773.5
2024-11-06 10:00:00,776.5
2024-11-06 11:00:00,772.0
2024-11-06 12:00:00,770.8
2024-11-06 13:00:00,768.0
2024-11-06 14:00:00,760.7
2024-11-06 15:00:00,758.4
2024-11-06 16:00:00,757.8
2024-11-06 23:00:00,757.8
2024-11-07 06:00:00,773.6
2024-11-07 08:00:00,770.3
2024-11-07 09:00:00,771.8
2024-11-07 10:00:00,770.3
2024-11-07 11:00:00,770.7
2024-11-07 12:00:00,772.9
2024-11-07 13:00:00,771.3
2024-11-07 14:00:00,775.7
2024-11-07 15:00:00,775.4
2024-11-07 16:00:00,774.5
2024-11-07 23:00:00,774.5
2024-11-08 06:00:00,769.1
2024-11-08 08:00:00,777.4
2024-11-08 09:00:00,771.1
2024-11-08 10:00:00,765.5
2024-11-08 11:00:00,766.6
2024-11-08 12:00:00,770.3
2024-11-08 13:00:00,769.2
2024-11-08 14:00:00,769.9
2024-11-08 15:00:00,769.9
2024-11-08 16:00:00,768.6
2024-11-08 23:00:00,768.6
2024-11-11 06:00:00,776.9
2024-11-11 08:00:00,777.1
2024-11-11 09:00:00,778.5
2024-11-11 10:00:00,778.1
2024-11-11 11:00:00,780.6
2024-11-11 12:00:00,781.3
2024-11-11 13:00:00,783.6
2024-11-11 14:00:00,775.7
2024-11-11 15:00:00,778.3
2024-11-11 16:00:00,777.1
2024-11-11 23:00:00,777.1
2024-11-12 06:00:00,776.8
2024-11-12 08:00:00,773.7
2024-11-12 09:00:00,784.4
2024-11-12 10:00:00,780.7
2024-11-12 11:00:00,779.9
2024-11-12 12:00:00,780.3
2024-11-12 13:00:00,783.2
2024-11-12 14:00:00,781.5
2024-11-12 15:00:00,778.1
2024-11-12 16:00:00,775.7
2024-11-12 23:00:00,775.7
2024-11-13 06:00:00,766.7
2024-11-13 08:00:00,769.1
2024-11-13 09:00:00,771.8
2024-11-13 10:00:00,769.1
2024-11-13 11:00:00,768.0
2024-11-13 12:00:00,764.1
2024-11-13 13:00:00,765.8
2024-11-13 14:00:00,765.3
2024-11-13 15:00:00,764.1
2024-11-13 16:00:00,768.0
2024-11-13 18:00:00,770.0
2024-11-13 23:00:00,770.0
2024-11-14 06:00:00,790.6
2024-11-14 08:00:00,774.3
2024-11-14 09:00:00,780.8
2024-11-14 10:00:00,783.0
2024-11-14 11:00:00,782.8
2024-11-14 12:00:00,784.0
2024-11-14 13:00:00,787.8
2024-11-14 14:00:00,787.1
2024-11-14 15:00:00,788.0
2024-11-14 16:00:00,791.2
2024-11-14 23:00:00,791.2
2024-11-15 06:00:00,769.7
2024-11-15 08:00:00,777.7
2024-11-15 09:00:00,778.6
2024-11-15 11:00:00,776.6
2024-11-15 12:00:00,776.4
2024-11-15 13:00:00,774.6
2024-11-15 14:00:00,772.2
2024-11-15 15:00:00,769.4
2024-11-15 16:00:00,769.6
2024-11-15 23:00:00,769.6
2024-11-18 06:00:00,765.8
2024-11-18 08:00:00,764.4
2024-11-18 09:00:00,762.4
2024-11-18 10:00:00,764.5
2024-11-18 11:00:00,761.0
2024-11-18 12:00:00,762.4
2024-11-18 13:00:00,759.8
2024-11-18 14:00:00,759.0
2024-11-18 15:00:00,765.4
2024-11-18 16:00:00,765.5
2024-11-18 23:00:00,765.5
2024-11-19 06:00:00,762.3
2024-11-19 08:00:00,767.7
2024-11-19 09:00:00,757.6
2024-11-19 10:00:00,757.7
2024-11-19 12:00:00,761.1
2024-11-19 13:00:00,756.2
2024-11-19 14:00:00,760.0
2024-11-19 15:00:00,761.4
2024-11-19 16:00:00,762.2
2024-11-19 23:00:00,762.2
2024-11-20 06:00:00,762.2
2024-11-20 08:00:00,767.3
2024-11-20 09:00:00,769.9
2024-11-20 10:00:00,769.4
2024-11-20 11:00:00,768.9
2024-11-20 12:00:00,769.6
2024-11-20 13:00:00,769.0
2024-11-20 14:00:00,763.6
2024-11-20 15:00:00,765.2
2024-11-20 16:00:00,762.2
2024-11-20 23:00:00,762.2
2024-11-21 06:00:00,769.4
2024-11-21 08:00:00,759.5
2024-11-21 09:00:00,759.2
2024-11-21 10:00:00,757.7
2024-11-21 11:00:00,760.0
2024-11-21 13:00:00,762.7
2024-11-21 14:00:00,762.9
2024-11-21 15:00:00,767.2
2024-11-21 16:00:00,770.1
2024-11-21 23:00:00,770.1
2024-11-22 06:00:00,779.1
2024-11-22 08:00:00,777.9
2024-11-22 09:00:00,772.3
2024-11-22 10:00:00,773.0
2024-11-22 12:00:00,777.5
2024-11-22 13:00:00,776.6
2024-11-22 14:00:00,782.3
2024-11-22 15:00:00,779.3
2024-11-22 16:00:00,778.9
2024-11-22 17:00:00,781.0
2024-11-22 23:00:00,781.0
2024-11-25 06:00:00,785.8
2024-11-25 08:00:00,786.9
2024-11-25 09:00:00,786.9
2024-11-25 10:00:00,786.9
2024-11-25 11:00:00,783.3
2024-11-25 13:00:00,785.1
2024-11-25 14:00:00,783.9
2024-11-25 15:00:00,785.0
2024-11-25 16:00:00,786.2
2024-11-26 06:00:00,778.9
2024-11-26 08:00:00,777.9
2024-11-26 09:00:00,778.9
