DATETIME,price
1997-06-16 05:00:00,1.0627699999999998
1997-06-17 05:00:00,1.0752699999999995
1997-06-18 05:00:00,1.0788699999999996
1997-06-19 05:00:00,1.07567
1997-06-20 05:00:00,1.0907699999999998
1997-06-23 05:00:00,1.0975699999999995
1997-06-24 05:00:00,1.1034699999999995
1997-06-25 05:00:00,1.1002699999999999
1997-06-26 05:00:00,1.1017699999999995
1997-06-27 05:00:00,1.1202699999999999
1997-06-30 05:00:00,1.1411699999999996
1997-07-01 05:00:00,1.1315699999999997
1997-07-02 05:00:00,1.1713699999999998
1997-07-03 05:00:00,1.1869699999999999
1997-07-04 05:00:00,1.1829699999999999
1997-07-07 05:00:00,1.1751699999999998
1997-07-08 05:00:00,1.1860699999999997
1997-07-09 05:00:00,1.1668699999999996
1997-07-10 05:00:00,1.15837
1997-07-11 05:00:00,1.1891699999999996
1997-07-14 05:00:00,1.2050699999999999
1997-07-15 05:00:00,1.1847699999999997
1997-07-16 05:00:00,1.1889699999999996
1997-07-17 05:00:00,1.1931699999999996
1997-07-18 05:00:00,1.1894699999999998
1997-07-21 05:00:00,1.1903699999999995
1997-07-22 05:00:00,1.2035699999999998
1997-07-23 05:00:00,1.2097699999999996
1997-07-24 05:00:00,1.2408699999999995
1997-07-25 05:00:00,1.2407699999999997
1997-07-28 05:00:00,1.1888699999999999
1997-07-29 05:00:00,1.1880699999999995
1997-07-30 05:00:00,1.1823699999999995
1997-07-31 05:00:00,1.2012699999999998
1997-08-01 05:00:00,1.2091699999999996
1997-08-04 05:00:00,1.2047699999999997
1997-08-05 05:00:00,1.2093699999999996
1997-08-06 05:00:00,1.1732699999999998
1997-08-07 05:00:00,1.1514699999999995
1997-08-08 05:00:00,1.1167699999999996
1997-08-11 05:00:00,1.1470699999999996
1997-08-12 05:00:00,1.13017
1997-08-13 05:00:00,1.1166699999999998
1997-08-14 05:00:00,1.1349699999999998
1997-08-15 05:00:00,1.1474699999999995
1997-08-18 05:00:00,1.1601699999999997
1997-08-19 05:00:00,1.1553699999999998
1997-08-20 05:00:00,1.1544699999999997
1997-08-21 05:00:00,1.1386699999999996
1997-08-22 05:00:00,1.1382699999999997
1997-08-25 05:00:00,1.1350699999999996
1997-08-26 05:00:00,1.1168699999999998
1997-08-27 05:00:00,1.1366699999999998
1997-08-28 05:00:00,1.1295699999999995
1997-08-29 05:00:00,1.1475699999999998
1997-09-01 05:00:00,1.1333699999999995
1997-09-02 05:00:00,1.1288699999999998
1997-09-03 05:00:00,1.1105699999999998
1997-09-04 05:00:00,1.1018699999999997
1997-09-05 05:00:00,1.0852699999999997
1997-09-08 05:00:00,1.08367
1997-09-09 05:00:00,1.0988699999999996
1997-09-10 05:00:00,1.0814699999999997
1997-09-11 05:00:00,1.0955699999999997
1997-09-12 05:00:00,1.0846699999999998
1997-09-15 05:00:00,1.05847
1997-09-16 05:00:00,1.05107
1997-09-17 05:00:00,1.07637
1997-09-18 05:00:00,1.0917699999999997
1997-09-19 05:00:00,1.09337
1997-09-22 05:00:00,1.09657
1997-09-23 05:00:00,1.1071699999999998
1997-09-24 05:00:00,1.09067
1997-09-25 05:00:00,1.0991699999999998
1997-09-26 05:00:00,1.0719699999999996
1997-09-29 05:00:00,1.0833699999999997
1997-09-30 05:00:00,1.08537
1997-10-01 05:00:00,1.0972699999999997
1997-10-02 05:00:00,1.09147
1997-10-03 05:00:00,1.0831699999999997
1997-10-06 05:00:00,1.0795699999999997
1997-10-07 05:00:00,1.0934699999999997
1997-10-08 05:00:00,1.0819699999999999
1997-10-09 05:00:00,1.1094699999999997
1997-10-10 05:00:00,1.10727
1997-10-13 05:00:00,1.1216699999999997
1997-10-14 05:00:00,1.1145699999999998
1997-10-15 05:00:00,1.1147699999999998
1997-10-16 05:00:00,1.10517
1997-10-17 05:00:00,1.12977
1997-10-20 05:00:00,1.1523699999999997
1997-10-21 05:00:00,1.18347
1997-10-22 05:00:00,1.17297
1997-10-23 05:00:00,1.1393699999999998
1997-10-24 05:00:00,1.14327
1997-10-27 06:00:00,1.1559699999999997
1997-10-28 06:00:00,1.1237699999999997
1997-10-29 06:00:00,1.1088699999999998
1997-10-30 06:00:00,1.0869699999999998
1997-10-31 06:00:00,1.09847
1997-11-03 06:00:00,1.12137
1997-11-04 06:00:00,1.1189699999999998
1997-11-05 06:00:00,1.11677
1997-11-06 06:00:00,1.1401699999999997
1997-11-07 06:00:00,1.1075699999999997
1997-11-10 06:00:00,1.1101699999999999
1997-11-11 06:00:00,1.1250699999999998
1997-11-12 06:00:00,1.1355699999999997
1997-11-13 06:00:00,1.13337
1997-11-14 06:00:00,1.1305699999999999
1997-11-17 06:00:00,1.1445699999999996
1997-11-18 06:00:00,1.1334699999999998
1997-11-19 06:00:00,1.1296699999999997
1997-11-20 06:00:00,1.1439699999999997
1997-11-21 06:00:00,1.14267
1997-11-24 06:00:00,1.13607
1997-11-25 06:00:00,1.12617
1997-11-26 06:00:00,1.1347699999999998
1997-11-27 06:00:00,1.1458699999999997
1997-11-28 06:00:00,1.1677699999999998
1997-12-01 06:00:00,1.1772699999999998
1997-12-02 06:00:00,1.17167
1997-12-03 06:00:00,1.16847
1997-12-04 06:00:00,1.15127
1997-12-05 06:00:00,1.14827
1997-12-08 06:00:00,1.1631699999999998
1997-12-09 06:00:00,1.16517
1997-12-10 06:00:00,1.1505699999999999
1997-12-11 06:00:00,1.13147
1997-12-12 06:00:00,1.1311699999999998
1997-12-15 06:00:00,1.10457
1997-12-16 06:00:00,1.12617
1997-12-17 06:00:00,1.1366699999999998
1997-12-18 06:00:00,1.1612699999999998
1997-12-19 06:00:00,1.1563700000000001
1997-12-22 06:00:00,1.1608699999999998
1997-12-23 06:00:00,1.15967
1997-12-24 06:00:00,1.1641700000000001
1997-12-26 06:00:00,1.1738700000000002
1997-12-29 06:00:00,1.1921700000000002
1997-12-30 06:00:00,1.18197
1997-12-31 06:00:00,1.1862700000000002
1998-01-02 06:00:00,1.18637
1998-01-05 06:00:00,1.19487
1998-01-06 06:00:00,1.18497
1998-01-07 06:00:00,1.1763700000000001
1998-01-08 06:00:00,1.15467
1998-01-09 06:00:00,1.1589699999999998
1998-01-12 06:00:00,1.17227
1998-01-13 06:00:00,1.1909699999999999
1998-01-14 06:00:00,1.1930699999999999
1998-01-15 06:00:00,1.2167700000000001
1998-01-16 06:00:00,1.22677
1998-01-19 06:00:00,1.23527
1998-01-20 06:00:00,1.21417
1998-01-21 06:00:00,1.18867
1998-01-22 06:00:00,1.2037699999999998
1998-01-23 06:00:00,1.18937
1998-01-26 06:00:00,1.19647
1998-01-27 06:00:00,1.16917
1998-01-28 06:00:00,1.18537
1998-01-29 06:00:00,1.19887
1998-01-30 06:00:00,1.1934699999999998
1998-02-02 06:00:00,1.2039699999999998
1998-02-03 06:00:00,1.19607
1998-02-04 06:00:00,1.1892699999999998
1998-02-05 06:00:00,1.17467
1998-02-06 06:00:00,1.18657
1998-02-09 06:00:00,1.1757700000000002
1998-02-10 06:00:00,1.16407
1998-02-11 06:00:00,1.1765700000000001
1998-02-12 06:00:00,1.16997
1998-02-13 06:00:00,1.1854699999999998
1998-02-16 06:00:00,1.18577
1998-02-17 06:00:00,1.19507
1998-02-18 06:00:00,1.2033699999999998
1998-02-19 06:00:00,1.1936699999999998
1998-02-20 06:00:00,1.19927
1998-02-23 06:00:00,1.18237
1998-02-24 06:00:00,1.1894699999999998
1998-02-25 06:00:00,1.2090699999999999
1998-02-26 06:00:00,1.2102700000000002
1998-02-27 06:00:00,1.2035699999999998
1998-03-02 06:00:00,1.21247
1998-03-03 06:00:00,1.2250699999999999
1998-03-04 06:00:00,1.23687
1998-03-05 06:00:00,1.2327700000000001
1998-03-06 06:00:00,1.23737
1998-03-09 06:00:00,1.2359699999999998
1998-03-10 06:00:00,1.24297
1998-03-11 06:00:00,1.25587
1998-03-12 06:00:00,1.26107
1998-03-13 06:00:00,1.26697
1998-03-16 06:00:00,1.27287
1998-03-17 06:00:00,1.2769700000000002
1998-03-18 06:00:00,1.29437
1998-03-19 06:00:00,1.2931700000000002
1998-03-20 06:00:00,1.3011700000000002
1998-03-23 06:00:00,1.29897
1998-03-24 06:00:00,1.3018700000000003
1998-03-25 06:00:00,1.30637
1998-03-26 06:00:00,1.3116700000000001
1998-03-27 06:00:00,1.3260700000000003
1998-03-30 06:00:00,1.3641700000000003
1998-03-31 06:00:00,1.3506700000000003
1998-04-01 06:00:00,1.3716700000000002
1998-04-02 06:00:00,1.3575700000000002
1998-04-03 06:00:00,1.33977
1998-04-06 05:00:00,1.3525700000000003
1998-04-07 05:00:00,1.35177
1998-04-08 05:00:00,1.3388700000000002
1998-04-09 05:00:00,1.34357
1998-04-13 05:00:00,1.3312700000000002
1998-04-14 05:00:00,1.32787
1998-04-15 05:00:00,1.3338700000000003
1998-04-16 05:00:00,1.35517
1998-04-17 05:00:00,1.3413700000000002
1998-04-20 05:00:00,1.3293700000000002
1998-04-21 05:00:00,1.2973700000000001
1998-04-22 05:00:00,1.29817
1998-04-23 05:00:00,1.2963700000000002
1998-04-24 05:00:00,1.30357
1998-04-27 05:00:00,1.30577
1998-04-28 05:00:00,1.31097
1998-04-29 05:00:00,1.32107
1998-04-30 05:00:00,1.33287
1998-05-01 05:00:00,1.3058700000000003
1998-05-04 05:00:00,1.3030700000000002
1998-05-05 05:00:00,1.2826700000000002
1998-05-06 05:00:00,1.26867
1998-05-07 05:00:00,1.25057
1998-05-08 05:00:00,1.24787
1998-05-11 05:00:00,1.2460700000000002
1998-05-12 05:00:00,1.2428700000000001
1998-05-13 05:00:00,1.24427
1998-05-14 05:00:00,1.2403700000000002
1998-05-15 05:00:00,1.24617
1998-05-18 05:00:00,1.2372700000000003
1998-05-19 05:00:00,1.23287
1998-05-20 05:00:00,1.2390700000000001
1998-05-21 05:00:00,1.21297
1998-05-22 05:00:00,1.21697
1998-05-26 05:00:00,1.2393700000000003
1998-05-27 05:00:00,1.2329700000000001
1998-05-28 05:00:00,1.23417
1998-05-29 05:00:00,1.25477
1998-06-01 05:00:00,1.25547
1998-06-02 05:00:00,1.25897
1998-06-03 05:00:00,1.2540700000000002
1998-06-04 05:00:00,1.24137
1998-06-05 05:00:00,1.25077
1998-06-08 05:00:00,1.25167
1998-06-09 05:00:00,1.25337
1998-06-10 05:00:00,1.2620700000000002
1998-06-11 05:00:00,1.2727700000000002
1998-06-12 05:00:00,1.2845700000000002
1998-06-15 05:00:00,1.3003700000000002
1998-06-16 05:00:00,1.3064700000000002
1998-06-17 05:00:00,1.3216700000000003
1998-06-18 05:00:00,1.3441700000000003
1998-06-19 05:00:00,1.3478700000000006
1998-06-22 05:00:00,1.3468700000000002
1998-06-23 05:00:00,1.3465700000000005
1998-06-24 05:00:00,1.3561700000000003
1998-06-25 05:00:00,1.3788700000000003
1998-06-26 05:00:00,1.3788700000000003
1998-06-29 05:00:00,1.3843700000000003
1998-06-30 05:00:00,1.3756700000000006
1998-07-01 05:00:00,1.3778700000000004
1998-07-02 05:00:00,1.3838700000000006
1998-07-06 05:00:00,1.3378700000000003
1998-07-07 05:00:00,1.3459700000000006
1998-07-08 05:00:00,1.3463700000000005
1998-07-09 05:00:00,1.3620700000000003
1998-07-10 05:00:00,1.3598700000000006
1998-07-13 05:00:00,1.3568700000000005
1998-07-14 05:00:00,1.3341700000000005
1998-07-15 05:00:00,1.3198700000000005
1998-07-16 05:00:00,1.3139700000000005
1998-07-17 05:00:00,1.3232700000000006
1998-07-20 05:00:00,1.3305700000000005
1998-07-21 05:00:00,1.3338700000000003
1998-07-22 05:00:00,1.3341700000000005
1998-07-23 05:00:00,1.3374700000000004
1998-07-24 05:00:00,1.3351700000000004
1998-07-27 05:00:00,1.3439700000000003
1998-07-28 05:00:00,1.3073700000000004
1998-07-29 05:00:00,1.2948700000000006
1998-07-30 05:00:00,1.2924700000000005
1998-07-31 05:00:00,1.2876700000000005
1998-08-03 05:00:00,1.2983700000000005
1998-08-04 05:00:00,1.2963700000000002
1998-08-05 05:00:00,1.2941700000000005
1998-08-06 05:00:00,1.2965700000000002
1998-08-07 05:00:00,1.2953700000000004
1998-08-10 05:00:00,1.3034700000000006
1998-08-11 05:00:00,1.2886700000000004
1998-08-12 05:00:00,1.2823700000000005
1998-08-13 05:00:00,1.2803700000000002
1998-08-14 05:00:00,1.2992700000000006
1998-08-17 05:00:00,1.2943700000000005
1998-08-18 05:00:00,1.3012700000000004
1998-08-19 05:00:00,1.3054700000000004
1998-08-20 05:00:00,1.3154700000000006
1998-08-21 05:00:00,1.3190700000000006
1998-08-24 05:00:00,1.3247700000000002
1998-08-25 05:00:00,1.3273700000000004
1998-08-26 05:00:00,1.3303700000000005
1998-08-27 05:00:00,1.3165700000000002
1998-08-28 05:00:00,1.2880700000000005
1998-08-31 05:00:00,1.2851700000000006
1998-09-01 05:00:00,1.2796700000000005
1998-09-02 05:00:00,1.2760700000000005
1998-09-03 05:00:00,1.2435700000000003
1998-09-04 05:00:00,1.2449700000000006
1998-09-08 05:00:00,1.2085700000000006
1998-09-09 05:00:00,1.2233700000000003
1998-09-10 05:00:00,1.2133700000000005
1998-09-11 05:00:00,1.1963700000000006
1998-09-14 05:00:00,1.2258700000000002
1998-09-15 05:00:00,1.2150700000000005
1998-09-16 05:00:00,1.2156700000000005
1998-09-17 05:00:00,1.2102700000000002
1998-09-18 05:00:00,1.2228700000000006
1998-09-21 05:00:00,1.2140700000000002
1998-09-22 05:00:00,1.2209700000000006
1998-09-23 05:00:00,1.2224700000000002
1998-09-24 05:00:00,1.2313700000000003
1998-09-25 05:00:00,1.2340700000000002
1998-09-28 05:00:00,1.2480700000000005
1998-09-29 05:00:00,1.2540700000000002
1998-09-30 05:00:00,1.2269700000000003
1998-10-01 05:00:00,1.2012700000000003
1998-10-02 05:00:00,1.1843700000000006
1998-10-05 05:00:00,1.1426700000000005
1998-10-06 05:00:00,1.1405700000000005
1998-10-07 05:00:00,1.1097700000000004
1998-10-08 05:00:00,1.1427700000000003
1998-10-09 05:00:00,1.1386700000000005
1998-10-12 05:00:00,1.1487700000000005
1998-10-13 05:00:00,1.1460700000000006
1998-10-14 05:00:00,1.1628700000000005
1998-10-15 05:00:00,1.1416700000000002
1998-10-16 05:00:00,1.1285700000000005
1998-10-19 05:00:00,1.1478700000000004
1998-10-20 05:00:00,1.1840700000000004
1998-10-21 05:00:00,1.1875700000000002
1998-10-22 05:00:00,1.1611700000000005
1998-10-23 05:00:00,1.1522700000000003
1998-10-26 06:00:00,1.1559700000000002
1998-10-27 06:00:00,1.1488700000000003
1998-10-28 06:00:00,1.1462700000000006
1998-10-29 06:00:00,1.1485700000000005
1998-10-30 06:00:00,1.1575700000000004
1998-11-02 06:00:00,1.1419700000000004
1998-11-03 06:00:00,1.1491700000000005
1998-11-04 06:00:00,1.1611700000000005
1998-11-05 06:00:00,1.1610700000000003
1998-11-06 06:00:00,1.1879700000000002
1998-11-09 06:00:00,1.2158700000000005
1998-11-10 06:00:00,1.2053700000000005
1998-11-11 06:00:00,1.1978700000000002
1998-11-12 06:00:00,1.2003700000000002
1998-11-13 06:00:00,1.2087700000000006
1998-11-16 06:00:00,1.2017700000000004
1998-11-17 06:00:00,1.2068700000000006
1998-11-18 06:00:00,1.2028700000000005
1998-11-19 06:00:00,1.2147700000000003
1998-11-20 06:00:00,1.2103700000000004
1998-11-23 06:00:00,1.2263700000000004
1998-11-24 06:00:00,1.2371700000000005
1998-11-25 06:00:00,1.2399700000000002
1998-11-27 06:00:00,1.2410700000000003
1998-11-30 06:00:00,1.2058700000000002
1998-12-01 06:00:00,1.1815700000000005
1998-12-02 06:00:00,1.1820700000000002
1998-12-03 06:00:00,1.1806700000000003
1998-12-04 06:00:00,1.1838700000000004
1998-12-07 06:00:00,1.1820700000000002
1998-12-08 06:00:00,1.1670700000000005
1998-12-09 06:00:00,1.1591700000000003
1998-12-10 06:00:00,1.1591700000000003
1998-12-11 06:00:00,1.1521700000000006
1998-12-14 06:00:00,1.1615700000000004
1998-12-15 06:00:00,1.1765700000000006
1998-12-16 06:00:00,1.1722700000000004
1998-12-17 06:00:00,1.1744700000000006
1998-12-18 06:00:00,1.1778700000000006
1998-12-21 06:00:00,1.2047700000000006
1998-12-22 06:00:00,1.2050700000000008
1998-12-23 06:00:00,1.1991700000000007
1998-12-24 06:00:00,1.2176700000000007
1998-12-28 06:00:00,1.2098700000000007
1998-12-29 06:00:00,1.2208700000000003
1998-12-30 06:00:00,1.2127700000000006
1998-12-31 06:00:00,1.1973700000000005
1999-01-04 06:00:00,1.1858700000000006
1999-01-05 06:00:00,1.1891700000000005
1999-01-06 06:00:00,1.2284700000000004
1999-01-07 06:00:00,1.1960700000000004
1999-01-08 06:00:00,1.2105700000000004
1999-01-11 06:00:00,1.2075700000000007
1999-01-12 06:00:00,1.1866700000000006
1999-01-13 06:00:00,1.1752700000000005
1999-01-14 06:00:00,1.1704700000000006
1999-01-15 06:00:00,1.1971700000000005
1999-01-19 06:00:00,1.2004700000000004
1999-01-20 06:00:00,1.2110700000000005
1999-01-21 06:00:00,1.2118700000000004
1999-01-22 06:00:00,1.2150700000000005
1999-01-25 06:00:00,1.2213700000000005
1999-01-26 06:00:00,1.2313700000000007
1999-01-27 06:00:00,1.2456700000000007
1999-01-28 06:00:00,1.2553700000000003
1999-01-29 06:00:00,1.2552700000000006
1999-02-01 06:00:00,1.2595700000000007
1999-02-02 06:00:00,1.2442700000000004
1999-02-03 06:00:00,1.2444700000000004
1999-02-04 06:00:00,1.2565700000000006
1999-02-05 06:00:00,1.2518700000000005
1999-02-08 06:00:00,1.2508700000000006
1999-02-09 06:00:00,1.2542700000000007
1999-02-10 06:00:00,1.2247700000000006
1999-02-11 06:00:00,1.2488700000000004
1999-02-12 06:00:00,1.2419700000000005
1999-02-16 06:00:00,1.2620700000000007
1999-02-17 06:00:00,1.2596700000000005
1999-02-18 06:00:00,1.2664700000000007
1999-02-19 06:00:00,1.2803700000000007
1999-02-22 06:00:00,1.2906700000000007
1999-02-23 06:00:00,1.2713700000000003
1999-02-24 06:00:00,1.2476700000000005
1999-02-25 06:00:00,1.2437700000000007
1999-02-26 06:00:00,1.2524700000000004
1999-03-01 06:00:00,1.2894700000000003
1999-03-02 06:00:00,1.2896700000000008
1999-03-03 06:00:00,1.3048700000000004
1999-03-04 06:00:00,1.3044700000000005
1999-03-05 06:00:00,1.2969700000000006
1999-03-08 06:00:00,1.2901700000000005
1999-03-09 06:00:00,1.3123700000000007
1999-03-10 06:00:00,1.3116700000000006
1999-03-11 06:00:00,1.3194700000000006
1999-03-12 06:00:00,1.3280700000000005
1999-03-15 06:00:00,1.3200700000000005
1999-03-16 06:00:00,1.3055700000000001
1999-03-17 06:00:00,1.3070700000000002
1999-03-18 06:00:00,1.3162700000000005
1999-03-19 06:00:00,1.3304700000000003
1999-03-22 06:00:00,1.3248700000000004
1999-03-23 06:00:00,1.3312700000000002
1999-03-24 06:00:00,1.3332700000000004
1999-03-25 06:00:00,1.3327700000000002
1999-03-26 06:00:00,1.3484700000000005
1999-03-29 06:00:00,1.3429700000000004
1999-03-30 06:00:00,1.3470700000000002
1999-03-31 06:00:00,1.3351700000000004
1999-04-01 06:00:00,1.3181700000000005
1999-04-05 05:00:00,1.3300700000000003
1999-04-06 05:00:00,1.2897700000000005
1999-04-07 05:00:00,1.3109700000000004
1999-04-08 05:00:00,1.3288700000000004
1999-04-09 05:00:00,1.3309700000000004
1999-04-12 05:00:00,1.3403700000000003
1999-04-13 05:00:00,1.3553700000000004
1999-04-14 05:00:00,1.3387700000000005
1999-04-15 05:00:00,1.3584700000000003
1999-04-16 05:00:00,1.3618700000000004
1999-04-19 05:00:00,1.3713700000000004
1999-04-20 05:00:00,1.3752700000000002
1999-04-21 05:00:00,1.3699700000000001
1999-04-22 05:00:00,1.3854700000000004
1999-04-23 05:00:00,1.3878700000000002
1999-04-26 05:00:00,1.3904700000000003
1999-04-27 05:00:00,1.3920700000000001
1999-04-28 05:00:00,1.3935700000000002
1999-04-29 05:00:00,1.3970700000000005
1999-04-30 05:00:00,1.4041700000000004
1999-05-03 05:00:00,1.4038700000000002
1999-05-04 05:00:00,1.4148700000000003
1999-05-05 05:00:00,1.3994700000000002
1999-05-06 05:00:00,1.3935700000000002
1999-05-07 05:00:00,1.3939700000000002
1999-05-10 05:00:00,1.3766700000000005
1999-05-11 05:00:00,1.3919700000000004
1999-05-12 05:00:00,1.3914700000000002
1999-05-13 05:00:00,1.3890700000000005
1999-05-14 05:00:00,1.3921700000000004
1999-05-17 05:00:00,1.3879700000000004
1999-05-18 05:00:00,1.3885700000000003
1999-05-19 05:00:00,1.3883700000000003
1999-05-20 05:00:00,1.3824700000000003
1999-05-21 05:00:00,1.3859700000000001
1999-05-24 05:00:00,1.3723700000000003
1999-05-25 05:00:00,1.3655700000000002
1999-05-26 05:00:00,1.3901700000000001
1999-05-27 05:00:00,1.3966700000000005
1999-05-28 05:00:00,1.4089700000000003
1999-06-01 05:00:00,1.4169700000000003
1999-06-02 05:00:00,1.4274700000000002
1999-06-03 05:00:00,1.4353700000000005
1999-06-04 05:00:00,1.4287700000000003
1999-06-07 05:00:00,1.4311700000000005
1999-06-08 05:00:00,1.4066700000000003
1999-06-09 05:00:00,1.4032700000000002
1999-06-10 05:00:00,1.4071700000000005
1999-06-11 05:00:00,1.4118700000000002
1999-06-14 05:00:00,1.4274700000000002
1999-06-15 05:00:00,1.4071700000000005
1999-06-16 05:00:00,1.4271700000000005
1999-06-17 05:00:00,1.4262700000000004
1999-06-18 05:00:00,1.4240700000000006
1999-06-21 05:00:00,1.4259700000000006
1999-06-22 05:00:00,1.4288700000000005
1999-06-23 05:00:00,1.4150700000000003
1999-06-24 05:00:00,1.4127700000000003
1999-06-25 05:00:00,1.4020700000000004
1999-06-28 05:00:00,1.4180700000000004
1999-06-29 05:00:00,1.4152700000000003
1999-06-30 05:00:00,1.4154700000000007
1999-07-01 05:00:00,1.4420700000000004
1999-07-02 05:00:00,1.4506700000000003
1999-07-06 05:00:00,1.4218700000000004
1999-07-07 05:00:00,1.4266700000000003
1999-07-08 05:00:00,1.4274700000000002
1999-07-09 05:00:00,1.4211700000000003
1999-07-12 05:00:00,1.4398700000000006
1999-07-13 05:00:00,1.4333700000000003
1999-07-14 05:00:00,1.4371700000000003
1999-07-15 05:00:00,1.4434700000000003
1999-07-16 05:00:00,1.4402700000000006
1999-07-19 05:00:00,1.4410700000000005
1999-07-20 05:00:00,1.3966700000000005
1999-07-21 05:00:00,1.3875700000000004
1999-07-22 05:00:00,1.3993700000000004
1999-07-23 05:00:00,1.3909700000000005
1999-07-26 05:00:00,1.3740700000000003
1999-07-27 05:00:00,1.3766700000000005
1999-07-28 05:00:00,1.3769700000000002
1999-07-29 05:00:00,1.3887700000000003
1999-07-30 05:00:00,1.3988700000000003
1999-08-02 05:00:00,1.3990700000000003
1999-08-03 05:00:00,1.4067700000000005
1999-08-04 05:00:00,1.3910700000000003
1999-08-05 05:00:00,1.3818700000000004
1999-08-06 05:00:00,1.3816700000000004
1999-08-09 05:00:00,1.3865700000000005
1999-08-10 05:00:00,1.3997700000000004
1999-08-11 05:00:00,1.4055700000000007
1999-08-12 05:00:00,1.4043700000000003
1999-08-13 05:00:00,1.4185700000000006
1999-08-16 05:00:00,1.4123700000000003
1999-08-17 05:00:00,1.4277700000000004
1999-08-18 05:00:00,1.4212700000000005
1999-08-19 05:00:00,1.4203700000000004
1999-08-20 05:00:00,1.4020700000000004
1999-08-23 05:00:00,1.4293700000000003
1999-08-24 05:00:00,1.4087700000000003
1999-08-25 05:00:00,1.4249700000000003
1999-08-26 05:00:00,1.4234700000000002
1999-08-27 05:00:00,1.4190700000000003
1999-08-30 05:00:00,1.4226700000000003
1999-08-31 05:00:00,1.4217700000000006
1999-09-01 05:00:00,1.4174700000000005
1999-09-02 05:00:00,1.3922700000000006
1999-09-03 05:00:00,1.4074700000000007
1999-09-07 05:00:00,1.4154700000000007
1999-09-08 05:00:00,1.4372700000000005
1999-09-09 05:00:00,1.4787700000000006
1999-09-10 05:00:00,1.5054700000000005
1999-09-13 05:00:00,1.4898700000000005
1999-09-14 05:00:00,1.4991700000000006
1999-09-15 05:00:00,1.5048700000000006
1999-09-16 05:00:00,1.5117700000000005
1999-09-17 05:00:00,1.5159700000000005
1999-09-20 05:00:00,1.5221700000000007
1999-09-21 05:00:00,1.5191700000000006
1999-09-22 05:00:00,1.5155700000000005
1999-09-23 05:00:00,1.5321700000000005
1999-09-24 05:00:00,1.5336700000000005
1999-09-27 05:00:00,1.5366700000000006
1999-09-28 05:00:00,1.5199700000000005
1999-09-29 05:00:00,1.5219700000000007
1999-09-30 05:00:00,1.4832700000000008
1999-10-01 05:00:00,1.4671700000000005
1999-10-04 05:00:00,1.4737700000000007
1999-10-05 05:00:00,1.4701700000000006
1999-10-06 05:00:00,1.4840700000000007
1999-10-07 05:00:00,1.4768700000000006
1999-10-08 05:00:00,1.4766700000000006
1999-10-11 05:00:00,1.5008700000000006
1999-10-12 05:00:00,1.4729700000000003
1999-10-13 05:00:00,1.4603700000000004
1999-10-14 05:00:00,1.4745700000000006
1999-10-15 05:00:00,1.4558700000000007
1999-10-18 05:00:00,1.4566700000000006
1999-10-19 05:00:00,1.4758700000000007
1999-10-20 05:00:00,1.4883700000000004
1999-10-21 05:00:00,1.4903700000000006
1999-10-22 05:00:00,1.5066700000000004
1999-10-25 05:00:00,1.5144700000000004
1999-10-26 05:00:00,1.5240700000000007
1999-10-27 05:00:00,1.5294700000000006
1999-10-28 05:00:00,1.5206700000000006
1999-10-29 05:00:00,1.5264700000000004
1999-11-01 06:00:00,1.5326700000000006
1999-11-02 06:00:00,1.5400700000000007
1999-11-03 06:00:00,1.5493700000000004
1999-11-04 06:00:00,1.5524700000000007
1999-11-05 06:00:00,1.5336700000000005
1999-11-08 06:00:00,1.5370700000000006
1999-11-09 06:00:00,1.5383700000000007
1999-11-10 06:00:00,1.5356700000000008
1999-11-11 06:00:00,1.5338700000000005
1999-11-12 06:00:00,1.5427700000000006
1999-11-15 06:00:00,1.5509700000000006
1999-11-16 06:00:00,1.5401700000000005
1999-11-17 06:00:00,1.5339700000000007
1999-11-18 06:00:00,1.5346700000000004
1999-11-19 06:00:00,1.5483700000000005
1999-11-22 06:00:00,1.5469700000000006
1999-11-23 06:00:00,1.5600700000000007
1999-11-24 06:00:00,1.5578700000000005
1999-11-26 06:00:00,1.5677700000000006
1999-11-29 06:00:00,1.5830700000000004
1999-11-30 06:00:00,1.5736700000000006
1999-12-01 06:00:00,1.5783700000000007
1999-12-02 06:00:00,1.5886700000000007
1999-12-03 06:00:00,1.5864700000000005
1999-12-06 06:00:00,1.5675700000000006
1999-12-07 06:00:00,1.5720700000000007
1999-12-08 06:00:00,1.5707700000000007
1999-12-09 06:00:00,1.5811700000000004
1999-12-10 06:00:00,1.5993700000000006
1999-12-13 06:00:00,1.6079700000000006
1999-12-14 06:00:00,1.6088700000000007
1999-12-15 06:00:00,1.5936700000000006
1999-12-16 06:00:00,1.5930700000000007
1999-12-17 06:00:00,1.5977700000000004
1999-12-20 06:00:00,1.5846700000000007
1999-12-21 06:00:00,1.6016700000000006
1999-12-22 06:00:00,1.5958700000000003
1999-12-23 06:00:00,1.5992700000000004
1999-12-27 06:00:00,1.6092700000000006
1999-12-29 06:00:00,1.6331700000000005
1999-12-30 06:00:00,1.6269700000000007
1999-12-31 06:00:00,1.6216700000000006
2000-01-03 06:00:00,1.6077700000000006
2000-01-04 06:00:00,1.5992700000000004
2000-01-05 06:00:00,1.6021700000000008
2000-01-06 06:00:00,1.6143700000000007
2000-01-07 06:00:00,1.6186700000000005
2000-01-10 06:00:00,1.6196700000000004
2000-01-11 06:00:00,1.6209700000000005
2000-01-12 06:00:00,1.6252700000000007
2000-01-13 06:00:00,1.6398700000000004
2000-01-14 06:00:00,1.6534700000000007
2000-01-18 06:00:00,1.6656700000000007
2000-01-20 06:00:00,1.6740700000000006
2000-01-21 06:00:00,1.6846700000000008
2000-01-24 06:00:00,1.7086700000000004
2000-01-25 06:00:00,1.7005700000000006
2000-01-26 06:00:00,1.6925700000000006
2000-01-28 06:00:00,1.7262700000000006
2000-01-31 06:00:00,1.7352700000000005
2000-02-01 06:00:00,1.7292700000000008
2000-02-02 06:00:00,1.7128700000000008
2000-02-03 06:00:00,1.6496700000000006
2000-02-04 06:00:00,1.6546700000000005
2000-02-07 06:00:00,1.6746700000000005
2000-02-08 06:00:00,1.6878700000000004
2000-02-09 06:00:00,1.6779700000000004
2000-02-10 06:00:00,1.6807700000000005
2000-02-11 06:00:00,1.6513700000000007
2000-02-14 06:00:00,1.6634700000000004
2000-02-15 06:00:00,1.6729700000000005
2000-02-16 06:00:00,1.6752700000000005
2000-02-17 06:00:00,1.6722700000000004
2000-02-18 06:00:00,1.6676700000000004
2000-02-22 06:00:00,1.6446700000000007
2000-02-23 06:00:00,1.6398700000000004
2000-02-24 06:00:00,1.6549700000000007
2000-02-25 06:00:00,1.6950700000000005
2000-02-28 06:00:00,1.7001700000000006
2000-02-29 06:00:00,1.6896700000000007
2000-03-01 06:00:00,1.6819700000000004
2000-03-02 06:00:00,1.6918700000000004
2000-03-03 06:00:00,1.7074700000000005
2000-03-06 06:00:00,1.7051700000000005
2000-03-07 06:00:00,1.7166700000000004
2000-03-08 06:00:00,1.7086700000000004
2000-03-09 06:00:00,1.6934700000000007
2000-03-10 06:00:00,1.7040700000000004
2000-03-13 06:00:00,1.6968700000000008
2000-03-14 06:00:00,1.6894700000000007
2000-03-15 06:00:00,1.6781700000000004
2000-03-16 06:00:00,1.6778700000000006
2000-03-17 06:00:00,1.6675700000000007
2000-03-20 06:00:00,1.6627700000000007
2000-03-21 06:00:00,1.6917700000000007
2000-03-22 06:00:00,1.7050700000000008
2000-03-23 06:00:00,1.6765700000000006
2000-03-24 06:00:00,1.6564700000000008
2000-03-27 06:00:00,1.6765700000000006
2000-03-28 06:00:00,1.6958700000000004
2000-03-29 06:00:00,1.7394700000000003
2000-03-30 06:00:00,1.7126700000000004
2000-03-31 06:00:00,1.7188700000000006
2000-04-03 05:00:00,1.7034700000000005
2000-04-05 05:00:00,1.6575700000000004
2000-04-06 05:00:00,1.6545700000000008
2000-04-07 05:00:00,1.6690700000000007
2000-04-10 05:00:00,1.6617700000000004
2000-04-11 05:00:00,1.6628700000000005
2000-04-12 05:00:00,1.6839700000000006
2000-04-13 05:00:00,1.6886700000000003
2000-04-14 05:00:00,1.6725700000000006
2000-04-17 05:00:00,1.6747700000000008
2000-04-18 05:00:00,1.6948700000000005
2000-04-19 05:00:00,1.7070700000000005
2000-04-20 05:00:00,1.7188700000000006
2000-04-25 05:00:00,1.7720700000000014
2000-04-26 05:00:00,1.769870000000001
2000-04-27 05:00:00,1.7940700000000016
2000-04-28 05:00:00,1.754970000000001
2000-05-01 05:00:00,1.7242700000000004
2000-05-02 05:00:00,1.752670000000001
2000-05-03 05:00:00,1.7598700000000012
2000-05-04 05:00:00,1.7521700000000013
2000-05-05 05:00:00,1.7188700000000006
2000-05-08 05:00:00,1.7225700000000004
2000-05-09 05:00:00,1.7084700000000004
2000-05-10 05:00:00,1.6711700000000007
2000-05-11 05:00:00,1.6745700000000003
2000-05-12 05:00:00,1.6390700000000005
2000-05-15 05:00:00,1.6502700000000006
2000-05-16 05:00:00,1.6388700000000005
2000-05-17 05:00:00,1.6661700000000004
2000-05-18 05:00:00,1.6584700000000006
2000-05-19 05:00:00,1.6456700000000006
2000-05-22 05:00:00,1.6470700000000005
2000-05-23 05:00:00,1.6292700000000007
2000-05-24 05:00:00,1.6214700000000006
2000-05-25 05:00:00,1.6006700000000007
2000-05-26 05:00:00,1.5758700000000008
2000-05-30 05:00:00,1.6044700000000007
2000-05-31 05:00:00,1.6025700000000007
2000-06-01 05:00:00,1.5988700000000005
2000-06-02 05:00:00,1.5954700000000004
2000-06-05 05:00:00,1.6050700000000007
2000-06-06 05:00:00,1.5981700000000008
2000-06-07 05:00:00,1.5641700000000005
2000-06-08 05:00:00,1.5603700000000005
2000-06-09 05:00:00,1.5603700000000005
2000-06-12 05:00:00,1.5612700000000006
2000-06-13 05:00:00,1.5406700000000007
2000-06-14 05:00:00,1.5304700000000009
2000-06-15 05:00:00,1.5379700000000007
2000-06-16 05:00:00,1.5341700000000007
2000-06-19 05:00:00,1.549270000000001
2000-06-20 05:00:00,1.5516700000000008
2000-06-21 05:00:00,1.544170000000001
2000-06-22 05:00:00,1.5892700000000006
2000-06-23 05:00:00,1.579370000000001
2000-06-26 05:00:00,1.560570000000001
2000-06-27 05:00:00,1.5486700000000007
2000-06-28 05:00:00,1.571770000000001
2000-06-29 05:00:00,1.5729700000000009
2000-06-30 05:00:00,1.5548700000000009
2000-07-03 05:00:00,1.5619700000000007
2000-07-05 05:00:00,1.5381700000000007
2000-07-06 05:00:00,1.5404700000000007
2000-07-07 05:00:00,1.5549700000000006
2000-07-10 05:00:00,1.5463700000000007
2000-07-11 05:00:00,1.5602700000000007
2000-07-12 05:00:00,1.579370000000001
2000-07-13 05:00:00,1.578270000000001
2000-07-14 05:00:00,1.578270000000001
2000-07-17 05:00:00,1.5657700000000008
2000-07-18 05:00:00,1.5983700000000007
2000-07-19 05:00:00,1.6031700000000007
2000-07-20 05:00:00,1.6061700000000008
2000-07-21 05:00:00,1.6112700000000009
2000-07-24 05:00:00,1.618270000000001
2000-07-25 05:00:00,1.602270000000001
2000-07-26 05:00:00,1.5926700000000007
2000-07-27 05:00:00,1.6090700000000007
2000-07-28 05:00:00,1.6099700000000008
2000-07-31 05:00:00,1.6004700000000007
2000-08-01 05:00:00,1.6067700000000007
2000-08-02 05:00:00,1.616570000000001
2000-08-03 05:00:00,1.6419700000000008
2000-08-04 05:00:00,1.6555700000000007
2000-08-07 05:00:00,1.6667700000000008
2000-08-08 05:00:00,1.6694700000000007
2000-08-09 05:00:00,1.673570000000001
2000-08-10 05:00:00,1.6459700000000008
2000-08-11 05:00:00,1.6810700000000007
2000-08-14 05:00:00,1.6827700000000008
2000-08-15 05:00:00,1.6646700000000008
2000-08-16 05:00:00,1.6589700000000007
2000-08-17 05:00:00,1.651070000000001
2000-08-18 05:00:00,1.6600700000000008
2000-08-21 05:00:00,1.674270000000001
2000-08-22 05:00:00,1.6783700000000008
2000-08-23 05:00:00,1.6589700000000007
2000-08-24 05:00:00,1.6336700000000006
2000-08-25 05:00:00,1.6135700000000008
2000-08-28 05:00:00,1.6174700000000006
2000-08-29 05:00:00,1.624170000000001
2000-08-30 05:00:00,1.6284700000000008
2000-08-31 05:00:00,1.6246700000000007
2000-09-01 05:00:00,1.6246700000000007
2000-09-05 05:00:00,1.639070000000001
2000-09-06 05:00:00,1.659070000000001
2000-09-07 05:00:00,1.650470000000001
2000-09-08 05:00:00,1.6293700000000009
2000-09-11 05:00:00,1.5996700000000008
2000-09-12 05:00:00,1.5872700000000008
2000-09-13 05:00:00,1.592770000000001
2000-09-14 05:00:00,1.595570000000001
2000-09-15 05:00:00,1.598270000000001
2000-09-18 05:00:00,1.609670000000001
2000-09-19 05:00:00,1.606870000000001
2000-09-20 05:00:00,1.6090700000000007
2000-09-21 05:00:00,1.640970000000001
2000-09-22 05:00:00,1.626070000000001
2000-09-25 05:00:00,1.6236700000000008
2000-09-26 05:00:00,1.626270000000001
2000-09-27 05:00:00,1.6280700000000008
2000-09-28 05:00:00,1.636570000000001
2000-09-29 05:00:00,1.650870000000001
2000-10-02 05:00:00,1.6524700000000008
2000-10-03 05:00:00,1.6354700000000009
2000-10-04 05:00:00,1.6406700000000007
2000-10-05 05:00:00,1.637870000000001
2000-10-06 05:00:00,1.6349700000000007
2000-10-09 05:00:00,1.640570000000001
2000-10-10 05:00:00,1.6433700000000007
2000-10-11 05:00:00,1.650670000000001
2000-10-12 05:00:00,1.6676700000000009
2000-10-13 05:00:00,1.677570000000001
2000-10-16 05:00:00,1.676170000000001
2000-10-17 05:00:00,1.6665700000000008
2000-10-18 05:00:00,1.691970000000001
2000-10-19 05:00:00,1.686870000000001
2000-10-20 05:00:00,1.691970000000001
2000-10-23 05:00:00,1.7206700000000008
2000-10-24 05:00:00,1.7120700000000009
2000-10-25 05:00:00,1.721370000000001
2000-10-26 05:00:00,1.719070000000001
2000-10-27 05:00:00,1.7369700000000008
2000-10-30 06:00:00,1.7343700000000009
2000-10-31 06:00:00,1.7147700000000008
2000-11-01 06:00:00,1.6819700000000009
2000-11-02 06:00:00,1.6749700000000007
2000-11-03 06:00:00,1.6551700000000007
2000-11-06 06:00:00,1.6385700000000007
2000-11-07 06:00:00,1.6459700000000008
2000-11-08 06:00:00,1.6419700000000008
2000-11-09 06:00:00,1.6261700000000008
2000-11-10 06:00:00,1.6349700000000007
2000-11-13 06:00:00,1.6568700000000007
2000-11-14 06:00:00,1.6495700000000009
2000-11-15 06:00:00,1.6488700000000007
2000-11-16 06:00:00,1.6625700000000008
2000-11-17 06:00:00,1.6741700000000008
2000-11-20 06:00:00,1.6684700000000008
2000-11-21 06:00:00,1.6699700000000008
2000-11-22 06:00:00,1.651270000000001
2000-11-24 06:00:00,1.6412700000000007
2000-11-27 06:00:00,1.6339700000000008
2000-11-28 06:00:00,1.615070000000001
2000-11-29 06:00:00,1.624170000000001
2000-11-30 06:00:00,1.5857700000000008
2000-12-01 06:00:00,1.594470000000001
2000-12-04 06:00:00,1.5878700000000008
2000-12-05 06:00:00,1.575570000000001
2000-12-06 06:00:00,1.5716700000000008
2000-12-07 06:00:00,1.572770000000001
2000-12-08 06:00:00,1.593670000000001
2000-12-11 06:00:00,1.613470000000001
2000-12-12 06:00:00,1.5996700000000008
2000-12-13 06:00:00,1.6151700000000007
2000-12-14 06:00:00,1.6107700000000003
2000-12-15 06:00:00,1.5985700000000003
2000-12-18 06:00:00,1.5979700000000003
2000-12-19 06:00:00,1.5920700000000003
2000-12-20 06:00:00,1.5911700000000006
2000-12-21 06:00:00,1.5716700000000003
2000-12-22 06:00:00,1.5529700000000004
2000-12-26 06:00:00,1.5479700000000005
2000-12-27 06:00:00,1.5696700000000006
2000-12-28 06:00:00,1.5628700000000004
2000-12-29 06:00:00,1.5371700000000004
2001-01-02 06:00:00,1.5238700000000003
2001-01-03 06:00:00,1.5538700000000005
2001-01-04 06:00:00,1.5301700000000003
2001-01-05 06:00:00,1.5238700000000003
2001-01-08 06:00:00,1.5325700000000004
2001-01-09 06:00:00,1.5319700000000005
2001-01-10 06:00:00,1.5478700000000003
2001-01-11 06:00:00,1.5347700000000006
2001-01-12 06:00:00,1.5183700000000007
2001-01-16 06:00:00,1.5295700000000003
2001-01-17 06:00:00,1.5513700000000006
2001-01-18 06:00:00,1.5095700000000003
2001-01-19 06:00:00,1.5248700000000006
2001-01-22 06:00:00,1.5208700000000006
2001-01-23 06:00:00,1.5247700000000004
2001-01-24 06:00:00,1.5445700000000004
2001-01-25 06:00:00,1.5439700000000005
2001-01-26 06:00:00,1.5377700000000003
2001-01-29 06:00:00,1.5447700000000004
2001-01-30 06:00:00,1.5344700000000004
2001-01-31 06:00:00,1.5274700000000003
2001-02-01 06:00:00,1.5361700000000005
2001-02-02 06:00:00,1.5409700000000004
2001-02-05 06:00:00,1.5445700000000004
2001-02-06 06:00:00,1.5454700000000006
2001-02-07 06:00:00,1.5322700000000007
2001-02-08 06:00:00,1.5405700000000004
2001-02-09 06:00:00,1.5275700000000005
2001-02-12 06:00:00,1.5303700000000007
2001-02-13 06:00:00,1.5538700000000005
2001-02-14 06:00:00,1.5587700000000007
2001-02-15 06:00:00,1.5847700000000005
2001-02-16 06:00:00,1.5584700000000005
2001-02-20 06:00:00,1.5691700000000004
2001-02-21 06:00:00,1.5649700000000004
2001-02-22 06:00:00,1.5777700000000003
2001-02-23 06:00:00,1.5607700000000004
2001-02-26 06:00:00,1.5656700000000006
2001-02-27 06:00:00,1.5522700000000003
2001-02-28 06:00:00,1.5443700000000005
2001-03-01 06:00:00,1.5368700000000006
2001-03-02 06:00:00,1.5551700000000006
2001-03-05 06:00:00,1.5568700000000006
2001-03-06 06:00:00,1.5538700000000005
2001-03-07 06:00:00,1.5546700000000004
2001-03-08 06:00:00,1.5610700000000006
2001-03-09 06:00:00,1.5574700000000006
2001-03-12 06:00:00,1.5609700000000004
2001-03-13 06:00:00,1.5747700000000007
2001-03-14 06:00:00,1.5815700000000008
2001-03-15 06:00:00,1.592170000000001
2001-03-16 06:00:00,1.582070000000001
2001-03-19 06:00:00,1.5640700000000007
2001-03-20 06:00:00,1.5609700000000009
2001-03-21 06:00:00,1.5850700000000006
2001-03-22 06:00:00,1.5850700000000006
2001-03-23 06:00:00,1.592570000000001
2001-03-26 06:00:00,1.594270000000001
2001-03-27 06:00:00,1.596370000000001
2001-03-28 06:00:00,1.6161700000000006
2001-03-29 06:00:00,1.6032700000000009
2001-03-30 06:00:00,1.6067700000000007
2001-04-02 05:00:00,1.5930700000000007
2001-04-03 05:00:00,1.578670000000001
2001-04-04 05:00:00,1.5672700000000008
2001-04-05 05:00:00,1.5711700000000006
2001-04-06 05:00:00,1.5715700000000006
2001-04-09 05:00:00,1.5985700000000007
2001-04-10 05:00:00,1.6020700000000005
2001-04-11 05:00:00,1.5974700000000006
2001-04-12 05:00:00,1.5947700000000007
2001-04-16 05:00:00,1.6055700000000008
2001-04-17 05:00:00,1.6152700000000009
2001-04-18 05:00:00,1.6098700000000006
2001-04-19 05:00:00,1.6091700000000009
2001-04-20 05:00:00,1.5798700000000008
2001-04-23 05:00:00,1.5957700000000006
2001-04-24 05:00:00,1.6017700000000008
2001-04-25 05:00:00,1.5993700000000006
2001-04-26 05:00:00,1.5945700000000007
2001-04-27 05:00:00,1.6154700000000008
2001-04-30 05:00:00,1.620370000000001
2001-05-01 05:00:00,1.620570000000001
2001-05-02 05:00:00,1.6177700000000008
2001-05-03 05:00:00,1.6286700000000007
2001-05-04 05:00:00,1.6250700000000007
2001-05-07 05:00:00,1.6342700000000006
2001-05-08 05:00:00,1.630470000000001
2001-05-09 05:00:00,1.6200700000000008
2001-05-10 05:00:00,1.6237700000000006
2001-05-11 05:00:00,1.6277700000000006
2001-05-14 05:00:00,1.6303700000000008
2001-05-15 05:00:00,1.628570000000001
2001-05-16 05:00:00,1.623070000000001
2001-05-17 05:00:00,1.6318700000000008
2001-05-18 05:00:00,1.6537700000000009
2001-05-21 05:00:00,1.6591700000000007
2001-05-22 05:00:00,1.6662700000000006
2001-05-23 05:00:00,1.6680700000000008
2001-05-24 05:00:00,1.6502700000000006
2001-05-25 05:00:00,1.6744700000000006
2001-05-29 05:00:00,1.6774700000000007
2001-05-30 05:00:00,1.681570000000001
2001-05-31 05:00:00,1.6906700000000006
2001-06-01 05:00:00,1.6896700000000007
2001-06-04 05:00:00,1.6843700000000006
2001-06-05 05:00:00,1.657370000000001
2001-06-06 05:00:00,1.6401700000000006
2001-06-07 05:00:00,1.6399700000000006
2001-06-08 05:00:00,1.6210700000000007
2001-06-11 05:00:00,1.6254700000000006
2001-06-12 05:00:00,1.6080700000000008
2001-06-13 05:00:00,1.6377700000000008
2001-06-14 05:00:00,1.6292700000000007
2001-06-15 05:00:00,1.647770000000001
2001-06-18 05:00:00,1.6457700000000008
2001-06-19 05:00:00,1.655570000000001
2001-06-20 05:00:00,1.6478700000000008
2001-06-21 05:00:00,1.667970000000001
2001-06-22 05:00:00,1.6556700000000009
2001-06-25 05:00:00,1.648170000000001
2001-06-26 05:00:00,1.6482700000000008
2001-06-27 05:00:00,1.653870000000001
2001-06-28 05:00:00,1.6857700000000009
2001-06-29 05:00:00,1.686070000000001
2001-07-02 05:00:00,1.695670000000001
2001-07-03 05:00:00,1.678270000000001
2001-07-05 05:00:00,1.6987700000000008
2001-07-06 05:00:00,1.684770000000001
2001-07-09 05:00:00,1.682870000000001
2001-07-10 05:00:00,1.6646700000000008
2001-07-11 05:00:00,1.6391700000000007
2001-07-12 05:00:00,1.6438700000000008
2001-07-13 05:00:00,1.6362700000000008
2001-07-16 05:00:00,1.6311700000000007
2001-07-17 05:00:00,1.610670000000001
2001-07-18 05:00:00,1.595970000000001
2001-07-19 05:00:00,1.6202700000000008
2001-07-20 05:00:00,1.623570000000001
2001-07-23 05:00:00,1.6147700000000007
2001-07-24 05:00:00,1.6030700000000009
2001-07-25 05:00:00,1.6025700000000007
2001-07-26 05:00:00,1.6112700000000009
2001-07-27 05:00:00,1.607970000000001
2001-07-30 05:00:00,1.6175700000000008
2001-07-31 05:00:00,1.6183700000000008
2001-08-01 05:00:00,1.612170000000001
2001-08-02 05:00:00,1.603570000000001
2001-08-03 05:00:00,1.5969700000000009
2001-08-06 05:00:00,1.5830700000000009
2001-08-07 05:00:00,1.590270000000001
2001-08-08 05:00:00,1.577270000000001
2001-08-09 05:00:00,1.5630700000000008
2001-08-10 05:00:00,1.5695700000000008
2001-08-13 05:00:00,1.5602700000000007
2001-08-14 05:00:00,1.5588700000000009
2001-08-15 05:00:00,1.554470000000001
2001-08-16 05:00:00,1.5628700000000009
2001-08-17 05:00:00,1.553070000000001
2001-08-20 05:00:00,1.5590700000000008
2001-08-21 05:00:00,1.5680700000000007
2001-08-22 05:00:00,1.5689700000000009
2001-08-23 05:00:00,1.561070000000001
2001-08-24 05:00:00,1.5627700000000007
2001-08-27 05:00:00,1.567570000000001
2001-08-28 05:00:00,1.5743700000000007
2001-08-29 05:00:00,1.582070000000001
2001-08-30 05:00:00,1.567570000000001
2001-08-31 05:00:00,1.582970000000001
2001-09-04 05:00:00,1.6227700000000007
2001-09-05 05:00:00,1.6463700000000008
2001-09-06 05:00:00,1.6200700000000008
2001-09-07 05:00:00,1.6091700000000009
2001-09-10 05:00:00,1.619570000000001
2001-09-17 05:00:00,1.513670000000001
2001-09-18 05:00:00,1.510370000000001
2001-09-19 05:00:00,1.495570000000001
2001-09-20 05:00:00,1.493670000000001
2001-09-21 05:00:00,1.463170000000001
2001-09-24 05:00:00,1.501670000000001
2001-09-25 05:00:00,1.499170000000001
2001-09-26 05:00:00,1.5186700000000013
2001-09-27 05:00:00,1.5411700000000013
2001-09-28 05:00:00,1.5506700000000009
2001-10-01 05:00:00,1.552670000000001
2001-10-02 05:00:00,1.539170000000001
2001-10-03 05:00:00,1.559170000000001
2001-10-04 05:00:00,1.5590700000000013
2001-10-05 05:00:00,1.5585700000000011
2001-10-08 05:00:00,1.5253700000000012
2001-10-09 05:00:00,1.5316700000000012
2001-10-10 05:00:00,1.5266700000000013
2001-10-11 05:00:00,1.5396700000000012
2001-10-12 05:00:00,1.527170000000001
2001-10-15 05:00:00,1.521470000000001
2001-10-16 05:00:00,1.529270000000001
2001-10-17 05:00:00,1.5379700000000012
2001-10-18 05:00:00,1.5289700000000013
2001-10-19 05:00:00,1.522070000000001
2001-10-22 05:00:00,1.526570000000001
2001-10-23 05:00:00,1.5329700000000013
2001-10-24 05:00:00,1.5335700000000012
2001-10-25 05:00:00,1.5251700000000012
2001-10-26 05:00:00,1.543170000000001
2001-10-29 06:00:00,1.5346700000000013
2001-10-30 06:00:00,1.526270000000001
2001-10-31 06:00:00,1.544670000000001
2001-11-01 06:00:00,1.5491700000000013
2001-11-02 06:00:00,1.553670000000001
2001-11-05 06:00:00,1.5636700000000012
2001-11-06 06:00:00,1.561670000000001
2001-11-07 06:00:00,1.5686700000000011
2001-11-08 06:00:00,1.5556700000000012
2001-11-09 06:00:00,1.5581700000000012
2001-11-12 06:00:00,1.5516700000000012
2001-11-13 06:00:00,1.579770000000001
2001-11-14 06:00:00,1.565870000000001
2001-11-15 06:00:00,1.5510700000000013
2001-11-16 06:00:00,1.536170000000001
2001-11-19 06:00:00,1.514270000000001
2001-11-20 06:00:00,1.511770000000001
2001-11-21 06:00:00,1.5137700000000012
2001-11-22 06:00:00,1.517870000000001
2001-11-23 06:00:00,1.5223700000000011
2001-11-26 06:00:00,1.5236700000000012
2001-11-27 06:00:00,1.517670000000001
2001-11-28 06:00:00,1.5188700000000013
2001-11-29 06:00:00,1.521470000000001
2001-11-30 06:00:00,1.5106700000000013
2001-12-03 06:00:00,1.529670000000001
2001-12-04 06:00:00,1.522970000000001
2001-12-05 06:00:00,1.5247700000000013
2001-12-06 06:00:00,1.5251700000000012
2001-12-07 06:00:00,1.549870000000001
2001-12-10 06:00:00,1.5571700000000013
2001-12-11 06:00:00,1.552670000000001
2001-12-12 06:00:00,1.548670000000001
2001-12-13 06:00:00,1.5546700000000009
2001-12-14 06:00:00,1.5423700000000007
2001-12-17 06:00:00,1.5581700000000007
2001-12-18 06:00:00,1.5531700000000008
2001-12-19 06:00:00,1.5495700000000008
2001-12-20 06:00:00,1.5361700000000005
2001-12-21 06:00:00,1.5533700000000008
2001-12-24 06:00:00,1.6181700000000008
2001-12-26 06:00:00,1.6356700000000008
2001-12-27 06:00:00,1.6106700000000005
2001-12-28 06:00:00,1.6031700000000007
2001-12-31 06:00:00,1.5900700000000005
2002-01-02 06:00:00,1.5486700000000007
2002-01-03 06:00:00,1.5453700000000008
2002-01-04 06:00:00,1.5633700000000006
2002-01-07 06:00:00,1.5506700000000009
2002-01-08 06:00:00,1.5583700000000007
2002-01-09 06:00:00,1.5636700000000008
2002-01-10 06:00:00,1.5706700000000005
2002-01-11 06:00:00,1.5728700000000007
2002-01-14 06:00:00,1.5771700000000008
2002-01-15 06:00:00,1.5801700000000005
2002-01-16 06:00:00,1.5646700000000007
2002-01-17 06:00:00,1.5706700000000005
2002-01-18 06:00:00,1.5646700000000007
2002-01-22 06:00:00,1.5516700000000008
2002-01-23 06:00:00,1.5593700000000006
2002-01-24 06:00:00,1.5632700000000008
2002-01-25 06:00:00,1.5786700000000005
2002-01-28 06:00:00,1.5818700000000006
2002-01-29 06:00:00,1.5816700000000006
2002-01-30 06:00:00,1.5954700000000008
2002-01-31 06:00:00,1.6065700000000007
2002-02-01 06:00:00,1.6101700000000008
2002-02-04 06:00:00,1.5931700000000009
2002-02-05 06:00:00,1.5827700000000007
2002-02-06 06:00:00,1.5739700000000008
2002-02-07 06:00:00,1.5696700000000006
2002-02-08 06:00:00,1.5710700000000009
2002-02-11 06:00:00,1.5753700000000006
2002-02-12 06:00:00,1.5992700000000009
2002-02-13 06:00:00,1.6086700000000007
2002-02-14 06:00:00,1.6111700000000007
2002-02-15 06:00:00,1.6149700000000007
2002-02-19 06:00:00,1.5984700000000005
2002-02-20 06:00:00,1.6095700000000008
2002-02-21 06:00:00,1.6091700000000009
2002-02-22 06:00:00,1.6026700000000005
2002-02-25 06:00:00,1.6016700000000006
2002-02-26 06:00:00,1.6018700000000006
2002-02-27 06:00:00,1.6033700000000006
2002-02-28 06:00:00,1.5886700000000007
2002-03-01 06:00:00,1.6046700000000007
2002-03-04 06:00:00,1.6006700000000007
2002-03-05 06:00:00,1.5961700000000005
2002-03-06 06:00:00,1.5766700000000007
2002-03-07 06:00:00,1.5651700000000008
2002-03-08 06:00:00,1.5819700000000008
2002-03-11 06:00:00,1.5699700000000008
2002-03-12 06:00:00,1.5581700000000007
2002-03-13 06:00:00,1.5561700000000005
2002-03-14 06:00:00,1.5371700000000008
2002-03-15 06:00:00,1.5446700000000007
2002-03-18 06:00:00,1.5520700000000007
2002-03-19 06:00:00,1.5477700000000005
2002-03-20 06:00:00,1.5488700000000006
2002-03-21 06:00:00,1.5492700000000006
2002-03-22 06:00:00,1.5607700000000009
2002-03-25 06:00:00,1.5617700000000008
2002-03-26 06:00:00,1.5667700000000007
2002-03-27 06:00:00,1.5772700000000006
2002-03-28 06:00:00,1.5862700000000005
2002-04-01 06:00:00,1.5817700000000008
2002-04-02 06:00:00,1.5773700000000008
2002-04-03 06:00:00,1.5689700000000009
2002-04-04 06:00:00,1.5747700000000007
2002-04-05 06:00:00,1.5737700000000008
2002-04-08 05:00:00,1.5857700000000008
2002-04-09 05:00:00,1.5804700000000007
2002-04-10 05:00:00,1.5832700000000008
2002-04-11 05:00:00,1.5767700000000004
2002-04-12 05:00:00,1.5874700000000008
2002-04-15 05:00:00,1.586870000000001
2002-04-16 05:00:00,1.5857700000000008
2002-04-17 05:00:00,1.5762700000000007
2002-04-18 05:00:00,1.5772700000000006
2002-04-19 05:00:00,1.5722700000000007
2002-04-22 05:00:00,1.5845700000000005
2002-04-23 05:00:00,1.5802700000000007
2002-04-24 05:00:00,1.5707700000000007
2002-04-25 05:00:00,1.5626700000000004
2002-04-26 05:00:00,1.5576700000000006
2002-04-29 05:00:00,1.5534700000000006
2002-04-30 05:00:00,1.5446700000000007
2002-05-01 05:00:00,1.5367700000000009
2002-05-02 05:00:00,1.5472700000000008
2002-05-03 05:00:00,1.5225700000000006
2002-05-06 05:00:00,1.5251700000000008
2002-05-07 05:00:00,1.5247700000000008
2002-05-08 05:00:00,1.5330700000000006
2002-05-09 05:00:00,1.5327700000000009
2002-05-10 05:00:00,1.5210700000000006
2002-05-13 05:00:00,1.5177700000000007
2002-05-14 05:00:00,1.5337700000000007
2002-05-15 05:00:00,1.5249700000000008
2002-05-16 05:00:00,1.5202700000000007
2002-05-17 05:00:00,1.4989700000000006
2002-05-20 05:00:00,1.4941700000000007
2002-05-21 05:00:00,1.4963700000000009
2002-05-22 05:00:00,1.4902700000000009
2002-05-23 05:00:00,1.4902700000000009
2002-05-24 05:00:00,1.5036700000000007
2002-05-28 05:00:00,1.4922700000000007
2002-05-29 05:00:00,1.4922700000000007
2002-05-30 05:00:00,1.4819700000000007
2002-05-31 05:00:00,1.4828700000000008
2002-06-03 05:00:00,1.4857700000000007
2002-06-04 05:00:00,1.4777700000000007
2002-06-05 05:00:00,1.4817700000000007
2002-06-06 05:00:00,1.4733700000000007
2002-06-07 05:00:00,1.4702700000000009
2002-06-10 05:00:00,1.4758700000000007
2002-06-11 05:00:00,1.4890700000000006
2002-06-12 05:00:00,1.5012700000000005
2002-06-13 05:00:00,1.5027700000000006
2002-06-14 05:00:00,1.5039700000000005
2002-06-17 05:00:00,1.5114700000000008
2002-06-18 05:00:00,1.5127700000000008
2002-06-19 05:00:00,1.4927700000000008
2002-06-20 05:00:00,1.4882700000000006
2002-06-21 05:00:00,1.4612700000000005
2002-06-24 05:00:00,1.4694700000000005
2002-06-25 05:00:00,1.4617700000000007
2002-06-26 05:00:00,1.4784700000000008
2002-06-27 05:00:00,1.4769700000000008
2002-06-28 05:00:00,1.4720700000000007
2002-07-01 05:00:00,1.4790700000000008
2002-07-02 05:00:00,1.4877700000000005
2002-07-03 05:00:00,1.4762700000000006
2002-07-05 05:00:00,1.494070000000001
2002-07-08 05:00:00,1.4907700000000006
2002-07-09 05:00:00,1.4972700000000005
2002-07-10 05:00:00,1.5055700000000007
2002-07-11 05:00:00,1.5082700000000007
2002-07-12 05:00:00,1.5052700000000006
2002-07-15 05:00:00,1.4947700000000006
2002-07-16 05:00:00,1.4913700000000005
2002-07-17 05:00:00,1.4867700000000006
2002-07-18 05:00:00,1.4852700000000005
2002-07-19 05:00:00,1.4809700000000008
2002-07-22 05:00:00,1.4861700000000007
2002-07-23 05:00:00,1.502070000000001
2002-07-24 05:00:00,1.4944700000000009
2002-07-25 05:00:00,1.4907700000000006
2002-07-26 05:00:00,1.5009700000000008
2002-07-29 05:00:00,1.5264700000000009
2002-07-30 05:00:00,1.5353700000000006
2002-07-31 05:00:00,1.5294700000000006
2002-08-01 05:00:00,1.5046700000000006
2002-08-02 05:00:00,1.5140700000000005
2002-08-05 05:00:00,1.5210700000000006
2002-08-06 05:00:00,1.5269700000000006
2002-08-07 05:00:00,1.5084700000000006
2002-08-08 05:00:00,1.5246700000000006
2002-08-09 05:00:00,1.4989700000000006
2002-08-12 05:00:00,1.4968700000000006
2002-08-13 05:00:00,1.4959700000000005
2002-08-14 05:00:00,1.4988700000000008
2002-08-15 05:00:00,1.4950700000000008
2002-08-16 05:00:00,1.5002700000000007
2002-08-19 05:00:00,1.5027700000000006
2002-08-20 05:00:00,1.5031700000000006
2002-08-21 05:00:00,1.5066700000000008
2002-08-22 05:00:00,1.5195700000000005
2002-08-23 05:00:00,1.5101700000000007
2002-08-26 05:00:00,1.5135700000000007
2002-08-27 05:00:00,1.5024700000000009
2002-08-28 05:00:00,1.5141700000000007
2002-08-29 05:00:00,1.5263700000000007
2002-08-30 05:00:00,1.5311700000000006
2002-09-03 05:00:00,1.5129700000000008
2002-09-04 05:00:00,1.5227700000000006
2002-09-05 05:00:00,1.5177700000000007
2002-09-06 05:00:00,1.5282700000000007
2002-09-09 05:00:00,1.5316700000000008
2002-09-10 05:00:00,1.5415700000000008
2002-09-11 05:00:00,1.5472700000000008
2002-09-12 05:00:00,1.5508700000000009
2002-09-13 05:00:00,1.556570000000001
2002-09-16 05:00:00,1.550070000000001
2002-09-17 05:00:00,1.5457700000000008
2002-09-18 05:00:00,1.546270000000001
2002-09-19 05:00:00,1.527170000000001
2002-09-20 05:00:00,1.5369700000000008
2002-09-23 05:00:00,1.5388700000000008
2002-09-24 05:00:00,1.5427700000000006
2002-09-25 05:00:00,1.5507700000000006
2002-09-26 05:00:00,1.5550700000000008
2002-09-27 05:00:00,1.551770000000001
2002-09-30 05:00:00,1.5326700000000006
2002-10-01 05:00:00,1.5423700000000007
2002-10-02 05:00:00,1.5394700000000008
2002-10-03 05:00:00,1.5406700000000007
2002-10-04 05:00:00,1.5549700000000006
2002-10-07 05:00:00,1.549270000000001
2002-10-08 05:00:00,1.5514700000000008
2002-10-09 05:00:00,1.5345700000000007
2002-10-10 05:00:00,1.542470000000001
2002-10-11 05:00:00,1.5373700000000008
2002-10-15 05:00:00,1.5436700000000008
2002-10-16 05:00:00,1.5436700000000008
2002-10-17 05:00:00,1.5668700000000009
2002-10-18 05:00:00,1.5600700000000007
2002-10-21 05:00:00,1.552570000000001
2002-10-22 05:00:00,1.544370000000001
2002-10-23 05:00:00,1.549870000000001
2002-10-24 05:00:00,1.5529700000000008
2002-10-25 05:00:00,1.5509700000000006
2002-10-28 06:00:00,1.5451700000000008
2002-10-29 06:00:00,1.5404700000000007
2002-10-30 06:00:00,1.5429700000000006
2002-10-31 06:00:00,1.5388700000000008
2002-11-01 06:00:00,1.519170000000001
2002-11-04 06:00:00,1.5095700000000007
2002-11-05 06:00:00,1.513670000000001
2002-11-06 06:00:00,1.506970000000001
2002-11-07 06:00:00,1.518270000000001
2002-11-08 06:00:00,1.521270000000001
2002-11-12 06:00:00,1.5234700000000008
2002-11-13 06:00:00,1.537070000000001
2002-11-14 06:00:00,1.532370000000001
2002-11-15 06:00:00,1.523370000000001
2002-11-18 06:00:00,1.529070000000001
2002-11-19 06:00:00,1.5398700000000007
2002-11-20 06:00:00,1.5348700000000008
2002-11-21 06:00:00,1.5467700000000006
2002-11-22 06:00:00,1.559970000000001
2002-11-25 06:00:00,1.5550700000000008
2002-11-26 06:00:00,1.533870000000001
2002-11-27 06:00:00,1.5305700000000007
2002-11-29 06:00:00,1.539970000000001
2002-12-02 06:00:00,1.5318700000000007
2002-12-03 06:00:00,1.550470000000001
2002-12-04 06:00:00,1.5396700000000008
2002-12-05 06:00:00,1.542470000000001
2002-12-06 06:00:00,1.528170000000001
2002-12-09 06:00:00,1.5339700000000007
2002-12-10 06:00:00,1.527770000000001
2002-12-11 06:00:00,1.5379700000000007
2002-12-12 06:00:00,1.526070000000001
2002-12-13 06:00:00,1.5287700000000009
2002-12-16 06:00:00,1.5304700000000009
2002-12-17 06:00:00,1.5165700000000009
2002-12-18 06:00:00,1.5160700000000011
2002-12-19 06:00:00,1.5171700000000012
2002-12-20 06:00:00,1.5179700000000012
2002-12-23 06:00:00,1.4961700000000009
2002-12-24 06:00:00,1.4838700000000011
2002-12-26 06:00:00,1.4775700000000012
2002-12-27 06:00:00,1.4664700000000008
2002-12-30 06:00:00,1.4628700000000012
2002-12-31 06:00:00,1.4611700000000012
2003-01-02 06:00:00,1.469970000000001
2003-01-03 06:00:00,1.485070000000001
2003-01-06 06:00:00,1.4763700000000008
2003-01-07 06:00:00,1.485070000000001
2003-01-08 06:00:00,1.4777700000000011
2003-01-09 06:00:00,1.474170000000001
2003-01-10 06:00:00,1.4573700000000012
2003-01-13 06:00:00,1.456670000000001
2003-01-14 06:00:00,1.4628700000000012
2003-01-15 06:00:00,1.4632700000000012
2003-01-16 06:00:00,1.455770000000001
2003-01-17 06:00:00,1.454370000000001
2003-01-21 06:00:00,1.445270000000001
2003-01-22 06:00:00,1.449970000000001
2003-01-23 06:00:00,1.449670000000001
2003-01-24 06:00:00,1.4514700000000011
2003-01-27 06:00:00,1.4569700000000012
2003-01-28 06:00:00,1.469470000000001
2003-01-29 06:00:00,1.477470000000001
2003-01-30 06:00:00,1.485070000000001
2003-01-31 06:00:00,1.4895700000000012
2003-02-03 06:00:00,1.479570000000001
2003-02-04 06:00:00,1.4660700000000009
2003-02-05 06:00:00,1.4771700000000012
2003-02-06 06:00:00,1.461870000000001
2003-02-07 06:00:00,1.4554700000000012
2003-02-10 06:00:00,1.4672700000000012
2003-02-11 06:00:00,1.459570000000001
2003-02-12 06:00:00,1.4609700000000012
2003-02-13 06:00:00,1.4420700000000009
2003-02-14 06:00:00,1.4458700000000009
2003-02-18 06:00:00,1.4388700000000012
2003-02-19 06:00:00,1.431870000000001
2003-02-20 06:00:00,1.410170000000001
2003-02-21 06:00:00,1.4047700000000012
2003-02-24 06:00:00,1.4007700000000012
2003-02-25 06:00:00,1.383870000000001
2003-02-26 06:00:00,1.387470000000001
2003-02-27 06:00:00,1.395170000000001
2003-02-28 06:00:00,1.377370000000001
2003-03-03 06:00:00,1.364070000000001
2003-03-04 06:00:00,1.3698700000000008
2003-03-05 06:00:00,1.380470000000001
2003-03-06 06:00:00,1.3885700000000012
2003-03-07 06:00:00,1.3870700000000011
2003-03-10 06:00:00,1.374570000000001
2003-03-11 06:00:00,1.386370000000001
2003-03-12 06:00:00,1.4047700000000012
2003-03-13 06:00:00,1.425470000000001
2003-03-14 06:00:00,1.4159700000000008
2003-03-17 06:00:00,1.4192700000000007
2003-03-18 06:00:00,1.4199700000000008
2003-03-19 06:00:00,1.4297700000000007
2003-03-20 06:00:00,1.4262700000000008
2003-03-21 06:00:00,1.4457700000000007
2003-03-24 06:00:00,1.433470000000001
2003-03-25 06:00:00,1.426770000000001
2003-03-26 06:00:00,1.4296700000000009
2003-03-27 06:00:00,1.4180700000000008
2003-03-28 06:00:00,1.4138700000000008
2003-03-31 06:00:00,1.393770000000001
2003-04-01 06:00:00,1.3957700000000008
2003-04-02 06:00:00,1.416670000000001
2003-04-03 06:00:00,1.4257700000000006
2003-04-04 06:00:00,1.4188700000000007
2003-04-07 05:00:00,1.418370000000001
2003-04-08 05:00:00,1.4127700000000007
2003-04-09 05:00:00,1.4178700000000009
2003-04-10 05:00:00,1.436270000000001
2003-04-11 05:00:00,1.4451700000000007
2003-04-14 05:00:00,1.443570000000001
2003-04-15 05:00:00,1.442970000000001
2003-04-16 05:00:00,1.425070000000001
2003-04-17 05:00:00,1.4270700000000007
2003-04-21 05:00:00,1.4285700000000008
2003-04-22 05:00:00,1.421070000000001
2003-04-23 05:00:00,1.440070000000001
2003-04-24 05:00:00,1.429470000000001
2003-04-25 05:00:00,1.4243700000000008
2003-04-28 05:00:00,1.4397700000000009
2003-04-29 05:00:00,1.432870000000001
2003-04-30 05:00:00,1.4276700000000007
2003-05-01 05:00:00,1.427370000000001
2003-05-02 05:00:00,1.417270000000001
2003-05-05 05:00:00,1.4197700000000009
2003-05-06 05:00:00,1.4028700000000007
2003-05-07 05:00:00,1.373570000000001
2003-05-08 05:00:00,1.364070000000001
2003-05-09 05:00:00,1.3696700000000008
2003-05-12 05:00:00,1.3725700000000007
2003-05-13 05:00:00,1.377970000000001
2003-05-14 05:00:00,1.390970000000001
2003-05-15 05:00:00,1.409770000000001
2003-05-16 05:00:00,1.386370000000001
2003-05-19 05:00:00,1.3830700000000007
2003-05-20 05:00:00,1.382570000000001
2003-05-21 05:00:00,1.387170000000001
2003-05-22 05:00:00,1.384070000000001
2003-05-23 05:00:00,1.377770000000001
2003-05-27 05:00:00,1.3719700000000008
2003-05-28 05:00:00,1.387170000000001
2003-05-29 05:00:00,1.393070000000001
2003-05-30 05:00:00,1.3942700000000008
2003-06-02 05:00:00,1.396870000000001
2003-06-03 05:00:00,1.3992700000000007
2003-06-04 05:00:00,1.414570000000001
2003-06-05 05:00:00,1.4262700000000008
2003-06-06 05:00:00,1.4622700000000008
2003-06-09 05:00:00,1.4277700000000009
2003-06-10 05:00:00,1.442370000000001
2003-06-11 05:00:00,1.4510700000000007
2003-06-12 05:00:00,1.4563700000000008
2003-06-13 05:00:00,1.440270000000001
2003-06-16 05:00:00,1.4586700000000008
2003-06-17 05:00:00,1.4712700000000007
2003-06-18 05:00:00,1.490570000000001
2003-06-19 05:00:00,1.4803700000000009
2003-06-20 05:00:00,1.481270000000001
2003-06-23 05:00:00,1.481670000000001
2003-06-24 05:00:00,1.481870000000001
2003-06-25 05:00:00,1.4931700000000008
2003-06-26 05:00:00,1.513870000000001
2003-06-27 05:00:00,1.497070000000001
2003-06-30 05:00:00,1.5116700000000007
2003-07-01 05:00:00,1.5057700000000007
2003-07-02 05:00:00,1.511170000000001
2003-07-03 05:00:00,1.526770000000001
2003-07-07 05:00:00,1.539370000000001
2003-07-08 05:00:00,1.5139700000000007
2003-07-09 05:00:00,1.499370000000001
2003-07-10 05:00:00,1.5015700000000007
2003-07-11 05:00:00,1.512670000000001
2003-07-14 05:00:00,1.4965700000000008
2003-07-15 05:00:00,1.477070000000001
2003-07-16 05:00:00,1.4720700000000007
2003-07-17 05:00:00,1.4607700000000008
2003-07-18 05:00:00,1.4411700000000007
2003-07-21 05:00:00,1.4438700000000007
2003-07-22 05:00:00,1.4556700000000007
2003-07-23 05:00:00,1.4451700000000007
2003-07-24 05:00:00,1.4542700000000008
2003-07-25 05:00:00,1.4554700000000007
2003-07-28 05:00:00,1.4660700000000009
2003-07-29 05:00:00,1.4739700000000007
2003-07-30 05:00:00,1.485070000000001
2003-07-31 05:00:00,1.484470000000001
2003-08-01 05:00:00,1.4752700000000007
2003-08-04 05:00:00,1.4493700000000007
2003-08-05 05:00:00,1.454370000000001
2003-08-06 05:00:00,1.456070000000001
2003-08-07 05:00:00,1.467570000000001
2003-08-08 05:00:00,1.462570000000001
2003-08-11 05:00:00,1.465270000000001
2003-08-12 05:00:00,1.472270000000001
2003-08-13 05:00:00,1.4798700000000007
2003-08-14 05:00:00,1.481270000000001
2003-08-15 05:00:00,1.471570000000001
2003-08-18 05:00:00,1.490770000000001
2003-08-19 05:00:00,1.487970000000001
2003-08-20 05:00:00,1.495370000000001
2003-08-21 05:00:00,1.510070000000001
2003-08-22 05:00:00,1.5162700000000007
2003-08-25 05:00:00,1.5076700000000007
2003-08-26 05:00:00,1.4984700000000009
2003-08-27 05:00:00,1.5072700000000008
2003-08-28 05:00:00,1.517670000000001
2003-08-29 05:00:00,1.4986700000000008
2003-09-02 05:00:00,1.510270000000001
2003-09-03 05:00:00,1.5087700000000008
2003-09-04 05:00:00,1.512470000000001
2003-09-05 05:00:00,1.484670000000001
2003-09-08 05:00:00,1.4859700000000007
2003-09-09 05:00:00,1.479970000000001
2003-09-10 05:00:00,1.4885700000000008
2003-09-11 05:00:00,1.4946700000000008
2003-09-12 05:00:00,1.4992700000000008
2003-09-15 05:00:00,1.4944700000000009
2003-09-16 05:00:00,1.4937700000000007
2003-09-17 05:00:00,1.502770000000001
2003-09-18 05:00:00,1.525670000000001
2003-09-19 05:00:00,1.523970000000001
2003-09-22 05:00:00,1.521270000000001
2003-09-23 05:00:00,1.529870000000001
2003-09-24 05:00:00,1.5327700000000009
2003-09-25 05:00:00,1.523370000000001
2003-09-26 05:00:00,1.518070000000001
2003-09-29 05:00:00,1.503170000000001
2003-09-30 05:00:00,1.487170000000001
2003-10-01 05:00:00,1.4834700000000007
2003-10-02 05:00:00,1.4912700000000008
2003-10-03 05:00:00,1.5143700000000007
2003-10-06 05:00:00,1.4960700000000007
2003-10-07 05:00:00,1.4792700000000008
2003-10-08 05:00:00,1.476670000000001
2003-10-09 05:00:00,1.4908700000000008
2003-10-10 05:00:00,1.477270000000001
2003-10-14 05:00:00,1.497070000000001
2003-10-15 05:00:00,1.5118700000000007
2003-10-16 05:00:00,1.5266700000000009
2003-10-17 05:00:00,1.5232700000000008
2003-10-20 05:00:00,1.5213700000000008
2003-10-21 05:00:00,1.523970000000001
2003-10-22 05:00:00,1.5200700000000007
2003-10-23 05:00:00,1.5215700000000008
2003-10-24 05:00:00,1.5177700000000007
2003-10-27 06:00:00,1.5306700000000009
2003-10-28 06:00:00,1.550070000000001
2003-10-29 06:00:00,1.5577700000000008
2003-10-30 06:00:00,1.555370000000001
2003-10-31 06:00:00,1.5699700000000008
2003-11-03 06:00:00,1.5798700000000008
2003-11-04 06:00:00,1.5859700000000008
2003-11-05 06:00:00,1.5873700000000006
2003-11-06 06:00:00,1.5932700000000006
2003-11-07 06:00:00,1.575370000000001
2003-11-10 06:00:00,1.586070000000001
2003-11-12 06:00:00,1.557670000000001
2003-11-13 06:00:00,1.555970000000001
2003-11-14 06:00:00,1.5407700000000009
2003-11-17 06:00:00,1.5386700000000009
2003-11-18 06:00:00,1.503970000000001
2003-11-19 06:00:00,1.5194700000000008
2003-11-20 06:00:00,1.5154700000000008
2003-11-21 06:00:00,1.5120700000000007
2003-11-24 06:00:00,1.5405700000000009
2003-11-25 06:00:00,1.5423700000000007
2003-11-26 06:00:00,1.5188700000000008
2003-11-28 06:00:00,1.5280700000000007
2003-12-01 06:00:00,1.5343700000000007
2003-12-02 06:00:00,1.5305700000000007
2003-12-03 06:00:00,1.527570000000001
2003-12-04 06:00:00,1.5223700000000007
2003-12-05 06:00:00,1.5084700000000006
2003-12-08 06:00:00,1.4992700000000008
2003-12-09 06:00:00,1.511970000000001
2003-12-10 06:00:00,1.514070000000001
2003-12-11 06:00:00,1.5211700000000008
2003-12-12 06:00:00,1.509270000000001
2003-12-15 06:00:00,1.5091700000000012
2003-12-16 06:00:00,1.516170000000001
2003-12-17 06:00:00,1.5230700000000013
2003-12-18 06:00:00,1.5228700000000008
2003-12-19 06:00:00,1.521670000000001
2003-12-22 06:00:00,1.5236700000000012
2003-12-23 06:00:00,1.527970000000001
2003-12-24 06:00:00,1.522770000000001
2003-12-26 06:00:00,1.528670000000001
2003-12-29 06:00:00,1.524870000000001
2003-12-30 06:00:00,1.5192700000000012
2003-12-31 06:00:00,1.528470000000001
2004-01-02 06:00:00,1.530570000000001
2004-01-05 06:00:00,1.539770000000001
2004-01-06 06:00:00,1.552670000000001
2004-01-07 06:00:00,1.567370000000001
2004-01-08 06:00:00,1.5581700000000012
2004-01-09 06:00:00,1.5670700000000009
2004-01-12 06:00:00,1.5790700000000009
2004-01-13 06:00:00,1.5657700000000012
2004-01-14 06:00:00,1.573670000000001
2004-01-15 06:00:00,1.581670000000001
2004-01-16 06:00:00,1.590270000000001
2004-01-20 06:00:00,1.586070000000001
2004-01-21 06:00:00,1.5840700000000012
2004-01-22 06:00:00,1.5912700000000009
2004-01-23 06:00:00,1.5830700000000009
2004-01-26 06:00:00,1.592770000000001
2004-01-27 06:00:00,1.5819700000000012
2004-01-28 06:00:00,1.601270000000001
2004-01-29 06:00:00,1.6029700000000011
2004-01-30 06:00:00,1.6116700000000008
2004-02-02 06:00:00,1.613270000000001
2004-02-03 06:00:00,1.615370000000001
2004-02-04 06:00:00,1.6109700000000011
2004-02-05 06:00:00,1.611570000000001
2004-02-06 06:00:00,1.596170000000001
2004-02-09 06:00:00,1.6145700000000012
2004-02-10 06:00:00,1.628370000000001
2004-02-11 06:00:00,1.6431700000000011
2004-02-12 06:00:00,1.647970000000001
2004-02-13 06:00:00,1.651570000000001
2004-02-17 06:00:00,1.657370000000001
2004-02-18 06:00:00,1.664770000000001
2004-02-19 06:00:00,1.673370000000001
2004-02-20 06:00:00,1.6676700000000009
2004-02-23 06:00:00,1.6665700000000012
2004-02-24 06:00:00,1.6669700000000012
2004-02-25 06:00:00,1.6793700000000011
2004-02-26 06:00:00,1.6819700000000009
2004-02-27 06:00:00,1.6829700000000012
2004-03-01 06:00:00,1.6922700000000008
2004-03-02 06:00:00,1.7073700000000012
2004-03-03 06:00:00,1.6928700000000012
2004-03-04 06:00:00,1.6825700000000012
2004-03-05 06:00:00,1.681170000000001
2004-03-08 06:00:00,1.680170000000001
2004-03-09 06:00:00,1.669670000000001
2004-03-10 06:00:00,1.651570000000001
2004-03-11 06:00:00,1.6288700000000012
2004-03-12 06:00:00,1.6391700000000011
2004-03-15 06:00:00,1.6274700000000009
2004-03-16 06:00:00,1.6431700000000011
2004-03-17 06:00:00,1.6457700000000008
2004-03-18 06:00:00,1.6351700000000011
2004-03-19 06:00:00,1.652770000000001
2004-03-22 06:00:00,1.653170000000001
2004-03-23 06:00:00,1.6551700000000011
2004-03-24 06:00:00,1.6583700000000008
2004-03-25 06:00:00,1.643070000000001
2004-03-26 06:00:00,1.657670000000001
2004-03-29 06:00:00,1.667270000000001
2004-03-30 06:00:00,1.6701700000000008
2004-03-31 06:00:00,1.666870000000001
2004-04-01 06:00:00,1.6762700000000008
2004-04-02 06:00:00,1.6945700000000008
2004-04-05 05:00:00,1.702870000000001
2004-04-06 05:00:00,1.708370000000001
2004-04-07 05:00:00,1.682470000000001
2004-04-08 05:00:00,1.683270000000001
2004-04-12 05:00:00,1.6922700000000008
2004-04-13 05:00:00,1.6976700000000011
2004-04-14 05:00:00,1.6593700000000011
2004-04-15 05:00:00,1.6558700000000008
2004-04-16 05:00:00,1.6640700000000008
2004-04-19 05:00:00,1.671570000000001
2004-04-20 05:00:00,1.679770000000001
2004-04-21 05:00:00,1.665670000000001
2004-04-22 05:00:00,1.6528700000000012
2004-04-23 05:00:00,1.668170000000001
2004-04-26 05:00:00,1.671270000000001
2004-04-27 05:00:00,1.659770000000001
2004-04-28 05:00:00,1.6530700000000011
2004-04-29 05:00:00,1.629170000000001
2004-04-30 05:00:00,1.6448700000000012
2004-05-03 05:00:00,1.6436700000000009
2004-05-04 05:00:00,1.638470000000001
2004-05-05 05:00:00,1.624770000000001
2004-05-06 05:00:00,1.6453700000000009
2004-05-07 05:00:00,1.6650700000000012
2004-05-10 05:00:00,1.645870000000001
2004-05-11 05:00:00,1.6196700000000008
2004-05-12 05:00:00,1.633170000000001
2004-05-13 05:00:00,1.636770000000001
2004-05-14 05:00:00,1.6217700000000008
2004-05-17 05:00:00,1.6027700000000011
2004-05-18 05:00:00,1.6103700000000007
2004-05-19 05:00:00,1.623570000000001
2004-05-20 05:00:00,1.628970000000001
2004-05-21 05:00:00,1.6351700000000011
2004-05-24 05:00:00,1.634270000000001
2004-05-25 05:00:00,1.647770000000001
2004-05-26 05:00:00,1.651970000000001
2004-05-27 05:00:00,1.630070000000001
2004-05-28 05:00:00,1.6394700000000009
2004-06-01 05:00:00,1.642270000000001
2004-06-02 05:00:00,1.639970000000001
2004-06-03 05:00:00,1.6495700000000009
2004-06-04 05:00:00,1.626070000000001
2004-06-07 05:00:00,1.6257700000000008
2004-06-08 05:00:00,1.619070000000001
2004-06-09 05:00:00,1.6463700000000008
2004-06-10 05:00:00,1.643370000000001
2004-06-14 05:00:00,1.632370000000001
2004-06-15 05:00:00,1.6423700000000008
2004-06-16 05:00:00,1.673870000000001
2004-06-17 05:00:00,1.653470000000001
2004-06-18 05:00:00,1.6440700000000008
2004-06-21 05:00:00,1.6389700000000011
2004-06-22 05:00:00,1.6337700000000008
2004-06-23 05:00:00,1.635570000000001
2004-06-24 05:00:00,1.629870000000001
2004-06-25 05:00:00,1.640970000000001
2004-06-28 05:00:00,1.6444700000000008
2004-06-29 05:00:00,1.648970000000001
2004-06-30 05:00:00,1.633170000000001
2004-07-01 05:00:00,1.633470000000001
2004-07-02 05:00:00,1.6179700000000008
2004-07-06 05:00:00,1.6366700000000007
2004-07-07 05:00:00,1.640770000000001
2004-07-08 05:00:00,1.630270000000001
2004-07-09 05:00:00,1.6362700000000008
2004-07-12 05:00:00,1.648370000000001
2004-07-13 05:00:00,1.6589700000000007
2004-07-14 05:00:00,1.6440700000000008
2004-07-15 05:00:00,1.6583700000000008
2004-07-16 05:00:00,1.658270000000001
2004-07-19 05:00:00,1.6612700000000011
2004-07-20 05:00:00,1.669370000000001
2004-07-21 05:00:00,1.6692700000000011
2004-07-22 05:00:00,1.669870000000001
2004-07-23 05:00:00,1.6867700000000008
2004-07-26 05:00:00,1.694670000000001
2004-07-27 05:00:00,1.692770000000001
2004-07-28 05:00:00,1.694270000000001
2004-07-29 05:00:00,1.693870000000001
2004-07-30 05:00:00,1.7016700000000011
2004-08-02 05:00:00,1.7050700000000008
2004-08-03 05:00:00,1.7059700000000009
2004-08-04 05:00:00,1.6987700000000008
2004-08-05 05:00:00,1.696770000000001
2004-08-06 05:00:00,1.6728700000000007
2004-08-09 05:00:00,1.679270000000001
2004-08-10 05:00:00,1.6808700000000008
2004-08-11 05:00:00,1.680170000000001
2004-08-12 05:00:00,1.660970000000001
2004-08-13 05:00:00,1.6553700000000011
2004-08-16 05:00:00,1.657670000000001
2004-08-17 05:00:00,1.6486700000000007
2004-08-18 05:00:00,1.6425700000000008
2004-08-19 05:00:00,1.6497700000000008
2004-08-20 05:00:00,1.650270000000001
2004-08-23 05:00:00,1.6705700000000008
2004-08-24 05:00:00,1.6545700000000008
2004-08-25 05:00:00,1.6625700000000008
2004-08-26 05:00:00,1.659970000000001
2004-08-27 05:00:00,1.6695700000000009
2004-08-30 05:00:00,1.671070000000001
2004-08-31 05:00:00,1.6594700000000009
2004-09-01 05:00:00,1.6364700000000008
2004-09-02 05:00:00,1.6356700000000008
2004-09-03 05:00:00,1.632570000000001
2004-09-07 05:00:00,1.626870000000001
2004-09-08 05:00:00,1.6328700000000007
2004-09-09 05:00:00,1.6345700000000007
2004-09-10 05:00:00,1.6377700000000008
2004-09-13 05:00:00,1.6478700000000008
2004-09-14 05:00:00,1.6494700000000007
2004-09-15 05:00:00,1.6434700000000009
2004-09-16 05:00:00,1.6600700000000008
2004-09-17 05:00:00,1.6623700000000008
2004-09-20 05:00:00,1.6606700000000008
2004-09-21 05:00:00,1.6465700000000008
2004-09-22 05:00:00,1.6486700000000007
2004-09-23 05:00:00,1.6557700000000006
2004-09-24 05:00:00,1.6666700000000005
2004-09-27 05:00:00,1.6700700000000006
2004-09-28 05:00:00,1.6719700000000006
2004-09-29 05:00:00,1.6584700000000006
2004-09-30 05:00:00,1.6484700000000008
2004-10-01 05:00:00,1.639070000000001
2004-10-04 05:00:00,1.6484700000000008
2004-10-05 05:00:00,1.6404700000000008
2004-10-06 05:00:00,1.6422700000000006
2004-10-07 05:00:00,1.6466700000000005
2004-10-08 05:00:00,1.637170000000001
2004-10-11 05:00:00,1.6395700000000006
2004-10-12 05:00:00,1.6418700000000006
2004-10-13 05:00:00,1.6421700000000008
2004-10-14 05:00:00,1.6311700000000007
2004-10-15 05:00:00,1.6196700000000008
2004-10-18 05:00:00,1.6121700000000005
2004-10-19 05:00:00,1.6121700000000005
2004-10-20 05:00:00,1.6175700000000008
2004-10-21 05:00:00,1.6220700000000006
2004-10-22 05:00:00,1.6149700000000007
2004-10-25 05:00:00,1.6034700000000008
2004-10-26 05:00:00,1.6051700000000009
2004-10-27 05:00:00,1.6081700000000005
2004-10-28 05:00:00,1.5947700000000007
2004-10-29 05:00:00,1.5940700000000005
2004-11-01 06:00:00,1.6039700000000006
2004-11-02 06:00:00,1.6216700000000006
2004-11-03 06:00:00,1.6063700000000007
2004-11-04 06:00:00,1.5903700000000007
2004-11-05 06:00:00,1.5867700000000007
2004-11-08 06:00:00,1.5936700000000006
2004-11-09 06:00:00,1.5992700000000009
2004-11-10 06:00:00,1.5831700000000006
2004-11-11 06:00:00,1.5711700000000006
2004-11-12 06:00:00,1.5772700000000006
2004-11-15 06:00:00,1.5804700000000007
2004-11-16 06:00:00,1.5841700000000005
2004-11-17 06:00:00,1.5652700000000006
2004-11-18 06:00:00,1.5696700000000006
2004-11-19 06:00:00,1.5623700000000007
2004-11-22 06:00:00,1.5669700000000006
2004-11-23 06:00:00,1.5698700000000005
2004-11-24 06:00:00,1.5632700000000008
2004-11-26 06:00:00,1.5661700000000007
2004-11-29 06:00:00,1.570470000000001
2004-11-30 06:00:00,1.5844700000000007
2004-12-01 06:00:00,1.6132700000000006
2004-12-02 06:00:00,1.6223700000000008
2004-12-03 06:00:00,1.6044700000000007
2004-12-06 06:00:00,1.6224700000000005
2004-12-07 06:00:00,1.6278700000000008
2004-12-08 06:00:00,1.6318700000000008
2004-12-09 06:00:00,1.625170000000001
2004-12-10 06:00:00,1.6332700000000007
2004-12-13 06:00:00,1.6288700000000007
2004-12-14 06:00:00,1.6331700000000005
2004-12-15 06:00:00,1.6238700000000004
2004-12-16 06:00:00,1.6445700000000005
2004-12-17 06:00:00,1.6543700000000003
2004-12-20 06:00:00,1.6464700000000005
2004-12-21 06:00:00,1.6322700000000003
2004-12-22 06:00:00,1.6185700000000007
2004-12-23 06:00:00,1.6094700000000006
2004-12-27 06:00:00,1.6068700000000005
2004-12-28 06:00:00,1.6008700000000007
2004-12-29 06:00:00,1.5865700000000007
2004-12-30 06:00:00,1.5892700000000006
2004-12-31 06:00:00,1.5972700000000006
2005-01-03 06:00:00,1.5970700000000007
2005-01-04 06:00:00,1.6116700000000004
2005-01-05 06:00:00,1.6154700000000004
2005-01-06 06:00:00,1.6150700000000004
2005-01-07 06:00:00,1.6304700000000005
2005-01-10 06:00:00,1.6324700000000008
2005-01-11 06:00:00,1.6335700000000004
2005-01-12 06:00:00,1.6222700000000005
2005-01-13 06:00:00,1.6226700000000005
2005-01-14 06:00:00,1.6241700000000006
2005-01-18 06:00:00,1.6284700000000008
2005-01-19 06:00:00,1.6353700000000007
2005-01-20 06:00:00,1.6463700000000003
2005-01-21 06:00:00,1.6436700000000004
2005-01-24 06:00:00,1.6449700000000005
2005-01-25 06:00:00,1.6443700000000006
2005-01-26 06:00:00,1.6475700000000006
2005-01-27 06:00:00,1.6554700000000004
2005-01-28 06:00:00,1.6578700000000006
2005-01-31 06:00:00,1.6590700000000005
2005-02-01 06:00:00,1.6609700000000005
2005-02-02 06:00:00,1.6684700000000003
2005-02-03 06:00:00,1.6829700000000007
2005-02-04 06:00:00,1.6925700000000006
2005-02-07 06:00:00,1.6927700000000006
2005-02-08 06:00:00,1.6870700000000005
2005-02-09 06:00:00,1.6846700000000003
2005-02-10 06:00:00,1.6778700000000006
2005-02-11 06:00:00,1.6823700000000004
2005-02-14 06:00:00,1.6872700000000005
2005-02-15 06:00:00,1.6795700000000007
2005-02-16 06:00:00,1.6620700000000006
2005-02-17 06:00:00,1.6652700000000007
2005-02-18 06:00:00,1.6637700000000006
2005-02-22 06:00:00,1.6396700000000004
2005-02-23 06:00:00,1.6449700000000005
2005-02-24 06:00:00,1.6591700000000007
2005-02-25 06:00:00,1.6571700000000005
2005-02-28 06:00:00,1.6603700000000006
2005-03-01 06:00:00,1.6654700000000007
2005-03-02 06:00:00,1.6729700000000005
2005-03-03 06:00:00,1.6793700000000007
2005-03-04 06:00:00,1.6764700000000003
2005-03-07 06:00:00,1.6795700000000007
2005-03-08 06:00:00,1.6687700000000005
2005-03-09 06:00:00,1.6587700000000007
2005-03-10 06:00:00,1.6457700000000004
2005-03-11 06:00:00,1.6448700000000007
2005-03-14 06:00:00,1.6487700000000005
2005-03-15 06:00:00,1.6550700000000005
2005-03-16 06:00:00,1.6481700000000006
2005-03-17 06:00:00,1.6558700000000004
2005-03-18 06:00:00,1.6653700000000005
2005-03-21 06:00:00,1.6653700000000005
2005-03-22 06:00:00,1.6698700000000006
2005-03-23 06:00:00,1.6659700000000004
2005-03-24 06:00:00,1.6729700000000005
2005-03-28 06:00:00,1.6805700000000006
2005-03-29 06:00:00,1.6857700000000004
2005-03-30 06:00:00,1.6847700000000005
2005-03-31 06:00:00,1.6927700000000006
2005-04-01 06:00:00,1.6986700000000006
2005-04-04 05:00:00,1.7016700000000007
2005-04-05 05:00:00,1.6994700000000005
2005-04-06 05:00:00,1.6981700000000004
2005-04-07 05:00:00,1.6903700000000004
2005-04-08 05:00:00,1.6915700000000007
2005-04-11 05:00:00,1.6899700000000004
2005-04-12 05:00:00,1.7003700000000006
2005-04-13 05:00:00,1.7096700000000007
2005-04-14 05:00:00,1.7165700000000006
2005-04-15 05:00:00,1.7092700000000003
2005-04-18 05:00:00,1.6981700000000004
2005-04-19 05:00:00,1.7059700000000004
2005-04-20 05:00:00,1.6968700000000003
2005-04-21 05:00:00,1.6944700000000006
2005-04-22 05:00:00,1.7015700000000005
2005-04-25 05:00:00,1.7085700000000006
2005-04-26 05:00:00,1.7029700000000003
2005-04-27 05:00:00,1.7095700000000005
2005-04-28 05:00:00,1.7165700000000006
2005-04-29 05:00:00,1.7208700000000003
2005-05-02 05:00:00,1.7096700000000007
2005-05-03 05:00:00,1.7067700000000003
2005-05-04 05:00:00,1.7080700000000004
2005-05-05 05:00:00,1.7162700000000004
2005-05-06 05:00:00,1.7240700000000004
2005-05-09 05:00:00,1.7127700000000006
2005-05-10 05:00:00,1.7037700000000007
2005-05-11 05:00:00,1.6994700000000005
2005-05-12 05:00:00,1.7101700000000004
2005-05-13 05:00:00,1.7077700000000007
2005-05-16 05:00:00,1.6889700000000005
2005-05-17 05:00:00,1.6913700000000007
2005-05-18 05:00:00,1.6855700000000005
2005-05-19 05:00:00,1.6865700000000003
2005-05-20 05:00:00,1.6987700000000003
2005-05-23 05:00:00,1.6973700000000005
2005-05-24 05:00:00,1.6921700000000006
2005-05-25 05:00:00,1.6940700000000006
2005-05-26 05:00:00,1.6965700000000006
2005-05-27 05:00:00,1.6905700000000004
2005-05-31 05:00:00,1.7173700000000005
2005-06-01 05:00:00,1.7177700000000005
2005-06-02 05:00:00,1.7195700000000007
2005-06-03 05:00:00,1.7226700000000006
2005-06-06 05:00:00,1.7246700000000004
2005-06-07 05:00:00,1.7362700000000004
2005-06-08 05:00:00,1.7393700000000005
2005-06-09 05:00:00,1.7348700000000006
2005-06-10 05:00:00,1.748570000000001
2005-06-13 05:00:00,1.7513700000000005
2005-06-14 05:00:00,1.7636700000000003
2005-06-15 05:00:00,1.7713700000000012
2005-06-16 05:00:00,1.7728700000000013
2005-06-17 05:00:00,1.7571700000000003
2005-06-20 05:00:00,1.7746700000000006
2005-06-21 05:00:00,1.7731700000000006
2005-06-22 05:00:00,1.7747700000000004
2005-06-23 05:00:00,1.7810700000000008
2005-06-24 05:00:00,1.7805700000000013
2005-06-27 05:00:00,1.7778700000000012
2005-06-28 05:00:00,1.7831700000000013
2005-06-29 05:00:00,1.7721700000000011
2005-06-30 05:00:00,1.7544700000000004
2005-07-01 05:00:00,1.7560700000000002
2005-07-05 05:00:00,1.7506700000000004
2005-07-06 05:00:00,1.7496700000000012
2005-07-07 05:00:00,1.7268700000000001
2005-07-08 05:00:00,1.7193700000000003
2005-07-11 05:00:00,1.7265700000000004
2005-07-12 05:00:00,1.7228700000000001
2005-07-13 05:00:00,1.7359700000000002
2005-07-14 05:00:00,1.72747
2005-07-15 05:00:00,1.7319700000000002
2005-07-18 05:00:00,1.7283700000000002
2005-07-19 05:00:00,1.7265700000000004
2005-07-20 05:00:00,1.7027700000000003
2005-07-21 05:00:00,1.71737
2005-07-22 05:00:00,1.7178700000000002
2005-07-25 05:00:00,1.72937
2005-07-26 05:00:00,1.7266700000000001
2005-07-27 05:00:00,1.7275700000000003
2005-07-28 05:00:00,1.72577
2005-07-29 05:00:00,1.7308700000000001
2005-08-01 05:00:00,1.7296700000000003
2005-08-02 05:00:00,1.7284700000000004
2005-08-03 05:00:00,1.7134700000000003
2005-08-04 05:00:00,1.7087700000000001
2005-08-05 05:00:00,1.7153700000000003
2005-08-08 05:00:00,1.72117
2005-08-09 05:00:00,1.71947
2005-08-10 05:00:00,1.7275700000000003
2005-08-11 05:00:00,1.7300700000000002
2005-08-12 05:00:00,1.7359700000000002
2005-08-15 05:00:00,1.7453700000000005
2005-08-16 05:00:00,1.742770000000001
2005-08-17 05:00:00,1.7537700000000003
2005-08-18 05:00:00,1.7520700000000007
2005-08-19 05:00:00,1.7634700000000008
2005-08-22 05:00:00,1.7600700000000007
2005-08-23 05:00:00,1.7611700000000008
2005-08-24 05:00:00,1.751570000000001
2005-08-25 05:00:00,1.73887
2005-08-26 05:00:00,1.7415700000000003
2005-08-29 05:00:00,1.7529700000000004
2005-08-30 05:00:00,1.7421700000000007
2005-08-31 05:00:00,1.73727
2005-09-01 05:00:00,1.7383700000000002
2005-09-02 05:00:00,1.7393700000000005
2005-09-06 05:00:00,1.7577700000000007
2005-09-07 05:00:00,1.7593700000000005
2005-09-08 05:00:00,1.761470000000001
2005-09-09 05:00:00,1.765270000000001
2005-09-12 05:00:00,1.7691700000000008
2005-09-13 05:00:00,1.7778700000000012
2005-09-14 05:00:00,1.7726700000000009
2005-09-15 05:00:00,1.7665700000000006
2005-09-16 05:00:00,1.773370000000001
2005-09-19 05:00:00,1.7830700000000015
2005-09-20 05:00:00,1.7848700000000008
2005-09-21 05:00:00,1.7806700000000009
2005-09-22 05:00:00,1.7721700000000011
2005-09-23 05:00:00,1.776070000000001
2005-09-26 05:00:00,1.774170000000001
2005-09-27 05:00:00,1.7711700000000008
2005-09-28 05:00:00,1.7668700000000008
2005-09-29 05:00:00,1.7626700000000008
2005-09-30 05:00:00,1.7647700000000013
2005-10-03 05:00:00,1.7678700000000012
2005-10-04 05:00:00,1.7768700000000008
2005-10-05 05:00:00,1.7666700000000013
2005-10-06 05:00:00,1.7434700000000014
2005-10-07 05:00:00,1.7375700000000003
2005-10-10 05:00:00,1.7384700000000008
2005-10-11 05:00:00,1.7383700000000002
2005-10-12 05:00:00,1.7400700000000007
2005-10-13 05:00:00,1.7508700000000008
2005-10-14 05:00:00,1.7550700000000008
2005-10-17 05:00:00,1.7514700000000012
2005-10-18 05:00:00,1.7617700000000012
2005-10-19 05:00:00,1.7717700000000012
2005-10-20 05:00:00,1.7734700000000008
2005-10-21 05:00:00,1.769870000000001
2005-10-24 05:00:00,1.7639700000000014
2005-10-25 05:00:00,1.7651700000000012
2005-10-26 05:00:00,1.7635700000000005
2005-10-27 05:00:00,1.7619700000000007
2005-10-28 05:00:00,1.7615700000000007
2005-10-31 06:00:00,1.771070000000001
2005-11-01 06:00:00,1.7655700000000012
2005-11-02 06:00:00,1.7615700000000007
2005-11-03 06:00:00,1.7789700000000015
2005-11-04 06:00:00,1.7782700000000013
2005-11-07 06:00:00,1.7688700000000006
2005-11-08 06:00:00,1.7754700000000014
2005-11-09 06:00:00,1.7766700000000013
2005-11-10 06:00:00,1.7833700000000008
2005-11-11 06:00:00,1.7798700000000012
2005-11-14 06:00:00,1.7826700000000015
2005-11-15 06:00:00,1.7796700000000016
2005-11-16 06:00:00,1.7654700000000005
2005-11-17 06:00:00,1.7598700000000012
2005-11-18 06:00:00,1.753870000000001
2005-11-21 06:00:00,1.761870000000001
2005-11-22 06:00:00,1.7527700000000008
2005-11-23 06:00:00,1.7567700000000013
2005-11-25 06:00:00,1.7586700000000013
2005-11-28 06:00:00,1.7551700000000006
2005-11-29 06:00:00,1.7543700000000007
2005-11-30 06:00:00,1.7715700000000008
2005-12-01 06:00:00,1.7804700000000016
2005-12-02 06:00:00,1.7825700000000009
2005-12-05 06:00:00,1.7757700000000007
2005-12-06 06:00:00,1.7731700000000015
2005-12-07 06:00:00,1.7776700000000007
2005-12-08 06:00:00,1.7802700000000011
2005-12-09 06:00:00,1.7853700000000015
2005-12-12 06:00:00,1.7911700000000013
2005-12-13 06:00:00,1.787870000000001
2005-12-14 06:00:00,1.771870000000001
2005-12-15 06:00:00,1.7753700000000008
2005-12-16 06:00:00,1.7880700000000014
2005-12-19 06:00:00,1.7784700000000018
2005-12-20 06:00:00,1.7974700000000008
2005-12-21 06:00:00,1.7933700000000015
2005-12-22 06:00:00,1.7802700000000011
2005-12-23 06:00:00,1.778070000000001
2005-12-27 06:00:00,1.7777700000000014
2005-12-28 06:00:00,1.7639700000000005
2005-12-29 06:00:00,1.7689700000000013
2005-12-30 06:00:00,1.7643700000000013
2006-01-03 06:00:00,1.7555700000000005
2006-01-04 06:00:00,1.7472700000000014
2006-01-05 06:00:00,1.745970000000001
2006-01-06 06:00:00,1.7528700000000006
2006-01-09 06:00:00,1.7590700000000012
2006-01-10 06:00:00,1.7658700000000005
2006-01-11 06:00:00,1.755370000000001
2006-01-12 06:00:00,1.7688700000000006
2006-01-13 06:00:00,1.7749700000000008
2006-01-17 06:00:00,1.7688700000000006
2006-01-18 06:00:00,1.7661700000000007
2006-01-19 06:00:00,1.7685700000000013
2006-01-20 06:00:00,1.7689700000000013
2006-01-23 06:00:00,1.7562700000000007
2006-01-24 06:00:00,1.7603700000000009
2006-01-25 06:00:00,1.7642700000000007
2006-01-26 06:00:00,1.7700700000000005
2006-01-27 06:00:00,1.7783700000000011
2006-01-30 06:00:00,1.7842700000000014
2006-01-31 06:00:00,1.7864700000000007
2006-02-01 06:00:00,1.780370000000001
2006-02-02 06:00:00,1.7979700000000014
2006-02-03 06:00:00,1.7919700000000012
2006-02-06 06:00:00,1.7857700000000014
2006-02-07 06:00:00,1.7774700000000012
2006-02-08 06:00:00,1.7782700000000013
2006-02-09 06:00:00,1.7765700000000015
2006-02-10 06:00:00,1.793570000000001
2006-02-13 06:00:00,1.7905700000000009
2006-02-14 06:00:00,1.7843700000000011
2006-02-15 06:00:00,1.7945700000000013
2006-02-16 06:00:00,1.7932700000000008
2006-02-17 06:00:00,1.799670000000001
2006-02-21 06:00:00,1.798570000000001
2006-02-22 06:00:00,1.8005700000000007
2006-02-23 06:00:00,1.8089700000000015
2006-02-24 06:00:00,1.8132700000000013
2006-02-27 06:00:00,1.8173700000000015
2006-02-28 06:00:00,1.8173700000000015
2006-03-01 06:00:00,1.8153700000000008
2006-03-02 06:00:00,1.7963700000000007
2006-03-03 06:00:00,1.7968700000000013
2006-03-06 06:00:00,1.7899700000000014
2006-03-07 06:00:00,1.7990700000000015
2006-03-08 06:00:00,1.7911700000000013
2006-03-09 06:00:00,1.799670000000001
2006-03-10 06:00:00,1.792470000000001
2006-03-13 06:00:00,1.794370000000001
2006-03-14 06:00:00,1.7960700000000014
2006-03-15 06:00:00,1.7880700000000014
2006-03-16 06:00:00,1.787470000000001
2006-03-17 06:00:00,1.787070000000001
2006-03-20 06:00:00,1.7907700000000013
2006-03-21 06:00:00,1.796570000000001
2006-03-22 06:00:00,1.8024700000000016
2006-03-23 06:00:00,1.8090700000000013
2006-03-24 06:00:00,1.8079700000000012
2006-03-27 06:00:00,1.8123700000000016
2006-03-28 06:00:00,1.8075700000000012
2006-03-29 06:00:00,1.797770000000001
2006-03-30 06:00:00,1.7914700000000015
2006-03-31 06:00:00,1.7899700000000014
2006-04-03 05:00:00,1.794370000000001
2006-04-04 05:00:00,1.789770000000001
2006-04-05 05:00:00,1.7765700000000015
2006-04-06 05:00:00,1.7868700000000015
2006-04-07 05:00:00,1.793970000000001
2006-04-10 05:00:00,1.7979700000000014
2006-04-11 05:00:00,1.7971700000000015
2006-04-12 05:00:00,1.8013700000000015
2006-04-13 05:00:00,1.8020700000000007
2006-04-17 05:00:00,1.7926700000000013
2006-04-18 05:00:00,1.7941700000000014
2006-04-19 05:00:00,1.800470000000001
2006-04-20 05:00:00,1.802370000000001
2006-04-21 05:00:00,1.8025700000000013
2006-04-24 05:00:00,1.7964700000000013
2006-04-25 05:00:00,1.7967700000000015
2006-04-26 05:00:00,1.7966700000000009
2006-04-27 05:00:00,1.8008700000000009
2006-04-28 05:00:00,1.7926700000000013
2006-05-01 05:00:00,1.7956700000000014
2006-05-02 05:00:00,1.8078700000000014
2006-05-03 05:00:00,1.8092700000000008
2006-05-04 05:00:00,1.805770000000001
2006-05-05 05:00:00,1.809570000000001
2006-05-08 05:00:00,1.8149700000000009
2006-05-09 05:00:00,1.8113700000000013
2006-05-10 05:00:00,1.8031700000000008
2006-05-11 05:00:00,1.817570000000001
2006-05-12 05:00:00,1.804270000000001
2006-05-15 05:00:00,1.8089700000000015
2006-05-16 05:00:00,1.8135700000000015
2006-05-17 05:00:00,1.8227700000000013
2006-05-18 05:00:00,1.822170000000001
2006-05-19 05:00:00,1.818770000000001
2006-05-22 05:00:00,1.807270000000001
2006-05-23 05:00:00,1.8107700000000009
2006-05-24 05:00:00,1.813770000000001
2006-05-25 05:00:00,1.8144700000000011
2006-05-26 05:00:00,1.8142700000000016
2006-05-30 05:00:00,1.8181700000000016
2006-05-31 05:00:00,1.815270000000001
2006-06-01 05:00:00,1.8162700000000014
2006-06-02 05:00:00,1.812670000000001
2006-06-05 05:00:00,1.8002700000000014
2006-06-06 05:00:00,1.8006700000000013
2006-06-07 05:00:00,1.8060700000000012
2006-06-08 05:00:00,1.8112700000000015
2006-06-09 05:00:00,1.8071700000000013
2006-06-12 05:00:00,1.812270000000001
2006-06-13 05:00:00,1.812970000000001
2006-06-14 05:00:00,1.8102700000000012
2006-06-15 05:00:00,1.8174700000000013
2006-06-16 05:00:00,1.8178700000000014
2006-06-19 05:00:00,1.8229700000000018
2006-06-20 05:00:00,1.8222700000000016
2006-06-21 05:00:00,1.816770000000001
2006-06-22 05:00:00,1.8132700000000013
2006-06-23 05:00:00,1.8128700000000013
2006-06-26 05:00:00,1.8083700000000011
2006-06-27 05:00:00,1.8083700000000011
2006-06-28 05:00:00,1.8104700000000016
2006-06-29 05:00:00,1.8031700000000017
2006-06-30 05:00:00,1.8048700000000013
2006-07-03 05:00:00,1.7978700000000016
2006-07-05 05:00:00,1.805370000000001
2006-07-06 05:00:00,1.801570000000001
2006-07-07 05:00:00,1.8096700000000017
2006-07-10 05:00:00,1.8109700000000013
2006-07-11 05:00:00,1.8101700000000014
2006-07-12 05:00:00,1.8086700000000013
2006-07-13 05:00:00,1.8136700000000012
2006-07-14 05:00:00,1.8169700000000015
2006-07-17 05:00:00,1.8169700000000015
2006-07-18 05:00:00,1.8341700000000014
2006-07-19 05:00:00,1.8440700000000012
2006-07-20 05:00:00,1.8478700000000012
2006-07-21 05:00:00,1.8461700000000016
2006-07-24 05:00:00,1.8547700000000014
2006-07-25 05:00:00,1.8539700000000015
2006-07-26 05:00:00,1.8522700000000016
2006-07-27 05:00:00,1.8492700000000015
2006-07-28 05:00:00,1.8478700000000012
2006-07-31 05:00:00,1.8491700000000009
2006-08-01 05:00:00,1.8509700000000011
2006-08-02 05:00:00,1.8595700000000015
2006-08-03 05:00:00,1.8736700000000017
2006-08-04 05:00:00,1.882670000000001
2006-08-07 05:00:00,1.886870000000001
2006-08-08 05:00:00,1.8874700000000013
2006-08-09 05:00:00,1.8874700000000013
2006-08-10 05:00:00,1.8882700000000012
2006-08-11 05:00:00,1.8997700000000006
2006-08-14 05:00:00,1.896970000000001
2006-08-15 05:00:00,1.8949700000000012
2006-08-16 05:00:00,1.8834700000000009
2006-08-17 05:00:00,1.875470000000001
2006-08-18 05:00:00,1.8722700000000014
2006-08-21 05:00:00,1.8714700000000015
2006-08-22 05:00:00,1.8838700000000008
2006-08-23 05:00:00,1.8913700000000007
2006-08-24 05:00:00,1.8941700000000004
2006-08-25 05:00:00,1.8917700000000006
2006-08-28 05:00:00,1.8970700000000007
2006-08-29 05:00:00,1.8882700000000012
2006-08-30 05:00:00,1.894670000000001
2006-08-31 05:00:00,1.8998700000000004
2006-09-01 05:00:00,1.9002700000000003
2006-09-05 05:00:00,1.8952700000000005
2006-09-06 05:00:00,1.8839700000000015
2006-09-07 05:00:00,1.887970000000001
2006-09-08 05:00:00,1.884570000000001
2006-09-11 05:00:00,1.8792700000000009
2006-09-12 05:00:00,1.9015700000000009
2006-09-13 05:00:00,1.9059700000000004
2006-09-14 05:00:00,1.9214700000000007
2006-09-15 05:00:00,1.9174700000000002
2006-09-18 05:00:00,1.9111700000000007
2006-09-19 05:00:00,1.9145700000000008
2006-09-20 05:00:00,1.9201700000000002
2006-09-21 05:00:00,1.9243700000000001
2006-09-22 05:00:00,1.9085700000000005
2006-09-25 05:00:00,1.9144700000000001
2006-09-26 05:00:00,1.9168700000000007
2006-09-27 05:00:00,1.91107
2006-09-28 05:00:00,1.9003700000000001
2006-09-29 05:00:00,1.9014700000000002
2006-10-02 05:00:00,1.9082700000000004
2006-10-03 05:00:00,1.9131700000000005
2006-10-04 05:00:00,1.9181700000000004
2006-10-05 05:00:00,1.9157700000000006
2006-10-06 05:00:00,1.9226700000000005
2006-10-09 05:00:00,1.9142700000000006
2006-10-10 05:00:00,1.9199700000000006
2006-10-11 05:00:00,1.9240700000000008
2006-10-12 05:00:00,1.9229700000000007
2006-10-13 05:00:00,1.92897
2006-10-16 05:00:00,1.9301700000000008
2006-10-17 05:00:00,1.9373700000000003
2006-10-18 05:00:00,1.938670000000001
2006-10-19 05:00:00,1.9269700000000003
2006-10-20 05:00:00,1.9364700000000006
2006-10-23 05:00:00,1.9385700000000012
2006-10-24 05:00:00,1.9396700000000013
2006-10-25 05:00:00,1.9408700000000012
2006-10-26 05:00:00,1.9367700000000008
2006-10-27 05:00:00,1.9346700000000003
2006-10-30 06:00:00,1.9415700000000005
2006-10-31 06:00:00,1.9411700000000005
2006-11-01 06:00:00,1.9442700000000013
2006-11-02 06:00:00,1.9441700000000006
2006-11-03 06:00:00,1.9523700000000008
2006-11-06 06:00:00,1.950770000000001
2006-11-07 06:00:00,1.950370000000001
2006-11-08 06:00:00,1.9514700000000003
2006-11-09 06:00:00,1.9387700000000008
2006-11-10 06:00:00,1.9414700000000007
2006-11-13 06:00:00,1.9365700000000003
2006-11-14 06:00:00,1.9285700000000001
2006-11-15 06:00:00,1.92517
2006-11-16 06:00:00,1.9272700000000005
2006-11-17 06:00:00,1.9299700000000004
2006-11-20 06:00:00,1.9326700000000006
2006-11-21 06:00:00,1.9300700000000002
2006-11-22 06:00:00,1.9225700000000008
2006-11-24 06:00:00,1.9096700000000006
2006-11-27 06:00:00,1.9115700000000007
2006-11-28 06:00:00,1.9230700000000005
2006-11-29 06:00:00,1.92667
2006-11-30 06:00:00,1.9302700000000006
2006-12-01 06:00:00,1.9371700000000007
2006-12-04 06:00:00,1.939470000000001
2006-12-05 06:00:00,1.9278700000000009
2006-12-06 06:00:00,1.9280700000000004
2006-12-07 06:00:00,1.9224700000000001
2006-12-08 06:00:00,1.9291700000000005
2006-12-11 06:00:00,1.9294700000000007
2006-12-12 06:00:00,1.9403700000000006
2006-12-13 06:00:00,1.9497700000000007
2006-12-14 06:00:00,1.958770000000001
2006-12-15 06:00:00,1.960670000000001
2006-12-18 06:00:00,1.9598700000000011
2006-12-19 06:00:00,1.9685700000000004
2006-12-20 06:00:00,1.970970000000001
2006-12-21 06:00:00,1.9654700000000005
2006-12-22 06:00:00,1.9696700000000005
2006-12-26 06:00:00,1.9689700000000012
2006-12-27 06:00:00,1.9782700000000009
2006-12-28 06:00:00,1.9776700000000005
2006-12-29 06:00:00,1.9688700000000006
2007-01-02 06:00:00,1.9746700000000004
2007-01-03 06:00:00,1.9729700000000008
2007-01-04 06:00:00,1.9787700000000006
2007-01-05 06:00:00,1.967570000000001
2007-01-08 06:00:00,1.9786700000000008
2007-01-09 06:00:00,1.9914700000000012
2007-01-10 06:00:00,1.9918700000000011
2007-01-11 06:00:00,2.013070000000001
2007-01-12 06:00:00,2.0261700000000014
2007-01-16 06:00:00,2.030570000000001
2007-01-17 06:00:00,2.040870000000001
2007-01-18 06:00:00,2.0458700000000007
2007-01-19 06:00:00,2.046170000000001
2007-01-22 06:00:00,2.0527700000000006
2007-01-23 06:00:00,2.045370000000001
2007-01-24 06:00:00,2.041170000000001
2007-01-25 06:00:00,2.0383700000000013
2007-01-26 06:00:00,2.0410700000000013
2007-01-29 06:00:00,2.0421700000000014
2007-01-30 06:00:00,2.0428700000000006
2007-01-31 06:00:00,2.0314700000000014
2007-02-01 06:00:00,2.0337700000000014
2007-02-02 06:00:00,2.0413700000000015
2007-02-05 06:00:00,2.0356700000000014
2007-02-06 06:00:00,2.031570000000001
2007-02-07 06:00:00,2.033270000000001
2007-02-08 06:00:00,2.029070000000001
2007-02-09 06:00:00,2.0238700000000014
2007-02-12 06:00:00,2.0299700000000014
2007-02-13 06:00:00,2.017570000000001
2007-02-14 06:00:00,2.022870000000001
2007-02-15 06:00:00,2.0009700000000015
2007-02-16 06:00:00,1.9975700000000012
2007-02-20 06:00:00,2.0090700000000012
2007-02-21 06:00:00,2.0101700000000013
2007-02-22 06:00:00,2.0147700000000013
2007-02-23 06:00:00,2.0139700000000014
2007-02-26 06:00:00,2.0082700000000013
2007-02-27 06:00:00,1.9826700000000004
2007-02-28 06:00:00,1.9852700000000005
2007-03-01 06:00:00,1.986570000000001
2007-03-02 06:00:00,1.9601700000000004
2007-03-05 06:00:00,1.9417700000000009
2007-03-06 06:00:00,1.957670000000001
2007-03-07 06:00:00,1.947770000000001
2007-03-08 06:00:00,1.9630700000000008
2007-03-09 06:00:00,1.978970000000001
2007-03-12 05:00:00,1.9613700000000012
2007-03-13 05:00:00,1.949970000000001
2007-03-14 05:00:00,1.9481700000000008
2007-03-15 05:00:00,1.9555700000000014
2007-03-16 05:00:00,1.9414700000000016
2007-03-19 05:00:00,1.9546700000000008
2007-03-20 05:00:00,1.974370000000001
2007-03-21 05:00:00,1.9773700000000012
2007-03-22 05:00:00,1.984270000000001
2007-03-23 05:00:00,1.9881700000000009
2007-03-26 05:00:00,1.9924700000000006
2007-03-27 05:00:00,1.9847700000000008
2007-03-28 05:00:00,1.984270000000001
2007-03-29 05:00:00,1.9870700000000008
2007-03-30 05:00:00,1.9904700000000008
2007-04-02 05:00:00,2.002770000000001
2007-04-03 05:00:00,2.0134700000000008
2007-04-04 05:00:00,2.009470000000001
2007-04-05 05:00:00,1.9939700000000007
2007-04-06 05:00:00,2.0010700000000012
2007-04-09 05:00:00,2.006870000000001
2007-04-10 05:00:00,2.003120000000001
2007-04-11 05:00:00,2.0128700000000013
2007-04-12 05:00:00,2.009970000000001
2007-04-13 05:00:00,2.014120000000001
2007-04-16 05:00:00,2.0184200000000008
2007-04-17 05:00:00,2.027520000000001
2007-04-18 05:00:00,2.0208200000000014
2007-04-19 05:00:00,2.016420000000001
2007-04-20 05:00:00,2.022220000000001
2007-04-23 05:00:00,2.0249200000000016
2007-04-24 05:00:00,2.009520000000001
2007-04-25 05:00:00,2.0163200000000012
2007-04-26 05:00:00,2.0102200000000012
2007-04-27 05:00:00,2.013770000000001
2007-04-30 05:00:00,2.020220000000001
2007-05-01 05:00:00,2.033270000000001
2007-05-02 05:00:00,2.020920000000001
2007-05-03 05:00:00,2.0238700000000014
2007-05-04 05:00:00,2.019870000000001
2007-05-07 05:00:00,2.021720000000001
2007-05-08 05:00:00,2.0295200000000015
2007-05-09 05:00:00,2.037320000000001
2007-05-10 05:00:00,2.0237700000000016
2007-05-11 05:00:00,2.022420000000001
2007-05-14 05:00:00,2.019920000000001
2007-05-15 05:00:00,2.023970000000001
2007-05-16 05:00:00,2.027420000000001
2007-05-17 05:00:00,2.033120000000001
2007-05-18 05:00:00,2.032820000000001
2007-05-21 05:00:00,2.034320000000001
2007-05-22 05:00:00,2.039320000000001
2007-05-23 05:00:00,2.049220000000001
2007-05-24 05:00:00,2.0485700000000016
2007-05-25 05:00:00,2.0477700000000008
2007-05-29 05:00:00,2.036620000000001
2007-05-30 05:00:00,2.032820000000001
2007-05-31 05:00:00,2.037720000000001
2007-06-01 05:00:00,2.0508200000000008
2007-06-04 05:00:00,2.049620000000001
2007-06-05 05:00:00,2.0391700000000013
2007-06-06 05:00:00,2.0372700000000012
2007-06-07 05:00:00,2.0364700000000013
2007-06-08 05:00:00,2.043770000000001
2007-06-11 05:00:00,2.052920000000001
2007-06-12 05:00:00,2.0702700000000016
2007-06-13 05:00:00,2.0698700000000008
2007-06-14 05:00:00,2.0703700000000014
2007-06-15 05:00:00,2.069320000000001
2007-06-18 05:00:00,2.079320000000001
2007-06-19 05:00:00,2.081920000000001
2007-06-20 05:00:00,2.0836700000000015
2007-06-21 05:00:00,2.090370000000001
2007-06-22 05:00:00,2.075120000000001
2007-06-25 05:00:00,2.071620000000001
2007-06-26 05:00:00,2.072470000000001
2007-06-27 05:00:00,2.072370000000001
2007-06-28 05:00:00,2.0840700000000014
2007-06-29 05:00:00,2.0719200000000013
2007-07-02 05:00:00,2.0599700000000007
2007-07-03 05:00:00,2.0710700000000015
2007-07-05 05:00:00,2.0684200000000015
2007-07-06 05:00:00,2.069720000000001
2007-07-09 05:00:00,2.071620000000001
2007-07-10 05:00:00,2.063670000000001
2007-07-11 05:00:00,2.0688200000000014
2007-07-12 05:00:00,2.065520000000001
2007-07-13 05:00:00,2.067070000000001
2007-07-16 05:00:00,2.070520000000001
2007-07-17 05:00:00,2.083870000000001
2007-07-18 05:00:00,2.0886700000000014
2007-07-19 05:00:00,2.0882200000000015
2007-07-20 05:00:00,2.0909200000000014
2007-07-23 05:00:00,2.1081200000000013
2007-07-24 05:00:00,2.1091200000000008
2007-07-25 05:00:00,2.114770000000001
2007-07-26 05:00:00,2.0906200000000013
2007-07-27 05:00:00,2.0748700000000015
2007-07-30 05:00:00,2.0600200000000015
2007-07-31 05:00:00,2.071270000000001
2007-08-01 05:00:00,2.066270000000001
2007-08-02 05:00:00,2.0771700000000015
2007-08-03 05:00:00,2.0600200000000015
2007-08-06 05:00:00,2.0410200000000014
2007-08-07 05:00:00,2.044320000000001
2007-08-08 05:00:00,2.062820000000001
2007-08-09 05:00:00,2.048820000000001
2007-08-10 05:00:00,2.049220000000001
2007-08-13 05:00:00,2.054920000000001
2007-08-14 05:00:00,2.044620000000001
2007-08-15 05:00:00,2.057620000000001
2007-08-16 05:00:00,2.031670000000001
2007-08-17 05:00:00,2.015970000000001
2007-08-20 05:00:00,2.026670000000001
2007-08-21 05:00:00,2.0193200000000013
2007-08-22 05:00:00,2.032120000000001
2007-08-23 05:00:00,2.0441200000000013
2007-08-24 05:00:00,2.047270000000001
2007-08-27 05:00:00,2.054620000000001
2007-08-28 05:00:00,2.0380200000000013
2007-08-29 05:00:00,2.049570000000001
2007-08-30 05:00:00,2.053420000000001
2007-08-31 05:00:00,2.064770000000001
2007-09-04 05:00:00,2.0714700000000015
2007-09-05 05:00:00,2.064470000000001
2007-09-06 05:00:00,2.0627700000000013
2007-09-07 05:00:00,2.0413200000000007
2007-09-10 05:00:00,2.040020000000001
2007-09-11 05:00:00,2.0505700000000013
2007-09-12 05:00:00,2.039570000000001
2007-09-13 05:00:00,2.045770000000001
2007-09-14 05:00:00,2.0257700000000014
2007-09-17 05:00:00,2.003520000000001
2007-09-18 05:00:00,2.0166200000000014
2007-09-19 05:00:00,2.0092700000000008
2007-09-20 05:00:00,1.9935200000000008
2007-09-21 05:00:00,2.007970000000001
2007-09-24 05:00:00,2.011070000000001
2007-09-25 05:00:00,1.9936200000000006
2007-09-26 05:00:00,1.998420000000001
2007-09-27 05:00:00,2.0165200000000008
2007-09-28 05:00:00,2.019870000000001
2007-10-01 05:00:00,2.031220000000001
2007-10-02 05:00:00,2.041120000000001
2007-10-03 05:00:00,2.038870000000001
2007-10-04 05:00:00,2.0387700000000013
2007-10-05 05:00:00,2.0452700000000013
2007-10-08 05:00:00,2.056070000000001
2007-10-09 05:00:00,2.052670000000001
2007-10-10 05:00:00,2.059570000000001
2007-10-11 05:00:00,2.0475200000000013
2007-10-12 05:00:00,2.054120000000001
2007-10-15 05:00:00,2.0557700000000008
2007-10-16 05:00:00,2.046170000000001
2007-10-17 05:00:00,2.0483200000000013
2007-10-18 05:00:00,2.0368200000000014
2007-10-19 05:00:00,2.0395200000000013
2007-10-22 05:00:00,2.037070000000001
2007-10-23 05:00:00,2.0542700000000007
2007-10-24 05:00:00,2.0464200000000012
2007-10-25 05:00:00,2.0372200000000014
2007-10-26 05:00:00,2.0364200000000006
2007-10-29 05:00:00,2.049620000000001
2007-10-30 05:00:00,2.0460200000000013
2007-10-31 05:00:00,2.0562200000000006
2007-11-01 05:00:00,2.059070000000001
2007-11-02 05:00:00,2.0573200000000007
2007-11-05 06:00:00,2.048120000000001
2007-11-06 06:00:00,2.040820000000001
2007-11-07 06:00:00,2.0318700000000014
2007-11-08 06:00:00,2.026320000000001
2007-11-09 06:00:00,1.9973700000000008
2007-11-12 06:00:00,1.9772200000000006
2007-11-13 06:00:00,1.9819200000000003
2007-11-14 06:00:00,1.963320000000001
2007-11-15 06:00:00,1.946270000000001
2007-11-16 06:00:00,1.9449700000000014
2007-11-19 06:00:00,1.9393200000000013
2007-11-20 06:00:00,1.9384200000000007
2007-11-21 06:00:00,1.9264700000000006
2007-11-23 06:00:00,1.9249200000000006
2007-11-26 06:00:00,1.9316200000000012
2007-11-27 06:00:00,1.9375700000000007
2007-11-28 06:00:00,1.964870000000001
2007-11-29 06:00:00,1.9561700000000009
2007-11-30 06:00:00,1.980870000000001
2007-12-03 06:00:00,1.9852700000000005
2007-12-04 06:00:00,1.954970000000001
2007-12-05 06:00:00,1.9376200000000008
2007-12-06 06:00:00,1.9483200000000005
2007-12-07 06:00:00,1.9493200000000008
2007-12-10 06:00:00,1.9650700000000005
2007-12-11 06:00:00,1.9622700000000008
2007-12-12 06:00:00,1.9786700000000008
2007-12-13 06:00:00,1.9857700000000011
2007-12-14 06:00:00,1.9833200000000006
2007-12-17 06:00:00,1.9838200000000012
2007-12-18 06:00:00,1.9784700000000013
2007-12-19 06:00:00,1.9680700000000007
2007-12-20 06:00:00,1.9536200000000006
2007-12-21 06:00:00,1.9547700000000006
2007-12-24 06:00:00,1.949970000000001
2007-12-26 06:00:00,1.945520000000001
2007-12-27 06:00:00,1.9375200000000008
2007-12-28 06:00:00,1.908420000000001
2007-12-31 06:00:00,1.9169700000000005
2008-01-02 06:00:00,1.880720000000001
2008-01-03 06:00:00,1.8610200000000008
2008-01-04 06:00:00,1.847220000000001
2008-01-07 06:00:00,1.8656200000000007
2008-01-08 06:00:00,1.8640700000000008
2008-01-09 06:00:00,1.8496700000000015
2008-01-10 06:00:00,1.8333700000000015
2008-01-11 06:00:00,1.8246200000000015
2008-01-14 06:00:00,1.8060200000000013
2008-01-15 06:00:00,1.812220000000001
2008-01-16 06:00:00,1.8311200000000014
2008-01-17 06:00:00,1.837020000000001
2008-01-18 06:00:00,1.8194700000000013
2008-01-21 06:00:00,1.8200700000000016
2008-01-22 06:00:00,1.8234200000000016
2008-01-23 06:00:00,1.7991700000000013
2008-01-24 06:00:00,1.8149700000000017
2008-01-25 06:00:00,1.8433200000000012
2008-01-28 06:00:00,1.832070000000001
2008-01-29 06:00:00,1.8437200000000011
2008-01-30 06:00:00,1.834320000000001
2008-01-31 06:00:00,1.8219200000000015
2008-02-01 06:00:00,1.8142700000000016
2008-02-04 06:00:00,1.8194700000000013
2008-02-05 06:00:00,1.8313700000000017
2008-02-06 06:00:00,1.823720000000001
2008-02-07 06:00:00,1.817570000000001
2008-02-08 06:00:00,1.816070000000001
2008-02-11 06:00:00,1.8223200000000015
2008-02-12 06:00:00,1.8359200000000009
2008-02-13 06:00:00,1.8515200000000007
2008-02-14 06:00:00,1.8350200000000012
2008-02-15 06:00:00,1.8161200000000017
2008-02-18 06:00:00,1.826720000000001
2008-02-19 06:00:00,1.8050700000000017
2008-02-20 06:00:00,1.811070000000001
2008-02-21 06:00:00,1.8106700000000011
2008-02-22 06:00:00,1.8089200000000016
2008-02-25 06:00:00,1.8179700000000012
2008-02-26 06:00:00,1.8125700000000011
2008-02-27 06:00:00,1.783670000000001
2008-02-28 06:00:00,1.7681200000000015
2008-02-29 06:00:00,1.7507200000000012
2008-03-03 06:00:00,1.7460700000000016
2008-03-04 06:00:00,1.7358200000000006
2008-03-05 06:00:00,1.740720000000001
2008-03-06 06:00:00,1.7367700000000004
2008-03-07 06:00:00,1.743620000000001
2008-03-10 05:00:00,1.7254200000000008
2008-03-11 05:00:00,1.749370000000001
2008-03-12 05:00:00,1.7382200000000005
2008-03-13 05:00:00,1.7314700000000005
2008-03-14 05:00:00,1.6967200000000007
2008-03-17 05:00:00,1.6595200000000006
2008-03-18 05:00:00,1.6866700000000006
2008-03-19 05:00:00,1.6657200000000005
2008-03-20 05:00:00,1.6826700000000006
2008-03-24 05:00:00,1.7077200000000003
2008-03-25 05:00:00,1.6981200000000005
2008-03-26 05:00:00,1.6710200000000004
2008-03-27 05:00:00,1.6767200000000004
2008-03-28 05:00:00,1.6674200000000003
2008-03-31 05:00:00,1.6540700000000004
2008-04-01 05:00:00,1.6857200000000006
2008-04-02 05:00:00,1.6901700000000004
2008-04-03 05:00:00,1.6974200000000004
2008-04-04 05:00:00,1.6908700000000005
2008-04-07 05:00:00,1.6984700000000006
2008-04-08 05:00:00,1.6780200000000005
2008-04-09 05:00:00,1.6622200000000005
2008-04-10 05:00:00,1.6726700000000005
2008-04-11 05:00:00,1.6535200000000005
2008-04-14 05:00:00,1.6629700000000005
2008-04-15 05:00:00,1.6593200000000004
2008-04-16 05:00:00,1.6554700000000004
2008-04-17 05:00:00,1.6886200000000005
2008-04-18 05:00:00,1.7165700000000006
2008-04-21 05:00:00,1.6802200000000005
2008-04-22 05:00:00,1.6870700000000005
2008-04-23 05:00:00,1.6983700000000004
2008-04-24 05:00:00,1.7318700000000005
2008-04-25 05:00:00,1.7403700000000009
2008-04-28 05:00:00,1.7468200000000007
2008-04-29 05:00:00,1.7298700000000002
2008-04-30 05:00:00,1.742870000000001
2008-05-01 05:00:00,1.7579700000000011
2008-05-02 05:00:00,1.7715200000000009
2008-05-05 05:00:00,1.7638200000000008
2008-05-06 05:00:00,1.7603700000000009
2008-05-07 05:00:00,1.7488700000000013
2008-05-08 05:00:00,1.7426700000000013
2008-05-09 05:00:00,1.7204200000000005
2008-05-12 05:00:00,1.7318700000000005
2008-05-13 05:00:00,1.7390700000000003
2008-05-14 05:00:00,1.7434700000000014
2008-05-15 05:00:00,1.7439700000000011
2008-05-16 05:00:00,1.7382200000000005
2008-05-19 05:00:00,1.7411700000000012
2008-05-20 05:00:00,1.7322700000000004
2008-05-21 05:00:00,1.7126700000000004
2008-05-22 05:00:00,1.7357200000000004
2008-05-23 05:00:00,1.7158200000000006
2008-05-26 05:00:00,1.7240200000000006
2008-05-27 05:00:00,1.7328200000000005
2008-05-28 05:00:00,1.7339700000000005
2008-05-29 05:00:00,1.7643200000000006
2008-05-30 05:00:00,1.756920000000001
2008-06-02 05:00:00,1.7290200000000004
2008-06-03 05:00:00,1.7368700000000001
2008-06-04 05:00:00,1.7290200000000004
2008-06-05 05:00:00,1.7261700000000004
2008-06-06 05:00:00,1.7052200000000004
2008-06-09 05:00:00,1.7215200000000006
2008-06-10 05:00:00,1.7316200000000006
2008-06-11 05:00:00,1.7195700000000003
2008-06-12 05:00:00,1.73692
2008-06-13 05:00:00,1.7386200000000005
2008-06-16 05:00:00,1.7458200000000013
2008-06-17 05:00:00,1.7341700000000004
2008-06-18 05:00:00,1.7274200000000002
2008-06-19 05:00:00,1.7593700000000005
2008-06-20 05:00:00,1.7417200000000008
2008-06-23 05:00:00,1.7509700000000006
2008-06-24 05:00:00,1.7448700000000008
2008-06-25 05:00:00,1.7419700000000011
2008-06-26 05:00:00,1.7299700000000005
2008-06-27 05:00:00,1.7278200000000001
2008-06-30 05:00:00,1.7308200000000002
2008-07-01 05:00:00,1.7307200000000005
2008-07-02 05:00:00,1.7203200000000003
2008-07-03 05:00:00,1.7334700000000003
2008-07-04 05:00:00,1.7300200000000003
2008-07-07 05:00:00,1.72612
2008-07-08 05:00:00,1.7335200000000002
2008-07-09 05:00:00,1.7381700000000007
2008-07-10 05:00:00,1.7312200000000002
2008-07-11 05:00:00,1.7233700000000003
2008-07-14 05:00:00,1.7266200000000003
2008-07-15 05:00:00,1.7289200000000002
2008-07-16 05:00:00,1.7335700000000005
2008-07-17 05:00:00,1.746320000000001
2008-07-18 05:00:00,1.7430700000000006
2008-07-21 05:00:00,1.7417700000000007
2008-07-22 05:00:00,1.7537700000000012
2008-07-23 05:00:00,1.7762200000000006
2008-07-24 05:00:00,1.759520000000001
2008-07-25 05:00:00,1.7645700000000009
2008-07-28 05:00:00,1.7631200000000007
2008-07-29 05:00:00,1.7703200000000008
2008-07-30 05:00:00,1.7785700000000015
2008-07-31 05:00:00,1.7804200000000008
2008-08-01 05:00:00,1.7762700000000013
2008-08-04 05:00:00,1.7602200000000003
2008-08-05 05:00:00,1.7640200000000004
2008-08-06 05:00:00,1.7681700000000005
2008-08-07 05:00:00,1.7684700000000007
2008-08-08 05:00:00,1.7786200000000014
2008-08-11 05:00:00,1.7800700000000016
2008-08-12 05:00:00,1.7708700000000004
2008-08-13 05:00:00,1.7366700000000006
2008-08-14 05:00:00,1.7471700000000008
2008-08-15 05:00:00,1.748620000000001
2008-08-18 05:00:00,1.7522200000000003
2008-08-19 05:00:00,1.7444700000000009
2008-08-20 05:00:00,1.750820000000001
2008-08-21 05:00:00,1.7457200000000006
2008-08-22 05:00:00,1.7395200000000002
2008-08-25 05:00:00,1.7395200000000002
2008-08-26 05:00:00,1.7280700000000004
2008-08-27 05:00:00,1.7195700000000003
2008-08-28 05:00:00,1.7164200000000005
2008-08-29 05:00:00,1.7137200000000001
2008-09-01 05:00:00,1.6935700000000002
2008-09-02 05:00:00,1.6803200000000003
2008-09-03 05:00:00,1.6724700000000003
2008-09-04 05:00:00,1.6714200000000003
2008-09-05 05:00:00,1.6716200000000003
2008-09-08 05:00:00,1.6985700000000004
2008-09-09 05:00:00,1.6985700000000004
2008-09-10 05:00:00,1.7020700000000002
2008-09-11 05:00:00,1.7065700000000004
2008-09-12 05:00:00,1.74032
2008-09-15 05:00:00,1.7136200000000004
2008-09-16 05:00:00,1.7134700000000003
2008-09-17 05:00:00,1.7226700000000004
2008-09-18 05:00:00,1.7096700000000002
2008-09-19 05:00:00,1.73222
2008-09-22 05:00:00,1.7088700000000003
2008-09-23 05:00:00,1.7234700000000003
2008-09-24 05:00:00,1.7278200000000001
2008-09-25 05:00:00,1.7131200000000002
2008-09-26 05:00:00,1.7164200000000003
2008-09-29 05:00:00,1.6857200000000003
2008-09-30 05:00:00,1.7138700000000002
2008-10-01 05:00:00,1.7074200000000004
2008-10-02 05:00:00,1.7172200000000002
2008-10-03 05:00:00,1.7146700000000004
2008-10-06 05:00:00,1.7139200000000003
2008-10-07 05:00:00,1.7073200000000004
2008-10-08 05:00:00,1.6645200000000002
2008-10-09 05:00:00,1.6595200000000003
2008-10-10 05:00:00,1.6381700000000003
2008-10-13 05:00:00,1.6869200000000002
2008-10-14 05:00:00,1.6953700000000003
2008-10-15 05:00:00,1.6863700000000004
2008-10-16 05:00:00,1.6837200000000003
2008-10-17 05:00:00,1.6835200000000003
2008-10-20 05:00:00,1.6897200000000003
2008-10-21 05:00:00,1.6683200000000002
2008-10-22 05:00:00,1.6136200000000003
2008-10-23 05:00:00,1.5894200000000003
2008-10-24 05:00:00,1.5677200000000002
2008-10-27 05:00:00,1.5354200000000002
2008-10-28 05:00:00,1.5493700000000004
2008-10-29 05:00:00,1.5720700000000003
2008-10-30 05:00:00,1.5913200000000003
2008-10-31 05:00:00,1.5830700000000002
2008-11-03 06:00:00,1.5786200000000004
2008-11-04 06:00:00,1.5768200000000003
2008-11-05 06:00:00,1.5717200000000002
2008-11-06 06:00:00,1.5756700000000003
2008-11-07 06:00:00,1.5696200000000002
2008-11-10 06:00:00,1.5610700000000002
2008-11-11 06:00:00,1.5510200000000003
2008-11-12 06:00:00,1.4999200000000004
2008-11-13 06:00:00,1.4736200000000004
2008-11-14 06:00:00,1.5004200000000003
2008-11-17 06:00:00,1.5241200000000004
2008-11-18 06:00:00,1.5206200000000003
2008-11-19 06:00:00,1.5432200000000003
2008-11-20 06:00:00,1.5401200000000004
2008-11-21 06:00:00,1.5335700000000003
2008-11-24 06:00:00,1.5363200000000004
2008-11-25 06:00:00,1.5596200000000002
2008-11-26 06:00:00,1.5714200000000003
2008-11-27 06:00:00,1.5740700000000003
2008-11-28 06:00:00,1.5942200000000002
2008-12-01 06:00:00,1.5197200000000002
2008-12-02 06:00:00,1.5208200000000003
2008-12-03 06:00:00,1.5136200000000002
2008-12-04 06:00:00,1.4895700000000003
2008-12-05 06:00:00,1.5201200000000004
2008-12-08 06:00:00,1.5252200000000002
2008-12-09 06:00:00,1.5056200000000002
2008-12-10 06:00:00,1.4959200000000004
2008-12-11 06:00:00,1.5025700000000002
2008-12-12 06:00:00,1.4885200000000003
2008-12-15 06:00:00,1.4982700000000002
2008-12-16 06:00:00,1.4726200000000003
2008-12-17 06:00:00,1.3975200000000003
2008-12-18 06:00:00,1.3499200000000002
2008-12-19 06:00:00,1.3725700000000003
2008-12-22 06:00:00,1.3534200000000003
2008-12-23 06:00:00,1.3313700000000004
2008-12-24 06:00:00,1.3143200000000004
2008-12-26 06:00:00,1.2977200000000002
2008-12-29 06:00:00,1.2628200000000003
2008-12-30 06:00:00,1.2572200000000002
2008-12-31 06:00:00,1.2885700000000002
2009-01-02 06:00:00,1.2947700000000002
2009-01-05 06:00:00,1.3660200000000002
2009-01-06 06:00:00,1.4022200000000002
2009-01-07 06:00:00,1.4014200000000003
2009-01-08 06:00:00,1.3973200000000003
2009-01-09 06:00:00,1.4201200000000003
2009-01-12 06:00:00,1.3850200000000004
2009-01-13 06:00:00,1.3558200000000002
2009-01-14 06:00:00,1.3628200000000004
2009-01-15 06:00:00,1.3782200000000002
2009-01-16 06:00:00,1.3704200000000002
2009-01-19 06:00:00,1.3711200000000003
2009-01-20 06:00:00,1.3314200000000003
2009-01-21 06:00:00,1.3489700000000002
2009-01-22 06:00:00,1.3372700000000004
2009-01-23 06:00:00,1.3284200000000004
2009-01-26 06:00:00,1.3231700000000004
2009-01-27 06:00:00,1.3437700000000004
2009-01-28 06:00:00,1.3778200000000003
2009-01-29 06:00:00,1.3837200000000003
2009-01-30 06:00:00,1.4154200000000003
2009-02-02 06:00:00,1.3932200000000003
2009-02-03 06:00:00,1.3855200000000003
2009-02-04 06:00:00,1.4105700000000003
2009-02-05 06:00:00,1.4483700000000004
2009-02-06 06:00:00,1.4549700000000003
2009-02-09 06:00:00,1.4681200000000003
2009-02-10 06:00:00,1.4140700000000004
2009-02-11 06:00:00,1.4006700000000003
2009-02-12 06:00:00,1.3895200000000003
2009-02-13 06:00:00,1.4009700000000003
2009-02-16 06:00:00,1.3924200000000002
2009-02-17 06:00:00,1.4053700000000002
2009-02-18 06:00:00,1.4100700000000004
2009-02-19 06:00:00,1.4141200000000003
2009-02-20 06:00:00,1.4026200000000002
2009-02-23 06:00:00,1.4244200000000002
2009-02-24 06:00:00,1.4170200000000004
2009-02-25 06:00:00,1.3997200000000003
2009-02-26 06:00:00,1.4011700000000002
2009-02-27 06:00:00,1.4085200000000002
2009-03-02 06:00:00,1.3876200000000003
2009-03-03 06:00:00,1.3901700000000003
2009-03-04 06:00:00,1.3939700000000004
2009-03-05 06:00:00,1.3891700000000002
2009-03-06 06:00:00,1.3659700000000004
2009-03-09 05:00:00,1.3352200000000003
2009-03-10 05:00:00,1.3328200000000003
2009-03-11 05:00:00,1.3350700000000002
2009-03-12 05:00:00,1.3890200000000004
2009-03-13 05:00:00,1.3968200000000004
2009-03-16 05:00:00,1.4078700000000004
2009-03-17 05:00:00,1.3951200000000006
2009-03-18 05:00:00,1.3628700000000005
2009-03-19 05:00:00,1.3682200000000004
2009-03-20 05:00:00,1.3667700000000005
2009-03-23 05:00:00,1.3718200000000005
2009-03-24 05:00:00,1.3935700000000004
2009-03-25 05:00:00,1.3633200000000005
2009-03-26 05:00:00,1.3640700000000006
2009-03-27 05:00:00,1.3704700000000005
2009-03-30 05:00:00,1.3693200000000005
2009-03-31 05:00:00,1.3705700000000005
2009-04-01 05:00:00,1.3918200000000005
2009-04-02 05:00:00,1.4082200000000005
2009-04-03 05:00:00,1.4131700000000005
2009-04-06 05:00:00,1.4100200000000005
2009-04-07 05:00:00,1.4208700000000005
2009-04-08 05:00:00,1.4244200000000005
2009-04-09 05:00:00,1.4303700000000006
2009-04-13 05:00:00,1.4205700000000006
2009-04-14 05:00:00,1.4324200000000005
2009-04-15 05:00:00,1.4483700000000004
2009-04-16 05:00:00,1.4489200000000004
2009-04-17 05:00:00,1.4636700000000005
2009-04-20 05:00:00,1.4374200000000006
2009-04-21 05:00:00,1.4505700000000006
2009-04-22 05:00:00,1.4261200000000005
2009-04-23 05:00:00,1.4308700000000005
2009-04-24 05:00:00,1.4089700000000005
2009-04-27 05:00:00,1.4302700000000006
2009-04-28 05:00:00,1.4096700000000004
2009-04-29 05:00:00,1.4148700000000005
2009-04-30 05:00:00,1.4259700000000004
2009-05-01 05:00:00,1.4317200000000005
2009-05-04 05:00:00,1.4265700000000006
2009-05-05 05:00:00,1.4467200000000005
2009-05-06 05:00:00,1.4486200000000005
2009-05-07 05:00:00,1.4332700000000005
2009-05-08 05:00:00,1.4214700000000005
2009-05-11 05:00:00,1.4167700000000005
2009-05-12 05:00:00,1.4266200000000004
2009-05-13 05:00:00,1.4160700000000004
2009-05-14 05:00:00,1.4187700000000005
2009-05-15 05:00:00,1.4405700000000006
2009-05-18 05:00:00,1.4478200000000006
2009-05-19 05:00:00,1.4563200000000005
2009-05-20 05:00:00,1.4727700000000006
2009-05-21 05:00:00,1.4705200000000005
2009-05-22 05:00:00,1.4639200000000006
2009-05-26 05:00:00,1.4648200000000005
2009-05-27 05:00:00,1.4824700000000004
2009-05-28 05:00:00,1.4669200000000004
2009-05-29 05:00:00,1.4626200000000005
2009-06-01 05:00:00,1.4984200000000005
2009-06-02 05:00:00,1.4968700000000006
2009-06-03 05:00:00,1.4824200000000005
2009-06-04 05:00:00,1.4703700000000004
2009-06-05 05:00:00,1.4735700000000005
2009-06-08 05:00:00,1.4901200000000006
2009-06-09 05:00:00,1.4990200000000005
2009-06-10 05:00:00,1.5031700000000006
2009-06-11 05:00:00,1.5132200000000005
2009-06-12 05:00:00,1.5142700000000004
2009-06-15 05:00:00,1.5191700000000004
2009-06-16 05:00:00,1.5268200000000005
2009-06-17 05:00:00,1.5094700000000005
2009-06-18 05:00:00,1.5152200000000005
2009-06-19 05:00:00,1.5225200000000005
2009-06-22 05:00:00,1.5140700000000005
2009-06-23 05:00:00,1.4950200000000005
2009-06-24 05:00:00,1.5433200000000005
2009-06-25 05:00:00,1.5310200000000005
2009-06-26 05:00:00,1.5273700000000003
2009-06-29 05:00:00,1.5317700000000005
2009-06-30 05:00:00,1.5259700000000005
2009-07-01 05:00:00,1.5095700000000005
2009-07-02 05:00:00,1.5168200000000005
2009-07-03 05:00:00,1.5117200000000004
2009-07-06 05:00:00,1.5046200000000005
2009-07-07 05:00:00,1.4972700000000005
2009-07-08 05:00:00,1.4894700000000005
2009-07-09 05:00:00,1.5025700000000004
2009-07-10 05:00:00,1.4955700000000005
2009-07-13 05:00:00,1.4955200000000004
2009-07-14 05:00:00,1.5159200000000004
2009-07-15 05:00:00,1.5024700000000004
2009-07-16 05:00:00,1.5061700000000005
2009-07-17 05:00:00,1.5003700000000004
2009-07-20 05:00:00,1.5060200000000004
2009-07-21 05:00:00,1.4954700000000005
2009-07-22 05:00:00,1.4934700000000005
2009-07-23 05:00:00,1.5104200000000005
2009-07-24 05:00:00,1.4980200000000004
2009-07-27 05:00:00,1.5051700000000003
2009-07-28 05:00:00,1.5063200000000005
2009-07-29 05:00:00,1.5221700000000005
2009-07-30 05:00:00,1.5344200000000003
2009-07-31 05:00:00,1.5240200000000004
2009-08-03 05:00:00,1.5340200000000004
2009-08-04 05:00:00,1.5360200000000004
2009-08-05 05:00:00,1.5451700000000004
2009-08-06 05:00:00,1.5283200000000003
2009-08-07 05:00:00,1.5453200000000005
2009-08-10 05:00:00,1.5289700000000004
2009-08-11 05:00:00,1.5227200000000005
2009-08-12 05:00:00,1.5193700000000006
2009-08-13 05:00:00,1.5130200000000005
2009-08-14 05:00:00,1.5141700000000005
2009-08-17 05:00:00,1.5020700000000005
2009-08-18 05:00:00,1.5225700000000004
2009-08-19 05:00:00,1.5016700000000005
2009-08-20 05:00:00,1.4954200000000004
2009-08-21 05:00:00,1.4828700000000004
2009-08-24 05:00:00,1.4824200000000005
2009-08-25 05:00:00,1.4754200000000004
2009-08-26 05:00:00,1.4763700000000004
2009-08-27 05:00:00,1.4627200000000005
2009-08-28 05:00:00,1.4663200000000005
2009-08-31 05:00:00,1.4642200000000005
2009-09-01 05:00:00,1.4646700000000004
2009-09-02 05:00:00,1.4666200000000005
2009-09-03 05:00:00,1.4748700000000003
2009-09-04 05:00:00,1.4802200000000005
2009-09-08 05:00:00,1.4672200000000004
2009-09-09 05:00:00,1.4637200000000004
2009-09-10 05:00:00,1.4718700000000005
2009-09-11 05:00:00,1.4715200000000004
2009-09-14 05:00:00,1.4592200000000004
2009-09-15 05:00:00,1.4502200000000003
2009-09-16 05:00:00,1.4445200000000002
2009-09-17 05:00:00,1.4353200000000004
2009-09-18 05:00:00,1.4185700000000003
2009-09-21 05:00:00,1.4165200000000002
2009-09-22 05:00:00,1.4185200000000002
2009-09-23 05:00:00,1.4238200000000003
2009-09-24 05:00:00,1.3991200000000004
2009-09-25 05:00:00,1.3858700000000004
2009-09-28 05:00:00,1.3858200000000003
2009-09-29 05:00:00,1.3972700000000002
2009-09-30 05:00:00,1.4012700000000002
2009-10-01 05:00:00,1.4053200000000003
2009-10-02 05:00:00,1.3912200000000003
2009-10-05 05:00:00,1.3885700000000003
2009-10-06 05:00:00,1.3783700000000003
2009-10-07 05:00:00,1.3926700000000003
2009-10-08 05:00:00,1.3947700000000003
2009-10-09 05:00:00,1.3786200000000004
2009-10-12 05:00:00,1.3644200000000004
2009-10-13 05:00:00,1.3712200000000003
2009-10-14 05:00:00,1.3674200000000003
2009-10-15 05:00:00,1.3965200000000004
2009-10-16 05:00:00,1.4088700000000003
2009-10-19 05:00:00,1.4029200000000004
2009-10-20 05:00:00,1.4013200000000003
2009-10-21 05:00:00,1.4154700000000002
2009-10-22 05:00:00,1.4148700000000003
2009-10-23 05:00:00,1.3897700000000004
2009-10-26 05:00:00,1.4057700000000004
2009-10-27 05:00:00,1.4183700000000004
2009-10-28 05:00:00,1.4284200000000002
2009-10-29 05:00:00,1.4291700000000003
2009-10-30 05:00:00,1.4301700000000004
2009-11-02 06:00:00,1.4208700000000003
2009-11-03 06:00:00,1.4296200000000003
2009-11-04 06:00:00,1.4267200000000002
2009-11-05 06:00:00,1.4304200000000002
2009-11-06 06:00:00,1.4344200000000003
2009-11-09 06:00:00,1.4332700000000003
2009-11-10 06:00:00,1.4320200000000003
2009-11-11 06:00:00,1.4155700000000002
2009-11-12 06:00:00,1.4281700000000004
2009-11-13 06:00:00,1.4349200000000004
2009-11-16 06:00:00,1.4394700000000002
2009-11-17 06:00:00,1.4539700000000004
2009-11-18 06:00:00,1.4355700000000002
2009-11-19 06:00:00,1.4314200000000004
2009-11-20 06:00:00,1.4230700000000003
2009-11-23 06:00:00,1.4225200000000002
2009-11-24 06:00:00,1.4175200000000003
2009-11-25 06:00:00,1.4101700000000004
2009-11-27 06:00:00,1.4052700000000002
2009-11-30 06:00:00,1.3971200000000004
2009-12-01 06:00:00,1.4069700000000003
2009-12-02 06:00:00,1.4129200000000004
2009-12-03 06:00:00,1.3993200000000003
2009-12-04 06:00:00,1.4188700000000003
2009-12-07 06:00:00,1.4209700000000003
2009-12-08 06:00:00,1.4177700000000004
2009-12-09 06:00:00,1.4135700000000002
2009-12-10 06:00:00,1.4152700000000003
2009-12-11 06:00:00,1.4246700000000003
2009-12-14 06:00:00,1.4222700000000004
2009-12-15 06:00:00,1.4321200000000003
2009-12-16 06:00:00,1.4364200000000003
2009-12-17 06:00:00,1.4312700000000003
2009-12-18 06:00:00,1.4213200000000004
2009-12-21 06:00:00,1.4187200000000004
2009-12-22 06:00:00,1.4142200000000003
2009-12-23 06:00:00,1.3985200000000004
2009-12-24 06:00:00,1.3973700000000004
2009-12-28 06:00:00,1.3962200000000005
2009-12-29 06:00:00,1.3894200000000003
2009-12-30 06:00:00,1.4067700000000003
2009-12-31 06:00:00,1.4120200000000003
2010-01-04 06:00:00,1.3970200000000004
2010-01-05 06:00:00,1.3942200000000005
2010-01-06 06:00:00,1.3852200000000003
2010-01-07 06:00:00,1.3878200000000003
2010-01-08 06:00:00,1.3825200000000004
2010-01-11 06:00:00,1.3762200000000004
2010-01-12 06:00:00,1.3870200000000004
2010-01-13 06:00:00,1.3985200000000004
2010-01-14 06:00:00,1.4038200000000003
2010-01-15 06:00:00,1.4118200000000003
2010-01-19 06:00:00,1.4300700000000004
2010-01-20 06:00:00,1.4409200000000004
2010-01-21 06:00:00,1.4287700000000003
2010-01-22 06:00:00,1.4201700000000004
2010-01-25 06:00:00,1.4300200000000003
2010-01-26 06:00:00,1.4295200000000003
2010-01-27 06:00:00,1.4379700000000004
2010-01-28 06:00:00,1.4362200000000003
2010-01-29 06:00:00,1.4373200000000004
2010-02-01 06:00:00,1.4286200000000004
2010-02-02 06:00:00,1.4266700000000003
2010-02-03 06:00:00,1.4240700000000004
2010-02-04 06:00:00,1.4196200000000003
2010-02-05 06:00:00,1.4178200000000003
2010-02-08 06:00:00,1.4146200000000004
2010-02-09 06:00:00,1.4128200000000004
2010-02-10 06:00:00,1.4062700000000004
2010-02-11 06:00:00,1.4219200000000003
2010-02-12 06:00:00,1.4278700000000004
2010-02-16 06:00:00,1.4260200000000003
2010-02-17 06:00:00,1.4317200000000003
2010-02-18 06:00:00,1.4251200000000004
2010-02-19 06:00:00,1.4074700000000004
2010-02-22 06:00:00,1.4076700000000004
2010-02-23 06:00:00,1.4138200000000003
2010-02-24 06:00:00,1.4069700000000003
2010-02-25 06:00:00,1.3881700000000003
2010-02-26 06:00:00,1.3795200000000003
2010-03-01 06:00:00,1.3600200000000005
2010-03-02 06:00:00,1.3502700000000003
2010-03-03 06:00:00,1.3533200000000003
2010-03-04 06:00:00,1.3611200000000003
2010-03-05 06:00:00,1.3701200000000004
2010-03-08 06:00:00,1.3596700000000004
2010-03-09 06:00:00,1.3545200000000004
2010-03-10 06:00:00,1.3450700000000004
2010-03-11 06:00:00,1.3505200000000004
2010-03-12 06:00:00,1.3488700000000005
2010-03-15 05:00:00,1.3392200000000005
2010-03-16 05:00:00,1.3488700000000005
2010-03-17 05:00:00,1.3552200000000005
2010-03-18 05:00:00,1.3537200000000005
2010-03-19 05:00:00,1.3331700000000004
2010-03-22 05:00:00,1.3394200000000005
2010-03-23 05:00:00,1.3311200000000005
2010-03-24 05:00:00,1.3379200000000004
2010-03-25 05:00:00,1.3322200000000004
2010-03-26 05:00:00,1.3303200000000004
2010-03-29 05:00:00,1.3349200000000003
2010-03-30 05:00:00,1.3480200000000004
2010-03-31 05:00:00,1.3419700000000003
2010-04-01 05:00:00,1.3532700000000004
2010-04-05 05:00:00,1.3659200000000005
2010-04-06 05:00:00,1.3747200000000004
2010-04-07 05:00:00,1.3791200000000003
2010-04-08 05:00:00,1.3814200000000005
2010-04-09 05:00:00,1.3844200000000004
2010-04-12 05:00:00,1.3700200000000005
2010-04-13 05:00:00,1.3629200000000004
2010-04-14 05:00:00,1.3693200000000005
2010-04-15 05:00:00,1.3800200000000005
2010-04-16 05:00:00,1.3758200000000005
2010-04-19 05:00:00,1.3715200000000005
2010-04-20 05:00:00,1.3841200000000005
2010-04-21 05:00:00,1.3897700000000004
2010-04-22 05:00:00,1.3989200000000004
2010-04-23 05:00:00,1.3907200000000004
2010-04-26 05:00:00,1.4047200000000004
2010-04-27 05:00:00,1.3978200000000005
2010-04-28 05:00:00,1.3931200000000004
2010-04-29 05:00:00,1.4029700000000005
2010-04-30 05:00:00,1.3872200000000003
2010-05-03 05:00:00,1.3969200000000004
2010-05-04 05:00:00,1.4131200000000004
2010-05-05 05:00:00,1.4286200000000004
2010-05-06 05:00:00,1.3868700000000005
2010-05-07 05:00:00,1.3828200000000004
2010-05-10 05:00:00,1.3916200000000005
2010-05-11 05:00:00,1.4017200000000005
2010-05-12 05:00:00,1.3875700000000004
2010-05-13 05:00:00,1.3745700000000005
2010-05-14 05:00:00,1.3888200000000004
2010-05-17 05:00:00,1.3807200000000004
2010-05-18 05:00:00,1.3862200000000005
2010-05-19 05:00:00,1.4047200000000004
2010-05-20 05:00:00,1.3970700000000005
2010-05-21 05:00:00,1.4036700000000004
2010-05-24 05:00:00,1.4143200000000005
2010-05-25 05:00:00,1.4069700000000005
2010-05-26 05:00:00,1.4142700000000004
2010-05-27 05:00:00,1.4207700000000005
2010-05-28 05:00:00,1.4185200000000004
2010-06-01 05:00:00,1.4365700000000003
2010-06-02 05:00:00,1.4353200000000004
2010-06-03 05:00:00,1.4332200000000004
2010-06-04 05:00:00,1.4222200000000005
2010-06-07 05:00:00,1.4245200000000005
2010-06-08 05:00:00,1.4033700000000005
2010-06-09 05:00:00,1.4117700000000004
2010-06-10 05:00:00,1.4265700000000003
2010-06-11 05:00:00,1.4122200000000005
2010-06-14 05:00:00,1.4215200000000003
2010-06-15 05:00:00,1.4144700000000003
2010-06-16 05:00:00,1.4062200000000005
2010-06-17 05:00:00,1.3830200000000004
2010-06-18 05:00:00,1.3779700000000004
2010-06-21 05:00:00,1.3763700000000003
2010-06-22 05:00:00,1.3766200000000004
2010-06-23 05:00:00,1.3866700000000005
2010-06-24 05:00:00,1.3831700000000005
2010-06-25 05:00:00,1.3812200000000003
2010-06-28 05:00:00,1.3794700000000004
2010-06-29 05:00:00,1.3662700000000003
2010-06-30 05:00:00,1.3478200000000005
2010-07-01 05:00:00,1.3466700000000005
2010-07-02 05:00:00,1.3538200000000005
2010-07-06 05:00:00,1.3408700000000005
2010-07-07 05:00:00,1.3351700000000004
2010-07-08 05:00:00,1.3268200000000003
2010-07-09 05:00:00,1.3281700000000005
2010-07-12 05:00:00,1.3293200000000005
2010-07-13 05:00:00,1.3379200000000004
2010-07-14 05:00:00,1.3454700000000004
2010-07-15 05:00:00,1.3453700000000004
2010-07-16 05:00:00,1.3439200000000004
2010-07-19 05:00:00,1.3411200000000005
2010-07-20 05:00:00,1.3406700000000005
2010-07-21 05:00:00,1.3294200000000005
2010-07-22 05:00:00,1.3294700000000004
2010-07-23 05:00:00,1.3601200000000004
2010-07-26 05:00:00,1.3604700000000005
2010-07-27 05:00:00,1.3893200000000003
2010-07-28 05:00:00,1.3851700000000005
2010-07-29 05:00:00,1.3655700000000004
2010-07-30 05:00:00,1.3702200000000004
2010-08-02 05:00:00,1.3899700000000004
2010-08-03 05:00:00,1.3942700000000003
2010-08-04 05:00:00,1.4102200000000005
2010-08-05 05:00:00,1.4011700000000005
2010-08-06 05:00:00,1.3939700000000004
2010-08-09 05:00:00,1.4050200000000004
2010-08-10 05:00:00,1.4020200000000005
2010-08-11 05:00:00,1.3957700000000004
2010-08-12 05:00:00,1.3746200000000004
2010-08-13 05:00:00,1.3802700000000003
2010-08-16 05:00:00,1.3649700000000005
2010-08-17 05:00:00,1.3626700000000005
2010-08-18 05:00:00,1.3631700000000004
2010-08-19 05:00:00,1.3485700000000005
2010-08-20 05:00:00,1.3458200000000005
2010-08-23 05:00:00,1.3523200000000004
2010-08-24 05:00:00,1.3299700000000003
2010-08-25 05:00:00,1.3274700000000004
2010-08-26 05:00:00,1.3286700000000005
2010-08-27 05:00:00,1.3337700000000003
2010-08-30 05:00:00,1.3252700000000004
2010-08-31 05:00:00,1.2965700000000004
2010-09-01 05:00:00,1.3067700000000004
2010-09-02 05:00:00,1.2993700000000004
2010-09-03 05:00:00,1.3112700000000004
2010-09-07 05:00:00,1.2867700000000004
2010-09-08 05:00:00,1.3049700000000004
2010-09-09 05:00:00,1.3049700000000004
2010-09-10 05:00:00,1.3027700000000004
2010-09-13 05:00:00,1.2969700000000004
2010-09-14 05:00:00,1.2926700000000004
2010-09-15 05:00:00,1.3132700000000004
2010-09-16 05:00:00,1.3320700000000003
2010-09-17 05:00:00,1.3232700000000004
2010-09-20 05:00:00,1.3072700000000004
2010-09-21 05:00:00,1.3041700000000005
2010-09-22 05:00:00,1.2917700000000003
2010-09-23 05:00:00,1.2911200000000005
2010-09-24 05:00:00,1.3038700000000003
2010-09-27 05:00:00,1.3053200000000005
2010-09-28 05:00:00,1.2874700000000003
2010-09-29 05:00:00,1.2870200000000005
2010-09-30 05:00:00,1.2880700000000005
2010-10-01 05:00:00,1.2891700000000004
2010-10-04 05:00:00,1.2851200000000005
2010-10-05 05:00:00,1.2809200000000003
2010-10-06 05:00:00,1.2722700000000005
2010-10-07 05:00:00,1.2805200000000003
2010-10-08 05:00:00,1.2819200000000004
2010-10-11 05:00:00,1.2785200000000003
2010-10-12 05:00:00,1.2553700000000003
2010-10-13 05:00:00,1.2703200000000003
2010-10-14 05:00:00,1.2686200000000003
2010-10-15 05:00:00,1.2798700000000003
2010-10-18 05:00:00,1.2704700000000004
2010-10-19 05:00:00,1.2687700000000004
2010-10-20 05:00:00,1.2721700000000005
2010-10-21 05:00:00,1.2636200000000004
2010-10-22 05:00:00,1.2779700000000005
2010-10-25 05:00:00,1.2739700000000005
2010-10-26 05:00:00,1.3066200000000003
2010-10-27 05:00:00,1.3077700000000003
2010-10-28 05:00:00,1.3116700000000003
2010-10-29 05:00:00,1.3240200000000004
2010-11-01 05:00:00,1.3364700000000005
2010-11-02 05:00:00,1.3149700000000004
2010-11-03 05:00:00,1.3128200000000003
2010-11-04 05:00:00,1.3062700000000005
2010-11-05 05:00:00,1.3017200000000004
2010-11-08 06:00:00,1.3038700000000003
2010-11-09 06:00:00,1.2958700000000003
2010-11-10 06:00:00,1.3115700000000003
2010-11-11 06:00:00,1.3200700000000003
2010-11-12 06:00:00,1.3246200000000004
2010-11-15 06:00:00,1.3280200000000004
2010-11-16 06:00:00,1.3277200000000005
2010-11-17 06:00:00,1.3238200000000004
2010-11-18 06:00:00,1.3451200000000003
2010-11-19 06:00:00,1.3355700000000004
2010-11-22 06:00:00,1.3260200000000004
2010-11-23 06:00:00,1.3190700000000004
2010-11-24 06:00:00,1.3185700000000005
2010-11-26 06:00:00,1.3121200000000004
2010-11-29 06:00:00,1.3035200000000005
2010-11-30 06:00:00,1.3085700000000005
2010-12-01 06:00:00,1.3139200000000004
2010-12-02 06:00:00,1.2950200000000003
2010-12-03 06:00:00,1.2865200000000003
2010-12-06 06:00:00,1.2890200000000005
2010-12-07 06:00:00,1.3028700000000004
2010-12-08 06:00:00,1.3062200000000004
2010-12-09 06:00:00,1.2964200000000003
2010-12-10 06:00:00,1.2971200000000005
2010-12-13 06:00:00,1.2788700000000004
2010-12-14 06:00:00,1.2537700000000005
2010-12-15 06:00:00,1.2457200000000004
2010-12-16 06:00:00,1.2501200000000003
2010-12-17 06:00:00,1.2435200000000004
2010-12-20 06:00:00,1.2401200000000003
2010-12-21 06:00:00,1.2232200000000004
2010-12-22 06:00:00,1.2065700000000004
2010-12-23 06:00:00,1.2224700000000004
2010-12-27 06:00:00,1.2221200000000003
2010-12-28 06:00:00,1.2050700000000003
2010-12-29 06:00:00,1.2105700000000004
2010-12-30 06:00:00,1.1835700000000005
2010-12-31 06:00:00,1.1982200000000005
2011-01-03 06:00:00,1.1881200000000005
2011-01-04 06:00:00,1.2225700000000004
2011-01-05 06:00:00,1.2405200000000005
2011-01-06 06:00:00,1.2345200000000005
2011-01-07 06:00:00,1.2443700000000004
2011-01-10 06:00:00,1.2508200000000005
2011-01-11 06:00:00,1.2612200000000005
2011-01-12 06:00:00,1.2671200000000005
2011-01-13 06:00:00,1.2681200000000004
2011-01-14 06:00:00,1.2739700000000005
2011-01-18 06:00:00,1.2803200000000003
2011-01-19 06:00:00,1.2692700000000003
2011-01-20 06:00:00,1.2813700000000003
2011-01-21 06:00:00,1.2768200000000005
2011-01-24 06:00:00,1.2609700000000004
2011-01-25 06:00:00,1.2313700000000003
2011-01-26 06:00:00,1.2417200000000004
2011-01-27 06:00:00,1.2496200000000004
2011-01-28 06:00:00,1.2374700000000003
2011-01-31 06:00:00,1.2545700000000004
2011-02-01 06:00:00,1.2538200000000004
2011-02-02 06:00:00,1.2652200000000005
2011-02-03 06:00:00,1.2685700000000004
2011-02-04 06:00:00,1.2799700000000005
2011-02-07 06:00:00,1.2823700000000005
2011-02-08 06:00:00,1.2899700000000005
2011-02-09 06:00:00,1.2842700000000005
2011-02-10 06:00:00,1.3031700000000004
2011-02-11 06:00:00,1.3030200000000005
2011-02-14 06:00:00,1.2991200000000005
2011-02-15 06:00:00,1.3022700000000005
2011-02-16 06:00:00,1.2858700000000005
2011-02-17 06:00:00,1.2784200000000003
2011-02-18 06:00:00,1.2787700000000004
2011-02-22 06:00:00,1.2577200000000004
2011-02-23 06:00:00,1.2552700000000003
2011-02-24 06:00:00,1.2353200000000004
2011-02-25 06:00:00,1.2381200000000003
2011-02-28 06:00:00,1.2540700000000005
2011-03-01 06:00:00,1.2557200000000004
2011-03-02 06:00:00,1.2515200000000004
2011-03-03 06:00:00,1.2598200000000004
2011-03-04 06:00:00,1.2492200000000004
2011-03-07 06:00:00,1.2438200000000004
2011-03-08 06:00:00,1.2550700000000004
2011-03-09 06:00:00,1.2495700000000005
2011-03-10 06:00:00,1.2395700000000005
2011-03-11 06:00:00,1.2371200000000004
2011-03-14 05:00:00,1.2390200000000005
2011-03-15 05:00:00,1.2201700000000004
2011-03-16 05:00:00,1.2024700000000004
2011-03-17 05:00:00,1.1972200000000004
2011-03-18 05:00:00,1.2068700000000003
2011-03-21 05:00:00,1.2210700000000003
2011-03-22 05:00:00,1.2242700000000004
2011-03-23 05:00:00,1.2198700000000005
2011-03-24 05:00:00,1.2057200000000003
2011-03-25 05:00:00,1.2171200000000004
2011-03-28 05:00:00,1.2121200000000003
2011-03-29 05:00:00,1.2189700000000003
2011-03-30 05:00:00,1.2224200000000003
2011-03-31 05:00:00,1.2174700000000003
2011-04-01 05:00:00,1.2343700000000004
2011-04-04 05:00:00,1.2340700000000004
2011-04-05 05:00:00,1.2520700000000005
2011-04-06 05:00:00,1.2458200000000004
2011-04-07 05:00:00,1.2400200000000003
2011-04-08 05:00:00,1.2328700000000004
2011-04-11 05:00:00,1.2268200000000005
2011-04-12 05:00:00,1.2032200000000004
2011-04-13 05:00:00,1.2038200000000003
2011-04-14 05:00:00,1.2051200000000004
2011-04-15 05:00:00,1.2022200000000003
2011-04-18 05:00:00,1.2031200000000004
2011-04-19 05:00:00,1.2127200000000005
2011-04-20 05:00:00,1.2037200000000003
2011-04-21 05:00:00,1.2069200000000004
2011-04-25 05:00:00,1.1995200000000004
2011-04-26 05:00:00,1.1915700000000005
2011-04-27 05:00:00,1.1995200000000004
2011-04-28 05:00:00,1.1989200000000004
2011-04-29 05:00:00,1.1889200000000004
2011-05-02 05:00:00,1.1876200000000003
2011-05-03 05:00:00,1.1649700000000003
2011-05-04 05:00:00,1.1661200000000003
2011-05-05 05:00:00,1.1716700000000004
2011-05-06 05:00:00,1.1843200000000003
2011-05-09 05:00:00,1.1761700000000004
2011-05-10 05:00:00,1.1865200000000005
2011-05-11 05:00:00,1.1975700000000005
2011-05-12 05:00:00,1.1873700000000003
2011-05-13 05:00:00,1.1891200000000004
2011-05-16 05:00:00,1.1780700000000004
2011-05-17 05:00:00,1.1771200000000004
2011-05-18 05:00:00,1.1691700000000003
2011-05-19 05:00:00,1.1756700000000004
2011-05-20 05:00:00,1.1735700000000004
2011-05-23 05:00:00,1.1692700000000005
2011-05-24 05:00:00,1.1696700000000004
2011-05-25 05:00:00,1.1671200000000004
2011-05-26 05:00:00,1.1661200000000003
2011-05-27 05:00:00,1.1535200000000003
2011-05-31 05:00:00,1.1502700000000003
2011-06-01 05:00:00,1.1246200000000004
2011-06-02 05:00:00,1.1247200000000004
2011-06-03 05:00:00,1.1193200000000003
2011-06-06 05:00:00,1.1147700000000003
2011-06-07 05:00:00,1.1243700000000003
2011-06-08 05:00:00,1.1186700000000003
2011-06-09 05:00:00,1.1250700000000005
2011-06-10 05:00:00,1.1138700000000004
2011-06-13 05:00:00,1.1127700000000003
2011-06-14 05:00:00,1.1242200000000002
2011-06-15 05:00:00,1.1215200000000003
2011-06-16 05:00:00,1.1104200000000002
2011-06-17 05:00:00,1.1136200000000003
2011-06-20 05:00:00,1.1103700000000003
2011-06-21 05:00:00,1.1064200000000002
2011-06-22 05:00:00,1.0905700000000003
2011-06-23 05:00:00,1.0823700000000003
2011-06-24 05:00:00,1.0789200000000003
2011-06-27 05:00:00,1.0773200000000003
2011-06-28 05:00:00,1.0715700000000004
2011-06-29 05:00:00,1.0813700000000002
2011-06-30 05:00:00,1.0919200000000002
2011-07-01 05:00:00,1.1044700000000003
2011-07-05 05:00:00,1.0898700000000003
2011-07-06 05:00:00,1.0840200000000002
2011-07-07 05:00:00,1.0894700000000002
2011-07-08 05:00:00,1.0825200000000001
2011-07-11 05:00:00,1.0697700000000003
2011-07-12 05:00:00,1.0643700000000003
2011-07-13 05:00:00,1.0617200000000002
2011-07-14 05:00:00,1.0598200000000002
2011-07-15 05:00:00,1.0546200000000003
2011-07-18 05:00:00,1.0550700000000002
2011-07-19 05:00:00,1.0697700000000003
2011-07-20 05:00:00,1.0654700000000004
2011-07-21 05:00:00,1.0730200000000003
2011-07-22 05:00:00,1.0755700000000004
2011-07-25 05:00:00,1.0555200000000002
2011-07-26 05:00:00,1.0566700000000002
2011-07-27 05:00:00,1.0512700000000001
2011-07-28 05:00:00,1.0530700000000002
2011-07-29 05:00:00,1.0374700000000003
2011-08-01 05:00:00,1.0158200000000002
2011-08-02 05:00:00,0.9931200000000002
2011-08-03 05:00:00,1.0036200000000002
2011-08-04 05:00:00,0.9919700000000002
2011-08-05 05:00:00,0.9969700000000004
2011-08-08 05:00:00,0.9784700000000002
2011-08-09 05:00:00,0.8992700000000002
2011-08-10 05:00:00,0.9205700000000003
2011-08-11 05:00:00,0.9794200000000002
2011-08-12 05:00:00,1.0057200000000002
2011-08-15 05:00:00,1.0273200000000002
2011-08-16 05:00:00,1.0484200000000004
2011-08-17 05:00:00,1.0494200000000002
2011-08-18 05:00:00,1.0498700000000003
2011-08-19 05:00:00,1.0401700000000003
2011-08-22 05:00:00,1.0451700000000002
2011-08-23 05:00:00,1.0474700000000003
2011-08-24 05:00:00,1.0428700000000002
2011-08-25 05:00:00,1.0351700000000004
2011-08-26 05:00:00,1.0620200000000002
2011-08-29 05:00:00,1.0800700000000003
2011-08-30 05:00:00,1.0787200000000003
2011-08-31 05:00:00,1.0500200000000002
2011-09-01 05:00:00,1.0270700000000001
2011-09-02 05:00:00,1.0204200000000003
2011-09-06 05:00:00,1.1154700000000002
2011-09-07 05:00:00,1.1131200000000003
2011-09-08 05:00:00,1.1390700000000002
2011-09-09 05:00:00,1.1451200000000004
2011-09-12 05:00:00,1.1449200000000002
2011-09-13 05:00:00,1.1299700000000004
2011-09-14 05:00:00,1.1213700000000002
2011-09-15 05:00:00,1.1169700000000002
2011-09-16 05:00:00,1.1258700000000001
2011-09-19 05:00:00,1.1273700000000002
2011-09-20 05:00:00,1.1415200000000003
2011-09-21 05:00:00,1.1372200000000003
2011-09-22 05:00:00,1.1376200000000003
2011-09-23 05:00:00,1.1418700000000002
2011-09-26 05:00:00,1.1501200000000003
2011-09-27 05:00:00,1.1438700000000002
2011-09-28 05:00:00,1.1448200000000002
2011-09-29 05:00:00,1.1458700000000002
2011-09-30 05:00:00,1.1576200000000003
2011-10-03 05:00:00,1.1642700000000004
2011-10-04 05:00:00,1.1646200000000002
2011-10-05 05:00:00,1.1718200000000003
2011-10-06 05:00:00,1.1648200000000002
2011-10-07 05:00:00,1.1848200000000002
2011-10-10 05:00:00,1.1583700000000003
2011-10-11 05:00:00,1.1571700000000003
2011-10-12 05:00:00,1.1521700000000004
2011-10-13 05:00:00,1.1588700000000003
2011-10-14 05:00:00,1.1558700000000002
2011-10-17 05:00:00,1.1597700000000002
2011-10-18 05:00:00,1.1573700000000002
2011-10-19 05:00:00,1.1669700000000003
2011-10-20 05:00:00,1.1556700000000002
2011-10-21 05:00:00,1.1535700000000002
2011-10-24 05:00:00,1.1519700000000002
2011-10-25 05:00:00,1.1500700000000001
2011-10-26 05:00:00,1.1512700000000002
2011-10-27 05:00:00,1.1292700000000002
2011-10-28 05:00:00,1.1332700000000002
2011-10-31 05:00:00,1.1530700000000003
2011-11-01 05:00:00,1.1587700000000003
2011-11-02 05:00:00,1.1534700000000002
2011-11-03 05:00:00,1.1522700000000003
2011-11-04 05:00:00,1.1648700000000003
2011-11-07 06:00:00,1.1914700000000003
2011-11-08 06:00:00,1.1859700000000002
2011-11-09 06:00:00,1.1930700000000003
2011-11-10 06:00:00,1.1881700000000002
2011-11-11 06:00:00,1.1920700000000002
2011-11-14 06:00:00,1.1878700000000002
2011-11-15 06:00:00,1.1934700000000003
2011-11-16 06:00:00,1.1912700000000003
2011-11-17 06:00:00,1.1944700000000004
2011-11-18 06:00:00,1.1934700000000003
2011-11-21 06:00:00,1.1792700000000003
2011-11-22 06:00:00,1.1743700000000004
2011-11-23 06:00:00,1.1729700000000003
2011-11-25 06:00:00,1.1807700000000003
2011-11-28 06:00:00,1.1758700000000002
2011-11-29 06:00:00,1.1810700000000003
2011-11-30 06:00:00,1.1785700000000003
2011-12-01 06:00:00,1.1830700000000003
2011-12-02 06:00:00,1.1818700000000002
2011-12-05 06:00:00,1.1853700000000003
2011-12-06 06:00:00,1.1901700000000002
2011-12-07 06:00:00,1.1963700000000002
2011-12-08 06:00:00,1.1957700000000002
2011-12-09 06:00:00,1.1933700000000003
2011-12-12 06:00:00,1.2053700000000003
2011-12-13 06:00:00,1.2109700000000003
2011-12-14 06:00:00,1.2198700000000005
2011-12-15 06:00:00,1.2043700000000004
2011-12-16 06:00:00,1.1990700000000003
2011-12-19 06:00:00,1.1993700000000005
2011-12-20 06:00:00,1.2049700000000003
2011-12-21 06:00:00,1.2132700000000003
2011-12-22 06:00:00,1.2146700000000004
2011-12-23 06:00:00,1.2099700000000004
2011-12-27 06:00:00,1.2099700000000004
2011-12-28 06:00:00,1.2032700000000003
2011-12-29 06:00:00,1.1970700000000003
2011-12-30 06:00:00,1.2033700000000005
2012-01-03 06:00:00,1.2060700000000004
2012-01-04 06:00:00,1.2187700000000004
2012-01-05 06:00:00,1.2241700000000004
2012-01-06 06:00:00,1.2210700000000003
2012-01-09 06:00:00,1.2161700000000004
2012-01-10 06:00:00,1.2167700000000004
2012-01-11 06:00:00,1.2110700000000003
2012-01-12 06:00:00,1.1960700000000004
2012-01-13 06:00:00,1.2079700000000004
2012-01-17 06:00:00,1.2050700000000003
2012-01-18 06:00:00,1.2001700000000004
2012-01-19 06:00:00,1.1934700000000005
2012-01-20 06:00:00,1.2023700000000004
2012-01-23 06:00:00,1.1921700000000004
2012-01-24 06:00:00,1.1978700000000004
2012-01-25 06:00:00,1.1930700000000003
2012-01-26 06:00:00,1.1931700000000003
2012-01-27 06:00:00,1.1847700000000003
2012-01-30 06:00:00,1.1906700000000003
2012-01-31 06:00:00,1.1987700000000003
2012-02-01 06:00:00,1.1991700000000003
2012-02-02 06:00:00,1.1980700000000004
2012-02-03 06:00:00,1.2023700000000004
2012-02-06 06:00:00,1.2037700000000005
2012-02-07 06:00:00,1.2001700000000004
2012-02-08 06:00:00,1.1934700000000005
2012-02-09 06:00:00,1.1922700000000004
2012-02-10 06:00:00,1.1938700000000004
2012-02-13 06:00:00,1.1943700000000004
2012-02-14 06:00:00,1.1930700000000003
2012-02-15 06:00:00,1.1995700000000005
2012-02-16 06:00:00,1.2016700000000005
2012-02-17 06:00:00,1.2050700000000003
2012-02-21 06:00:00,1.1893700000000005
2012-02-22 06:00:00,1.1771700000000005
2012-02-23 06:00:00,1.1710700000000005
2012-02-24 06:00:00,1.1717700000000004
2012-02-27 06:00:00,1.1735700000000004
2012-02-28 06:00:00,1.1729700000000003
2012-02-29 06:00:00,1.1888700000000003
2012-03-01 06:00:00,1.1953700000000005
2012-03-02 06:00:00,1.1969700000000003
2012-03-05 06:00:00,1.1973700000000005
2012-03-06 06:00:00,1.1944700000000004
2012-03-07 06:00:00,1.1932700000000005
2012-03-08 06:00:00,1.1879700000000004
2012-03-09 06:00:00,1.1920700000000004
2012-03-12 05:00:00,1.1840700000000004
2012-03-13 05:00:00,1.1984700000000004
2012-03-14 05:00:00,1.2089700000000003
2012-03-15 05:00:00,1.1996700000000002
2012-03-16 05:00:00,1.2005700000000004
2012-03-19 05:00:00,1.1995700000000002
2012-03-20 05:00:00,1.1971700000000003
2012-03-21 05:00:00,1.1986700000000003
2012-03-22 05:00:00,1.1974700000000003
2012-03-23 05:00:00,1.1926700000000003
2012-03-26 05:00:00,1.1922700000000004
2012-03-27 05:00:00,1.1938700000000004
2012-03-28 05:00:00,1.1891700000000003
2012-03-29 05:00:00,1.1963700000000004
2012-03-30 05:00:00,1.1953700000000003
2012-04-02 05:00:00,1.2000700000000004
2012-04-03 05:00:00,1.1996700000000002
2012-04-04 05:00:00,1.2068700000000003
2012-04-05 05:00:00,1.2073700000000003
2012-04-06 05:00:00,1.2086700000000004
2012-04-09 05:00:00,1.2083700000000004
2012-04-10 05:00:00,1.2079700000000004
2012-04-11 05:00:00,1.2097700000000002
2012-04-12 05:00:00,1.2055700000000003
2012-04-13 05:00:00,1.2093700000000003
2012-04-16 05:00:00,1.2063700000000004
2012-04-17 05:00:00,1.2099700000000004
2012-04-18 05:00:00,1.2191700000000003
2012-04-19 05:00:00,1.2215700000000003
2012-04-20 05:00:00,1.2161700000000004
2012-04-23 05:00:00,1.2261700000000004
2012-04-24 05:00:00,1.2217700000000002
2012-04-25 05:00:00,1.2212700000000003
2012-04-26 05:00:00,1.2223700000000004
2012-04-27 05:00:00,1.2256700000000003
2012-04-30 05:00:00,1.2249700000000003
2012-05-01 05:00:00,1.2253700000000003
2012-05-02 05:00:00,1.2311700000000003
2012-05-03 05:00:00,1.2305700000000004
2012-05-04 05:00:00,1.2338700000000002
2012-05-07 05:00:00,1.2416700000000003
2012-05-08 05:00:00,1.2425700000000004
2012-05-09 05:00:00,1.2496700000000003
2012-05-10 05:00:00,1.2505700000000004
2012-05-11 05:00:00,1.2462700000000004
2012-05-14 05:00:00,1.2583700000000004
2012-05-15 05:00:00,1.2615700000000003
2012-05-16 05:00:00,1.2547700000000004
2012-05-17 05:00:00,1.2464700000000004
2012-05-18 05:00:00,1.2425700000000004
2012-05-21 05:00:00,1.2370700000000003
2012-05-22 05:00:00,1.2421700000000004
2012-05-23 05:00:00,1.2511700000000003
2012-05-24 05:00:00,1.2538700000000003
2012-05-25 05:00:00,1.2535700000000003
2012-05-28 05:00:00,1.2535700000000003
2012-05-29 05:00:00,1.2558700000000003
2012-05-30 05:00:00,1.2545700000000004
2012-05-31 05:00:00,1.2493700000000003
2012-06-01 05:00:00,1.2402700000000004
2012-06-04 05:00:00,1.2317700000000003
2012-06-05 05:00:00,1.2359700000000002
2012-06-06 05:00:00,1.2335700000000003
2012-06-07 05:00:00,1.2352700000000003
2012-06-08 05:00:00,1.2374700000000003
2012-06-11 05:00:00,1.2420700000000002
2012-06-12 05:00:00,1.2488700000000004
2012-06-13 05:00:00,1.2345700000000004
2012-06-14 05:00:00,1.2338700000000002
2012-06-15 05:00:00,1.2435700000000003
2012-06-18 05:00:00,1.2492700000000003
2012-06-19 05:00:00,1.2423700000000004
2012-06-20 05:00:00,1.2423700000000004
2012-06-21 05:00:00,1.2458700000000003
2012-06-22 05:00:00,1.2437700000000003
2012-06-25 05:00:00,1.2493700000000003
2012-06-26 05:00:00,1.2565700000000004
2012-06-27 05:00:00,1.2537700000000003
2012-06-28 05:00:00,1.2516700000000003
2012-06-29 05:00:00,1.2417700000000003
2012-07-02 05:00:00,1.2519700000000002
2012-07-03 05:00:00,1.2487700000000004
2012-07-04 05:00:00,1.2487700000000004
2012-07-05 05:00:00,1.2596700000000003
2012-07-06 05:00:00,1.2690700000000004
2012-07-09 05:00:00,1.2687700000000004
2012-07-10 05:00:00,1.2744700000000002
2012-07-11 05:00:00,1.2765700000000004
2012-07-12 05:00:00,1.2742700000000002
2012-07-13 05:00:00,1.2823700000000002
2012-07-16 05:00:00,1.2838700000000003
2012-07-17 05:00:00,1.2850700000000004
2012-07-18 05:00:00,1.2870700000000004
2012-07-19 05:00:00,1.2931700000000004
2012-07-20 05:00:00,1.2976700000000003
2012-07-23 05:00:00,1.2925700000000002
2012-07-24 05:00:00,1.2993700000000004
2012-07-25 05:00:00,1.2873700000000003
2012-07-26 05:00:00,1.2893700000000003
2012-07-27 05:00:00,1.2900700000000003
2012-07-30 05:00:00,1.2945700000000002
2012-07-31 05:00:00,1.2861700000000003
2012-08-01 05:00:00,1.2825700000000002
2012-08-02 05:00:00,1.2857700000000003
2012-08-03 05:00:00,1.2747700000000004
2012-08-06 05:00:00,1.2687700000000004
2012-08-07 05:00:00,1.2695700000000003
2012-08-08 05:00:00,1.2777700000000003
2012-08-09 05:00:00,1.2834700000000003
2012-08-10 05:00:00,1.2869700000000004
2012-08-13 05:00:00,1.2841700000000003
2012-08-14 05:00:00,1.2844700000000002
2012-08-15 05:00:00,1.2896700000000003
2012-08-16 05:00:00,1.2856700000000003
2012-08-17 05:00:00,1.2858700000000003
2012-08-20 05:00:00,1.2847700000000004
2012-08-21 05:00:00,1.2765700000000004
2012-08-22 05:00:00,1.2776700000000003
2012-08-23 05:00:00,1.2730700000000004
2012-08-24 05:00:00,1.2733700000000003
2012-08-27 05:00:00,1.2742700000000002
2012-08-28 05:00:00,1.2690700000000004
2012-08-29 05:00:00,1.2749700000000004
2012-08-30 05:00:00,1.2727700000000004
2012-08-31 05:00:00,1.2728700000000004
2012-09-03 05:00:00,1.2728700000000004
2012-09-04 05:00:00,1.2744700000000002
2012-09-05 05:00:00,1.2769700000000004
2012-09-06 05:00:00,1.2757700000000003
2012-09-07 05:00:00,1.2705700000000004
2012-09-10 05:00:00,1.2717700000000003
2012-09-11 05:00:00,1.2657700000000003
2012-09-12 05:00:00,1.2668700000000004
2012-09-13 05:00:00,1.2673700000000003
2012-09-14 05:00:00,1.2611700000000003
2012-09-17 05:00:00,1.2641700000000002
2012-09-18 05:00:00,1.2667700000000002
2012-09-19 05:00:00,1.2626700000000002
2012-09-20 05:00:00,1.2700700000000003
2012-09-21 05:00:00,1.2720700000000003
2012-09-24 05:00:00,1.2759700000000003
2012-09-25 05:00:00,1.2749700000000002
2012-09-26 05:00:00,1.2759700000000003
2012-09-27 05:00:00,1.2788700000000002
2012-09-28 05:00:00,1.2751700000000004
2012-10-01 05:00:00,1.2711700000000004
2012-10-02 05:00:00,1.2691700000000004
2012-10-03 05:00:00,1.2672700000000003
2012-10-04 05:00:00,1.2638700000000003
2012-10-05 05:00:00,1.2581700000000002
2012-10-08 05:00:00,1.2534700000000003
2012-10-09 05:00:00,1.2629700000000004
2012-10-10 05:00:00,1.2600700000000002
2012-10-11 05:00:00,1.2573700000000003
2012-10-12 05:00:00,1.2576700000000003
2012-10-15 05:00:00,1.2592700000000003
2012-10-16 05:00:00,1.2511700000000003
2012-10-17 05:00:00,1.2473700000000003
2012-10-18 05:00:00,1.2444700000000002
2012-10-19 05:00:00,1.2449700000000004
2012-10-22 05:00:00,1.2430700000000003
2012-10-23 05:00:00,1.2462700000000002
2012-10-24 05:00:00,1.2539700000000003
2012-10-25 05:00:00,1.2650700000000004
2012-10-26 05:00:00,1.2640700000000002
2012-10-29 05:00:00,1.2605700000000002
2012-10-30 05:00:00,1.2572700000000003
2012-10-31 05:00:00,1.2607700000000002
2012-11-01 05:00:00,1.2620700000000002
2012-11-02 05:00:00,1.2665700000000002
2012-11-05 06:00:00,1.2657700000000003
2012-11-06 06:00:00,1.2673700000000003
2012-11-07 06:00:00,1.2693700000000003
2012-11-08 06:00:00,1.2702700000000002
2012-11-09 06:00:00,1.2676700000000003
2012-11-12 06:00:00,1.2638700000000003
2012-11-13 06:00:00,1.2628700000000002
2012-11-14 06:00:00,1.2560700000000002
2012-11-15 06:00:00,1.2526700000000002
2012-11-16 06:00:00,1.2622700000000002
2012-11-19 06:00:00,1.2543700000000002
2012-11-20 06:00:00,1.2562700000000002
2012-11-21 06:00:00,1.2566700000000002
2012-11-22 06:00:00,1.2566700000000002
2012-11-23 06:00:00,1.2473700000000003
2012-11-26 06:00:00,1.2469700000000004
2012-11-27 06:00:00,1.2502700000000002
2012-11-28 06:00:00,1.2498700000000003
2012-11-29 06:00:00,1.2477700000000003
2012-11-30 06:00:00,1.2452700000000003
2012-12-03 06:00:00,1.2492700000000003
2012-12-04 06:00:00,1.2509700000000004
2012-12-05 06:00:00,1.2507700000000002
2012-12-06 06:00:00,1.2569700000000004
2012-12-07 06:00:00,1.2583700000000002
2012-12-10 06:00:00,1.2593700000000003
2012-12-11 06:00:00,1.2624700000000002
2012-12-12 06:00:00,1.2549700000000004
2012-12-13 06:00:00,1.2480700000000002
2012-12-14 06:00:00,1.2439700000000002
2012-12-17 06:00:00,1.2470700000000001
2012-12-18 06:00:00,1.2441700000000002
2012-12-19 06:00:00,1.2425700000000002
2012-12-20 06:00:00,1.2446700000000002
2012-12-21 06:00:00,1.24117
2012-12-24 06:00:00,1.2361700000000002
2012-12-26 06:00:00,1.2326700000000002
2012-12-27 06:00:00,1.2316700000000003
2012-12-28 06:00:00,1.23527
2012-12-31 06:00:00,1.2459700000000002
2013-01-02 06:00:00,1.2526700000000002
2013-01-03 06:00:00,1.2520700000000002
2013-01-04 06:00:00,1.2464700000000002
2013-01-07 06:00:00,1.24517
2013-01-08 06:00:00,1.2443700000000002
2013-01-09 06:00:00,1.2437700000000003
2013-01-10 06:00:00,1.2381700000000002
2013-01-11 06:00:00,1.2329700000000001
2013-01-14 06:00:00,1.2440700000000002
2013-01-15 06:00:00,1.2576700000000003
2013-01-16 06:00:00,1.2526700000000002
2013-01-17 06:00:00,1.2544700000000002
2013-01-18 06:00:00,1.2445700000000002
2013-01-21 06:00:00,1.2445700000000002
2013-01-22 06:00:00,1.2336700000000003
2013-01-23 06:00:00,1.2338700000000002
2013-01-24 06:00:00,1.22717
2013-01-25 06:00:00,1.2249700000000001
2013-01-28 06:00:00,1.2152700000000003
2013-01-29 06:00:00,1.2143700000000002
2013-01-30 06:00:00,1.2000700000000002
2013-01-31 06:00:00,1.2038700000000002
2013-02-01 06:00:00,1.1880700000000002
2013-02-04 06:00:00,1.1932700000000003
2013-02-05 06:00:00,1.1838700000000002
2013-02-06 06:00:00,1.1864700000000001
2013-02-07 06:00:00,1.2037700000000002
2013-02-08 06:00:00,1.2106700000000001
2013-02-11 06:00:00,1.2006700000000001
2013-02-12 06:00:00,1.1984700000000001
2013-02-13 06:00:00,1.1880700000000002
2013-02-14 06:00:00,1.19077
2013-02-15 06:00:00,1.19287
2013-02-18 06:00:00,1.19287
2013-02-19 06:00:00,1.1857700000000002
2013-02-20 06:00:00,1.17687
2013-02-21 06:00:00,1.1823700000000001
2013-02-22 06:00:00,1.1802700000000002
2013-02-25 06:00:00,1.1755700000000002
2013-02-26 06:00:00,1.1723700000000001
2013-02-27 06:00:00,1.17277
2013-02-28 06:00:00,1.1835700000000002
2013-03-01 06:00:00,1.1794700000000002
2013-03-04 06:00:00,1.1842700000000002
2013-03-05 06:00:00,1.1856700000000002
2013-03-06 06:00:00,1.1876700000000002
2013-03-07 06:00:00,1.1779700000000002
2013-03-08 06:00:00,1.1833700000000003
2013-03-11 05:00:00,1.1771700000000003
2013-03-12 05:00:00,1.17467
2013-03-13 05:00:00,1.1839700000000002
2013-03-14 05:00:00,1.19107
2013-03-15 05:00:00,1.1803700000000001
2013-03-18 05:00:00,1.1901700000000002
2013-03-19 05:00:00,1.1934700000000003
2013-03-20 05:00:00,1.18877
2013-03-21 05:00:00,1.1992700000000003
2013-03-22 05:00:00,1.1958700000000002
2013-03-25 05:00:00,1.2016700000000002
2013-03-26 05:00:00,1.1999700000000002
2013-03-27 05:00:00,1.2053700000000003
2013-03-28 05:00:00,1.2026700000000001
2013-04-01 05:00:00,1.20497
2013-04-02 05:00:00,1.19687
2013-04-03 05:00:00,1.1936700000000002
2013-04-04 05:00:00,1.1945700000000001
2013-04-05 05:00:00,1.1939700000000002
2013-04-08 05:00:00,1.1901700000000002
2013-04-09 05:00:00,1.1914700000000003
2013-04-10 05:00:00,1.1921700000000002
2013-04-11 05:00:00,1.1951700000000003
2013-04-12 05:00:00,1.1897700000000002
2013-04-15 05:00:00,1.1873700000000003
2013-04-16 05:00:00,1.1791700000000003
2013-04-17 05:00:00,1.1859700000000002
2013-04-18 05:00:00,1.1884700000000001
2013-04-19 05:00:00,1.1850700000000003
2013-04-22 05:00:00,1.1914700000000003
2013-04-23 05:00:00,1.2035700000000003
2013-04-24 05:00:00,1.2087700000000001
2013-04-25 05:00:00,1.2234700000000003
2013-04-26 05:00:00,1.2234700000000003
2013-04-29 05:00:00,1.21497
2013-04-30 05:00:00,1.20697
2013-05-01 05:00:00,1.2067700000000001
2013-05-02 05:00:00,1.2161700000000002
2013-05-03 05:00:00,1.2202700000000002
2013-05-06 05:00:00,1.2226700000000001
2013-05-07 05:00:00,1.2195700000000003
2013-05-08 05:00:00,1.2175700000000003
2013-05-09 05:00:00,1.2280700000000002
2013-05-10 05:00:00,1.23307
2013-05-13 05:00:00,1.22937
2013-05-14 05:00:00,1.2338700000000002
2013-05-15 05:00:00,1.2337700000000003
2013-05-16 05:00:00,1.23537
2013-05-17 05:00:00,1.2400700000000002
2013-05-20 05:00:00,1.23927
2013-05-21 05:00:00,1.2342700000000002
2013-05-22 05:00:00,1.23737
2013-05-23 05:00:00,1.2278700000000002
2013-05-24 05:00:00,1.2181700000000002
2013-05-27 05:00:00,1.2181700000000002
2013-05-28 05:00:00,1.2302700000000002
2013-05-29 05:00:00,1.22127
2013-05-30 05:00:00,1.2157700000000002
2013-05-31 05:00:00,1.22117
2013-06-03 05:00:00,1.2156700000000003
2013-06-04 05:00:00,1.2138700000000002
2013-06-05 05:00:00,1.2148700000000001
2013-06-06 05:00:00,1.2156700000000003
2013-06-07 05:00:00,1.21907
2013-06-10 05:00:00,1.2181700000000002
2013-06-11 05:00:00,1.2105700000000001
2013-06-12 05:00:00,1.2099700000000002
2013-06-13 05:00:00,1.2115700000000003
2013-06-14 05:00:00,1.21307
2013-06-17 05:00:00,1.2157700000000002
2013-06-18 05:00:00,1.2040700000000002
2013-06-19 05:00:00,1.20547
2013-06-20 05:00:00,1.20087
2013-06-21 05:00:00,1.2060700000000002
2013-06-24 05:00:00,1.2055700000000003
2013-06-25 05:00:00,1.2115700000000003
2013-06-26 05:00:00,1.20947
2013-06-27 05:00:00,1.20697
2013-06-28 05:00:00,1.2007700000000001
2013-07-01 05:00:00,1.2035700000000003
2013-07-02 05:00:00,1.2058700000000002
2013-07-03 05:00:00,1.21097
2013-07-04 05:00:00,1.21097
2013-07-05 05:00:00,1.2015700000000002
2013-07-08 05:00:00,1.2057700000000002
2013-07-09 05:00:00,1.2115700000000003
2013-07-10 05:00:00,1.2065700000000001
2013-07-11 05:00:00,1.20307
2013-07-12 05:00:00,1.19527
2013-07-15 05:00:00,1.19737
2013-07-16 05:00:00,1.1895700000000002
2013-07-17 05:00:00,1.19717
2013-07-18 05:00:00,1.2039700000000002
2013-07-19 05:00:00,1.2023700000000002
2013-07-22 05:00:00,1.2036700000000002
2013-07-23 05:00:00,1.2039700000000002
2013-07-24 05:00:00,1.2018700000000002
2013-07-25 05:00:00,1.19707
2013-07-26 05:00:00,1.1944700000000001
2013-07-29 05:00:00,1.1945700000000001
2013-07-30 05:00:00,1.1823700000000001
2013-07-31 05:00:00,1.1740700000000002
2013-08-01 05:00:00,1.1820700000000002
2013-08-02 05:00:00,1.1854700000000002
2013-08-05 05:00:00,1.19077
2013-08-06 05:00:00,1.1879700000000002
2013-08-07 05:00:00,1.1943700000000002
2013-08-08 05:00:00,1.1956700000000002
2013-08-09 05:00:00,1.19717
2013-08-12 05:00:00,1.19707
2013-08-13 05:00:00,1.2075700000000003
2013-08-14 05:00:00,1.2157700000000002
2013-08-15 05:00:00,1.2141700000000002
2013-08-16 05:00:00,1.21497
2013-08-19 05:00:00,1.2119700000000002
2013-08-20 05:00:00,1.2039700000000002
2013-08-21 05:00:00,1.2127700000000001
2013-08-22 05:00:00,1.2061700000000002
2013-08-23 05:00:00,1.2021700000000002
2013-08-26 05:00:00,1.2045700000000001
2013-08-27 05:00:00,1.1936700000000002
2013-08-28 05:00:00,1.1975700000000002
2013-08-29 05:00:00,1.20927
2013-08-30 05:00:00,1.20927
2013-09-02 05:00:00,1.20927
2013-09-03 05:00:00,1.2240700000000002
2013-09-04 05:00:00,1.22927
2013-09-05 05:00:00,1.2399700000000002
2013-09-06 05:00:00,1.23307
2013-09-09 05:00:00,1.2303700000000002
2013-09-10 05:00:00,1.23747
2013-09-11 05:00:00,1.2389700000000001
2013-09-12 05:00:00,1.2378700000000002
2013-09-13 05:00:00,1.2422700000000002
2013-09-16 05:00:00,1.2416700000000003
2013-09-17 05:00:00,1.2399700000000002
2013-09-18 05:00:00,1.2381700000000002
2013-09-19 05:00:00,1.22707
2013-09-20 05:00:00,1.22527
2013-09-23 05:00:00,1.2287700000000001
2013-09-24 05:00:00,1.22747
2013-09-25 05:00:00,1.2289700000000001
2013-09-26 05:00:00,1.22737
2013-09-27 05:00:00,1.2285700000000002
2013-09-30 05:00:00,1.2303700000000002
2013-10-01 05:00:00,1.2342700000000002
2013-10-02 05:00:00,1.23137
2013-10-03 05:00:00,1.2208700000000001
2013-10-04 05:00:00,1.2208700000000001
2013-10-07 05:00:00,1.2216700000000003
2013-10-08 05:00:00,1.2217700000000002
2013-10-09 05:00:00,1.2197700000000002
2013-10-10 05:00:00,1.2221700000000002
2013-10-11 05:00:00,1.2218700000000002
2013-10-14 05:00:00,1.2199700000000002
2013-10-15 05:00:00,1.2277700000000003
2013-10-16 05:00:00,1.2242700000000002
2013-10-17 05:00:00,1.2249700000000001
2013-10-18 05:00:00,1.2257700000000002
2013-10-21 05:00:00,1.2240700000000002
2013-10-22 05:00:00,1.2204700000000002
2013-10-23 05:00:00,1.2100700000000002
2013-10-24 05:00:00,1.21317
2013-10-25 05:00:00,1.2115700000000003
2013-10-28 05:00:00,1.2128700000000001
2013-10-29 05:00:00,1.2098700000000002
2013-10-30 05:00:00,1.20927
2013-10-31 05:00:00,1.2215700000000003
2013-11-01 05:00:00,1.22147
2013-11-04 06:00:00,1.2204700000000002
2013-11-05 06:00:00,1.2329700000000001
2013-11-06 06:00:00,1.2346700000000002
2013-11-07 06:00:00,1.2417700000000003
2013-11-08 06:00:00,1.2443700000000002
2013-11-11 06:00:00,1.2382700000000002
2013-11-12 06:00:00,1.22737
2013-11-13 06:00:00,1.2343700000000002
2013-11-14 06:00:00,1.2398700000000002
2013-11-15 06:00:00,1.2427700000000002
2013-11-18 06:00:00,1.2388700000000001
2013-11-19 06:00:00,1.23727
2013-11-20 06:00:00,1.24557
2013-11-21 06:00:00,1.24737
2013-11-22 06:00:00,1.2386700000000002
2013-11-25 06:00:00,1.2410700000000001
2013-11-26 06:00:00,1.2383700000000002
2013-11-27 06:00:00,1.2463700000000002
2013-11-28 06:00:00,1.2463700000000002
2013-11-29 06:00:00,1.2523700000000002
2013-12-02 06:00:00,1.2540700000000002
2013-12-03 06:00:00,1.2523700000000002
2013-12-04 06:00:00,1.2470700000000001
2013-12-05 06:00:00,1.2326700000000002
2013-12-06 06:00:00,1.22717
2013-12-09 06:00:00,1.23137
2013-12-10 06:00:00,1.2278700000000002
2013-12-11 06:00:00,1.22147
2013-12-12 06:00:00,1.2228700000000001
2013-12-13 06:00:00,1.2187700000000001
2013-12-16 06:00:00,1.21497
2013-12-17 06:00:00,1.2083700000000002
2013-12-18 06:00:00,1.2277700000000003
2013-12-19 06:00:00,1.2402700000000002
2013-12-20 06:00:00,1.2323700000000002
2013-12-23 06:00:00,1.23127
2013-12-24 06:00:00,1.2363700000000002
2013-12-26 06:00:00,1.24127
2013-12-27 06:00:00,1.2386700000000002
2013-12-30 06:00:00,1.23527
2013-12-31 06:00:00,1.2419700000000002
2014-01-02 06:00:00,1.2488700000000001
2014-01-03 06:00:00,1.2550700000000001
2014-01-06 06:00:00,1.2526700000000002
2014-01-07 06:00:00,1.2602700000000002
2014-01-08 06:00:00,1.26767
2014-01-09 06:00:00,1.26597
2014-01-10 06:00:00,1.25757
2014-01-13 06:00:00,1.24347
2014-01-14 06:00:00,1.25347
2014-01-15 06:00:00,1.25737
2014-01-16 06:00:00,1.24977
2014-01-17 06:00:00,1.26597
2014-01-20 06:00:00,1.26597
2014-01-21 06:00:00,1.26977
2014-01-22 06:00:00,1.2808700000000002
2014-01-23 06:00:00,1.2622700000000002
2014-01-24 06:00:00,1.24727
2014-01-27 06:00:00,1.2569700000000001
2014-01-28 06:00:00,1.2582700000000002
2014-01-29 06:00:00,1.2524700000000002
2014-01-30 06:00:00,1.2583700000000002
2014-01-31 06:00:00,1.2612700000000001
2014-02-03 06:00:00,1.2389700000000001
2014-02-04 06:00:00,1.2460700000000002
2014-02-05 06:00:00,1.24357
2014-02-06 06:00:00,1.2403700000000002
2014-02-07 06:00:00,1.24337
2014-02-10 06:00:00,1.24167
2014-02-11 06:00:00,1.24767
2014-02-12 06:00:00,1.2647700000000002
2014-02-13 06:00:00,1.25977
2014-02-14 06:00:00,1.2632700000000001
2014-02-17 06:00:00,1.2632700000000001
2014-02-18 06:00:00,1.2525700000000002
2014-02-19 06:00:00,1.25327
2014-02-20 06:00:00,1.2520700000000002
2014-02-21 06:00:00,1.2470700000000001
2014-02-24 06:00:00,1.2519700000000002
2014-02-25 06:00:00,1.2499700000000002
2014-02-26 06:00:00,1.25547
2014-02-27 06:00:00,1.2527700000000002
2014-02-28 06:00:00,1.2422700000000002
2014-03-03 06:00:00,1.2422700000000002
2014-03-04 06:00:00,1.2502700000000002
2014-03-05 06:00:00,1.2545700000000002
2014-03-06 06:00:00,1.2445700000000002
2014-03-07 06:00:00,1.2382700000000002
2014-03-10 05:00:00,1.2324700000000002
2014-03-11 05:00:00,1.2297700000000003
2014-03-12 05:00:00,1.22347
2014-03-13 05:00:00,1.22547
2014-03-14 05:00:00,1.2223700000000002
2014-03-17 05:00:00,1.2239700000000002
2014-03-18 05:00:00,1.2202700000000002
2014-03-19 05:00:00,1.22937
2014-03-20 05:00:00,1.22967
2014-03-21 05:00:00,1.22707
2014-03-24 05:00:00,1.2243700000000002
2014-03-25 05:00:00,1.2305700000000002
2014-03-26 05:00:00,1.23767
2014-03-27 05:00:00,1.24387
2014-03-28 05:00:00,1.24747
2014-03-31 05:00:00,1.24537
2014-04-01 05:00:00,1.2406700000000002
2014-04-02 05:00:00,1.24567
2014-04-03 05:00:00,1.2501700000000002
2014-04-04 05:00:00,1.2502700000000002
2014-04-07 05:00:00,1.2460700000000002
2014-04-08 05:00:00,1.2508700000000001
2014-04-09 05:00:00,1.2486700000000002
2014-04-10 05:00:00,1.2425700000000002
2014-04-11 05:00:00,1.23747
2014-04-14 05:00:00,1.24327
2014-04-15 05:00:00,1.24377
2014-04-16 05:00:00,1.2523700000000002
2014-04-17 05:00:00,1.25387
2014-04-21 05:00:00,1.2582700000000002
2014-04-22 05:00:00,1.2608700000000002
2014-04-23 05:00:00,1.2540700000000002
2014-04-24 05:00:00,1.25377
2014-04-25 05:00:00,1.2520700000000002
2014-04-28 05:00:00,1.25127
2014-04-29 05:00:00,1.25937
2014-04-30 05:00:00,1.25797
2014-05-01 05:00:00,1.25767
2014-05-02 05:00:00,1.25337
2014-05-05 05:00:00,1.2525700000000002
2014-05-06 05:00:00,1.2562700000000002
2014-05-07 05:00:00,1.25787
2014-05-08 05:00:00,1.2621700000000002
2014-05-09 05:00:00,1.2666700000000002
2014-05-12 05:00:00,1.2703700000000002
2014-05-13 05:00:00,1.2702700000000002
2014-05-14 05:00:00,1.2649700000000001
2014-05-15 05:00:00,1.26747
2014-05-16 05:00:00,1.2725700000000002
2014-05-19 05:00:00,1.2722700000000002
2014-05-20 05:00:00,1.2751700000000001
2014-05-21 05:00:00,1.2828700000000002
2014-05-22 05:00:00,1.28177
2014-05-23 05:00:00,1.27967
2014-05-26 05:00:00,1.27967
2014-05-27 05:00:00,1.2803700000000002
2014-05-28 05:00:00,1.27367
2014-05-29 05:00:00,1.27387
2014-05-30 05:00:00,1.2732700000000001
2014-06-02 05:00:00,1.27797
2014-06-03 05:00:00,1.2745700000000002
2014-06-04 05:00:00,1.2750700000000001
2014-06-05 05:00:00,1.2722700000000002
2014-06-06 05:00:00,1.2745700000000002
2014-06-09 05:00:00,1.2802700000000002
2014-06-10 05:00:00,1.27967
2014-06-11 05:00:00,1.2845700000000002
2014-06-12 05:00:00,1.2846700000000002
2014-06-13 05:00:00,1.3011700000000002
2014-06-16 05:00:00,1.2971700000000002
2014-06-17 05:00:00,1.2986700000000002
2014-06-18 05:00:00,1.2968700000000002
2014-06-19 05:00:00,1.2975700000000001
2014-06-20 05:00:00,1.2973700000000001
2014-06-23 05:00:00,1.2953700000000001
2014-06-24 05:00:00,1.29207
2014-06-25 05:00:00,1.28957
2014-06-26 05:00:00,1.2952700000000001
2014-06-27 05:00:00,1.29037
2014-06-30 05:00:00,1.29007
2014-07-01 05:00:00,1.29557
2014-07-02 05:00:00,1.29977
2014-07-03 05:00:00,1.30667
2014-07-04 05:00:00,1.30667
2014-07-07 05:00:00,1.30397
2014-07-08 05:00:00,1.3032700000000002
2014-07-09 05:00:00,1.30217
2014-07-10 05:00:00,1.30397
2014-07-11 05:00:00,1.3009700000000002
2014-07-14 05:00:00,1.2974700000000001
2014-07-15 05:00:00,1.31007
2014-07-16 05:00:00,1.31377
2014-07-17 05:00:00,1.31017
2014-07-18 05:00:00,1.3090700000000002
2014-07-21 05:00:00,1.3074700000000001
2014-07-22 05:00:00,1.3136700000000001
2014-07-23 05:00:00,1.3112700000000002
2014-07-24 05:00:00,1.3073700000000001
2014-07-25 05:00:00,1.31017
2014-07-28 05:00:00,1.30997
2014-07-29 05:00:00,1.3110700000000002
2014-07-30 05:00:00,1.31207
2014-07-31 05:00:00,1.30867
2014-08-01 05:00:00,1.2990700000000002
2014-08-04 05:00:00,1.30267
2014-08-05 05:00:00,1.3092700000000002
2014-08-06 05:00:00,1.30397
2014-08-07 05:00:00,1.30467
2014-08-08 05:00:00,1.2933700000000001
2014-08-11 05:00:00,1.29647
2014-08-12 05:00:00,1.30067
2014-08-13 05:00:00,1.2886700000000002
2014-08-14 05:00:00,1.2869700000000002
2014-08-15 05:00:00,1.28207
2014-08-18 05:00:00,1.2910700000000002
2014-08-19 05:00:00,1.28567
2014-08-20 05:00:00,1.29047
2014-08-21 05:00:00,1.2865700000000002
2014-08-22 05:00:00,1.29007
2014-08-25 01:00:00,1.29007
2014-08-25 05:00:00,1.29247
2014-08-26 05:00:00,1.2929700000000002
2014-08-27 05:00:00,1.29177
2014-08-28 05:00:00,1.2926700000000002
2014-08-29 05:00:00,1.29637
2014-09-01 05:00:00,1.29637
2014-09-02 05:00:00,1.28987
2014-09-03 05:00:00,1.28557
2014-09-04 05:00:00,1.29847
2014-09-04 12:00:00,1.29847
2014-09-05 05:00:00,1.2954700000000001
2014-09-08 05:00:00,1.2812700000000001
2014-09-08 13:00:00,1.2812700000000001
2014-09-09 05:00:00,1.27817
2014-09-10 05:00:00,1.29377
2014-09-10 13:00:00,1.29377
2014-09-10 14:00:00,1.29377
2014-09-11 05:00:00,1.2930700000000002
2014-09-12 05:00:00,1.29377
2014-09-15 05:00:00,1.2934700000000001
2014-09-16 05:00:00,1.29387
2014-09-17 05:00:00,1.3034700000000001
2014-09-17 13:00:00,1.30207
2014-09-17 14:00:00,1.30327
2014-09-18 05:00:00,1.30577
2014-09-18 09:00:00,1.30387
2014-09-18 13:00:00,1.31047
2014-09-18 14:00:00,1.31077
2014-09-19 00:00:00,1.3175700000000001
2014-09-19 05:00:00,1.31007
2014-09-19 18:00:00,1.31017
2014-09-22 05:00:00,1.31487
2014-09-22 13:00:00,1.31212
2014-09-22 14:00:00,1.3136700000000001
2014-09-23 05:00:00,1.31647
2014-09-23 17:00:00,1.3135700000000001
2014-09-23 18:00:00,1.3135700000000001
2014-09-24 05:00:00,1.32027
2014-09-24 09:00:00,1.31787
2014-09-25 05:00:00,1.32027
2014-09-25 07:00:00,1.3194700000000001
2014-09-26 05:00:00,1.32207
2014-09-29 05:00:00,1.32117
2014-09-30 05:00:00,1.32317
2014-09-30 13:00:00,1.32727
2014-09-30 18:00:00,1.32302
2014-09-30 20:00:00,1.3235700000000001
2014-10-01 05:00:00,1.32407
2014-10-02 05:00:00,1.31597
2014-10-03 05:00:00,1.32117
2014-10-06 05:00:00,1.31907
2014-10-07 05:00:00,1.31707
2014-10-08 05:00:00,1.3153700000000002
2014-10-09 05:00:00,1.31467
2014-10-10 05:00:00,1.31447
2014-10-13 05:00:00,1.30797
2014-10-13 20:00:00,1.30517
2014-10-14 05:00:00,1.29467
2014-10-14 13:00:00,1.2974700000000001
2014-10-14 14:00:00,1.29457
2014-10-14 15:00:00,1.29412
2014-10-15 05:00:00,1.28067
2014-10-15 09:00:00,1.29717
2014-10-15 13:00:00,1.28297
2014-10-16 05:00:00,1.29167
2014-10-16 15:00:00,1.29107
2014-10-17 05:00:00,1.29987
2014-10-20 05:00:00,1.29997
2014-10-21 05:00:00,1.3054700000000001
2014-10-22 05:00:00,1.30777
2014-10-23 05:00:00,1.30577
2014-10-24 05:00:00,1.30797
2014-10-27 05:00:00,1.30697
2014-10-27 13:00:00,1.30942
2014-10-27 14:00:00,1.30917
2014-10-28 05:00:00,1.30417
2014-10-28 12:00:00,1.30567
2014-10-28 13:00:00,1.30752
2014-10-28 14:00:00,1.30802
2014-10-29 05:00:00,1.30467
2014-10-30 05:00:00,1.30697
2014-10-30 13:00:00,1.30837
2014-10-30 15:00:00,1.30707
2014-10-31 05:00:00,1.31627
2014-10-31 13:00:00,1.31632
2014-10-31 14:00:00,1.3166200000000001
2014-11-03 06:00:00,1.31867
2014-11-03 14:00:00,1.31892
2014-11-04 06:00:00,1.31227
2014-11-05 06:00:00,1.31847
2014-11-06 06:00:00,1.31657
2014-11-07 06:00:00,1.3116700000000001
2014-11-10 06:00:00,1.31187
2014-11-11 06:00:00,1.31067
2014-11-12 06:00:00,1.30327
2014-11-13 06:00:00,1.29047
2014-11-13 14:00:00,1.29582
2014-11-13 15:00:00,1.29272
2014-11-14 06:00:00,1.2812700000000001
2014-11-17 06:00:00,1.28637
2014-11-17 15:00:00,1.28552
2014-11-18 06:00:00,1.27597
2014-11-19 06:00:00,1.27897
2014-11-20 06:00:00,1.28077
2014-11-21 06:00:00,1.2953700000000001
2014-11-24 06:00:00,1.2954700000000001
2014-11-25 06:00:00,1.29277
2014-11-26 06:00:00,1.2952700000000001
2014-11-26 13:00:00,1.2975700000000001
2014-11-27 06:00:00,1.2952700000000001
2014-11-28 06:00:00,1.28697
2014-11-28 10:00:00,1.29507
2014-12-01 06:00:00,1.2952700000000001
2014-12-02 06:00:00,1.29877
2014-12-02 13:00:00,1.29562
2014-12-03 06:00:00,1.3114700000000001
2014-12-03 10:00:00,1.3046200000000001
2014-12-03 15:00:00,1.31132
2014-12-03 20:00:00,1.31087
2014-12-04 06:00:00,1.3013700000000001
2014-12-05 06:00:00,1.30227
2014-12-08 06:00:00,1.30577
2014-12-09 06:00:00,1.29907
2014-12-10 06:00:00,1.29697
2014-12-10 13:00:00,1.30022
2014-12-10 16:00:00,1.29817
2014-12-11 06:00:00,1.30097
2014-12-11 16:00:00,1.30047
2014-12-12 06:00:00,1.29307
2014-12-12 15:00:00,1.29302
2014-12-12 16:00:00,1.29387
2014-12-15 06:00:00,1.28877
2014-12-16 06:00:00,1.29077
2014-12-16 13:00:00,1.28792
2014-12-17 06:00:00,1.29237
2014-12-17 19:00:00,1.29187
2014-12-18 06:00:00,1.31337
2014-12-18 07:00:00,1.30182
2014-12-18 10:00:00,1.30512
2014-12-19 06:00:00,1.31607
2014-12-19 09:00:00,1.31242
2014-12-19 12:00:00,1.31062
2014-12-19 16:00:00,1.31197
2014-12-22 06:00:00,1.31267
2014-12-22 19:00:00,1.31267
2014-12-23 06:00:00,1.30997
2014-12-23 09:00:00,1.30697
2014-12-23 15:00:00,1.3077699999999999
2014-12-24 06:00:00,1.31167
2014-12-26 06:00:00,1.31417
2014-12-26 19:00:00,1.3137699999999999
2014-12-26 20:00:00,1.31397
2014-12-29 06:00:00,1.31317
2014-12-30 06:00:00,1.31687
2014-12-31 06:00:00,1.32627
2015-01-02 01:00:00,1.32807
2015-01-02 02:00:00,1.32802
2015-01-02 03:00:00,1.32802
2015-01-02 06:00:00,1.31307
2015-01-02 14:00:00,1.31837
2015-01-05 06:00:00,1.31327
2015-01-06 06:00:00,1.30677
2015-01-07 06:00:00,1.31057
2015-01-08 06:00:00,1.31567
2015-01-09 06:00:00,1.31617
2015-01-09 15:00:00,1.31862
2015-01-12 06:00:00,1.31797
2015-01-12 14:00:00,1.31767
2015-01-13 06:00:00,1.32457
2015-01-14 06:00:00,1.33047
2015-01-14 07:00:00,1.32677
2015-01-15 06:00:00,1.1021699999999999
2015-01-15 09:00:00,1.3299699999999999
2015-01-15 11:00:00,1.11517
2015-01-16 06:00:00,1.07637
2015-01-16 08:00:00,1.11147
2015-01-16 13:00:00,1.10047
2015-01-16 15:00:00,1.07577
2015-01-16 21:00:00,1.07767
2015-01-19 06:00:00,1.07637
2015-01-19 09:00:00,1.09187
2015-01-20 06:00:00,1.10657
2015-01-21 06:00:00,1.07487
2015-01-21 08:00:00,1.10597
2015-01-21 11:00:00,1.08367
2015-01-21 13:00:00,1.07647
2015-01-22 06:00:00,1.08387
2015-01-23 06:00:00,1.09297
2015-01-23 14:00:00,1.08767
2015-01-26 06:00:00,1.13357
2015-01-26 10:00:00,1.10987
2015-01-26 14:00:00,1.1223699999999999
2015-01-26 19:00:00,1.1363699999999999
2015-01-27 06:00:00,1.14227
2015-01-27 14:00:00,1.14347
2015-01-28 06:00:00,1.14987
2015-01-28 14:00:00,1.15137
2015-01-29 06:00:00,1.16907
2015-01-29 14:00:00,1.16837
2015-01-30 06:00:00,1.15817
2015-01-30 19:00:00,1.16077
2015-01-30 20:00:00,1.15797
2015-01-30 21:00:00,1.15887
2015-02-02 06:00:00,1.17257
2015-02-02 19:00:00,1.1707699999999999
2015-02-03 06:00:00,1.1766699999999999
2015-02-04 06:00:00,1.18367
2015-02-04 14:00:00,1.18392
2015-02-05 06:00:00,1.19227
2015-02-06 06:00:00,1.18997
2015-02-09 06:00:00,1.18127
2015-02-10 06:00:00,1.19147
2015-02-11 06:00:00,1.1927699999999999
2015-02-12 06:00:00,1.21357
2015-02-13 06:00:00,1.21447
2015-02-16 06:00:00,1.21447
2015-02-17 06:00:00,1.21807
2015-02-18 06:00:00,1.23537
2015-02-18 14:00:00,1.22957
2015-02-19 06:00:00,1.24297
2015-02-20 06:00:00,1.23017
2015-02-23 06:00:00,1.24827
2015-02-24 06:00:00,1.24807
2015-02-24 17:00:00,1.24877
2015-02-25 06:00:00,1.25077
2015-02-26 06:00:00,1.24897
2015-02-27 06:00:00,1.25367
2015-02-27 19:00:00,1.25217
2015-03-02 06:00:00,1.25417
2015-03-02 19:00:00,1.25332
2015-03-03 06:00:00,1.25657
2015-03-04 06:00:00,1.24977
2015-03-05 06:00:00,1.26567
2015-03-06 06:00:00,1.26237
2015-03-09 05:00:00,1.27017
2015-03-10 05:00:00,1.28537
2015-03-10 12:00:00,1.27647
2015-03-11 05:00:00,1.28947
2015-03-12 05:00:00,1.27577
2015-03-13 05:00:00,1.26397
2015-03-16 05:00:00,1.27577
2015-03-17 05:00:00,1.26607
2015-03-18 05:00:00,1.24947
2015-03-19 05:00:00,1.23957
2015-03-20 05:00:00,1.24027
2015-03-23 05:00:00,1.22567
2015-03-24 05:00:00,1.20367
2015-03-25 05:00:00,1.21097
2015-03-26 05:00:00,1.21127
2015-03-27 05:00:00,1.21007
2015-03-30 05:00:00,1.21467
2015-03-31 05:00:00,1.22497
2015-04-01 05:00:00,1.21457
2015-04-02 05:00:00,1.20337
2015-04-03 05:00:00,1.20037
2015-04-06 05:00:00,1.20847
2015-04-07 05:00:00,1.21407
2015-04-08 05:00:00,1.21727
2015-04-09 05:00:00,1.22057
2015-04-10 05:00:00,1.21527
2015-04-13 05:00:00,1.21747
2015-04-14 05:00:00,1.22067
2015-04-15 05:00:00,1.21377
2015-04-16 05:00:00,1.21047
2015-04-17 05:00:00,1.20927
2015-04-20 05:00:00,1.20817
2015-04-21 05:00:00,1.20857
2015-04-22 05:00:00,1.24197
2015-04-23 05:00:00,1.22047
2015-04-24 05:00:00,1.23087
2015-04-27 05:00:00,1.23897
2015-04-28 05:00:00,1.24697
2015-04-29 05:00:00,1.23367
2015-04-30 05:00:00,1.21387
2015-05-01 05:00:00,1.19767
2015-05-04 05:00:00,1.19717
2015-05-05 05:00:00,1.18947
2015-05-06 05:00:00,1.17977
2015-05-07 05:00:00,1.19037
2015-05-08 05:00:00,1.22347
2015-05-11 05:00:00,1.24017
2015-05-12 05:00:00,1.24027
2015-05-13 05:00:00,1.22807
2015-05-14 05:00:00,1.22427
2015-05-15 05:00:00,1.22457
2015-05-18 05:00:00,1.23457
2015-05-19 05:00:00,1.23777
2015-05-20 05:00:00,1.23947
2015-05-21 05:00:00,1.25137
2015-05-22 05:00:00,1.24537
2015-05-25 05:00:00,1.24537
2015-05-26 05:00:00,1.25137
2015-05-27 05:00:00,1.24487
2015-05-28 05:00:00,1.22987
2015-05-29 05:00:00,1.22307
2015-06-01 05:00:00,1.22377
2015-06-02 05:00:00,1.2169699999999999
2015-06-03 05:00:00,1.21887
2015-06-04 05:00:00,1.21987
2015-06-05 05:00:00,1.22127
2015-06-08 05:00:00,1.21097
2015-06-08 14:00:00,1.21097
2015-06-09 05:00:00,1.21777
2015-06-10 05:00:00,1.23297
2015-06-11 05:00:00,1.23607
2015-06-12 05:00:00,1.23027
2015-06-15 05:00:00,1.24017
2015-06-16 05:00:00,1.24557
2015-06-17 05:00:00,1.24607
2015-06-18 05:00:00,1.25037
2015-06-19 05:00:00,1.24357
2015-06-19 13:00:00,1.25327
2015-06-22 05:00:00,1.24577
2015-06-23 05:00:00,1.25727
2015-06-24 05:00:00,1.25377
2015-06-25 05:00:00,1.26067
2015-06-26 05:00:00,1.26107
2015-06-29 00:00:00,1.25952
2015-06-29 05:00:00,1.24417
2015-06-29 06:00:00,1.25747
2015-06-29 13:00:00,1.2531700000000001
2015-06-29 16:00:00,1.24397
2015-06-29 17:00:00,1.24527
2015-06-30 05:00:00,1.25907
2015-06-30 13:00:00,1.25267
2015-06-30 14:00:00,1.25272
2015-06-30 18:00:00,1.25842
2015-07-01 00:00:00,1.25467
2015-07-01 05:00:00,1.26807
2015-07-01 09:00:00,1.25677
2015-07-01 12:00:00,1.26107
2015-07-01 18:00:00,1.26747
2015-07-02 05:00:00,1.25997
2015-07-03 05:00:00,1.25997
2015-07-03 09:00:00,1.25922
2015-07-06 05:00:00,1.2592700000000001
2015-07-07 05:00:00,1.24957
2015-07-08 05:00:00,1.24027
2015-07-09 05:00:00,1.24597
2015-07-09 14:00:00,1.24922
2015-07-09 16:00:00,1.24477
2015-07-10 05:00:00,1.24827
2015-07-10 11:00:00,1.2421200000000001
2015-07-13 05:00:00,1.25997
2015-07-14 05:00:00,1.26597
2015-07-14 08:00:00,1.24937
2015-07-15 05:00:00,1.27727
2015-07-16 05:00:00,1.28347
2015-07-16 07:00:00,1.28157
2015-07-17 05:00:00,1.28917
2015-07-20 05:00:00,1.29037
2015-07-21 05:00:00,1.27977
2015-07-22 05:00:00,1.28907
2015-07-23 05:00:00,1.27507
2015-07-24 05:00:00,1.28247
2015-07-27 05:00:00,1.28777
2015-07-28 05:00:00,1.29207
2015-07-29 05:00:00,1.29867
2015-07-30 05:00:00,1.30337
2015-07-30 09:00:00,1.30672
2015-07-31 05:00:00,1.30127
2015-07-31 12:00:00,1.28917
2015-07-31 16:00:00,1.2985200000000001
2015-07-31 18:00:00,1.29832
2015-08-03 05:00:00,1.30137
2015-08-04 05:00:00,1.31397
2015-08-04 14:00:00,1.30377
2015-08-04 18:00:00,1.31107
2015-08-05 05:00:00,1.31837
2015-08-05 07:00:00,1.31607
2015-08-05 09:00:00,1.31617
2015-08-06 05:00:00,1.31277
2015-08-07 05:00:00,1.31377
2015-08-10 05:00:00,1.32537
2015-08-11 05:00:00,1.33007
2015-08-12 05:00:00,1.3116700000000001
2015-08-13 00:00:00,1.31397
2015-08-13 01:00:00,1.31417
2015-08-13 05:00:00,1.31627
2015-08-14 05:00:00,1.31967
2015-08-14 09:00:00,1.31382
2015-08-17 05:00:00,1.31397
2015-08-17 08:00:00,1.31677
2015-08-18 05:00:00,1.32217
2015-08-19 05:00:00,1.30547
2015-08-20 05:00:00,1.29877
2015-08-20 14:00:00,1.30057
2015-08-21 02:00:00,1.29222
2015-08-21 03:00:00,1.29212
2015-08-21 04:00:00,1.29212
2015-08-21 05:00:00,1.29212
2015-08-21 06:00:00,1.29287
2015-08-21 08:00:00,1.29717
2015-08-21 09:00:00,1.29212
2015-08-21 10:00:00,1.29177
2015-08-21 12:00:00,1.28437
2015-08-21 14:00:00,1.28812
2015-08-24 01:00:00,1.27277
2015-08-24 05:00:00,1.26077
2015-08-24 14:00:00,1.26227
2015-08-24 17:00:00,1.26922
2015-08-25 05:00:00,1.27117
2015-08-26 05:00:00,1.26417
2015-08-26 13:00:00,1.26467
2015-08-26 14:00:00,1.26647
2015-08-27 05:00:00,1.28007
2015-08-27 13:00:00,1.26922
2015-08-27 14:00:00,1.2683200000000001
2015-08-28 05:00:00,1.27397
2015-08-28 11:00:00,1.26532
2015-08-28 14:00:00,1.26667
2015-08-31 05:00:00,1.27437
2015-08-31 09:00:00,1.27572
2015-08-31 15:00:00,1.27727
2015-08-31 18:00:00,1.27577
2015-09-01 05:00:00,1.26237
2015-09-01 13:00:00,1.26842
2015-09-02 05:00:00,1.27527
2015-09-02 13:00:00,1.27167
2015-09-02 14:00:00,1.27127
2015-09-03 05:00:00,1.27767
2015-09-04 05:00:00,1.26967
2015-09-07 05:00:00,1.26967
2015-09-08 05:00:00,1.30247
2015-09-09 05:00:00,1.28887
2015-09-10 05:00:00,1.29667
2015-09-11 05:00:00,1.2874700000000001
2015-09-11 12:00:00,1.30162
2015-09-14 05:00:00,1.28807
2015-09-15 05:00:00,1.28687
2015-09-16 05:00:00,1.29717
2015-09-17 05:00:00,1.29427
2015-09-18 05:00:00,1.29247
2015-09-21 05:00:00,1.29867
2015-09-22 05:00:00,1.2914700000000001
2015-09-23 05:00:00,1.28497
2015-09-24 05:00:00,1.28117
2015-09-24 20:00:00,1.28067
2015-09-25 05:00:00,1.28277
2015-09-28 05:00:00,1.27277
2015-09-29 05:00:00,1.2652700000000001
2015-09-30 05:00:00,1.26827
2015-10-01 05:00:00,1.27347
2015-10-02 05:00:00,1.26837
2015-10-05 05:00:00,1.2731700000000001
2015-10-06 05:00:00,1.26657
2015-10-07 05:00:00,1.28407
2015-10-08 05:00:00,1.27857
2015-10-09 05:00:00,1.26827
2015-10-12 05:00:00,1.27047
2015-10-13 05:00:00,1.25657
2015-10-14 05:00:00,1.26397
2015-10-15 05:00:00,1.26797
2015-10-16 05:00:00,1.26547
2015-10-19 05:00:00,1.27437
2015-10-20 05:00:00,1.27277
2015-10-21 05:00:00,1.27427
2015-10-22 05:00:00,1.29417
2015-10-23 05:00:00,1.29667
2015-10-26 05:00:00,1.30577
2015-10-26 13:00:00,1.30197
2015-10-26 14:00:00,1.30127
2015-10-26 15:00:00,1.3025200000000001
2015-10-27 05:00:00,1.30507
2015-10-27 14:00:00,1.3015700000000001
2015-10-27 15:00:00,1.30227
2015-10-28 05:00:00,1.31317
2015-10-28 13:00:00,1.30027
2015-10-28 14:00:00,1.30247
2015-10-28 15:00:00,1.30417
2015-10-29 05:00:00,1.31287
2015-10-30 05:00:00,1.32067
2015-11-02 06:00:00,1.31717
2015-11-03 06:00:00,1.32507
2015-11-03 12:00:00,1.31917
2015-11-04 06:00:00,1.32527
2015-11-04 11:00:00,1.32357
2015-11-04 16:00:00,1.3236700000000001
2015-11-05 06:00:00,1.30977
2015-11-05 14:00:00,1.31382
2015-11-05 19:00:00,1.31022
2015-11-06 06:00:00,1.3096700000000001
2015-11-06 10:00:00,1.30422
2015-11-09 06:00:00,1.31277
2015-11-10 06:00:00,1.31737
2015-11-11 06:00:00,1.32447
2015-11-12 06:00:00,1.32077
2015-11-12 14:00:00,1.32252
2015-11-13 06:00:00,1.33107
2015-11-16 06:00:00,1.33187
2015-11-16 14:00:00,1.32687
2015-11-16 15:00:00,1.3277700000000001
2015-11-16 16:00:00,1.32792
2015-11-17 06:00:00,1.34047
2015-11-17 09:00:00,1.33427
2015-11-18 06:00:00,1.35037
2015-11-19 06:00:00,1.34607
2015-11-19 08:00:00,1.35362
2015-11-19 13:00:00,1.35377
2015-11-19 14:00:00,1.34977
2015-11-19 19:00:00,1.34612
2015-11-20 06:00:00,1.34477
2015-11-23 06:00:00,1.33797
2015-11-23 14:00:00,1.34302
2015-11-24 06:00:00,1.32877
2015-11-24 14:00:00,1.33122
2015-11-24 15:00:00,1.33022
2015-11-25 06:00:00,1.34287
2015-11-26 06:00:00,1.34287
2015-11-27 06:00:00,1.34667
2015-11-30 01:00:00,1.34657
2015-11-30 06:00:00,1.34547
2015-11-30 07:00:00,1.34752
2015-11-30 19:00:00,1.34572
2015-12-01 06:00:00,1.34717
2015-12-02 06:00:00,1.31977
2015-12-02 15:00:00,1.33782
2015-12-02 19:00:00,1.31947
2015-12-03 06:00:00,1.2953700000000001
2015-12-03 08:00:00,1.32467
2015-12-03 11:00:00,1.32467
2015-12-03 12:00:00,1.32512
2015-12-03 13:00:00,1.3136700000000001
2015-12-03 14:00:00,1.3136700000000001
2015-12-04 06:00:00,1.30287
2015-12-04 15:00:00,1.30642
2015-12-04 18:00:00,1.30907
2015-12-04 19:00:00,1.30487
2015-12-07 06:00:00,1.30337
2015-12-08 06:00:00,1.28657
2015-12-08 11:00:00,1.28657
2015-12-08 14:00:00,1.28657
2015-12-09 06:00:00,1.28897
2015-12-09 15:00:00,1.28897
2015-12-10 06:00:00,1.29657
2015-12-10 09:00:00,1.29807
2015-12-10 14:00:00,1.29807
2015-12-11 06:00:00,1.29427
2015-12-14 06:00:00,1.28347
2015-12-14 15:00:00,1.2772700000000001
2015-12-14 16:00:00,1.27507
2015-12-14 17:00:00,1.28037
2015-12-14 20:00:00,1.28392
2015-12-15 06:00:00,1.28197
2015-12-16 06:00:00,1.27377
2015-12-16 14:00:00,1.27797
2015-12-16 15:00:00,1.27297
2015-12-17 06:00:00,1.27767
2015-12-17 07:00:00,1.28212
2015-12-17 09:00:00,1.28562
2015-12-17 14:00:00,1.27882
2015-12-17 15:00:00,1.27472
2015-12-18 06:00:00,1.27237
2015-12-18 14:00:00,1.27542
2015-12-18 15:00:00,1.27557
2015-12-21 06:00:00,1.26847
2015-12-21 14:00:00,1.27257
2015-12-22 06:00:00,1.25627
2015-12-22 14:00:00,1.2590700000000001
2015-12-22 15:00:00,1.25757
2015-12-23 06:00:00,1.26687
2015-12-24 06:00:00,1.26707
2015-12-28 06:00:00,1.26357
2015-12-28 07:00:00,1.26707
2015-12-29 06:00:00,1.26297
2015-12-30 06:00:00,1.25847
2015-12-31 06:00:00,1.26707
2016-01-04 00:00:00,1.26757
2016-01-04 01:00:00,1.26782
2016-01-04 02:00:00,1.26492
2016-01-04 03:00:00,1.26492
2016-01-04 04:00:00,1.26477
2016-01-04 05:00:00,1.26297
2016-01-04 06:00:00,1.26847
2016-01-04 07:00:00,1.26297
2016-01-04 14:00:00,1.27132
2016-01-05 06:00:00,1.2731700000000001
2016-01-05 09:00:00,1.2733700000000001
2016-01-05 11:00:00,1.27457
2016-01-06 06:00:00,1.26647
2016-01-07 06:00:00,1.24567
2016-01-08 06:00:00,1.23997
2016-01-08 08:00:00,1.25487
2016-01-11 06:00:00,1.24897
2016-01-12 06:00:00,1.24157
2016-01-13 06:00:00,1.24867
2016-01-14 06:00:00,1.24317
2016-01-15 06:00:00,1.22447
2016-01-15 17:00:00,1.21937
2016-01-18 06:00:00,1.22447
2016-01-18 14:00:00,1.22982
2016-01-19 06:00:00,1.21607
2016-01-19 14:00:00,1.22492
2016-01-20 06:00:00,1.21747
2016-01-20 07:00:00,1.20997
2016-01-20 08:00:00,1.20997
2016-01-21 06:00:00,1.22737
2016-01-21 13:00:00,1.22367
2016-01-21 14:00:00,1.22147
2016-01-22 06:00:00,1.24737
2016-01-22 14:00:00,1.24822
2016-01-25 06:00:00,1.24317
2016-01-25 14:00:00,1.24092
2016-01-26 06:00:00,1.25677
2016-01-27 06:00:00,1.2409700000000001
2016-01-28 06:00:00,1.25147
2016-01-29 06:00:00,1.25547
2016-01-29 13:00:00,1.25447
2016-01-29 19:00:00,1.25427
2016-02-01 06:00:00,1.26837
2016-02-02 06:00:00,1.26637
2016-02-02 19:00:00,1.2691700000000001
2016-02-03 06:00:00,1.26377
2016-02-03 13:00:00,1.27167
2016-02-03 14:00:00,1.27052
2016-02-03 15:00:00,1.2663200000000001
2016-02-04 06:00:00,1.24567
2016-02-04 12:00:00,1.25817
2016-02-05 06:00:00,1.23407
2016-02-05 19:00:00,1.23447
2016-02-08 06:00:00,1.21897
2016-02-09 06:00:00,1.20207
2016-02-09 14:00:00,1.1967700000000001
2016-02-10 06:00:00,1.21047
2016-02-11 06:00:00,1.20417
2016-02-11 08:00:00,1.19217
2016-02-11 19:00:00,1.20237
2016-02-11 20:00:00,1.20367
2016-02-12 06:00:00,1.21337
2016-02-12 12:00:00,1.21317
2016-02-12 13:00:00,1.21137
2016-02-15 06:00:00,1.21337
2016-02-16 06:00:00,1.2087700000000001
2016-02-17 06:00:00,1.2128700000000001
2016-02-17 10:00:00,1.21627
2016-02-18 06:00:00,1.22137
2016-02-18 11:00:00,1.22367
2016-02-18 13:00:00,1.22692
2016-02-19 06:00:00,1.21777
2016-02-19 12:00:00,1.21377
2016-02-22 06:00:00,1.21157
2016-02-23 06:00:00,1.18877
2016-02-24 06:00:00,1.17197
2016-02-24 09:00:00,1.17977
2016-02-24 14:00:00,1.18037
2016-02-25 06:00:00,1.17937
2016-02-25 10:00:00,1.17717
2016-02-26 06:00:00,1.1805700000000001
2016-02-29 06:00:00,1.18717
2016-03-01 06:00:00,1.18897
2016-03-02 06:00:00,1.20017
2016-03-03 06:00:00,1.2027700000000001
2016-03-03 14:00:00,1.19797
2016-03-04 06:00:00,1.21237
2016-03-07 06:00:00,1.21697
2016-03-07 10:00:00,1.2128700000000001
2016-03-08 06:00:00,1.21467
2016-03-09 06:00:00,1.21727
2016-03-09 16:00:00,1.21537
2016-03-10 06:00:00,1.20177
2016-03-10 15:00:00,1.20387
2016-03-11 06:00:00,1.21057
2016-03-11 21:00:00,1.2147700000000001
2016-03-14 05:00:00,1.21357
2016-03-15 05:00:00,1.19887
2016-03-16 05:00:00,1.19467
2016-03-17 05:00:00,1.20187
2016-03-18 05:00:00,1.20577
2016-03-21 05:00:00,1.19717
2016-03-22 05:00:00,1.18387
2016-03-23 05:00:00,1.17907
2016-03-24 05:00:00,1.18277
2016-03-28 05:00:00,1.18987
2016-03-29 05:00:00,1.19137
2016-03-30 05:00:00,1.18917
2016-03-31 05:00:00,1.18277
2016-04-01 05:00:00,1.16547
2016-04-04 05:00:00,1.17197
2016-04-05 05:00:00,1.15627
2016-04-06 05:00:00,1.15287
2016-04-07 05:00:00,1.14657
2016-04-08 05:00:00,1.14987
2016-04-11 05:00:00,1.16177
2016-04-12 05:00:00,1.1664700000000001
2016-04-13 05:00:00,1.17747
2016-04-14 05:00:00,1.17187
2016-04-15 05:00:00,1.17827
2016-04-18 05:00:00,1.18067
2016-04-19 05:00:00,1.18707
2016-04-20 05:00:00,1.19897
2016-04-21 05:00:00,1.19957
2016-04-22 05:00:00,1.21387
2016-04-25 05:00:00,1.21707
2016-04-26 05:00:00,1.22457
2016-04-27 05:00:00,1.21557
2016-04-28 05:00:00,1.21637
2016-04-29 05:00:00,1.20577
2016-05-02 05:00:00,1.20457
2016-05-03 05:00:00,1.19157
2016-05-04 05:00:00,1.19077
2016-05-05 05:00:00,1.20727
2016-05-06 05:00:00,1.20617
2016-05-09 05:00:00,1.20417
2016-05-10 05:00:00,1.21327
2016-05-11 05:00:00,1.20837
2016-05-12 05:00:00,1.20807
2016-05-13 05:00:00,1.20597
2016-05-16 05:00:00,1.21267
2016-05-17 05:00:00,1.22197
2016-05-18 05:00:00,1.24527
2016-05-19 05:00:00,1.25287
2016-05-20 05:00:00,1.24267
2016-05-23 05:00:00,1.2390700000000001
2016-05-24 05:00:00,1.25817
2016-05-25 05:00:00,1.26417
2016-05-26 05:00:00,1.25697
2016-05-27 05:00:00,1.25747
2016-05-30 05:00:00,1.25747
2016-05-31 05:00:00,1.24437
2016-06-01 05:00:00,1.23067
2016-06-02 05:00:00,1.23587
2016-06-03 05:00:00,1.22407
2016-06-03 12:00:00,1.22407
2016-06-06 05:00:00,1.20827
2016-06-07 05:00:00,1.21077
2016-06-08 05:00:00,1.19747
2016-06-08 13:00:00,1.19747
2016-06-09 05:00:00,1.20107
2016-06-09 13:00:00,1.20107
2016-06-09 14:00:00,1.20107
2016-06-10 05:00:00,1.17997
2016-06-13 05:00:00,1.18537
2016-06-13 13:00:00,1.1879700000000002
2016-06-13 14:00:00,1.1916700000000002
2016-06-13 16:00:00,1.19242
2016-06-13 20:00:00,1.18887
2016-06-14 05:00:00,1.1701700000000002
2016-06-14 08:00:00,1.17517
2016-06-14 13:00:00,1.1760700000000002
2016-06-15 05:00:00,1.1738700000000002
2016-06-15 11:00:00,1.17852
2016-06-15 13:00:00,1.1783700000000001
2016-06-15 16:00:00,1.1802700000000002
2016-06-15 17:00:00,1.17877
2016-06-16 05:00:00,1.18157
2016-06-16 14:00:00,1.16887
2016-06-16 16:00:00,1.18097
2016-06-17 02:00:00,1.18737
2016-06-17 05:00:00,1.18737
2016-06-17 07:00:00,1.1874200000000001
2016-06-17 13:00:00,1.18557
2016-06-17 14:00:00,1.18557
2016-06-17 16:00:00,1.1863700000000001
2016-06-20 05:00:00,1.22577
2016-06-20 09:00:00,1.2163700000000002
2016-06-21 05:00:00,1.22167
2016-06-22 05:00:00,1.21957
2016-06-22 17:00:00,1.21717
2016-06-23 05:00:00,1.22967
2016-06-23 20:00:00,1.23777
2016-06-24 04:00:00,1.1155700000000002
2016-06-24 05:00:00,1.1132700000000002
2016-06-24 09:00:00,1.1639700000000002
2016-06-24 12:00:00,1.1514700000000002
2016-06-24 13:00:00,1.1555700000000002
2016-06-24 14:00:00,1.1312200000000001
2016-06-24 15:00:00,1.1318700000000002
2016-06-24 16:00:00,1.1392700000000002
2016-06-26 22:00:00,1.1213700000000002
2016-06-26 23:00:00,1.1177700000000002
2016-06-27 00:00:00,1.1177700000000002
2016-06-27 05:00:00,1.10237
2016-06-27 08:00:00,1.1101200000000002
2016-06-27 09:00:00,1.10962
2016-06-27 11:00:00,1.0995700000000002
2016-06-27 16:00:00,1.10217
2016-06-27 17:00:00,1.1018700000000001
2016-06-28 00:00:00,1.10637
2016-06-28 05:00:00,1.12437
2016-06-28 10:00:00,1.1170700000000002
2016-06-28 13:00:00,1.1235700000000002
2016-06-28 15:00:00,1.11697
2016-06-28 16:00:00,1.1173700000000002
2016-06-29 05:00:00,1.12847
2016-06-29 20:00:00,1.12802
2016-06-30 05:00:00,1.10837
2016-06-30 06:00:00,1.1231200000000001
2016-06-30 13:00:00,1.12162
2016-07-01 05:00:00,1.10687
2016-07-04 05:00:00,1.10687
2016-07-05 05:00:00,1.08677
2016-07-06 05:00:00,1.07267
2016-07-06 13:00:00,1.0783200000000002
2016-07-07 05:00:00,1.07627
2016-07-08 05:00:00,1.08667
2016-07-11 05:00:00,1.09197
2016-07-12 05:00:00,1.12497
2016-07-13 05:00:00,1.1077700000000001
2016-07-14 05:00:00,1.12097
2016-07-15 05:00:00,1.11227
2016-07-18 05:00:00,1.1170700000000002
2016-07-19 05:00:00,1.10447
2016-07-19 17:00:00,1.1050700000000002
2016-07-20 05:00:00,1.11267
2016-07-21 05:00:00,1.1175700000000002
2016-07-22 05:00:00,1.10877
2016-07-25 05:00:00,1.1095700000000002
2016-07-26 05:00:00,1.11827
2016-07-27 05:00:00,1.1211700000000002
2016-07-28 05:00:00,1.1051700000000002
2016-07-28 13:00:00,1.10417
2016-07-29 05:00:00,1.0971700000000002
2016-07-29 06:00:00,1.10667
2016-07-29 12:00:00,1.09817
2016-08-01 00:00:00,1.0970700000000002
2016-08-01 05:00:00,1.0915700000000002
2016-08-01 06:00:00,1.09992
2016-08-01 08:00:00,1.09312
2016-08-01 09:00:00,1.09217
2016-08-01 12:00:00,1.09342
2016-08-01 16:00:00,1.0919200000000002
2016-08-01 17:00:00,1.09287
2016-08-01 18:00:00,1.09197
2016-08-02 05:00:00,1.10217
2016-08-02 12:00:00,1.0981200000000002
2016-08-03 05:00:00,1.1114700000000002
2016-08-03 07:00:00,1.10142
2016-08-03 10:00:00,1.10912
2016-08-03 12:00:00,1.1070700000000002
2016-08-03 13:00:00,1.1080200000000002
2016-08-04 05:00:00,1.09267
2016-08-04 06:00:00,1.10972
2016-08-04 14:00:00,1.0935700000000002
2016-08-05 05:00:00,1.0972700000000002
2016-08-05 12:00:00,1.0954700000000002
2016-08-08 05:00:00,1.0975700000000002
2016-08-09 05:00:00,1.0929700000000002
2016-08-10 05:00:00,1.0850700000000002
2016-08-11 05:00:00,1.0797700000000001
2016-08-12 05:00:00,1.0755700000000001
2016-08-15 05:00:00,1.06817
2016-08-15 11:00:00,1.0716700000000001
2016-08-16 05:00:00,1.0708700000000002
2016-08-17 05:00:00,1.07057
2016-08-18 05:00:00,1.07057
2016-08-19 05:00:00,1.0714700000000001
2016-08-22 05:00:00,1.0792700000000002
2016-08-23 05:00:00,1.08667
2016-08-23 13:00:00,1.08457
2016-08-24 05:00:00,1.09617
2016-08-24 08:00:00,1.09067
2016-08-24 09:00:00,1.0908700000000002
2016-08-25 05:00:00,1.0914700000000002
2016-08-26 05:00:00,1.1017700000000001
2016-08-28 22:00:00,1.10267
2016-08-29 05:00:00,1.0990700000000002
2016-08-30 05:00:00,1.1039700000000001
2016-08-30 14:00:00,1.10247
2016-08-30 15:00:00,1.10247
2016-08-30 16:00:00,1.1023200000000002
2016-08-31 05:00:00,1.1074700000000002
2016-08-31 16:00:00,1.10722
2016-09-01 05:00:00,1.1174700000000002
2016-09-01 08:00:00,1.1228200000000002
2016-09-01 13:00:00,1.12352
2016-09-01 14:00:00,1.12182
2016-09-02 05:00:00,1.12047
2016-09-02 13:00:00,1.1219700000000001
2016-09-05 05:00:00,1.12047
2016-09-05 14:00:00,1.12047
2016-09-06 05:00:00,1.12067
2016-09-06 13:00:00,1.12067
2016-09-06 14:00:00,1.12067
2016-09-06 17:00:00,1.12057
2016-09-07 05:00:00,1.1099700000000001
2016-09-08 05:00:00,1.1112700000000002
2016-09-08 12:00:00,1.10677
2016-09-09 05:00:00,1.1116700000000002
2016-09-12 05:00:00,1.1132700000000002
2016-09-12 14:00:00,1.11437
2016-09-13 05:00:00,1.10637
2016-09-13 12:00:00,1.1028200000000001
2016-09-14 05:00:00,1.1057700000000001
2016-09-15 05:00:00,1.1037700000000001
2016-09-15 13:00:00,1.10152
2016-09-16 05:00:00,1.0929700000000002
2016-09-19 05:00:00,1.09437
2016-09-19 14:00:00,1.09782
2016-09-20 05:00:00,1.08847
2016-09-20 16:00:00,1.08702
2016-09-21 05:00:00,1.0853700000000002
2016-09-21 17:00:00,1.08637
2016-09-22 05:00:00,1.0855700000000001
2016-09-22 06:00:00,1.0873700000000002
2016-09-22 13:00:00,1.0850700000000002
2016-09-23 05:00:00,1.07477
2016-09-23 10:00:00,1.0775700000000001
2016-09-23 13:00:00,1.0758200000000002
2016-09-23 14:00:00,1.07607
2016-09-26 05:00:00,1.07397
2016-09-26 13:00:00,1.0718200000000002
2016-09-26 14:00:00,1.0726200000000001
2016-09-27 05:00:00,1.0814700000000002
2016-09-27 07:00:00,1.0733700000000002
2016-09-28 05:00:00,1.08257
2016-09-28 08:00:00,1.0808700000000002
2016-09-28 11:00:00,1.08382
2016-09-28 13:00:00,1.0816700000000001
2016-09-29 05:00:00,1.0712700000000002
2016-09-29 16:00:00,1.07227
2016-09-30 05:00:00,1.0774700000000001
2016-09-30 08:00:00,1.0735700000000001
2016-09-30 09:00:00,1.08057
2016-09-30 10:00:00,1.0811700000000002
2016-09-30 13:00:00,1.08037
2016-09-30 14:00:00,1.0778200000000002
2016-10-02 22:00:00,1.07502
2016-10-03 05:00:00,1.0688700000000002
2016-10-04 05:00:00,1.0653700000000002
2016-10-04 07:00:00,1.06657
2016-10-04 09:00:00,1.0665200000000001
2016-10-04 12:00:00,1.0679200000000002
2016-10-04 13:00:00,1.07112
2016-10-04 14:00:00,1.07027
2016-10-04 15:00:00,1.06847
2016-10-05 05:00:00,1.06037
2016-10-05 13:00:00,1.06322
2016-10-05 20:00:00,1.06007
2016-10-06 05:00:00,1.05597
2016-10-06 14:00:00,1.05722
2016-10-07 00:00:00,1.04122
2016-10-07 01:00:00,1.0325700000000002
2016-10-07 05:00:00,1.03567
2016-10-07 10:00:00,1.03177
2016-10-07 11:00:00,1.0332700000000001
2016-10-07 12:00:00,1.0310700000000002
2016-10-07 17:00:00,1.0382200000000001
2016-10-07 20:00:00,1.03377
2016-10-10 05:00:00,1.0325700000000002
2016-10-11 00:00:00,1.0317200000000002
2016-10-11 05:00:00,1.0190700000000001
2016-10-11 16:00:00,1.0216200000000002
2016-10-11 17:00:00,1.0178200000000002
2016-10-11 18:00:00,1.01922
2016-10-12 00:00:00,1.03252
2016-10-12 05:00:00,1.02757
2016-10-12 06:00:00,1.03177
2016-10-12 08:00:00,1.03102
2016-10-12 11:00:00,1.03092
2016-10-12 12:00:00,1.02722
2016-10-12 15:00:00,1.0275200000000002
2016-10-13 05:00:00,1.02757
2016-10-13 09:00:00,1.02417
2016-10-13 10:00:00,1.02547
2016-10-13 18:00:00,1.02702
2016-10-14 05:00:00,1.0249700000000002
2016-10-14 09:00:00,1.0263200000000001
2016-10-14 12:00:00,1.0280200000000002
2016-10-14 15:00:00,1.0245700000000002
2016-10-14 18:00:00,1.0251700000000001
2016-10-14 19:00:00,1.02492
2016-10-17 05:00:00,1.0251700000000001
2016-10-18 05:00:00,1.03597
2016-10-18 08:00:00,1.02947
2016-10-18 09:00:00,1.0335200000000002
2016-10-18 10:00:00,1.03027
2016-10-18 14:00:00,1.0387700000000002
2016-10-18 15:00:00,1.03702
2016-10-18 18:00:00,1.03617
2016-10-19 05:00:00,1.03347
2016-10-19 06:00:00,1.03302
2016-10-19 08:00:00,1.0352700000000001
2016-10-19 09:00:00,1.0350700000000002
2016-10-19 11:00:00,1.0341200000000002
2016-10-19 15:00:00,1.0337200000000002
2016-10-20 05:00:00,1.03607
2016-10-20 12:00:00,1.0269700000000002
2016-10-20 14:00:00,1.0329700000000002
2016-10-21 05:00:00,1.0352700000000001
2016-10-21 17:00:00,1.03567
2016-10-24 05:00:00,1.03437
2016-10-24 13:00:00,1.03452
2016-10-25 05:00:00,1.03167
2016-10-25 06:00:00,1.0347700000000002
2016-10-25 12:00:00,1.0383200000000001
2016-10-25 13:00:00,1.02942
2016-10-25 14:00:00,1.02777
2016-10-25 15:00:00,1.0295200000000002
2016-10-25 19:00:00,1.03102
2016-10-26 05:00:00,1.03417
2016-10-26 12:00:00,1.03062
2016-10-26 13:00:00,1.03157
2016-10-26 15:00:00,1.03397
2016-10-26 19:00:00,1.0353700000000001
2016-10-26 20:00:00,1.0361200000000002
2016-10-27 05:00:00,1.0293700000000001
2016-10-27 19:00:00,1.02922
2016-10-28 05:00:00,1.0232700000000001
2016-10-28 09:00:00,1.0259200000000002
2016-10-28 10:00:00,1.0260200000000002
2016-10-28 12:00:00,1.0265700000000002
2016-10-28 14:00:00,1.02637
2016-10-28 15:00:00,1.0253700000000001
2016-10-28 17:00:00,1.02547
2016-10-28 19:00:00,1.0232700000000001
2016-10-31 05:00:00,1.03237
2016-10-31 16:00:00,1.0280200000000002
2016-10-31 17:00:00,1.02997
2016-10-31 18:00:00,1.0321200000000001
2016-10-31 19:00:00,1.0309700000000002
2016-11-01 05:00:00,1.0131700000000001
2016-11-01 10:00:00,1.02492
2016-11-01 11:00:00,1.0242200000000001
2016-11-01 12:00:00,1.0197200000000002
2016-11-01 13:00:00,1.02042
2016-11-01 14:00:00,1.01882
2016-11-01 15:00:00,1.0187700000000002
2016-11-01 16:00:00,1.0160200000000001
2016-11-01 17:00:00,1.0134200000000002
2016-11-01 18:00:00,1.0116200000000002
2016-11-02 05:00:00,1.01577
2016-11-02 09:00:00,1.0121200000000001
2016-11-02 10:00:00,1.0136200000000002
2016-11-02 11:00:00,1.0150700000000001
2016-11-02 12:00:00,1.0188700000000002
2016-11-02 14:00:00,1.01462
2016-11-02 16:00:00,1.01502
2016-11-02 18:00:00,1.0157200000000002
2016-11-02 19:00:00,1.01627
2016-11-02 20:00:00,1.0165700000000002
2016-11-03 05:00:00,1.03367
2016-11-03 10:00:00,1.02967
2016-11-03 12:00:00,1.03407
2016-11-03 13:00:00,1.03427
2016-11-04 05:00:00,1.0332700000000001
2016-11-04 13:00:00,1.03322
2016-11-04 17:00:00,1.03237
2016-11-04 18:00:00,1.0333700000000001
2016-11-07 06:00:00,1.0285700000000002
2016-11-07 10:00:00,1.0315200000000002
2016-11-07 14:00:00,1.0289700000000002
2016-11-07 19:00:00,1.0283200000000001
2016-11-07 20:00:00,1.02862
2016-11-08 06:00:00,1.0307700000000002
2016-11-08 12:00:00,1.03007
2016-11-08 14:00:00,1.02662
2016-11-09 06:00:00,1.0447700000000002
2016-11-09 15:00:00,1.04197
2016-11-09 16:00:00,1.04492
2016-11-10 06:00:00,1.06057
2016-11-10 20:00:00,1.0589700000000002
2016-11-11 06:00:00,1.06617
2016-11-11 07:00:00,1.05977
2016-11-11 10:00:00,1.0655700000000001
2016-11-11 17:00:00,1.06577
2016-11-14 06:00:00,1.0674700000000001
2016-11-14 07:00:00,1.0629700000000002
2016-11-14 14:00:00,1.0687200000000001
2016-11-14 15:00:00,1.06472
2016-11-15 06:00:00,1.07007
2016-11-15 08:00:00,1.05657
2016-11-15 14:00:00,1.0642200000000002
2016-11-15 18:00:00,1.06617
2016-11-15 19:00:00,1.0706200000000001
2016-11-16 06:00:00,1.0675700000000001
2016-11-16 08:00:00,1.07067
2016-11-17 06:00:00,1.0709700000000002
2016-11-17 12:00:00,1.0690700000000002
2016-11-17 14:00:00,1.06777
2016-11-17 15:00:00,1.06922
2016-11-17 19:00:00,1.07092
2016-11-18 06:00:00,1.0689700000000002
2016-11-18 12:00:00,1.06617
2016-11-18 13:00:00,1.0636700000000001
2016-11-18 14:00:00,1.06702
2016-11-18 19:00:00,1.06777
2016-11-18 20:00:00,1.0693700000000002
2016-11-21 06:00:00,1.0817700000000001
2016-11-21 09:00:00,1.0641200000000002
2016-11-21 13:00:00,1.0781200000000002
2016-11-21 17:00:00,1.08227
2016-11-22 06:00:00,1.07647
2016-11-22 17:00:00,1.07522
2016-11-23 06:00:00,1.08597
2016-11-23 16:00:00,1.0837700000000001
2016-11-24 06:00:00,1.08597
2016-11-25 06:00:00,1.0834700000000002
2016-11-25 12:00:00,1.0832700000000002
2016-11-28 06:00:00,1.0796700000000001
2016-11-29 06:00:00,1.0856700000000001
2016-11-30 06:00:00,1.09257
2016-11-30 10:00:00,1.08152
2016-11-30 13:00:00,1.08712
2016-11-30 15:00:00,1.08972
2016-11-30 16:00:00,1.0936700000000001
2016-12-01 01:00:00,1.0937700000000001
2016-12-01 06:00:00,1.09437
2016-12-01 11:00:00,1.10057
2016-12-02 06:00:00,1.1059700000000001
2016-12-02 12:00:00,1.0986200000000002
2016-12-02 13:00:00,1.09627
2016-12-05 06:00:00,1.1018700000000001
2016-12-05 11:00:00,1.1052700000000002
2016-12-06 06:00:00,1.10277
2016-12-06 17:00:00,1.1026200000000002
2016-12-07 06:00:00,1.09287
2016-12-07 09:00:00,1.09477
2016-12-07 14:00:00,1.09267
2016-12-07 15:00:00,1.0906200000000001
2016-12-08 06:00:00,1.10087
2016-12-08 13:00:00,1.10077
2016-12-09 06:00:00,1.10067
2016-12-12 06:00:00,1.10697
2016-12-12 11:00:00,1.1032700000000002
2016-12-12 12:00:00,1.10362
2016-12-12 13:00:00,1.10627
2016-12-13 06:00:00,1.10407
2016-12-13 13:00:00,1.10697
2016-12-14 06:00:00,1.1052700000000002
2016-12-14 14:00:00,1.10447
2016-12-15 06:00:00,1.10277
2016-12-15 14:00:00,1.10657
2016-12-16 06:00:00,1.1035700000000002
2016-12-19 06:00:00,1.0952700000000002
2016-12-20 06:00:00,1.0937700000000001
2016-12-20 08:00:00,1.0946200000000001
2016-12-20 14:00:00,1.0938700000000001
2016-12-21 06:00:00,1.0892700000000002
2016-12-21 08:00:00,1.09257
2016-12-22 06:00:00,1.08247
2016-12-23 06:00:00,1.08277
2016-12-23 07:00:00,1.08247
2016-12-23 18:00:00,1.08297
2016-12-27 06:00:00,1.0836700000000001
2016-12-27 21:00:00,1.0835700000000001
2016-12-28 06:00:00,1.0790700000000002
2016-12-28 14:00:00,1.08087
2016-12-28 15:00:00,1.08297
2016-12-28 16:00:00,1.08297
2016-12-29 06:00:00,1.0773700000000002
2016-12-30 06:00:00,1.07857
2017-01-03 06:00:00,1.0795700000000001
2017-01-03 14:00:00,1.08372
2017-01-03 18:00:00,1.07997
2017-01-03 19:00:00,1.0803200000000002
2017-01-03 20:00:00,1.07987
2017-01-04 06:00:00,1.0830700000000002
2017-01-05 06:00:00,1.0775700000000001
2017-01-06 06:00:00,1.0732700000000002
2017-01-09 06:00:00,1.0570700000000002
2017-01-10 06:00:00,1.06017
2017-01-10 12:00:00,1.0570700000000002
2017-01-11 06:00:00,1.06237
2017-01-12 06:00:00,1.05277
2017-01-13 06:00:00,1.0534700000000001
2017-01-16 06:00:00,1.0534700000000001
2017-01-17 06:00:00,1.06607
2017-01-17 12:00:00,1.0584200000000001
2017-01-17 15:00:00,1.0621200000000002
2017-01-18 06:00:00,1.05767
2017-01-19 06:00:00,1.06647
2017-01-20 06:00:00,1.06397
2017-01-23 06:00:00,1.07227
2017-01-24 06:00:00,1.07657
2017-01-25 06:00:00,1.08697
2017-01-26 06:00:00,1.08417
2017-01-27 06:00:00,1.07857
2017-01-30 06:00:00,1.06657
2017-01-31 06:00:00,1.06817
2017-02-01 06:00:00,1.0816700000000001
2017-02-02 06:00:00,1.0676700000000001
2017-02-03 06:00:00,1.06467
2017-02-06 06:00:00,1.06037
2017-02-07 06:00:00,1.07207
2017-02-08 06:00:00,1.0714700000000001
2017-02-09 06:00:00,1.07627
2017-02-10 06:00:00,1.0774700000000001
2017-02-13 06:00:00,1.08467
2017-02-14 06:00:00,1.08007
2017-02-15 06:00:00,1.07787
2017-02-16 06:00:00,1.0710700000000002
2017-02-17 06:00:00,1.07037
2017-02-17 11:00:00,1.0649700000000002
2017-02-20 06:00:00,1.07037
2017-02-21 06:00:00,1.0831700000000002
2017-02-21 09:00:00,1.0781200000000002
2017-02-21 20:00:00,1.0831700000000002
2017-02-21 21:00:00,1.08392
2017-02-22 06:00:00,1.08267
2017-02-22 17:00:00,1.0831700000000002
2017-02-23 06:00:00,1.08847
2017-02-24 06:00:00,1.08027
2017-02-24 13:00:00,1.0852700000000002
2017-02-27 06:00:00,1.0812700000000002
2017-02-28 06:00:00,1.0714700000000001
2017-02-28 15:00:00,1.07447
2017-02-28 17:00:00,1.06997
2017-03-01 06:00:00,1.06487
2017-03-01 19:00:00,1.0649700000000002
2017-03-02 06:00:00,1.0690700000000002
2017-03-03 06:00:00,1.0653700000000002
2017-03-03 10:00:00,1.0635700000000001
2017-03-06 06:00:00,1.06407
2017-03-06 21:00:00,1.06407
2017-03-07 06:00:00,1.06227
2017-03-07 09:00:00,1.06407
2017-03-08 06:00:00,1.06037
2017-03-09 06:00:00,1.05587
2017-03-09 12:00:00,1.05587
2017-03-09 19:00:00,1.05587
2017-03-10 06:00:00,1.0550700000000002
2017-03-13 05:00:00,1.05841
2017-03-13 08:00:00,1.06146
2017-03-13 12:00:00,1.05941
2017-03-13 13:00:00,1.0588600000000001
2017-03-13 14:00:00,1.0589600000000001
2017-03-14 05:00:00,1.05461
2017-03-14 08:00:00,1.04931
2017-03-15 05:00:00,1.05641
2017-03-15 06:00:00,1.05921
2017-03-15 07:00:00,1.05751
2017-03-15 13:00:00,1.0580100000000001
2017-03-15 14:00:00,1.05691
2017-03-15 15:00:00,1.05691
2017-03-15 16:00:00,1.05846
2017-03-15 17:00:00,1.05821
2017-03-16 05:00:00,1.05821
2017-03-16 09:00:00,1.0519100000000001
2017-03-16 13:00:00,1.0585600000000002
2017-03-17 05:00:00,1.06331
2017-03-17 18:00:00,1.0630600000000001
2017-03-17 19:00:00,1.0630600000000001
2017-03-20 05:00:00,1.06011
2017-03-20 07:00:00,1.06446
2017-03-21 05:00:00,1.0679100000000001
2017-03-21 09:00:00,1.06631
2017-03-22 05:00:00,1.06541
2017-03-22 08:00:00,1.06431
2017-03-22 13:00:00,1.0608600000000001
2017-03-22 14:00:00,1.0566600000000002
2017-03-22 15:00:00,1.05996
2017-03-23 01:00:00,1.0657100000000002
2017-03-23 05:00:00,1.0700100000000001
2017-03-23 07:00:00,1.0677100000000002
2017-03-23 10:00:00,1.06946
2017-03-24 05:00:00,1.06501
2017-03-24 08:00:00,1.06711
2017-03-27 05:00:00,1.06481
2017-03-27 13:00:00,1.06491
2017-03-27 14:00:00,1.06341
2017-03-28 05:00:00,1.06241
2017-03-29 05:00:00,1.06641
2017-03-29 11:00:00,1.06921
2017-03-29 13:00:00,1.06366
2017-03-29 15:00:00,1.06366
2017-03-30 05:00:00,1.07521
2017-03-30 13:00:00,1.0737100000000002
2017-03-31 05:00:00,1.08131
2017-03-31 06:00:00,1.07521
2017-03-31 15:00:00,1.07951
2017-04-03 05:00:00,1.07701
2017-04-03 08:00:00,1.08101
2017-04-03 09:00:00,1.07946
2017-04-03 12:00:00,1.07871
2017-04-04 05:00:00,1.07481
2017-04-04 06:00:00,1.07421
2017-04-04 07:00:00,1.07511
2017-04-05 05:00:00,1.0821100000000001
2017-04-05 11:00:00,1.07941
2017-04-05 16:00:00,1.0830600000000001
2017-04-05 17:00:00,1.08251
2017-04-06 05:00:00,1.0819100000000001
2017-04-06 07:00:00,1.0821100000000001
2017-04-06 10:00:00,1.07951
2017-04-06 12:00:00,1.07786
2017-04-07 05:00:00,1.07691
2017-04-07 08:00:00,1.07961
2017-04-10 05:00:00,1.0801100000000001
2017-04-10 07:00:00,1.07931
2017-04-10 10:00:00,1.0801100000000001
2017-04-10 13:00:00,1.0799100000000001
2017-04-10 14:00:00,1.08026
2017-04-11 05:00:00,1.0859100000000002
2017-04-11 06:00:00,1.0801100000000001
2017-04-11 07:00:00,1.0782100000000001
2017-04-11 12:00:00,1.08171
2017-04-11 13:00:00,1.08111
2017-04-11 14:00:00,1.0819100000000001
2017-04-11 17:00:00,1.0861100000000001
2017-04-12 05:00:00,1.0879100000000002
2017-04-12 13:00:00,1.08626
2017-04-12 17:00:00,1.0861100000000001
2017-04-13 05:00:00,1.0862100000000001
2017-04-13 13:00:00,1.08771
2017-04-17 05:00:00,1.0900100000000001
2017-04-17 15:00:00,1.0903100000000001
2017-04-18 05:00:00,1.1083100000000001
2017-04-18 09:00:00,1.0848600000000002
2017-04-18 10:00:00,1.09121
2017-04-18 11:00:00,1.09586
2017-04-18 16:00:00,1.10171
2017-04-19 05:00:00,1.10351
2017-04-19 06:00:00,1.10751
2017-04-20 05:00:00,1.1080100000000002
2017-04-21 05:00:00,1.10571
2017-04-24 05:00:00,1.10251
2017-04-24 11:00:00,1.10451
2017-04-25 05:00:00,1.10251
2017-04-26 05:00:00,1.10521
2017-04-26 13:00:00,1.1043100000000001
2017-04-26 15:00:00,1.10701
2017-04-27 05:00:00,1.11081
2017-04-28 04:00:00,1.11236
2017-04-28 05:00:00,1.11581
2017-05-01 05:00:00,1.11361
2017-05-01 07:00:00,1.11561
2017-05-02 05:00:00,1.1120100000000002
2017-05-02 06:00:00,1.11111
2017-05-03 05:00:00,1.10871
2017-05-04 05:00:00,1.10461
2017-05-04 16:00:00,1.10436
2017-05-05 05:00:00,1.1101100000000002
2017-05-05 06:00:00,1.10701
2017-05-08 05:00:00,1.12101
2017-05-08 06:00:00,1.11196
2017-05-08 13:00:00,1.11861
2017-05-09 05:00:00,1.13301
2017-05-09 10:00:00,1.12481
2017-05-10 05:00:00,1.13531
2017-05-10 09:00:00,1.13301
2017-05-11 05:00:00,1.12781
2017-05-11 09:00:00,1.1301100000000002
2017-05-11 11:00:00,1.12581
2017-05-11 12:00:00,1.12601
2017-05-11 19:00:00,1.12836
2017-05-12 05:00:00,1.11991
2017-05-12 15:00:00,1.1172600000000001
2017-05-12 16:00:00,1.1182100000000001
2017-05-15 05:00:00,1.1141100000000002
2017-05-15 08:00:00,1.12166
2017-05-15 13:00:00,1.1161100000000002
2017-05-15 16:00:00,1.11541
2017-05-15 17:00:00,1.11351
2017-05-15 18:00:00,1.1142100000000001
2017-05-16 05:00:00,1.1022100000000001
2017-05-16 08:00:00,1.10961
2017-05-16 09:00:00,1.10651
2017-05-16 17:00:00,1.10276
2017-05-16 18:00:00,1.10256
2017-05-17 05:00:00,1.0979100000000002
2017-05-17 07:00:00,1.1022100000000001
2017-05-18 05:00:00,1.09761
2017-05-18 12:00:00,1.10161
2017-05-18 14:00:00,1.10351
2017-05-19 05:00:00,1.0982100000000001
2017-05-19 06:00:00,1.09846
2017-05-22 05:00:00,1.09461
2017-05-22 09:00:00,1.09291
2017-05-23 05:00:00,1.09441
2017-05-23 15:00:00,1.09311
2017-05-24 05:00:00,1.09281
2017-05-24 13:00:00,1.09481
2017-05-24 14:00:00,1.09481
2017-05-25 05:00:00,1.08871
2017-05-25 13:00:00,1.08831
2017-05-25 14:00:00,1.0881100000000001
2017-05-25 15:00:00,1.0892600000000001
2017-05-26 05:00:00,1.07681
2017-05-26 13:00:00,1.08006
2017-05-26 14:00:00,1.0787600000000002
2017-05-29 00:00:00,1.08056
2017-05-29 05:00:00,1.07681
2017-05-29 06:00:00,1.0801100000000001
2017-05-29 10:00:00,1.08006
2017-05-29 13:00:00,1.08246
2017-05-29 14:00:00,1.08246
2017-05-30 05:00:00,1.08281
2017-05-30 06:00:00,1.08631
2017-05-30 07:00:00,1.08631
2017-05-30 09:00:00,1.08571
2017-05-30 13:00:00,1.08371
2017-05-31 05:00:00,1.07721
2017-05-31 13:00:00,1.07796
2017-06-01 05:00:00,1.08101
2017-06-01 13:00:00,1.0798100000000002
2017-06-02 05:00:00,1.07091
2017-06-05 05:00:00,1.07561
2017-06-06 05:00:00,1.07081
2017-06-07 05:00:00,1.0802100000000001
2017-06-07 15:00:00,1.0801100000000001
2017-06-07 19:00:00,1.08061
2017-06-08 05:00:00,1.0818100000000002
2017-06-09 00:00:00,1.06431
2017-06-09 05:00:00,1.0637100000000002
2017-06-12 05:00:00,1.05621
2017-06-12 06:00:00,1.0656100000000002
2017-06-13 05:00:00,1.06551
2017-06-14 05:00:00,1.0692099999999998
2017-06-14 08:00:00,1.0666099999999998
2017-06-15 05:00:00,1.0749099999999998
2017-06-16 05:00:00,1.0750099999999998
2017-06-16 07:00:00,1.0749099999999998
2017-06-19 05:00:00,1.0725099999999999
2017-06-20 05:00:00,1.0622099999999999
2017-06-20 08:00:00,1.0682599999999998
2017-06-20 11:00:00,1.06391
2017-06-20 14:00:00,1.0611099999999998
2017-06-21 05:00:00,1.0632099999999998
2017-06-21 10:00:00,1.0622099999999999
2017-06-22 05:00:00,1.0630099999999998
2017-06-22 11:00:00,1.06411
2017-06-23 05:00:00,1.06381
2017-06-26 05:00:00,1.06801
2017-06-27 05:00:00,1.05991
2017-06-28 05:00:00,1.07161
2017-06-28 15:00:00,1.0743099999999999
2017-06-29 05:00:00,1.07391
2017-06-30 05:00:00,1.07941
2017-06-30 11:00:00,1.07391
2017-07-03 05:00:00,1.0807099999999998
2017-07-03 06:00:00,1.07941
2017-07-03 13:00:00,1.0786099999999998
2017-07-04 05:00:00,1.0807099999999998
2017-07-04 13:00:00,1.07941
2017-07-05 05:00:00,1.07971
2017-07-05 13:00:00,1.08056
2017-07-06 05:00:00,1.0783099999999999
2017-07-06 13:00:00,1.07961
2017-07-07 05:00:00,1.07361
2017-07-10 05:00:00,1.07561
2017-07-11 05:00:00,1.0690099999999998
2017-07-11 13:00:00,1.0773599999999999
2017-07-11 16:00:00,1.0723099999999999
2017-07-11 17:00:00,1.0694599999999999
2017-07-11 18:00:00,1.06941
2017-07-12 05:00:00,1.07551
2017-07-12 08:00:00,1.0690099999999998
2017-07-13 05:00:00,1.08351
2017-07-13 13:00:00,1.0815599999999999
2017-07-13 16:00:00,1.0831099999999998
2017-07-14 05:00:00,1.0934099999999998
2017-07-14 10:00:00,1.0895599999999999
2017-07-17 05:00:00,1.08801
2017-07-17 07:00:00,1.0934099999999998
2017-07-17 13:00:00,1.08791
2017-07-18 05:00:00,1.07761
2017-07-18 16:00:00,1.0763099999999999
2017-07-18 19:00:00,1.0775599999999999
2017-07-19 05:00:00,1.0787099999999998
2017-07-19 07:00:00,1.07761
2017-07-20 05:00:00,1.0669099999999998
2017-07-20 14:00:00,1.0664099999999999
2017-07-20 16:00:00,1.06541
2017-07-21 05:00:00,1.0602099999999999
2017-07-21 06:00:00,1.0669099999999998
2017-07-24 05:00:00,1.06581
2017-07-24 07:00:00,1.06276
2017-07-24 08:00:00,1.06296
2017-07-25 05:00:00,1.0725099999999999
2017-07-25 16:00:00,1.07076
2017-07-26 05:00:00,1.0803099999999999
2017-07-26 06:00:00,1.0729099999999998
2017-07-26 10:00:00,1.0815599999999999
2017-07-27 05:00:00,1.0932099999999998
2017-07-27 11:00:00,1.09381
2017-07-28 05:00:00,1.1054099999999998
2017-07-28 17:00:00,1.10591
2017-07-31 05:00:00,1.1085099999999999
2017-07-31 06:00:00,1.1054099999999998
2017-07-31 20:00:00,1.1085099999999999
2017-08-01 05:00:00,1.1089099999999998
2017-08-01 08:00:00,1.1085099999999999
2017-08-02 05:00:00,1.11601
2017-08-03 05:00:00,1.10601
2017-08-03 12:00:00,1.1051099999999998
2017-08-03 14:00:00,1.10631
2017-08-04 05:00:00,1.1012099999999998
2017-08-07 05:00:00,1.1010099999999998
2017-08-07 06:00:00,1.10181
2017-08-07 13:00:00,1.0995099999999998
2017-08-08 05:00:00,1.0994099999999998
2017-08-09 05:00:00,1.08591
2017-08-09 08:00:00,1.08381
2017-08-10 05:00:00,1.08371
2017-08-10 06:00:00,1.0867099999999998
2017-08-10 07:00:00,1.08591
2017-08-11 05:00:00,1.08381
2017-08-11 16:00:00,1.0843099999999999
2017-08-14 05:00:00,1.09391
2017-08-15 05:00:00,1.0848099999999998
2017-08-15 13:00:00,1.0854099999999998
2017-08-16 05:00:00,1.0785099999999999
2017-08-16 17:00:00,1.08286
2017-08-17 05:00:00,1.07191
2017-08-17 16:00:00,1.0729099999999998
2017-08-18 05:00:00,1.07541
2017-08-18 06:00:00,1.07361
2017-08-21 05:00:00,1.07411
2017-08-22 05:00:00,1.07581
2017-08-22 06:00:00,1.07571
2017-08-23 05:00:00,1.0692099999999998
2017-08-23 10:00:00,1.0726099999999998
2017-08-23 13:00:00,1.06971
2017-08-24 05:00:00,1.07001
2017-08-24 06:00:00,1.0692099999999998
2017-08-24 13:00:00,1.0694599999999999
2017-08-25 05:00:00,1.0663099999999999
2017-08-28 05:00:00,1.0692099999999998
2017-08-28 11:00:00,1.0663099999999999
2017-08-28 13:00:00,1.06941
2017-08-29 05:00:00,1.0663099999999999
2017-08-29 13:00:00,1.05906
2017-08-30 05:00:00,1.0788099999999998
2017-08-30 13:00:00,1.0718599999999998
2017-08-30 16:00:00,1.0750099999999998
2017-08-30 17:00:00,1.0771099999999998
2017-08-30 18:00:00,1.0780599999999998
2017-08-31 05:00:00,1.0753099999999998
2017-08-31 06:00:00,1.0788099999999998
2017-08-31 13:00:00,1.07791
2017-08-31 18:00:00,1.0746099999999998
2017-09-01 05:00:00,1.08391
2017-09-01 07:00:00,1.0753099999999998
2017-09-04 05:00:00,1.08391
2017-09-04 06:00:00,1.07821
2017-09-05 05:00:00,1.0786099999999998
2017-09-06 05:00:00,1.08201
2017-09-06 07:00:00,1.0786099999999998
2017-09-07 05:00:00,1.0803099999999999
2017-09-07 06:00:00,1.0810099999999998
2017-09-08 05:00:00,1.08151
2017-09-08 13:00:00,1.08151
2017-09-11 05:00:00,1.0914099999999998
2017-09-11 13:00:00,1.0914099999999998
2017-09-12 05:00:00,1.1112099999999998
2017-09-12 09:00:00,1.1045599999999998
2017-09-12 10:00:00,1.1045599999999998
2017-09-13 05:00:00,1.1090099999999998
2017-09-13 14:00:00,1.1082599999999998
2017-09-14 05:00:00,1.1256099999999998
2017-09-14 13:00:00,1.1244599999999998
2017-09-14 14:00:00,1.1246099999999999
2017-09-14 15:00:00,1.1244599999999998
2017-09-14 20:00:00,1.1253099999999998
2017-09-15 00:00:00,1.1243599999999998
2017-09-15 01:00:00,1.1243599999999998
2017-09-15 02:00:00,1.1243599999999998
2017-09-15 05:00:00,1.13601
2017-09-15 13:00:00,1.13411
2017-09-15 14:00:00,1.1392099999999998
2017-09-18 05:00:00,1.1313099999999998
2017-09-18 07:00:00,1.13601
2017-09-19 05:00:00,1.13631
2017-09-20 05:00:00,1.14261
2017-09-20 06:00:00,1.13621
2017-09-20 13:00:00,1.13716
2017-09-21 05:00:00,1.1539099999999998
2017-09-22 05:00:00,1.1471099999999999
2017-09-22 06:00:00,1.1509099999999999
2017-09-22 13:00:00,1.14896
2017-09-25 05:00:00,1.1368099999999999
2017-09-25 06:00:00,1.1500599999999999
2017-09-26 05:00:00,1.13851
2017-09-27 05:00:00,1.13661
2017-09-27 16:00:00,1.13791
2017-09-28 05:00:00,1.1394099999999998
2017-09-29 05:00:00,1.1334099999999998
2017-09-29 08:00:00,1.13431
2017-09-29 18:00:00,1.1328099999999999
2017-10-02 05:00:00,1.1297099999999998
2017-10-02 11:00:00,1.12591
2017-10-03 05:00:00,1.1248099999999999
2017-10-03 07:00:00,1.13156
2017-10-03 13:00:00,1.1259599999999998
2017-10-04 05:00:00,1.12641
2017-10-05 05:00:00,1.1188099999999999
2017-10-06 05:00:00,1.11371
2017-10-06 12:00:00,1.1188099999999999
2017-10-09 05:00:00,1.1236099999999998
2017-10-09 09:00:00,1.12031
2017-10-10 05:00:00,1.1227099999999999
2017-10-11 05:00:00,1.12171
2017-10-12 05:00:00,1.13041
2017-10-13 05:00:00,1.13061
2017-10-13 09:00:00,1.12821
2017-10-16 05:00:00,1.12841
2017-10-16 07:00:00,1.13411
2017-10-16 12:00:00,1.12851
2017-10-17 05:00:00,1.12581
2017-10-17 13:00:00,1.1270099999999998
2017-10-18 05:00:00,1.13031
2017-10-19 05:00:00,1.1206099999999999
2017-10-20 05:00:00,1.1351099999999998
2017-10-20 06:00:00,1.1211099999999998
2017-10-20 10:00:00,1.1285599999999998
2017-10-20 19:00:00,1.1351099999999998
2017-10-23 05:00:00,1.13831
2017-10-23 06:00:00,1.1351099999999998
2017-10-24 05:00:00,1.1348099999999999
2017-10-24 06:00:00,1.13831
2017-10-25 05:00:00,1.1471099999999999
2017-10-26 05:00:00,1.14841
2017-10-26 12:00:00,1.1488099999999999
2017-10-27 05:00:00,1.14661
2017-10-27 14:00:00,1.14516
2017-10-30 05:00:00,1.1497099999999998
2017-10-30 17:00:00,1.15041
2017-10-31 05:00:00,1.1618099999999998
2017-10-31 13:00:00,1.1591099999999999
2017-10-31 18:00:00,1.16116
2017-11-01 05:00:00,1.1658099999999998
2017-11-02 05:00:00,1.1415099999999998
2017-11-02 07:00:00,1.1618099999999998
2017-11-02 15:00:00,1.1405599999999998
2017-11-03 05:00:00,1.14421
2017-11-03 07:00:00,1.1416099999999998
2017-11-06 06:00:00,1.1509099999999999
2017-11-06 17:00:00,1.14976
2017-11-07 04:00:00,1.15156
2017-11-07 06:00:00,1.15281
2017-11-07 11:00:00,1.1493099999999998
2017-11-08 06:00:00,1.14801
2017-11-08 12:00:00,1.14546
2017-11-09 06:00:00,1.1435099999999998
2017-11-10 06:00:00,1.1509099999999999
2017-11-13 06:00:00,1.14261
2017-11-14 06:00:00,1.1396099999999998
2017-11-14 12:00:00,1.13966
2017-11-15 06:00:00,1.13861
2017-11-15 08:00:00,1.1396099999999998
2017-11-16 06:00:00,1.1471099999999999
2017-11-16 08:00:00,1.14146
2017-11-16 11:00:00,1.14631
2017-11-16 12:00:00,1.1467599999999998
2017-11-16 17:00:00,1.1470099999999999
2017-11-17 06:00:00,1.1437099999999998
2017-11-20 06:00:00,1.1519099999999998
2017-11-20 07:00:00,1.14661
2017-11-20 19:00:00,1.1517099999999998
2017-11-21 06:00:00,1.15021
2017-11-22 06:00:00,1.1450099999999999
2017-11-23 06:00:00,1.1450099999999999
2017-11-23 15:00:00,1.14221
2017-11-24 06:00:00,1.1433099999999998
2017-11-27 06:00:00,1.14411
2017-11-27 07:00:00,1.14306
2017-11-28 06:00:00,1.15401
2017-11-28 18:00:00,1.1456099999999998
2017-11-29 06:00:00,1.15841
2017-11-29 15:00:00,1.15546
2017-11-30 06:00:00,1.16871
2017-12-01 06:00:00,1.1519099999999998
2017-12-01 07:00:00,1.1685599999999998
2017-12-04 06:00:00,1.1656099999999998
2017-12-04 08:00:00,1.1585599999999998
2017-12-04 14:00:00,1.16811
2017-12-04 15:00:00,1.1672099999999999
2017-12-05 06:00:00,1.16631
2017-12-06 06:00:00,1.16241
2017-12-06 08:00:00,1.16241
2017-12-07 06:00:00,1.1772099999999999
2017-12-07 18:00:00,1.1727599999999998
2017-12-08 06:00:00,1.16811
2017-12-08 14:00:00,1.16811
2017-12-11 06:00:00,1.16071
2017-12-12 06:00:00,1.1595099999999998
2017-12-12 08:00:00,1.16186
2017-12-13 06:00:00,1.1591099999999999
2017-12-13 13:00:00,1.1595099999999998
2017-12-13 15:00:00,1.1615099999999998
2017-12-14 06:00:00,1.1654099999999998
2017-12-15 06:00:00,1.1578099999999998
2017-12-15 07:00:00,1.1658099999999998
2017-12-15 14:00:00,1.1586599999999998
2017-12-15 15:00:00,1.1608099999999997
2017-12-18 06:00:00,1.1574099999999998
2017-12-18 12:00:00,1.1587099999999997
2017-12-19 06:00:00,1.1572099999999998
2017-12-19 07:00:00,1.1573599999999997
2017-12-19 10:00:00,1.1543599999999998
2017-12-19 11:00:00,1.1546599999999998
2017-12-20 06:00:00,1.1598099999999998
2017-12-20 07:00:00,1.1572099999999998
2017-12-20 12:00:00,1.1609099999999999
2017-12-20 18:00:00,1.1594599999999997
2017-12-21 06:00:00,1.1612099999999999
2017-12-22 06:00:00,1.1630099999999999
2017-12-26 06:00:00,1.1619099999999998
2017-12-27 06:00:00,1.1594099999999998
2017-12-27 16:00:00,1.1608099999999997
2017-12-27 17:00:00,1.1608099999999997
2017-12-28 06:00:00,1.1547099999999997
2017-12-29 06:00:00,1.1561099999999997
2017-12-29 07:00:00,1.1557599999999997
2018-01-02 02:00:00,1.1560599999999999
2018-01-02 06:00:00,1.1609099999999999
2018-01-03 06:00:00,1.1601099999999998
2018-01-04 06:00:00,1.1610099999999999
2018-01-05 06:00:00,1.1633099999999998
2018-01-08 06:00:00,1.1663099999999997
2018-01-08 07:00:00,1.1623099999999997
2018-01-08 08:00:00,1.1631599999999997
2018-01-09 06:00:00,1.1708099999999997
2018-01-09 14:00:00,1.1690099999999999
2018-01-10 06:00:00,1.1613099999999998
2018-01-11 06:00:00,1.1626599999999998
2018-01-12 06:00:00,1.1706099999999997
2018-01-12 08:00:00,1.1623099999999997
2018-01-12 13:00:00,1.1654099999999998
2018-01-12 15:00:00,1.1680099999999998
2018-01-12 18:00:00,1.1694599999999997
2018-01-15 06:00:00,1.1706099999999997
2018-01-16 06:00:00,1.1634099999999998
2018-01-17 06:00:00,1.1744099999999997
2018-01-18 06:00:00,1.1719099999999998
2018-01-19 06:00:00,1.1750099999999999
2018-01-22 00:00:00,1.1762599999999999
2018-01-22 06:00:00,1.1859099999999998
2018-01-22 08:00:00,1.1750099999999999
2018-01-23 06:00:00,1.1818099999999998
2018-01-23 07:00:00,1.1845599999999998
2018-01-24 06:00:00,1.1844099999999997
2018-01-24 07:00:00,1.1804599999999998
2018-01-25 06:00:00,1.1717099999999998
2018-01-25 19:00:00,1.1726099999999997
2018-01-26 06:00:00,1.1650099999999999
2018-01-29 06:00:00,1.1597099999999998
2018-01-29 07:00:00,1.1650099999999999
2018-01-29 11:00:00,1.1595599999999997
2018-01-29 14:00:00,1.1567099999999997
2018-01-29 17:00:00,1.1583599999999998
2018-01-30 06:00:00,1.1625099999999997
2018-01-30 14:00:00,1.1578099999999998
2018-01-31 06:00:00,1.1610099999999999
2018-01-31 07:00:00,1.1644099999999997
2018-01-31 19:00:00,1.1615599999999997
2018-02-01 06:00:00,1.1642099999999997
2018-02-01 15:00:00,1.1620599999999999
2018-02-02 06:00:00,1.1571099999999999
2018-02-02 09:00:00,1.1604599999999998
2018-02-05 06:00:00,1.1507099999999997
2018-02-05 18:00:00,1.1546099999999997
2018-02-06 06:00:00,1.1477099999999998
2018-02-06 14:00:00,1.1426099999999997
2018-02-06 17:00:00,1.1507099999999997
2018-02-07 06:00:00,1.1497099999999998
2018-02-07 14:00:00,1.1493599999999997
2018-02-08 06:00:00,1.1456099999999998
2018-02-08 14:00:00,1.1610099999999999
2018-02-08 17:00:00,1.1444099999999997
2018-02-08 19:00:00,1.1480599999999999
2018-02-09 06:00:00,1.1377099999999998
2018-02-09 12:00:00,1.1358099999999998
2018-02-09 13:00:00,1.1383599999999998
2018-02-09 17:00:00,1.1354599999999997
2018-02-09 18:00:00,1.1360099999999997
2018-02-12 06:00:00,1.1398099999999998
2018-02-12 08:00:00,1.1412099999999998
2018-02-12 14:00:00,1.1400099999999997
2018-02-12 21:00:00,1.1413099999999998
2018-02-13 06:00:00,1.1383099999999997
2018-02-13 10:00:00,1.1426099999999997
2018-02-13 14:00:00,1.1387099999999999
2018-02-13 20:00:00,1.1406099999999997
2018-02-13 21:00:00,1.14071
2018-02-14 06:00:00,1.1435099999999998
2018-02-14 14:00:00,1.1382099999999997
2018-02-15 06:00:00,1.1421099999999997
2018-02-15 17:00:00,1.1405099999999997
2018-02-16 06:00:00,1.1424099999999997
2018-02-16 07:00:00,1.1417099999999998
2018-02-19 06:00:00,1.1424099999999997
2018-02-19 14:00:00,1.1435099999999998
2018-02-20 06:00:00,1.1509099999999999
2018-02-20 09:00:00,1.1495099999999998
2018-02-21 06:00:00,1.1499099999999998
2018-02-21 19:00:00,1.1497099999999998
2018-02-22 06:00:00,1.1446099999999997
2018-02-22 12:00:00,1.1440099999999997
2018-02-22 14:00:00,1.1449099999999999
2018-02-23 06:00:00,1.1504099999999997
2018-02-23 11:00:00,1.1457099999999998
2018-02-26 06:00:00,1.1520099999999998
2018-02-26 14:00:00,1.1529099999999999
2018-02-27 06:00:00,1.1489099999999999
2018-02-27 07:00:00,1.1514099999999998
2018-02-28 06:00:00,1.1420099999999997
2018-02-28 19:00:00,1.1426099999999997
2018-03-01 06:00:00,1.1405099999999997
2018-03-01 10:00:00,1.1412099999999998
2018-03-02 06:00:00,1.1345099999999997
2018-03-02 11:00:00,1.1311099999999998
2018-03-05 06:00:00,1.1433099999999998
2018-03-05 09:00:00,1.1345099999999997
2018-03-05 15:00:00,1.1415099999999998
2018-03-06 06:00:00,1.1490099999999999
2018-03-06 14:00:00,1.1464099999999997
2018-03-06 15:00:00,1.1477099999999998
2018-03-07 06:00:00,1.1539099999999998
2018-03-07 13:00:00,1.1468099999999999
2018-03-07 14:00:00,1.1490099999999999
2018-03-07 15:00:00,1.1506099999999997
2018-03-08 06:00:00,1.1558099999999998
2018-03-08 11:00:00,1.1558099999999998
2018-03-08 12:00:00,1.1558099999999998
2018-03-08 15:00:00,1.1544099999999997
2018-03-08 19:00:00,1.15481
2018-03-09 06:00:00,1.1598099999999998
2018-03-09 14:00:00,1.1598099999999998
2018-03-09 19:00:00,1.1602099999999997
2018-03-12 05:00:00,1.1593099999999998
2018-03-12 07:00:00,1.1593099999999998
2018-03-12 13:00:00,1.1593099999999998
2018-03-12 14:00:00,1.1593099999999998
2018-03-13 05:00:00,1.1622099999999997
2018-03-13 11:00:00,1.1595099999999996
2018-03-13 13:00:00,1.1625099999999997
2018-03-13 14:00:00,1.1629099999999997
2018-03-14 05:00:00,1.1628099999999997
2018-03-14 13:00:00,1.1670099999999997
2018-03-14 14:00:00,1.1658099999999996
2018-03-15 05:00:00,1.1690099999999997
2018-03-15 13:00:00,1.1653099999999996
2018-03-16 05:00:00,1.1710099999999997
2018-03-16 10:00:00,1.1682099999999997
2018-03-19 05:00:00,1.1773099999999996
2018-03-19 07:00:00,1.1716099999999996
2018-03-19 12:00:00,1.1828099999999997
2018-03-20 05:00:00,1.1809099999999997
2018-03-20 09:00:00,1.1785099999999997
2018-03-21 05:00:00,1.1864099999999997
2018-03-22 05:00:00,1.1847099999999997
2018-03-23 05:00:00,1.1824099999999997
2018-03-26 05:00:00,1.1875099999999996
2018-03-27 05:00:00,1.1840099999999998
2018-03-27 06:00:00,1.1875099999999996
2018-03-27 13:00:00,1.1837099999999996
2018-03-27 14:00:00,1.1849099999999997
2018-03-28 05:00:00,1.1913099999999996
2018-03-28 09:00:00,1.1906099999999997
2018-03-28 13:00:00,1.1900099999999996
2018-03-29 05:00:00,1.1854099999999996
2018-03-29 14:00:00,1.1882099999999998
2018-04-02 05:00:00,1.1848099999999997
2018-04-03 05:00:00,1.1922099999999998
2018-04-03 09:00:00,1.1882099999999998
2018-04-03 15:00:00,1.1918099999999996
2018-04-04 05:00:00,1.1962099999999998
2018-04-04 19:00:00,1.1962099999999998
2018-04-05 05:00:00,1.1934099999999996
2018-04-06 05:00:00,1.1948099999999997
2018-04-09 05:00:00,1.1962099999999998
2018-04-09 13:00:00,1.1995099999999996
2018-04-10 05:00:00,1.2016099999999996
2018-04-10 18:00:00,1.2008099999999997
2018-04-10 20:00:00,1.2016099999999996
2018-04-11 05:00:00,1.2026099999999997
2018-04-12 05:00:00,1.2136099999999996
2018-04-12 12:00:00,1.2132099999999997
2018-04-12 14:00:00,1.2160099999999996
2018-04-13 03:00:00,1.2151099999999997
2018-04-13 05:00:00,1.2147099999999997
2018-04-13 07:00:00,1.2186099999999997
2018-04-16 05:00:00,1.2204099999999998
2018-04-16 06:00:00,1.2175099999999996
2018-04-16 08:00:00,1.2147099999999997
2018-04-17 05:00:00,1.2252099999999997
2018-04-17 09:00:00,1.2229099999999997
2018-04-17 11:00:00,1.2232099999999997
2018-04-17 12:00:00,1.2247099999999997
2018-04-17 14:00:00,1.2281099999999996
2018-04-18 05:00:00,1.2205099999999998
2018-04-18 08:00:00,1.2230099999999997
2018-04-18 10:00:00,1.2203099999999998
2018-04-19 05:00:00,1.2137099999999996
2018-04-19 09:00:00,1.2205099999999998
2018-04-20 05:00:00,1.2123099999999998
2018-04-20 09:00:00,1.2130099999999997
2018-04-20 11:00:00,1.2116099999999996
2018-04-20 13:00:00,1.2126099999999997
2018-04-23 05:00:00,1.2091099999999997
2018-04-23 06:00:00,1.2132099999999997
2018-04-23 10:00:00,1.2080099999999996
2018-04-23 13:00:00,1.2075099999999996
2018-04-24 05:00:00,1.2128099999999997
2018-04-25 05:00:00,1.2154099999999997
2018-04-25 13:00:00,1.2170099999999997
2018-04-26 05:00:00,1.2232099999999997
2018-04-27 05:00:00,1.2081099999999996
2018-04-30 05:00:00,1.2080099999999996
2018-04-30 18:00:00,1.2078099999999996
2018-05-01 05:00:00,1.2030099999999997
2018-05-01 06:00:00,1.2091099999999997
2018-05-01 14:00:00,1.2016099999999996
2018-05-02 05:00:00,1.2023099999999998
2018-05-03 05:00:00,1.1998099999999996
2018-05-04 05:00:00,1.2012099999999997
2018-05-04 08:00:00,1.1998099999999996
2018-05-07 05:00:00,1.2061099999999996
2018-05-08 05:00:00,1.2028099999999997
2018-05-08 07:00:00,1.2061099999999996
2018-05-09 05:00:00,1.2087099999999997
2018-05-10 05:00:00,1.2016099999999996
2018-05-10 11:00:00,1.2008099999999997
2018-05-11 05:00:00,1.2026099999999997
2018-05-11 07:00:00,1.2038099999999996
2018-05-11 14:00:00,1.2005099999999997
2018-05-14 05:00:00,1.2033099999999997
2018-05-14 06:00:00,1.2019099999999996
2018-05-14 07:00:00,1.2017099999999996
2018-05-14 14:00:00,1.2029099999999997
2018-05-15 05:00:00,1.2005099999999997
2018-05-15 08:00:00,1.2033099999999997
2018-05-15 19:00:00,1.2001099999999996
2018-05-16 05:00:00,1.1968099999999997
2018-05-16 09:00:00,1.1948099999999997
2018-05-16 13:00:00,1.1954099999999996
2018-05-17 00:00:00,1.2023099999999998
2018-05-17 02:00:00,1.2027099999999997
2018-05-17 04:00:00,1.2014099999999996
2018-05-17 05:00:00,1.1993099999999997
2018-05-18 05:00:00,1.1922099999999998
2018-05-18 06:00:00,1.1982099999999998
2018-05-18 07:00:00,1.1981099999999998
2018-05-18 15:00:00,1.1927099999999997
2018-05-21 05:00:00,1.1853099999999996
2018-05-21 13:00:00,1.1880099999999996
2018-05-21 14:00:00,1.1873099999999996
2018-05-21 15:00:00,1.1854099999999996
2018-05-22 05:00:00,1.1804099999999997
2018-05-22 07:00:00,1.1871099999999997
2018-05-22 14:00:00,1.1834099999999996
2018-05-22 15:00:00,1.1808099999999997
2018-05-23 05:00:00,1.1766099999999997
2018-05-23 11:00:00,1.1653099999999996
2018-05-23 12:00:00,1.1677099999999996
2018-05-23 13:00:00,1.1682099999999997
2018-05-24 05:00:00,1.1743099999999997
2018-05-24 06:00:00,1.1760099999999998
2018-05-24 08:00:00,1.1766099999999997
2018-05-24 14:00:00,1.1728099999999997
2018-05-24 15:00:00,1.1732099999999996
2018-05-24 16:00:00,1.1748099999999997
2018-05-25 05:00:00,1.1678099999999996
2018-05-25 13:00:00,1.1715099999999996
2018-05-25 15:00:00,1.1683099999999997
2018-05-28 05:00:00,1.1678099999999996
2018-05-28 09:00:00,1.1686099999999997
2018-05-29 05:00:00,1.1561099999999997
2018-05-29 13:00:00,1.1688099999999997
2018-05-30 05:00:00,1.1610099999999997
2018-05-30 12:00:00,1.1630099999999997
2018-05-30 15:00:00,1.1623099999999997
2018-05-31 05:00:00,1.1567099999999997
2018-05-31 07:00:00,1.1637099999999996
2018-05-31 15:00:00,1.1547099999999997
2018-05-31 16:00:00,1.1544099999999997
2018-06-01 05:00:00,1.1672099999999996
2018-06-01 08:00:00,1.1588099999999997
2018-06-01 15:00:00,1.1655099999999996
2018-06-01 20:00:00,1.1665099999999997
2018-06-04 05:00:00,1.1638099999999996
2018-06-04 08:00:00,1.1657099999999996
2018-06-05 05:00:00,1.1665099999999997
2018-06-05 10:00:00,1.1662099999999997
2018-06-06 05:00:00,1.1698099999999996
2018-06-06 14:00:00,1.1709099999999997
2018-06-07 05:00:00,1.1640099999999998
2018-06-07 08:00:00,1.1701099999999998
2018-06-07 09:00:00,1.1683099999999997
2018-06-07 11:00:00,1.1639099999999998
2018-06-07 12:00:00,1.1623099999999997
2018-06-08 05:00:00,1.1693099999999996
2018-06-11 05:00:00,1.1659099999999998
2018-06-12 05:00:00,1.1668099999999997
2018-06-12 11:00:00,1.1662099999999997
2018-06-13 05:00:00,1.1656099999999996
2018-06-13 19:00:00,1.1664099999999995
2018-06-14 05:00:00,1.1716099999999996
2018-06-15 05:00:00,1.1727099999999997
2018-06-18 05:00:00,1.1655099999999996
2018-06-19 05:00:00,1.1583099999999995
2018-06-19 11:00:00,1.1582099999999995
2018-06-20 05:00:00,1.1616099999999996
2018-06-20 08:00:00,1.1596099999999996
2018-06-21 05:00:00,1.1619099999999996
2018-06-21 11:00:00,1.1594099999999996
2018-06-22 05:00:00,1.1580099999999995
2018-06-25 05:00:00,1.1576099999999996
2018-06-25 08:00:00,1.1564099999999995
2018-06-25 09:00:00,1.1563099999999995
2018-06-25 19:00:00,1.1592099999999996
2018-06-26 05:00:00,1.1600099999999995
2018-06-27 05:00:00,1.1573099999999996
2018-06-27 19:00:00,1.1562099999999995
2018-06-28 05:00:00,1.1538099999999996
2018-06-29 05:00:00,1.1564099999999995
2018-06-29 08:00:00,1.1581099999999995
2018-06-29 14:00:00,1.1579099999999996
2018-07-02 05:00:00,1.1546099999999997
2018-07-03 05:00:00,1.1561099999999995
2018-07-03 12:00:00,1.1587099999999997
2018-07-03 14:00:00,1.1555099999999996
2018-07-04 05:00:00,1.1561099999999995
2018-07-05 05:00:00,1.1626099999999997
2018-07-06 05:00:00,1.1627099999999997
2018-07-09 05:00:00,1.1640099999999995
2018-07-09 14:00:00,1.1639099999999996
2018-07-10 05:00:00,1.1658099999999996
2018-07-11 05:00:00,1.1653099999999996
2018-07-11 08:00:00,1.1657099999999996
2018-07-12 05:00:00,1.1737099999999996
2018-07-13 05:00:00,1.1752099999999996
2018-07-13 06:00:00,1.1703099999999995
2018-07-16 05:00:00,1.1683099999999995
2018-07-16 13:00:00,1.1730099999999997
2018-07-17 05:00:00,1.1610099999999997
2018-07-17 10:00:00,1.1660099999999995
2018-07-18 05:00:00,1.1549099999999997
2018-07-18 06:00:00,1.1616099999999996
2018-07-19 05:00:00,1.1498099999999996
2018-07-19 08:00:00,1.1539099999999995
2018-07-19 17:00:00,1.1502099999999995
2018-07-20 05:00:00,1.1533099999999996
2018-07-20 07:00:00,1.1502099999999995
2018-07-20 13:00:00,1.1529099999999997
2018-07-20 15:00:00,1.1541099999999995
2018-07-23 05:00:00,1.1509099999999997
2018-07-23 08:00:00,1.1527099999999997
2018-07-24 05:00:00,1.1561099999999995
2018-07-25 05:00:00,1.1578099999999996
2018-07-25 08:00:00,1.1561099999999995
2018-07-25 09:00:00,1.1540099999999995
2018-07-26 05:00:00,1.1543099999999995
2018-07-27 05:00:00,1.1538099999999996
2018-07-30 05:00:00,1.1480099999999995
2018-07-30 15:00:00,1.1496099999999996
2018-07-31 05:00:00,1.1498099999999996
2018-07-31 06:00:00,1.1480099999999995
2018-07-31 14:00:00,1.1490099999999996
2018-08-01 05:00:00,1.1523099999999995
2018-08-01 11:00:00,1.1523099999999995
2018-08-02 05:00:00,1.1470099999999996
2018-08-02 13:00:00,1.1484099999999997
2018-08-03 05:00:00,1.1437099999999996
2018-08-03 15:00:00,1.1433099999999996
2018-08-03 16:00:00,1.1430099999999996
2018-08-06 05:00:00,1.1403099999999997
2018-08-07 05:00:00,1.1385099999999997
2018-08-07 08:00:00,1.1409099999999996
2018-08-08 05:00:00,1.1310099999999996
2018-08-08 14:00:00,1.1324099999999997
2018-08-09 05:00:00,1.1269099999999996
2018-08-09 06:00:00,1.1304099999999997
2018-08-09 07:00:00,1.1304099999999997
2018-08-09 08:00:00,1.1310099999999996
2018-08-10 05:00:00,1.1208099999999996
2018-08-13 05:00:00,1.1182099999999997
2018-08-13 08:00:00,1.1208099999999996
2018-08-14 05:00:00,1.1153099999999996
2018-08-14 12:00:00,1.1156099999999995
2018-08-15 05:00:00,1.1114099999999996
2018-08-16 05:00:00,1.1177099999999995
2018-08-17 05:00:00,1.1200099999999995
2018-08-20 05:00:00,1.1197099999999995
2018-08-21 05:00:00,1.1227099999999997
2018-08-21 13:00:00,1.1197099999999995
2018-08-21 18:00:00,1.1227099999999997
2018-08-22 05:00:00,1.1214099999999996
2018-08-22 07:00:00,1.1215099999999996
2018-08-23 05:00:00,1.1156099999999995
2018-08-23 11:00:00,1.1188099999999996
2018-08-23 12:00:00,1.1173099999999996
2018-08-24 05:00:00,1.1147099999999996
2018-08-24 07:00:00,1.1159099999999995
2018-08-24 08:00:00,1.1153099999999996
2018-08-27 05:00:00,1.1148099999999996
2018-08-28 05:00:00,1.1088099999999996
2018-08-28 06:00:00,1.1136099999999995
2018-08-28 08:00:00,1.1131099999999996
2018-08-29 05:00:00,1.1168099999999996
2018-08-29 07:00:00,1.1088099999999996
2018-08-30 05:00:00,1.1139099999999995
2018-08-31 05:00:00,1.1084099999999997
2018-09-03 05:00:00,1.1084099999999997
2018-09-04 05:00:00,1.1053099999999996
2018-09-05 05:00:00,1.1063099999999997
2018-09-05 14:00:00,1.1125099999999997
2018-09-06 05:00:00,1.1018099999999995
2018-09-06 10:00:00,1.1072099999999996
2018-09-06 12:00:00,1.1073099999999996
2018-09-07 05:00:00,1.1049099999999996
2018-09-07 15:00:00,1.1090099999999996
2018-09-10 05:00:00,1.1228099999999996
2018-09-10 08:00:00,1.1090099999999996
2018-09-10 09:00:00,1.1123099999999997
2018-09-10 10:00:00,1.1108099999999996
2018-09-10 11:00:00,1.1123099999999997
2018-09-10 13:00:00,1.1200099999999995
2018-09-11 04:00:00,1.1200099999999995
2018-09-11 05:00:00,1.1189099999999996
2018-09-11 08:00:00,1.1189099999999996
2018-09-11 11:00:00,1.1205099999999997
2018-09-12 05:00:00,1.1192099999999996
2018-09-12 10:00:00,1.1189099999999996
2018-09-13 05:00:00,1.1192099999999996
2018-09-14 05:00:00,1.1164099999999997
2018-09-14 13:00:00,1.1188099999999996
2018-09-17 05:00:00,1.1197099999999998
2018-09-17 16:00:00,1.1193099999999998
2018-09-17 17:00:00,1.1194099999999998
2018-09-17 18:00:00,1.1196099999999998
2018-09-17 19:00:00,1.1190099999999996
2018-09-18 05:00:00,1.1210099999999996
2018-09-18 14:00:00,1.1185099999999997
2018-09-19 05:00:00,1.1245099999999997
2018-09-19 13:00:00,1.1276099999999998
2018-09-20 05:00:00,1.1265099999999997
2018-09-21 05:00:00,1.1071099999999996
2018-09-21 12:00:00,1.1107099999999996
2018-09-21 18:00:00,1.1076099999999998
2018-09-24 05:00:00,1.1171099999999996
2018-09-24 06:00:00,1.1081099999999997
2018-09-24 14:00:00,1.1151099999999996
2018-09-25 05:00:00,1.1259099999999997
2018-09-26 05:00:00,1.1258099999999998
2018-09-26 06:00:00,1.1244099999999997
2018-09-27 05:00:00,1.1332099999999996
2018-09-28 05:00:00,1.1307099999999997
2018-09-28 07:00:00,1.1313099999999996
2018-10-01 05:00:00,1.1369099999999996
2018-10-01 10:00:00,1.1359099999999998
2018-10-01 13:00:00,1.1401099999999997
2018-10-02 05:00:00,1.1321099999999997
2018-10-02 07:00:00,1.1339099999999998
2018-10-02 20:00:00,1.1310099999999996
2018-10-03 00:00:00,1.1310099999999996
2018-10-03 05:00:00,1.1383099999999997
2018-10-03 13:00:00,1.1377099999999998
2018-10-03 15:00:00,1.1403099999999997
2018-10-03 20:00:00,1.1374099999999996
2018-10-04 05:00:00,1.1456099999999998
2018-10-04 15:00:00,1.1453099999999996
2018-10-04 17:00:00,1.1455099999999998
2018-10-05 05:00:00,1.1541099999999997
2018-10-05 14:00:00,1.1512099999999996
2018-10-08 05:00:00,1.1540099999999998
2018-10-08 06:00:00,1.1526099999999997
2018-10-08 15:00:00,1.1514099999999996
2018-10-09 05:00:00,1.1586099999999997
2018-10-09 14:00:00,1.1516099999999998
2018-10-10 05:00:00,1.1639099999999998
2018-10-10 14:00:00,1.1609099999999997
2018-10-10 19:00:00,1.1618099999999998
2018-10-10 20:00:00,1.1610099999999997
2018-10-11 02:00:00,1.1592099999999996
2018-10-11 05:00:00,1.1636099999999996
2018-10-11 13:00:00,1.1609099999999997
2018-10-11 15:00:00,1.1614099999999996
2018-10-12 05:00:00,1.1587099999999997
2018-10-12 08:00:00,1.1636099999999996
2018-10-12 13:00:00,1.1620099999999998
2018-10-12 14:00:00,1.1617099999999998
2018-10-15 00:00:00,1.1542099999999997
2018-10-15 05:00:00,1.1536099999999998
2018-10-15 13:00:00,1.1527099999999997
2018-10-15 19:00:00,1.1533099999999996
2018-10-16 05:00:00,1.1605099999999997
2018-10-16 06:00:00,1.1567099999999997
2018-10-17 05:00:00,1.1604099999999997
2018-10-17 07:00:00,1.1605099999999997
2018-10-17 08:00:00,1.1569099999999997
2018-10-18 05:00:00,1.1522099999999997
2018-10-18 10:00:00,1.1574099999999996
2018-10-19 05:00:00,1.1578099999999998
2018-10-19 08:00:00,1.1535099999999996
2018-10-22 05:00:00,1.1471099999999996
2018-10-22 12:00:00,1.1505099999999997
2018-10-23 05:00:00,1.1481099999999997
2018-10-23 09:00:00,1.1471099999999996
2018-10-23 13:00:00,1.1512099999999996
2018-10-24 05:00:00,1.1399099999999998
2018-10-24 10:00:00,1.1424099999999997
2018-10-25 05:00:00,1.1381099999999997
2018-10-25 06:00:00,1.1423099999999997
2018-10-26 05:00:00,1.1347099999999997
2018-10-29 05:00:00,1.1375099999999998
2018-10-30 05:00:00,1.1323099999999997
2018-10-30 19:00:00,1.1326099999999997
2018-10-31 05:00:00,1.1432099999999996
2018-10-31 09:00:00,1.1358099999999998
2018-10-31 18:00:00,1.1426099999999997
2018-11-01 00:00:00,1.1465099999999997
2018-11-01 05:00:00,1.1600099999999998
2018-11-01 11:00:00,1.1502099999999997
2018-11-02 05:00:00,1.1583099999999997
2018-11-02 07:00:00,1.1596099999999996
2018-11-02 13:00:00,1.1555099999999996
2018-11-05 06:00:00,1.1662099999999997
2018-11-06 06:00:00,1.1693099999999996
2018-11-06 15:00:00,1.1681099999999998
2018-11-07 06:00:00,1.1713099999999996
2018-11-07 07:00:00,1.1693099999999996
2018-11-08 06:00:00,1.1703099999999997
2018-11-08 07:00:00,1.1713099999999996
2018-11-09 06:00:00,1.1609099999999997
2018-11-12 06:00:00,1.1543099999999997
2018-11-12 14:00:00,1.1609099999999997
2018-11-13 06:00:00,1.1627099999999997
2018-11-13 15:00:00,1.1675099999999996
2018-11-14 06:00:00,1.1659099999999998
2018-11-15 06:00:00,1.1434099999999996
2018-11-15 10:00:00,1.1409099999999996
2018-11-15 11:00:00,1.1437099999999998
2018-11-16 06:00:00,1.1396099999999998
2018-11-16 07:00:00,1.1441099999999997
2018-11-16 09:00:00,1.1439099999999998
2018-11-19 06:00:00,1.1342099999999997
2018-11-20 06:00:00,1.1289099999999996
2018-11-21 06:00:00,1.1278099999999998
2018-11-21 08:00:00,1.1303099999999997
2018-11-22 06:00:00,1.1278099999999998
2018-11-22 13:00:00,1.1381099999999997
2018-11-23 06:00:00,1.1351099999999996
2018-11-26 06:00:00,1.1369099999999996
2018-11-27 06:00:00,1.1288099999999996
2018-11-27 08:00:00,1.1309099999999996
2018-11-27 13:00:00,1.1321099999999997
2018-11-27 14:00:00,1.1309099999999996
2018-11-28 06:00:00,1.1318099999999998
2018-11-29 06:00:00,1.1310099999999996
2018-11-29 15:00:00,1.1310099999999996
2018-11-30 06:00:00,1.1314099999999998
2018-11-30 09:00:00,1.1297099999999998
2018-11-30 15:00:00,1.1324099999999997
2018-11-30 19:00:00,1.1314099999999998
2018-12-03 06:00:00,1.1286099999999997
2018-12-04 06:00:00,1.1259099999999997
2018-12-04 08:00:00,1.1284099999999997
2018-12-04 14:00:00,1.1281099999999997
2018-12-04 20:00:00,1.1262099999999997
2018-12-05 06:00:00,1.1283099999999997
2018-12-06 06:00:00,1.1264099999999997
2018-12-07 06:00:00,1.1193099999999998
2018-12-10 06:00:00,1.1007099999999996
2018-12-10 15:00:00,1.1007099999999996
2018-12-10 16:00:00,1.1007099999999996
2018-12-10 21:00:00,1.1007099999999996
2018-12-11 06:00:00,1.1017099999999997
2018-12-11 08:00:00,1.1021099999999997
2018-12-11 14:00:00,1.1021099999999997
2018-12-12 06:00:00,1.1125099999999997
2018-12-12 14:00:00,1.1135099999999998
2018-12-13 06:00:00,1.1158099999999997
2018-12-13 12:00:00,1.1144099999999997
2018-12-14 06:00:00,1.1135099999999998
2018-12-14 15:00:00,1.1104099999999997
2018-12-14 16:00:00,1.1104099999999997
2018-12-17 06:00:00,1.1118099999999997
2018-12-17 15:00:00,1.1110099999999998
2018-12-18 06:00:00,1.1128099999999999
2018-12-18 11:00:00,1.1152099999999998
2018-12-18 16:00:00,1.1141099999999997
2018-12-19 06:00:00,1.1134099999999998
2018-12-19 09:00:00,1.1140099999999997
2018-12-20 06:00:00,1.1092099999999998
2018-12-20 13:00:00,1.1120099999999997
2018-12-21 06:00:00,1.1158099999999997
2018-12-24 06:00:00,1.1153099999999998
2018-12-24 10:00:00,1.1158099999999997
2018-12-26 06:00:00,1.1173099999999998
2018-12-27 06:00:00,1.1061099999999997
2018-12-27 11:00:00,1.1102099999999997
2018-12-27 14:00:00,1.1071099999999998
2018-12-28 06:00:00,1.1105099999999997
2018-12-31 06:00:00,1.1122099999999997
2018-12-31 12:00:00,1.1177099999999998
2018-12-31 14:00:00,1.1201099999999997
2019-01-02 06:00:00,1.1085099999999997
2019-01-03 06:00:00,1.1082099999999997
2019-01-04 06:00:00,1.1163099999999997
2019-01-04 13:00:00,1.1105099999999997
2019-01-04 14:00:00,1.1106099999999997
2019-01-04 15:00:00,1.1101099999999997
2019-01-07 06:00:00,1.1107099999999999
2019-01-07 08:00:00,1.1138099999999997
2019-01-07 14:00:00,1.1110099999999998
2019-01-08 06:00:00,1.1077099999999998
2019-01-08 09:00:00,1.1132099999999998
2019-01-08 13:00:00,1.1102099999999997
2019-01-08 14:00:00,1.1116099999999998
2019-01-09 06:00:00,1.1077099999999998
2019-01-09 14:00:00,1.1043099999999997
2019-01-10 06:00:00,1.1144099999999997
2019-01-10 15:00:00,1.1095099999999998
2019-01-10 17:00:00,1.1123099999999997
2019-01-11 06:00:00,1.1248099999999999
2019-01-14 06:00:00,1.1228099999999999
2019-01-14 10:00:00,1.1237099999999998
2019-01-15 06:00:00,1.1283099999999997
2019-01-15 14:00:00,1.1259099999999997
2019-01-16 06:00:00,1.1353099999999998
2019-01-16 14:00:00,1.1325099999999997
2019-01-16 16:00:00,1.1341099999999997
2019-01-17 06:00:00,1.1512099999999998
2019-01-17 08:00:00,1.1344099999999997
2019-01-17 16:00:00,1.1440099999999997
2019-01-17 19:00:00,1.1518099999999998
2019-01-18 06:00:00,1.1416099999999998
2019-01-18 07:00:00,1.1492099999999998
2019-01-21 06:00:00,1.1416099999999998
2019-01-22 06:00:00,1.1525099999999997
2019-01-22 16:00:00,1.1524099999999997
2019-01-22 20:00:00,1.1529099999999997
2019-01-23 04:00:00,1.1524099999999997
2019-01-23 05:00:00,1.1524099999999997
2019-01-23 06:00:00,1.1603099999999997
2019-01-23 14:00:00,1.1612099999999999
2019-01-23 15:00:00,1.1611099999999999
2019-01-23 16:00:00,1.1611099999999999
2019-01-24 06:00:00,1.1621099999999998
2019-01-24 07:00:00,1.1593099999999998
2019-01-24 10:00:00,1.1584099999999997
2019-01-24 13:00:00,1.1571099999999999
2019-01-24 14:00:00,1.1577099999999998
2019-01-25 06:00:00,1.1714099999999998
2019-01-25 13:00:00,1.1654099999999998
2019-01-28 06:00:00,1.1658099999999998
2019-01-28 14:00:00,1.1657099999999998
2019-01-29 06:00:00,1.1642099999999997
2019-01-29 11:00:00,1.1669099999999997
2019-01-29 16:00:00,1.1697099999999998
2019-01-29 17:00:00,1.1685099999999997
2019-01-29 19:00:00,1.1703099999999997
2019-01-29 20:00:00,1.1630099999999997
2019-01-30 06:00:00,1.1655099999999998
2019-01-30 08:00:00,1.1649099999999997
2019-01-30 12:00:00,1.1680099999999998
2019-01-30 14:00:00,1.1676099999999998
2019-01-31 06:00:00,1.1656099999999998
2019-01-31 14:00:00,1.1643099999999997
2019-01-31 19:00:00,1.1648099999999997
2019-01-31 20:00:00,1.1653099999999998
2019-02-01 06:00:00,1.1635099999999998
2019-02-01 16:00:00,1.1630099999999997
2019-02-04 01:00:00,1.1643099999999997
2019-02-04 06:00:00,1.1636099999999998
2019-02-04 11:00:00,1.1639099999999998
2019-02-04 14:00:00,1.1643099999999997
2019-02-05 06:00:00,1.1575099999999998
2019-02-05 14:00:00,1.1588099999999997
2019-02-06 06:00:00,1.1585099999999997
2019-02-07 06:00:00,1.1594099999999998
2019-02-08 06:00:00,1.1549099999999997
2019-02-08 15:00:00,1.1565099999999997
2019-02-11 01:00:00,1.1554099999999998
2019-02-11 06:00:00,1.1530099999999996
2019-02-12 06:00:00,1.1597099999999998
2019-02-12 08:00:00,1.1549099999999997
2019-02-13 06:00:00,1.1584099999999997
2019-02-14 06:00:00,1.1483099999999997
2019-02-15 06:00:00,1.1570099999999996
2019-02-18 06:00:00,1.1570099999999996
2019-02-19 06:00:00,1.1700099999999998
2019-02-20 06:00:00,1.1688099999999997
2019-02-20 07:00:00,1.1690099999999997
2019-02-21 06:00:00,1.1681099999999998
2019-02-22 06:00:00,1.1687099999999997
2019-02-25 06:00:00,1.1731099999999997
2019-02-26 06:00:00,1.1888099999999997
2019-02-27 06:00:00,1.1951099999999997
2019-02-27 08:00:00,1.1881099999999998
2019-02-28 06:00:00,1.1865099999999997
2019-03-01 06:00:00,1.1814099999999998
2019-03-01 08:00:00,1.1869099999999997
2019-03-01 09:00:00,1.1884099999999997
2019-03-01 14:00:00,1.1858099999999998
2019-03-01 19:00:00,1.1813099999999999
2019-03-04 06:00:00,1.1795099999999998
2019-03-04 16:00:00,1.1801099999999998
2019-03-05 06:00:00,1.1859099999999998
2019-03-05 13:00:00,1.1761099999999998
2019-03-05 14:00:00,1.1763099999999997
2019-03-06 06:00:00,1.1869099999999997
2019-03-07 06:00:00,1.1866099999999997
2019-03-07 14:00:00,1.1849099999999997
2019-03-08 06:00:00,1.1742099999999998
2019-03-08 14:00:00,1.1742099999999998
2019-03-11 05:00:00,1.1933099999999996
2019-03-12 05:00:00,1.1806099999999997
2019-03-12 09:00:00,1.1933099999999996
2019-03-12 11:00:00,1.1826099999999997
2019-03-12 15:00:00,1.1838099999999998
2019-03-12 16:00:00,1.1810099999999997
2019-03-13 05:00:00,1.1897099999999998
2019-03-14 05:00:00,1.19251
2019-03-14 14:00:00,1.19301
2019-03-14 15:00:00,1.19661
2019-03-15 05:00:00,1.19511
2019-03-18 05:00:00,1.1904099999999997
2019-03-19 05:00:00,1.1894099999999999
2019-03-20 05:00:00,1.17481
2019-03-20 12:00:00,1.18081
2019-03-20 13:00:00,1.1773099999999999
2019-03-21 05:00:00,1.1631099999999999
2019-03-21 09:00:00,1.1714099999999998
2019-03-21 10:00:00,1.1695099999999998
2019-03-21 11:00:00,1.1697099999999998
2019-03-21 14:00:00,1.1662099999999997
2019-03-21 15:00:00,1.1660099999999998
2019-03-21 16:00:00,1.1609099999999999
2019-03-22 05:00:00,1.1773099999999999
2019-03-22 10:00:00,1.1701099999999998
2019-03-22 13:00:00,1.1730099999999999
2019-03-25 05:00:00,1.17251
2019-03-25 10:00:00,1.1732099999999999
2019-03-25 11:00:00,1.1739099999999998
2019-03-26 05:00:00,1.1776099999999998
2019-03-26 10:00:00,1.1775099999999998
2019-03-26 11:00:00,1.1774099999999998
2019-03-26 12:00:00,1.1812099999999999
2019-03-26 13:00:00,1.1801099999999998
2019-03-27 05:00:00,1.1837099999999998
2019-03-27 13:00:00,1.1797099999999998
2019-03-28 05:00:00,1.1641099999999998
2019-03-28 13:00:00,1.1710099999999999
2019-03-29 05:00:00,1.1598099999999998
2019-03-29 08:00:00,1.1616099999999998
2019-03-29 13:00:00,1.1650099999999999
2019-03-29 16:00:00,1.1616099999999998
2019-03-29 18:00:00,1.1594099999999998
2019-04-01 05:00:00,1.1758099999999998
2019-04-01 06:00:00,1.16671
2019-04-01 08:00:00,1.1656099999999998
2019-04-01 16:00:00,1.1771099999999999
2019-04-02 05:00:00,1.1738099999999998
2019-04-02 06:00:00,1.16831
2019-04-02 13:00:00,1.16681
2019-04-02 17:00:00,1.17471
2019-04-02 18:00:00,1.17451
2019-04-02 20:00:00,1.17651
2019-04-03 05:00:00,1.1773099999999999
2019-04-03 06:00:00,1.17901
2019-04-03 13:00:00,1.17291
2019-04-03 15:00:00,1.1772099999999999
2019-04-04 05:00:00,1.1801099999999998
2019-04-04 09:00:00,1.1783099999999997
2019-04-04 10:00:00,1.1783099999999997
2019-04-05 04:00:00,1.17461
2019-04-05 05:00:00,1.1677099999999998
2019-04-05 10:00:00,1.1733099999999999
2019-04-05 13:00:00,1.1696099999999998
2019-04-05 14:00:00,1.1680099999999998
2019-04-08 05:00:00,1.1703099999999997
2019-04-08 12:00:00,1.1696099999999998
2019-04-08 14:00:00,1.16841
2019-04-09 05:00:00,1.16861
2019-04-09 12:00:00,1.1696099999999998
2019-04-09 14:00:00,1.1698099999999998
2019-04-09 20:00:00,1.1698099999999998
2019-04-10 05:00:00,1.17671
2019-04-10 09:00:00,1.1732099999999999
2019-04-10 10:00:00,1.1732099999999999
2019-04-10 11:00:00,1.17441
2019-04-11 05:00:00,1.1755099999999998
2019-04-12 05:00:00,1.17661
2019-04-15 05:00:00,1.18071
2019-04-15 10:00:00,1.1792099999999999
2019-04-15 12:00:00,1.1799099999999998
2019-04-16 05:00:00,1.1803099999999997
2019-04-17 05:00:00,1.1831099999999999
2019-04-17 11:00:00,1.18251
2019-04-18 05:00:00,1.1839099999999998
2019-04-18 13:00:00,1.1834099999999999
2019-04-22 05:00:00,1.18491
2019-04-23 05:00:00,1.1859099999999998
2019-04-24 05:00:00,1.1844099999999997
2019-04-24 13:00:00,1.1842099999999998
2019-04-25 05:00:00,1.1824099999999997
2019-04-26 05:00:00,1.1833099999999999
2019-04-29 05:00:00,1.1854099999999999
2019-04-30 05:00:00,1.1944099999999997
2019-04-30 15:00:00,1.1943099999999998
2019-04-30 18:00:00,1.1944099999999997
2019-05-01 05:00:00,1.19461
2019-05-01 08:00:00,1.1944099999999997
2019-05-02 05:00:00,1.1944099999999997
2019-05-03 05:00:00,1.2058099999999998
2019-05-03 19:00:00,1.2062099999999998
2019-05-06 05:00:00,1.1994099999999999
2019-05-06 14:00:00,1.20071
2019-05-06 15:00:00,1.1993099999999999
2019-05-06 16:00:00,1.19861
2019-05-07 05:00:00,1.19861
2019-05-07 12:00:00,1.1994099999999999
2019-05-08 05:00:00,1.1934099999999999
2019-05-08 07:00:00,1.19681
2019-05-08 09:00:00,1.19251
2019-05-08 13:00:00,1.1915099999999998
2019-05-08 14:00:00,1.1914099999999999
2019-05-08 15:00:00,1.1920099999999998
2019-05-09 05:00:00,1.18851
2019-05-09 07:00:00,1.1921099999999998
2019-05-09 09:00:00,1.1902099999999998
2019-05-09 12:00:00,1.18861
2019-05-09 13:00:00,1.1853099999999999
2019-05-10 00:00:00,1.1884099999999997
2019-05-10 05:00:00,1.1842099999999998
2019-05-10 07:00:00,1.18851
2019-05-10 10:00:00,1.18691
2019-05-10 13:00:00,1.1840099999999998
2019-05-13 00:00:00,1.1821099999999998
2019-05-13 05:00:00,1.1720099999999998
2019-05-13 10:00:00,1.1795099999999998
2019-05-13 12:00:00,1.1781099999999998
2019-05-13 15:00:00,1.17051
2019-05-13 16:00:00,1.1703099999999997
2019-05-14 05:00:00,1.1695099999999998
2019-05-14 09:00:00,1.1720099999999998
2019-05-14 14:00:00,1.1698099999999998
2019-05-14 20:00:00,1.1694099999999998
2019-05-15 05:00:00,1.1632099999999999
2019-05-15 09:00:00,1.1670099999999999
2019-05-15 12:00:00,1.16441
2019-05-15 14:00:00,1.16441
2019-05-16 05:00:00,1.1594099999999998
2019-05-16 13:00:00,1.16031
2019-05-17 05:00:00,1.1540099999999998
2019-05-17 13:00:00,1.1557099999999998
2019-05-20 05:00:00,1.15061
2019-05-20 07:00:00,1.1553099999999998
2019-05-20 13:00:00,1.1509099999999999
2019-05-20 15:00:00,1.1519099999999998
2019-05-21 05:00:00,1.15221
2019-05-21 10:00:00,1.15021
2019-05-22 05:00:00,1.1453099999999998
2019-05-22 11:00:00,1.1454099999999998
2019-05-22 13:00:00,1.1432099999999998
2019-05-23 05:00:00,1.13641
2019-05-23 09:00:00,1.1434099999999998
2019-05-23 14:00:00,1.1415099999999998
2019-05-24 05:00:00,1.1410099999999999
2019-05-24 06:00:00,1.1393099999999998
2019-05-24 09:00:00,1.14051
2019-05-24 12:00:00,1.1371099999999998
2019-05-24 13:00:00,1.1380099999999997
2019-05-24 16:00:00,1.14071
2019-05-27 05:00:00,1.1457099999999998
2019-05-27 06:00:00,1.1458099999999998
2019-05-27 13:00:00,1.14211
2019-05-28 05:00:00,1.1436099999999998
2019-05-28 10:00:00,1.14061
2019-05-28 12:00:00,1.14241
2019-05-28 13:00:00,1.14451
2019-05-28 14:00:00,1.14621
2019-05-28 15:00:00,1.14621
2019-05-29 05:00:00,1.14031
2019-05-29 09:00:00,1.1376099999999998
2019-05-29 10:00:00,1.1389099999999999
2019-05-29 14:00:00,1.1429099999999999
2019-05-29 16:00:00,1.1392099999999998
2019-05-30 05:00:00,1.13821
2019-05-30 13:00:00,1.14011
2019-05-30 15:00:00,1.1387099999999999
2019-05-30 16:00:00,1.1392099999999998
2019-05-31 05:00:00,1.13211
2019-05-31 14:00:00,1.1340099999999997
2019-06-03 05:00:00,1.1252099999999998
2019-06-03 07:00:00,1.13031
2019-06-03 13:00:00,1.1287099999999999
2019-06-04 05:00:00,1.1270099999999998
2019-06-05 05:00:00,1.13031
2019-06-06 03:00:00,1.1299099999999997
2019-06-06 05:00:00,1.12631
2019-06-06 10:00:00,1.1315099999999998
2019-06-07 05:00:00,1.1257099999999998
2019-06-07 12:00:00,1.1277099999999998
2019-06-10 05:00:00,1.12421
2019-06-11 05:00:00,1.13031
2019-06-11 09:00:00,1.13031
2019-06-11 13:00:00,1.13031
2019-06-11 14:00:00,1.13041
2019-06-12 05:00:00,1.1318099999999998
2019-06-13 05:00:00,1.1287099999999999
2019-06-13 07:00:00,1.1287099999999999
2019-06-14 05:00:00,1.12611
2019-06-17 05:00:00,1.12131
2019-06-17 09:00:00,1.1268099999999999
2019-06-18 05:00:00,1.1250099999999998
2019-06-18 13:00:00,1.12231
2019-06-19 05:00:00,1.12561
2019-06-20 05:00:00,1.11441
2019-06-21 05:00:00,1.11361
2019-06-21 06:00:00,1.11571
2019-06-24 05:00:00,1.10791
2019-06-25 05:00:00,1.10691
2019-06-25 09:00:00,1.11401
2019-06-26 05:00:00,1.11031
2019-06-26 09:00:00,1.10691
2019-06-27 05:00:00,1.10541
2019-06-27 07:00:00,1.11361
2019-06-28 05:00:00,1.10911
2019-07-01 05:00:00,1.11761
2019-07-01 07:00:00,1.11581
2019-07-01 09:00:00,1.11361
2019-07-01 11:00:00,1.1108099999999999
2019-07-01 14:00:00,1.11331
2019-07-02 05:00:00,1.11221
2019-07-02 13:00:00,1.11841
2019-07-03 05:00:00,1.1106099999999999
2019-07-03 12:00:00,1.10901
2019-07-03 13:00:00,1.10931
2019-07-03 15:00:00,1.1087099999999999
2019-07-04 05:00:00,1.1106099999999999
2019-07-05 05:00:00,1.1126099999999999
2019-07-08 05:00:00,1.11401
2019-07-09 05:00:00,1.1088099999999999
2019-07-09 11:00:00,1.1088099999999999
2019-07-10 05:00:00,1.10761
2019-07-11 05:00:00,1.1105099999999999
2019-07-12 05:00:00,1.10801
2019-07-15 05:00:00,1.10361
2019-07-16 05:00:00,1.09731
2019-07-16 07:00:00,1.09981
2019-07-17 05:00:00,1.0984099999999999
2019-07-17 08:00:00,1.09731
2019-07-18 05:00:00,1.10371
2019-07-18 07:00:00,1.0966099999999999
2019-07-18 10:00:00,1.10181
2019-07-18 12:00:00,1.10331
2019-07-19 05:00:00,1.09901
2019-07-22 05:00:00,1.09621
2019-07-23 05:00:00,1.09711
2019-07-24 05:00:00,1.10121
2019-07-24 15:00:00,1.10291
2019-07-25 05:00:00,1.10581
2019-07-25 11:00:00,1.10431
2019-07-25 14:00:00,1.10791
2019-07-26 05:00:00,1.1026099999999999
2019-07-26 06:00:00,1.10361
2019-07-26 13:00:00,1.1045099999999999
2019-07-29 05:00:00,1.08341
2019-07-29 12:00:00,1.09111
2019-07-30 05:00:00,1.07611
2019-07-30 08:00:00,1.0765099999999999
2019-07-30 12:00:00,1.07711
2019-07-31 05:00:00,1.07981
2019-07-31 07:00:00,1.07681
2019-07-31 08:00:00,1.07711
2019-07-31 09:00:00,1.0766099999999998
2019-07-31 12:00:00,1.0764099999999999
2019-07-31 16:00:00,1.08111
2019-07-31 17:00:00,1.08181
2019-07-31 18:00:00,1.07991
2019-08-01 05:00:00,1.0742099999999999
2019-08-01 06:00:00,1.0804099999999999
2019-08-02 05:00:00,1.0662099999999999
2019-08-05 05:00:00,1.0542099999999999
2019-08-05 08:00:00,1.05551
2019-08-05 14:00:00,1.05711
2019-08-06 05:00:00,1.05901
2019-08-06 15:00:00,1.06191
2019-08-07 03:00:00,1.05701
2019-08-07 05:00:00,1.0544099999999998
2019-08-07 11:00:00,1.05701
2019-08-07 12:00:00,1.05491
2019-08-08 05:00:00,1.05521
2019-08-08 06:00:00,1.0582099999999999
2019-08-08 11:00:00,1.05671
2019-08-08 12:00:00,1.05681
2019-08-09 05:00:00,1.0440099999999999
2019-08-09 06:00:00,1.05401
2019-08-12 05:00:00,1.0422099999999999
2019-08-12 09:00:00,1.04691
2019-08-13 05:00:00,1.04881
2019-08-14 05:00:00,1.0461099999999999
2019-08-14 11:00:00,1.04571
2019-08-15 05:00:00,1.05521
2019-08-16 05:00:00,1.06111
2019-08-16 07:00:00,1.05891
2019-08-16 12:00:00,1.06511
2019-08-19 05:00:00,1.06291
2019-08-20 05:00:00,1.06261
2019-08-21 05:00:00,1.06341
2019-08-22 05:00:00,1.0783099999999999
2019-08-22 11:00:00,1.06761
2019-08-22 12:00:00,1.07271
2019-08-23 05:00:00,1.06981
2019-08-23 06:00:00,1.07791
2019-08-23 15:00:00,1.07331
2019-08-26 05:00:00,1.06981
2019-08-26 14:00:00,1.0684099999999999
2019-08-27 05:00:00,1.07901
2019-08-28 05:00:00,1.0725099999999999
2019-08-29 05:00:00,1.07541
2019-08-30 05:00:00,1.07731
2019-09-02 05:00:00,1.07731
2019-09-02 13:00:00,1.06881
2019-09-03 05:00:00,1.0664099999999999
2019-09-03 07:00:00,1.05921
2019-09-04 05:00:00,1.0705099999999999
2019-09-04 11:00:00,1.07571
2019-09-04 14:00:00,1.0725099999999999
2019-09-05 05:00:00,1.08951
2019-09-06 05:00:00,1.08801
2019-09-06 07:00:00,1.08951
2019-09-06 13:00:00,1.0904099999999999
2019-09-09 05:00:00,1.09801
2019-09-10 05:00:00,1.09821
2019-09-10 12:00:00,1.09821
2019-09-11 05:00:00,1.09751
2019-09-11 12:00:00,1.09751
2019-09-11 13:00:00,1.09821
2019-09-12 05:00:00,1.09701
2019-09-13 05:00:00,1.11041
2019-09-13 13:00:00,1.1031099999999998
2019-09-13 15:00:00,1.1059099999999997
2019-09-16 05:00:00,1.1067099999999999
2019-09-16 06:00:00,1.1065099999999999
2019-09-16 14:00:00,1.1070099999999998
2019-09-17 05:00:00,1.11631
2019-09-17 10:00:00,1.1078099999999997
2019-09-17 12:00:00,1.1088099999999999
2019-09-17 15:00:00,1.1135099999999998
2019-09-18 05:00:00,1.1168099999999999
2019-09-18 13:00:00,1.1133099999999998
2019-09-18 14:00:00,1.1155099999999998
2019-09-18 15:00:00,1.1155099999999998
2019-09-18 19:00:00,1.1194099999999998
2019-09-19 05:00:00,1.1177099999999998
2019-09-19 09:00:00,1.1112099999999998
2019-09-19 10:00:00,1.10821
2019-09-20 05:00:00,1.1118099999999997
2019-09-20 09:00:00,1.1171099999999998
2019-09-20 12:00:00,1.11401
2019-09-23 05:00:00,1.1054099999999998
2019-09-23 08:00:00,1.1065099999999999
2019-09-23 12:00:00,1.1073099999999998
2019-09-24 05:00:00,1.10601
2019-09-24 14:00:00,1.1068099999999998
2019-09-25 05:00:00,1.10021
2019-09-25 12:00:00,1.0971099999999998
2019-09-25 14:00:00,1.0968099999999998
2019-09-26 05:00:00,1.0990099999999998
2019-09-26 07:00:00,1.1006099999999999
2019-09-27 05:00:00,1.09221
2019-09-30 05:00:00,1.10231
2019-09-30 18:00:00,1.1030099999999998
2019-10-01 05:00:00,1.0967099999999999
2019-10-01 10:00:00,1.1069099999999998
2019-10-02 05:00:00,1.1028099999999998
2019-10-02 12:00:00,1.1065099999999999
2019-10-03 05:00:00,1.1087099999999999
2019-10-03 11:00:00,1.1072099999999998
2019-10-03 12:00:00,1.11021
2019-10-04 05:00:00,1.10231
2019-10-04 11:00:00,1.1012099999999998
2019-10-04 12:00:00,1.1012099999999998
2019-10-07 05:00:00,1.0989099999999998
2019-10-07 10:00:00,1.0985099999999999
2019-10-08 05:00:00,1.0894099999999998
2019-10-08 14:00:00,1.0885099999999999
2019-10-08 15:00:00,1.0887099999999998
2019-10-09 05:00:00,1.0917099999999997
2019-10-09 10:00:00,1.08991
2019-10-10 05:00:00,1.11601
2019-10-10 15:00:00,1.10441
2019-10-11 05:00:00,1.13841
2019-10-11 08:00:00,1.1238099999999998
2019-10-11 13:00:00,1.14041
2019-10-14 05:00:00,1.1295099999999998
2019-10-14 06:00:00,1.1297099999999998
2019-10-15 05:00:00,1.15231
2019-10-15 15:00:00,1.1469099999999999
2019-10-16 05:00:00,1.1534099999999998
2019-10-16 06:00:00,1.14841
2019-10-16 12:00:00,1.15451
2019-10-16 14:00:00,1.1535099999999998
2019-10-17 05:00:00,1.1481099999999997
2019-10-17 06:00:00,1.14431
2019-10-17 12:00:00,1.14241
2019-10-17 14:00:00,1.14461
2019-10-17 15:00:00,1.14461
2019-10-18 05:00:00,1.1514099999999998
2019-10-18 09:00:00,1.1509099999999999
2019-10-18 13:00:00,1.14871
2019-10-21 05:00:00,1.1543099999999997
2019-10-21 11:00:00,1.15641
2019-10-22 05:00:00,1.15031
2019-10-22 12:00:00,1.1520099999999998
2019-10-23 05:00:00,1.15481
2019-10-24 05:00:00,1.15281
2019-10-25 05:00:00,1.15261
2019-10-25 12:00:00,1.14831
2019-10-28 05:00:00,1.1553099999999998
2019-10-29 05:00:00,1.15451
2019-10-30 05:00:00,1.1533099999999998
2019-10-31 05:00:00,1.1539099999999998
2019-10-31 19:00:00,1.1541099999999997
2019-11-01 05:00:00,1.1521099999999997
2019-11-04 06:00:00,1.1495099999999998
2019-11-04 10:00:00,1.1530099999999999
2019-11-05 06:00:00,1.1569099999999999
2019-11-06 06:00:00,1.15251
2019-11-07 06:00:00,1.1536099999999998
2019-11-07 10:00:00,1.1541099999999997
2019-11-07 12:00:00,1.1495099999999998
2019-11-08 06:00:00,1.15261
2019-11-11 06:00:00,1.1541099999999997
2019-11-12 06:00:00,1.1534099999999998
2019-11-13 06:00:00,1.1476099999999998
2019-11-14 06:00:00,1.1496099999999998
2019-11-14 13:00:00,1.1471099999999999
2019-11-15 06:00:00,1.1553099999999998
2019-11-15 13:00:00,1.1522099999999997
2019-11-15 14:00:00,1.1554099999999998
2019-11-18 06:00:00,1.1583099999999997
2019-11-18 13:00:00,1.1599099999999998
2019-11-19 06:00:00,1.1571099999999999
2019-11-19 13:00:00,1.1601099999999998
2019-11-20 06:00:00,1.1590099999999999
2019-11-20 09:00:00,1.1554099999999998
2019-11-21 06:00:00,1.1593099999999998
2019-11-21 11:00:00,1.1613099999999998
2019-11-21 13:00:00,1.1629099999999999
2019-11-22 06:00:00,1.1581099999999998
2019-11-25 06:00:00,1.16481
2019-11-26 06:00:00,1.1614099999999998
2019-11-26 13:00:00,1.1592099999999999
2019-11-26 14:00:00,1.1592099999999999
2019-11-27 06:00:00,1.1690099999999999
2019-11-27 08:00:00,1.1598099999999998
2019-11-27 10:00:00,1.1639099999999998
2019-11-27 18:00:00,1.1670099999999999
2019-11-28 06:00:00,1.1690099999999999
2019-11-28 11:00:00,1.1690099999999999
2019-11-29 06:00:00,1.1711099999999999
2019-11-29 15:00:00,1.1701099999999998
2019-12-02 06:00:00,1.1618099999999998
2019-12-02 09:00:00,1.1695099999999998
2019-12-02 16:00:00,1.1613099999999998
2019-12-03 06:00:00,1.16071
2019-12-03 10:00:00,1.16251
2019-12-03 11:00:00,1.1629099999999999
2019-12-03 12:00:00,1.1634099999999998
2019-12-03 14:00:00,1.1621099999999998
2019-12-03 15:00:00,1.1595099999999998
2019-12-04 06:00:00,1.1744099999999997
2019-12-04 09:00:00,1.1682099999999997
2019-12-05 06:00:00,1.1779099999999998
2019-12-05 15:00:00,1.1774099999999998
2019-12-06 06:00:00,1.1793099999999999
2019-12-09 06:00:00,1.1778099999999998
2019-12-09 09:00:00,1.1778099999999998
2019-12-09 14:00:00,1.1801099999999998
2019-12-10 06:00:00,1.1775099999999998
2019-12-10 08:00:00,1.1775099999999998
2019-12-10 14:00:00,1.1775099999999998
2019-12-11 06:00:00,1.1755099999999998
2019-12-11 09:00:00,1.1734099999999998
2019-12-12 06:00:00,1.1742099999999998
2019-12-12 13:00:00,1.1742099999999998
2019-12-12 18:00:00,1.1742099999999998
2019-12-13 06:00:00,1.1914099999999999
2019-12-13 09:00:00,1.1954099999999999
2019-12-13 12:00:00,1.19491
2019-12-16 02:00:00,1.19511
2019-12-16 06:00:00,1.19061
2019-12-16 09:00:00,1.1914099999999999
2019-12-17 01:00:00,1.1854099999999999
2019-12-17 06:00:00,1.16551
2019-12-17 12:00:00,1.17261
2019-12-17 14:00:00,1.16991
2019-12-17 15:00:00,1.16681
2019-12-18 06:00:00,1.16201
2019-12-18 07:00:00,1.16551
2019-12-18 14:00:00,1.1634099999999998
2019-12-18 15:00:00,1.16221
2019-12-18 17:00:00,1.1634099999999998
2019-12-19 06:00:00,1.15181
2019-12-19 08:00:00,1.16611
2019-12-19 12:00:00,1.16581
2019-12-19 15:00:00,1.1533099999999998
2019-12-19 20:00:00,1.15251
2019-12-20 06:00:00,1.15831
2019-12-20 07:00:00,1.1553099999999998
2019-12-23 06:00:00,1.14991
2019-12-23 14:00:00,1.1493099999999998
2019-12-23 15:00:00,1.1493099999999998
2019-12-24 06:00:00,1.15061
2019-12-24 13:00:00,1.15171
2019-12-24 15:00:00,1.15001
2019-12-24 16:00:00,1.15141
2019-12-26 01:00:00,1.15351
2019-12-26 06:00:00,1.15541
2019-12-27 06:00:00,1.15421
2019-12-27 13:00:00,1.15811
2019-12-27 14:00:00,1.15851
2019-12-27 15:00:00,1.15851
2019-12-27 17:00:00,1.15401
2019-12-30 06:00:00,1.15041
2019-12-30 14:00:00,1.15611
2019-12-30 15:00:00,1.1530099999999999
2019-12-30 17:00:00,1.15221
2019-12-30 20:00:00,1.14981
2019-12-31 06:00:00,1.16231
2019-12-31 09:00:00,1.15201
2019-12-31 13:00:00,1.1553099999999998
2019-12-31 15:00:00,1.16391
2019-12-31 16:00:00,1.16391
2020-01-02 06:00:00,1.1569099999999999
2020-01-02 08:00:00,1.16181
2020-01-02 12:00:00,1.16221
2020-01-02 14:00:00,1.15881
2020-01-03 06:00:00,1.15141
2020-01-03 10:00:00,1.15391
2020-01-06 06:00:00,1.15561
2020-01-07 06:00:00,1.15431
2020-01-08 06:00:00,1.15621
2020-01-08 17:00:00,1.15611
2020-01-08 18:00:00,1.15591
2020-01-09 06:00:00,1.1512099999999998
2020-01-10 06:00:00,1.1510099999999999
2020-01-13 06:00:00,1.1431099999999998
2020-01-14 06:00:00,1.1410099999999999
2020-01-15 06:00:00,1.13661
2020-01-16 06:00:00,1.14201
2020-01-16 14:00:00,1.14001
2020-01-16 15:00:00,1.13961
2020-01-17 06:00:00,1.1412099999999998
2020-01-20 06:00:00,1.1412099999999998
2020-01-21 06:00:00,1.1449099999999999
2020-01-21 13:00:00,1.14471
2020-01-22 06:00:00,1.1533099999999998
2020-01-22 09:00:00,1.14991
2020-01-22 11:00:00,1.15401
2020-01-22 14:00:00,1.15421
2020-01-23 06:00:00,1.15361
2020-01-24 06:00:00,1.15151
2020-01-24 08:00:00,1.15431
2020-01-27 06:00:00,1.1471099999999999
2020-01-27 14:00:00,1.1473099999999998
2020-01-28 06:00:00,1.14751
2020-01-28 10:00:00,1.1429099999999999
2020-01-29 06:00:00,1.14941
2020-01-29 08:00:00,1.14841
2020-01-29 10:00:00,1.15001
2020-01-29 15:00:00,1.14871
2020-01-30 06:00:00,1.15031
2020-01-30 10:00:00,1.14631
2020-01-30 20:00:00,1.15031
2020-01-31 06:00:00,1.15381
2020-01-31 07:00:00,1.1550099999999999
2020-01-31 12:00:00,1.1532099999999998
2020-01-31 14:00:00,1.1529099999999999
2020-01-31 15:00:00,1.15231
2020-01-31 19:00:00,1.1533099999999998
2020-02-03 06:00:00,1.13771
2020-02-03 13:00:00,1.1408099999999999
2020-02-04 06:00:00,1.14621
2020-02-04 12:00:00,1.1431099999999998
2020-02-05 06:00:00,1.1470099999999999
2020-02-05 09:00:00,1.1512099999999998
2020-02-06 06:00:00,1.14271
2020-02-06 12:00:00,1.14531
2020-02-06 21:00:00,1.14221
2020-02-07 06:00:00,1.14171
2020-02-10 06:00:00,1.14441
2020-02-10 11:00:00,1.14641
2020-02-11 06:00:00,1.1470099999999999
2020-02-12 06:00:00,1.15031
2020-02-12 09:00:00,1.14661
2020-02-12 11:00:00,1.14851
2020-02-13 06:00:00,1.1610099999999999
2020-02-13 09:00:00,1.1491099999999999
2020-02-13 12:00:00,1.15481
2020-02-13 15:00:00,1.1610099999999999
2020-02-13 16:00:00,1.1592099999999999
2020-02-14 06:00:00,1.16231
2020-02-14 08:00:00,1.1611099999999999
2020-02-14 09:00:00,1.1609099999999999
2020-02-14 13:00:00,1.15871
2020-02-17 06:00:00,1.16231
2020-02-17 13:00:00,1.16011
2020-02-18 06:00:00,1.16071
2020-02-18 18:00:00,1.16011
2020-02-19 06:00:00,1.15471
2020-02-19 12:00:00,1.16001
2020-02-19 13:00:00,1.16001
2020-02-19 14:00:00,1.1571099999999999
2020-02-19 18:00:00,1.15421
2020-02-20 06:00:00,1.15061
2020-02-20 11:00:00,1.14811
2020-02-20 13:00:00,1.14831
2020-02-20 14:00:00,1.14621
2020-02-21 06:00:00,1.15181
2020-02-21 13:00:00,1.15281
2020-02-21 14:00:00,1.1529099999999999
2020-02-24 06:00:00,1.14841
2020-02-24 07:00:00,1.1532099999999998
2020-02-24 13:00:00,1.1469099999999999
2020-02-24 14:00:00,1.1469099999999999
2020-02-25 06:00:00,1.15191
2020-02-26 06:00:00,1.14221
2020-02-26 11:00:00,1.1448099999999999
2020-02-27 06:00:00,1.13401
2020-02-27 10:00:00,1.1347099999999999
2020-02-27 14:00:00,1.13161
2020-02-27 15:00:00,1.13191
2020-02-27 18:00:00,1.13571
2020-02-28 06:00:00,1.1187099999999999
2020-02-28 11:00:00,1.12561
2020-02-28 14:00:00,1.12541
2020-02-28 19:00:00,1.1187099999999999
2020-03-02 06:00:00,1.10641
2020-03-02 13:00:00,1.10521
2020-03-02 14:00:00,1.1065099999999999
2020-03-02 17:00:00,1.10921
2020-03-03 06:00:00,1.10971
2020-03-03 13:00:00,1.10731
2020-03-04 06:00:00,1.11381
2020-03-04 13:00:00,1.11001
2020-03-05 06:00:00,1.11161
2020-03-05 08:00:00,1.1169099999999998
2020-03-05 13:00:00,1.11401
2020-03-06 06:00:00,1.1029099999999998
2020-03-06 13:00:00,1.10031
2020-03-06 14:00:00,1.10001
2020-03-09 05:00:00,1.09521
2020-03-09 12:00:00,1.1006099999999999
2020-03-09 13:00:00,1.0967099999999999
2020-03-10 05:00:00,1.09571
2020-03-10 10:00:00,1.1028099999999998
2020-03-10 12:00:00,1.09731
2020-03-10 14:00:00,1.09801
2020-03-11 05:00:00,1.0888099999999998
2020-03-12 05:00:00,1.07391
2020-03-13 05:00:00,1.05981
2020-03-16 05:00:00,1.04131
2020-03-17 05:00:00,1.0466099999999998
2020-03-18 05:00:00,1.0077099999999999
2020-03-19 05:00:00,1.02301
2020-03-20 05:00:00,1.02971
2020-03-23 05:00:00,1.01931
2020-03-24 05:00:00,1.0402099999999999
2020-03-25 05:00:00,1.0465099999999998
2020-03-26 05:00:00,1.05491
2020-03-27 05:00:00,1.07511
2020-03-30 05:00:00,1.0744099999999999
2020-03-31 05:00:00,1.08421
2020-04-01 05:00:00,1.08211
2020-04-02 05:00:00,1.0925099999999999
2020-04-03 05:00:00,1.08421
2020-04-06 05:00:00,1.08961
2020-04-07 05:00:00,1.08181
2020-04-08 05:00:00,1.08991
2020-04-09 05:00:00,1.08931
2020-04-13 05:00:00,1.09721
2020-04-14 05:00:00,1.0990099999999998
2020-04-15 05:00:00,1.09601
2020-04-16 05:00:00,1.09371
2020-04-17 05:00:00,1.0951099999999998
2020-04-20 05:00:00,1.09121
2020-04-21 05:00:00,1.07801
2020-04-22 05:00:00,1.0845099999999999
2020-04-23 05:00:00,1.0931099999999998
2020-04-24 05:00:00,1.09141
2020-04-27 05:00:00,1.0989099999999998
2020-04-28 05:00:00,1.09821
2020-04-29 05:00:00,1.10191
2020-04-30 05:00:00,1.10411
2020-05-01 05:00:00,1.08811
2020-05-04 05:00:00,1.0884099999999999
2020-05-05 05:00:00,1.09771
2020-05-06 05:00:00,1.0910099999999998
2020-05-07 05:00:00,1.09031
2020-05-08 05:00:00,1.09231
2020-05-11 05:00:00,1.08711
2020-05-12 05:00:00,1.07751
2020-05-13 05:00:00,1.07571
2020-05-14 05:00:00,1.07591
2020-05-15 05:00:00,1.06561
2020-05-18 05:00:00,1.07381
2020-05-19 05:00:00,1.08021
2020-05-20 05:00:00,1.06751
2020-05-21 05:00:00,1.07501
2020-05-22 05:00:00,1.07141
2020-05-25 05:00:00,1.07141
2020-05-26 05:00:00,1.0790099999999998
2020-05-27 05:00:00,1.07531
2020-05-28 05:00:00,1.07731
2020-05-29 05:00:00,1.07371
2020-06-01 05:00:00,1.08981
2020-06-02 05:00:00,1.0949099999999998
2020-06-03 05:00:00,1.09931
2020-06-04 05:00:00,1.0927099999999998
2020-06-05 05:00:00,1.1071099999999998
2020-06-08 05:00:00,1.10591
2020-06-09 05:00:00,1.0989099999999998
2020-06-10 05:00:00,1.09351
2020-06-11 05:00:00,1.0765099999999999
2020-06-12 05:00:00,1.0805099999999999
2020-06-15 05:00:00,1.08181
2020-06-16 05:00:00,1.0827099999999998
2020-06-17 05:00:00,1.0792099999999998
2020-06-18 05:00:00,1.06991
2020-06-19 05:00:00,1.0646099999999998
2020-06-22 05:00:00,1.0705099999999999
2020-06-23 05:00:00,1.0712099999999998
2020-06-24 05:00:00,1.0663099999999999
2020-06-25 05:00:00,1.0662099999999999
2020-06-26 05:00:00,1.0584099999999999
2020-06-29 05:00:00,1.05771
2020-06-30 05:00:00,1.0628099999999998
2020-07-01 05:00:00,1.0692099999999998
2020-07-02 05:00:00,1.0682099999999999
2020-07-03 05:00:00,1.0682099999999999
2020-07-06 05:00:00,1.06581
2020-07-07 05:00:00,1.07181
2020-07-08 05:00:00,1.0731099999999998
2020-07-09 05:00:00,1.07601
2020-07-10 05:00:00,1.0783099999999999
2020-07-13 05:00:00,1.0731099999999998
2020-07-14 05:00:00,1.0687099999999998
2020-07-15 05:00:00,1.0790099999999998
2020-07-16 05:00:00,1.0750099999999998
2020-07-17 05:00:00,1.0690099999999998
2020-07-20 05:00:00,1.0792099999999998
2020-07-21 05:00:00,1.07971
2020-07-22 05:00:00,1.07391
2020-07-23 05:00:00,1.0688099999999998
2020-07-24 05:00:00,1.0694099999999997
2020-07-27 05:00:00,1.0744099999999999
2020-07-28 05:00:00,1.0775099999999997
2020-07-29 05:00:00,1.0745099999999999
2020-07-30 05:00:00,1.0804099999999999
2020-07-31 05:00:00,1.0875099999999998
2020-08-03 05:00:00,1.09001
2020-08-04 05:00:00,1.08401
2020-08-05 05:00:00,1.0816099999999997
2020-08-06 05:00:00,1.0870099999999998
2020-08-07 05:00:00,1.08221
2020-08-10 05:00:00,1.0863099999999999
2020-08-11 05:00:00,1.0884099999999999
2020-08-12 05:00:00,1.0785099999999999
2020-08-13 05:00:00,1.0790099999999998
2020-08-14 05:00:00,1.0808099999999998
2020-08-17 05:00:00,1.07781
2020-08-18 05:00:00,1.0863099999999999
2020-08-19 05:00:00,1.0887099999999998
2020-08-20 05:00:00,1.0908099999999998
2020-08-21 05:00:00,1.0850099999999998
2020-08-24 05:00:00,1.0806099999999998
2020-08-25 05:00:00,1.08411
2020-08-26 05:00:00,1.0894099999999998
2020-08-27 05:00:00,1.0906099999999999
2020-08-28 05:00:00,1.09821
2020-08-31 05:00:00,1.0991099999999998
2020-09-01 05:00:00,1.10801
2020-09-02 05:00:00,1.1068099999999998
2020-09-03 05:00:00,1.0972099999999998
2020-09-04 05:00:00,1.1032099999999998
2020-09-07 05:00:00,1.1032099999999998
2020-09-08 05:00:00,1.0824099999999999
2020-09-09 05:00:00,1.0765099999999999
2020-09-10 05:00:00,1.05591
2020-09-11 05:00:00,1.0544099999999998
2020-09-11 06:00:00,1.0544099999999998
2020-09-11 07:00:00,1.0544099999999998
2020-09-11 08:00:00,1.0544099999999998
2020-09-11 09:00:00,1.0544099999999998
2020-09-14 05:00:00,1.0602999999999998
2020-09-14 06:00:00,1.0580999999999998
2020-09-15 05:00:00,1.0642999999999998
2020-09-15 06:00:00,1.0593999999999997
2020-09-16 05:00:00,1.0723999999999998
2020-09-16 06:00:00,1.0640999999999998
2020-09-17 05:00:00,1.0713999999999997
2020-09-17 06:00:00,1.0736999999999997
2020-09-18 05:00:00,1.0697999999999996
2020-09-18 06:00:00,1.0711999999999997
2020-09-21 05:00:00,1.0642999999999998
2020-09-21 06:00:00,1.0713999999999997
2020-09-21 08:00:00,1.0654999999999997
2020-09-21 15:00:00,1.0656999999999996
2020-09-22 05:00:00,1.0647999999999997
2020-09-22 08:00:00,1.0676999999999996
2020-09-23 05:00:00,1.0685999999999998
2020-09-23 06:00:00,1.0633999999999997
2020-09-24 05:00:00,1.0738999999999996
2020-09-24 06:00:00,1.0671999999999997
2020-09-25 05:00:00,1.0755999999999997
2020-09-28 05:00:00,1.0802999999999998
2020-09-28 12:00:00,1.0862999999999998
2020-09-28 13:00:00,1.0870999999999997
2020-09-28 14:00:00,1.0842999999999998
2020-09-28 16:00:00,1.0815999999999997
2020-09-29 05:00:00,1.0761999999999998
2020-09-29 06:00:00,1.0823999999999998
2020-09-29 09:00:00,1.0804999999999998
2020-09-30 05:00:00,1.0820999999999996
2020-09-30 06:00:00,1.0749999999999997
2020-09-30 09:00:00,1.0773999999999997
2020-10-01 05:00:00,1.0779999999999996
2020-10-01 06:00:00,1.0840999999999996
2020-10-02 05:00:00,1.0843999999999998
2020-10-02 06:00:00,1.0772999999999997
2020-10-02 13:00:00,1.0854999999999997
2020-10-05 05:00:00,1.0818999999999996
2020-10-05 06:00:00,1.0795999999999997
2020-10-05 07:00:00,1.0810999999999997
2020-10-05 08:00:00,1.0823999999999998
2020-10-05 09:00:00,1.0806999999999998
2020-10-05 10:00:00,1.0808999999999997
2020-10-05 11:00:00,1.0800999999999996
2020-10-05 12:00:00,1.0823999999999998
2020-10-05 13:00:00,1.0823999999999998
2020-10-05 14:00:00,1.0813999999999997
2020-10-06 05:00:00,1.0764999999999998
2020-10-07 05:00:00,1.0779999999999996
2020-10-08 05:00:00,1.0799999999999996
2020-10-09 05:00:00,1.0802999999999998
2020-10-12 05:00:00,1.0817999999999997
2020-10-13 05:00:00,1.0772999999999997
2020-10-14 05:00:00,1.0832999999999997
2020-10-15 05:00:00,1.0746999999999998
2020-10-16 05:00:00,1.0775999999999997
2020-10-16 11:00:00,1.0765999999999998
2020-10-19 05:00:00,1.0722999999999998
2020-10-20 05:00:00,1.0675999999999997
2020-10-21 05:00:00,1.0846999999999998
2020-10-21 06:00:00,1.0692999999999997
2020-10-21 07:00:00,1.0724999999999998
2020-10-21 08:00:00,1.0731999999999997
2020-10-21 13:00:00,1.0834999999999997
2020-10-22 05:00:00,1.0808999999999997
2020-10-22 06:00:00,1.0854999999999997
2020-10-22 07:00:00,1.0850999999999997
2020-10-22 08:00:00,1.0837999999999997
2020-10-22 09:00:00,1.0816999999999997
2020-10-22 10:00:00,1.0834999999999997
2020-10-22 11:00:00,1.0825999999999998
2020-10-22 12:00:00,1.0822999999999998
2020-10-22 13:00:00,1.0832999999999997
2020-10-22 14:00:00,1.0808999999999997
2020-10-22 15:00:00,1.0815999999999997
2020-10-23 05:00:00,1.0736999999999997
2020-10-26 05:00:00,1.0756999999999997
2020-10-27 05:00:00,1.0793999999999997
2020-10-28 05:00:00,1.0766999999999998
2020-10-29 05:00:00,1.0785999999999998
2020-10-30 05:00:00,1.0828999999999998
2020-11-02 06:00:00,1.0815999999999997
2020-11-03 06:00:00,1.0831999999999997
2020-11-04 06:00:00,1.0801999999999998
2020-11-05 06:00:00,1.0832999999999997
2020-11-06 06:00:00,1.0785999999999998
2020-11-09 06:00:00,1.0962999999999996
2020-11-10 06:00:00,1.1074999999999997
2020-11-11 06:00:00,1.1068999999999998
2020-11-12 06:00:00,1.0948999999999998
2020-11-13 06:00:00,1.0983999999999998
2020-11-16 06:00:00,1.0989999999999998
2020-11-17 06:00:00,1.1023999999999998
2020-11-18 06:00:00,1.1039999999999996
2020-11-19 06:00:00,1.1019999999999996
2020-11-20 06:00:00,1.1054999999999997
2020-11-23 06:00:00,1.1107999999999998
2020-11-24 06:00:00,1.1128999999999998
2020-11-25 06:00:00,1.1110999999999998
2020-11-26 06:00:00,1.1110999999999998
2020-11-27 06:00:00,1.1004999999999998
2020-11-30 06:00:00,1.1046999999999998
2020-12-01 06:00:00,1.1036999999999997
2020-12-02 06:00:00,1.0923999999999998
2020-12-03 06:00:00,1.0942999999999998
2020-12-03 15:00:00,1.0963999999999998
2020-12-04 06:00:00,1.0924999999999998
2020-12-07 06:00:00,1.0884999999999998
2020-12-08 06:00:00,1.0832999999999997
2020-12-09 06:00:00,1.0875999999999997
2020-12-10 06:00:00,1.0745999999999998
2020-12-11 06:00:00,1.0720999999999996
2020-12-14 06:00:00,1.0810699999999998
2020-12-15 06:00:00,1.0883699999999998
2020-12-16 06:00:00,1.0952699999999997
2020-12-17 06:00:00,1.1004699999999998
2020-12-18 06:00:00,1.0926699999999998
2020-12-21 06:00:00,1.0900699999999997
2020-12-22 06:00:00,1.0879699999999997
2020-12-23 06:00:00,1.0976699999999997
2020-12-24 06:00:00,1.1066699999999998
2020-12-28 06:00:00,1.0959699999999997
2020-12-29 06:00:00,1.0936699999999997
2020-12-30 06:00:00,1.1006699999999998
2020-12-31 06:00:00,1.1081699999999997
2021-01-04 06:00:00,1.0945699999999998
2021-01-05 06:00:00,1.0961699999999996
2021-01-06 06:00:00,1.0963699999999998
2021-01-07 06:00:00,1.1011699999999998
2021-01-08 06:00:00,1.1021699999999996
2021-01-11 06:00:00,1.1032699999999998
2021-01-12 06:00:00,1.1119699999999997
2021-01-13 06:00:00,1.1104699999999998
2021-01-14 06:00:00,1.1150699999999998
2021-01-15 06:00:00,1.1103699999999996
2021-01-18 06:00:00,1.1103699999999996
2021-01-19 06:00:00,1.1114699999999997
2021-01-20 06:00:00,1.1143699999999996
2021-01-21 06:00:00,1.1153699999999998
2021-01-22 06:00:00,1.1127699999999998
2021-01-25 06:00:00,1.1139699999999997
2021-01-25 08:00:00,1.1141699999999997
2021-01-26 06:00:00,1.1177699999999997
2021-01-27 06:00:00,1.1175699999999997
2021-01-28 06:00:00,1.1203699999999996
2021-01-29 06:00:00,1.1209699999999998
2021-01-29 19:00:00,1.1209699999999998
2021-02-01 06:00:00,1.1266699999999998
2021-02-02 06:00:00,1.1276699999999997
2021-02-02 07:00:00,1.1280699999999997
2021-02-03 06:00:00,1.1274699999999998
2021-02-04 06:00:00,1.1370699999999998
2021-02-04 11:00:00,1.1251699999999998
2021-02-05 06:00:00,1.1357699999999997
2021-02-05 14:00:00,1.1373699999999998
2021-02-05 16:00:00,1.1366699999999998
2021-02-08 06:00:00,1.1359699999999997
2021-02-08 16:00:00,1.1358699999999997
2021-02-08 17:00:00,1.1352699999999998
2021-02-09 06:00:00,1.1329699999999998
2021-02-10 06:00:00,1.1325699999999996
2021-02-11 06:00:00,1.1294699999999998
2021-02-12 06:00:00,1.1364699999999996
2021-02-15 06:00:00,1.1364699999999996
2021-02-16 06:00:00,1.1416699999999997
2021-02-16 15:00:00,1.1424699999999997
2021-02-17 06:00:00,1.1473699999999998
2021-02-18 05:00:00,1.1460699999999997
2021-02-18 06:00:00,1.1538699999999997
2021-02-18 09:00:00,1.1490699999999998
2021-02-18 15:00:00,1.1515699999999998
2021-02-19 06:00:00,1.1577699999999997
2021-02-19 11:00:00,1.1525699999999997
2021-02-22 06:00:00,1.1617699999999997
2021-02-22 15:00:00,1.1614699999999998
2021-02-23 06:00:00,1.1785699999999997
2021-02-24 06:00:00,1.1833699999999998
2021-02-24 11:00:00,1.1848699999999996
2021-02-24 12:00:00,1.1839699999999997
2021-02-25 03:00:00,1.1833699999999998
2021-02-25 06:00:00,1.1711699999999998
2021-02-26 06:00:00,1.1691699999999998
2021-02-26 07:00:00,1.1626699999999996
2021-02-26 09:00:00,1.1615699999999998
2021-02-26 10:00:00,1.1609699999999998
2021-03-01 06:00:00,1.1754699999999998
2021-03-01 09:00:00,1.1724699999999997
2021-03-01 13:00:00,1.1739699999999997
2021-03-01 19:00:00,1.1756699999999998
2021-03-01 20:00:00,1.1756699999999998
2021-03-02 06:00:00,1.1780699999999997
2021-03-02 09:00:00,1.1751699999999998
2021-03-03 06:00:00,1.1849699999999996
2021-03-03 07:00:00,1.1795699999999998
2021-03-03 20:00:00,1.1846699999999997
2021-03-04 06:00:00,1.1922699999999997
2021-03-04 08:00:00,1.1874699999999998
2021-03-04 18:00:00,1.1932699999999998
2021-03-05 06:00:00,1.1900699999999997
2021-03-08 06:00:00,1.1956699999999998
2021-03-09 06:00:00,1.1914699999999998
2021-03-10 06:00:00,1.1966699999999997
2021-03-10 19:00:00,1.1966699999999997
2021-03-11 06:00:00,1.1946699999999997
2021-03-11 13:00:00,1.1945699999999997
2021-03-11 14:00:00,1.1945699999999997
2021-03-12 06:00:00,1.1959699999999998
2021-03-15 05:00:00,1.1909699999999999
2021-03-16 05:00:00,1.1874699999999998
2021-03-16 14:00:00,1.1877699999999998
2021-03-17 05:00:00,1.18797
2021-03-18 05:00:00,1.1952699999999998
2021-03-19 05:00:00,1.19067
2021-03-19 15:00:00,1.19217
2021-03-22 05:00:00,1.18237
2021-03-23 05:00:00,1.1869699999999999
2021-03-23 10:00:00,1.1815699999999998
2021-03-24 05:00:00,1.1830699999999998
2021-03-25 05:00:00,1.19267
2021-03-26 05:00:00,1.19677
2021-03-29 05:00:00,1.19467
2021-03-30 05:00:00,1.1952699999999998
2021-03-31 05:00:00,1.2053699999999998
2021-03-31 20:00:00,1.2055699999999998
2021-04-01 05:00:00,1.2054699999999998
2021-04-01 11:00:00,1.2070699999999999
2021-04-01 12:00:00,1.20477
2021-04-01 14:00:00,1.20817
2021-04-01 15:00:00,1.20667
2021-04-02 05:00:00,1.2058699999999998
2021-04-05 05:00:00,1.20427
2021-04-06 05:00:00,1.1897699999999998
2021-04-06 15:00:00,1.19407
2021-04-07 05:00:00,1.1797699999999998
2021-04-07 14:00:00,1.1797699999999998
2021-04-08 05:00:00,1.1716699999999998
2021-04-09 05:00:00,1.1713699999999998
2021-04-12 05:00:00,1.1713699999999998
2021-04-13 02:00:00,1.17197
2021-04-13 05:00:00,1.1686699999999999
2021-04-13 09:00:00,1.17637
2021-04-14 00:00:00,1.1690699999999998
2021-04-14 05:00:00,1.17457
2021-04-14 10:00:00,1.17207
2021-04-15 05:00:00,1.17397
2021-04-16 05:00:00,1.1756699999999998
2021-04-16 12:00:00,1.1711699999999998
2021-04-19 05:00:00,1.18247
2021-04-19 07:00:00,1.1772699999999998
2021-04-20 05:00:00,1.1792699999999998
2021-04-21 05:00:00,1.18027
2021-04-22 05:00:00,1.1737699999999998
2021-04-22 08:00:00,1.1767699999999999
2021-04-23 05:00:00,1.1706699999999999
2021-04-26 05:00:00,1.17427
2021-04-27 05:00:00,1.17417
2021-04-28 05:00:00,1.17227
2021-04-29 05:00:00,1.1707699999999999
2021-04-29 14:00:00,1.1752699999999998
2021-04-30 05:00:00,1.1647699999999999
2021-04-30 14:00:00,1.1656699999999998
2021-05-03 05:00:00,1.1710699999999998
2021-05-04 05:00:00,1.17247
2021-05-04 11:00:00,1.1716699999999998
2021-05-05 05:00:00,1.17407
2021-05-06 05:00:00,1.1654699999999998
2021-05-07 05:00:00,1.1647699999999999
2021-05-07 12:00:00,1.1648699999999999
2021-05-10 05:00:00,1.17657
2021-05-11 05:00:00,1.18257
2021-05-11 13:00:00,1.17857
2021-05-12 05:00:00,1.18047
2021-05-12 09:00:00,1.1817699999999998
2021-05-12 12:00:00,1.1816699999999998
2021-05-13 05:00:00,1.17657
2021-05-14 05:00:00,1.17597
2021-05-17 05:00:00,1.18007
2021-05-18 05:00:00,1.17597
2021-05-19 05:00:00,1.1787699999999999
2021-05-20 05:00:00,1.17827
2021-05-21 05:00:00,1.1752699999999998
2021-05-21 13:00:00,1.1789699999999999
2021-05-24 05:00:00,1.1737699999999998
2021-05-25 05:00:00,1.1705699999999999
2021-05-26 05:00:00,1.17197
2021-05-27 05:00:00,1.1789699999999999
2021-05-27 15:00:00,1.17797
2021-05-27 18:00:00,1.1777699999999998
2021-05-28 05:00:00,1.1811699999999998
2021-05-31 05:00:00,1.1811699999999998
2021-06-01 05:00:00,1.17387
2021-06-01 17:00:00,1.1733699999999998
2021-06-02 05:00:00,1.17657
2021-06-03 05:00:00,1.1789699999999999
2021-06-03 10:00:00,1.1808699999999999
2021-06-04 05:00:00,1.1777699999999998
2021-06-07 05:00:00,1.1767699999999999
2021-06-07 13:00:00,1.1788699999999999
2021-06-08 05:00:00,1.17397
2021-06-09 05:00:00,1.1690699999999998
2021-06-10 05:00:00,1.1726699999999999
2021-06-11 05:00:00,1.1726699999999999
2021-06-14 05:00:00,1.1742099999999998
2021-06-15 05:00:00,1.1694099999999998
2021-06-16 05:00:00,1.1733099999999999
2021-06-17 05:00:00,1.1817099999999998
2021-06-18 05:00:00,1.1781099999999998
2021-06-21 05:00:00,1.1839099999999998
2021-06-22 05:00:00,1.18481
2021-06-23 05:00:00,1.18681
2021-06-24 05:00:00,1.1837099999999998
2021-06-25 05:00:00,1.17841
2021-06-28 05:00:00,1.1812099999999999
2021-06-29 05:00:00,1.18041
2021-06-30 05:00:00,1.1831099999999999
2021-07-01 05:00:00,1.1792099999999999
2021-07-02 05:00:00,1.17871
2021-07-05 05:00:00,1.17871
2021-07-06 05:00:00,1.1812099999999999
2021-07-07 05:00:00,1.1816099999999998
2021-07-08 05:00:00,1.16671
2021-07-09 05:00:00,1.17481
2021-07-12 05:00:00,1.1751099999999999
2021-07-13 05:00:00,1.1751099999999999
2021-07-14 05:00:00,1.1722099999999998
2021-07-15 05:00:00,1.1732099999999999
2021-07-16 05:00:00,1.1717099999999998
2021-07-19 05:00:00,1.1599099999999998
2021-07-20 05:00:00,1.16061
2021-07-21 05:00:00,1.1636099999999998
2021-07-22 05:00:00,1.1715099999999998
2021-07-23 05:00:00,1.1713099999999999
2021-07-26 05:00:00,1.1711099999999999
2021-07-27 05:00:00,1.1752099999999999
2021-07-28 05:00:00,1.17261
2021-07-29 05:00:00,1.1710099999999999
2021-07-30 05:00:00,1.16481
2021-08-02 05:00:00,1.1631099999999999
2021-08-03 05:00:00,1.1641099999999998
2021-08-04 05:00:00,1.16471
2021-08-05 05:00:00,1.16871
2021-08-06 05:00:00,1.1757099999999998
2021-08-09 05:00:00,1.18081
2021-08-10 05:00:00,1.1836099999999998
2021-08-11 05:00:00,1.18441
2021-08-12 05:00:00,1.1812099999999999
2021-08-13 05:00:00,1.1755099999999998
2021-08-16 05:00:00,1.16871
2021-08-17 05:00:00,1.1629099999999999
2021-08-18 05:00:00,1.1678099999999998
2021-08-19 05:00:00,1.1592099999999999
2021-08-20 05:00:00,1.15661
2021-08-23 05:00:00,1.1594099999999998
2021-08-24 05:00:00,1.1597099999999998
2021-08-25 05:00:00,1.1638099999999998
2021-08-26 05:00:00,1.1641099999999998
2021-08-27 05:00:00,1.1615099999999998
2021-08-30 05:00:00,1.16871
2021-08-31 05:00:00,1.1654099999999998
2021-09-01 05:00:00,1.1678099999999998
2021-09-02 05:00:00,1.17271
2021-09-03 05:00:00,1.17461
2021-09-06 05:00:00,1.17461
2021-09-07 05:00:00,1.17441
2021-09-08 05:00:00,1.17661
2021-09-09 05:00:00,1.1757099999999998
2021-09-10 05:00:00,1.1779099999999998
2021-09-13 05:00:00,1.1809599999999998
2021-09-14 05:00:00,1.1744599999999998
2021-09-15 05:00:00,1.1770599999999998
2021-09-16 05:00:00,1.1830599999999998
2021-09-17 05:00:00,1.1853599999999997
2021-09-20 05:00:00,1.1707599999999998
2021-09-21 05:00:00,1.1665599999999998
2021-09-22 05:00:00,1.1666599999999998
2021-09-23 05:00:00,1.1730599999999998
2021-09-24 05:00:00,1.1685599999999998
2021-09-27 05:00:00,1.1742599999999996
2021-09-28 05:00:00,1.1635599999999997
2021-09-29 05:00:00,1.1604599999999998
2021-09-30 05:00:00,1.1615599999999997
2021-10-01 05:00:00,1.1657599999999997
2021-10-04 05:00:00,1.1638599999999997
2021-10-05 05:00:00,1.1696599999999997
2021-10-06 05:00:00,1.1652599999999997
2021-10-07 05:00:00,1.1706599999999998
2021-10-08 05:00:00,1.1673599999999997
2021-10-11 05:00:00,1.1672599999999997
2021-10-12 05:00:00,1.1707599999999998
2021-10-13 05:00:00,1.1660599999999997
2021-10-14 05:00:00,1.1691599999999998
2021-10-15 05:00:00,1.1741599999999996
2021-10-18 05:00:00,1.1728599999999998
2021-10-19 05:00:00,1.1785599999999998
2021-10-20 05:00:00,1.1765599999999998
2021-10-21 05:00:00,1.1715599999999997
2021-10-22 05:00:00,1.1660599999999997
2021-10-25 05:00:00,1.1719599999999997
2021-10-26 05:00:00,1.1718599999999997
2021-10-27 05:00:00,1.1666599999999998
2021-10-28 05:00:00,1.1629599999999998
2021-10-29 05:00:00,1.1588599999999998
2021-11-01 05:00:00,1.1474599999999997
2021-11-02 05:00:00,1.1506599999999998
2021-11-03 05:00:00,1.1513599999999997
2021-11-04 05:00:00,1.1376599999999997
2021-11-05 05:00:00,1.1363599999999998
2021-11-08 06:00:00,1.1442599999999998
2021-11-09 06:00:00,1.1410599999999997
2021-11-10 06:00:00,1.1374599999999997
2021-11-11 06:00:00,1.1384599999999998
2021-11-12 06:00:00,1.1414599999999997
2021-11-15 06:00:00,1.1479599999999996
2021-11-16 06:00:00,1.1565599999999998
2021-11-17 06:00:00,1.1586599999999998
2021-11-18 06:00:00,1.1558599999999997
2021-11-19 06:00:00,1.1552599999999997
2021-11-22 06:00:00,1.1558599999999997
2021-11-23 06:00:00,1.1555599999999997
2021-11-24 06:00:00,1.1511599999999997
2021-11-25 06:00:00,1.1511599999999997
2021-11-26 06:00:00,1.1370599999999997
2021-11-29 06:00:00,1.1359599999999996
2021-11-30 06:00:00,1.1269599999999997
2021-12-01 06:00:00,1.1287599999999998
2021-12-02 06:00:00,1.1314599999999997
2021-12-03 06:00:00,1.1209599999999997
2021-12-06 06:00:00,1.1346599999999998
2021-12-07 06:00:00,1.1313599999999997
2021-12-08 06:00:00,1.1244599999999998
2021-12-09 06:00:00,1.1281599999999998
2021-12-10 06:00:00,1.1280599999999998
2021-12-13 06:00:00,1.1294299999999997
2021-12-14 06:00:00,1.1325299999999998
2021-12-15 06:00:00,1.1361299999999996
2021-12-16 06:00:00,1.1340299999999996
2021-12-17 06:00:00,1.1346299999999998
2021-12-20 06:00:00,1.1285299999999998
2021-12-21 06:00:00,1.1360299999999997
2021-12-22 06:00:00,1.1392299999999997
2021-12-23 06:00:00,1.1420299999999997
2021-12-24 06:00:00,1.1420299999999997
2021-12-27 06:00:00,1.1444299999999996
2021-12-28 06:00:00,1.1428299999999998
2021-12-29 06:00:00,1.1445299999999996
2021-12-30 06:00:00,1.1456299999999997
2021-12-31 06:00:00,1.1447299999999998
2022-01-03 06:00:00,1.1496299999999997
2022-01-04 06:00:00,1.1516299999999997
2022-01-05 06:00:00,1.1553299999999997
2022-01-06 06:00:00,1.1587299999999998
2022-01-07 06:00:00,1.1601299999999997
2022-01-10 06:00:00,1.1696299999999997
2022-01-11 06:00:00,1.1702299999999997
2022-01-12 06:00:00,1.1639299999999997
2022-01-13 06:00:00,1.1608299999999998
2022-01-14 06:00:00,1.1614299999999997
2022-01-17 06:00:00,1.1614299999999997
2022-01-18 06:00:00,1.1585299999999996
2022-01-19 06:00:00,1.1586299999999996
2022-01-20 06:00:00,1.1604299999999996
2022-01-21 06:00:00,1.1474299999999997
2022-01-24 06:00:00,1.1443299999999996
2022-01-25 06:00:00,1.1532299999999998
2022-01-26 06:00:00,1.1554299999999997
2022-01-27 06:00:00,1.1578299999999997
2022-01-28 06:00:00,1.1581299999999997
2022-01-31 06:00:00,1.1573299999999997
2022-02-01 06:00:00,1.1582299999999996
2022-02-02 06:00:00,1.1599299999999997
2022-02-03 06:00:00,1.1630299999999998
2022-02-04 06:00:00,1.1643299999999996
2022-02-07 06:00:00,1.1623299999999996
2022-02-08 06:00:00,1.1657299999999997
2022-02-09 06:00:00,1.1626299999999996
2022-02-10 06:00:00,1.1691299999999998
2022-02-11 06:00:00,1.1662299999999997
2022-02-14 06:00:00,1.1641299999999997
2022-02-15 06:00:00,1.1654299999999997
2022-02-16 06:00:00,1.1651299999999998
2022-02-17 06:00:00,1.1661299999999997
2022-02-18 06:00:00,1.1656299999999997
2022-02-21 06:00:00,1.1656299999999997
2022-02-22 06:00:00,1.1651299999999998
2022-02-23 06:00:00,1.1560299999999997
2022-02-24 06:00:00,1.1525299999999996
2022-02-25 06:00:00,1.1555299999999997
2022-02-28 06:00:00,1.1431299999999998
2022-03-01 06:00:00,1.1366299999999998
2022-03-02 06:00:00,1.1446299999999998
2022-03-03 06:00:00,1.1387299999999998
2022-03-04 06:00:00,1.1273299999999997
2022-03-07 06:00:00,1.1267299999999998
2022-03-08 06:00:00,1.1313299999999997
2022-03-09 06:00:00,1.1346299999999998
2022-03-10 06:00:00,1.1319299999999997
2022-03-11 06:00:00,1.1328299999999998
2022-03-14 05:00:00,1.1334899999999997
2022-03-15 05:00:00,1.1400899999999996
2022-03-16 05:00:00,1.1484899999999998
2022-03-17 05:00:00,1.1447899999999998
2022-03-18 05:00:00,1.1417899999999996
2022-03-21 05:00:00,1.1416899999999996
2022-03-22 05:00:00,1.1492899999999997
2022-03-23 05:00:00,1.1420899999999996
2022-03-24 05:00:00,1.1397899999999996
2022-03-25 05:00:00,1.1404899999999998
2022-03-28 05:00:00,1.1379899999999996
2022-03-29 05:00:00,1.1324899999999998
2022-03-30 05:00:00,1.1254899999999997
2022-03-31 05:00:00,1.1254899999999997
2022-04-01 05:00:00,1.1268899999999997
2022-04-04 05:00:00,1.1285899999999998
2022-04-05 05:00:00,1.1292899999999997
2022-04-06 05:00:00,1.1331899999999997
2022-04-07 05:00:00,1.1349899999999997
2022-04-08 05:00:00,1.1314899999999997
2022-04-11 05:00:00,1.1275899999999996
2022-04-12 05:00:00,1.1262899999999998
2022-04-13 05:00:00,1.1389899999999997
2022-04-14 05:00:00,1.1470899999999997
2022-04-18 05:00:00,1.1430899999999997
2022-04-19 05:00:00,1.1511899999999997
2022-04-20 05:00:00,1.1533899999999997
2022-04-21 05:00:00,1.1562899999999996
2022-04-22 05:00:00,1.1417899999999996
2022-04-25 05:00:00,1.1361899999999996
2022-04-26 05:00:00,1.1262899999999998
2022-04-27 05:00:00,1.1296899999999996
2022-04-28 05:00:00,1.1261899999999996
2022-04-29 05:00:00,1.1385899999999998
2022-05-02 05:00:00,1.1360899999999996
2022-05-03 05:00:00,1.1376899999999996
2022-05-04 05:00:00,1.1408899999999997
2022-05-05 05:00:00,1.1354899999999997
2022-05-06 05:00:00,1.1339899999999996
2022-05-09 05:00:00,1.1411899999999997
2022-05-10 05:00:00,1.1412899999999997
2022-05-11 05:00:00,1.1339899999999996
2022-05-12 05:00:00,1.1387899999999997
2022-05-13 05:00:00,1.1437899999999996
2022-05-16 05:00:00,1.1495899999999997
2022-05-17 05:00:00,1.1564899999999996
2022-05-18 05:00:00,1.1351899999999997
2022-05-19 05:00:00,1.1290899999999997
2022-05-20 05:00:00,1.1335899999999997
2022-05-23 05:00:00,1.1309899999999997
2022-05-24 05:00:00,1.1186899999999997
2022-05-25 05:00:00,1.1270899999999997
2022-05-26 05:00:00,1.1251899999999997
2022-05-27 05:00:00,1.1260899999999996
2022-05-30 05:00:00,1.1260899999999996
2022-05-31 05:00:00,1.1253899999999997
2022-06-01 05:00:00,1.1193899999999997
2022-06-02 05:00:00,1.1212899999999997
2022-06-03 05:00:00,1.1202899999999998
2022-06-06 05:00:00,1.1345899999999998
2022-06-07 05:00:00,1.1411899999999997
2022-06-08 05:00:00,1.1431899999999997
2022-06-09 05:00:00,1.1430899999999997
2022-06-10 05:00:00,1.1344899999999998
2022-06-13 05:00:00,1.1287799999999997
2022-06-14 05:00:00,1.1183799999999997
2022-06-15 05:00:00,1.1284799999999997
2022-06-16 05:00:00,1.1098799999999998
2022-06-17 05:00:00,1.1041799999999997
2022-06-20 05:00:00,1.1041799999999997
2022-06-21 05:00:00,1.1057799999999998
2022-06-22 05:00:00,1.0984799999999997
2022-06-23 05:00:00,1.0971799999999998
2022-06-24 05:00:00,1.0958799999999997
2022-06-27 05:00:00,1.0937799999999998
2022-06-28 05:00:00,1.0858799999999997
2022-06-29 05:00:00,1.0771799999999998
2022-06-30 05:00:00,1.0815799999999998
2022-07-01 05:00:00,1.0809799999999998
2022-07-04 05:00:00,1.0809799999999998
2022-07-05 05:00:00,1.0772799999999998
2022-07-06 05:00:00,1.0783799999999997
2022-07-07 05:00:00,1.0910799999999998
2022-07-08 05:00:00,1.0957799999999998
2022-07-11 05:00:00,1.0861799999999997
2022-07-12 05:00:00,1.0886799999999996
2022-07-13 05:00:00,1.0862799999999997
2022-07-14 05:00:00,1.0836799999999998
2022-07-15 05:00:00,1.0802799999999997
2022-07-18 05:00:00,1.0887799999999996
2022-07-19 05:00:00,1.0832799999999998
2022-07-20 05:00:00,1.0841799999999997
2022-07-21 05:00:00,1.0798799999999997
2022-07-22 05:00:00,1.0754799999999998
2022-07-25 05:00:00,1.0833799999999998
2022-07-26 05:00:00,1.0794799999999998
2022-07-27 05:00:00,1.0877799999999997
2022-07-28 05:00:00,1.0821799999999997
2022-07-29 05:00:00,1.0805799999999997
2022-08-01 05:00:00,1.0862799999999997
2022-08-02 05:00:00,1.0860799999999997
2022-08-03 05:00:00,1.0904799999999997
2022-08-04 05:00:00,1.0838799999999997
2022-08-05 05:00:00,1.0823799999999997
2022-08-08 05:00:00,1.0761799999999997
2022-08-09 05:00:00,1.0731799999999998
2022-08-10 05:00:00,1.0739799999999997
2022-08-11 05:00:00,1.0712799999999998
2022-08-12 05:00:00,1.0653799999999998
2022-08-15 05:00:00,1.0637799999999997
2022-08-16 05:00:00,1.0708799999999998
2022-08-17 05:00:00,1.0700799999999997
2022-08-18 05:00:00,1.0637799999999997
2022-08-19 05:00:00,1.0556799999999997
2022-08-22 05:00:00,1.0565799999999996
2022-08-23 05:00:00,1.0628799999999998
2022-08-24 05:00:00,1.0628799999999998
2022-08-25 05:00:00,1.0626799999999996
2022-08-26 05:00:00,1.0577799999999997
2022-08-29 05:00:00,1.0568799999999998
2022-08-30 05:00:00,1.0582799999999997
2022-08-31 05:00:00,1.0572799999999998
2022-09-01 05:00:00,1.0567799999999998
2022-09-02 05:00:00,1.0524799999999996
2022-09-05 05:00:00,1.0524799999999996
2022-09-06 05:00:00,1.0586799999999998
2022-09-07 05:00:00,1.0491799999999998
2022-09-08 05:00:00,1.0411799999999998
2022-09-09 05:00:00,1.0375799999999997
2022-09-12 05:00:00,1.0383799999999996
2022-09-13 05:00:00,1.0294799999999997
2022-09-14 05:00:00,1.0354799999999997
2022-09-15 05:00:00,1.0260799999999997
2022-09-16 05:00:00,1.0258799999999997
2022-09-19 05:00:00,1.0272799999999997
2022-09-20 05:00:00,1.0207799999999998
2022-09-21 05:00:00,1.0167799999999998
2022-09-22 05:00:00,1.0262799999999996
2022-09-23 05:00:00,0.9906799999999998
2022-09-26 05:00:00,0.9865799999999998
2022-09-27 05:00:00,0.9871799999999997
2022-09-28 05:00:00,0.9867799999999998
2022-09-29 05:00:00,1.0051799999999997
2022-09-30 05:00:00,1.0256799999999997
2022-10-03 05:00:00,1.0468799999999996
2022-10-04 05:00:00,1.0474799999999997
2022-10-05 05:00:00,1.0389799999999998
2022-10-06 05:00:00,1.0295799999999997
2022-10-07 05:00:00,1.0266799999999996
2022-10-10 05:00:00,1.0301799999999997
2022-10-11 05:00:00,1.0241799999999996
2022-10-12 05:00:00,1.0319799999999997
2022-10-13 05:00:00,1.0551799999999998
2022-10-14 05:00:00,1.0485799999999996
2022-10-17 05:00:00,1.0567799999999996
2022-10-18 05:00:00,1.0514799999999997
2022-10-19 05:00:00,1.0523799999999996
2022-10-20 05:00:00,1.0522799999999997
2022-10-21 05:00:00,1.0525799999999996
2022-10-24 05:00:00,1.0554799999999998
2022-10-25 05:00:00,1.0684799999999997
2022-10-26 05:00:00,1.0727799999999996
2022-10-27 05:00:00,1.0731799999999998
2022-10-28 05:00:00,1.0833799999999998
2022-10-31 05:00:00,1.0749799999999996
2022-11-01 05:00:00,1.0747799999999996
2022-11-02 05:00:00,1.0718799999999997
2022-11-03 05:00:00,1.0573799999999998
2022-11-04 05:00:00,1.0573799999999998
2022-11-07 06:00:00,1.0663799999999997
2022-11-08 06:00:00,1.0644799999999996
2022-11-09 06:00:00,1.0458799999999997
2022-11-10 06:00:00,1.0580799999999997
2022-11-11 06:00:00,1.0429799999999998
2022-11-14 06:00:00,1.0370799999999998
2022-11-15 06:00:00,1.0472799999999998
2022-11-16 06:00:00,1.0525799999999996
2022-11-17 06:00:00,1.0563799999999997
2022-11-18 06:00:00,1.0621799999999997
2022-11-21 06:00:00,1.0620799999999997
2022-11-22 06:00:00,1.0601799999999997
2022-11-23 06:00:00,1.0651799999999998
2022-11-24 06:00:00,1.0651799999999998
2022-11-25 06:00:00,1.0722799999999997
2022-11-28 06:00:00,1.0638799999999997
2022-11-29 06:00:00,1.0691799999999998
2022-11-30 06:00:00,1.0687799999999996
2022-12-01 06:00:00,1.0776799999999997
2022-12-02 06:00:00,1.0814799999999998
2022-12-05 06:00:00,1.0772799999999998
2022-12-06 06:00:00,1.0738799999999997
2022-12-07 06:00:00,1.0774799999999998
2022-12-08 06:00:00,1.0764799999999997
2022-12-09 06:00:00,1.0757799999999997
2022-12-12 06:00:00,1.0790799999999996
2022-12-13 06:00:00,1.0795799999999998
2022-12-14 06:00:00,1.0775799999999998
2022-12-15 06:00:00,1.0631799999999998
2022-12-16 06:00:00,1.0669799999999998
2022-12-19 06:00:00,1.0611799999999998
2022-12-20 06:00:00,1.0588799999999998
2022-12-21 06:00:00,1.0508799999999998
2022-12-22 06:00:00,1.0526799999999998
2022-12-23 06:00:00,1.0568799999999998
2022-12-27 06:00:00,1.0504799999999999
2022-12-28 06:00:00,1.0494799999999997
2022-12-29 06:00:00,1.04608
2022-12-30 06:00:00,1.0482799999999999
2023-01-03 06:00:00,1.05408
2023-01-04 06:00:00,1.0542799999999999
2023-01-05 06:00:00,1.0493799999999998
2023-01-06 06:00:00,1.05588
2023-01-09 06:00:00,1.0563799999999999
2023-01-10 06:00:00,1.0565799999999999
2023-01-11 06:00:00,1.06598
2023-01-12 06:00:00,1.0696799999999997
2023-01-13 06:00:00,1.06798
2023-01-16 06:00:00,1.06798
2023-01-17 06:00:00,1.0663799999999999
2023-01-18 06:00:00,1.0649799999999998
2023-01-19 06:00:00,1.0694799999999998
2023-01-20 06:00:00,1.07608
2023-01-23 06:00:00,1.07598
2023-01-24 06:00:00,1.07408
2023-01-25 06:00:00,1.0732799999999998
2023-01-26 06:00:00,1.0770799999999998
2023-01-27 06:00:00,1.0774799999999998
2023-01-30 06:00:00,1.07838
2023-01-31 06:00:00,1.0643799999999999
2023-02-01 06:00:00,1.0609799999999998
2023-02-02 06:00:00,1.0536799999999997
2023-02-03 06:00:00,1.05218
2023-02-06 06:00:00,1.0524799999999999
2023-02-07 06:00:00,1.0468799999999998
2023-02-08 06:00:00,1.0474799999999997
2023-02-09 06:00:00,1.0547799999999998
2023-02-10 06:00:00,1.0508799999999998
2023-02-13 06:00:00,1.0533799999999998
2023-02-14 06:00:00,1.0591799999999998
2023-02-15 06:00:00,1.0483799999999999
2023-02-16 06:00:00,1.04798
2023-02-17 06:00:00,1.0516799999999997
2023-02-20 06:00:00,1.0516799999999997
2023-02-21 06:00:00,1.0608799999999998
2023-02-22 06:00:00,1.0594799999999998
2023-02-23 06:00:00,1.0603799999999999
2023-02-24 06:00:00,1.0617799999999997
2023-02-27 06:00:00,1.0669799999999998
2023-02-28 06:00:00,1.07228
2023-03-01 06:00:00,1.0686799999999999
2023-03-02 06:00:00,1.06398
2023-03-03 06:00:00,1.0666799999999999
2023-03-06 06:00:00,1.0593799999999998
2023-03-07 06:00:00,1.0532799999999998
2023-03-08 06:00:00,1.05398
2023-03-09 06:00:00,1.0551799999999998
2023-03-10 05:00:00,1.0551799999999998
2023-03-10 06:00:00,1.04808
2023-03-13 05:00:00,1.0381999999999998
2023-03-13 12:00:00,1.0285999999999997
2023-03-13 13:00:00,1.0287999999999997
2023-03-13 14:00:00,1.0324999999999998
2023-03-14 05:00:00,1.0399999999999998
2023-03-14 13:00:00,1.0414999999999999
2023-03-14 16:00:00,1.0404999999999998
2023-03-15 05:00:00,1.0490999999999997
2023-03-16 05:00:00,1.0556999999999999
2023-03-16 08:00:00,1.0454999999999999
2023-03-16 16:00:00,1.0525999999999998
2023-03-17 05:00:00,1.0569999999999997
2023-03-17 20:00:00,1.0554999999999997
2023-03-20 05:00:00,1.0678999999999998
2023-03-21 02:00:00,1.0670999999999997
2023-03-21 05:00:00,1.0559999999999998
2023-03-21 08:00:00,1.0662999999999998
2023-03-22 05:00:00,1.0566999999999998
2023-03-22 09:00:00,1.0606999999999998
2023-03-22 15:00:00,1.0582999999999998
2023-03-22 16:00:00,1.0580999999999998
2023-03-23 05:00:00,1.0536999999999999
2023-03-23 08:00:00,1.0541999999999998
2023-03-23 17:00:00,1.0548999999999997
2023-03-23 18:00:00,1.0538999999999998
2023-03-24 05:00:00,1.0535999999999999
2023-03-24 13:00:00,1.0501999999999998
2023-03-24 19:00:00,1.0535999999999999
2023-03-27 05:00:00,1.0549999999999997
2023-03-28 05:00:00,1.0634999999999997
2023-03-28 06:00:00,1.0593999999999997
2023-03-28 12:00:00,1.0592999999999997
2023-03-28 15:00:00,1.0640999999999998
2023-03-29 05:00:00,1.0609999999999997
2023-03-29 07:00:00,1.0652999999999997
2023-03-29 15:00:00,1.0616999999999999
2023-03-30 05:00:00,1.0623999999999998
2023-03-30 07:00:00,1.0619999999999998
2023-03-31 05:00:00,1.0576999999999999
2023-03-31 08:00:00,1.0608999999999997
2023-03-31 14:00:00,1.0600999999999998
2023-04-03 05:00:00,1.0630999999999997
2023-04-04 05:00:00,1.0622999999999998
2023-04-05 05:00:00,1.0596999999999999
2023-04-06 05:00:00,1.0568999999999997
2023-04-07 05:00:00,1.0534999999999997
2023-04-10 05:00:00,1.0570999999999997
2023-04-11 05:00:00,1.0527999999999997
2023-04-12 05:00:00,1.0494999999999999
2023-04-13 05:00:00,1.0434999999999999
2023-04-14 05:00:00,1.0410999999999997
2023-04-14 08:00:00,1.0416999999999998
2023-04-17 05:00:00,1.0434999999999999
2023-04-18 05:00:00,1.0462999999999998
2023-04-19 05:00:00,1.0478999999999998
2023-04-19 06:00:00,1.0467999999999997
2023-04-20 05:00:00,1.0430999999999997
2023-04-20 14:00:00,1.0449999999999997
2023-04-21 05:00:00,1.0420999999999998
2023-04-24 05:00:00,1.0403999999999998
2023-04-25 05:00:00,1.0386999999999997
2023-04-26 05:00:00,1.0418999999999998
2023-04-27 05:00:00,1.0495999999999999
2023-04-28 05:00:00,1.0556999999999999
2023-04-28 09:00:00,1.0490999999999997
2023-04-28 15:00:00,1.0522999999999998
2023-04-28 17:00:00,1.0548999999999997
2023-05-01 05:00:00,1.0514999999999997
2023-05-02 05:00:00,1.0464999999999998
2023-05-03 05:00:00,1.0456999999999999
2023-05-04 05:00:00,1.0472999999999997
2023-05-05 05:00:00,1.0588999999999997
2023-05-05 08:00:00,1.0571999999999997
2023-05-05 09:00:00,1.0584999999999998
2023-05-05 12:00:00,1.0582999999999998
2023-05-05 16:00:00,1.0604999999999998
2023-05-08 05:00:00,1.0558999999999998
2023-05-09 05:00:00,1.0568999999999997
2023-05-10 05:00:00,1.0563999999999998
2023-05-11 05:00:00,1.0528999999999997
2023-05-12 05:00:00,1.0516999999999999
2023-05-12 07:00:00,1.0505999999999998
2023-05-15 05:00:00,1.0554999999999997
2023-05-16 05:00:00,1.0528999999999997
2023-05-17 05:00:00,1.0564999999999998
2023-05-18 05:00:00,1.0572999999999997
2023-05-19 05:00:00,1.0546999999999997
2023-05-22 05:00:00,1.0511999999999997
2023-05-22 07:00:00,1.0515999999999999
2023-05-23 05:00:00,1.0540999999999998
2023-05-23 10:00:00,1.0512999999999997
2023-05-24 05:00:00,1.0539999999999998
2023-05-24 17:00:00,1.0548999999999997
2023-05-25 05:00:00,1.0516999999999999
2023-05-25 09:00:00,1.0563999999999998
2023-05-25 13:00:00,1.0529999999999997
2023-05-26 05:00:00,1.0528999999999997
2023-05-26 06:00:00,1.0532999999999997
2023-05-29 05:00:00,1.0528999999999997
2023-05-30 05:00:00,1.0587999999999997
2023-05-31 05:00:00,1.0676999999999999
2023-06-01 05:00:00,1.0708999999999997
2023-06-02 05:00:00,1.0677999999999999
2023-06-05 05:00:00,1.0623999999999998
2023-06-06 05:00:00,1.0644999999999998
2023-06-07 05:00:00,1.0681999999999998
2023-06-08 05:00:00,1.0657999999999999
2023-06-09 05:00:00,1.0725999999999998
2023-06-12 05:00:00,1.0746999999999998
2023-06-13 05:00:00,1.0784999999999998
2023-06-13 15:00:00,1.0796999999999999
2023-06-14 05:00:00,1.0771
2023-06-15 05:00:00,1.0763999999999998
2023-06-16 05:00:00,1.0843999999999998
2023-06-19 05:00:00,1.0843999999999998
2023-06-20 05:00:00,1.0833
2023-06-20 08:00:00,1.0845999999999998
2023-06-21 05:00:00,1.0780999999999998
2023-06-22 05:00:00,1.0794
2023-06-22 11:00:00,1.0800999999999998
2023-06-23 05:00:00,1.0776999999999999
2023-06-26 05:00:00,1.0757999999999999
2023-06-27 05:00:00,1.0761999999999998
2023-06-28 05:00:00,1.0713
2023-06-29 05:00:00,1.0729999999999997
2023-06-29 06:00:00,1.0731
2023-06-30 05:00:00,1.0743999999999998
2023-07-03 05:00:00,1.0758999999999999
2023-07-04 05:00:00,1.0758999999999999
2023-07-05 05:00:00,1.0796
2023-07-06 05:00:00,1.0803999999999998
2023-07-07 05:00:00,1.0796
2023-07-10 05:00:00,1.0774
2023-07-11 05:00:00,1.0766999999999998
2023-07-11 09:00:00,1.0772
2023-07-11 16:00:00,1.0746999999999998
2023-07-12 05:00:00,1.0655999999999999
2023-07-13 05:00:00,1.0673
2023-07-14 05:00:00,1.0691
2023-07-17 05:00:00,1.0648999999999997
2023-07-17 12:00:00,1.0639999999999998
2023-07-18 05:00:00,1.0585999999999998
2023-07-18 18:00:00,1.0584999999999998
2023-07-19 05:00:00,1.0504999999999998
2023-07-19 06:00:00,1.0514999999999999
2023-07-20 05:00:00,1.0554999999999999
2023-07-21 05:00:00,1.0542999999999998
2023-07-21 17:00:00,1.0540999999999998
2023-07-24 02:00:00,1.0547999999999997
2023-07-24 03:00:00,1.0547999999999997
2023-07-24 05:00:00,1.0540999999999998
2023-07-25 05:00:00,1.057
2023-07-25 19:00:00,1.0556999999999999
2023-07-26 04:00:00,1.0555999999999999
2023-07-26 05:00:00,1.055
2023-07-26 18:00:00,1.0555999999999999
2023-07-26 19:00:00,1.0547999999999997
2023-07-27 05:00:00,1.0541999999999998
2023-07-27 06:00:00,1.0554999999999999
2023-07-27 07:00:00,1.0552
2023-07-27 14:00:00,1.0560999999999998
2023-07-27 15:00:00,1.0589
2023-07-28 05:00:00,1.0589
2023-07-28 11:00:00,1.0593
2023-07-28 12:00:00,1.0585999999999998
2023-07-28 16:00:00,1.0594
2023-07-31 05:00:00,1.0605999999999998
2023-08-01 05:00:00,1.0600999999999998
2023-08-02 05:00:00,1.0576999999999999
2023-08-02 14:00:00,1.0551
2023-08-03 05:00:00,1.0534
2023-08-03 09:00:00,1.0542999999999998
2023-08-03 11:00:00,1.0494999999999999
2023-08-03 12:00:00,1.0494999999999999
2023-08-04 05:00:00,1.0554
2023-08-07 05:00:00,1.0582999999999998
2023-08-08 05:00:00,1.0584999999999998
2023-08-09 05:00:00,1.059
2023-08-10 05:00:00,1.0544999999999998
2023-08-11 05:00:00,1.0554999999999999
2023-08-14 05:00:00,1.0573
2023-08-15 05:00:00,1.0596999999999999
2023-08-16 05:00:00,1.0625999999999998
2023-08-16 08:00:00,1.063
2023-08-17 05:00:00,1.0636999999999999
2023-08-17 09:00:00,1.0613
2023-08-18 05:00:00,1.0676999999999999
2023-08-18 12:00:00,1.0633
2023-08-18 15:00:00,1.0660999999999998
2023-08-18 17:00:00,1.0675999999999999
2023-08-21 05:00:00,1.0652
2023-08-22 05:00:00,1.0651
2023-08-23 05:00:00,1.0605999999999998
2023-08-24 05:00:00,1.0595999999999999
2023-08-24 09:00:00,1.0606999999999998
2023-08-25 05:00:00,1.0577999999999999
2023-08-28 05:00:00,1.0584999999999998
2023-08-29 05:00:00,1.0547999999999997
2023-08-30 05:00:00,1.0617999999999999
2023-08-30 17:00:00,1.0618999999999998
2023-08-31 05:00:00,1.0638999999999998
2023-09-01 05:00:00,1.0602999999999998
2023-09-04 05:00:00,1.0602999999999998
2023-09-05 05:00:00,1.0635999999999999
2023-09-06 05:00:00,1.0605999999999998
2023-09-07 05:00:00,1.0595999999999999
2023-09-07 15:00:00,1.0603999999999998
2023-09-07 16:00:00,1.0603999999999998
2023-09-08 05:00:00,1.0584999999999998
2023-09-11 05:00:00,1.0608999999999997
2023-09-12 05:00:00,1.0592
2023-09-13 05:00:00,1.0619999999999998
2023-09-14 05:00:00,1.0583999999999998
2023-09-15 05:00:00,1.0579999999999998
2023-09-18 05:00:00,1.0582999999999998
2023-09-19 05:00:00,1.0601999999999998
2023-09-20 05:00:00,1.0560999999999998
2023-09-21 05:00:00,1.0584999999999998
2023-09-22 05:00:00,1.0579999999999998
2023-09-25 05:00:00,1.0617999999999999
2023-09-26 05:00:00,1.0606999999999998
2023-09-27 05:00:00,1.0659999999999998
2023-09-28 05:00:00,1.0657999999999999
2023-09-29 05:00:00,1.0658999999999998
2023-10-02 05:00:00,1.0590999999999997
2023-10-03 05:00:00,1.0619999999999998
2023-10-04 05:00:00,1.0621999999999998
2023-10-05 05:00:00,1.0627999999999997
2023-10-06 05:00:00,1.0630999999999997
2023-10-09 05:00:00,1.0575999999999999
2023-10-10 05:00:00,1.0609999999999997
2023-10-11 05:00:00,1.0607999999999997
2023-10-12 05:00:00,1.0564999999999998
2023-10-13 05:00:00,1.0442999999999998
2023-10-16 05:00:00,1.0499999999999998
2023-10-17 05:00:00,1.0470999999999997
2023-10-18 05:00:00,1.0425999999999997
2023-10-19 05:00:00,1.0359999999999998
2023-10-20 05:00:00,1.0356999999999998
2023-10-23 05:00:00,1.0432
2023-10-24 05:00:00,1.0380999999999998
2023-10-25 05:00:00,1.0380999999999998
2023-10-26 05:00:00,1.0428999999999997
2023-10-27 05:00:00,1.0439999999999998
2023-10-30 05:00:00,1.0488999999999997
2023-10-31 05:00:00,1.0570999999999997
2023-11-01 05:00:00,1.0548999999999997
2023-11-02 05:00:00,1.0582999999999998
2023-11-03 05:00:00,1.0645999999999998
2023-11-06 06:00:00,1.0627999999999997
2023-11-07 06:00:00,1.0599999999999998
2023-11-08 06:00:00,1.0583999999999998
2023-11-09 06:00:00,1.0575999999999999
2023-11-10 06:00:00,1.0565999999999998
2023-11-13 06:00:00,1.0607999999999997
2023-11-14 06:00:00,1.0646999999999998
2023-11-15 06:00:00,1.0568999999999997
2023-11-16 06:00:00,1.0575999999999999
2023-11-17 06:00:00,1.0567999999999997
2023-11-20 06:00:00,1.0608999999999997
2023-11-21 06:00:00,1.0629999999999997
2023-11-21 16:30:00,1.0611999999999997
2023-11-21 17:00:00,1.0611999999999997
2023-11-21 18:00:00,1.0611999999999997
2023-11-21 19:00:00,1.0611999999999997
2023-11-21 20:00:00,1.0611999999999997
2023-11-21 21:00:00,1.0611999999999997
2023-11-21 22:00:00,1.0611999999999997
2023-11-21 23:00:00,1.0611999999999997
2023-11-22 06:00:00,1.0588999999999997
2023-11-22 16:30:00,1.0600999999999998
2023-11-22 17:00:00,1.0600999999999998
2023-11-22 18:00:00,1.0600999999999998
2023-11-22 19:00:00,1.0600999999999998
2023-11-22 20:00:00,1.0600999999999998
2023-11-22 21:00:00,1.0600999999999998
2023-11-22 22:00:00,1.0600999999999998
2023-11-22 23:00:00,1.0600999999999998
2023-11-23 06:00:00,1.0588999999999997
2023-11-23 16:30:00,1.0648999999999997
2023-11-23 17:00:00,1.0648999999999997
2023-11-23 18:00:00,1.0648999999999997
2023-11-23 19:00:00,1.0648999999999997
2023-11-23 20:00:00,1.0648999999999997
2023-11-23 21:00:00,1.0648999999999997
2023-11-23 22:00:00,1.0648999999999997
2023-11-23 23:00:00,1.0648999999999997
2023-11-24 06:00:00,1.0664999999999998
2023-11-27 06:00:00,1.0671999999999997
2023-11-28 06:00:00,1.0698999999999999
2023-11-28 16:30:00,1.0665999999999998
2023-11-28 17:00:00,1.0665999999999998
2023-11-28 18:00:00,1.0665999999999998
2023-11-28 19:00:00,1.0665999999999998
2023-11-28 20:00:00,1.0665999999999998
2023-11-28 21:00:00,1.0665999999999998
2023-11-28 22:00:00,1.0665999999999998
2023-11-28 23:00:00,1.0665999999999998
2023-11-29 06:00:00,1.0646999999999998
2023-11-29 17:00:00,1.0655
2023-11-29 18:00:00,1.0655
2023-11-29 19:00:00,1.0655
2023-11-29 20:00:00,1.0655
2023-11-29 21:00:00,1.0655
2023-11-29 22:00:00,1.0655
2023-11-29 23:00:00,1.0655
2023-11-30 06:00:00,1.0606999999999998
2023-11-30 16:30:00,1.0618999999999998
2023-11-30 17:00:00,1.0556999999999999
2023-11-30 18:00:00,1.0569999999999997
2023-11-30 19:00:00,1.0569999999999997
2023-11-30 20:00:00,1.0569999999999997
2023-11-30 21:00:00,1.0569999999999997
2023-11-30 22:00:00,1.0569999999999997
2023-11-30 23:00:00,1.0569999999999997
2023-12-01 06:00:00,1.0598999999999998
2023-12-01 16:30:00,1.0609999999999997
2023-12-01 17:00:00,1.0609999999999997
2023-12-01 18:00:00,1.0609999999999997
2023-12-01 19:00:00,1.0609999999999997
2023-12-01 20:00:00,1.0609999999999997
2023-12-01 21:00:00,1.0609999999999997
2023-12-01 22:00:00,1.0609999999999997
2023-12-01 23:00:00,1.0609999999999997
2023-12-04 06:00:00,1.0582999999999998
2023-12-04 17:00:00,1.0578999999999998
2023-12-04 18:00:00,1.0578999999999998
2023-12-04 19:00:00,1.0578999999999998
2023-12-04 20:00:00,1.0578999999999998
2023-12-04 21:00:00,1.0578999999999998
2023-12-04 22:00:00,1.0586999999999998
2023-12-04 23:00:00,1.0586999999999998
2023-12-05 06:00:00,1.0575999999999999
2023-12-05 16:30:00,1.0591999999999997
2023-12-05 17:00:00,1.0591999999999997
2023-12-05 18:00:00,1.0591999999999997
2023-12-05 19:00:00,1.0591999999999997
2023-12-05 20:00:00,1.0591999999999997
2023-12-05 21:00:00,1.0591999999999997
2023-12-05 22:00:00,1.0577999999999999
2023-12-05 23:00:00,1.0577999999999999
2023-12-06 06:00:00,1.0551999999999997
2023-12-06 16:30:00,1.0564999999999998
2023-12-06 17:00:00,1.0564999999999998
2023-12-06 18:00:00,1.0564999999999998
2023-12-06 19:00:00,1.0564999999999998
2023-12-06 20:00:00,1.0564999999999998
2023-12-06 21:00:00,1.0564999999999998
2023-12-06 22:00:00,1.0564999999999998
2023-12-06 23:00:00,1.0564999999999998
2023-12-07 06:00:00,1.0574999999999999
2023-12-07 16:30:00,1.0591999999999997
2023-12-07 17:00:00,1.0591999999999997
2023-12-07 18:00:00,1.0591999999999997
2023-12-07 19:00:00,1.0591999999999997
2023-12-07 20:00:00,1.0591999999999997
2023-12-07 21:00:00,1.0591999999999997
2023-12-07 22:00:00,1.0591999999999997
2023-12-07 23:00:00,1.0591999999999997
2023-12-08 06:00:00,1.0615999999999999
2023-12-08 16:30:00,1.0601999999999998
2023-12-08 17:00:00,1.0601999999999998
2023-12-08 18:00:00,1.0601999999999998
2023-12-08 19:00:00,1.0601999999999998
2023-12-08 20:00:00,1.0601999999999998
2023-12-08 21:00:00,1.0601999999999998
2023-12-08 22:00:00,1.0601999999999998
2023-12-08 23:00:00,1.0601999999999998
2023-12-11 06:00:00,1.0595999999999999
2023-12-11 21:00:00,1.0594
2023-12-11 22:00:00,1.0594
2023-12-11 23:00:00,1.0594
2023-12-12 06:00:00,1.0570999999999997
2023-12-13 06:00:00,1.0549999999999997
2023-12-14 06:00:00,1.0620999999999998
2023-12-15 06:00:00,1.0614999999999999
2023-12-18 06:00:00,1.0552
2023-12-18 17:00:00,1.0549999999999997
2023-12-19 06:00:00,1.0527999999999997
2023-12-20 06:00:00,1.0484999999999998
2023-12-21 06:00:00,1.0453
2023-12-21 16:00:00,1.0433999999999999
2023-12-22 06:00:00,1.0455999999999999
2023-12-22 15:00:00,1.0465999999999998
2023-12-22 16:00:00,1.0466999999999997
2023-12-26 06:00:00,1.0442999999999998
2023-12-27 06:00:00,1.0375999999999999
2023-12-27 18:00:00,1.0372
2023-12-28 06:00:00,1.0327999999999997
2023-12-28 18:00:00,1.0306999999999997
2023-12-28 21:00:00,1.0348999999999997
2023-12-29 02:00:00,1.0323999999999998
2023-12-29 06:00:00,1.0317999999999998
2023-12-29 11:00:00,1.0252999999999999
2023-12-29 16:00:00,1.0312999999999999
2024-01-02 06:00:00,1.0315999999999999
2024-01-02 07:00:00,1.0360999999999998
2024-01-03 06:00:00,1.0367999999999997
2024-01-03 08:00:00,1.0341999999999998
2024-01-03 11:00:00,1.0382999999999998
2024-01-03 19:00:00,1.0374999999999999
2024-01-04 06:00:00,1.0392
2024-01-05 06:00:00,1.0408999999999997
2024-01-05 14:00:00,1.039
2024-01-08 06:00:00,1.0407999999999997
2024-01-08 14:00:00,1.0405999999999997
2024-01-09 06:00:00,1.0424999999999998
2024-01-09 13:00:00,1.0436999999999999
2024-01-10 06:00:00,1.0451
2024-01-11 06:00:00,1.0483999999999998
2024-01-12 06:00:00,1.0473999999999999
2024-01-15 06:00:00,1.0473999999999999
2024-01-16 06:00:00,1.0484999999999998
2024-01-16 15:00:00,1.0492
2024-01-17 06:00:00,1.0581999999999998
2024-01-18 06:00:00,1.0640999999999998
2024-01-19 06:00:00,1.0646999999999998
2024-01-19 14:00:00,1.0630999999999997
2024-01-22 06:00:00,1.0652
2024-01-22 13:00:00,1.0665999999999998
2024-01-22 17:00:00,1.0663999999999998
2024-01-23 06:00:00,1.0657999999999999
2024-01-23 07:00:00,1.0658999999999998
2024-01-23 12:00:00,1.0662999999999998
2024-01-23 15:00:00,1.0659999999999998
2024-01-23 16:00:00,1.0642999999999998
2024-01-24 06:00:00,1.0601999999999998
2024-01-24 13:00:00,1.0612
2024-01-24 14:00:00,1.0612
2024-01-24 15:00:00,1.0618999999999998
2024-01-24 16:00:00,1.0615999999999999
2024-01-24 17:00:00,1.0615999999999999
2024-01-24 18:00:00,1.0608999999999997
2024-01-24 19:00:00,1.0601999999999998
2024-01-25 06:00:00,1.0636999999999999
2024-01-25 15:00:00,1.0633
2024-01-25 16:00:00,1.0635999999999999
2024-01-26 06:00:00,1.0599999999999998
2024-01-29 06:00:00,1.0570999999999997
2024-01-29 17:00:00,1.0576999999999999
2024-01-30 06:00:00,1.0561999999999998
2024-01-31 06:00:00,1.0556999999999999
2024-02-01 06:00:00,1.0557999999999998
2024-02-02 06:00:00,1.0579999999999998
2024-02-05 06:00:00,1.0539999999999998
2024-02-06 06:00:00,1.0590999999999997
2024-02-07 06:00:00,1.0675
2024-02-07 10:00:00,1.0647999999999997
2024-02-07 11:00:00,1.0647999999999997
2024-02-07 12:00:00,1.0644999999999998
2024-02-08 06:00:00,1.0665999999999998
2024-02-09 06:00:00,1.0689999999999997
2024-02-12 06:00:00,1.0695
2024-02-13 06:00:00,1.0802999999999998
2024-02-13 07:00:00,1.0762999999999998
2024-02-14 06:00:00,1.0763999999999998
2024-02-14 09:00:00,1.0767999999999998
2024-02-15 06:00:00,1.0725999999999998
2024-02-16 06:00:00,1.0749999999999997
2024-02-19 06:00:00,1.0749999999999997
2024-02-20 06:00:00,1.0770999999999997
2024-02-21 06:00:00,1.0757999999999999
2024-02-22 06:00:00,1.0803999999999998
2024-02-23 06:00:00,1.0819999999999999
2024-02-26 06:00:00,1.0818999999999999
2024-02-27 06:00:00,1.0806999999999998
2024-02-28 04:00:00,1.0798999999999999
2024-02-28 06:00:00,1.0777999999999999
2024-02-29 06:00:00,1.0814
2024-02-29 11:00:00,1.0794
2024-03-01 06:00:00,1.0841999999999998
2024-03-01 07:00:00,1.0841999999999998
2024-03-01 08:00:00,1.0858999999999999
2024-03-04 06:00:00,1.0889999999999997
2024-03-05 06:00:00,1.0882999999999998
2024-03-06 06:00:00,1.0901999999999998
2024-03-07 06:00:00,1.0898999999999999
2024-03-08 06:00:00,1.0945999999999998
2024-03-08 16:30:00,1.0945999999999998
2024-03-08 17:00:00,1.0945999999999998
2024-03-11 05:00:00,1.0911999999999997
2024-03-12 05:00:00,1.0898999999999999
2024-03-12 12:00:00,1.0874
2024-03-13 05:00:00,1.0906999999999998
2024-03-14 05:00:00,1.0940999999999999
2024-03-15 05:00:00,1.0932999999999997
2024-03-18 05:00:00,1.0978999999999999
2024-03-19 05:00:00,1.0973999999999997
2024-03-20 05:00:00,1.1003999999999998
2024-03-21 05:00:00,1.1040999999999999
2024-03-21 15:30:00,1.1087999999999998
2024-03-21 17:00:00,1.1059999999999999
2024-03-22 05:00:00,1.0990999999999997
2024-03-25 05:00:00,1.1035999999999997
2024-03-25 17:00:00,1.1030999999999997
2024-03-25 18:00:00,1.1035999999999997
2024-03-26 05:00:00,1.1085999999999998
2024-03-26 18:00:00,1.1084999999999998
2024-03-27 05:00:00,1.1120999999999999
2024-03-27 17:00:00,1.1127999999999998
2024-03-28 05:00:00,1.1068999999999998
2024-03-28 16:00:00,1.1072999999999997
2024-03-28 20:00:00,1.1064999999999998
2024-04-01 05:00:00,1.1038
2024-04-02 05:00:00,1.1099999999999999
2024-04-03 05:00:00,1.1116999999999997
2024-04-04 05:00:00,1.1113999999999997
2024-04-04 19:00:00,1.1146999999999998
2024-04-04 20:00:00,1.1148999999999998
2024-04-04 21:00:00,1.1116999999999997
2024-04-04 22:00:00,1.1084999999999998
2024-04-05 05:00:00,1.1089999999999998
2024-04-05 17:00:00,1.1064999999999998
2024-04-05 18:00:00,1.1064999999999998
2024-04-05 20:00:00,1.1084999999999998
2024-04-08 05:00:00,1.1145999999999998
2024-04-08 18:00:00,1.1146999999999998
2024-04-09 05:00:00,1.1142999999999998
2024-04-10 05:00:00,1.1138
2024-04-10 19:00:00,1.1134999999999997
2024-04-11 05:00:00,1.1119999999999999
2024-04-12 05:00:00,1.1066999999999998
2024-04-12 17:00:00,1.1025999999999998
2024-04-15 05:00:00,1.1056999999999997
2024-04-15 20:00:00,1.1058999999999999
2024-04-15 21:00:00,1.1058999999999999
2024-04-16 05:00:00,1.1048999999999998
2024-04-17 05:00:00,1.1039999999999999
2024-04-17 20:00:00,1.1028999999999998
2024-04-18 05:00:00,1.1048999999999998
2024-04-18 17:00:00,1.1051999999999997
2024-04-18 19:00:00,1.1068999999999998
2024-04-19 05:00:00,1.0962999999999998
2024-04-22 05:00:00,1.0967999999999998
2024-04-23 05:00:00,1.1056999999999997
2024-04-23 16:30:00,1.1017
2024-04-23 17:00:00,1.1035999999999997
2024-04-24 05:00:00,1.1103999999999998
2024-04-24 21:00:00,1.1098
2024-04-24 22:00:00,1.1111999999999997
2024-04-24 23:00:00,1.1110999999999998
2024-04-25 05:00:00,1.1128999999999998
2024-04-25 18:00:00,1.1118999999999999
2024-04-26 05:00:00,1.1132999999999997
2024-04-29 05:00:00,1.1150999999999998
2024-04-29 16:30:00,1.1149999999999998
2024-04-29 20:00:00,1.1151999999999997
2024-04-30 05:00:00,1.1210999999999998
2024-04-30 17:00:00,1.1199999999999999
2024-04-30 18:00:00,1.1193999999999997
2024-04-30 21:00:00,1.1208999999999998
2024-05-01 05:00:00,1.1214999999999997
2024-05-01 22:00:00,1.1204999999999998
2024-05-02 05:00:00,1.1133999999999997
2024-05-02 16:30:00,1.1131999999999997
2024-05-03 05:00:00,1.1082999999999998
2024-05-03 17:00:00,1.1084999999999998
2024-05-03 18:00:00,1.1074999999999997
2024-05-06 05:00:00,1.1111999999999997
2024-05-07 05:00:00,1.1099999999999999
2024-05-08 05:00:00,1.1078
2024-05-09 05:00:00,1.1075999999999997
2024-05-09 17:00:00,1.1070999999999998
2024-05-10 05:00:00,1.1084999999999998
2024-05-13 05:00:00,1.1135999999999997
2024-05-14 05:00:00,1.1148999999999998
2024-05-15 05:00:00,1.1185999999999998
2024-05-15 17:00:00,1.1174999999999997
2024-05-15 22:00:00,1.1180999999999999
2024-05-16 05:00:00,1.1215999999999997
2024-05-16 16:30:00,1.1192999999999997
2024-05-16 17:00:00,1.1189999999999998
2024-05-17 05:00:00,1.1282999999999999
2024-05-17 17:00:00,1.1262999999999999
2024-05-17 18:00:00,1.1271999999999998
2024-05-17 23:00:00,1.1282999999999999
2024-05-20 05:00:00,1.1306999999999998
2024-05-20 16:30:00,1.128
2024-05-20 17:00:00,1.1291999999999998
2024-05-20 19:00:00,1.1307999999999998
2024-05-21 05:00:00,1.1325999999999998
2024-05-22 05:00:00,1.138
2024-05-23 05:00:00,1.1355999999999997
2024-05-23 20:00:00,1.1367999999999998
2024-05-24 05:00:00,1.1397999999999997
2024-05-24 17:00:00,1.1394999999999997
2024-05-27 05:00:00,1.1397999999999997
2024-05-28 05:00:00,1.1388999999999998
2024-05-29 05:00:00,1.136
2024-05-29 22:00:00,1.1357999999999997
2024-05-30 05:00:00,1.1264999999999998
2024-05-30 16:30:00,1.1285999999999998
2024-05-30 22:00:00,1.1259
2024-05-31 05:00:00,1.1251999999999998
2024-05-31 17:00:00,1.1235999999999997
2024-05-31 18:00:00,1.1259
2024-05-31 21:00:00,1.1249999999999998
2024-05-31 22:00:00,1.1254999999999997
2024-06-03 05:00:00,1.1219999999999999
2024-06-03 17:00:00,1.1217999999999997
2024-06-03 18:00:00,1.1213999999999997
2024-06-04 05:00:00,1.1129999999999998
2024-06-04 17:00:00,1.1149999999999998
2024-06-04 21:00:00,1.1125999999999998
2024-06-05 05:00:00,1.1187999999999998
2024-06-05 17:00:00,1.1174999999999997
2024-06-06 05:00:00,1.1159999999999999
2024-06-07 05:00:00,1.1170999999999998
2024-06-07 19:00:00,1.1164999999999998
2024-06-10 05:00:00,1.1182999999999998
2024-06-10 17:00:00,1.1180999999999999
2024-06-10 18:00:00,1.1185999999999998
2024-06-11 05:00:00,1.1204999999999998
2024-06-11 18:00:00,1.1202999999999999
2024-06-12 05:00:00,1.1223999999999998
2024-06-12 18:00:00,1.1220999999999999
2024-06-12 21:00:00,1.1220999999999999
2024-06-13 05:00:00,1.1184999999999998
2024-06-14 05:00:00,1.1064999999999998
2024-06-17 05:00:00,1.1083999999999998
2024-06-18 05:00:00,1.1011
2024-06-19 05:00:00,1.1011
2024-06-20 05:00:00,1.1067999999999998
2024-06-20 10:00:00,1.1078
2024-06-21 05:00:00,1.1091
2024-06-24 05:00:00,1.1115
2024-06-25 05:00:00,1.1137
2024-06-26 05:00:00,1.1109
2024-06-27 05:00:00,1.1151
2024-06-28 05:00:00,1.115
2024-07-01 05:00:00,1.1213
2024-07-02 05:00:00,1.1262999999999999
2024-07-03 05:00:00,1.1279
2024-07-04 05:00:00,1.1279
2024-07-04 09:00:00,1.1282999999999999
2024-07-04 14:00:00,1.1276
2024-07-05 05:00:00,1.1281999999999999
2024-07-08 05:00:00,1.1294
2024-07-09 05:00:00,1.1282999999999999
2024-07-10 05:00:00,1.1360999999999999
2024-07-10 13:00:00,1.1338
2024-07-11 05:00:00,1.1368999999999998
2024-07-11 13:00:00,1.1348999999999998
2024-07-11 14:00:00,1.1342999999999999
2024-07-12 05:00:00,1.1427999999999998
2024-07-12 14:00:00,1.1428999999999998
2024-07-15 05:00:00,1.1425999999999998
2024-07-15 08:00:00,1.1426999999999998
2024-07-16 05:00:00,1.1406999999999998
2024-07-16 11:00:00,1.1422999999999999
2024-07-17 05:00:00,1.1303999999999998
2024-07-18 05:00:00,1.1302999999999999
2024-07-19 05:00:00,1.1295
2024-07-22 05:00:00,1.1316
2024-07-23 05:00:00,1.1320999999999999
2024-07-24 05:00:00,1.125
2024-07-24 15:00:00,1.1239999999999999
2024-07-25 05:00:00,1.1148999999999998
2024-07-25 10:00:00,1.1147999999999998
2024-07-26 05:00:00,1.1199999999999999
2024-07-29 05:00:00,1.1228999999999998
2024-07-30 05:00:00,1.1172
2024-07-30 08:00:00,1.1225999999999998
2024-07-31 05:00:00,1.1139
2024-08-01 05:00:00,1.0945999999999998
2024-08-01 09:00:00,1.1023999999999998
2024-08-01 13:00:00,1.1056
2024-08-01 14:00:00,1.1043999999999998
2024-08-01 17:00:00,1.0964999999999998
2024-08-02 05:00:00,1.0837999999999999
2024-08-02 10:00:00,1.0914
2024-08-02 12:00:00,1.0939999999999999
2024-08-02 14:00:00,1.0888
2024-08-02 15:00:00,1.0844999999999998
2024-08-02 16:00:00,1.0857999999999999
2024-08-05 04:00:00,1.0713
2024-08-05 05:00:00,1.0693
2024-08-05 06:00:00,1.0595999999999999
2024-08-06 05:00:00,1.0673
2024-08-07 00:00:00,1.0681999999999998
2024-08-07 05:00:00,1.0773
2024-08-07 13:00:00,1.0815
2024-08-07 14:00:00,1.0804999999999998
2024-08-07 18:00:00,1.0775
2024-08-08 05:00:00,1.0885999999999998
2024-08-08 15:00:00,1.0853
2024-08-09 05:00:00,1.0877999999999999
2024-08-12 05:00:00,1.0897
2024-08-12 11:00:00,1.0937
2024-08-12 18:00:00,1.0894
2024-08-13 05:00:00,1.0965999999999998
2024-08-13 07:00:00,1.0949
2024-08-14 05:00:00,1.0946999999999998
2024-08-14 10:00:00,1.0928
2024-08-15 05:00:00,1.1071
2024-08-16 05:00:00,1.1076
2024-08-16 17:00:00,1.1075
2024-08-19 05:00:00,1.1061999999999999
2024-08-20 05:00:00,1.1004999999999998
2024-08-21 05:00:00,1.1003999999999998
2024-08-21 10:00:00,1.0997
2024-08-21 13:00:00,1.0991
2024-08-21 14:00:00,1.101
2024-08-22 05:00:00,1.1016
2024-08-23 05:00:00,1.1057
2024-08-26 05:00:00,1.1037
2024-08-27 05:00:00,1.1021999999999998
2024-08-28 05:00:00,1.0972
2024-08-28 18:00:00,1.0969
2024-08-29 05:00:00,1.1014
2024-08-29 12:00:00,1.0997999999999999
2024-08-29 18:00:00,1.1027999999999998
2024-08-30 05:00:00,1.103
2024-09-02 05:00:00,1.103
2024-09-03 05:00:00,1.1014
2024-09-03 14:00:00,1.0998999999999999
2024-09-04 05:00:00,1.1005999999999998
2024-09-05 05:00:00,1.1009
2024-09-06 05:00:00,1.0949
2024-09-06 19:00:00,1.0954
2024-09-09 05:00:00,1.0974
2024-09-10 05:00:00,1.0957999999999999
2024-09-11 05:00:00,1.0986999999999998
2024-09-12 04:00:00,1.1020999999999999
2024-09-12 05:00:00,1.105
2024-09-13 05:00:00,1.1016
2024-09-13 23:00:00,1.1127
2024-09-16 05:00:00,1.1055
2024-09-16 23:00:00,1.1055
2024-09-17 05:00:00,1.1027
2024-09-17 23:00:00,1.1027
2024-09-18 05:00:00,1.1062
2024-09-18 23:00:00,1.1062
2024-09-19 05:00:00,1.1142
2024-09-19 11:00:00,1.1145
2024-09-19 23:00:00,1.1145
2024-09-20 05:00:00,1.1217
2024-09-20 23:00:00,1.1217
2024-09-23 05:00:00,1.1192
2024-09-23 23:00:00,1.1192
2024-09-24 05:00:00,1.1207
2024-09-24 23:00:00,1.1207
2024-09-25 05:00:00,1.1215
2024-09-25 23:00:00,1.1215
2024-09-26 05:00:00,1.125
2024-09-26 23:00:00,1.125
2024-09-27 05:00:00,1.1155
2024-09-27 23:00:00,1.1155
2024-09-30 03:00:00,1.1164
2024-09-30 05:00:00,1.1229
2024-09-30 11:00:00,1.1202
2024-09-30 12:00:00,1.1198
2024-09-30 14:00:00,1.122
2024-09-30 15:00:00,1.1229
2024-09-30 16:00:00,1.1224
2024-09-30 23:00:00,1.1224
2024-10-01 05:00:00,1.1153
2024-10-01 23:00:00,1.1153
2024-10-02 05:00:00,1.1176
2024-10-02 23:00:00,1.1176
2024-10-03 05:00:00,1.1097
2024-10-03 06:00:00,1.1115
2024-10-03 23:00:00,1.1115
2024-10-04 05:00:00,1.1177
2024-10-04 23:00:00,1.1177
2024-10-07 05:00:00,1.1076
2024-10-07 09:00:00,1.1137
2024-10-07 23:00:00,1.1137
2024-10-08 05:00:00,1.1146
2024-10-08 06:00:00,1.1077
2024-10-08 07:00:00,1.1077
2024-10-08 23:00:00,1.1077
2024-10-09 05:00:00,1.1162
2024-10-09 23:00:00,1.1162
2024-10-10 05:00:00,1.1104
2024-10-10 23:00:00,1.1104
2024-10-11 05:00:00,1.1122
2024-10-11 23:00:00,1.1122
2024-10-14 05:00:00,1.1192
2024-10-14 15:00:00,1.1188
2024-10-14 23:00:00,1.1188
2024-10-15 05:00:00,1.1197
2024-10-15 23:00:00,1.1197
2024-10-16 05:00:00,1.116
2024-10-16 12:00:00,1.116
2024-10-16 23:00:00,1.116
2024-10-17 05:00:00,1.1205
2024-10-17 23:00:00,1.1205
2024-10-18 05:00:00,1.1219
2024-10-18 23:00:00,1.1219
2024-10-21 05:00:00,1.1173
2024-10-21 23:00:00,1.1173
2024-10-22 05:00:00,1.1167
2024-10-22 23:00:00,1.1167
2024-10-23 05:00:00,1.1137
2024-10-23 18:00:00,1.113
2024-10-23 23:00:00,1.113
2024-10-24 05:00:00,1.1172
2024-10-24 23:00:00,1.1172
2024-10-25 05:00:00,1.1173
2024-10-25 23:00:00,1.1173
2024-10-28 05:00:00,1.1161
2024-10-28 23:00:00,1.1161
2024-10-29 05:00:00,1.1223
2024-10-29 17:00:00,1.1245
2024-10-29 23:00:00,1.1245
2024-10-30 05:00:00,1.1184
2024-10-30 23:00:00,1.1184
2024-10-31 05:00:00,1.1079
2024-10-31 06:00:00,1.116
2024-10-31 14:00:00,1.1116
2024-10-31 16:00:00,1.1083
2024-10-31 23:00:00,1.1083
2024-11-01 05:00:00,1.1198
2024-11-01 13:00:00,1.1203
2024-11-01 15:00:00,1.1226
2024-11-01 16:00:00,1.1226
2024-11-01 23:00:00,1.1226
2024-11-04 06:00:00,1.1136
2024-11-04 08:00:00,1.1163
2024-11-04 10:00:00,1.115
2024-11-04 23:00:00,1.115
2024-11-05 06:00:00,1.1187
2024-11-05 08:00:00,1.1156
2024-11-05 23:00:00,1.1156
2024-11-06 06:00:00,1.1243
2024-11-06 23:00:00,1.1243
2024-11-07 06:00:00,1.128
2024-11-07 23:00:00,1.128
2024-11-08 06:00:00,1.1268
2024-11-08 23:00:00,1.1268
2024-11-11 06:00:00,1.1287
2024-11-11 15:00:00,1.1279
2024-11-11 23:00:00,1.1279
2024-11-12 06:00:00,1.1198
2024-11-12 09:00:00,1.1264
2024-11-12 13:00:00,1.1247
2024-11-12 23:00:00,1.1247
2024-11-13 06:00:00,1.1214
2024-11-13 23:00:00,1.1214
2024-11-14 06:00:00,1.1238
2024-11-14 23:00:00,1.1238
2024-11-15 06:00:00,1.1158
2024-11-15 23:00:00,1.1158
2024-11-18 01:00:00,1.1186
2024-11-18 06:00:00,1.1161
2024-11-18 13:00:00,1.1171
2024-11-18 23:00:00,1.1171
2024-11-19 06:00:00,1.1158
2024-11-19 23:00:00,1.1158
2024-11-20 06:00:00,1.1153
2024-11-20 23:00:00,1.1153
2024-11-21 06:00:00,1.1141
2024-11-21 23:00:00,1.1141
2024-11-22 06:00:00,1.1177
2024-11-22 13:00:00,1.1158
2024-11-22 15:00:00,1.1168
2024-11-22 23:00:00,1.1168
2024-11-25 06:00:00,1.1111
2024-11-25 23:00:00,1.1111
2024-11-26 06:00:00,1.1108
2024-11-26 23:00:00,1.1108
