DATETIME,price
2014-01-28 06:00:00,-58.44000000000013
2014-01-29 06:00:00,-58.57000000000013
2014-01-30 06:00:00,-58.82000000000013
2014-01-31 06:00:00,-58.90000000000011
2014-02-03 06:00:00,-58.82000000000013
2014-02-04 06:00:00,-59.13000000000013
2014-02-05 06:00:00,-59.32000000000013
2014-02-06 06:00:00,-59.07000000000013
2014-02-07 06:00:00,-59.94000000000013
2014-02-10 06:00:00,-60.15000000000011
2014-02-11 06:00:00,-60.510000000000126
2014-02-12 06:00:00,-59.490000000000116
2014-02-13 06:00:00,-58.15000000000011
2014-02-14 06:00:00,-57.63000000000013
2014-02-17 06:00:00,-54.95000000000012
2014-02-18 06:00:00,-57.07000000000012
2014-02-19 06:00:00,-57.150000000000105
2014-02-20 06:00:00,-58.88000000000013
2014-02-21 06:00:00,-58.700000000000124
2014-02-24 06:00:00,-62.13000000000013
2014-02-25 06:00:00,-63.26000000000012
2014-02-26 06:00:00,-63.13000000000012
2014-02-27 06:00:00,-61.82000000000013
2014-02-28 06:00:00,-62.63000000000012
2014-03-03 06:00:00,-63.82000000000012
2014-03-04 06:00:00,-64.4000000000001
2014-03-05 06:00:00,-63.82000000000012
2014-03-06 06:00:00,-64.63000000000012
2014-03-07 06:00:00,-68.63000000000014
2014-03-10 05:00:00,-74.74000000000012
2014-03-11 05:00:00,-70.90000000000012
2014-03-12 05:00:00,-69.65000000000012
2014-03-13 05:00:00,-65.82000000000012
2014-03-14 05:00:00,-68.49000000000012
2014-03-17 05:00:00,-69.32000000000014
2014-03-18 05:00:00,-68.26000000000013
2014-03-19 05:00:00,-68.74000000000012
2014-03-20 05:00:00,-69.19000000000014
2014-03-21 05:00:00,-69.19000000000014
2014-03-24 05:00:00,-68.07000000000014
2014-03-25 05:00:00,-65.6500000000001
2014-03-26 05:00:00,-65.32000000000012
2014-03-27 05:00:00,-65.49000000000011
2014-03-28 05:00:00,-63.45000000000012
2014-03-31 05:00:00,-60.32000000000013
2014-04-01 05:00:00,-61.07000000000013
2014-04-02 05:00:00,-63.32000000000012
2014-04-03 05:00:00,-62.260000000000126
2014-04-04 05:00:00,-61.13000000000013
2014-04-07 05:00:00,-58.700000000000124
2014-04-08 05:00:00,-57.450000000000124
2014-04-09 05:00:00,-58.38000000000013
2014-04-10 05:00:00,-59.82000000000013
2014-04-11 05:00:00,-60.07000000000013
2014-04-14 05:00:00,-61.07000000000013
2014-04-15 05:00:00,-61.65000000000011
2014-04-16 05:00:00,-61.990000000000116
2014-04-17 05:00:00,-61.82000000000013
2014-04-21 05:00:00,-63.650000000000105
2014-04-22 05:00:00,-64.82000000000012
2014-04-23 05:00:00,-64.26000000000012
2014-04-24 05:00:00,-63.57000000000012
2014-04-25 05:00:00,-64.76000000000012
2014-04-28 05:00:00,-68.82000000000014
2014-04-29 05:00:00,-68.24000000000012
2014-04-30 05:00:00,-69.99000000000012
2014-05-01 05:00:00,-69.99000000000012
2014-05-02 05:00:00,-68.93000000000012
2014-05-05 05:00:00,-68.99000000000012
2014-05-06 05:00:00,-69.18000000000012
2014-05-07 05:00:00,-70.74000000000012
2014-05-08 05:00:00,-72.07000000000014
2014-05-09 05:00:00,-72.32000000000014
2014-05-12 05:00:00,-70.49000000000012
2014-05-13 05:00:00,-70.99000000000012
2014-05-14 05:00:00,-69.91000000000014
2014-05-15 05:00:00,-71.41000000000014
2014-05-16 05:00:00,-73.99000000000011
2014-05-19 05:00:00,-76.24000000000012
2014-05-20 05:00:00,-76.66000000000014
2014-05-21 05:00:00,-75.24000000000012
2014-05-22 05:00:00,-73.57000000000012
2014-05-23 05:00:00,-76.16000000000014
2014-05-26 05:00:00,-74.49000000000012
2014-05-27 05:00:00,-74.91000000000014
2014-05-28 05:00:00,-77.1800000000001
2014-05-29 05:00:00,-77.99000000000011
2014-05-30 05:00:00,-80.24000000000011
2014-06-02 05:00:00,-79.49000000000011
2014-06-03 05:00:00,-79.32000000000012
2014-06-04 05:00:00,-77.32000000000012
2014-06-05 05:00:00,-78.86000000000011
2014-06-06 05:00:00,-77.91000000000012
2014-06-09 05:00:00,-78.74000000000011
2014-06-10 05:00:00,-79.99000000000011
2014-06-11 05:00:00,-80.24000000000011
2014-06-12 05:00:00,-82.41000000000014
2014-06-13 05:00:00,-83.16000000000014
2014-06-16 05:00:00,-84.66000000000012
2014-06-17 05:00:00,-83.30000000000013
2014-06-18 05:00:00,-83.74000000000011
2014-06-19 05:00:00,-82.30000000000013
2014-06-20 05:00:00,-79.99000000000011
2014-06-23 05:00:00,-79.1200000000001
2014-06-24 05:00:00,-79.24000000000011
2014-06-25 05:00:00,-77.74000000000011
2014-06-26 05:00:00,-76.30000000000013
2014-06-27 05:00:00,-77.24000000000011
2014-06-30 05:00:00,-79.32000000000012
2014-07-01 05:00:00,-78.13000000000012
2014-07-02 05:00:00,-76.45000000000013
2014-07-03 05:00:00,-76.57000000000014
2014-07-04 05:00:00,-77.15000000000012
2014-07-07 05:00:00,-77.82000000000012
2014-07-08 05:00:00,-76.45000000000013
2014-07-09 05:00:00,-77.22000000000013
2014-07-10 05:00:00,-76.65000000000012
2014-07-11 05:00:00,-75.82000000000014
2014-07-14 05:00:00,-74.65000000000012
2014-07-15 05:00:00,-74.69000000000014
2014-07-16 05:00:00,-74.69000000000014
2014-07-17 05:00:00,-75.89000000000013
2014-07-18 05:00:00,-78.1500000000001
2014-07-21 05:00:00,-78.57000000000012
2014-07-22 05:00:00,-78.57000000000012
2014-07-23 05:00:00,-80.08000000000011
2014-07-24 05:00:00,-80.26000000000012
2014-07-25 05:00:00,-79.07000000000012
2014-07-28 05:00:00,-77.7800000000001
2014-07-29 05:00:00,-77.15000000000012
2014-07-30 05:00:00,-77.9000000000001
2014-07-31 05:00:00,-77.6200000000001
2014-08-01 05:00:00,-78.4000000000001
2014-08-04 05:00:00,-77.11000000000013
2014-08-05 05:00:00,-77.15000000000012
2014-08-06 05:00:00,-77.4000000000001
2014-08-07 05:00:00,-78.1500000000001
2014-08-08 05:00:00,-78.32000000000012
2014-08-11 05:00:00,-78.8400000000001
2014-08-12 05:00:00,-79.86000000000011
2014-08-13 05:00:00,-79.9300000000001
2014-08-14 05:00:00,-80.21000000000011
2014-08-15 05:00:00,-79.5900000000001
2014-08-18 05:00:00,-80.9000000000001
2014-08-19 05:00:00,-80.82000000000012
2014-08-20 05:00:00,-82.07000000000014
2014-08-21 05:00:00,-83.11000000000013
2014-08-22 05:00:00,-83.09000000000012
2014-08-25 05:00:00,-83.95000000000012
2014-08-26 05:00:00,-83.69000000000013
2014-08-27 05:00:00,-85.15000000000012
2014-08-28 05:00:00,-85.49000000000012
2014-08-29 05:00:00,-84.94000000000014
2014-09-01 05:00:00,-86.31000000000012
2014-09-02 05:00:00,-85.94000000000014
2014-09-03 05:00:00,-87.99000000000012
2014-09-04 05:00:00,-88.97000000000011
2014-09-05 05:00:00,-89.90000000000012
2014-09-08 05:00:00,-89.09000000000012
2014-09-09 05:00:00,-90.52000000000012
2014-09-10 05:00:00,-90.40000000000012
2014-09-11 05:00:00,-90.77000000000012
2014-09-12 05:00:00,-89.09000000000012
2014-09-15 05:00:00,-87.60000000000012
2014-09-16 05:00:00,-88.86000000000013
2014-09-17 05:00:00,-89.11000000000013
2014-09-18 05:00:00,-90.36000000000013
2014-09-19 05:00:00,-91.98000000000015
2014-09-22 05:00:00,-94.82000000000014
2014-09-23 05:00:00,-94.25000000000013
2014-09-24 05:00:00,-93.34000000000013
2014-09-25 05:00:00,-95.49000000000012
2014-09-26 05:00:00,-94.19000000000015
2014-09-29 05:00:00,-95.77000000000012
2014-09-30 05:00:00,-95.34000000000012
2014-10-01 05:00:00,-93.99000000000014
2014-10-02 05:00:00,-93.70000000000014
2014-10-03 05:00:00,-93.79000000000015
2014-10-06 05:00:00,-93.63000000000015
2014-10-07 05:00:00,-93.51000000000015
2014-10-08 05:00:00,-95.15000000000012
2014-10-09 05:00:00,-94.60000000000014
2014-10-10 05:00:00,-92.76000000000015
2014-10-13 05:00:00,-89.57000000000014
2014-10-14 05:00:00,-89.78000000000011
2014-10-15 05:00:00,-92.24000000000012
2014-10-16 05:00:00,-93.32000000000015
2014-10-17 05:00:00,-92.74000000000014
2014-10-20 05:00:00,-91.55000000000013
2014-10-21 05:00:00,-92.48000000000013
2014-10-22 05:00:00,-93.15000000000013
2014-10-23 05:00:00,-93.66000000000015
2014-10-24 05:00:00,-93.00000000000016
2014-10-27 05:00:00,-93.82000000000015
2014-10-28 05:00:00,-94.49000000000012
2014-10-29 05:00:00,-93.90000000000013
2014-10-30 05:00:00,-93.29000000000015
2014-10-31 05:00:00,-93.91000000000015
2014-11-03 06:00:00,-95.44000000000014
2014-11-04 06:00:00,-95.73000000000013
2014-11-05 06:00:00,-97.07000000000014
2014-11-06 06:00:00,-97.86000000000013
2014-11-07 06:00:00,-96.86000000000013
2014-11-10 06:00:00,-97.13000000000014
2014-11-11 06:00:00,-97.40000000000012
2014-11-12 06:00:00,-97.51000000000013
2014-11-13 06:00:00,-97.69000000000014
2014-11-14 06:00:00,-98.38000000000014
2014-11-17 06:00:00,-99.04000000000013
2014-11-18 06:00:00,-101.76000000000013
2014-11-19 06:00:00,-103.29000000000013
2014-11-20 06:00:00,-102.82000000000014
2014-11-21 06:00:00,-101.57000000000014
2014-11-24 06:00:00,-103.36000000000013
2014-11-25 06:00:00,-105.16000000000014
2014-11-26 06:00:00,-104.60000000000014
2014-11-27 06:00:00,-102.82000000000014
2014-11-28 06:00:00,-100.85000000000014
2014-12-01 06:00:00,-103.42000000000013
2014-12-02 06:00:00,-102.92000000000013
2014-12-03 06:00:00,-102.97000000000011
2014-12-04 06:00:00,-101.93000000000012
2014-12-05 06:00:00,-101.93000000000012
2014-12-08 06:00:00,-103.23000000000013
2014-12-09 06:00:00,-104.09000000000012
2014-12-10 06:00:00,-103.93000000000012
2014-12-11 06:00:00,-103.72000000000011
2014-12-12 06:00:00,-103.39000000000013
2014-12-15 06:00:00,-104.01000000000013
2014-12-16 06:00:00,-105.13000000000014
2014-12-17 06:00:00,-104.64000000000013
2014-12-18 06:00:00,-103.75000000000011
2014-12-19 06:00:00,-102.26000000000013
2014-12-22 06:00:00,-104.51000000000013
2014-12-23 06:00:00,-105.26000000000013
2014-12-24 06:00:00,-104.84000000000012
2014-12-26 06:00:00,-105.09000000000012
2014-12-29 06:00:00,-103.61000000000013
2014-12-30 06:00:00,-101.01000000000013
2014-12-31 06:00:00,-100.48000000000013
2015-01-02 06:00:00,-101.99000000000012
2015-01-05 06:00:00,-102.73000000000013
2015-01-06 06:00:00,-100.83000000000013
2015-01-07 06:00:00,-101.95000000000013
2015-01-08 06:00:00,-102.14000000000013
2015-01-09 06:00:00,-102.55000000000013
2015-01-12 06:00:00,-104.45000000000013
2015-01-13 06:00:00,-104.89000000000013
2015-01-14 06:00:00,-105.33000000000013
2015-01-15 06:00:00,-104.36000000000013
2015-01-16 06:00:00,-104.44000000000011
2015-01-19 06:00:00,-104.51000000000013
2015-01-20 06:00:00,-105.11000000000013
2015-01-21 06:00:00,-106.51000000000012
2015-01-22 06:00:00,-106.74000000000012
2015-01-23 06:00:00,-108.41000000000011
2015-01-26 06:00:00,-110.41000000000011
2015-01-27 06:00:00,-109.53000000000011
2015-01-28 06:00:00,-110.06000000000012
2015-01-29 06:00:00,-109.08000000000011
2015-01-30 06:00:00,-110.5400000000001
2015-02-02 06:00:00,-110.16000000000011
2015-02-03 06:00:00,-108.74000000000011
2015-02-04 06:00:00,-108.7900000000001
2015-02-05 06:00:00,-110.05000000000011
2015-02-06 06:00:00,-109.25000000000011
2015-02-09 06:00:00,-110.11000000000011
2015-02-10 06:00:00,-109.08000000000011
2015-02-11 06:00:00,-108.14000000000011
2015-02-12 06:00:00,-108.2900000000001
2015-02-13 06:00:00,-107.43000000000012
2015-02-16 06:00:00,-106.99000000000011
2015-02-17 06:00:00,-107.66000000000011
2015-02-18 06:00:00,-108.33000000000011
2015-02-19 06:00:00,-108.33000000000011
2015-02-20 06:00:00,-108.27000000000011
2015-02-23 06:00:00,-108.9500000000001
2015-02-24 06:00:00,-108.41000000000011
2015-02-25 06:00:00,-109.25000000000011
2015-02-26 06:00:00,-108.4800000000001
2015-02-27 06:00:00,-109.03000000000011
2015-03-02 06:00:00,-109.56000000000012
2015-03-03 06:00:00,-109.60000000000011
2015-03-04 06:00:00,-111.37000000000012
2015-03-05 06:00:00,-112.65000000000012
2015-03-06 06:00:00,-114.78000000000011
2015-03-09 05:00:00,-113.72000000000011
2015-03-10 05:00:00,-114.72000000000011
2015-03-11 05:00:00,-114.67000000000012
2015-03-12 05:00:00,-113.59000000000012
2015-03-13 05:00:00,-114.80000000000013
2015-03-16 05:00:00,-114.11000000000011
2015-03-17 05:00:00,-114.77000000000012
2015-03-18 05:00:00,-117.53000000000011
2015-03-19 05:00:00,-117.24000000000012
2015-03-20 05:00:00,-118.78000000000011
2015-03-23 05:00:00,-117.0700000000001
2015-03-24 05:00:00,-115.70000000000012
2015-03-25 05:00:00,-117.47000000000011
2015-03-26 05:00:00,-117.81000000000012
2015-03-27 05:00:00,-118.99000000000012
2015-03-30 05:00:00,-119.49000000000012
2015-03-31 05:00:00,-120.42000000000012
2015-04-01 05:00:00,-123.84000000000012
2015-04-02 05:00:00,-123.88000000000011
2015-04-06 05:00:00,-123.45000000000012
2015-04-07 05:00:00,-122.70000000000012
2015-04-08 05:00:00,-122.11000000000013
2015-04-09 05:00:00,-123.80000000000013
2015-04-10 05:00:00,-123.86000000000013
2015-04-13 05:00:00,-121.72000000000011
2015-04-14 05:00:00,-120.34000000000012
2015-04-15 05:00:00,-121.60000000000011
2015-04-16 05:00:00,-120.63000000000011
2015-04-17 05:00:00,-119.74000000000012
2015-04-20 05:00:00,-120.55000000000013
2015-04-21 05:00:00,-120.52000000000012
2015-04-22 05:00:00,-118.09000000000012
2015-04-23 05:00:00,-117.86000000000013
2015-04-24 05:00:00,-113.80000000000013
2015-04-27 05:00:00,-112.30000000000013
2015-04-28 05:00:00,-114.22000000000011
2015-04-29 05:00:00,-116.80000000000013
2015-04-30 05:00:00,-116.80000000000013
2015-05-01 05:00:00,-116.74000000000012
2015-05-04 05:00:00,-114.29000000000012
2015-05-05 05:00:00,-113.25000000000011
2015-05-06 05:00:00,-111.50000000000011
2015-05-07 05:00:00,-112.96000000000012
2015-05-08 05:00:00,-111.94000000000011
2015-05-11 05:00:00,-111.19000000000011
2015-05-12 05:00:00,-111.86000000000013
2015-05-13 05:00:00,-112.92000000000013
2015-05-14 05:00:00,-114.36000000000013
2015-05-15 05:00:00,-113.49000000000012
2015-05-18 05:00:00,-114.14000000000013
2015-05-19 05:00:00,-115.33000000000013
2015-05-20 05:00:00,-116.18000000000012
2015-05-21 05:00:00,-114.49000000000012
2015-05-22 05:00:00,-114.24000000000012
2015-05-25 05:00:00,-112.61000000000013
2015-05-26 05:00:00,-111.79000000000012
2015-05-27 05:00:00,-112.28000000000011
2015-05-28 05:00:00,-112.53000000000011
2015-05-29 05:00:00,-111.82000000000012
2015-06-01 05:00:00,-110.96000000000012
2015-06-02 05:00:00,-109.40000000000012
2015-06-03 05:00:00,-110.19000000000011
2015-06-04 05:00:00,-109.46000000000012
2015-06-05 05:00:00,-110.34000000000012
2015-06-08 05:00:00,-110.64000000000013
2015-06-09 05:00:00,-110.24000000000012
2015-06-10 05:00:00,-107.84000000000012
2015-06-11 05:00:00,-106.40000000000012
2015-06-12 05:00:00,-108.48000000000012
2015-06-15 05:00:00,-109.68000000000012
2015-06-16 05:00:00,-111.98000000000012
2015-06-17 05:00:00,-112.84000000000012
2015-06-18 05:00:00,-111.65000000000012
2015-06-19 05:00:00,-111.40000000000012
2015-06-22 05:00:00,-111.77000000000012
2015-06-23 05:00:00,-111.21000000000012
2015-06-24 05:00:00,-110.15000000000012
2015-06-25 05:00:00,-111.07000000000012
2015-06-26 05:00:00,-111.15000000000012
2015-06-29 05:00:00,-112.69000000000011
2015-06-30 05:00:00,-114.99000000000012
2015-07-01 05:00:00,-115.23000000000012
2015-07-02 05:00:00,-116.29000000000012
2015-07-03 05:00:00,-116.69000000000011
2015-07-06 05:00:00,-119.27000000000012
2015-07-07 05:00:00,-120.69000000000011
2015-07-08 05:00:00,-123.31000000000012
2015-07-09 05:00:00,-119.94000000000011
2015-07-10 05:00:00,-119.19000000000011
2015-07-13 05:00:00,-119.44000000000011
2015-07-14 05:00:00,-119.18000000000012
2015-07-15 05:00:00,-120.19000000000011
2015-07-16 05:00:00,-120.52000000000012
2015-07-17 05:00:00,-119.94000000000011
2015-07-20 05:00:00,-116.94000000000011
2015-07-21 05:00:00,-117.69000000000011
2015-07-22 05:00:00,-119.40000000000012
2015-07-23 05:00:00,-119.02000000000012
2015-07-24 05:00:00,-119.19000000000011
2015-07-27 05:00:00,-118.12000000000012
2015-07-28 05:00:00,-116.63000000000011
2015-07-29 05:00:00,-114.86000000000013
2015-07-30 05:00:00,-116.15000000000012
2015-07-31 05:00:00,-115.61000000000013
2015-08-03 05:00:00,-115.59000000000012
2015-08-04 05:00:00,-115.46000000000012
2015-08-05 05:00:00,-113.73000000000012
2015-08-06 05:00:00,-113.85000000000012
2015-08-07 05:00:00,-114.65000000000012
2015-08-10 05:00:00,-114.62000000000012
2015-08-11 05:00:00,-115.05000000000013
2015-08-12 05:00:00,-114.81000000000012
2015-08-13 05:00:00,-113.60000000000012
2015-08-14 05:00:00,-113.40000000000012
2015-08-17 05:00:00,-114.20000000000012
2015-08-18 05:00:00,-113.73000000000012
2015-08-19 05:00:00,-114.41000000000011
2015-08-20 05:00:00,-113.95000000000012
2015-08-21 05:00:00,-113.28000000000011
2015-08-24 05:00:00,-116.65000000000012
2015-08-25 05:00:00,-115.50000000000011
2015-08-26 05:00:00,-116.74000000000012
2015-08-27 05:00:00,-115.06000000000012
2015-08-28 05:00:00,-113.08000000000013
2015-08-31 05:00:00,-112.36000000000013
2015-09-01 05:00:00,-111.61000000000013
2015-09-02 05:00:00,-111.86000000000013
2015-09-03 05:00:00,-111.42000000000013
2015-09-04 05:00:00,-111.17000000000013
2015-09-07 05:00:00,-112.07000000000012
2015-09-08 05:00:00,-111.58000000000013
2015-09-09 05:00:00,-110.08000000000013
2015-09-10 05:00:00,-108.28000000000011
2015-09-11 05:00:00,-109.11000000000013
2015-09-14 05:00:00,-110.31000000000012
2015-09-15 05:00:00,-111.70000000000013
2015-09-16 05:00:00,-110.99000000000012
2015-09-17 05:00:00,-111.01000000000012
2015-09-18 05:00:00,-110.94000000000011
2015-09-21 05:00:00,-110.34000000000012
2015-09-22 05:00:00,-111.43000000000012
2015-09-23 05:00:00,-110.94000000000011
2015-09-24 05:00:00,-111.36000000000013
2015-09-25 05:00:00,-111.15000000000012
2015-09-28 05:00:00,-112.91000000000011
2015-09-29 05:00:00,-113.32000000000012
2015-09-30 05:00:00,-113.08000000000013
2015-10-01 05:00:00,-112.68000000000012
2015-10-02 05:00:00,-112.70000000000012
2015-10-05 05:00:00,-112.03000000000011
2015-10-06 05:00:00,-111.53000000000011
2015-10-07 05:00:00,-111.61000000000013
2015-10-08 05:00:00,-111.48000000000012
2015-10-09 05:00:00,-110.25000000000011
2015-10-12 05:00:00,-111.15000000000012
2015-10-13 05:00:00,-111.98000000000012
2015-10-14 05:00:00,-112.05000000000013
2015-10-15 05:00:00,-112.55000000000013
2015-10-16 05:00:00,-113.27000000000012
2015-10-19 05:00:00,-112.90000000000012
2015-10-20 05:00:00,-112.59000000000012
2015-10-21 05:00:00,-113.42000000000013
2015-10-22 05:00:00,-113.85000000000012
2015-10-23 05:00:00,-113.65000000000012
2015-10-26 05:00:00,-113.96000000000012
2015-10-27 05:00:00,-113.90000000000012
2015-10-28 05:00:00,-115.04000000000012
2015-10-29 05:00:00,-115.21000000000012
2015-10-30 05:00:00,-114.15000000000012
2015-11-02 06:00:00,-114.91000000000011
2015-11-03 06:00:00,-116.02000000000012
2015-11-04 06:00:00,-115.15000000000012
2015-11-05 06:00:00,-115.90000000000012
2015-11-06 06:00:00,-115.53000000000011
2015-11-09 06:00:00,-114.56000000000012
2015-11-10 06:00:00,-114.91000000000011
2015-11-11 06:00:00,-114.90000000000012
2015-11-12 06:00:00,-115.22000000000011
2015-11-13 06:00:00,-115.03000000000011
2015-11-16 06:00:00,-115.32000000000012
2015-11-17 06:00:00,-116.17000000000013
2015-11-18 06:00:00,-116.81000000000012
2015-11-19 06:00:00,-117.65000000000012
2015-11-20 06:00:00,-117.13000000000011
2015-11-23 06:00:00,-118.22000000000011
2015-11-24 06:00:00,-118.24000000000012
2015-11-25 06:00:00,-118.15000000000012
2015-11-26 06:00:00,-117.86000000000013
2015-11-27 06:00:00,-118.62000000000012
2015-11-30 06:00:00,-119.97000000000011
2015-12-01 06:00:00,-121.26000000000012
2015-12-02 06:00:00,-121.68000000000012
2015-12-03 06:00:00,-122.36000000000011
2015-12-04 06:00:00,-122.23000000000012
2015-12-07 06:00:00,-121.71000000000012
2015-12-08 06:00:00,-122.01000000000012
2015-12-09 06:00:00,-122.02000000000012
2015-12-10 06:00:00,-122.65000000000012
2015-12-11 06:00:00,-122.50000000000011
2015-12-14 06:00:00,-121.93000000000012
2015-12-15 06:00:00,-122.13000000000011
2015-12-16 06:00:00,-121.53000000000011
2015-12-17 06:00:00,-121.03000000000011
2015-12-18 06:00:00,-119.98000000000012
2015-12-21 06:00:00,-119.63000000000011
2015-12-22 06:00:00,-120.0700000000001
2015-12-23 06:00:00,-120.60000000000011
2015-12-24 06:00:00,-120.48000000000012
2015-12-28 06:00:00,-119.53000000000011
2015-12-29 06:00:00,-117.83000000000013
2015-12-30 06:00:00,-117.50000000000011
2015-12-31 06:00:00,-117.38000000000011
2016-01-04 06:00:00,-118.25000000000011
2016-01-05 06:00:00,-118.8200000000001
2016-01-06 06:00:00,-119.94000000000011
2016-01-07 06:00:00,-119.89000000000011
2016-01-08 06:00:00,-120.59000000000012
2016-01-11 06:00:00,-121.53000000000011
2016-01-12 06:00:00,-122.05000000000011
2016-01-13 06:00:00,-121.19000000000011
2016-01-14 06:00:00,-120.2900000000001
2016-01-15 06:00:00,-119.87000000000012
2016-01-18 06:00:00,-117.62000000000012
2016-01-19 06:00:00,-117.84000000000012
2016-01-20 06:00:00,-119.52000000000012
2016-01-21 06:00:00,-120.0100000000001
2016-01-22 06:00:00,-118.60000000000011
2016-01-25 06:00:00,-118.86000000000011
2016-01-26 06:00:00,-117.89000000000011
2016-01-27 06:00:00,-116.50000000000011
2016-01-28 06:00:00,-117.62000000000012
2016-01-29 06:00:00,-116.3200000000001
2016-02-01 06:00:00,-115.60000000000011
2016-02-02 06:00:00,-114.97000000000011
2016-02-03 06:00:00,-114.58000000000011
2016-02-04 06:00:00,-113.91000000000011
2016-02-05 06:00:00,-114.55000000000011
2016-02-08 06:00:00,-114.71000000000011
2016-02-09 06:00:00,-114.84000000000012
2016-02-10 06:00:00,-115.59000000000012
2016-02-11 06:00:00,-116.13000000000011
2016-02-12 06:00:00,-116.10000000000011
2016-02-15 06:00:00,-112.9500000000001
2016-02-16 06:00:00,-113.34000000000012
2016-02-17 06:00:00,-113.12000000000012
2016-02-18 06:00:00,-112.06000000000012
2016-02-19 06:00:00,-111.33000000000011
2016-02-22 06:00:00,-108.3200000000001
2016-02-23 06:00:00,-109.37000000000012
2016-02-24 06:00:00,-110.5700000000001
2016-02-25 06:00:00,-110.8900000000001
2016-02-26 06:00:00,-111.16000000000011
2016-02-29 06:00:00,-109.3900000000001
2016-03-01 06:00:00,-108.5100000000001
2016-03-02 06:00:00,-106.27000000000011
2016-03-03 06:00:00,-107.44000000000011
2016-03-04 06:00:00,-105.1700000000001
2016-03-07 06:00:00,-95.91000000000011
2016-03-08 06:00:00,-101.4000000000001
2016-03-09 06:00:00,-102.6400000000001
2016-03-10 06:00:00,-103.4200000000001
2016-03-11 06:00:00,-105.0700000000001
2016-03-14 05:00:00,-105.3900000000001
2016-03-15 05:00:00,-107.27000000000011
2016-03-16 05:00:00,-104.5700000000001
2016-03-17 05:00:00,-102.8000000000001
2016-03-18 05:00:00,-101.2000000000001
2016-03-21 05:00:00,-100.85000000000011
2016-03-22 05:00:00,-101.34000000000012
2016-03-23 05:00:00,-101.59000000000012
2016-03-24 05:00:00,-104.5700000000001
2016-03-28 05:00:00,-104.3200000000001
2016-03-29 05:00:00,-104.3200000000001
2016-03-30 05:00:00,-104.5700000000001
2016-03-31 05:00:00,-104.2700000000001
2016-04-01 05:00:00,-102.7700000000001
2016-04-04 05:00:00,-102.5500000000001
2016-04-05 05:00:00,-103.4200000000001
2016-04-06 05:00:00,-103.8400000000001
2016-04-07 05:00:00,-103.3700000000001
2016-04-08 05:00:00,-103.6200000000001
2016-04-11 05:00:00,-101.0200000000001
2016-04-12 05:00:00,-97.75000000000011
2016-04-13 05:00:00,-97.44000000000011
2016-04-14 05:00:00,-99.0700000000001
2016-04-15 05:00:00,-99.6200000000001
2016-04-18 05:00:00,-96.7900000000001
2016-04-19 05:00:00,-95.3700000000001
2016-04-20 05:00:00,-92.1500000000001
2016-04-21 05:00:00,-89.22000000000011
2016-04-22 05:00:00,-93.21000000000011
2016-04-25 05:00:00,-93.10000000000011
2016-04-26 05:00:00,-95.3400000000001
2016-04-27 05:00:00,-95.8900000000001
2016-04-28 05:00:00,-92.8400000000001
2016-04-29 05:00:00,-90.8300000000001
2016-05-03 05:00:00,-94.46000000000011
2016-05-04 05:00:00,-96.1100000000001
2016-05-05 05:00:00,-97.24000000000011
2016-05-06 05:00:00,-97.22000000000011
2016-05-09 05:00:00,-101.6100000000001
2016-05-10 05:00:00,-100.9200000000001
2016-05-11 05:00:00,-100.72000000000011
2016-05-12 05:00:00,-102.41000000000011
2016-05-13 05:00:00,-103.5700000000001
2016-05-16 05:00:00,-102.2900000000001
2016-05-17 05:00:00,-100.6700000000001
2016-05-18 05:00:00,-101.75000000000011
2016-05-19 05:00:00,-102.56000000000012
2016-05-20 05:00:00,-101.99000000000011
2016-05-23 05:00:00,-105.24000000000011
2016-05-24 05:00:00,-104.71000000000011
2016-05-25 05:00:00,-106.2700000000001
2016-05-26 05:00:00,-106.0200000000001
2016-05-27 05:00:00,-104.3700000000001
2016-05-30 05:00:00,-105.5400000000001
2016-05-31 05:00:00,-105.6100000000001
2016-06-01 05:00:00,-105.91000000000011
2016-06-02 05:00:00,-105.5400000000001
2016-06-03 05:00:00,-105.22000000000011
2016-06-06 05:00:00,-102.71000000000011
2016-06-07 05:00:00,-102.1700000000001
2016-06-08 05:00:00,-102.4300000000001
2016-06-09 05:00:00,-102.0500000000001
2016-06-10 05:00:00,-101.7700000000001
2016-06-13 05:00:00,-101.4200000000001
2016-06-14 05:00:00,-103.47000000000011
2016-06-15 05:00:00,-103.19000000000011
2016-06-16 05:00:00,-102.9200000000001
2016-06-17 05:00:00,-102.1700000000001
2016-06-20 05:00:00,-102.46000000000011
2016-06-21 05:00:00,-102.1200000000001
2016-06-22 05:00:00,-100.2600000000001
2016-06-23 05:00:00,-100.5900000000001
2016-06-24 05:00:00,-100.94000000000011
2016-06-27 05:00:00,-98.2900000000001
2016-06-28 05:00:00,-97.94000000000011
2016-06-29 05:00:00,-98.72000000000011
2016-06-30 05:00:00,-97.2000000000001
2016-07-01 05:00:00,-98.0200000000001
2016-07-04 05:00:00,-95.4800000000001
2016-07-05 05:00:00,-96.25000000000011
2016-07-06 05:00:00,-98.2700000000001
2016-07-07 05:00:00,-97.1700000000001
2016-07-08 05:00:00,-96.5900000000001
2016-07-11 05:00:00,-96.5300000000001
2016-07-12 05:00:00,-94.61000000000011
2016-07-13 05:00:00,-93.9300000000001
2016-07-14 05:00:00,-94.9200000000001
2016-07-15 05:00:00,-93.7900000000001
2016-07-18 05:00:00,-96.47000000000011
2016-07-19 05:00:00,-96.8700000000001
2016-07-20 05:00:00,-96.3300000000001
2016-07-21 05:00:00,-94.2300000000001
2016-07-22 05:00:00,-95.6700000000001
2016-07-25 05:00:00,-94.4700000000001
2016-07-26 05:00:00,-93.3800000000001
2016-07-27 05:00:00,-91.1200000000001
2016-07-28 05:00:00,-89.7900000000001
2016-07-29 05:00:00,-92.0700000000001
2016-08-01 05:00:00,-89.4000000000001
2016-08-02 05:00:00,-89.3000000000001
2016-08-03 05:00:00,-89.8200000000001
2016-08-04 05:00:00,-90.75000000000011
2016-08-05 05:00:00,-88.4000000000001
2016-08-08 05:00:00,-87.2200000000001
2016-08-09 05:00:00,-88.2700000000001
2016-08-10 05:00:00,-89.0200000000001
2016-08-11 05:00:00,-89.5900000000001
2016-08-12 05:00:00,-89.6700000000001
2016-08-15 05:00:00,-90.2900000000001
2016-08-16 05:00:00,-88.5100000000001
2016-08-17 05:00:00,-89.94000000000011
2016-08-18 05:00:00,-89.2000000000001
2016-08-19 05:00:00,-88.3300000000001
2016-08-22 05:00:00,-88.0200000000001
2016-08-23 05:00:00,-86.6700000000001
2016-08-24 05:00:00,-86.77000000000011
2016-08-25 05:00:00,-88.19000000000011
2016-08-26 05:00:00,-89.2900000000001
2016-08-29 05:00:00,-89.97000000000011
2016-08-30 05:00:00,-90.4500000000001
2016-08-31 05:00:00,-90.8600000000001
2016-09-01 05:00:00,-90.0400000000001
2016-09-02 05:00:00,-90.22000000000011
2016-09-05 05:00:00,-90.10000000000011
2016-09-06 05:00:00,-89.72000000000011
2016-09-07 05:00:00,-91.10000000000011
2016-09-08 05:00:00,-91.09000000000012
2016-09-09 05:00:00,-91.0800000000001
2016-09-12 05:00:00,-92.24000000000011
2016-09-13 05:00:00,-92.55000000000011
2016-09-14 05:00:00,-92.6500000000001
2016-09-15 05:00:00,-92.8400000000001
2016-09-16 05:00:00,-92.94000000000011
2016-09-19 05:00:00,-93.1800000000001
2016-09-20 05:00:00,-92.13000000000011
2016-09-21 05:00:00,-92.00000000000011
2016-09-22 05:00:00,-90.63000000000011
2016-09-23 05:00:00,-90.30000000000011
2016-09-26 05:00:00,-90.55000000000011
2016-09-27 05:00:00,-91.1700000000001
2016-09-28 05:00:00,-90.88000000000011
2016-09-29 05:00:00,-90.4300000000001
2016-09-30 05:00:00,-91.0100000000001
2016-10-03 05:00:00,-90.9300000000001
2016-10-04 05:00:00,-90.7900000000001
2016-10-05 05:00:00,-90.81000000000012
2016-10-06 05:00:00,-90.8900000000001
2016-10-07 05:00:00,-91.02000000000011
2016-10-10 05:00:00,-89.71000000000011
2016-10-11 05:00:00,-88.88000000000011
2016-10-12 05:00:00,-88.8600000000001
2016-10-13 05:00:00,-88.8300000000001
2016-10-14 05:00:00,-87.7300000000001
2016-10-17 05:00:00,-87.0300000000001
2016-10-18 05:00:00,-87.23000000000012
2016-10-19 05:00:00,-86.9300000000001
2016-10-20 05:00:00,-86.5000000000001
2016-10-21 05:00:00,-86.7200000000001
2016-10-24 05:00:00,-86.05000000000011
2016-10-25 05:00:00,-83.2300000000001
2016-10-26 05:00:00,-83.7900000000001
2016-10-27 05:00:00,-83.9000000000001
2016-10-28 05:00:00,-82.06000000000012
2016-10-31 05:00:00,-80.63000000000011
2016-11-01 05:00:00,-80.18000000000012
2016-11-02 05:00:00,-81.5400000000001
2016-11-03 05:00:00,-80.14000000000011
2016-11-04 05:00:00,-80.41000000000011
2016-11-07 06:00:00,-77.2000000000001
2016-11-08 06:00:00,-77.65000000000012
2016-11-09 06:00:00,-72.6500000000001
2016-11-10 06:00:00,-70.08000000000013
2016-11-11 06:00:00,-63.33000000000011
2016-11-14 06:00:00,-66.50000000000011
2016-11-15 06:00:00,-73.80000000000011
2016-11-16 06:00:00,-72.9300000000001
2016-11-17 06:00:00,-73.38000000000012
2016-11-18 06:00:00,-77.15000000000012
2016-11-21 06:00:00,-76.63000000000011
2016-11-22 06:00:00,-71.4800000000001
2016-11-23 06:00:00,-70.13000000000011
2016-11-24 06:00:00,-68.13000000000011
2016-11-25 06:00:00,-65.88000000000012
2016-11-28 06:00:00,-65.01000000000012
2016-11-29 06:00:00,-70.28000000000011
2016-11-30 06:00:00,-72.92000000000012
2016-12-01 06:00:00,-67.0500000000001
2016-12-02 06:00:00,-68.4500000000001
2016-12-05 06:00:00,-66.68000000000012
2016-12-06 06:00:00,-66.60000000000011
2016-12-07 06:00:00,-63.5600000000001
2016-12-08 06:00:00,-63.76000000000012
2016-12-09 06:00:00,-64.67000000000012
2016-12-12 06:00:00,-62.54000000000012
2016-12-13 06:00:00,-62.60000000000012
2016-12-14 06:00:00,-64.9300000000001
2016-12-15 06:00:00,-63.180000000000106
2016-12-16 06:00:00,-64.77000000000011
2016-12-19 06:00:00,-67.5700000000001
2016-12-20 06:00:00,-66.8300000000001
2016-12-21 06:00:00,-65.89000000000011
2016-12-22 06:00:00,-68.72000000000011
2016-12-23 06:00:00,-68.2000000000001
2016-12-27 06:00:00,-66.8300000000001
2016-12-28 06:00:00,-65.92000000000012
2016-12-29 06:00:00,-65.6800000000001
2016-12-30 06:00:00,-67.9500000000001
2017-01-03 06:00:00,-68.81000000000012
2017-01-04 06:00:00,-68.7000000000001
2017-01-05 06:00:00,-66.93000000000012
2017-01-06 06:00:00,-67.9800000000001
2017-01-09 06:00:00,-65.94000000000013
2017-01-10 06:00:00,-63.26000000000012
2017-01-11 06:00:00,-62.670000000000115
2017-01-12 06:00:00,-62.010000000000126
2017-01-13 06:00:00,-62.18000000000011
2017-01-16 06:00:00,-57.89000000000012
2017-01-17 06:00:00,-60.02000000000012
2017-01-18 06:00:00,-60.12000000000011
2017-01-19 06:00:00,-60.460000000000115
2017-01-20 06:00:00,-61.61000000000012
2017-01-23 06:00:00,-61.11000000000012
2017-01-24 06:00:00,-58.06000000000011
2017-01-25 06:00:00,-57.720000000000134
2017-01-26 06:00:00,-56.5300000000001
2017-01-27 06:00:00,-56.5000000000001
2017-01-30 06:00:00,-56.5000000000001
2017-01-31 06:00:00,-56.5000000000001
2017-02-01 06:00:00,-55.5600000000001
2017-02-02 06:00:00,-54.73000000000012
2017-02-03 06:00:00,-59.89000000000012
2017-02-06 06:00:00,-61.14000000000012
2017-02-07 06:00:00,-58.450000000000124
2017-02-08 06:00:00,-57.3100000000001
2017-02-09 06:00:00,-57.33000000000011
2017-02-10 06:00:00,-53.2500000000001
2017-02-13 06:00:00,-49.20000000000012
2017-02-14 06:00:00,-50.0600000000001
2017-02-15 06:00:00,-50.96000000000011
2017-02-16 06:00:00,-52.120000000000104
2017-02-17 06:00:00,-50.180000000000106
2017-02-20 06:00:00,-48.79000000000012
2017-02-21 06:00:00,-46.890000000000114
2017-02-22 06:00:00,-48.74000000000011
2017-02-23 06:00:00,-50.49000000000011
2017-02-24 06:00:00,-50.73000000000012
2017-02-27 06:00:00,-48.870000000000104
2017-02-28 06:00:00,-51.32000000000009
2017-03-01 06:00:00,-50.76000000000012
2017-03-02 06:00:00,-50.380000000000095
2017-03-03 06:00:00,-52.23000000000012
2017-03-06 06:00:00,-54.9400000000001
2017-03-07 06:00:00,-55.21000000000011
2017-03-08 06:00:00,-55.23000000000012
2017-03-09 06:00:00,-55.640000000000114
2017-03-10 06:00:00,-55.57000000000009
2017-03-13 05:00:00,-52.48000000000012
2017-03-14 05:00:00,-52.120000000000104
2017-03-15 05:00:00,-48.2200000000001
2017-03-16 05:00:00,-47.4700000000001
2017-03-17 05:00:00,-49.0300000000001
2017-03-20 05:00:00,-49.380000000000095
2017-03-21 05:00:00,-52.86000000000011
2017-03-22 05:00:00,-54.5600000000001
2017-03-23 05:00:00,-53.680000000000106
2017-03-24 05:00:00,-54.61000000000011
2017-03-27 05:00:00,-58.08000000000012
2017-03-28 05:00:00,-58.460000000000115
2017-03-29 05:00:00,-55.83000000000011
2017-03-30 05:00:00,-57.0900000000001
2017-03-31 05:00:00,-57.720000000000105
2017-04-03 05:00:00,-58.200000000000095
2017-04-04 05:00:00,-57.120000000000104
2017-04-05 05:00:00,-56.5000000000001
2017-04-06 05:00:00,-57.970000000000105
2017-04-07 05:00:00,-60.81000000000011
2017-04-10 05:00:00,-63.120000000000104
2017-04-11 05:00:00,-63.4700000000001
2017-04-12 05:00:00,-67.3200000000001
2017-04-13 05:00:00,-66.8300000000001
2017-04-17 05:00:00,-69.3600000000001
2017-04-18 05:00:00,-72.5900000000001
2017-04-19 05:00:00,-69.3300000000001
2017-04-20 05:00:00,-68.68000000000009
2017-04-21 05:00:00,-66.04000000000009
2017-04-24 05:00:00,-66.7600000000001
2017-04-25 05:00:00,-67.2000000000001
2017-04-26 05:00:00,-67.3200000000001
2017-04-27 05:00:00,-66.65000000000009
2017-04-28 05:00:00,-64.92000000000009
2017-05-02 05:00:00,-64.3100000000001
2017-05-03 05:00:00,-65.51000000000009
2017-05-04 05:00:00,-70.34000000000009
2017-05-05 05:00:00,-70.93000000000009
2017-05-08 05:00:00,-72.04000000000009
2017-05-09 05:00:00,-71.81000000000009
2017-05-10 05:00:00,-70.0500000000001
2017-05-11 05:00:00,-70.8900000000001
2017-05-12 05:00:00,-72.00000000000009
2017-05-15 05:00:00,-71.9500000000001
2017-05-16 05:00:00,-71.5800000000001
2017-05-17 05:00:00,-69.5200000000001
2017-05-18 05:00:00,-71.34000000000009
2017-05-19 05:00:00,-69.40000000000009
2017-05-22 05:00:00,-68.6700000000001
2017-05-23 05:00:00,-69.7700000000001
2017-05-24 05:00:00,-72.12000000000009
2017-05-25 05:00:00,-73.0000000000001
2017-05-26 05:00:00,-73.4600000000001
2017-05-29 05:00:00,-73.4600000000001
2017-05-30 05:00:00,-73.6000000000001
2017-05-31 05:00:00,-75.81000000000009
2017-06-01 05:00:00,-76.15000000000009
2017-06-02 05:00:00,-75.6600000000001
2017-06-05 05:00:00,-76.1100000000001
2017-06-06 05:00:00,-76.0800000000001
2017-06-07 05:00:00,-76.34000000000009
2017-06-08 05:00:00,-77.0100000000001
2017-06-09 05:00:00,-77.31000000000009
2017-06-12 05:00:00,-76.32000000000009
2017-06-13 05:00:00,-77.68000000000009
2017-06-14 05:00:00,-76.7900000000001
2017-06-15 05:00:00,-76.82000000000009
2017-06-16 05:00:00,-76.0200000000001
2017-06-19 05:00:00,-75.00000000000009
2017-06-20 05:00:00,-75.0500000000001
2017-06-21 05:00:00,-75.2100000000001
2017-06-22 05:00:00,-75.34000000000009
2017-06-23 05:00:00,-75.0500000000001
2017-06-26 05:00:00,-74.5400000000001
2017-06-27 05:00:00,-71.68000000000009
2017-06-28 05:00:00,-69.56000000000009
2017-06-29 05:00:00,-68.53000000000009
2017-06-30 05:00:00,-68.4200000000001
2017-07-03 05:00:00,-66.82000000000009
2017-07-04 05:00:00,-68.6000000000001
2017-07-05 05:00:00,-68.1300000000001
2017-07-06 05:00:00,-69.0200000000001
2017-07-07 05:00:00,-67.59000000000009
2017-07-10 05:00:00,-67.3900000000001
2017-07-11 05:00:00,-66.1600000000001
2017-07-12 05:00:00,-66.1800000000001
2017-07-13 05:00:00,-65.57000000000009
2017-07-14 05:00:00,-66.1100000000001
2017-07-17 05:00:00,-64.51000000000009
2017-07-18 05:00:00,-62.79000000000009
2017-07-19 05:00:00,-61.6000000000001
2017-07-20 05:00:00,-63.98000000000009
2017-07-21 05:00:00,-63.46000000000009
2017-07-24 05:00:00,-64.0000000000001
2017-07-25 05:00:00,-62.39000000000009
2017-07-26 05:00:00,-62.6700000000001
2017-07-27 05:00:00,-62.06000000000011
2017-07-28 05:00:00,-61.970000000000105
2017-07-31 05:00:00,-57.930000000000085
2017-08-01 05:00:00,-58.05000000000009
2017-08-02 05:00:00,-58.5100000000001
2017-08-03 05:00:00,-58.00000000000008
2017-08-04 05:00:00,-56.97000000000007
2017-08-07 05:00:00,-54.93000000000008
2017-08-08 05:00:00,-56.24000000000008
2017-08-09 05:00:00,-55.080000000000084
2017-08-10 05:00:00,-55.26000000000009
2017-08-11 05:00:00,-58.1000000000001
2017-08-14 05:00:00,-59.450000000000095
2017-08-15 05:00:00,-59.77000000000009
2017-08-16 05:00:00,-59.55000000000009
2017-08-17 05:00:00,-56.18000000000008
2017-08-18 05:00:00,-55.26000000000009
2017-08-21 05:00:00,-53.620000000000076
2017-08-22 05:00:00,-53.49000000000008
2017-08-23 05:00:00,-55.42000000000009
2017-08-24 05:00:00,-54.54000000000009
2017-08-25 05:00:00,-54.06000000000007
2017-08-28 05:00:00,-54.93000000000008
2017-08-29 05:00:00,-56.03000000000007
2017-08-30 05:00:00,-55.82000000000009
2017-08-31 05:00:00,-54.01000000000009
2017-09-01 05:00:00,-52.4400000000001
2017-09-04 05:00:00,-52.97000000000007
2017-09-05 05:00:00,-52.100000000000094
2017-09-06 05:00:00,-53.910000000000096
2017-09-07 05:00:00,-55.330000000000084
2017-09-08 05:00:00,-56.160000000000096
2017-09-11 05:00:00,-56.04000000000009
2017-09-12 05:00:00,-55.160000000000096
2017-09-13 05:00:00,-55.70000000000009
2017-09-14 05:00:00,-58.11000000000009
2017-09-15 05:00:00,-59.400000000000084
2017-09-18 05:00:00,-59.09000000000008
2017-09-19 05:00:00,-62.1600000000001
2017-09-20 05:00:00,-61.5400000000001
2017-09-21 05:00:00,-65.55000000000008
2017-09-22 05:00:00,-65.30000000000008
2017-09-25 05:00:00,-64.9600000000001
2017-09-26 05:00:00,-64.16000000000008
2017-09-27 05:00:00,-64.0300000000001
2017-09-28 05:00:00,-65.93000000000009
2017-09-29 05:00:00,-65.89000000000009
2017-10-02 05:00:00,-65.3700000000001
2017-10-03 05:00:00,-65.2700000000001
2017-10-04 05:00:00,-64.9900000000001
2017-10-05 05:00:00,-64.3400000000001
2017-10-06 05:00:00,-64.1900000000001
2017-10-09 05:00:00,-66.7000000000001
2017-10-10 05:00:00,-68.62000000000009
2017-10-11 05:00:00,-68.65000000000009
2017-10-12 05:00:00,-68.2300000000001
2017-10-13 05:00:00,-65.17000000000009
2017-10-16 05:00:00,-63.95000000000009
2017-10-17 05:00:00,-65.18000000000009
2017-10-18 05:00:00,-65.1200000000001
2017-10-19 05:00:00,-66.7100000000001
2017-10-20 05:00:00,-65.0300000000001
2017-10-23 05:00:00,-64.8900000000001
2017-10-24 05:00:00,-64.1000000000001
2017-10-25 05:00:00,-64.7300000000001
2017-10-26 05:00:00,-65.3400000000001
2017-10-27 05:00:00,-68.34000000000009
2017-10-30 05:00:00,-68.6100000000001
2017-10-31 05:00:00,-67.88000000000008
2017-11-01 05:00:00,-67.73000000000009
2017-11-02 05:00:00,-66.40000000000009
2017-11-03 05:00:00,-66.44000000000008
2017-11-06 06:00:00,-63.36000000000009
2017-11-07 06:00:00,-63.89000000000009
2017-11-08 06:00:00,-63.92000000000009
2017-11-09 06:00:00,-63.90000000000009
2017-11-10 06:00:00,-63.73000000000009
2017-11-13 06:00:00,-63.37000000000009
2017-11-14 06:00:00,-63.490000000000094
2017-11-15 06:00:00,-64.88000000000008
2017-11-16 06:00:00,-64.42000000000009
2017-11-17 06:00:00,-64.3500000000001
2017-11-20 06:00:00,-63.25000000000009
2017-11-21 06:00:00,-62.420000000000094
2017-11-22 06:00:00,-60.60000000000009
2017-11-23 06:00:00,-59.75000000000009
2017-11-24 06:00:00,-58.72000000000009
2017-11-27 06:00:00,-58.86000000000009
2017-11-28 06:00:00,-59.340000000000096
2017-11-29 06:00:00,-58.91000000000009
2017-11-30 06:00:00,-57.920000000000094
2017-12-01 06:00:00,-56.910000000000096
2017-12-04 06:00:00,-55.100000000000094
2017-12-05 06:00:00,-56.680000000000106
2017-12-06 06:00:00,-59.310000000000095
2017-12-07 06:00:00,-60.920000000000094
2017-12-08 06:00:00,-58.99000000000009
2017-12-11 06:00:00,-59.060000000000095
2017-12-12 06:00:00,-58.75000000000009
2017-12-13 06:00:00,-58.0400000000001
2017-12-14 06:00:00,-58.810000000000095
2017-12-15 06:00:00,-57.64000000000009
2017-12-18 06:00:00,-54.600000000000094
2017-12-19 06:00:00,-55.160000000000096
2017-12-20 06:00:00,-55.21000000000008
2017-12-21 06:00:00,-54.7500000000001
2017-12-22 06:00:00,-53.99000000000008
2017-12-26 06:00:00,-55.4400000000001
2017-12-27 06:00:00,-55.910000000000096
2017-12-28 06:00:00,-55.350000000000094
2017-12-29 06:00:00,-54.3400000000001
2018-01-02 06:00:00,-52.76000000000009
2018-01-03 06:00:00,-53.380000000000095
2018-01-04 06:00:00,-52.29000000000009
2018-01-05 06:00:00,-52.0000000000001
2018-01-08 06:00:00,-50.3100000000001
2018-01-09 06:00:00,-49.24000000000008
2018-01-10 06:00:00,-49.610000000000085
2018-01-11 06:00:00,-49.27000000000008
2018-01-12 06:00:00,-50.640000000000086
2018-01-15 06:00:00,-51.5600000000001
2018-01-16 06:00:00,-52.79000000000009
2018-01-17 06:00:00,-53.32000000000009
2018-01-18 06:00:00,-52.7200000000001
2018-01-19 06:00:00,-51.180000000000106
2018-01-22 06:00:00,-51.55000000000008
2018-01-23 06:00:00,-53.880000000000095
2018-01-24 06:00:00,-53.49000000000008
2018-01-25 06:00:00,-52.23000000000009
2018-01-26 06:00:00,-52.8400000000001
2018-01-29 06:00:00,-53.410000000000096
2018-01-30 06:00:00,-53.48000000000009
2018-01-31 06:00:00,-53.9700000000001
2018-02-01 06:00:00,-53.7800000000001
2018-02-02 06:00:00,-52.860000000000085
2018-02-05 06:00:00,-51.410000000000096
2018-02-06 06:00:00,-51.1900000000001
2018-02-07 06:00:00,-50.67000000000009
2018-02-08 06:00:00,-50.390000000000086
2018-02-09 06:00:00,-50.57000000000009
2018-02-12 06:00:00,-50.67000000000009
2018-02-13 06:00:00,-49.52000000000011
2018-02-14 06:00:00,-48.70000000000009
2018-02-15 06:00:00,-48.380000000000095
2018-02-16 06:00:00,-48.29000000000009
2018-02-19 06:00:00,-48.1900000000001
2018-02-20 06:00:00,-48.01000000000009
2018-02-21 06:00:00,-47.860000000000085
2018-02-22 06:00:00,-48.24000000000011
2018-02-23 06:00:00,-47.4400000000001
2018-02-26 06:00:00,-46.870000000000104
2018-02-27 06:00:00,-47.080000000000084
2018-02-28 06:00:00,-47.7800000000001
2018-03-01 06:00:00,-47.52000000000008
2018-03-02 06:00:00,-48.900000000000105
2018-03-05 06:00:00,-51.55000000000008
2018-03-06 06:00:00,-51.130000000000095
2018-03-07 06:00:00,-52.1900000000001
2018-03-08 06:00:00,-54.430000000000106
2018-03-09 06:00:00,-55.29000000000009
2018-03-12 05:00:00,-56.23000000000009
2018-03-13 05:00:00,-55.99000000000011
2018-03-14 05:00:00,-54.55000000000008
2018-03-15 05:00:00,-54.51000000000009
2018-03-16 05:00:00,-56.27000000000008
2018-03-19 05:00:00,-58.7100000000001
2018-03-20 05:00:00,-58.810000000000095
2018-03-21 05:00:00,-58.28000000000009
2018-03-22 05:00:00,-57.3700000000001
2018-03-23 05:00:00,-60.93000000000009
2018-03-26 05:00:00,-61.8300000000001
2018-03-27 05:00:00,-61.100000000000094
2018-03-28 05:00:00,-61.240000000000094
2018-03-29 05:00:00,-59.77000000000009
2018-04-02 05:00:00,-58.69000000000009
2018-04-03 05:00:00,-59.94000000000009
2018-04-04 05:00:00,-61.68000000000009
2018-04-05 05:00:00,-61.56000000000009
2018-04-06 05:00:00,-60.81000000000009
2018-04-09 05:00:00,-60.15000000000009
2018-04-10 05:00:00,-58.900000000000084
2018-04-11 05:00:00,-59.76000000000009
2018-04-12 05:00:00,-59.77000000000009
2018-04-13 05:00:00,-58.72000000000009
2018-04-16 05:00:00,-60.13000000000009
2018-04-17 05:00:00,-59.430000000000085
2018-04-18 05:00:00,-57.66000000000009
2018-04-19 05:00:00,-55.23000000000009
2018-04-20 05:00:00,-56.620000000000104
2018-04-23 05:00:00,-55.910000000000096
2018-04-24 05:00:00,-56.0300000000001
2018-04-25 05:00:00,-56.7500000000001
2018-04-26 05:00:00,-57.2500000000001
2018-04-27 05:00:00,-58.24000000000009
2018-04-30 05:00:00,-58.03000000000009
2018-05-01 05:00:00,-57.930000000000085
2018-05-02 05:00:00,-56.620000000000104
2018-05-03 05:00:00,-56.57000000000009
2018-05-04 05:00:00,-56.5600000000001
2018-05-07 05:00:00,-55.2800000000001
2018-05-08 05:00:00,-56.390000000000086
2018-05-09 05:00:00,-57.590000000000096
2018-05-10 05:00:00,-57.1900000000001
2018-05-11 05:00:00,-56.23000000000009
2018-05-14 05:00:00,-55.32000000000009
2018-05-15 05:00:00,-55.73000000000009
2018-05-16 05:00:00,-55.80000000000008
2018-05-17 05:00:00,-55.90000000000008
2018-05-18 05:00:00,-56.57000000000009
2018-05-21 05:00:00,-58.200000000000095
2018-05-22 05:00:00,-59.10000000000009
2018-05-23 05:00:00,-59.44000000000009
2018-05-24 05:00:00,-58.99000000000009
2018-05-25 05:00:00,-59.47000000000009
2018-05-28 05:00:00,-59.96000000000009
2018-05-29 05:00:00,-58.16000000000009
2018-05-30 05:00:00,-59.35000000000009
2018-05-31 05:00:00,-58.73000000000008
2018-06-01 05:00:00,-58.81000000000008
2018-06-04 05:00:00,-59.14000000000008
2018-06-05 05:00:00,-58.39000000000008
2018-06-06 05:00:00,-57.81000000000008
2018-06-07 05:00:00,-57.80000000000009
2018-06-08 05:00:00,-58.25000000000008
2018-06-11 05:00:00,-57.820000000000086
2018-06-12 05:00:00,-57.330000000000084
2018-06-13 05:00:00,-57.52000000000009
2018-06-14 05:00:00,-57.00000000000007
2018-06-15 05:00:00,-57.32000000000009
2018-06-18 05:00:00,-57.60000000000009
2018-06-19 05:00:00,-59.31000000000009
2018-06-20 05:00:00,-59.02000000000009
2018-06-21 05:00:00,-59.280000000000086
2018-06-22 05:00:00,-59.12000000000008
2018-06-25 05:00:00,-58.91000000000009
2018-06-26 05:00:00,-59.180000000000085
2018-06-27 05:00:00,-59.330000000000084
2018-06-28 05:00:00,-58.86000000000009
2018-06-29 05:00:00,-58.570000000000086
2018-07-02 05:00:00,-59.060000000000095
2018-07-03 05:00:00,-59.14000000000009
2018-07-04 05:00:00,-59.37000000000009
2018-07-05 05:00:00,-60.27000000000009
2018-07-06 05:00:00,-60.38000000000009
2018-07-09 05:00:00,-60.09000000000009
2018-07-10 05:00:00,-60.00000000000009
2018-07-11 05:00:00,-59.99000000000009
2018-07-12 05:00:00,-59.67000000000009
2018-07-13 05:00:00,-59.82000000000009
2018-07-16 05:00:00,-59.66000000000009
2018-07-17 05:00:00,-59.51000000000009
2018-07-18 05:00:00,-59.22000000000009
2018-07-19 05:00:00,-58.670000000000094
2018-07-20 05:00:00,-58.64000000000009
2018-07-23 05:00:00,-57.960000000000086
2018-07-24 05:00:00,-57.710000000000086
2018-07-25 05:00:00,-56.98000000000009
2018-07-26 05:00:00,-57.44000000000009
2018-07-27 05:00:00,-55.71000000000008
2018-07-30 05:00:00,-55.93000000000008
2018-07-31 05:00:00,-55.390000000000086
2018-08-01 05:00:00,-56.41000000000007
2018-08-02 05:00:00,-56.52000000000008
2018-08-03 05:00:00,-55.40000000000008
2018-08-06 05:00:00,-53.55000000000008
2018-08-07 05:00:00,-52.890000000000086
2018-08-08 05:00:00,-53.71000000000008
2018-08-09 05:00:00,-53.57000000000009
2018-08-10 05:00:00,-53.98000000000009
2018-08-13 05:00:00,-54.090000000000074
2018-08-14 05:00:00,-55.27000000000008
2018-08-15 05:00:00,-55.90000000000008
2018-08-16 05:00:00,-56.25000000000007
2018-08-17 05:00:00,-55.18000000000008
2018-08-20 05:00:00,-55.080000000000084
2018-08-21 05:00:00,-56.23000000000009
2018-08-22 05:00:00,-56.76000000000009
2018-08-23 05:00:00,-57.090000000000074
2018-08-24 05:00:00,-56.860000000000085
2018-08-27 05:00:00,-57.30000000000008
2018-08-28 05:00:00,-56.98000000000009
2018-08-29 05:00:00,-57.29000000000009
2018-08-30 05:00:00,-57.29000000000009
2018-08-31 05:00:00,-57.110000000000085
2018-09-03 05:00:00,-57.02000000000008
2018-09-04 05:00:00,-56.55000000000008
2018-09-05 05:00:00,-56.380000000000095
2018-09-06 05:00:00,-55.05000000000008
2018-09-07 05:00:00,-55.18000000000008
2018-09-10 05:00:00,-55.100000000000094
2018-09-11 05:00:00,-55.72000000000007
2018-09-12 05:00:00,-55.75000000000007
2018-09-13 05:00:00,-54.76000000000009
2018-09-14 05:00:00,-54.46000000000008
2018-09-17 05:00:00,-54.48000000000009
2018-09-18 05:00:00,-54.330000000000084
2018-09-19 05:00:00,-54.07000000000009
2018-09-20 05:00:00,-54.30000000000008
2018-09-21 05:00:00,-54.24000000000008
2018-09-24 05:00:00,-54.18000000000008
2018-09-25 05:00:00,-55.05000000000008
2018-09-26 05:00:00,-54.630000000000095
2018-09-27 05:00:00,-54.98000000000009
2018-09-28 05:00:00,-55.140000000000086
2018-10-01 05:00:00,-54.90000000000008
2018-10-02 05:00:00,-54.71000000000008
2018-10-03 05:00:00,-54.570000000000064
2018-10-04 05:00:00,-54.51000000000006
2018-10-05 05:00:00,-54.610000000000085
2018-10-08 05:00:00,-54.870000000000076
2018-10-09 05:00:00,-53.91000000000007
2018-10-10 05:00:00,-53.20000000000006
2018-10-11 05:00:00,-53.78000000000007
2018-10-12 05:00:00,-53.31000000000007
2018-10-15 05:00:00,-53.48000000000006
2018-10-16 05:00:00,-53.53000000000007
2018-10-17 05:00:00,-51.00000000000007
2018-10-18 05:00:00,-51.44000000000007
2018-10-19 05:00:00,-52.24000000000008
2018-10-22 05:00:00,-51.350000000000065
2018-10-23 05:00:00,-51.17000000000006
2018-10-24 05:00:00,-49.68000000000008
2018-10-25 05:00:00,-49.76000000000006
2018-10-26 05:00:00,-49.390000000000086
2018-10-29 05:00:00,-49.600000000000065
2018-10-30 05:00:00,-49.69000000000007
2018-10-31 05:00:00,-50.50000000000007
2018-11-01 05:00:00,-51.91000000000007
2018-11-02 05:00:00,-52.090000000000074
2018-11-05 06:00:00,-50.89000000000006
2018-11-06 06:00:00,-51.39000000000006
2018-11-07 06:00:00,-51.49000000000008
2018-11-08 06:00:00,-50.65000000000008
2018-11-09 06:00:00,-50.48000000000006
2018-11-12 06:00:00,-51.79000000000006
2018-11-13 06:00:00,-52.65000000000008
2018-11-14 06:00:00,-52.28000000000007
2018-11-15 06:00:00,-52.570000000000064
2018-11-16 06:00:00,-52.080000000000084
2018-11-19 06:00:00,-51.43000000000008
2018-11-20 06:00:00,-53.29000000000006
2018-11-21 06:00:00,-52.69000000000007
2018-11-22 06:00:00,-54.15000000000008
2018-11-23 06:00:00,-55.91000000000007
2018-11-26 06:00:00,-59.87000000000007
2018-11-27 06:00:00,-59.76000000000007
2018-11-28 06:00:00,-58.22000000000007
2018-11-29 06:00:00,-58.98000000000007
2018-11-30 06:00:00,-59.01000000000006
2018-12-03 06:00:00,-57.98000000000007
2018-12-04 06:00:00,-56.90000000000006
2018-12-05 06:00:00,-56.350000000000065
2018-12-06 06:00:00,-58.030000000000065
2018-12-07 06:00:00,-57.29000000000006
2018-12-10 06:00:00,-57.58000000000006
2018-12-11 06:00:00,-57.390000000000065
2018-12-12 06:00:00,-57.09000000000006
2018-12-13 06:00:00,-55.84000000000006
2018-12-14 06:00:00,-54.16000000000007
2018-12-17 06:00:00,-53.69000000000007
2018-12-18 06:00:00,-54.33000000000007
2018-12-19 06:00:00,-53.76000000000006
2018-12-20 06:00:00,-52.44000000000007
2018-12-21 06:00:00,-52.06000000000006
2018-12-24 06:00:00,-53.03000000000007
2018-12-26 06:00:00,-52.83000000000007
2018-12-27 06:00:00,-52.320000000000064
2018-12-28 06:00:00,-51.84000000000006
2018-12-31 06:00:00,-51.88000000000007
2019-01-02 06:00:00,-51.850000000000065
2019-01-03 06:00:00,-50.79000000000006
2019-01-04 06:00:00,-49.970000000000056
2019-01-07 06:00:00,-48.73000000000006
2019-01-08 06:00:00,-48.710000000000065
2019-01-09 06:00:00,-49.19000000000007
2019-01-10 06:00:00,-49.42000000000006
2019-01-11 06:00:00,-49.350000000000065
2019-01-14 06:00:00,-48.77000000000007
2019-01-15 06:00:00,-48.95000000000006
2019-01-16 06:00:00,-48.55000000000007
2019-01-17 06:00:00,-48.66000000000007
2019-01-18 06:00:00,-46.89000000000006
2019-01-21 06:00:00,-46.53000000000006
2019-01-22 06:00:00,-47.960000000000065
2019-01-23 06:00:00,-47.70000000000006
2019-01-24 06:00:00,-47.03000000000006
2019-01-25 06:00:00,-47.15000000000006
2019-01-28 06:00:00,-42.88000000000007
2019-01-29 06:00:00,-41.710000000000065
2019-01-30 06:00:00,-38.05000000000007
2019-01-31 06:00:00,-38.59000000000006
2019-02-01 06:00:00,-36.64000000000007
2019-02-04 06:00:00,-38.100000000000065
2019-02-05 06:00:00,-34.97000000000007
2019-02-06 06:00:00,-34.04000000000006
2019-02-07 06:00:00,-32.200000000000074
2019-02-08 06:00:00,-29.36000000000007
2019-02-11 06:00:00,-33.05000000000007
2019-02-12 06:00:00,-36.29000000000006
2019-02-13 06:00:00,-37.05000000000007
2019-02-14 06:00:00,-35.97000000000007
2019-02-15 06:00:00,-36.100000000000065
2019-02-18 06:00:00,-35.02000000000007
2019-02-19 06:00:00,-35.22000000000007
2019-02-20 06:00:00,-36.180000000000064
2019-02-21 06:00:00,-36.92000000000007
2019-02-22 06:00:00,-36.180000000000064
2019-02-25 06:00:00,-38.350000000000065
2019-02-26 06:00:00,-38.960000000000065
2019-02-27 06:00:00,-39.02000000000007
2019-02-28 06:00:00,-37.710000000000065
2019-03-01 06:00:00,-35.02000000000007
2019-03-04 06:00:00,-35.69000000000007
2019-03-05 06:00:00,-34.620000000000076
2019-03-06 06:00:00,-35.61000000000007
2019-03-07 06:00:00,-34.430000000000064
2019-03-08 06:00:00,-36.77000000000007
2019-03-11 05:00:00,-37.960000000000065
2019-03-12 05:00:00,-35.930000000000064
2019-03-13 05:00:00,-36.710000000000065
2019-03-14 05:00:00,-34.260000000000076
2019-03-15 05:00:00,-34.55000000000007
2019-03-18 05:00:00,-32.94000000000007
2019-03-19 05:00:00,-33.54000000000006
2019-03-20 05:00:00,-36.28000000000007
2019-03-21 05:00:00,-36.02000000000007
2019-03-22 05:00:00,-34.200000000000074
2019-03-25 05:00:00,-35.22000000000007
2019-03-26 05:00:00,-35.11000000000007
2019-03-27 05:00:00,-35.340000000000074
2019-03-28 05:00:00,-35.40000000000008
2019-03-29 05:00:00,-32.65000000000008
2019-04-01 05:00:00,-31.550000000000082
2019-04-02 05:00:00,-29.63000000000008
2019-04-03 05:00:00,-26.510000000000076
2019-04-04 05:00:00,-26.080000000000084
2019-04-05 05:00:00,-26.840000000000074
2019-04-08 05:00:00,-24.480000000000075
2019-04-09 05:00:00,-26.370000000000076
2019-04-10 05:00:00,-26.22000000000007
2019-04-11 05:00:00,-24.920000000000073
2019-04-12 05:00:00,-24.010000000000076
2019-04-15 05:00:00,-24.040000000000077
2019-04-16 05:00:00,-25.940000000000083
2019-04-17 05:00:00,-27.85000000000008
2019-04-18 05:00:00,-29.200000000000074
2019-04-22 05:00:00,-28.400000000000077
2019-04-23 05:00:00,-26.010000000000076
2019-04-24 05:00:00,-27.450000000000074
2019-04-25 05:00:00,-27.410000000000082
2019-04-26 05:00:00,-27.060000000000073
2019-04-29 05:00:00,-26.200000000000074
2019-04-30 05:00:00,-24.75000000000007
2019-05-01 05:00:00,-24.280000000000072
2019-05-02 05:00:00,-24.200000000000074
2019-05-03 05:00:00,-23.700000000000074
2019-05-06 05:00:00,-24.660000000000068
2019-05-07 05:00:00,-23.25000000000007
2019-05-08 05:00:00,-23.97000000000007
2019-05-09 05:00:00,-23.900000000000077
2019-05-10 05:00:00,-22.960000000000065
2019-05-13 05:00:00,-23.660000000000068
2019-05-14 05:00:00,-25.050000000000068
2019-05-15 05:00:00,-23.460000000000065
2019-05-16 05:00:00,-20.950000000000074
2019-05-17 05:00:00,-18.25000000000007
2019-05-20 05:00:00,-17.50000000000007
2019-05-21 05:00:00,-17.340000000000074
2019-05-22 05:00:00,-14.960000000000065
2019-05-23 05:00:00,-15.750000000000071
2019-05-24 05:00:00,-14.850000000000065
2019-05-27 05:00:00,-10.710000000000065
2019-05-28 05:00:00,-12.770000000000067
2019-05-29 05:00:00,-13.690000000000069
2019-05-30 05:00:00,-15.450000000000074
2019-05-31 05:00:00,-16.94000000000007
2019-06-03 05:00:00,-18.650000000000077
2019-06-04 05:00:00,-17.170000000000073
2019-06-05 05:00:00,-17.010000000000076
2019-06-06 05:00:00,-17.880000000000067
2019-06-07 05:00:00,-17.810000000000073
2019-06-10 05:00:00,-16.07000000000008
2019-06-11 05:00:00,-10.680000000000078
2019-06-12 05:00:00,-11.290000000000077
2019-06-13 05:00:00,-8.030000000000072
2019-06-14 05:00:00,-9.160000000000068
2019-06-17 05:00:00,-11.340000000000074
2019-06-18 05:00:00,-7.810000000000073
2019-06-19 05:00:00,-6.5900000000000745
2019-06-20 05:00:00,-3.210000000000079
2019-06-21 05:00:00,-4.070000000000078
2019-06-24 05:00:00,-4.460000000000079
2019-06-25 05:00:00,-7.120000000000076
2019-06-26 05:00:00,-6.010000000000076
2019-06-27 05:00:00,-5.040000000000077
2019-06-28 05:00:00,-3.3700000000000756
2019-07-01 05:00:00,1.8799999999999244
2019-07-02 05:00:00,4.719999999999914
2019-07-03 05:00:00,5.609999999999914
2019-07-04 05:00:00,2.2199999999999136
2019-07-05 05:00:00,-3.8500000000000796
2019-07-08 05:00:00,0.289999999999921
2019-07-09 05:00:00,4.199999999999918
2019-07-10 05:00:00,2.0999999999999233
2019-07-11 05:00:00,0.9999999999999147
2019-07-12 05:00:00,1.6999999999999176
2019-07-15 05:00:00,3.8899999999999153
2019-07-16 05:00:00,3.579999999999913
2019-07-17 05:00:00,3.289999999999921
2019-07-18 05:00:00,2.2499999999999147
2019-07-19 05:00:00,4.25999999999992
2019-07-22 05:00:00,1.6699999999999164
2019-07-23 05:00:00,0.9299999999999216
2019-07-24 05:00:00,-1.0300000000000864
2019-07-25 05:00:00,0.41999999999991644
2019-07-26 05:00:00,2.5199999999999108
2019-07-29 05:00:00,1.4799999999999187
2019-07-30 05:00:00,4.379999999999924
2019-07-31 05:00:00,4.069999999999922
2019-08-01 05:00:00,1.1099999999999284
2019-08-02 05:00:00,-3.0600000000000733
2019-08-05 05:00:00,-10.250000000000071
2019-08-06 05:00:00,-12.760000000000076
2019-08-07 05:00:00,-16.450000000000074
2019-08-08 05:00:00,-15.10000000000008
2019-08-09 05:00:00,-16.74000000000008
2019-08-12 05:00:00,-17.32000000000008
2019-08-13 05:00:00,-18.71000000000008
2019-08-14 05:00:00,-17.340000000000074
2019-08-15 05:00:00,-19.230000000000075
2019-08-16 05:00:00,-18.86000000000007
2019-08-19 05:00:00,-19.230000000000075
2019-08-20 05:00:00,-19.310000000000073
2019-08-21 05:00:00,-25.11000000000007
2019-08-22 05:00:00,-22.290000000000077
2019-08-23 05:00:00,-18.63000000000008
2019-08-26 05:00:00,-22.33000000000007
2019-08-27 05:00:00,-24.870000000000076
2019-08-28 05:00:00,-24.560000000000073
2019-08-29 05:00:00,-25.300000000000068
2019-08-30 05:00:00,-22.070000000000064
2019-09-02 05:00:00,-16.660000000000068
2019-09-03 05:00:00,-18.180000000000064
2019-09-04 05:00:00,-16.120000000000076
2019-09-05 05:00:00,-16.950000000000074
2019-09-06 05:00:00,-17.880000000000067
2019-09-09 05:00:00,-14.97000000000007
2019-09-10 05:00:00,-15.190000000000069
2019-09-11 05:00:00,-13.270000000000067
2019-09-12 05:00:00,-9.880000000000067
2019-09-13 05:00:00,-8.550000000000068
2019-09-16 05:00:00,-10.280000000000072
2019-09-17 05:00:00,-11.570000000000064
2019-09-18 05:00:00,-12.290000000000063
2019-09-19 05:00:00,-15.97000000000007
2019-09-20 05:00:00,-16.160000000000068
2019-09-23 05:00:00,-14.310000000000073
2019-09-24 05:00:00,-17.450000000000074
2019-09-25 05:00:00,-17.520000000000067
2019-09-26 05:00:00,-15.840000000000074
2019-09-27 05:00:00,-15.260000000000076
2019-09-30 05:00:00,-12.700000000000074
2019-10-01 05:00:00,-12.450000000000074
2019-10-02 05:00:00,-12.520000000000067
2019-10-03 05:00:00,-12.600000000000065
2019-10-04 05:00:00,-12.790000000000063
2019-10-07 05:00:00,-12.690000000000069
2019-10-08 05:00:00,-11.86000000000007
2019-10-09 05:00:00,-15.280000000000072
2019-10-10 05:00:00,-12.670000000000073
2019-10-11 05:00:00,-13.000000000000071
2019-10-14 05:00:00,-15.010000000000076
2019-10-15 05:00:00,-13.97000000000007
2019-10-16 05:00:00,-18.300000000000068
2019-10-17 05:00:00,-18.400000000000063
2019-10-18 05:00:00,-18.570000000000064
2019-10-21 05:00:00,-18.980000000000075
2019-10-22 05:00:00,-17.760000000000076
2019-10-23 05:00:00,-17.210000000000065
2019-10-24 05:00:00,-16.64000000000007
2019-10-25 05:00:00,-15.550000000000068
2019-10-28 05:00:00,-16.590000000000074
2019-10-29 05:00:00,-17.240000000000066
2019-10-30 05:00:00,-17.39000000000007
2019-10-31 05:00:00,-17.930000000000064
2019-11-01 05:00:00,-16.62000000000006
2019-11-04 06:00:00,-17.990000000000066
2019-11-05 06:00:00,-17.50000000000007
2019-11-06 06:00:00,-17.010000000000062
2019-11-07 06:00:00,-17.770000000000067
2019-11-08 06:00:00,-20.23000000000006
2019-11-11 06:00:00,-21.09000000000006
2019-11-12 06:00:00,-18.740000000000066
2019-11-13 06:00:00,-18.48000000000006
2019-11-14 06:00:00,-16.150000000000063
2019-11-15 06:00:00,-14.920000000000059
2019-11-18 06:00:00,-14.750000000000071
2019-11-19 06:00:00,-13.910000000000068
2019-11-20 06:00:00,-13.350000000000065
2019-11-21 06:00:00,-13.08000000000007
2019-11-22 06:00:00,-11.670000000000059
2019-11-25 06:00:00,-9.000000000000071
2019-11-26 06:00:00,-10.770000000000067
2019-11-27 06:00:00,-12.33000000000007
2019-11-28 06:00:00,-11.190000000000069
2019-11-29 06:00:00,-11.650000000000063
2019-12-02 06:00:00,-9.820000000000064
2019-12-03 06:00:00,-10.210000000000065
2019-12-04 06:00:00,-9.250000000000057
2019-12-05 06:00:00,-9.23000000000006
2019-12-06 06:00:00,-8.780000000000058
2019-12-09 06:00:00,-4.360000000000056
2019-12-10 06:00:00,-4.970000000000056
2019-12-11 06:00:00,-3.480000000000061
2019-12-12 06:00:00,-3.760000000000062
2019-12-13 06:00:00,-3.270000000000053
2019-12-16 06:00:00,-3.6400000000000574
2019-12-17 06:00:00,-4.100000000000051
2019-12-18 06:00:00,-4.59000000000006
2019-12-19 06:00:00,-3.9400000000000546
2019-12-20 06:00:00,-5.730000000000061
2019-12-23 06:00:00,-5.460000000000065
2019-12-24 06:00:00,-5.600000000000051
2019-12-26 06:00:00,-6.030000000000058
2019-12-27 06:00:00,-5.390000000000057
2019-12-30 06:00:00,-5.310000000000059
2019-12-31 06:00:00,-4.280000000000058
2020-01-02 06:00:00,-3.1100000000000563
2020-01-03 06:00:00,-2.4500000000000597
2020-01-06 06:00:00,-2.1400000000000574
2020-01-07 06:00:00,-2.2000000000000597
2020-01-08 06:00:00,-1.0600000000000591
2020-01-09 06:00:00,-2.7300000000000466
2020-01-10 06:00:00,-2.840000000000046
2020-01-13 06:00:00,-1.8700000000000472
2020-01-14 06:00:00,-0.2100000000000506
2020-01-15 06:00:00,-0.7900000000000489
2020-01-16 06:00:00,-1.050000000000054
2020-01-17 06:00:00,-0.34000000000004604
2020-01-20 06:00:00,-0.2900000000000489
2020-01-21 06:00:00,-0.41000000000005343
2020-01-22 06:00:00,-0.7200000000000557
2020-01-23 06:00:00,-4.030000000000058
2020-01-24 06:00:00,-3.8800000000000523
2020-01-27 06:00:00,-9.750000000000057
2020-01-28 06:00:00,-11.46000000000005
2020-01-29 06:00:00,-9.790000000000049
2020-01-30 06:00:00,-12.190000000000055
2020-01-31 06:00:00,-12.310000000000045
2020-02-03 06:00:00,-15.050000000000054
2020-02-04 06:00:00,-12.530000000000044
2020-02-05 06:00:00,-14.660000000000053
2020-02-06 06:00:00,-13.330000000000055
2020-02-07 06:00:00,-12.600000000000051
2020-02-10 06:00:00,-13.46000000000005
2020-02-11 06:00:00,-9.690000000000055
2020-02-12 06:00:00,-7.720000000000056
2020-02-13 06:00:00,-7.610000000000042
2020-02-14 06:00:00,-7.580000000000055
2020-02-17 06:00:00,-5.890000000000043
2020-02-18 06:00:00,-6.6800000000000495
2020-02-19 06:00:00,-6.390000000000043
2020-02-20 06:00:00,-4.340000000000046
2020-02-21 06:00:00,-3.6900000000000546
2020-02-24 06:00:00,-4.460000000000051
2020-02-25 06:00:00,-5.160000000000053
2020-02-26 06:00:00,-7.580000000000055
2020-02-27 06:00:00,-9.880000000000052
2020-02-28 06:00:00,-11.360000000000042
2020-03-02 06:00:00,-6.9700000000000415
2020-03-03 06:00:00,-7.230000000000047
2020-03-04 06:00:00,-5.110000000000042
2020-03-05 06:00:00,-4.520000000000053
2020-03-06 06:00:00,-6.520000000000053
2020-03-09 05:00:00,-8.480000000000047
2020-03-10 05:00:00,-4.980000000000047
2020-03-11 05:00:00,-6.9700000000000415
2020-03-12 05:00:00,-6.640000000000043
2020-03-13 05:00:00,-5.630000000000052
2020-03-16 05:00:00,-6.380000000000052
2020-03-17 05:00:00,-6.19000000000004
2020-03-18 05:00:00,-5.510000000000048
2020-03-19 05:00:00,-6.490000000000052
2020-03-20 05:00:00,-9.560000000000045
2020-03-23 05:00:00,-15.370000000000047
2020-03-24 05:00:00,-11.46000000000005
2020-03-25 05:00:00,-9.30000000000004
2020-03-26 05:00:00,-10.120000000000047
2020-03-27 05:00:00,-10.93000000000005
2020-03-30 05:00:00,-13.230000000000047
2020-03-31 05:00:00,-12.46000000000005
2020-04-01 05:00:00,-13.93000000000005
2020-04-02 05:00:00,-12.900000000000048
2020-04-03 05:00:00,-13.130000000000052
2020-04-06 05:00:00,-12.850000000000051
2020-04-07 05:00:00,-13.330000000000055
2020-04-08 05:00:00,-11.720000000000056
2020-04-09 05:00:00,-10.890000000000043
2020-04-13 05:00:00,-10.030000000000044
2020-04-14 05:00:00,-9.120000000000047
2020-04-15 05:00:00,-9.790000000000049
2020-04-16 05:00:00,-10.250000000000043
2020-04-17 05:00:00,-9.610000000000042
2020-04-20 05:00:00,-8.800000000000054
2020-04-21 05:00:00,-11.580000000000055
2020-04-22 05:00:00,-10.480000000000047
2020-04-23 05:00:00,-11.190000000000055
2020-04-24 05:00:00,-11.310000000000045
2020-04-27 05:00:00,-11.450000000000045
2020-04-28 05:00:00,-12.280000000000044
2020-04-29 05:00:00,-12.270000000000053
2020-04-30 05:00:00,-10.580000000000055
2020-05-01 05:00:00,-10.610000000000056
2020-05-04 05:00:00,-11.06000000000006
2020-05-05 05:00:00,-10.31000000000006
2020-05-06 05:00:00,-10.23000000000006
2020-05-07 05:00:00,-8.460000000000065
2020-05-08 05:00:00,-5.780000000000058
2020-05-11 05:00:00,-6.160000000000053
2020-05-12 05:00:00,-4.260000000000062
2020-05-13 05:00:00,-3.500000000000057
2020-05-14 05:00:00,-4.030000000000058
2020-05-15 05:00:00,-1.290000000000063
2020-05-18 05:00:00,1.5799999999999415
2020-05-19 05:00:00,3.5299999999999443
2020-05-20 05:00:00,2.019999999999939
2020-05-21 05:00:00,3.6199999999999477
2020-05-22 05:00:00,2.7799999999999443
2020-05-26 05:00:00,0.7499999999999432
2020-05-27 05:00:00,2.019999999999939
2020-05-28 05:00:00,3.2599999999999483
2020-05-29 05:00:00,7.529999999999944
2020-06-01 05:00:00,7.519999999999953
2020-06-02 05:00:00,8.349999999999952
2020-06-03 05:00:00,8.529999999999944
2020-06-04 05:00:00,5.899999999999949
2020-06-05 05:00:00,7.659999999999954
2020-06-08 05:00:00,12.089999999999947
2020-06-09 05:00:00,10.859999999999943
2020-06-10 05:00:00,10.279999999999944
2020-06-11 05:00:00,10.159999999999954
2020-06-12 05:00:00,11.859999999999943
2020-06-15 05:00:00,10.309999999999945
2020-06-16 05:00:00,12.259999999999948
2020-06-17 05:00:00,10.829999999999941
2020-06-18 05:00:00,10.03999999999995
2020-06-19 05:00:00,10.359999999999943
2020-06-22 05:00:00,9.389999999999944
2020-06-23 05:00:00,9.609999999999943
2020-06-24 05:00:00,11.589999999999947
2020-06-25 05:00:00,11.259999999999948
2020-06-26 05:00:00,10.81999999999995
2020-06-29 05:00:00,7.5499999999999545
2020-06-30 05:00:00,8.359999999999957
2020-07-01 05:00:00,8.029999999999959
2020-07-02 05:00:00,8.119999999999962
2020-07-03 05:00:00,8.959999999999965
2020-07-06 05:00:00,9.999999999999957
2020-07-07 05:00:00,11.629999999999967
2020-07-08 05:00:00,14.879999999999967
2020-07-09 05:00:00,15.239999999999966
2020-07-10 05:00:00,15.149999999999963
2020-07-13 05:00:00,19.959999999999965
2020-07-14 05:00:00,21.219999999999956
2020-07-15 05:00:00,21.159999999999954
2020-07-16 05:00:00,19.619999999999962
2020-07-17 05:00:00,19.349999999999966
2020-07-20 05:00:00,18.489999999999966
2020-07-21 05:00:00,20.55999999999996
2020-07-22 05:00:00,19.789999999999964
2020-07-23 05:00:00,20.719999999999956
2020-07-24 05:00:00,18.77999999999996
2020-07-27 05:00:00,16.72999999999996
2020-07-28 05:00:00,17.239999999999966
2020-07-29 05:00:00,20.02999999999996
2020-07-30 05:00:00,20.079999999999956
2020-07-31 05:00:00,21.249999999999957
2020-08-03 05:00:00,25.499999999999957
2020-08-04 05:00:00,26.47999999999996
2020-08-05 05:00:00,27.19999999999996
2020-08-06 05:00:00,30.009999999999962
2020-08-07 05:00:00,28.249999999999957
2020-08-10 05:00:00,28.349999999999966
2020-08-11 05:00:00,29.97999999999996
2020-08-12 05:00:00,30.969999999999956
2020-08-13 05:00:00,30.209999999999965
2020-08-14 05:00:00,30.19999999999996
2020-08-17 05:00:00,31.259999999999962
2020-08-18 05:00:00,36.689999999999955
2020-08-19 05:00:00,38.05999999999996
2020-08-20 05:00:00,37.709999999999965
2020-08-21 05:00:00,36.00999999999996
2020-08-24 05:00:00,34.64999999999996
2020-08-25 05:00:00,32.219999999999956
2020-08-26 05:00:00,34.48999999999997
2020-08-27 05:00:00,32.37999999999995
2020-08-28 05:00:00,34.60999999999996
2020-08-31 05:00:00,36.189999999999955
2020-09-01 05:00:00,37.299999999999955
2020-09-02 05:00:00,39.28999999999995
2020-09-03 05:00:00,41.23999999999995
2020-09-04 05:00:00,39.98999999999995
2020-09-07 05:00:00,40.58999999999995
2020-09-08 05:00:00,40.34999999999995
2020-09-09 05:00:00,38.329999999999956
2020-09-10 05:00:00,37.919999999999945
2020-09-11 05:00:00,40.219999999999956
2020-09-14 05:00:00,42.199999999999946
2020-09-15 05:00:00,40.56999999999995
2020-09-16 05:00:00,36.51999999999995
2020-09-17 05:00:00,34.78999999999995
2020-09-18 05:00:00,37.86999999999995
2020-09-21 05:00:00,33.059999999999945
2020-09-22 05:00:00,31.159999999999954
2020-09-23 05:00:00,29.28999999999995
2020-09-24 05:00:00,30.579999999999956
2020-09-25 05:00:00,30.70999999999995
2020-09-28 05:00:00,31.909999999999954
2020-09-29 05:00:00,34.14999999999995
2020-09-30 05:00:00,37.61999999999995
2020-10-01 05:00:00,37.53999999999995
2020-10-02 05:00:00,36.799999999999955
2020-10-05 05:00:00,36.909999999999954
2020-10-06 05:00:00,38.029999999999944
2020-10-07 05:00:00,37.70999999999995
2020-10-08 05:00:00,38.39999999999995
2020-10-09 05:00:00,41.46999999999994
2020-10-12 05:00:00,40.09999999999995
2020-10-13 05:00:00,37.89999999999995
2020-10-14 05:00:00,36.25999999999995
2020-10-15 05:00:00,35.10999999999994
2020-10-16 05:00:00,35.85999999999994
2020-10-19 05:00:00,36.309999999999945
2020-10-20 05:00:00,36.549999999999955
2020-10-21 05:00:00,38.189999999999955
2020-10-22 05:00:00,37.74999999999994
2020-10-23 05:00:00,34.299999999999955
2020-10-26 05:00:00,33.909999999999954
2020-10-27 05:00:00,34.689999999999955
2020-10-28 05:00:00,35.85999999999994
2020-10-29 05:00:00,35.28999999999995
2020-10-30 05:00:00,37.11999999999995
2020-11-02 06:00:00,38.41999999999996
2020-11-03 06:00:00,36.76999999999995
2020-11-04 06:00:00,36.80999999999996
2020-11-05 06:00:00,36.969999999999956
2020-11-06 06:00:00,37.909999999999954
2020-11-09 06:00:00,41.49999999999996
2020-11-10 06:00:00,42.72999999999996
2020-11-11 06:00:00,44.64999999999995
2020-11-12 06:00:00,43.48999999999995
2020-11-13 06:00:00,42.83999999999996
2020-11-16 06:00:00,44.00999999999995
2020-11-17 06:00:00,45.86999999999995
2020-11-18 06:00:00,46.56999999999995
2020-11-19 06:00:00,47.98999999999995
2020-11-20 06:00:00,49.39999999999995
2020-11-23 06:00:00,47.30999999999996
2020-11-24 06:00:00,48.409999999999954
2020-11-25 06:00:00,48.88999999999996
2020-11-26 06:00:00,50.51999999999995
2020-11-27 06:00:00,51.34999999999995
2020-11-30 06:00:00,52.91999999999996
2020-12-01 06:00:00,53.94999999999996
2020-12-02 06:00:00,57.69999999999996
2020-12-03 06:00:00,59.24999999999997
2020-12-04 06:00:00,66.87999999999997
2020-12-07 06:00:00,70.83999999999997
2020-12-08 06:00:00,71.74999999999997
2020-12-09 06:00:00,73.55999999999997
2020-12-10 06:00:00,81.49999999999997
2020-12-11 06:00:00,84.82999999999996
2020-12-14 06:00:00,78.56999999999996
2020-12-15 06:00:00,80.37999999999997
2020-12-16 06:00:00,81.97999999999996
2020-12-17 06:00:00,84.28999999999996
2020-12-18 06:00:00,89.99999999999997
2020-12-21 06:00:00,103.19999999999993
2020-12-22 06:00:00,92.39999999999998
2020-12-23 06:00:00,88.25999999999996
2020-12-24 06:00:00,90.64999999999998
2020-12-28 06:00:00,89.33999999999997
2020-12-29 06:00:00,88.04999999999995
2020-12-30 06:00:00,85.16999999999996
2020-12-31 06:00:00,85.99999999999994
2021-01-04 06:00:00,91.28999999999994
2021-01-05 06:00:00,93.89999999999995
2021-01-06 06:00:00,95.16999999999996
2021-01-07 06:00:00,97.97999999999998
2021-01-08 06:00:00,98.62999999999995
2021-01-11 06:00:00,97.56999999999995
2021-01-12 06:00:00,97.61999999999996
2021-01-13 06:00:00,95.60999999999996
2021-01-14 06:00:00,98.22999999999998
2021-01-15 06:00:00,98.60999999999997
2021-01-18 06:00:00,99.78999999999992
2021-01-19 06:00:00,96.83999999999995
2021-01-20 06:00:00,95.89999999999995
2021-01-21 06:00:00,97.48999999999997
2021-01-22 06:00:00,96.10999999999996
2021-01-25 06:00:00,95.80999999999995
2021-01-26 06:00:00,91.82999999999996
2021-01-27 06:00:00,92.72999999999996
2021-01-28 06:00:00,83.64999999999995
2021-01-29 06:00:00,85.37999999999997
2021-02-01 06:00:00,83.56999999999996
2021-02-02 06:00:00,76.83999999999995
2021-02-03 06:00:00,79.01999999999995
2021-02-04 06:00:00,84.39999999999995
2021-02-05 06:00:00,82.65999999999997
2021-02-08 06:00:00,86.57999999999996
2021-02-09 06:00:00,90.59999999999997
2021-02-10 06:00:00,93.02999999999994
2021-02-11 06:00:00,93.08999999999995
2021-02-12 06:00:00,92.42999999999995
2021-02-15 06:00:00,93.41999999999996
2021-02-16 06:00:00,95.72999999999996
2021-02-17 06:00:00,98.44999999999995
2021-02-18 06:00:00,101.33999999999992
2021-02-19 06:00:00,100.2799999999999
2021-02-22 06:00:00,103.24999999999994
2021-02-23 06:00:00,100.56999999999994
2021-02-24 06:00:00,101.10999999999996
2021-02-25 06:00:00,102.26999999999992
2021-02-26 06:00:00,104.67999999999995
2021-03-01 06:00:00,103.46999999999991
2021-03-02 06:00:00,104.74999999999994
2021-03-03 06:00:00,105.86999999999993
2021-03-04 06:00:00,107.68999999999993
2021-03-05 06:00:00,103.67999999999995
2021-03-08 06:00:00,103.34999999999991
2021-03-09 06:00:00,93.61999999999995
2021-03-10 06:00:00,94.67999999999995
2021-03-11 06:00:00,100.64999999999992
2021-03-12 06:00:00,96.02999999999994
2021-03-15 05:00:00,94.16999999999993
2021-03-16 05:00:00,95.67999999999995
2021-03-17 05:00:00,95.81999999999994
2021-03-18 05:00:00,95.98999999999995
2021-03-19 05:00:00,90.07999999999996
2021-03-22 05:00:00,87.19999999999993
2021-03-23 05:00:00,91.09999999999994
2021-03-24 05:00:00,91.70999999999995
2021-03-25 05:00:00,91.24999999999994
2021-03-26 05:00:00,92.41999999999993
2021-03-29 05:00:00,98.45999999999994
2021-03-30 05:00:00,96.48999999999995
2021-03-31 05:00:00,95.34999999999994
2021-04-01 05:00:00,97.83999999999993
2021-04-05 05:00:00,100.5399999999999
2021-04-06 05:00:00,101.24999999999994
2021-04-07 05:00:00,103.9199999999999
2021-04-08 05:00:00,104.48999999999995
2021-04-09 05:00:00,104.67999999999995
2021-04-12 05:00:00,106.17999999999994
2021-04-13 05:00:00,105.7799999999999
2021-04-14 05:00:00,106.06999999999992
2021-04-15 05:00:00,111.49999999999991
2021-04-16 05:00:00,111.77999999999989
2021-04-19 05:00:00,115.89999999999989
2021-04-20 05:00:00,122.40999999999988
2021-04-21 05:00:00,120.44999999999989
2021-04-22 05:00:00,118.5799999999999
2021-04-23 05:00:00,120.51999999999988
2021-04-26 05:00:00,126.93999999999993
2021-04-27 05:00:00,129.57
2021-04-28 05:00:00,126.75999999999992
2021-04-29 05:00:00,127.17999999999994
2021-04-30 05:00:00,123.60999999999993
2021-05-03 05:00:00,127.40999999999997
2021-05-04 05:00:00,129.57
2021-05-05 05:00:00,130.76
2021-05-06 05:00:00,139.01999999999998
2021-05-07 05:00:00,148.70999999999998
2021-05-10 05:00:00,164.72000000000003
2021-05-11 05:00:00,163.66000000000003
2021-05-12 05:00:00,169.39
2021-05-13 05:00:00,153.64
2021-05-14 05:00:00,144.75
2021-05-17 05:00:00,150.38
2021-05-18 05:00:00,156.68
2021-05-19 05:00:00,148.93
2021-05-20 05:00:00,143.51999999999998
2021-05-21 05:00:00,133.98000000000002
2021-05-24 05:00:00,124.60999999999993
2021-05-25 05:00:00,125.03999999999994
2021-05-26 05:00:00,114.90999999999993
2021-05-27 05:00:00,125.23999999999992
2021-05-28 05:00:00,126.65999999999995
2021-05-31 05:00:00,136.53000000000003
2021-06-01 05:00:00,145.43
2021-06-02 05:00:00,145.64000000000004
2021-06-03 05:00:00,148.13
2021-06-04 05:00:00,146.05
2021-06-07 05:00:00,140.88
2021-06-08 05:00:00,147.38
2021-06-09 05:00:00,151.54000000000002
2021-06-10 05:00:00,154.81
2021-06-11 05:00:00,156.73000000000002
2021-06-14 05:00:00,158.62
2021-06-15 05:00:00,157.5
2021-06-16 05:00:00,152.27000000000004
2021-06-17 05:00:00,155.29000000000002
2021-06-18 05:00:00,152.82
2021-06-21 05:00:00,143.05
2021-06-22 05:00:00,150.57
2021-06-23 05:00:00,154.82
2021-06-24 05:00:00,152.29000000000002
2021-06-25 05:00:00,157.11
2021-06-28 05:00:00,158.18
2021-06-29 05:00:00,151.92000000000002
2021-06-30 05:00:00,156.22000000000003
2021-07-01 05:00:00,157.63000000000005
2021-07-02 05:00:00,156.50000000000006
2021-07-05 05:00:00,161.20000000000005
2021-07-06 05:00:00,161.67000000000002
2021-07-07 05:00:00,162.51000000000005
2021-07-08 05:00:00,158.72000000000003
2021-07-09 05:00:00,157.31000000000006
2021-07-12 05:00:00,160.96000000000004
2021-07-13 05:00:00,163.77000000000004
2021-07-14 05:00:00,164.31000000000006
2021-07-15 05:00:00,167.79000000000002
2021-07-16 05:00:00,168.64000000000004
2021-07-19 05:00:00,167.81000000000006
2021-07-20 05:00:00,167.04000000000002
2021-07-21 05:00:00,161.07000000000005
2021-07-22 05:00:00,152.97000000000003
2021-07-23 05:00:00,153.01000000000005
2021-07-26 05:00:00,154.61
2021-07-27 05:00:00,152.79000000000002
2021-07-28 05:00:00,155.32000000000005
2021-07-29 05:00:00,150.39000000000004
2021-07-30 05:00:00,136.59000000000003
2021-08-02 05:00:00,137.67000000000007
2021-08-03 05:00:00,138.68000000000006
2021-08-04 05:00:00,138.34000000000003
2021-08-05 05:00:00,126.59999999999995
2021-08-06 05:00:00,127.86000000000001
2021-08-09 05:00:00,120.58999999999993
2021-08-10 05:00:00,119.75999999999995
2021-08-11 05:00:00,123.38999999999996
2021-08-12 05:00:00,118.94999999999996
2021-08-13 05:00:00,119.16999999999999
2021-08-16 05:00:00,121.01999999999994
2021-08-17 05:00:00,118.38999999999996
2021-08-18 05:00:00,109.67
2021-08-19 05:00:00,91.72999999999999
2021-08-20 05:00:00,98.93000000000002
2021-08-23 05:00:00,96.39000000000001
2021-08-24 05:00:00,108.59999999999995
2021-08-25 05:00:00,108.81999999999998
2021-08-26 05:00:00,113.80999999999997
2021-08-27 05:00:00,118.75999999999996
2021-08-30 05:00:00,118.00999999999996
2021-08-31 05:00:00,113.81999999999996
2021-09-01 05:00:00,104.82
2021-09-02 05:00:00,102.16999999999996
2021-09-03 05:00:00,106.47999999999995
2021-09-06 05:00:00,95.10999999999999
2021-09-07 05:00:00,100.39999999999996
2021-09-08 05:00:00,95.70999999999998
2021-09-09 05:00:00,93.76999999999998
2021-09-10 05:00:00,92.59999999999998
2021-09-13 05:00:00,86.55999999999999
2021-09-14 05:00:00,85.31999999999998
2021-09-15 05:00:00,80.23999999999998
2021-09-16 05:00:00,72.42999999999998
2021-09-17 05:00:00,66.86999999999999
2021-09-20 05:00:00,58.72999999999999
2021-09-21 05:00:00,58.859999999999985
2021-09-22 05:00:00,72.54999999999998
2021-09-23 05:00:00,74.57999999999998
2021-09-24 05:00:00,75.97999999999999
2021-09-27 05:00:00,83.85999999999999
2021-09-28 05:00:00,77.87999999999998
2021-09-29 05:00:00,80.64999999999999
2021-09-30 05:00:00,82.81
2021-10-01 05:00:00,80.55
2021-10-04 05:00:00,83.08
2021-10-05 05:00:00,82.99
2021-10-06 05:00:00,83.07
2021-10-07 05:00:00,83.5
2021-10-08 05:00:00,90.36999999999999
2021-10-11 05:00:00,100.85999999999996
2021-10-12 05:00:00,93.35
2021-10-13 05:00:00,86.75
2021-10-14 05:00:00,88.55
2021-10-15 05:00:00,86.61
2021-10-18 05:00:00,86.39
2021-10-19 05:00:00,87.06
2021-10-20 05:00:00,86.13
2021-10-21 05:00:00,81.36999999999999
2021-10-22 05:00:00,83.5
2021-10-25 05:00:00,83.21
2021-10-26 05:00:00,86.22999999999999
2021-10-27 05:00:00,82.96
2021-10-28 05:00:00,76.36999999999999
2021-10-29 05:00:00,71.11
2021-11-01 05:00:00,67.31
2021-11-02 05:00:00,61.06999999999999
2021-11-03 05:00:00,64.59
2021-11-04 05:00:00,61.099999999999994
2021-11-05 05:00:00,58.730000000000004
2021-11-08 06:00:00,59.459999999999994
2021-11-09 06:00:00,58.260000000000005
2021-11-10 06:00:00,55.47
2021-11-11 06:00:00,59.84
2021-11-12 06:00:00,55.760000000000005
2021-11-15 06:00:00,55.5
2021-11-16 06:00:00,56.620000000000005
2021-11-17 06:00:00,56.34
2021-11-18 06:00:00,53.81
2021-11-19 06:00:00,58.489999999999995
2021-11-22 06:00:00,62.150000000000006
2021-11-23 06:00:00,66.34
2021-11-24 06:00:00,70.84
2021-11-25 06:00:00,69.79
2021-11-26 06:00:00,64.12
2021-11-29 06:00:00,70.68
2021-11-30 06:00:00,70.51
2021-12-01 06:00:00,71.82000000000001
2021-12-02 06:00:00,69.7
2021-12-03 06:00:00,70.19000000000001
2021-12-06 06:00:00,72.74000000000001
2021-12-07 06:00:00,80.92
2021-12-08 06:00:00,81.00000000000001
2021-12-09 06:00:00,77.87
2021-12-10 06:00:00,77.31
2021-12-13 06:00:00,84.50000000000001
2021-12-14 06:00:00,82.2
2021-12-15 06:00:00,82.21000000000001
2021-12-16 06:00:00,86.51
2021-12-17 06:00:00,88.98
2021-12-20 06:00:00,93.25000000000001
2021-12-21 06:00:00,96.71000000000001
2021-12-22 06:00:00,95.23
2021-12-23 06:00:00,93.71000000000001
2021-12-24 06:00:00,96.2
2021-12-27 06:00:00,90.7
2021-12-28 06:00:00,87.22000000000001
2021-12-29 06:00:00,85.56
2021-12-30 06:00:00,87.28
2021-12-31 06:00:00,89.58
2022-01-03 06:00:00,91.17999999999999
2022-01-04 06:00:00,91.21
2022-01-05 06:00:00,93.3
2022-01-06 06:00:00,96.23
2022-01-07 06:00:00,96.17999999999999
2022-01-10 06:00:00,94.06
2022-01-11 06:00:00,97.05
2022-01-12 06:00:00,100.10000000000002
2022-01-13 06:00:00,97.17
2022-01-14 06:00:00,95.58
2022-01-17 06:00:00,93.09
2022-01-18 06:00:00,96.16
2022-01-19 06:00:00,99.86999999999999
2022-01-20 06:00:00,103.16000000000003
2022-01-21 06:00:00,106.38999999999997
2022-01-24 06:00:00,102.25999999999999
2022-01-25 06:00:00,106.61999999999999
2022-01-26 06:00:00,107.02999999999996
2022-01-27 06:00:00,106.94999999999997
2022-01-28 06:00:00,114.77
2022-01-31 06:00:00,105.19999999999999
2022-02-01 06:00:00,106.24
2022-02-02 06:00:00,108.84000000000002
2022-02-03 06:00:00,113.47
2022-02-04 06:00:00,114.00999999999995
2022-02-07 06:00:00,116.25999999999996
2022-02-08 06:00:00,116.98999999999998
2022-02-09 06:00:00,114.61999999999996
2022-02-10 06:00:00,121.81999999999996
2022-02-11 06:00:00,118.91
2022-02-14 06:00:00,117.65
2022-02-15 06:00:00,105.69999999999997
2022-02-16 06:00:00,110.06999999999998
2022-02-17 06:00:00,101.67000000000002
2022-02-18 06:00:00,103.30000000000001
2022-02-21 06:00:00,109.86
2022-02-22 06:00:00,106.68999999999998
2022-02-23 06:00:00,109.27000000000002
2022-02-24 06:00:00,109.28000000000002
2022-02-25 06:00:00,106.90000000000002
2022-02-28 06:00:00,112.09
2022-03-01 06:00:00,118.66
2022-03-02 06:00:00,119.73999999999997
2022-03-03 06:00:00,128.45000000000005
2022-03-04 06:00:00,127.5
2022-03-07 06:00:00,136.31000000000006
2022-03-08 06:00:00,135.91000000000008
2022-03-09 06:00:00,134.52000000000004
2022-03-10 06:00:00,134.0900000000001
2022-03-11 06:00:00,130.51000000000005
2022-03-14 05:00:00,118.81999999999996
2022-03-15 05:00:00,109.15000000000002
2022-03-16 05:00:00,120.77999999999999
2022-03-17 05:00:00,120.34999999999998
2022-03-18 05:00:00,123.86999999999998
2022-03-21 05:00:00,121.4
2022-03-22 05:00:00,117.55999999999997
2022-03-23 05:00:00,119.57999999999996
2022-03-24 05:00:00,119.31999999999996
2022-03-25 05:00:00,124.60999999999999
2022-03-28 05:00:00,125.29999999999998
2022-03-29 05:00:00,125.00999999999996
2022-03-30 05:00:00,130.23000000000008
2022-03-31 05:00:00,130.00000000000006
2022-04-01 05:00:00,131.67000000000007
2022-04-04 05:00:00,134.06000000000006
2022-04-05 05:00:00,133.88000000000005
2022-04-06 05:00:00,131.7800000000001
2022-04-07 05:00:00,127.05999999999999
2022-04-08 05:00:00,125.6
2022-04-11 05:00:00,122.17999999999998
2022-04-12 05:00:00,126.09
2022-04-13 05:00:00,122.04999999999998
2022-04-14 05:00:00,124.87999999999997
2022-04-18 05:00:00,125.22999999999999
2022-04-19 05:00:00,121.19999999999995
2022-04-20 05:00:00,121.85
2022-04-21 05:00:00,121.50999999999996
2022-04-22 05:00:00,121.14999999999999
2022-04-25 05:00:00,106.74
2022-04-26 05:00:00,109.58000000000003
2022-04-27 05:00:00,111.29999999999998
2022-04-28 05:00:00,112.66999999999999
2022-04-29 05:00:00,116.79999999999998
2022-05-03 05:00:00,113.60999999999999
2022-05-04 05:00:00,112.70000000000002
2022-05-05 05:00:00,114.89999999999999
2022-05-06 05:00:00,107.66000000000001
2022-05-09 05:00:00,98.80000000000003
2022-05-10 05:00:00,95.25000000000003
2022-05-11 05:00:00,100.78000000000003
2022-05-12 05:00:00,94.50000000000003
2022-05-13 05:00:00,95.98000000000003
2022-05-16 05:00:00,98.90000000000002
2022-05-17 05:00:00,96.99000000000004
2022-05-18 05:00:00,93.87000000000003
2022-05-19 05:00:00,95.00000000000003
2022-05-20 05:00:00,102.14000000000004
2022-05-23 05:00:00,101.95000000000005
2022-05-24 05:00:00,97.08000000000003
2022-05-25 05:00:00,99.64000000000003
2022-05-26 05:00:00,97.78000000000003
2022-05-27 05:00:00,101.36000000000001
2022-05-30 05:00:00,103.34000000000003
2022-05-31 05:00:00,103.04000000000008
2022-06-01 05:00:00,103.24000000000007
2022-06-02 05:00:00,110.22000000000007
2022-06-03 05:00:00,112.44000000000003
2022-06-06 05:00:00,113.61000000000004
2022-06-07 05:00:00,114.69000000000001
2022-06-08 05:00:00,114.97000000000004
2022-06-09 05:00:00,112.03000000000006
2022-06-10 05:00:00,109.88000000000004
2022-06-13 05:00:00,104.72000000000008
2022-06-14 05:00:00,103.23000000000008
2022-06-15 05:00:00,99.86000000000006
2022-06-16 05:00:00,98.45000000000006
2022-06-17 05:00:00,90.67000000000006
2022-06-20 05:00:00,81.89000000000006
2022-06-21 05:00:00,85.63000000000005
2022-06-22 05:00:00,79.06000000000006
2022-06-23 05:00:00,86.81000000000006
2022-06-24 05:00:00,84.87000000000006
2022-06-27 05:00:00,90.61000000000006
2022-06-28 05:00:00,95.03000000000006
2022-06-29 05:00:00,93.51000000000006
2022-06-30 05:00:00,90.34000000000006
2022-07-01 05:00:00,85.93000000000006
2022-07-04 05:00:00,80.21000000000005
2022-07-05 05:00:00,83.91000000000005
2022-07-06 05:00:00,82.41000000000005
2022-07-07 05:00:00,84.73000000000006
2022-07-08 05:00:00,84.10000000000005
2022-07-11 05:00:00,81.50000000000006
2022-07-12 05:00:00,76.29000000000006
2022-07-13 05:00:00,80.16000000000005
2022-07-14 05:00:00,71.89000000000006
2022-07-15 05:00:00,68.16000000000005
2022-07-18 05:00:00,72.48000000000006
2022-07-19 05:00:00,69.38000000000005
2022-07-20 05:00:00,72.18000000000006
2022-07-21 05:00:00,70.76000000000006
2022-07-22 05:00:00,75.83000000000006
2022-07-25 05:00:00,78.16000000000005
2022-07-26 05:00:00,84.12000000000006
2022-07-27 05:00:00,84.39000000000006
2022-07-28 05:00:00,90.69000000000005
2022-07-29 05:00:00,86.99000000000005
2022-08-01 05:00:00,86.69000000000005
2022-08-02 05:00:00,86.61000000000006
2022-08-03 05:00:00,81.78000000000004
2022-08-04 05:00:00,77.95000000000005
2022-08-05 05:00:00,81.30000000000005
2022-08-08 05:00:00,83.86000000000006
2022-08-09 05:00:00,81.65000000000005
2022-08-10 05:00:00,81.86000000000006
2022-08-11 05:00:00,84.32000000000005
2022-08-12 05:00:00,82.51000000000005
2022-08-15 05:00:00,78.18000000000005
2022-08-16 05:00:00,77.82000000000005
2022-08-17 05:00:00,73.87000000000005
2022-08-18 05:00:00,73.87000000000005
2022-08-19 05:00:00,73.14000000000004
2022-08-22 05:00:00,73.94000000000005
2022-08-23 05:00:00,75.50000000000004
2022-08-24 05:00:00,75.88000000000005
2022-08-25 05:00:00,75.24000000000005
2022-08-26 05:00:00,77.88000000000005
2022-08-29 05:00:00,73.99000000000005
2022-08-30 05:00:00,69.59000000000005
2022-08-31 05:00:00,72.73000000000005
2022-09-01 05:00:00,67.41000000000005
2022-09-02 05:00:00,66.53000000000004
2022-09-05 05:00:00,70.03000000000004
2022-09-06 05:00:00,69.12000000000005
2022-09-07 05:00:00,68.59000000000005
2022-09-08 05:00:00,72.09000000000005
2022-09-09 05:00:00,74.96000000000005
2022-09-12 05:00:00,74.06000000000004
2022-09-13 05:00:00,75.29000000000005
2022-09-14 05:00:00,72.78000000000004
2022-09-15 05:00:00,72.74000000000005
2022-09-16 05:00:00,70.07000000000005
2022-09-19 05:00:00,69.06000000000004
2022-09-20 05:00:00,68.01000000000005
2022-09-21 05:00:00,67.42000000000004
2022-09-22 05:00:00,69.98000000000005
2022-09-23 05:00:00,69.51000000000005
2022-09-26 05:00:00,67.19000000000005
2022-09-27 05:00:00,68.69000000000005
2022-09-28 05:00:00,66.27000000000005
2022-09-29 05:00:00,66.85000000000005
2022-09-30 05:00:00,66.67000000000004
2022-10-03 05:00:00,64.78000000000004
2022-10-04 05:00:00,65.88000000000005
2022-10-05 05:00:00,66.27000000000005
2022-10-06 05:00:00,66.77000000000005
2022-10-07 05:00:00,66.59000000000005
2022-10-10 05:00:00,68.91000000000005
2022-10-11 05:00:00,66.35000000000005
2022-10-12 05:00:00,65.57000000000005
2022-10-13 05:00:00,63.94000000000004
2022-10-14 05:00:00,65.76000000000005
2022-10-17 05:00:00,63.530000000000044
2022-10-18 05:00:00,64.48000000000005
2022-10-19 05:00:00,63.90000000000005
2022-10-20 05:00:00,61.80000000000004
2022-10-21 05:00:00,62.670000000000044
2022-10-24 05:00:00,62.32000000000005
2022-10-25 05:00:00,60.700000000000045
2022-10-26 05:00:00,58.52000000000005
2022-10-27 05:00:00,53.68000000000005
2022-10-28 05:00:00,52.62000000000005
2022-10-31 05:00:00,50.340000000000046
2022-11-01 05:00:00,51.02000000000004
2022-11-02 05:00:00,53.41000000000004
2022-11-03 05:00:00,54.530000000000044
2022-11-04 05:00:00,58.75000000000004
2022-11-07 06:00:00,58.920000000000044
2022-11-08 06:00:00,60.700000000000045
2022-11-09 06:00:00,61.38000000000004
2022-11-10 06:00:00,59.60000000000004
2022-11-11 06:00:00,64.29000000000005
2022-11-14 06:00:00,66.54000000000005
2022-11-15 06:00:00,67.69000000000004
2022-11-16 06:00:00,69.77000000000004
2022-11-17 06:00:00,69.89000000000004
2022-11-18 06:00:00,71.71000000000004
2022-11-21 06:00:00,68.49000000000004
2022-11-22 06:00:00,66.57000000000005
2022-11-23 06:00:00,68.49000000000004
2022-11-24 06:00:00,68.91000000000004
2022-11-25 06:00:00,72.23000000000005
2022-11-28 06:00:00,71.25000000000004
2022-11-29 06:00:00,73.79000000000005
2022-11-30 06:00:00,73.70000000000006
2022-12-01 06:00:00,75.84000000000006
2022-12-02 06:00:00,79.85000000000005
2022-12-05 06:00:00,82.38000000000005
2022-12-06 06:00:00,82.35000000000005
2022-12-07 06:00:00,80.20000000000006
2022-12-08 06:00:00,83.07000000000005
2022-12-09 06:00:00,85.56000000000006
2022-12-12 06:00:00,83.40000000000005
2022-12-13 06:00:00,82.81000000000006
2022-12-14 06:00:00,82.56000000000006
2022-12-15 06:00:00,85.31000000000006
2022-12-16 06:00:00,85.10000000000005
2022-12-19 06:00:00,81.51000000000005
2022-12-20 06:00:00,83.16000000000005
2022-12-21 06:00:00,86.04000000000005
2022-12-22 06:00:00,84.51000000000005
2022-12-23 06:00:00,84.22000000000006
2022-12-27 06:00:00,87.05000000000005
2022-12-28 06:00:00,86.73000000000005
2022-12-29 06:00:00,88.73000000000005
2022-12-30 06:00:00,90.78000000000006
2023-01-03 06:00:00,90.81000000000006
2023-01-04 06:00:00,89.66000000000005
2023-01-05 06:00:00,89.77000000000005
2023-01-06 06:00:00,92.38000000000005
2023-01-09 06:00:00,91.68000000000006
2023-01-10 06:00:00,94.59000000000006
2023-01-11 06:00:00,96.55000000000005
2023-01-12 06:00:00,96.83000000000006
2023-01-13 06:00:00,100.02000000000005
2023-01-16 06:00:00,94.05000000000005
2023-01-17 06:00:00,95.21000000000005
2023-01-18 06:00:00,96.67000000000006
2023-01-19 06:00:00,98.63000000000005
2023-01-20 06:00:00,100.86000000000006
2023-01-23 06:00:00,101.16000000000005
2023-01-24 06:00:00,100.54000000000006
2023-01-25 06:00:00,100.40000000000006
2023-01-26 06:00:00,101.09000000000006
2023-01-27 06:00:00,101.87000000000006
2023-01-30 06:00:00,103.75000000000006
2023-01-31 06:00:00,102.76000000000006
2023-02-01 06:00:00,101.72000000000006
2023-02-02 06:00:00,99.72000000000006
2023-02-03 06:00:00,100.42000000000006
2023-02-06 06:00:00,98.84000000000006
2023-02-07 06:00:00,96.54000000000006
2023-02-08 06:00:00,96.85000000000007
2023-02-09 06:00:00,99.37000000000006
2023-02-10 06:00:00,100.08000000000006
2023-02-13 06:00:00,95.70000000000006
2023-02-14 06:00:00,97.79000000000006
2023-02-15 06:00:00,98.58000000000006
2023-02-16 06:00:00,99.82000000000006
2023-02-17 06:00:00,102.03000000000006
2023-02-20 06:00:00,103.96000000000006
2023-02-21 06:00:00,106.74000000000005
2023-02-22 06:00:00,105.78000000000007
2023-02-23 06:00:00,105.55000000000005
2023-02-24 06:00:00,102.47000000000006
2023-02-27 06:00:00,98.42000000000006
2023-02-28 06:00:00,99.82000000000006
2023-03-01 06:00:00,102.51000000000006
2023-03-02 06:00:00,102.70000000000006
2023-03-03 06:00:00,101.61000000000006
2023-03-06 06:00:00,100.62000000000006
2023-03-07 06:00:00,103.24000000000007
2023-03-08 06:00:00,103.16000000000007
2023-03-09 06:00:00,103.92000000000006
2023-03-10 06:00:00,104.95000000000006
2023-03-13 05:00:00,107.71000000000005
2023-03-14 05:00:00,107.96000000000005
2023-03-15 05:00:00,108.44000000000007
2023-03-16 05:00:00,105.41000000000007
2023-03-17 05:00:00,106.91000000000007
2023-03-20 05:00:00,101.79000000000006
2023-03-21 05:00:00,99.62000000000006
2023-03-22 05:00:00,96.30000000000005
2023-03-23 05:00:00,94.05000000000005
2023-03-24 05:00:00,95.53000000000006
2023-03-27 05:00:00,96.43000000000006
2023-03-28 05:00:00,98.51000000000006
2023-03-29 05:00:00,100.08000000000006
2023-03-30 05:00:00,102.49000000000005
2023-03-31 05:00:00,102.41000000000005
2023-04-03 05:00:00,97.93000000000005
2023-04-04 05:00:00,95.65000000000006
2023-04-05 05:00:00,94.86000000000006
2023-04-06 05:00:00,94.41000000000005
2023-04-10 05:00:00,94.25000000000006
2023-04-11 05:00:00,96.38000000000005
2023-04-12 05:00:00,94.86000000000006
2023-04-13 05:00:00,93.02000000000005
2023-04-14 05:00:00,93.04000000000006
2023-04-17 05:00:00,93.08000000000006
2023-04-18 05:00:00,93.80000000000005
2023-04-19 05:00:00,93.21000000000005
2023-04-20 05:00:00,91.17000000000006
2023-04-21 05:00:00,84.13000000000005
2023-04-24 05:00:00,80.00000000000006
2023-04-25 05:00:00,78.38000000000005
2023-04-26 05:00:00,81.05000000000005
2023-04-27 05:00:00,79.57000000000005
2023-04-28 05:00:00,80.32000000000005
2023-05-02 05:00:00,80.48000000000005
2023-05-03 05:00:00,79.55000000000005
2023-05-04 05:00:00,77.79000000000005
2023-05-05 05:00:00,77.40000000000005
2023-05-08 05:00:00,83.93000000000005
2023-05-09 05:00:00,80.50000000000006
2023-05-10 05:00:00,81.64000000000006
2023-05-11 05:00:00,76.80000000000005
2023-05-12 05:00:00,77.41000000000005
2023-05-15 05:00:00,82.79000000000005
2023-05-16 05:00:00,82.90000000000005
2023-05-17 05:00:00,86.09000000000005
2023-05-18 05:00:00,84.82000000000005
2023-05-19 05:00:00,83.37000000000005
2023-05-22 05:00:00,80.12000000000005
2023-05-23 05:00:00,77.84000000000005
2023-05-24 05:00:00,73.44000000000005
2023-05-25 05:00:00,73.63000000000005
2023-05-26 05:00:00,78.36000000000006
2023-05-29 05:00:00,80.51000000000005
2023-05-30 05:00:00,78.96000000000005
2023-05-31 05:00:00,78.81000000000004
2023-06-01 05:00:00,82.53000000000006
2023-06-02 05:00:00,84.36000000000006
2023-06-05 05:00:00,85.32000000000005
2023-06-06 05:00:00,86.69000000000005
2023-06-07 05:00:00,88.18000000000005
2023-06-08 05:00:00,90.63000000000005
2023-06-09 05:00:00,93.07000000000005
2023-06-12 05:00:00,89.45000000000005
2023-06-13 05:00:00,92.21000000000005
2023-06-14 05:00:00,93.18000000000005
2023-06-15 05:00:00,93.99000000000005
2023-06-16 05:00:00,94.17000000000004
2023-06-19 05:00:00,94.46000000000005
2023-06-20 05:00:00,93.76000000000005
2023-06-21 05:00:00,91.45000000000005
2023-06-22 05:00:00,92.43000000000005
2023-06-23 05:00:00,89.96000000000005
2023-06-26 05:00:00,89.89000000000006
2023-06-27 05:00:00,93.52000000000005
2023-06-28 05:00:00,94.34000000000005
2023-06-29 05:00:00,93.69000000000005
2023-06-30 05:00:00,91.64000000000006
2023-07-03 05:00:00,91.06000000000004
2023-07-04 05:00:00,91.51000000000005
2023-07-05 05:00:00,92.35000000000005
2023-07-06 05:00:00,92.74000000000005
2023-07-07 05:00:00,90.29000000000005
2023-07-10 05:00:00,86.32000000000005
2023-07-11 05:00:00,88.32000000000005
2023-07-12 05:00:00,91.37000000000005
2023-07-13 05:00:00,92.38000000000005
2023-07-14 05:00:00,96.42000000000004
2023-07-17 05:00:00,94.67000000000004
2023-07-18 05:00:00,95.96000000000005
2023-07-19 05:00:00,94.69000000000005
2023-07-20 05:00:00,97.24000000000005
2023-07-21 05:00:00,96.22000000000006
2023-07-24 05:00:00,95.32000000000005
2023-07-25 05:00:00,97.48000000000005
2023-07-26 05:00:00,97.59000000000005
2023-07-27 05:00:00,94.07000000000005
2023-07-28 05:00:00,91.02000000000005
2023-07-31 05:00:00,91.71000000000005
2023-08-01 05:00:00,90.38000000000005
2023-08-02 05:00:00,88.28000000000004
2023-08-03 05:00:00,85.22000000000006
2023-08-04 05:00:00,85.98000000000005
2023-08-07 05:00:00,85.29000000000005
2023-08-08 05:00:00,84.60000000000005
2023-08-09 05:00:00,85.73000000000005
2023-08-10 05:00:00,85.01000000000005
2023-08-11 05:00:00,86.96000000000005
2023-08-14 05:00:00,84.61000000000006
2023-08-15 05:00:00,85.01000000000005
2023-08-16 05:00:00,84.77000000000005
2023-08-17 05:00:00,89.50000000000006
2023-08-18 05:00:00,90.66000000000005
2023-08-21 05:00:00,91.28000000000004
2023-08-22 05:00:00,94.63000000000005
2023-08-23 05:00:00,97.04000000000005
2023-08-24 05:00:00,95.74000000000005
2023-08-25 05:00:00,97.62000000000005
2023-08-28 05:00:00,96.14000000000006
2023-08-29 05:00:00,96.15000000000005
2023-08-30 05:00:00,98.25000000000006
2023-08-31 05:00:00,100.07000000000005
2023-09-01 05:00:00,99.94000000000005
2023-09-04 05:00:00,100.55000000000005
2023-09-05 05:00:00,100.66000000000005
2023-09-06 05:00:00,101.85000000000005
2023-09-07 05:00:00,99.91000000000005
2023-09-08 05:00:00,99.01000000000005
2023-09-11 05:00:00,102.98000000000005
2023-09-12 05:00:00,104.52000000000005
2023-09-13 05:00:00,104.83000000000006
2023-09-14 05:00:00,105.83000000000006
2023-09-15 05:00:00,107.99000000000005
2023-09-18 05:00:00,106.89000000000006
2023-09-19 05:00:00,105.38000000000005
2023-09-20 05:00:00,106.90000000000005
2023-09-21 05:00:00,102.74000000000005
2023-09-22 05:00:00,106.29000000000005
2023-09-25 05:00:00,101.32000000000005
2023-09-26 05:00:00,100.25000000000006
2023-09-27 05:00:00,101.69000000000005
2023-09-28 05:00:00,103.13000000000005
2023-09-29 05:00:00,104.77000000000005
2023-10-02 05:00:00,105.83000000000006
2023-10-03 05:00:00,104.24000000000005
2023-10-04 05:00:00,103.00000000000006
2023-10-05 05:00:00,102.61000000000006
2023-10-06 05:00:00,102.38000000000005
2023-10-09 05:00:00,99.75000000000006
2023-10-10 05:00:00,98.13000000000005
2023-10-11 05:00:00,99.78000000000006
2023-10-11 15:15:00,100.20000000000005
2023-10-11 16:00:00,100.55000000000005
2023-10-11 17:00:00,100.35000000000005
2023-10-11 18:00:00,99.95000000000005
2023-10-11 19:00:00,99.65000000000005
2023-10-11 20:00:00,99.40000000000005
2023-10-11 21:00:00,99.50000000000006
2023-10-11 22:00:00,99.50000000000006
2023-10-11 23:00:00,99.50000000000006
2023-10-12 02:25:00,99.90000000000005
2023-10-12 03:00:00,100.05000000000005
2023-10-12 04:00:00,100.50000000000006
2023-10-12 05:00:00,99.95000000000005
2023-10-12 06:00:00,100.70000000000005
2023-10-12 07:00:00,100.80000000000005
2023-10-12 08:00:00,100.25000000000006
2023-10-12 09:00:00,101.65000000000005
2023-10-12 10:00:00,101.45000000000005
2023-10-12 11:00:00,101.55000000000005
2023-10-12 12:00:00,102.00000000000006
2023-10-12 13:00:00,102.00000000000006
2023-10-12 14:00:00,102.05000000000005
2023-10-12 15:15:00,101.70000000000005
2023-10-12 16:00:00,101.60000000000005
2023-10-12 17:00:00,100.50000000000006
2023-10-12 18:00:00,100.65000000000005
2023-10-12 19:00:00,100.65000000000005
2023-10-12 20:00:00,100.25000000000006
2023-10-12 21:00:00,100.25000000000006
2023-10-12 22:00:00,100.45000000000005
2023-10-12 23:00:00,100.45000000000005
2023-10-13 03:00:00,100.70000000000005
2023-10-13 04:00:00,100.55000000000005
2023-10-13 05:00:00,101.55000000000005
2023-10-13 06:00:00,101.50000000000006
2023-10-13 07:00:00,101.55000000000005
2023-10-13 08:00:00,101.40000000000005
2023-10-13 09:00:00,101.50000000000006
2023-10-13 10:00:00,101.65000000000005
2023-10-13 11:00:00,101.80000000000005
2023-10-13 12:00:00,101.55000000000005
2023-10-13 13:00:00,101.30000000000005
2023-10-13 14:00:00,101.30000000000005
2023-10-13 15:15:00,101.95000000000005
2023-10-13 16:00:00,102.15000000000005
2023-10-13 17:00:00,101.55000000000005
2023-10-13 18:00:00,101.85000000000005
2023-10-13 19:00:00,102.00000000000006
2023-10-13 20:00:00,101.95000000000005
2023-10-13 21:00:00,101.90000000000005
2023-10-13 22:00:00,101.75000000000006
2023-10-13 23:00:00,100.65000000000005
2023-10-14 23:00:00,102.15000000000005
2023-10-16 02:25:00,102.15000000000005
2023-10-16 03:00:00,102.25000000000006
2023-10-16 04:00:00,101.70000000000005
2023-10-16 05:00:00,104.48000000000005
2023-10-16 06:00:00,102.95000000000005
2023-10-16 07:00:00,103.00000000000006
2023-10-16 08:00:00,103.55000000000005
2023-10-16 09:00:00,104.45000000000005
2023-10-16 10:00:00,104.30000000000005
2023-10-16 11:00:00,104.05000000000005
2023-10-16 12:00:00,104.80000000000005
2023-10-16 13:00:00,104.55000000000005
2023-10-16 14:00:00,104.55000000000005
2023-10-16 15:15:00,104.20000000000005
2023-10-16 16:00:00,104.45000000000005
2023-10-16 17:00:00,104.30000000000005
2023-10-16 18:00:00,104.00000000000006
2023-10-16 19:00:00,104.25000000000006
2023-10-16 20:00:00,104.30000000000005
2023-10-16 21:00:00,104.20000000000005
2023-10-16 22:00:00,104.15000000000005
2023-10-16 23:00:00,104.25000000000006
2023-10-17 03:00:00,104.45000000000005
2023-10-17 04:00:00,103.95000000000005
2023-10-17 05:00:00,105.06000000000004
2023-10-17 06:00:00,105.30000000000005
2023-10-17 07:00:00,105.40000000000005
2023-10-17 08:00:00,105.40000000000005
2023-10-17 09:00:00,104.80000000000005
2023-10-17 10:00:00,104.70000000000005
2023-10-17 11:00:00,104.90000000000005
2023-10-17 12:00:00,104.90000000000005
2023-10-17 13:00:00,104.90000000000005
2023-10-17 14:00:00,104.95000000000005
2023-10-17 15:15:00,105.05000000000005
2023-10-17 16:00:00,105.45000000000005
2023-10-17 17:00:00,105.75000000000006
2023-10-17 18:00:00,105.50000000000006
2023-10-17 19:00:00,105.85000000000005
2023-10-17 20:00:00,105.75000000000006
2023-10-17 21:00:00,105.80000000000005
2023-10-17 22:00:00,105.80000000000005
2023-10-17 23:00:00,105.55000000000005
2023-10-18 02:25:00,105.40000000000005
2023-10-18 03:00:00,105.70000000000005
2023-10-18 04:00:00,106.05000000000005
2023-10-18 05:00:00,103.52000000000005
2023-10-18 06:00:00,103.80000000000005
2023-10-18 07:00:00,103.50000000000006
2023-10-18 08:00:00,103.60000000000005
2023-10-18 09:00:00,103.60000000000005
2023-10-18 10:00:00,103.50000000000006
2023-10-18 11:00:00,103.60000000000005
2023-10-18 12:00:00,103.30000000000005
2023-10-18 13:00:00,103.50000000000006
2023-10-18 14:00:00,103.45000000000005
2023-10-18 15:15:00,103.40000000000005
2023-10-18 16:00:00,103.45000000000005
2023-10-18 17:00:00,103.10000000000005
2023-10-18 18:00:00,103.20000000000005
2023-10-18 19:00:00,103.25000000000006
2023-10-18 20:00:00,103.25000000000006
2023-10-18 21:00:00,103.25000000000006
2023-10-18 22:00:00,103.10000000000005
2023-10-18 23:00:00,105.95000000000005
2023-10-19 03:00:00,103.25000000000006
2023-10-19 04:00:00,102.95000000000005
2023-10-19 05:00:00,104.55000000000005
2023-10-19 06:00:00,104.50000000000006
2023-10-19 07:00:00,104.45000000000005
2023-10-19 08:00:00,104.30000000000005
2023-10-19 09:00:00,104.50000000000006
2023-10-19 10:00:00,104.60000000000005
2023-10-19 11:00:00,104.65000000000005
2023-10-19 12:00:00,104.50000000000006
2023-10-19 13:00:00,104.70000000000005
2023-10-19 14:00:00,104.60000000000005
2023-10-19 15:15:00,104.65000000000005
2023-10-19 16:00:00,103.45000000000005
2023-10-19 17:00:00,102.95000000000005
2023-10-19 18:00:00,103.25000000000006
2023-10-19 19:00:00,103.25000000000006
2023-10-19 20:00:00,103.30000000000005
2023-10-19 21:00:00,103.30000000000005
2023-10-19 22:00:00,103.20000000000005
2023-10-19 23:00:00,103.15000000000005
2023-10-20 02:25:00,103.15000000000005
2023-10-20 03:00:00,103.00000000000006
2023-10-20 04:00:00,102.65000000000005
2023-10-20 05:00:00,101.85000000000005
2023-10-20 06:00:00,101.95000000000005
2023-10-20 07:00:00,101.75000000000006
2023-10-20 08:00:00,102.25000000000006
2023-10-20 09:00:00,100.05000000000005
2023-10-20 10:00:00,100.10000000000005
2023-10-20 11:00:00,100.15000000000005
2023-10-20 12:00:00,100.30000000000005
2023-10-20 13:00:00,100.25000000000006
2023-10-20 14:00:00,100.25000000000006
2023-10-20 15:15:00,100.25000000000006
2023-10-20 16:00:00,100.85000000000005
2023-10-20 17:00:00,100.80000000000005
2023-10-20 18:00:00,100.85000000000005
2023-10-20 19:00:00,100.85000000000005
2023-10-20 20:00:00,100.85000000000005
2023-10-20 21:00:00,100.85000000000005
2023-10-20 22:00:00,100.95000000000005
2023-10-20 23:00:00,100.90000000000005
2023-10-21 23:00:00,100.90000000000005
2023-10-23 02:25:00,100.35000000000005
2023-10-23 03:00:00,99.75000000000006
2023-10-23 04:00:00,98.70000000000005
2023-10-23 05:00:00,100.36000000000006
2023-10-23 06:00:00,98.70000000000005
2023-10-23 07:00:00,98.85000000000005
2023-10-23 08:00:00,98.80000000000005
2023-10-23 09:00:00,100.10000000000005
2023-10-23 10:00:00,100.25000000000006
2023-10-23 11:00:00,100.50000000000006
2023-10-23 12:00:00,100.65000000000005
2023-10-23 13:00:00,100.60000000000005
2023-10-23 14:00:00,100.50000000000006
2023-10-23 15:15:00,100.90000000000005
2023-10-23 16:00:00,99.75000000000006
2023-10-23 17:00:00,99.55000000000005
2023-10-23 18:00:00,99.05000000000005
2023-10-23 19:00:00,99.05000000000005
2023-10-23 20:00:00,99.55000000000005
2023-10-23 21:00:00,99.55000000000005
2023-10-23 22:00:00,99.55000000000005
2023-10-23 23:00:00,99.55000000000005
2023-10-24 02:25:00,99.60000000000005
2023-10-24 03:00:00,99.50000000000006
2023-10-24 04:00:00,100.45000000000005
2023-10-24 05:00:00,103.56000000000004
2023-10-24 06:00:00,101.35000000000005
2023-10-24 07:00:00,101.40000000000005
2023-10-24 08:00:00,100.85000000000005
2023-10-24 09:00:00,103.75000000000006
2023-10-24 10:00:00,103.50000000000006
2023-10-24 11:00:00,103.50000000000006
2023-10-24 12:00:00,103.50000000000006
2023-10-24 13:00:00,103.50000000000006
2023-10-24 14:00:00,103.65000000000005
2023-10-24 15:15:00,104.35000000000005
2023-10-24 16:00:00,104.50000000000006
2023-10-24 17:00:00,104.50000000000006
2023-10-24 18:00:00,104.35000000000005
2023-10-24 19:00:00,104.35000000000005
2023-10-24 20:00:00,104.45000000000005
2023-10-24 21:00:00,104.45000000000005
2023-10-24 22:00:00,104.35000000000005
2023-10-24 23:00:00,104.35000000000005
2023-10-25 03:00:00,104.50000000000006
2023-10-25 04:00:00,105.35000000000005
2023-10-25 05:00:00,104.68000000000005
2023-10-25 06:00:00,104.65000000000005
2023-10-25 07:00:00,104.75000000000006
2023-10-25 08:00:00,104.35000000000005
2023-10-25 09:00:00,104.80000000000005
2023-10-25 10:00:00,104.75000000000006
2023-10-25 11:00:00,104.60000000000005
2023-10-25 12:00:00,104.60000000000005
2023-10-25 13:00:00,104.80000000000005
2023-10-25 14:00:00,104.80000000000005
2023-10-25 15:15:00,104.45000000000005
2023-10-25 16:00:00,104.45000000000005
2023-10-25 17:00:00,104.25000000000006
2023-10-25 18:00:00,104.10000000000005
2023-10-25 19:00:00,104.10000000000005
2023-10-25 20:00:00,104.10000000000005
2023-10-25 21:00:00,104.20000000000005
2023-10-25 22:00:00,104.20000000000005
2023-10-25 23:00:00,103.95000000000005
2023-10-26 02:25:00,103.95000000000005
2023-10-26 03:00:00,103.95000000000005
2023-10-26 04:00:00,104.10000000000005
2023-10-26 05:00:00,104.51000000000005
2023-10-26 06:00:00,104.30000000000005
2023-10-26 07:00:00,104.60000000000005
2023-10-26 08:00:00,104.30000000000005
2023-10-26 09:00:00,104.70000000000005
2023-10-26 10:00:00,104.25000000000006
2023-10-26 11:00:00,104.60000000000005
2023-10-26 12:00:00,104.00000000000006
2023-10-26 13:00:00,104.00000000000006
2023-10-26 14:00:00,103.75000000000006
2023-10-26 15:15:00,103.30000000000005
2023-10-26 16:00:00,103.90000000000005
2023-10-26 17:00:00,104.25000000000006
2023-10-26 18:00:00,104.25000000000006
2023-10-26 19:00:00,104.25000000000006
2023-10-26 20:00:00,104.25000000000006
2023-10-26 21:00:00,104.25000000000006
2023-10-26 22:00:00,104.10000000000005
2023-10-26 23:00:00,104.35000000000005
2023-10-27 02:25:00,103.65000000000005
2023-10-27 03:00:00,103.95000000000005
2023-10-27 04:00:00,104.00000000000006
2023-10-27 05:00:00,107.12000000000005
2023-10-27 06:00:00,104.75000000000006
2023-10-27 07:00:00,104.40000000000005
2023-10-27 08:00:00,105.45000000000005
2023-10-27 09:00:00,106.65000000000005
2023-10-27 10:00:00,106.70000000000005
2023-10-27 11:00:00,107.10000000000005
2023-10-27 12:00:00,107.05000000000005
2023-10-27 13:00:00,107.10000000000005
2023-10-27 14:00:00,107.25000000000006
2023-10-27 15:15:00,107.30000000000005
2023-10-27 16:00:00,107.15000000000005
2023-10-27 17:00:00,106.65000000000005
2023-10-27 18:00:00,106.60000000000005
2023-10-27 19:00:00,106.65000000000005
2023-10-27 20:00:00,106.60000000000005
2023-10-27 21:00:00,106.55000000000005
2023-10-27 22:00:00,106.50000000000006
2023-10-27 23:00:00,106.60000000000005
2023-10-28 23:00:00,106.40000000000005
2023-10-30 01:25:00,106.55000000000005
2023-10-30 02:00:00,106.50000000000004
2023-10-30 03:00:00,106.75000000000004
2023-10-30 04:00:00,106.85000000000005
2023-10-30 05:00:00,107.05000000000005
2023-10-30 06:00:00,107.05000000000005
2023-10-30 07:00:00,107.45000000000005
2023-10-30 08:00:00,108.05000000000005
2023-10-30 09:00:00,108.80000000000005
2023-10-30 10:00:00,108.65000000000005
2023-10-30 11:00:00,108.80000000000005
2023-10-30 12:00:00,108.55000000000005
2023-10-30 13:00:00,108.80000000000005
2023-10-30 14:15:00,108.70000000000005
2023-10-30 15:00:00,108.20000000000005
2023-10-30 16:00:00,108.10000000000005
2023-10-30 17:00:00,107.75000000000004
2023-10-30 18:00:00,107.85000000000005
2023-10-30 19:00:00,108.10000000000005
2023-10-30 20:00:00,108.15000000000005
2023-10-30 21:00:00,108.15000000000005
2023-10-30 22:00:00,107.85000000000005
2023-10-30 23:00:00,107.85000000000005
2023-10-31 01:25:00,107.85000000000005
2023-10-31 02:00:00,108.15000000000005
2023-10-31 03:00:00,107.80000000000005
2023-10-31 04:00:00,108.05000000000005
2023-10-31 05:00:00,108.59000000000005
2023-10-31 06:00:00,108.40000000000005
2023-10-31 07:00:00,108.80000000000005
2023-10-31 08:00:00,108.55000000000005
2023-10-31 09:00:00,108.70000000000005
2023-10-31 10:00:00,108.60000000000005
2023-10-31 11:00:00,108.55000000000005
2023-10-31 12:00:00,108.55000000000005
2023-10-31 13:00:00,108.65000000000005
2023-10-31 14:15:00,108.65000000000005
2023-10-31 15:00:00,109.25000000000004
2023-10-31 16:00:00,109.30000000000005
2023-10-31 17:00:00,109.40000000000005
2023-10-31 18:00:00,109.15000000000005
2023-10-31 19:00:00,109.15000000000005
2023-10-31 20:00:00,108.95000000000005
2023-10-31 21:00:00,109.05000000000005
2023-10-31 22:00:00,108.95000000000005
2023-10-31 23:00:00,109.15000000000005
2023-11-01 01:25:00,109.15000000000005
2023-11-01 02:00:00,109.50000000000004
2023-11-01 03:00:00,110.35000000000005
2023-11-01 04:00:00,110.10000000000005
2023-11-01 05:00:00,110.89000000000004
2023-11-01 06:00:00,110.10000000000005
2023-11-01 07:00:00,110.30000000000005
2023-11-01 08:00:00,111.15000000000005
2023-11-01 09:00:00,110.85000000000005
2023-11-01 10:00:00,110.65000000000005
2023-11-01 11:00:00,110.80000000000005
2023-11-01 12:00:00,110.85000000000005
2023-11-01 13:00:00,110.85000000000005
2023-11-01 14:15:00,110.90000000000005
2023-11-01 15:00:00,110.45000000000005
2023-11-01 16:00:00,110.00000000000004
2023-11-01 17:00:00,110.05000000000005
2023-11-01 18:00:00,110.05000000000005
2023-11-01 19:00:00,110.40000000000005
2023-11-01 20:00:00,110.45000000000005
2023-11-01 21:00:00,110.45000000000005
2023-11-01 22:00:00,110.30000000000005
2023-11-01 23:00:00,110.20000000000005
2023-11-02 01:25:00,110.90000000000005
2023-11-02 02:00:00,110.65000000000005
2023-11-02 03:00:00,110.85000000000005
2023-11-02 04:00:00,111.35000000000005
2023-11-02 05:00:00,112.05000000000005
2023-11-02 06:00:00,111.90000000000005
2023-11-02 07:00:00,111.70000000000005
2023-11-02 08:00:00,111.55000000000005
2023-11-02 09:00:00,112.05000000000005
2023-11-02 10:00:00,111.75000000000004
2023-11-02 11:00:00,112.00000000000004
2023-11-02 12:00:00,111.95000000000005
2023-11-02 13:00:00,112.05000000000005
2023-11-02 14:15:00,111.45000000000005
2023-11-02 15:00:00,111.80000000000005
2023-11-02 16:00:00,111.90000000000005
2023-11-02 17:00:00,111.95000000000005
2023-11-02 18:00:00,111.95000000000005
2023-11-02 19:00:00,111.95000000000005
2023-11-02 20:00:00,111.95000000000005
2023-11-02 21:00:00,111.95000000000005
2023-11-02 22:00:00,112.00000000000004
2023-11-02 23:00:00,111.85000000000005
2023-11-03 02:00:00,111.55000000000005
2023-11-03 03:00:00,112.20000000000005
2023-11-03 04:00:00,113.05000000000005
2023-11-03 05:00:00,111.40000000000005
2023-11-03 06:00:00,111.80000000000005
2023-11-03 07:00:00,111.55000000000005
2023-11-03 08:00:00,112.20000000000005
2023-11-03 09:00:00,111.90000000000005
2023-11-03 10:00:00,112.05000000000005
2023-11-03 11:00:00,112.35000000000005
2023-11-03 12:00:00,112.35000000000005
2023-11-03 13:00:00,112.30000000000005
2023-11-03 14:15:00,112.50000000000004
2023-11-03 15:00:00,113.35000000000005
2023-11-03 16:00:00,113.00000000000004
2023-11-03 17:00:00,112.70000000000005
2023-11-03 18:00:00,112.45000000000005
2023-11-03 19:00:00,112.50000000000004
2023-11-03 20:00:00,112.65000000000005
2023-11-03 21:00:00,112.65000000000005
2023-11-03 22:00:00,112.50000000000004
2023-11-03 23:00:00,112.30000000000005
2023-11-06 01:25:00,112.30000000000005
2023-11-06 02:00:00,112.95000000000005
2023-11-06 03:00:00,113.10000000000005
2023-11-06 04:00:00,113.10000000000005
2023-11-06 05:00:00,113.35000000000005
2023-11-06 06:00:00,113.26000000000005
2023-11-06 07:00:00,112.80000000000005
2023-11-06 08:00:00,112.80000000000005
2023-11-06 09:00:00,112.80000000000005
2023-11-06 10:00:00,113.00000000000004
2023-11-06 11:00:00,113.20000000000005
2023-11-06 12:00:00,113.25000000000004
2023-11-06 13:00:00,113.25000000000004
2023-11-06 14:15:00,113.10000000000005
2023-11-06 15:00:00,113.15000000000005
2023-11-06 16:00:00,112.80000000000005
2023-11-06 17:00:00,112.80000000000005
2023-11-06 18:00:00,113.00000000000004
2023-11-06 19:00:00,112.95000000000005
2023-11-06 20:00:00,112.95000000000005
2023-11-06 21:00:00,112.95000000000005
2023-11-06 22:00:00,112.95000000000005
2023-11-06 23:00:00,112.90000000000005
2023-11-07 01:25:00,112.85000000000005
2023-11-07 02:00:00,112.85000000000005
2023-11-07 03:00:00,112.45000000000005
2023-11-07 04:00:00,112.40000000000005
2023-11-07 05:00:00,112.30000000000005
2023-11-07 06:00:00,112.54000000000005
2023-11-07 07:00:00,112.70000000000005
2023-11-07 08:00:00,112.25000000000004
2023-11-07 09:00:00,112.05000000000005
2023-11-07 10:00:00,112.30000000000005
2023-11-07 11:00:00,112.30000000000005
2023-11-07 12:00:00,112.30000000000005
2023-11-07 13:00:00,111.75000000000004
2023-11-07 14:15:00,111.65000000000005
2023-11-07 15:00:00,111.45000000000005
2023-11-07 16:00:00,111.90000000000005
2023-11-07 17:00:00,111.10000000000005
2023-11-07 18:00:00,111.15000000000005
2023-11-07 19:00:00,111.05000000000005
2023-11-07 20:00:00,111.20000000000005
2023-11-07 21:00:00,111.25000000000004
2023-11-07 22:00:00,111.25000000000004
2023-11-07 23:00:00,111.25000000000004
2023-11-08 01:25:00,111.15000000000005
2023-11-08 02:00:00,111.40000000000005
2023-11-08 03:00:00,111.80000000000005
2023-11-08 04:00:00,111.90000000000005
2023-11-08 05:00:00,112.00000000000004
2023-11-08 06:00:00,112.00000000000004
2023-11-08 07:00:00,111.70000000000005
2023-11-08 08:00:00,113.80000000000005
2023-11-08 09:00:00,113.95000000000005
2023-11-08 10:00:00,114.15000000000005
2023-11-08 11:00:00,114.10000000000005
2023-11-08 12:00:00,113.80000000000005
2023-11-08 13:00:00,113.75000000000004
2023-11-08 14:15:00,113.85000000000005
2023-11-08 15:00:00,114.25000000000004
2023-11-08 16:00:00,113.95000000000005
2023-11-08 17:00:00,113.70000000000005
2023-11-08 18:00:00,113.70000000000005
2023-11-08 19:00:00,114.15000000000005
2023-11-08 20:00:00,114.95000000000005
2023-11-08 21:00:00,114.95000000000005
2023-11-08 22:00:00,114.70000000000005
2023-11-08 23:00:00,114.55000000000005
2023-11-09 01:25:00,114.55000000000005
2023-11-09 02:00:00,114.45000000000005
2023-11-09 03:00:00,114.25000000000004
2023-11-09 04:00:00,113.95000000000005
2023-11-09 05:00:00,113.80000000000005
2023-11-09 06:00:00,113.80000000000005
2023-11-09 07:00:00,113.95000000000005
2023-11-09 08:00:00,114.30000000000005
2023-11-09 09:00:00,114.30000000000005
2023-11-09 10:00:00,114.60000000000005
2023-11-09 11:00:00,114.55000000000005
2023-11-09 12:00:00,114.70000000000005
2023-11-09 13:00:00,114.75000000000004
2023-11-09 14:15:00,114.70000000000005
2023-11-09 15:00:00,114.95000000000005
2023-11-09 16:00:00,115.10000000000005
2023-11-09 17:00:00,115.05000000000005
2023-11-09 18:00:00,115.05000000000005
2023-11-09 19:00:00,114.60000000000005
2023-11-09 20:00:00,114.70000000000005
2023-11-09 21:00:00,114.60000000000005
2023-11-09 22:00:00,114.65000000000005
2023-11-09 23:00:00,114.75000000000004
2023-11-10 02:00:00,115.35000000000005
2023-11-10 03:00:00,115.70000000000005
2023-11-10 04:00:00,115.50000000000004
2023-11-10 05:00:00,116.50000000000004
2023-11-10 06:00:00,116.40000000000005
2023-11-10 07:00:00,116.40000000000005
2023-11-10 08:00:00,116.60000000000005
2023-11-10 09:00:00,116.35000000000005
2023-11-10 10:00:00,116.45000000000005
2023-11-10 11:00:00,116.10000000000005
2023-11-10 12:00:00,116.20000000000005
2023-11-10 13:00:00,116.10000000000005
2023-11-10 14:15:00,116.10000000000005
2023-11-10 15:00:00,116.45000000000005
2023-11-10 16:00:00,116.95000000000005
2023-11-10 17:00:00,117.50000000000004
2023-11-10 18:00:00,117.50000000000004
2023-11-10 19:00:00,117.70000000000005
2023-11-10 20:00:00,117.30000000000005
2023-11-10 21:00:00,117.30000000000005
2023-11-10 22:00:00,117.55000000000005
2023-11-10 23:00:00,117.65000000000005
2023-11-13 01:25:00,117.80000000000005
2023-11-13 02:00:00,117.40000000000005
2023-11-13 03:00:00,116.40000000000005
2023-11-13 04:00:00,116.20000000000005
2023-11-13 05:00:00,117.05000000000005
2023-11-13 06:00:00,117.60000000000005
2023-11-13 07:00:00,117.35000000000005
2023-11-13 08:00:00,117.25000000000004
2023-11-13 09:00:00,117.65000000000005
2023-11-13 10:00:00,117.65000000000005
2023-11-13 11:00:00,117.65000000000005
2023-11-13 12:00:00,117.30000000000005
2023-11-13 13:00:00,117.55000000000005
2023-11-13 14:15:00,117.60000000000005
2023-11-13 15:00:00,116.85000000000005
2023-11-13 16:00:00,116.90000000000005
2023-11-13 17:00:00,116.55000000000005
2023-11-13 18:00:00,117.00000000000004
2023-11-13 19:00:00,117.00000000000004
2023-11-13 22:00:00,117.00000000000004
2023-11-13 23:00:00,116.55000000000005
2023-11-14 01:25:00,116.90000000000005
2023-11-14 02:00:00,117.30000000000005
2023-11-14 03:00:00,116.60000000000005
2023-11-14 04:00:00,117.05000000000005
2023-11-14 05:00:00,117.15000000000005
2023-11-14 06:00:00,117.10000000000005
2023-11-14 07:00:00,116.50000000000004
2023-11-14 08:00:00,117.25000000000004
2023-11-14 09:00:00,117.30000000000005
2023-11-14 10:00:00,117.20000000000005
2023-11-14 11:00:00,118.20000000000005
2023-11-14 12:00:00,118.15000000000005
2023-11-14 13:00:00,118.10000000000005
2023-11-14 14:15:00,118.15000000000005
2023-11-14 15:00:00,120.05000000000005
2023-11-14 16:00:00,120.65000000000005
2023-11-14 17:00:00,120.70000000000006
2023-11-14 18:00:00,120.70000000000006
2023-11-14 19:00:00,120.50000000000004
2023-11-14 20:00:00,120.20000000000006
2023-11-14 21:00:00,119.55000000000005
2023-11-14 22:00:00,119.55000000000005
2023-11-14 23:00:00,119.65000000000005
2023-11-15 01:25:00,119.65000000000005
2023-11-15 02:00:00,120.55000000000005
2023-11-15 03:00:00,119.85000000000004
2023-11-15 04:00:00,119.85000000000004
2023-11-15 05:00:00,120.25000000000004
2023-11-15 06:00:00,120.40000000000005
2023-11-15 07:00:00,118.60000000000005
2023-11-15 08:00:00,119.00000000000004
2023-11-15 09:00:00,119.65000000000005
2023-11-15 10:00:00,119.45000000000005
2023-11-15 11:00:00,119.50000000000004
2023-11-15 12:00:00,119.80000000000005
2023-11-15 13:00:00,119.30000000000005
2023-11-15 14:15:00,119.25000000000004
2023-11-15 15:00:00,117.20000000000005
2023-11-15 16:00:00,117.15000000000005
2023-11-15 17:00:00,117.20000000000005
2023-11-15 18:00:00,117.35000000000005
2023-11-15 19:00:00,117.40000000000005
2023-11-15 20:00:00,117.65000000000005
2023-11-15 22:00:00,117.65000000000005
2023-11-15 23:00:00,117.60000000000005
2023-11-16 02:00:00,117.25000000000004
2023-11-16 03:00:00,118.05000000000005
2023-11-16 04:00:00,118.65000000000005
2023-11-16 05:00:00,118.35000000000005
2023-11-16 06:00:00,120.55000000000005
2023-11-16 07:00:00,118.85000000000005
2023-11-16 08:00:00,119.80000000000005
2023-11-16 09:00:00,119.80000000000005
2023-11-16 10:00:00,120.40000000000005
2023-11-16 11:00:00,120.55000000000005
2023-11-16 12:00:00,120.55000000000005
2023-11-16 13:00:00,120.30000000000005
2023-11-16 14:15:00,120.60000000000004
2023-11-16 15:00:00,120.45000000000006
2023-11-16 16:00:00,120.50000000000004
2023-11-16 17:00:00,120.70000000000006
2023-11-16 18:00:00,120.80000000000005
2023-11-16 19:00:00,120.55000000000005
2023-11-16 20:00:00,120.65000000000005
2023-11-16 21:00:00,120.65000000000005
2023-11-16 22:00:00,120.50000000000004
2023-11-16 23:00:00,120.40000000000005
2023-11-17 02:00:00,120.55000000000005
2023-11-17 03:00:00,119.30000000000005
2023-11-17 04:00:00,119.60000000000005
2023-11-17 05:00:00,119.30000000000005
2023-11-17 06:00:00,119.35000000000005
2023-11-17 07:00:00,118.55000000000005
2023-11-17 08:00:00,118.05000000000005
2023-11-17 09:00:00,118.55000000000005
2023-11-17 10:00:00,118.45000000000005
2023-11-17 11:00:00,118.35000000000005
2023-11-17 12:00:00,118.35000000000005
2023-11-17 13:00:00,118.20000000000005
2023-11-17 14:15:00,118.05000000000005
2023-11-17 15:00:00,118.90000000000005
2023-11-17 16:00:00,118.95000000000005
2023-11-17 17:00:00,118.75000000000004
2023-11-17 18:00:00,118.70000000000005
2023-11-17 19:00:00,118.85000000000005
2023-11-17 20:00:00,118.85000000000005
2023-11-17 21:00:00,118.80000000000005
2023-11-17 22:00:00,118.75000000000004
2023-11-17 23:00:00,118.70000000000005
2023-11-20 02:00:00,118.40000000000005
2023-11-20 03:00:00,120.15000000000005
2023-11-20 04:00:00,120.20000000000006
2023-11-20 05:00:00,121.20000000000006
2023-11-20 06:00:00,121.10000000000004
2023-11-20 07:00:00,120.65000000000005
2023-11-20 08:00:00,120.90000000000005
2023-11-20 09:00:00,120.90000000000005
2023-11-20 10:00:00,120.95000000000006
2023-11-20 11:00:00,121.05000000000005
2023-11-20 12:00:00,121.00000000000004
2023-11-20 13:00:00,120.65000000000005
2023-11-20 14:15:00,120.95000000000006
2023-11-20 15:00:00,121.40000000000006
2023-11-20 16:00:00,122.20000000000007
2023-11-20 17:00:00,122.40000000000006
2023-11-20 18:00:00,121.95000000000007
2023-11-20 19:00:00,122.15000000000006
2023-11-20 20:00:00,122.25000000000003
2023-11-20 21:00:00,122.25000000000003
2023-11-20 22:00:00,122.35000000000005
2023-11-20 23:00:00,122.65000000000006
2023-11-21 01:25:00,122.65000000000006
2023-11-21 02:00:00,122.20000000000007
2023-11-21 03:00:00,123.75000000000003
2023-11-21 04:00:00,123.40000000000006
2023-11-21 05:00:00,123.00000000000003
2023-11-21 06:00:00,123.00000000000003
2023-11-21 07:00:00,122.70000000000007
2023-11-21 08:00:00,122.95000000000007
2023-11-21 09:00:00,122.95000000000007
2023-11-21 10:00:00,123.35000000000005
2023-11-21 11:00:00,123.35000000000005
2023-11-21 12:00:00,123.35000000000005
2023-11-21 13:00:00,123.60000000000005
2023-11-21 14:15:00,123.40000000000006
2023-11-21 15:00:00,124.00000000000003
2023-11-21 16:00:00,123.90000000000006
2023-11-21 17:00:00,123.90000000000006
2023-11-21 18:00:00,123.95000000000007
2023-11-21 19:00:00,124.05000000000004
2023-11-21 20:00:00,123.95000000000007
2023-11-21 21:00:00,124.00000000000003
2023-11-21 22:00:00,124.00000000000003
2023-11-21 23:00:00,123.95000000000007
2023-11-22 01:25:00,124.00000000000003
2023-11-22 02:00:00,124.00000000000003
2023-11-22 03:00:00,123.65000000000006
2023-11-22 04:00:00,123.45000000000007
2023-11-22 05:00:00,123.50000000000003
2023-11-22 06:00:00,124.75000000000003
2023-11-22 07:00:00,123.95000000000007
2023-11-22 08:00:00,124.95000000000007
2023-11-22 09:00:00,124.95000000000007
2023-11-22 10:00:00,124.90000000000006
2023-11-22 11:00:00,124.70000000000007
2023-11-22 12:00:00,124.70000000000007
2023-11-22 13:00:00,124.60000000000005
2023-11-22 14:15:00,124.70000000000007
2023-11-22 15:00:00,124.25000000000003
2023-11-22 16:00:00,122.90000000000006
2023-11-22 17:00:00,122.60000000000005
2023-11-22 18:00:00,122.65000000000006
2023-11-22 19:00:00,122.50000000000003
2023-11-22 20:00:00,122.65000000000006
2023-11-22 21:00:00,122.80000000000004
2023-11-22 22:00:00,122.95000000000007
2023-11-22 23:00:00,122.95000000000007
2023-11-23 02:00:00,123.00000000000003
2023-11-23 03:00:00,123.05000000000004
2023-11-23 04:00:00,121.70000000000007
2023-11-23 05:00:00,121.85000000000005
2023-11-23 06:00:00,121.65000000000006
2023-11-23 07:00:00,122.10000000000005
2023-11-23 08:00:00,122.75000000000003
2023-11-23 09:00:00,123.55000000000004
2023-11-23 10:00:00,123.45000000000007
2023-11-23 11:00:00,123.30000000000004
2023-11-23 12:00:00,123.40000000000006
2023-11-23 13:00:00,123.35000000000005
2023-11-23 14:15:00,123.40000000000006
2023-11-23 15:00:00,121.95000000000007
2023-11-23 16:00:00,122.85000000000005
2023-11-23 17:00:00,122.95000000000007
2023-11-23 18:00:00,122.90000000000006
2023-11-23 19:00:00,122.90000000000006
2023-11-23 20:00:00,122.90000000000006
2023-11-23 21:00:00,122.75000000000003
2023-11-23 22:00:00,122.65000000000006
2023-11-24 02:00:00,122.80000000000004
2023-11-24 03:00:00,123.50000000000003
2023-11-24 04:00:00,123.15000000000006
2023-11-24 05:00:00,123.30000000000004
2023-11-24 06:00:00,123.99000000000004
2023-11-24 07:00:00,123.35000000000005
2023-11-24 08:00:00,124.45000000000007
2023-11-24 09:00:00,124.05000000000004
2023-11-24 10:00:00,124.00000000000003
2023-11-24 11:00:00,124.00000000000003
2023-11-24 12:00:00,123.95000000000007
2023-11-24 13:00:00,123.95000000000007
2023-11-24 14:15:00,124.35000000000005
2023-11-24 15:00:00,122.45000000000007
2023-11-24 16:00:00,122.40000000000006
2023-11-24 17:00:00,122.40000000000006
2023-11-24 18:00:00,122.50000000000003
2023-11-24 19:00:00,122.50000000000003
2023-11-24 20:00:00,122.45000000000007
2023-11-24 21:00:00,122.25000000000003
2023-11-24 22:00:00,121.95000000000007
2023-11-24 23:00:00,121.80000000000004
2023-11-27 01:25:00,122.05000000000004
2023-11-27 02:00:00,122.05000000000004
2023-11-27 03:00:00,122.25000000000003
2023-11-27 04:00:00,122.35000000000005
2023-11-27 05:00:00,122.45000000000007
2023-11-27 06:00:00,122.75000000000003
2023-11-27 07:00:00,123.05000000000004
2023-11-27 08:00:00,123.25000000000003
2023-11-27 09:00:00,122.95000000000007
2023-11-27 10:00:00,123.05000000000004
2023-11-27 11:00:00,122.75000000000003
2023-11-27 12:00:00,123.05000000000004
2023-11-27 13:00:00,122.85000000000005
2023-11-27 14:15:00,122.75000000000003
2023-11-27 15:00:00,122.10000000000005
2023-11-27 16:00:00,121.60000000000005
2023-11-27 17:00:00,121.50000000000003
2023-11-27 18:00:00,121.30000000000004
2023-11-27 19:00:00,121.30000000000004
2023-11-27 20:00:00,121.60000000000005
2023-11-27 21:00:00,121.40000000000006
2023-11-27 22:00:00,121.30000000000004
2023-11-27 23:00:00,121.40000000000006
2023-11-28 01:25:00,122.55000000000004
2023-11-28 02:00:00,121.65000000000006
2023-11-28 03:00:00,120.25000000000004
2023-11-28 04:00:00,119.20000000000005
2023-11-28 05:00:00,119.40000000000005
2023-11-28 06:00:00,118.98000000000005
2023-11-28 07:00:00,118.20000000000005
2023-11-28 08:00:00,118.60000000000005
2023-11-28 09:00:00,118.95000000000005
2023-11-28 10:00:00,118.95000000000005
2023-11-28 11:00:00,119.00000000000004
2023-11-28 12:00:00,118.80000000000005
2023-11-28 13:00:00,118.85000000000005
2023-11-28 14:15:00,119.05000000000005
2023-11-28 15:00:00,118.85000000000005
2023-11-28 16:00:00,118.45000000000005
2023-11-28 17:00:00,118.05000000000005
2023-11-28 18:00:00,118.75000000000004
2023-11-28 19:00:00,118.70000000000005
2023-11-28 20:00:00,118.60000000000005
2023-11-28 21:00:00,118.65000000000005
2023-11-28 22:00:00,118.70000000000005
2023-11-28 23:00:00,117.90000000000005
2023-11-29 01:25:00,117.90000000000005
2023-11-29 02:00:00,118.75000000000004
2023-11-29 03:00:00,120.00000000000004
2023-11-29 04:00:00,119.90000000000003
2023-11-29 05:00:00,119.90000000000003
2023-11-29 06:00:00,120.00000000000004
2023-11-29 07:00:00,119.60000000000004
2023-11-29 08:00:00,119.80000000000004
2023-11-29 09:00:00,120.00000000000004
2023-11-29 10:00:00,120.05000000000004
2023-11-29 11:00:00,120.05000000000004
2023-11-29 12:00:00,119.95000000000005
2023-11-29 13:00:00,119.85000000000004
2023-11-29 14:15:00,119.85000000000004
2023-11-29 15:00:00,118.15000000000003
2023-11-29 16:00:00,119.25000000000004
2023-11-29 17:00:00,119.30000000000004
2023-11-29 18:00:00,119.25000000000004
2023-11-29 19:00:00,119.25000000000004
2023-11-29 20:00:00,119.25000000000004
2023-11-29 21:00:00,119.05000000000004
2023-11-29 22:00:00,119.10000000000004
2023-11-29 23:00:00,119.10000000000004
2023-11-30 02:00:00,119.10000000000004
2023-11-30 03:00:00,118.80000000000004
2023-11-30 04:00:00,120.15000000000003
2023-11-30 05:00:00,119.95000000000005
2023-11-30 06:00:00,121.10000000000004
2023-11-30 07:00:00,120.55000000000004
2023-11-30 08:00:00,120.95000000000005
2023-11-30 09:00:00,121.20000000000005
2023-11-30 10:00:00,121.10000000000004
2023-11-30 11:00:00,121.20000000000005
2023-11-30 12:00:00,120.60000000000004
2023-11-30 13:00:00,121.00000000000004
2023-11-30 14:15:00,121.25000000000004
2023-11-30 15:00:00,120.50000000000004
2023-11-30 16:00:00,120.45000000000005
2023-11-30 17:00:00,120.40000000000003
2023-11-30 18:00:00,120.40000000000003
2023-11-30 19:00:00,120.65000000000003
2023-11-30 22:00:00,120.70000000000005
2023-11-30 23:00:00,120.60000000000004
2023-12-01 01:25:00,120.35000000000004
2023-12-01 02:00:00,120.70000000000005
2023-12-01 03:00:00,121.60000000000005
2023-12-01 04:00:00,120.95000000000005
2023-12-01 05:00:00,121.35000000000005
2023-12-01 06:00:00,121.60000000000005
2023-12-01 07:00:00,122.50000000000003
2023-12-01 08:00:00,122.40000000000003
2023-12-01 09:00:00,122.45000000000005
2023-12-01 10:00:00,122.45000000000005
2023-12-01 11:00:00,122.50000000000003
2023-12-01 12:00:00,122.45000000000005
2023-12-01 13:00:00,122.60000000000005
2023-12-01 14:15:00,122.95000000000005
2023-12-01 15:00:00,121.95000000000005
2023-12-01 16:00:00,122.50000000000003
2023-12-01 17:00:00,122.75000000000003
2023-12-01 18:00:00,122.50000000000003
2023-12-01 19:00:00,122.45000000000005
2023-12-01 20:00:00,122.45000000000005
2023-12-01 21:00:00,122.45000000000005
2023-12-01 22:00:00,122.35000000000005
2023-12-01 23:00:00,122.45000000000005
2023-12-04 01:25:00,122.65000000000003
2023-12-04 02:00:00,122.65000000000003
2023-12-04 03:00:00,122.95000000000005
2023-12-04 04:00:00,122.35000000000005
2023-12-04 05:00:00,121.05000000000004
2023-12-04 06:00:00,120.46000000000004
2023-12-04 07:00:00,119.95000000000005
2023-12-04 08:00:00,119.65000000000003
2023-12-04 09:00:00,120.15000000000003
2023-12-04 10:00:00,120.65000000000003
2023-12-04 11:00:00,120.55000000000004
2023-12-04 12:00:00,120.45000000000005
2023-12-04 13:00:00,120.60000000000004
2023-12-04 14:15:00,120.30000000000004
2023-12-04 15:00:00,118.95000000000005
2023-12-04 16:00:00,119.30000000000004
2023-12-04 17:00:00,118.80000000000004
2023-12-04 18:00:00,119.50000000000004
2023-12-04 19:00:00,119.55000000000004
2023-12-04 20:00:00,119.55000000000004
2023-12-04 21:00:00,119.55000000000004
2023-12-04 22:00:00,119.55000000000004
2023-12-04 23:00:00,119.40000000000003
2023-12-05 03:00:00,120.20000000000005
2023-12-05 04:00:00,119.95000000000005
2023-12-05 05:00:00,119.75000000000004
2023-12-05 06:00:00,120.61000000000004
2023-12-05 07:00:00,120.15000000000003
2023-12-05 08:00:00,120.70000000000005
2023-12-05 09:00:00,120.85000000000004
2023-12-05 10:00:00,120.80000000000004
2023-12-05 11:00:00,120.60000000000004
2023-12-05 12:00:00,120.50000000000004
2023-12-05 13:00:00,120.50000000000004
2023-12-05 14:15:00,120.40000000000003
2023-12-05 15:00:00,120.30000000000004
2023-12-05 16:00:00,120.85000000000004
2023-12-05 17:00:00,120.65000000000003
2023-12-05 18:00:00,120.85000000000004
2023-12-05 19:00:00,120.70000000000005
2023-12-05 20:00:00,120.70000000000005
2023-12-05 22:00:00,120.60000000000004
2023-12-05 23:00:00,120.75000000000004
2023-12-06 01:25:00,120.75000000000004
2023-12-06 02:00:00,120.55000000000004
2023-12-06 03:00:00,122.55000000000004
2023-12-06 04:00:00,122.00000000000003
2023-12-06 05:00:00,122.90000000000003
2023-12-06 06:00:00,123.31000000000003
2023-12-06 07:00:00,122.85000000000005
2023-12-06 08:00:00,123.40000000000003
2023-12-06 09:00:00,123.25000000000003
2023-12-06 10:00:00,123.20000000000005
2023-12-06 11:00:00,123.30000000000004
2023-12-06 12:00:00,123.35000000000005
2023-12-06 13:00:00,123.55000000000004
2023-12-06 14:15:00,123.50000000000003
2023-12-06 15:00:00,124.35000000000005
2023-12-06 16:00:00,123.45000000000005
2023-12-06 17:00:00,123.00000000000003
2023-12-06 18:00:00,122.80000000000004
2023-12-06 19:00:00,122.75000000000003
2023-12-06 20:00:00,122.75000000000003
2023-12-06 21:00:00,122.60000000000005
2023-12-06 22:00:00,122.70000000000005
2023-12-06 23:00:00,122.70000000000005
2023-12-07 01:25:00,122.70000000000005
2023-12-07 02:00:00,123.50000000000003
2023-12-07 03:00:00,123.30000000000004
2023-12-07 04:00:00,124.10000000000005
2023-12-07 05:00:00,123.95000000000005
2023-12-07 06:00:00,123.85000000000005
2023-12-07 07:00:00,124.25000000000003
2023-12-07 08:00:00,125.20000000000005
2023-12-07 09:00:00,125.65000000000003
2023-12-07 10:00:00,125.45000000000005
2023-12-07 11:00:00,125.50000000000003
2023-12-07 12:00:00,125.50000000000003
2023-12-07 13:00:00,125.35000000000005
2023-12-07 14:15:00,125.05000000000004
2023-12-07 15:00:00,125.30000000000004
2023-12-07 16:00:00,126.60000000000007
2023-12-07 17:00:00,126.45000000000003
2023-12-07 18:00:00,126.45000000000003
2023-12-07 19:00:00,126.45000000000003
2023-12-07 20:00:00,126.45000000000003
2023-12-07 21:00:00,126.45000000000003
2023-12-07 22:00:00,126.60000000000007
2023-12-07 23:00:00,126.65000000000002
2023-12-08 01:25:00,126.30000000000004
2023-12-08 02:00:00,126.30000000000004
2023-12-08 03:00:00,126.70000000000003
2023-12-08 04:00:00,126.45000000000003
2023-12-08 05:00:00,126.65000000000002
2023-12-08 06:00:00,127.13000000000004
2023-12-08 07:00:00,126.45000000000003
2023-12-08 08:00:00,126.80000000000005
2023-12-08 09:00:00,126.75000000000004
2023-12-08 10:00:00,126.90000000000002
2023-12-08 11:00:00,127.00000000000004
2023-12-08 12:00:00,127.00000000000004
2023-12-08 13:00:00,126.80000000000005
2023-12-08 14:15:00,126.45000000000003
2023-12-08 15:00:00,126.60000000000007
2023-12-08 16:00:00,126.20000000000005
2023-12-08 17:00:00,126.45000000000003
2023-12-08 18:00:00,126.45000000000003
2023-12-08 19:00:00,126.45000000000003
2023-12-08 20:00:00,126.30000000000004
2023-12-08 21:00:00,126.35000000000005
2023-12-08 22:00:00,126.35000000000005
2023-12-08 23:00:00,126.25000000000003
2023-12-11 01:25:00,126.25000000000003
2023-12-11 02:00:00,126.65000000000002
2023-12-11 03:00:00,124.95000000000005
2023-12-11 04:00:00,125.35000000000005
2023-12-11 05:00:00,125.50000000000003
2023-12-11 06:00:00,125.50000000000003
2023-12-11 07:00:00,126.35000000000005
2023-12-11 08:00:00,126.40000000000002
2023-12-11 09:00:00,126.70000000000003
2023-12-11 10:00:00,126.60000000000007
2023-12-11 11:00:00,126.50000000000004
2023-12-11 12:00:00,126.50000000000004
2023-12-11 13:00:00,126.50000000000004
2023-12-11 14:15:00,126.45000000000003
2023-12-11 15:00:00,126.00000000000003
2023-12-11 16:00:00,126.40000000000002
2023-12-11 17:00:00,126.35000000000005
2023-12-11 18:00:00,126.10000000000005
2023-12-11 19:00:00,125.90000000000003
2023-12-11 20:00:00,125.90000000000003
2023-12-11 22:00:00,126.05000000000004
2023-12-11 23:00:00,126.20000000000005
2023-12-12 02:00:00,126.25000000000003
2023-12-12 03:00:00,126.85000000000007
2023-12-12 04:00:00,126.65000000000002
2023-12-12 05:00:00,126.60000000000007
2023-12-12 06:00:00,126.75000000000004
2023-12-12 07:00:00,127.30000000000005
2023-12-12 08:00:00,127.75000000000006
2023-12-12 09:00:00,127.45000000000005
2023-12-12 10:00:00,127.60000000000008
2023-12-12 11:00:00,127.55000000000007
2023-12-12 12:00:00,127.25000000000004
2023-12-12 13:00:00,127.40000000000003
2023-12-12 14:15:00,127.35000000000008
2023-12-12 15:00:00,127.10000000000007
2023-12-12 16:00:00,125.90000000000003
2023-12-12 17:00:00,125.75000000000003
2023-12-12 18:00:00,125.65000000000003
2023-12-12 19:00:00,125.80000000000004
2023-12-12 20:00:00,125.85000000000005
2023-12-12 21:00:00,125.85000000000005
2023-12-12 22:00:00,126.00000000000003
2023-12-12 23:00:00,126.00000000000003
2023-12-13 01:25:00,126.00000000000003
2023-12-13 02:00:00,125.75000000000003
2023-12-13 03:00:00,126.15000000000003
2023-12-13 04:00:00,124.65000000000003
2023-12-13 05:00:00,123.95000000000005
2023-12-13 06:00:00,124.10000000000005
2023-12-13 07:00:00,124.00000000000003
2023-12-13 08:00:00,124.95000000000005
2023-12-13 09:00:00,125.05000000000004
2023-12-13 10:00:00,125.35000000000005
2023-12-13 11:00:00,125.20000000000005
2023-12-13 12:00:00,125.05000000000004
2023-12-13 13:00:00,125.10000000000005
2023-12-13 14:15:00,125.30000000000004
2023-12-13 15:00:00,125.40000000000003
2023-12-13 16:00:00,124.95000000000005
2023-12-13 17:00:00,124.80000000000004
2023-12-13 18:00:00,124.70000000000005
2023-12-13 19:00:00,124.70000000000005
2023-12-13 20:00:00,125.00000000000003
2023-12-13 21:00:00,125.40000000000003
2023-12-13 22:00:00,126.05000000000004
2023-12-13 23:00:00,126.25000000000003
2023-12-14 01:25:00,125.65000000000003
2023-12-14 02:00:00,126.35000000000005
2023-12-14 03:00:00,126.40000000000002
2023-12-14 04:00:00,126.35000000000005
2023-12-14 05:00:00,126.35000000000005
2023-12-14 06:00:00,125.71000000000004
2023-12-14 07:00:00,125.70000000000005
2023-12-14 08:00:00,125.45000000000005
2023-12-14 09:00:00,125.80000000000004
2023-12-14 10:00:00,125.80000000000004
2023-12-14 11:00:00,126.00000000000003
2023-12-14 12:00:00,125.95000000000005
2023-12-14 13:00:00,125.90000000000003
2023-12-14 14:15:00,125.70000000000005
2023-12-14 15:00:00,126.35000000000005
2023-12-14 16:00:00,126.40000000000002
2023-12-14 17:00:00,126.40000000000002
2023-12-14 18:00:00,126.50000000000004
2023-12-14 19:00:00,126.50000000000004
2023-12-14 20:00:00,126.50000000000004
2023-12-14 22:00:00,126.10000000000005
2023-12-14 23:00:00,126.55000000000005
2023-12-15 02:00:00,126.15000000000003
2023-12-15 03:00:00,126.40000000000002
2023-12-15 04:00:00,127.00000000000004
2023-12-15 05:00:00,126.75000000000004
2023-12-15 06:00:00,125.64000000000004
2023-12-15 07:00:00,125.40000000000003
2023-12-15 08:00:00,125.75000000000003
2023-12-15 09:00:00,125.85000000000005
2023-12-15 10:00:00,125.85000000000005
2023-12-15 11:00:00,125.70000000000005
2023-12-15 12:00:00,125.80000000000004
2023-12-15 13:00:00,125.85000000000005
2023-12-15 14:15:00,125.90000000000003
2023-12-15 15:00:00,124.25000000000003
2023-12-15 16:00:00,123.65000000000003
2023-12-15 17:00:00,123.70000000000005
2023-12-15 18:00:00,123.70000000000005
2023-12-15 19:00:00,123.65000000000003
2023-12-15 20:00:00,123.65000000000003
2023-12-15 21:00:00,123.65000000000003
2023-12-15 22:00:00,123.60000000000005
2023-12-15 23:00:00,123.50000000000003
2023-12-18 01:25:00,123.50000000000003
2023-12-18 02:00:00,123.70000000000005
2023-12-18 03:00:00,123.05000000000004
2023-12-18 04:00:00,123.30000000000004
2023-12-18 05:00:00,123.95000000000005
2023-12-18 06:00:00,123.90000000000003
2023-12-18 07:00:00,124.10000000000005
2023-12-18 08:00:00,124.45000000000005
2023-12-18 09:00:00,124.60000000000005
2023-12-18 10:00:00,124.55000000000004
2023-12-18 11:00:00,124.05000000000004
2023-12-18 12:00:00,124.15000000000003
2023-12-18 13:00:00,124.20000000000005
2023-12-18 14:15:00,124.20000000000005
2023-12-18 15:00:00,124.25000000000003
2023-12-18 16:00:00,124.00000000000003
2023-12-18 17:00:00,124.10000000000005
2023-12-18 18:00:00,124.05000000000004
2023-12-18 19:00:00,124.05000000000004
2023-12-18 20:00:00,124.05000000000004
2023-12-18 21:00:00,123.85000000000005
2023-12-18 22:00:00,123.70000000000005
2023-12-18 23:00:00,123.75000000000003
2023-12-19 01:25:00,123.90000000000003
2023-12-19 02:00:00,123.85000000000005
2023-12-19 03:00:00,124.00000000000003
2023-12-19 04:00:00,124.40000000000003
2023-12-19 05:00:00,123.95000000000005
2023-12-19 06:00:00,124.17000000000004
2023-12-19 07:00:00,123.75000000000003
2023-12-19 08:00:00,123.95000000000005
2023-12-19 09:00:00,124.05000000000004
2023-12-19 10:00:00,124.35000000000005
2023-12-19 11:00:00,124.20000000000005
2023-12-19 12:00:00,124.20000000000005
2023-12-19 13:00:00,124.25000000000003
2023-12-19 14:15:00,124.35000000000005
2023-12-19 15:00:00,124.30000000000004
2023-12-19 16:00:00,124.85000000000005
2023-12-19 17:00:00,124.75000000000003
2023-12-19 18:00:00,124.55000000000004
2023-12-19 19:00:00,124.50000000000003
2023-12-19 20:00:00,124.50000000000003
2023-12-19 22:00:00,124.50000000000003
2023-12-19 23:00:00,124.55000000000004
2023-12-20 01:25:00,124.55000000000004
2023-12-20 02:00:00,124.55000000000004
2023-12-20 03:00:00,125.90000000000003
2023-12-20 04:00:00,125.75000000000003
2023-12-20 05:00:00,125.65000000000003
2023-12-20 06:00:00,125.77000000000004
2023-12-20 07:00:00,126.15000000000003
2023-12-20 08:00:00,125.75000000000003
2023-12-20 09:00:00,125.75000000000003
2023-12-20 10:00:00,125.80000000000004
2023-12-20 11:00:00,125.95000000000005
2023-12-20 12:00:00,126.05000000000004
2023-12-20 13:00:00,125.65000000000003
2023-12-20 14:15:00,125.80000000000004
2023-12-20 15:00:00,125.70000000000005
2023-12-20 16:00:00,126.25000000000003
2023-12-20 17:00:00,126.25000000000003
2023-12-20 18:00:00,126.15000000000003
2023-12-20 19:00:00,126.25000000000003
2023-12-20 20:00:00,126.25000000000003
2023-12-20 22:00:00,126.65000000000002
2023-12-20 23:00:00,126.20000000000005
2023-12-21 02:00:00,126.45000000000003
2023-12-21 03:00:00,126.15000000000003
2023-12-21 04:00:00,126.55000000000005
2023-12-21 05:00:00,126.75000000000004
2023-12-21 06:00:00,126.80000000000005
2023-12-21 07:00:00,127.15000000000002
2023-12-21 08:00:00,128.4000000000001
2023-12-21 09:00:00,128.60000000000014
2023-12-21 10:00:00,129.2500000000001
2023-12-21 11:00:00,129.35000000000014
2023-12-21 12:00:00,129.60000000000014
2023-12-21 13:00:00,129.30000000000013
2023-12-21 14:15:00,129.10000000000014
2023-12-21 15:00:00,130.30000000000013
2023-12-21 16:00:00,130.10000000000014
2023-12-21 17:00:00,130.0000000000001
2023-12-21 18:00:00,129.85000000000014
2023-12-21 19:00:00,129.7000000000001
2023-12-21 20:00:00,129.7000000000001
2023-12-21 21:00:00,129.7000000000001
2023-12-21 22:00:00,129.7500000000001
2023-12-21 23:00:00,129.60000000000014
2023-12-22 01:25:00,129.60000000000014
2023-12-22 02:00:00,129.85000000000014
2023-12-22 03:00:00,130.5000000000001
2023-12-22 04:00:00,131.5000000000001
2023-12-22 05:00:00,130.9000000000001
2023-12-22 06:00:00,130.62000000000012
2023-12-22 07:00:00,130.05000000000013
2023-12-22 08:00:00,130.9500000000001
2023-12-22 09:00:00,131.0000000000001
2023-12-22 10:00:00,131.0000000000001
2023-12-22 11:00:00,130.30000000000013
2023-12-22 12:00:00,130.2500000000001
2023-12-22 13:00:00,130.2000000000001
2023-12-22 14:15:00,130.0000000000001
2023-12-22 15:00:00,130.2500000000001
2023-12-22 16:00:00,130.4500000000001
2023-12-22 17:00:00,130.1500000000001
2023-12-22 18:00:00,130.10000000000014
2023-12-22 19:00:00,130.10000000000014
2023-12-22 21:00:00,130.0000000000001
2023-12-22 22:00:00,130.0000000000001
2023-12-22 23:00:00,129.80000000000013
2023-12-26 01:25:00,129.80000000000013
2023-12-26 02:00:00,130.35000000000014
2023-12-26 03:00:00,130.7500000000001
2023-12-26 04:00:00,131.1500000000001
2023-12-26 05:00:00,131.2000000000001
2023-12-26 06:00:00,132.05000000000013
2023-12-26 07:00:00,131.60000000000014
2023-12-26 08:00:00,131.9500000000001
2023-12-26 09:00:00,132.4500000000001
2023-12-26 10:00:00,132.2500000000001
2023-12-26 11:00:00,132.2000000000001
2023-12-26 12:00:00,131.9000000000001
2023-12-26 13:00:00,132.10000000000014
2023-12-26 14:15:00,131.85000000000014
2023-12-26 15:00:00,131.7500000000001
2023-12-26 16:00:00,130.9000000000001
2023-12-26 17:00:00,131.05000000000013
2023-12-26 18:00:00,131.1500000000001
2023-12-26 19:00:00,131.2000000000001
2023-12-26 20:00:00,131.2000000000001
2023-12-26 21:00:00,131.2000000000001
2023-12-26 22:00:00,131.2000000000001
2023-12-26 23:00:00,131.30000000000013
2023-12-27 01:25:00,131.80000000000013
2023-12-27 02:00:00,131.2500000000001
2023-12-27 03:00:00,131.80000000000013
2023-12-27 04:00:00,131.9500000000001
2023-12-27 05:00:00,132.10000000000014
2023-12-27 06:00:00,133.10000000000014
2023-12-27 07:00:00,132.35000000000014
2023-12-27 08:00:00,132.7500000000001
2023-12-27 09:00:00,132.9000000000001
2023-12-27 10:00:00,133.05000000000013
2023-12-27 11:00:00,133.10000000000014
2023-12-27 12:00:00,133.0000000000001
2023-12-27 13:00:00,133.1500000000001
2023-12-27 14:15:00,132.7500000000001
2023-12-27 15:00:00,131.7500000000001
2023-12-27 16:00:00,131.2500000000001
2023-12-27 17:00:00,131.05000000000013
2023-12-27 18:00:00,131.35000000000014
2023-12-27 19:00:00,131.4000000000001
2023-12-27 20:00:00,131.4000000000001
2023-12-27 21:00:00,131.4000000000001
2023-12-27 22:00:00,131.4500000000001
2023-12-27 23:00:00,131.35000000000014
2023-12-28 02:00:00,131.80000000000013
2023-12-28 03:00:00,131.85000000000014
2023-12-28 04:00:00,132.2000000000001
2023-12-28 05:00:00,130.9500000000001
2023-12-28 06:00:00,130.54000000000013
2023-12-28 07:00:00,131.1500000000001
2023-12-28 08:00:00,130.30000000000013
2023-12-28 09:00:00,130.60000000000014
2023-12-28 10:00:00,130.6500000000001
2023-12-28 11:00:00,130.60000000000014
2023-12-28 12:00:00,130.60000000000014
2023-12-28 13:00:00,130.6500000000001
2023-12-28 14:15:00,130.55000000000013
2023-12-28 15:00:00,130.9000000000001
2023-12-28 16:00:00,130.85000000000014
2023-12-28 17:00:00,130.6500000000001
2023-12-28 18:00:00,130.6500000000001
2023-12-28 19:00:00,130.60000000000014
2023-12-28 22:00:00,130.7500000000001
2023-12-28 23:00:00,130.55000000000013
2023-12-29 01:25:00,131.2500000000001
2023-12-29 02:00:00,131.0000000000001
2023-12-29 03:00:00,131.1500000000001
2023-12-29 04:00:00,131.2500000000001
2023-12-29 05:00:00,132.05000000000013
2023-12-29 06:00:00,132.4500000000001
2023-12-29 07:00:00,132.05000000000013
2023-12-29 08:00:00,132.2000000000001
2023-12-29 09:00:00,132.2000000000001
2023-12-29 10:00:00,132.1500000000001
2023-12-29 11:00:00,131.80000000000013
2023-12-29 12:00:00,130.6500000000001
2023-12-29 13:00:00,131.9000000000001
2023-12-29 14:15:00,131.9000000000001
2023-12-29 15:00:00,131.9000000000001
2023-12-29 16:00:00,132.0000000000001
2023-12-29 17:00:00,132.60000000000008
2023-12-29 18:00:00,132.2500000000001
2023-12-29 19:00:00,132.30000000000013
2023-12-29 22:00:00,132.30000000000013
2023-12-29 23:00:00,132.2500000000001
2024-01-02 01:25:00,132.2500000000001
2024-01-02 02:00:00,132.10000000000008
2024-01-02 03:00:00,132.9000000000001
2024-01-02 04:00:00,134.5000000000001
2024-01-02 05:00:00,134.30000000000013
2024-01-02 06:00:00,134.35000000000008
2024-01-02 07:00:00,134.80000000000013
2024-01-02 08:00:00,135.35000000000008
2024-01-02 09:00:00,135.10000000000008
2024-01-02 10:00:00,135.05000000000013
2024-01-02 11:00:00,134.9500000000001
2024-01-02 12:00:00,135.0000000000001
2024-01-02 13:00:00,134.9000000000001
2024-01-02 14:15:00,134.9000000000001
2024-01-02 15:00:00,135.2000000000001
2024-01-02 16:00:00,134.5000000000001
2024-01-02 17:00:00,134.60000000000008
2024-01-02 18:00:00,134.4000000000001
2024-01-02 19:00:00,134.2500000000001
2024-01-02 20:00:00,133.9500000000001
2024-01-02 21:00:00,133.9500000000001
2024-01-02 22:00:00,134.0000000000001
2024-01-02 23:00:00,133.9000000000001
2024-01-03 01:25:00,133.9000000000001
2024-01-03 02:00:00,134.7000000000001
2024-01-03 03:00:00,136.6500000000001
2024-01-03 04:00:00,135.7500000000001
2024-01-03 05:00:00,135.9500000000001
2024-01-03 06:00:00,136.05000000000013
2024-01-03 07:00:00,135.30000000000013
2024-01-03 08:00:00,136.0000000000001
2024-01-03 09:00:00,136.0000000000001
2024-01-03 10:00:00,136.05000000000013
2024-01-03 11:00:00,136.05000000000013
2024-01-03 12:00:00,136.0000000000001
2024-01-03 13:00:00,136.05000000000013
2024-01-03 14:15:00,135.9000000000001
2024-01-03 15:00:00,135.0000000000001
2024-01-03 16:00:00,135.2500000000001
2024-01-03 17:00:00,135.1500000000001
2024-01-03 18:00:00,135.10000000000008
2024-01-03 19:00:00,135.2000000000001
2024-01-03 20:00:00,134.60000000000008
2024-01-03 21:00:00,134.7500000000001
2024-01-03 22:00:00,134.7500000000001
2024-01-03 23:00:00,134.6500000000001
2024-01-04 01:25:00,134.6500000000001
2024-01-04 02:00:00,135.4000000000001
2024-01-04 03:00:00,135.5000000000001
2024-01-04 04:00:00,134.55000000000013
2024-01-04 05:00:00,133.55000000000013
2024-01-04 06:00:00,133.6500000000001
2024-01-04 07:00:00,134.2000000000001
2024-01-04 08:00:00,134.5000000000001
2024-01-04 09:00:00,134.85000000000008
2024-01-04 10:00:00,134.85000000000008
2024-01-04 11:00:00,134.4500000000001
2024-01-04 12:00:00,134.35000000000008
2024-01-04 13:00:00,134.55000000000013
2024-01-04 14:15:00,134.0000000000001
2024-01-04 15:00:00,133.2500000000001
2024-01-04 16:00:00,133.05000000000013
2024-01-04 17:00:00,132.9500000000001
2024-01-04 18:00:00,132.9500000000001
2024-01-04 19:00:00,132.9500000000001
2024-01-04 20:00:00,132.9500000000001
2024-01-04 21:00:00,133.0000000000001
2024-01-04 22:00:00,133.05000000000013
2024-01-04 23:00:00,133.10000000000008
2024-01-05 01:25:00,133.10000000000008
2024-01-05 02:00:00,133.05000000000013
2024-01-05 03:00:00,131.4500000000001
2024-01-05 04:00:00,131.7500000000001
2024-01-05 05:00:00,131.85000000000008
2024-01-05 06:00:00,131.9500000000001
2024-01-05 07:00:00,131.9000000000001
2024-01-05 08:00:00,132.0000000000001
2024-01-05 09:00:00,132.05000000000013
2024-01-05 10:00:00,131.9000000000001
2024-01-05 11:00:00,131.9500000000001
2024-01-05 12:00:00,131.9500000000001
2024-01-05 13:00:00,131.9500000000001
2024-01-05 14:15:00,132.0000000000001
2024-01-05 15:00:00,132.4500000000001
2024-01-05 16:00:00,132.5000000000001
2024-01-05 17:00:00,132.30000000000013
2024-01-05 18:00:00,132.2500000000001
2024-01-05 19:00:00,131.85000000000008
2024-01-05 20:00:00,131.9000000000001
2024-01-05 21:00:00,131.9000000000001
2024-01-05 22:00:00,131.5000000000001
2024-01-05 23:00:00,131.1500000000001
2024-01-08 02:00:00,132.0000000000001
2024-01-08 03:00:00,131.05000000000013
2024-01-08 04:00:00,130.80000000000013
2024-01-08 05:00:00,130.4000000000001
2024-01-08 06:00:00,131.3900000000001
2024-01-08 07:00:00,130.80000000000013
2024-01-08 08:00:00,131.0000000000001
2024-01-08 09:00:00,131.35000000000008
2024-01-08 10:00:00,131.4500000000001
2024-01-08 11:00:00,131.5000000000001
2024-01-08 12:00:00,131.2500000000001
2024-01-08 13:00:00,131.2000000000001
2024-01-08 14:15:00,131.55000000000013
2024-01-08 15:00:00,130.60000000000008
2024-01-08 16:00:00,130.85000000000008
2024-01-08 17:00:00,131.10000000000008
2024-01-08 18:00:00,131.1500000000001
2024-01-08 19:00:00,131.05000000000013
2024-01-08 20:00:00,131.05000000000013
2024-01-08 21:00:00,131.05000000000013
2024-01-08 22:00:00,130.9000000000001
2024-01-08 23:00:00,130.85000000000008
2024-01-09 01:25:00,130.85000000000008
2024-01-09 02:00:00,131.35000000000008
2024-01-09 03:00:00,130.55000000000013
2024-01-09 04:00:00,130.35000000000008
2024-01-09 05:00:00,131.4500000000001
2024-01-09 06:00:00,131.4500000000001
2024-01-09 07:00:00,131.1500000000001
2024-01-09 08:00:00,131.1500000000001
2024-01-09 09:00:00,131.2500000000001
2024-01-09 10:00:00,131.4000000000001
2024-01-09 11:00:00,131.05000000000013
2024-01-09 12:00:00,131.10000000000008
2024-01-09 13:00:00,130.6500000000001
2024-01-09 14:15:00,130.80000000000013
2024-01-09 15:00:00,129.4000000000001
2024-01-09 16:00:00,128.85000000000008
2024-01-09 17:00:00,128.85000000000008
2024-01-09 18:00:00,128.85000000000008
2024-01-09 19:00:00,128.80000000000013
2024-01-09 20:00:00,128.9000000000001
2024-01-09 21:00:00,128.9000000000001
2024-01-09 22:00:00,128.9000000000001
2024-01-09 23:00:00,129.30000000000013
2024-01-10 01:25:00,129.5000000000001
2024-01-10 02:00:00,129.4000000000001
2024-01-10 03:00:00,128.60000000000008
2024-01-10 04:00:00,128.55000000000013
2024-01-10 05:00:00,128.1500000000001
2024-01-10 06:00:00,128.35000000000008
2024-01-10 07:00:00,128.7000000000001
2024-01-10 08:00:00,126.85000000000001
2024-01-10 09:00:00,126.35000000000002
2024-01-10 10:00:00,125.95000000000005
2024-01-10 11:00:00,126.15000000000003
2024-01-10 12:00:00,126.05000000000004
2024-01-10 13:00:00,125.80000000000004
2024-01-10 14:15:00,125.70000000000005
2024-01-10 15:00:00,125.55000000000004
2024-01-10 16:00:00,126.10000000000002
2024-01-10 17:00:00,125.90000000000003
2024-01-10 18:00:00,125.70000000000005
2024-01-10 19:00:00,125.80000000000004
2024-01-10 20:00:00,125.80000000000004
2024-01-10 21:00:00,125.65000000000003
2024-01-10 22:00:00,125.65000000000003
2024-01-10 23:00:00,125.90000000000003
2024-01-11 01:25:00,125.90000000000003
2024-01-11 02:00:00,126.30000000000004
2024-01-11 03:00:00,125.80000000000004
2024-01-11 04:00:00,126.25000000000003
2024-01-11 05:00:00,126.95000000000003
2024-01-11 06:00:00,127.66000000000003
2024-01-11 07:00:00,127.15000000000002
2024-01-11 08:00:00,127.45000000000005
2024-01-11 09:00:00,127.55000000000007
2024-01-11 10:00:00,127.60000000000002
2024-01-11 11:00:00,127.65000000000003
2024-01-11 12:00:00,127.70000000000005
2024-01-11 13:00:00,127.80000000000007
2024-01-11 14:15:00,127.70000000000005
2024-01-11 15:00:00,126.70000000000003
2024-01-11 16:00:00,125.55000000000004
2024-01-11 17:00:00,125.15000000000003
2024-01-11 18:00:00,125.45000000000005
2024-01-11 19:00:00,125.45000000000005
2024-01-11 20:00:00,125.45000000000005
2024-01-11 21:00:00,125.70000000000005
2024-01-11 22:00:00,125.70000000000005
2024-01-11 23:00:00,125.70000000000005
2024-01-12 01:25:00,125.45000000000005
2024-01-12 02:00:00,126.10000000000002
2024-01-12 03:00:00,126.10000000000002
2024-01-12 04:00:00,126.45000000000003
2024-01-12 05:00:00,126.30000000000004
2024-01-12 06:00:00,126.30000000000004
2024-01-12 07:00:00,124.80000000000004
2024-01-12 08:00:00,123.95000000000005
2024-01-12 09:00:00,122.90000000000003
2024-01-12 10:00:00,123.05000000000004
2024-01-12 11:00:00,123.15000000000003
2024-01-12 12:00:00,123.10000000000002
2024-01-12 13:00:00,123.00000000000003
2024-01-12 14:15:00,123.60000000000002
2024-01-12 15:00:00,122.80000000000004
2024-01-12 16:00:00,122.80000000000004
2024-01-12 17:00:00,122.45000000000003
2024-01-12 18:00:00,122.40000000000003
2024-01-12 19:00:00,122.40000000000003
2024-01-12 20:00:00,122.40000000000003
2024-01-12 21:00:00,122.45000000000003
2024-01-12 22:00:00,122.40000000000003
2024-01-12 23:00:00,122.55000000000004
2024-01-15 01:25:00,122.60000000000004
2024-01-15 02:00:00,123.10000000000002
2024-01-15 03:00:00,123.85000000000002
2024-01-15 04:00:00,124.55000000000004
2024-01-15 05:00:00,124.30000000000004
2024-01-15 06:00:00,120.86000000000003
2024-01-15 07:00:00,123.75000000000003
2024-01-15 08:00:00,121.35000000000004
2024-01-15 09:00:00,120.90000000000003
2024-01-15 10:00:00,120.80000000000004
2024-01-15 11:00:00,120.80000000000004
2024-01-15 12:00:00,120.70000000000003
2024-01-15 13:00:00,120.80000000000004
2024-01-15 14:15:00,120.75000000000003
2024-01-15 15:00:00,121.75000000000003
2024-01-15 16:00:00,121.65000000000003
2024-01-15 17:00:00,121.45000000000003
2024-01-15 18:00:00,121.45000000000003
2024-01-15 19:00:00,121.60000000000004
2024-01-15 21:00:00,121.35000000000004
2024-01-15 22:00:00,121.45000000000003
2024-01-15 23:00:00,121.85000000000004
2024-01-16 02:00:00,122.00000000000003
2024-01-16 03:00:00,120.85000000000004
2024-01-16 04:00:00,120.80000000000004
2024-01-16 05:00:00,120.10000000000004
2024-01-16 06:00:00,119.95000000000003
2024-01-16 07:00:00,119.50000000000003
2024-01-16 08:00:00,120.65000000000003
2024-01-16 09:00:00,121.10000000000004
2024-01-16 10:00:00,122.75000000000003
2024-01-16 11:00:00,122.55000000000004
2024-01-16 12:00:00,122.45000000000003
2024-01-16 13:00:00,122.60000000000004
2024-01-16 14:15:00,122.85000000000004
2024-01-16 15:00:00,122.50000000000003
2024-01-16 16:00:00,122.25000000000003
2024-01-16 17:00:00,122.40000000000003
2024-01-16 18:00:00,122.30000000000004
2024-01-16 19:00:00,122.05000000000004
2024-01-16 20:00:00,122.00000000000003
2024-01-16 21:00:00,122.00000000000003
2024-01-16 22:00:00,122.10000000000004
2024-01-16 23:00:00,122.05000000000004
2024-01-17 01:25:00,122.55000000000004
2024-01-17 02:00:00,122.40000000000003
2024-01-17 03:00:00,121.60000000000004
2024-01-17 04:00:00,120.35000000000004
2024-01-17 05:00:00,120.30000000000004
2024-01-17 06:00:00,119.18000000000004
2024-01-17 07:00:00,120.65000000000003
2024-01-17 08:00:00,119.40000000000003
2024-01-17 09:00:00,119.25000000000003
2024-01-17 10:00:00,119.10000000000004
2024-01-17 11:00:00,119.30000000000004
2024-01-17 12:00:00,119.30000000000004
2024-01-17 13:00:00,119.15000000000003
2024-01-17 14:15:00,119.00000000000003
2024-01-17 15:00:00,119.05000000000004
2024-01-17 16:00:00,119.30000000000004
2024-01-17 17:00:00,118.85000000000004
2024-01-17 18:00:00,118.70000000000003
2024-01-17 19:00:00,118.60000000000004
2024-01-17 20:00:00,118.60000000000004
2024-01-17 21:00:00,118.85000000000004
2024-01-17 22:00:00,118.85000000000004
2024-01-17 23:00:00,118.85000000000004
2024-01-18 01:25:00,119.25000000000003
2024-01-18 02:00:00,119.65000000000003
2024-01-18 03:00:00,119.55000000000004
2024-01-18 04:00:00,118.25000000000003
2024-01-18 05:00:00,120.60000000000004
2024-01-18 06:00:00,120.75000000000003
2024-01-18 07:00:00,120.65000000000003
2024-01-18 08:00:00,122.65000000000003
2024-01-18 09:00:00,122.30000000000004
2024-01-18 10:00:00,122.95000000000005
2024-01-18 11:00:00,122.90000000000003
2024-01-18 12:00:00,122.45000000000003
2024-01-18 13:00:00,122.25000000000003
2024-01-18 14:15:00,122.35000000000004
2024-01-18 15:00:00,121.40000000000003
2024-01-18 16:00:00,121.05000000000004
2024-01-18 17:00:00,120.75000000000003
2024-01-18 18:00:00,120.95000000000003
2024-01-18 19:00:00,120.95000000000003
2024-01-18 20:00:00,121.05000000000004
2024-01-18 22:00:00,120.90000000000003
2024-01-18 23:00:00,120.80000000000004
2024-01-19 01:25:00,121.05000000000004
2024-01-19 02:00:00,121.40000000000003
2024-01-19 03:00:00,122.10000000000004
2024-01-19 04:00:00,122.65000000000003
2024-01-19 05:00:00,122.25000000000003
2024-01-19 06:00:00,122.25000000000003
2024-01-19 07:00:00,121.65000000000003
2024-01-19 08:00:00,123.20000000000005
2024-01-19 09:00:00,123.70000000000005
2024-01-19 10:00:00,123.50000000000003
2024-01-19 11:00:00,123.10000000000002
2024-01-19 12:00:00,122.95000000000005
2024-01-19 13:00:00,123.05000000000004
2024-01-19 14:15:00,122.95000000000005
2024-01-19 15:00:00,122.70000000000003
2024-01-19 16:00:00,122.30000000000004
2024-01-19 17:00:00,122.05000000000004
2024-01-19 18:00:00,122.10000000000004
2024-01-19 19:00:00,122.10000000000004
2024-01-19 20:00:00,122.10000000000004
2024-01-19 21:00:00,122.10000000000004
2024-01-19 22:00:00,122.40000000000003
2024-01-19 23:00:00,122.25000000000003
2024-01-22 01:25:00,121.95000000000003
2024-01-22 02:00:00,122.60000000000004
2024-01-22 03:00:00,122.75000000000003
2024-01-22 04:00:00,122.95000000000005
2024-01-22 05:00:00,122.55000000000004
2024-01-22 06:00:00,122.25000000000003
2024-01-22 07:00:00,122.80000000000004
2024-01-22 08:00:00,122.40000000000003
2024-01-22 09:00:00,122.50000000000003
2024-01-22 10:00:00,122.25000000000003
2024-01-22 11:00:00,122.10000000000004
2024-01-22 12:00:00,121.95000000000003
2024-01-22 13:00:00,121.90000000000003
2024-01-22 14:15:00,121.80000000000004
2024-01-22 15:00:00,122.15000000000003
2024-01-22 16:00:00,123.80000000000004
2024-01-22 17:00:00,124.40000000000003
2024-01-22 18:00:00,124.60000000000002
2024-01-22 19:00:00,124.65000000000003
2024-01-22 20:00:00,124.40000000000003
2024-01-22 21:00:00,124.40000000000003
2024-01-22 22:00:00,124.40000000000003
2024-01-22 23:00:00,124.20000000000005
2024-01-23 02:00:00,124.25000000000003
2024-01-23 03:00:00,125.35000000000002
2024-01-23 04:00:00,124.70000000000005
2024-01-23 05:00:00,124.55000000000004
2024-01-23 06:00:00,125.27000000000004
2024-01-23 07:00:00,124.75000000000003
2024-01-23 08:00:00,124.75000000000003
2024-01-23 09:00:00,125.05000000000004
2024-01-23 10:00:00,125.05000000000004
2024-01-23 11:00:00,125.35000000000002
2024-01-23 12:00:00,125.45000000000005
2024-01-23 13:00:00,125.25000000000003
2024-01-23 14:15:00,125.45000000000005
2024-01-23 15:00:00,126.40000000000002
2024-01-23 16:00:00,125.45000000000005
2024-01-23 17:00:00,125.30000000000004
2024-01-23 18:00:00,125.40000000000003
2024-01-23 19:00:00,125.40000000000003
2024-01-23 20:00:00,125.40000000000003
2024-01-23 21:00:00,125.30000000000004
2024-01-23 22:00:00,125.70000000000005
2024-01-23 23:00:00,125.40000000000003
2024-01-24 01:25:00,125.90000000000003
2024-01-24 02:00:00,125.90000000000003
2024-01-24 03:00:00,124.70000000000005
2024-01-24 04:00:00,124.40000000000003
2024-01-24 05:00:00,125.20000000000005
2024-01-24 06:00:00,128.6500000000001
2024-01-24 07:00:00,125.65000000000003
2024-01-24 08:00:00,126.75000000000004
2024-01-24 09:00:00,128.30000000000013
2024-01-24 10:00:00,128.7000000000001
2024-01-24 11:00:00,128.30000000000013
2024-01-24 12:00:00,128.5000000000001
2024-01-24 13:00:00,128.5000000000001
2024-01-24 14:15:00,128.7000000000001
2024-01-24 15:00:00,129.05000000000013
2024-01-24 16:00:00,129.7500000000001
2024-01-24 17:00:00,129.30000000000013
2024-01-24 18:00:00,129.30000000000013
2024-01-24 19:00:00,129.4000000000001
2024-01-24 20:00:00,129.60000000000008
2024-01-24 21:00:00,129.60000000000008
2024-01-24 22:00:00,129.60000000000008
2024-01-24 23:00:00,129.60000000000008
2024-01-25 01:25:00,129.9000000000001
2024-01-25 02:00:00,130.10000000000008
2024-01-25 03:00:00,129.60000000000008
2024-01-25 04:00:00,129.7000000000001
2024-01-25 05:00:00,130.2000000000001
2024-01-25 06:00:00,129.05000000000013
2024-01-25 07:00:00,129.80000000000013
2024-01-25 08:00:00,128.5000000000001
2024-01-25 09:00:00,129.1500000000001
2024-01-25 10:00:00,129.4000000000001
2024-01-25 11:00:00,129.10000000000008
2024-01-25 12:00:00,129.10000000000008
2024-01-25 13:00:00,129.1500000000001
2024-01-25 14:15:00,128.80000000000013
2024-01-25 15:00:00,129.05000000000013
2024-01-25 16:00:00,128.60000000000008
2024-01-25 17:00:00,128.4000000000001
2024-01-25 18:00:00,127.95000000000007
2024-01-25 19:00:00,127.85000000000002
2024-01-25 20:00:00,128.00000000000009
2024-01-25 21:00:00,127.95000000000007
2024-01-25 22:00:00,127.95000000000007
2024-01-25 23:00:00,127.90000000000006
2024-01-26 01:25:00,128.10000000000008
2024-01-26 02:00:00,128.10000000000008
2024-01-26 03:00:00,127.60000000000002
2024-01-26 04:00:00,128.55000000000013
2024-01-26 05:00:00,128.85000000000008
2024-01-26 06:00:00,128.6500000000001
2024-01-26 07:00:00,129.10000000000008
2024-01-26 08:00:00,128.5000000000001
2024-01-26 09:00:00,128.35000000000008
2024-01-26 10:00:00,128.85000000000008
2024-01-26 11:00:00,128.85000000000008
2024-01-26 12:00:00,129.0000000000001
2024-01-26 13:00:00,129.30000000000013
2024-01-26 14:15:00,129.05000000000013
2024-01-26 15:00:00,129.0000000000001
2024-01-26 16:00:00,130.2000000000001
2024-01-26 17:00:00,130.4500000000001
2024-01-26 18:00:00,130.10000000000008
2024-01-26 19:00:00,130.0000000000001
2024-01-26 20:00:00,130.0000000000001
2024-01-26 22:00:00,130.4000000000001
2024-01-26 23:00:00,130.4000000000001
2024-01-29 02:00:00,129.9500000000001
2024-01-29 03:00:00,130.30000000000013
2024-01-29 04:00:00,129.85000000000008
2024-01-29 05:00:00,130.1500000000001
2024-01-29 06:00:00,130.2100000000001
2024-01-29 07:00:00,128.9000000000001
2024-01-29 08:00:00,129.85000000000008
2024-01-29 09:00:00,130.30000000000013
2024-01-29 10:00:00,130.2500000000001
2024-01-29 11:00:00,130.2500000000001
2024-01-29 12:00:00,130.2500000000001
2024-01-29 13:00:00,130.2500000000001
2024-01-29 14:15:00,130.35000000000008
2024-01-29 15:00:00,129.7000000000001
2024-01-29 16:00:00,129.9500000000001
2024-01-29 17:00:00,129.9500000000001
2024-01-29 18:00:00,129.9500000000001
2024-01-29 19:00:00,129.85000000000008
2024-01-29 20:00:00,129.9000000000001
2024-01-29 22:00:00,130.05000000000013
2024-01-29 23:00:00,129.85000000000008
2024-01-30 01:25:00,129.6500000000001
2024-01-30 02:00:00,129.6500000000001
2024-01-30 03:00:00,130.2000000000001
2024-01-30 04:00:00,130.30000000000013
2024-01-30 05:00:00,129.2500000000001
2024-01-30 06:00:00,129.4500000000001
2024-01-30 07:00:00,128.1500000000001
2024-01-30 08:00:00,127.65000000000003
2024-01-30 09:00:00,127.95000000000007
2024-01-30 10:00:00,127.65000000000003
2024-01-30 11:00:00,127.65000000000003
2024-01-30 12:00:00,127.65000000000003
2024-01-30 13:00:00,127.60000000000002
2024-01-30 14:15:00,127.40000000000003
2024-01-30 15:00:00,126.40000000000002
2024-01-30 16:00:00,126.35000000000002
2024-01-30 17:00:00,126.50000000000004
2024-01-30 18:00:00,125.85000000000002
2024-01-30 19:00:00,125.90000000000003
2024-01-30 20:00:00,126.05000000000004
2024-01-30 21:00:00,126.15000000000003
2024-01-30 22:00:00,126.50000000000004
2024-01-30 23:00:00,126.60000000000001
2024-01-31 01:25:00,126.05000000000004
2024-01-31 02:00:00,126.65000000000002
2024-01-31 03:00:00,125.85000000000002
2024-01-31 04:00:00,126.65000000000002
2024-01-31 05:00:00,126.10000000000002
2024-01-31 06:00:00,126.20000000000005
2024-01-31 07:00:00,126.00000000000003
2024-01-31 08:00:00,124.55000000000004
2024-01-31 09:00:00,124.50000000000003
2024-01-31 10:00:00,124.70000000000005
2024-01-31 11:00:00,124.60000000000002
2024-01-31 12:00:00,124.30000000000004
2024-01-31 13:00:00,124.45000000000005
2024-01-31 14:15:00,124.20000000000003
2024-01-31 15:00:00,124.10000000000004
2024-01-31 16:00:00,126.05000000000004
2024-01-31 17:00:00,125.75000000000003
2024-01-31 18:00:00,124.90000000000003
2024-01-31 19:00:00,125.20000000000005
2024-01-31 20:00:00,125.50000000000003
2024-01-31 21:00:00,124.90000000000003
2024-01-31 22:00:00,125.15000000000003
2024-01-31 23:00:00,125.15000000000003
2024-02-01 02:00:00,125.60000000000002
2024-02-01 03:00:00,125.25000000000003
2024-02-01 04:00:00,125.45000000000005
2024-02-01 05:00:00,125.30000000000004
2024-02-01 06:00:00,125.40000000000003
2024-02-01 07:00:00,124.75000000000003
2024-02-01 08:00:00,126.20000000000005
2024-02-01 09:00:00,125.85000000000002
2024-02-01 10:00:00,125.35000000000002
2024-02-01 11:00:00,125.80000000000004
2024-02-01 12:00:00,125.65000000000003
2024-02-01 13:00:00,126.00000000000003
2024-02-01 14:15:00,125.80000000000004
2024-02-01 15:00:00,124.55000000000004
2024-02-01 16:00:00,123.65000000000003
2024-02-01 17:00:00,123.50000000000003
2024-02-01 18:00:00,123.55000000000004
2024-02-01 19:00:00,123.45000000000003
2024-02-01 20:00:00,123.45000000000003
2024-02-01 21:00:00,123.45000000000003
2024-02-01 22:00:00,124.15000000000003
2024-02-01 23:00:00,124.35000000000004
2024-02-02 01:25:00,124.35000000000004
2024-02-02 02:00:00,123.75000000000003
2024-02-02 03:00:00,123.05000000000004
2024-02-02 04:00:00,122.15000000000003
2024-02-02 05:00:00,121.35000000000004
2024-02-02 06:00:00,121.22000000000003
2024-02-02 07:00:00,121.20000000000003
2024-02-02 08:00:00,121.60000000000004
2024-02-02 09:00:00,121.85000000000004
2024-02-02 10:00:00,121.20000000000003
2024-02-02 11:00:00,121.20000000000003
2024-02-02 12:00:00,120.90000000000003
2024-02-02 13:00:00,120.90000000000003
2024-02-02 14:15:00,121.15000000000003
2024-02-02 15:00:00,120.65000000000003
2024-02-02 16:00:00,122.25000000000003
2024-02-02 17:00:00,122.05000000000004
2024-02-02 18:00:00,122.05000000000004
2024-02-02 19:00:00,122.05000000000004
2024-02-02 20:00:00,121.90000000000003
2024-02-02 21:00:00,121.90000000000003
2024-02-02 22:00:00,121.80000000000004
2024-02-02 23:00:00,121.80000000000004
2024-02-05 01:25:00,122.45000000000003
2024-02-05 02:00:00,121.75000000000003
2024-02-05 03:00:00,122.45000000000003
2024-02-05 04:00:00,122.00000000000003
2024-02-05 05:00:00,122.95000000000003
2024-02-05 06:00:00,121.01000000000003
2024-02-05 07:00:00,123.15000000000003
2024-02-05 08:00:00,121.65000000000003
2024-02-05 09:00:00,121.45000000000003
2024-02-05 10:00:00,121.25000000000003
2024-02-05 11:00:00,120.65000000000003
2024-02-05 12:00:00,120.60000000000004
2024-02-05 13:00:00,120.45000000000003
2024-02-05 14:15:00,120.45000000000003
2024-02-05 15:00:00,119.10000000000004
2024-02-05 16:00:00,119.50000000000003
2024-02-05 17:00:00,119.50000000000003
2024-02-05 18:00:00,119.90000000000003
2024-02-05 19:00:00,119.65000000000003
2024-02-05 20:00:00,119.65000000000003
2024-02-05 21:00:00,119.55000000000004
2024-02-05 22:00:00,119.55000000000004
2024-02-05 23:00:00,119.75000000000003
2024-02-06 01:25:00,119.75000000000003
2024-02-06 02:00:00,119.75000000000003
2024-02-06 03:00:00,120.55000000000004
2024-02-06 04:00:00,120.05000000000004
2024-02-06 05:00:00,119.45000000000003
2024-02-06 06:00:00,120.00000000000003
2024-02-06 07:00:00,120.35000000000004
2024-02-06 08:00:00,120.50000000000003
2024-02-06 09:00:00,119.85000000000004
2024-02-06 10:00:00,119.50000000000003
2024-02-06 11:00:00,119.95000000000003
2024-02-06 12:00:00,119.85000000000004
2024-02-06 13:00:00,119.75000000000003
2024-02-06 14:15:00,120.00000000000003
2024-02-06 15:00:00,119.90000000000003
2024-02-06 16:00:00,120.30000000000004
2024-02-06 17:00:00,120.55000000000004
2024-02-06 18:00:00,120.55000000000004
2024-02-06 19:00:00,120.55000000000004
2024-02-06 20:00:00,120.55000000000004
2024-02-06 22:00:00,120.00000000000003
2024-02-06 23:00:00,120.25000000000003
2024-02-07 01:25:00,120.25000000000003
2024-02-07 02:00:00,120.30000000000004
2024-02-07 03:00:00,120.95000000000003
2024-02-07 04:00:00,119.90000000000003
2024-02-07 05:00:00,120.75000000000003
2024-02-07 06:00:00,120.80000000000004
2024-02-07 07:00:00,119.85000000000004
2024-02-07 08:00:00,120.35000000000004
2024-02-07 09:00:00,119.85000000000004
2024-02-07 10:00:00,120.05000000000004
2024-02-07 11:00:00,120.20000000000003
2024-02-07 12:00:00,120.15000000000003
2024-02-07 13:00:00,120.30000000000004
2024-02-07 14:15:00,120.05000000000004
2024-02-07 15:00:00,121.60000000000004
2024-02-07 16:00:00,122.05000000000004
2024-02-07 17:00:00,122.15000000000003
2024-02-07 18:00:00,121.75000000000003
2024-02-07 19:00:00,121.85000000000004
2024-02-07 20:00:00,121.85000000000004
2024-02-07 22:00:00,121.85000000000004
2024-02-07 23:00:00,121.95000000000003
2024-02-08 01:25:00,121.95000000000003
2024-02-08 02:00:00,121.95000000000003
2024-02-08 03:00:00,123.10000000000004
2024-02-08 04:00:00,122.75000000000003
2024-02-08 05:00:00,122.50000000000003
2024-02-08 06:00:00,123.55000000000004
2024-02-08 07:00:00,122.30000000000004
2024-02-08 08:00:00,123.45000000000003
2024-02-08 09:00:00,123.05000000000004
2024-02-08 10:00:00,123.05000000000004
2024-02-08 11:00:00,123.35000000000004
2024-02-08 12:00:00,122.90000000000003
2024-02-08 13:00:00,122.80000000000004
2024-02-08 14:15:00,122.50000000000003
2024-02-08 15:00:00,122.65000000000003
2024-02-08 16:00:00,122.85000000000004
2024-02-08 17:00:00,122.40000000000003
2024-02-08 18:00:00,122.30000000000004
2024-02-08 19:00:00,122.35000000000004
2024-02-08 20:00:00,122.35000000000004
2024-02-08 21:00:00,122.45000000000003
2024-02-08 22:00:00,122.20000000000003
2024-02-08 23:00:00,122.60000000000004
2024-02-09 01:25:00,123.00000000000003
2024-02-09 02:00:00,123.00000000000003
2024-02-09 03:00:00,121.75000000000003
2024-02-09 04:00:00,121.40000000000003
2024-02-09 05:00:00,121.35000000000004
2024-02-09 06:00:00,121.75000000000003
2024-02-09 07:00:00,121.25000000000003
2024-02-09 08:00:00,120.95000000000003
2024-02-09 09:00:00,121.40000000000003
2024-02-09 10:00:00,121.60000000000004
2024-02-09 11:00:00,121.75000000000003
2024-02-09 12:00:00,121.90000000000003
2024-02-09 13:00:00,121.80000000000004
2024-02-09 14:15:00,122.05000000000004
2024-02-09 15:00:00,122.00000000000003
2024-02-09 16:00:00,122.15000000000003
2024-02-09 17:00:00,122.75000000000003
2024-02-09 18:00:00,124.25000000000003
2024-02-09 19:00:00,122.90000000000003
2024-02-09 20:00:00,122.90000000000003
2024-02-09 21:00:00,122.75000000000003
2024-02-09 22:00:00,122.25000000000003
2024-02-09 23:00:00,122.15000000000003
2024-02-12 02:00:00,122.15000000000003
2024-02-12 03:00:00,122.60000000000004
2024-02-12 04:00:00,122.50000000000003
2024-02-12 05:00:00,122.30000000000004
2024-02-12 06:00:00,123.14000000000003
2024-02-12 07:00:00,122.70000000000003
2024-02-12 08:00:00,122.65000000000003
2024-02-12 09:00:00,122.75000000000003
2024-02-12 10:00:00,122.85000000000004
2024-02-12 11:00:00,122.85000000000004
2024-02-12 12:00:00,122.90000000000003
2024-02-12 13:00:00,123.00000000000003
2024-02-12 14:15:00,123.00000000000003
2024-02-12 15:00:00,123.55000000000004
2024-02-12 16:00:00,124.00000000000003
2024-02-12 17:00:00,123.55000000000004
2024-02-12 18:00:00,123.50000000000003
2024-02-12 19:00:00,123.50000000000003
2024-02-12 20:00:00,123.50000000000003
2024-02-12 22:00:00,123.90000000000003
2024-02-12 23:00:00,123.70000000000003
2024-02-13 02:00:00,123.70000000000003
2024-02-13 03:00:00,122.85000000000004
2024-02-13 04:00:00,122.90000000000003
2024-02-13 05:00:00,123.15000000000003
2024-02-13 06:00:00,123.57000000000004
2024-02-13 07:00:00,123.25000000000003
2024-02-13 08:00:00,123.40000000000003
2024-02-13 09:00:00,123.05000000000004
2024-02-13 10:00:00,123.05000000000004
2024-02-13 11:00:00,123.65000000000003
2024-02-13 12:00:00,123.70000000000003
2024-02-13 13:00:00,123.30000000000004
2024-02-13 14:15:00,123.35000000000004
2024-02-13 15:00:00,123.00000000000003
2024-02-13 16:00:00,123.20000000000003
2024-02-13 17:00:00,123.30000000000004
2024-02-13 18:00:00,123.20000000000003
2024-02-13 19:00:00,123.20000000000003
2024-02-13 20:00:00,123.20000000000003
2024-02-13 21:00:00,123.35000000000004
2024-02-13 22:00:00,123.70000000000003
2024-02-13 23:00:00,123.80000000000004
2024-02-14 02:00:00,123.45000000000003
2024-02-14 03:00:00,122.40000000000003
2024-02-14 04:00:00,122.65000000000003
2024-02-14 05:00:00,122.50000000000003
2024-02-14 06:00:00,122.80000000000004
2024-02-14 07:00:00,122.80000000000004
2024-02-14 08:00:00,123.65000000000003
2024-02-14 09:00:00,123.60000000000004
2024-02-14 10:00:00,124.15000000000003
2024-02-14 11:00:00,124.25000000000003
2024-02-14 12:00:00,124.20000000000003
2024-02-14 13:00:00,123.80000000000004
2024-02-14 14:15:00,124.55000000000004
2024-02-14 15:00:00,123.90000000000003
2024-02-14 16:00:00,124.10000000000004
2024-02-14 17:00:00,124.05000000000004
2024-02-14 18:00:00,124.10000000000004
2024-02-14 19:00:00,124.10000000000004
2024-02-14 20:00:00,124.15000000000003
2024-02-14 21:00:00,124.20000000000003
2024-02-14 22:00:00,124.55000000000004
2024-02-14 23:00:00,124.80000000000004
2024-02-15 01:25:00,124.80000000000004
2024-02-15 02:00:00,124.45000000000005
2024-02-15 03:00:00,123.60000000000004
2024-02-15 04:00:00,123.65000000000003
2024-02-15 05:00:00,123.95000000000003
2024-02-15 06:00:00,123.70000000000003
2024-02-15 07:00:00,123.90000000000003
2024-02-15 08:00:00,125.00000000000003
2024-02-15 09:00:00,125.00000000000003
2024-02-15 10:00:00,124.85000000000002
2024-02-15 11:00:00,124.70000000000005
2024-02-15 12:00:00,124.55000000000004
2024-02-15 13:00:00,124.45000000000005
2024-02-15 14:15:00,124.45000000000005
2024-02-15 15:00:00,124.45000000000005
2024-02-15 16:00:00,124.75000000000003
2024-02-15 17:00:00,124.65000000000003
2024-02-15 18:00:00,125.05000000000004
2024-02-15 19:00:00,124.65000000000003
2024-02-15 20:00:00,124.65000000000003
2024-02-15 21:00:00,124.60000000000002
2024-02-15 22:00:00,124.35000000000004
2024-02-15 23:00:00,125.05000000000004
2024-02-16 02:00:00,125.05000000000004
2024-02-16 03:00:00,124.95000000000005
2024-02-16 04:00:00,124.80000000000004
2024-02-16 05:00:00,125.60000000000002
2024-02-16 06:00:00,126.51000000000003
2024-02-16 07:00:00,125.90000000000003
2024-02-16 08:00:00,126.25000000000003
2024-02-16 09:00:00,126.40000000000002
2024-02-16 10:00:00,126.60000000000001
2024-02-16 11:00:00,126.70000000000003
2024-02-16 12:00:00,126.65000000000002
2024-02-16 13:00:00,126.35000000000002
2024-02-16 14:15:00,126.15000000000003
2024-02-16 15:00:00,126.25000000000003
2024-02-16 16:00:00,126.35000000000002
2024-02-16 17:00:00,125.95000000000005
2024-02-16 18:00:00,125.95000000000005
2024-02-16 19:00:00,126.00000000000003
2024-02-16 20:00:00,126.10000000000002
2024-02-16 21:00:00,126.15000000000003
2024-02-16 22:00:00,126.35000000000002
2024-02-16 23:00:00,125.95000000000005
2024-02-19 01:25:00,126.30000000000004
2024-02-19 02:00:00,126.25000000000003
2024-02-19 03:00:00,124.05000000000004
2024-02-19 04:00:00,123.10000000000004
2024-02-19 05:00:00,122.35000000000004
2024-02-19 06:00:00,122.64000000000003
2024-02-19 07:00:00,123.20000000000003
2024-02-19 08:00:00,122.75000000000003
2024-02-19 09:00:00,122.65000000000003
2024-02-19 10:00:00,122.60000000000004
2024-02-19 11:00:00,122.50000000000003
2024-02-19 12:00:00,122.50000000000003
2024-02-19 13:00:00,122.70000000000003
2024-02-19 14:15:00,122.80000000000004
2024-02-19 15:00:00,121.50000000000003
2024-02-19 16:00:00,121.55000000000004
2024-02-19 17:00:00,121.40000000000003
2024-02-19 18:00:00,121.40000000000003
2024-02-19 19:00:00,121.30000000000004
2024-02-19 20:00:00,121.35000000000004
2024-02-19 21:00:00,121.35000000000004
2024-02-19 22:00:00,121.35000000000004
2024-02-19 23:00:00,121.45000000000003
2024-02-20 01:25:00,121.45000000000003
2024-02-20 02:00:00,121.30000000000004
2024-02-20 03:00:00,120.35000000000004
2024-02-20 04:00:00,119.10000000000004
2024-02-20 05:00:00,119.50000000000003
2024-02-20 06:00:00,116.04000000000003
2024-02-20 07:00:00,118.75000000000003
2024-02-20 08:00:00,116.75000000000003
2024-02-20 09:00:00,116.55000000000004
2024-02-20 10:00:00,116.00000000000003
2024-02-20 11:00:00,116.20000000000003
2024-02-20 12:00:00,116.30000000000004
2024-02-20 13:00:00,116.20000000000003
2024-02-20 14:15:00,116.50000000000003
2024-02-20 15:00:00,116.20000000000003
2024-02-20 16:00:00,114.40000000000003
2024-02-20 17:00:00,114.60000000000004
2024-02-20 18:00:00,114.85000000000004
2024-02-20 19:00:00,114.95000000000003
2024-02-20 20:00:00,114.95000000000003
2024-02-20 21:00:00,114.80000000000004
2024-02-20 22:00:00,114.75000000000003
2024-02-20 23:00:00,114.55000000000004
2024-02-21 01:25:00,114.55000000000004
2024-02-21 02:00:00,114.80000000000004
2024-02-21 03:00:00,114.90000000000003
2024-02-21 04:00:00,115.90000000000003
2024-02-21 05:00:00,117.60000000000004
2024-02-21 06:00:00,114.23000000000003
2024-02-21 07:00:00,117.60000000000004
2024-02-21 08:00:00,114.30000000000004
2024-02-21 09:00:00,114.20000000000003
2024-02-21 10:00:00,114.25000000000003
2024-02-21 11:00:00,114.10000000000004
2024-02-21 12:00:00,114.20000000000003
2024-02-21 13:00:00,114.30000000000004
2024-02-21 14:15:00,114.10000000000004
2024-02-21 15:00:00,114.85000000000004
2024-02-21 16:00:00,114.95000000000003
2024-02-21 17:00:00,115.00000000000003
2024-02-21 18:00:00,114.70000000000003
2024-02-21 19:00:00,114.65000000000003
2024-02-21 20:00:00,114.75000000000003
2024-02-21 21:00:00,114.75000000000003
2024-02-21 22:00:00,115.00000000000003
2024-02-21 23:00:00,115.05000000000004
2024-02-22 01:25:00,115.50000000000003
2024-02-22 02:00:00,115.40000000000003
2024-02-22 03:00:00,115.35000000000004
2024-02-22 04:00:00,115.40000000000003
2024-02-22 05:00:00,115.40000000000003
2024-02-22 06:00:00,115.35000000000004
2024-02-22 07:00:00,114.30000000000004
2024-02-22 08:00:00,114.70000000000003
2024-02-22 09:00:00,114.80000000000004
2024-02-22 10:00:00,114.90000000000003
2024-02-22 11:00:00,115.00000000000003
2024-02-22 12:00:00,115.15000000000003
2024-02-22 13:00:00,115.35000000000004
2024-02-22 14:15:00,115.05000000000004
2024-02-22 15:00:00,115.40000000000003
2024-02-22 16:00:00,116.50000000000003
2024-02-22 17:00:00,116.15000000000003
2024-02-22 18:00:00,115.90000000000003
2024-02-22 19:00:00,116.10000000000004
2024-02-22 20:00:00,116.10000000000004
2024-02-22 22:00:00,116.15000000000003
2024-02-22 23:00:00,116.20000000000003
2024-02-23 01:25:00,116.20000000000003
2024-02-23 02:00:00,116.40000000000003
2024-02-23 03:00:00,116.25000000000003
2024-02-23 04:00:00,115.80000000000004
2024-02-23 05:00:00,115.30000000000004
2024-02-23 06:00:00,115.25000000000003
2024-02-23 07:00:00,115.50000000000003
2024-02-23 08:00:00,115.20000000000003
2024-02-23 09:00:00,115.40000000000003
2024-02-23 10:00:00,115.35000000000004
2024-02-23 11:00:00,115.15000000000003
2024-02-23 12:00:00,114.85000000000004
2024-02-23 13:00:00,115.05000000000004
2024-02-23 14:15:00,115.25000000000003
2024-02-23 15:00:00,115.20000000000003
2024-02-23 16:00:00,114.25000000000003
2024-02-23 17:00:00,114.30000000000004
2024-02-23 18:00:00,114.50000000000003
2024-02-23 19:00:00,114.50000000000003
2024-02-23 20:00:00,114.50000000000003
2024-02-23 21:00:00,114.50000000000003
2024-02-23 22:00:00,114.85000000000004
2024-02-23 23:00:00,114.55000000000004
2024-02-26 01:25:00,114.65000000000003
2024-02-26 02:00:00,114.20000000000003
2024-02-26 03:00:00,111.65000000000003
2024-02-26 04:00:00,111.10000000000004
2024-02-26 05:00:00,110.90000000000003
2024-02-26 06:00:00,110.52000000000004
2024-02-26 07:00:00,110.80000000000004
2024-02-26 08:00:00,110.85000000000004
2024-02-26 09:00:00,110.30000000000004
2024-02-26 10:00:00,110.45000000000003
2024-02-26 11:00:00,110.30000000000004
2024-02-26 12:00:00,110.35000000000004
2024-02-26 13:00:00,110.25000000000003
2024-02-26 14:15:00,110.80000000000004
2024-02-26 15:00:00,109.90000000000003
2024-02-26 16:00:00,109.30000000000004
2024-02-26 17:00:00,109.10000000000004
2024-02-26 18:00:00,108.95000000000003
2024-02-26 19:00:00,108.95000000000003
2024-02-26 20:00:00,109.15000000000003
2024-02-26 21:00:00,109.15000000000003
2024-02-26 22:00:00,109.25000000000003
2024-02-26 23:00:00,109.10000000000004
2024-02-27 01:25:00,109.10000000000004
2024-02-27 02:00:00,109.20000000000003
2024-02-27 03:00:00,109.95000000000003
2024-02-27 04:00:00,110.60000000000004
2024-02-27 05:00:00,111.35000000000004
2024-02-27 06:00:00,111.35000000000004
2024-02-27 07:00:00,110.80000000000004
2024-02-27 08:00:00,112.50000000000003
2024-02-27 09:00:00,112.35000000000004
2024-02-27 10:00:00,112.90000000000003
2024-02-27 11:00:00,112.45000000000003
2024-02-27 12:00:00,112.40000000000003
2024-02-27 13:00:00,112.35000000000004
2024-02-27 14:15:00,112.65000000000003
2024-02-27 15:00:00,112.35000000000004
2024-02-27 16:00:00,111.75000000000003
2024-02-27 17:00:00,111.75000000000003
2024-02-27 18:00:00,111.65000000000003
2024-02-27 19:00:00,111.85000000000004
2024-02-27 20:00:00,111.95000000000003
2024-02-27 21:00:00,111.95000000000003
2024-02-27 22:00:00,111.90000000000003
2024-02-27 23:00:00,111.80000000000004
2024-02-28 01:25:00,111.95000000000003
2024-02-28 02:00:00,112.35000000000002
2024-02-28 03:00:00,111.35000000000002
2024-02-28 04:00:00,111.15000000000003
2024-02-28 05:00:00,111.25000000000003
2024-02-28 06:00:00,111.12000000000003
2024-02-28 07:00:00,112.00000000000003
2024-02-28 08:00:00,111.30000000000003
2024-02-28 09:00:00,111.05000000000003
2024-02-28 10:00:00,111.00000000000003
2024-02-28 11:00:00,111.15000000000003
2024-02-28 12:00:00,111.25000000000003
2024-02-28 13:00:00,111.30000000000003
2024-02-28 14:15:00,111.00000000000003
2024-02-28 15:00:00,110.85000000000002
2024-02-28 16:00:00,110.05000000000003
2024-02-28 17:00:00,109.85000000000002
2024-02-28 18:00:00,110.05000000000003
2024-02-28 19:00:00,110.15000000000003
2024-02-28 20:00:00,110.15000000000003
2024-02-28 21:00:00,110.20000000000003
2024-02-28 22:00:00,110.20000000000003
2024-02-28 23:00:00,110.20000000000003
2024-02-29 01:25:00,110.20000000000003
2024-02-29 02:00:00,110.20000000000003
2024-02-29 03:00:00,110.75000000000003
2024-02-29 04:00:00,112.00000000000003
2024-02-29 05:00:00,113.00000000000003
2024-02-29 06:00:00,113.00000000000003
2024-02-29 07:00:00,111.80000000000003
2024-02-29 08:00:00,111.60000000000002
2024-02-29 09:00:00,111.35000000000002
2024-02-29 10:00:00,111.35000000000002
2024-02-29 11:00:00,111.50000000000003
2024-02-29 12:00:00,111.65000000000003
2024-02-29 13:00:00,111.60000000000002
2024-02-29 14:15:00,111.65000000000003
2024-02-29 15:00:00,112.65000000000003
2024-02-29 16:00:00,112.85000000000002
2024-02-29 17:00:00,112.80000000000003
2024-02-29 18:00:00,113.05000000000003
2024-02-29 19:00:00,112.80000000000003
2024-02-29 20:00:00,112.80000000000003
2024-02-29 21:00:00,112.85000000000002
2024-02-29 22:00:00,113.00000000000003
2024-02-29 23:00:00,113.05000000000003
2024-03-01 01:25:00,113.80000000000003
2024-03-01 02:00:00,113.15000000000003
2024-03-01 03:00:00,112.55000000000003
2024-03-01 04:00:00,112.60000000000002
2024-03-01 05:00:00,112.25000000000003
2024-03-01 06:00:00,112.30000000000003
2024-03-01 07:00:00,112.55000000000003
2024-03-01 08:00:00,108.95000000000003
2024-03-01 09:00:00,109.70000000000003
2024-03-01 10:00:00,109.65000000000003
2024-03-01 11:00:00,109.70000000000003
2024-03-01 12:00:00,109.55000000000003
2024-03-01 13:00:00,109.50000000000003
2024-03-01 14:15:00,109.10000000000002
2024-03-01 15:00:00,108.75000000000003
2024-03-01 16:00:00,109.35000000000002
2024-03-01 17:00:00,110.05000000000003
2024-03-01 18:00:00,109.85000000000002
2024-03-01 19:00:00,110.15000000000003
2024-03-01 20:00:00,110.00000000000003
2024-03-01 21:00:00,110.10000000000002
2024-03-01 22:00:00,110.25000000000003
2024-03-01 23:00:00,110.65000000000003
2024-03-04 01:25:00,111.05000000000003
2024-03-04 02:00:00,110.05000000000003
2024-03-04 03:00:00,109.85000000000002
2024-03-04 04:00:00,110.45000000000003
2024-03-04 05:00:00,109.90000000000003
2024-03-04 06:00:00,109.80000000000003
2024-03-04 07:00:00,108.85000000000002
2024-03-04 08:00:00,112.00000000000003
2024-03-04 09:00:00,111.70000000000003
2024-03-04 10:00:00,112.00000000000003
2024-03-04 11:00:00,111.85000000000002
2024-03-04 12:00:00,112.00000000000003
2024-03-04 13:00:00,112.15000000000003
2024-03-04 14:15:00,112.10000000000002
2024-03-04 15:00:00,111.15000000000003
2024-03-04 16:00:00,111.85000000000002
2024-03-04 17:00:00,112.10000000000002
2024-03-04 18:00:00,112.15000000000003
2024-03-04 19:00:00,111.85000000000002
2024-03-04 20:00:00,111.95000000000003
2024-03-04 21:00:00,111.85000000000002
2024-03-04 22:00:00,111.85000000000002
2024-03-04 23:00:00,111.75000000000003
2024-03-05 02:00:00,111.55000000000003
2024-03-05 03:00:00,111.10000000000002
2024-03-05 04:00:00,111.15000000000003
2024-03-05 05:00:00,110.95000000000003
2024-03-05 06:00:00,110.83000000000003
2024-03-05 07:00:00,110.50000000000003
2024-03-05 08:00:00,110.85000000000002
2024-03-05 09:00:00,110.95000000000003
2024-03-05 10:00:00,110.95000000000003
2024-03-05 11:00:00,110.90000000000003
2024-03-05 12:00:00,110.90000000000003
2024-03-05 13:00:00,110.85000000000002
2024-03-05 14:15:00,110.55000000000003
2024-03-05 15:00:00,110.35000000000002
2024-03-05 16:00:00,110.40000000000003
2024-03-05 17:00:00,110.40000000000003
2024-03-05 18:00:00,110.05000000000003
2024-03-05 19:00:00,110.20000000000003
2024-03-05 22:00:00,110.20000000000003
2024-03-05 23:00:00,110.30000000000003
2024-03-06 02:00:00,110.40000000000003
2024-03-06 03:00:00,110.00000000000003
2024-03-06 04:00:00,110.65000000000003
2024-03-06 05:00:00,111.00000000000003
2024-03-06 06:00:00,110.80000000000003
2024-03-06 07:00:00,110.60000000000002
2024-03-06 08:00:00,111.40000000000003
2024-03-06 09:00:00,111.50000000000003
2024-03-06 10:00:00,111.50000000000003
2024-03-06 11:00:00,111.45000000000003
2024-03-06 12:00:00,111.45000000000003
2024-03-06 13:00:00,111.55000000000003
2024-03-06 14:15:00,111.45000000000003
2024-03-06 15:00:00,111.95000000000003
2024-03-06 16:00:00,112.15000000000003
2024-03-06 17:00:00,112.10000000000002
2024-03-06 18:00:00,112.10000000000002
2024-03-06 19:00:00,112.10000000000002
2024-03-06 20:00:00,112.00000000000003
2024-03-06 21:00:00,112.05000000000003
2024-03-06 22:00:00,112.05000000000003
2024-03-06 23:00:00,112.10000000000002
2024-03-07 03:00:00,112.70000000000003
2024-03-07 04:00:00,113.00000000000003
2024-03-07 05:00:00,112.55000000000003
2024-03-07 06:00:00,112.45000000000003
2024-03-07 07:00:00,112.70000000000003
2024-03-07 08:00:00,113.00000000000003
2024-03-07 09:00:00,112.90000000000003
2024-03-07 10:00:00,113.10000000000002
2024-03-07 11:00:00,113.10000000000002
2024-03-07 12:00:00,113.20000000000003
2024-03-07 13:00:00,113.05000000000003
2024-03-07 14:15:00,113.05000000000003
2024-03-07 15:00:00,112.85000000000002
2024-03-07 16:00:00,112.45000000000003
2024-03-07 17:00:00,112.35000000000002
2024-03-07 18:00:00,112.50000000000003
2024-03-07 19:00:00,112.45000000000003
2024-03-07 20:00:00,112.45000000000003
2024-03-07 21:00:00,112.20000000000003
2024-03-07 22:00:00,112.20000000000003
2024-03-07 23:00:00,112.15000000000003
2024-03-08 02:00:00,112.35000000000002
2024-03-08 03:00:00,110.85000000000002
2024-03-08 04:00:00,110.75000000000003
2024-03-08 05:00:00,110.70000000000003
2024-03-08 06:00:00,111.68000000000004
2024-03-08 07:00:00,110.70000000000003
2024-03-08 08:00:00,111.40000000000003
2024-03-08 09:00:00,111.45000000000003
2024-03-08 10:00:00,111.40000000000003
2024-03-08 11:00:00,111.55000000000003
2024-03-08 12:00:00,111.40000000000003
2024-03-08 13:00:00,111.40000000000003
2024-03-08 14:15:00,111.25000000000003
2024-03-08 15:00:00,110.70000000000003
2024-03-08 16:00:00,109.35000000000002
2024-03-08 17:00:00,109.45000000000003
2024-03-08 18:00:00,109.40000000000003
2024-03-08 19:00:00,109.40000000000003
2024-03-08 20:00:00,109.40000000000003
2024-03-08 22:00:00,110.00000000000003
2024-03-08 23:00:00,110.75000000000003
2024-03-11 01:25:00,109.35000000000002
2024-03-11 02:00:00,108.90000000000003
2024-03-11 03:00:00,107.60000000000002
2024-03-11 04:00:00,107.05000000000003
2024-03-11 05:00:00,106.80000000000003
2024-03-11 06:00:00,106.65000000000003
2024-03-11 07:00:00,105.10000000000002
2024-03-11 08:00:00,104.20000000000003
2024-03-11 09:00:00,104.25000000000003
2024-03-11 10:00:00,103.65000000000003
2024-03-11 11:00:00,103.60000000000002
2024-03-11 12:00:00,103.75000000000003
2024-03-11 13:00:00,103.95000000000003
2024-03-11 14:15:00,104.00000000000003
2024-03-11 15:00:00,104.55000000000003
2024-03-11 16:00:00,104.30000000000003
2024-03-11 17:00:00,104.35000000000002
2024-03-11 18:00:00,104.25000000000003
2024-03-11 19:00:00,104.35000000000002
2024-03-11 20:00:00,104.35000000000002
2024-03-11 21:00:00,104.35000000000002
2024-03-11 22:00:00,104.35000000000002
2024-03-11 23:00:00,104.35000000000002
2024-03-12 01:25:00,103.95000000000003
2024-03-12 02:00:00,104.10000000000002
2024-03-12 03:00:00,104.60000000000002
2024-03-12 04:00:00,104.75000000000003
2024-03-12 05:00:00,104.40000000000003
2024-03-12 06:00:00,104.20000000000003
2024-03-12 07:00:00,105.20000000000003
2024-03-12 08:00:00,105.50000000000003
2024-03-12 09:00:00,105.65000000000003
2024-03-12 10:00:00,105.65000000000003
2024-03-12 11:00:00,106.20000000000003
2024-03-12 12:00:00,106.15000000000003
2024-03-12 13:00:00,105.85000000000002
2024-03-12 14:15:00,106.00000000000003
2024-03-12 15:00:00,104.95000000000003
2024-03-12 16:00:00,104.30000000000003
2024-03-12 17:00:00,103.90000000000003
2024-03-12 18:00:00,103.90000000000003
2024-03-12 19:00:00,103.95000000000003
2024-03-12 20:00:00,104.05000000000003
2024-03-12 21:00:00,104.05000000000003
2024-03-12 22:00:00,103.95000000000003
2024-03-12 23:00:00,104.15000000000003
2024-03-13 01:25:00,104.15000000000003
2024-03-13 02:00:00,104.05000000000003
2024-03-13 03:00:00,103.15000000000003
2024-03-13 04:00:00,102.50000000000003
2024-03-13 05:00:00,102.50000000000003
2024-03-13 06:00:00,101.65000000000003
2024-03-13 07:00:00,102.35000000000002
2024-03-13 08:00:00,101.65000000000003
2024-03-13 09:00:00,102.60000000000002
2024-03-13 10:00:00,102.40000000000003
2024-03-13 11:00:00,102.10000000000002
2024-03-13 12:00:00,102.25000000000003
2024-03-13 13:00:00,102.65000000000003
2024-03-13 14:15:00,102.40000000000003
2024-03-13 15:00:00,101.35000000000002
2024-03-13 16:00:00,102.75000000000003
2024-03-13 17:00:00,102.70000000000003
2024-03-13 18:00:00,102.75000000000003
2024-03-13 19:00:00,103.05000000000003
2024-03-13 20:00:00,103.00000000000003
2024-03-13 21:00:00,103.00000000000003
2024-03-13 22:00:00,103.05000000000003
2024-03-13 23:00:00,102.80000000000003
2024-03-14 01:25:00,103.65000000000003
2024-03-14 02:00:00,103.30000000000003
2024-03-14 03:00:00,103.10000000000002
2024-03-14 04:00:00,102.20000000000003
2024-03-14 05:00:00,101.40000000000003
2024-03-14 06:00:00,101.50000000000003
2024-03-14 07:00:00,100.50000000000003
2024-03-14 08:00:00,99.75000000000003
2024-03-14 09:00:00,99.65000000000003
2024-03-14 10:00:00,99.50000000000003
2024-03-14 11:00:00,99.90000000000003
2024-03-14 12:00:00,99.85000000000002
2024-03-14 13:00:00,99.60000000000002
2024-03-14 14:15:00,99.15000000000003
2024-03-14 15:00:00,98.50000000000003
2024-03-14 16:00:00,98.40000000000003
2024-03-14 17:00:00,98.55000000000003
2024-03-14 18:00:00,98.75000000000003
2024-03-14 19:00:00,98.85000000000002
2024-03-14 20:00:00,98.60000000000002
2024-03-14 21:00:00,98.60000000000002
2024-03-14 22:00:00,98.80000000000003
2024-03-14 23:00:00,98.95000000000003
2024-03-15 02:00:00,98.65000000000003
2024-03-15 03:00:00,99.95000000000003
2024-03-15 04:00:00,98.75000000000003
2024-03-15 05:00:00,96.81000000000003
2024-03-15 06:00:00,99.00000000000003
2024-03-15 07:00:00,97.85000000000002
2024-03-15 08:00:00,95.95000000000003
2024-03-15 09:00:00,95.80000000000003
2024-03-15 10:00:00,96.45000000000003
2024-03-15 11:00:00,96.65000000000003
2024-03-15 12:00:00,96.25000000000003
2024-03-15 13:00:00,96.55000000000003
2024-03-15 14:15:00,96.00000000000003
2024-03-15 15:00:00,94.85000000000002
2024-03-15 16:00:00,96.40000000000003
2024-03-15 17:00:00,96.65000000000003
2024-03-15 18:00:00,96.70000000000003
2024-03-15 19:00:00,97.05000000000003
2024-03-15 21:00:00,96.55000000000003
2024-03-15 22:00:00,97.20000000000003
2024-03-15 23:00:00,96.50000000000003
2024-03-18 01:25:00,96.50000000000003
2024-03-18 02:00:00,96.40000000000003
2024-03-18 03:00:00,98.40000000000003
2024-03-18 04:00:00,98.15000000000003
2024-03-18 05:00:00,100.76000000000003
2024-03-18 06:00:00,98.00000000000003
2024-03-18 07:00:00,99.45000000000003
2024-03-18 08:00:00,100.05000000000003
2024-03-18 09:00:00,100.55000000000003
2024-03-18 10:00:00,100.30000000000003
2024-03-18 11:00:00,100.70000000000003
2024-03-18 12:00:00,100.85000000000002
2024-03-18 13:00:00,100.75000000000003
2024-03-18 14:15:00,100.90000000000003
2024-03-18 15:00:00,100.10000000000002
2024-03-18 16:00:00,100.40000000000003
2024-03-18 17:00:00,100.20000000000003
2024-03-18 18:00:00,100.05000000000003
2024-03-18 19:00:00,100.05000000000003
2024-03-18 21:00:00,100.05000000000003
2024-03-18 22:00:00,100.10000000000002
2024-03-18 23:00:00,100.20000000000003
2024-03-19 01:25:00,99.95000000000003
2024-03-19 02:00:00,100.50000000000003
2024-03-19 03:00:00,100.80000000000003
2024-03-19 04:00:00,102.45000000000003
2024-03-19 05:00:00,102.50000000000003
2024-03-19 06:00:00,102.65000000000003
2024-03-19 07:00:00,102.55000000000003
2024-03-19 08:00:00,103.50000000000003
2024-03-19 09:00:00,103.45000000000003
2024-03-19 10:00:00,103.75000000000003
2024-03-19 11:00:00,103.50000000000003
2024-03-19 12:00:00,103.60000000000002
2024-03-19 13:00:00,103.80000000000003
2024-03-19 14:15:00,103.35000000000002
2024-03-19 15:00:00,102.65000000000003
2024-03-19 16:00:00,102.70000000000003
2024-03-19 17:00:00,102.95000000000003
2024-03-19 18:00:00,103.00000000000003
2024-03-19 19:00:00,103.00000000000003
2024-03-19 20:00:00,102.90000000000003
2024-03-19 22:00:00,102.85000000000002
2024-03-19 23:00:00,103.00000000000003
2024-03-20 01:25:00,102.50000000000003
2024-03-20 02:00:00,103.25000000000003
2024-03-20 03:00:00,104.05000000000003
2024-03-20 04:00:00,102.75000000000003
2024-03-20 05:00:00,101.80000000000003
2024-03-20 06:00:00,101.90000000000003
2024-03-20 07:00:00,101.85000000000002
2024-03-20 08:00:00,102.25000000000003
2024-03-20 09:00:00,102.65000000000003
2024-03-20 10:00:00,102.40000000000003
2024-03-20 11:00:00,102.55000000000003
2024-03-20 12:00:00,102.50000000000003
2024-03-20 13:00:00,102.30000000000003
2024-03-20 14:15:00,102.60000000000002
2024-03-20 15:00:00,101.75000000000003
2024-03-20 16:00:00,102.80000000000003
2024-03-20 17:00:00,102.90000000000003
2024-03-20 18:00:00,102.80000000000003
2024-03-20 19:00:00,102.95000000000003
2024-03-20 20:00:00,102.85000000000002
2024-03-20 21:00:00,102.90000000000003
2024-03-20 22:00:00,103.00000000000003
2024-03-20 23:00:00,103.15000000000003
2024-03-21 01:25:00,103.15000000000003
2024-03-21 02:00:00,103.30000000000003
2024-03-21 03:00:00,103.35000000000002
2024-03-21 04:00:00,103.75000000000003
2024-03-21 05:00:00,106.47000000000003
2024-03-21 06:00:00,106.00000000000003
2024-03-21 07:00:00,105.30000000000003
2024-03-21 08:00:00,106.60000000000002
2024-03-21 09:00:00,106.25000000000003
2024-03-21 10:00:00,106.45000000000003
2024-03-21 11:00:00,106.35000000000002
2024-03-21 12:00:00,105.75000000000003
2024-03-21 13:00:00,105.75000000000003
2024-03-21 14:15:00,105.75000000000003
2024-03-21 15:00:00,106.10000000000002
2024-03-21 16:00:00,105.65000000000003
2024-03-21 17:00:00,105.40000000000003
2024-03-21 18:00:00,105.30000000000003
2024-03-21 19:00:00,105.30000000000003
2024-03-21 20:00:00,105.20000000000003
2024-03-21 21:00:00,105.25000000000003
2024-03-21 22:00:00,105.15000000000003
2024-03-21 23:00:00,105.35000000000002
2024-03-22 01:25:00,105.45000000000003
2024-03-22 02:00:00,105.55000000000003
2024-03-22 03:00:00,103.85000000000002
2024-03-22 04:00:00,103.85000000000002
2024-03-22 05:00:00,103.00000000000003
2024-03-22 06:00:00,103.05000000000003
2024-03-22 07:00:00,103.55000000000003
2024-03-22 08:00:00,105.20000000000003
2024-03-22 09:00:00,105.30000000000003
2024-03-22 10:00:00,105.15000000000003
2024-03-22 11:00:00,104.70000000000003
2024-03-22 12:00:00,104.75000000000003
2024-03-22 13:00:00,105.00000000000003
2024-03-22 14:15:00,105.25000000000003
2024-03-22 15:00:00,105.60000000000002
2024-03-22 16:00:00,105.60000000000002
2024-03-22 17:00:00,105.30000000000003
2024-03-22 18:00:00,105.25000000000003
2024-03-22 19:00:00,105.15000000000003
2024-03-22 20:00:00,105.15000000000003
2024-03-22 21:00:00,105.35000000000002
2024-03-22 22:00:00,105.15000000000003
2024-03-22 23:00:00,105.35000000000002
2024-03-25 01:25:00,105.35000000000002
2024-03-25 02:00:00,105.30000000000003
2024-03-25 03:00:00,104.60000000000002
2024-03-25 04:00:00,104.85000000000002
2024-03-25 05:00:00,105.32000000000002
2024-03-25 06:00:00,105.15000000000003
2024-03-25 07:00:00,105.05000000000003
2024-03-25 08:00:00,104.85000000000002
2024-03-25 09:00:00,104.80000000000003
2024-03-25 10:00:00,105.30000000000003
2024-03-25 11:00:00,105.20000000000003
2024-03-25 12:00:00,105.30000000000003
2024-03-25 13:00:00,105.15000000000003
2024-03-25 14:15:00,105.15000000000003
2024-03-25 15:00:00,105.15000000000003
2024-03-25 16:00:00,105.35000000000002
2024-03-25 17:00:00,105.25000000000003
2024-03-25 18:00:00,105.20000000000003
2024-03-25 19:00:00,105.25000000000003
2024-03-25 20:00:00,105.25000000000003
2024-03-25 21:00:00,105.15000000000003
2024-03-25 22:00:00,105.15000000000003
2024-03-25 23:00:00,105.90000000000003
2024-03-26 01:25:00,105.20000000000003
2024-03-26 02:00:00,105.20000000000003
2024-03-26 03:00:00,104.90000000000003
2024-03-26 04:00:00,103.20000000000003
2024-03-26 05:00:00,102.50000000000003
2024-03-26 06:00:00,102.50000000000003
2024-03-26 07:00:00,102.30000000000003
2024-03-26 08:00:00,100.75000000000003
2024-03-26 09:00:00,100.85000000000002
2024-03-26 10:00:00,100.60000000000002
2024-03-26 11:00:00,101.00000000000003
2024-03-26 12:00:00,100.85000000000002
2024-03-26 13:00:00,101.05000000000003
2024-03-26 14:15:00,101.45000000000003
2024-03-26 15:00:00,99.85000000000002
2024-03-26 16:00:00,100.75000000000003
2024-03-26 17:00:00,101.00000000000003
2024-03-26 18:00:00,101.05000000000003
2024-03-26 19:00:00,101.00000000000003
2024-03-26 20:00:00,101.00000000000003
2024-03-26 21:00:00,101.10000000000002
2024-03-26 22:00:00,101.00000000000003
2024-03-26 23:00:00,101.10000000000002
2024-03-27 01:25:00,100.80000000000003
2024-03-27 02:00:00,101.00000000000003
2024-03-27 03:00:00,101.60000000000002
2024-03-27 04:00:00,100.75000000000003
2024-03-27 05:00:00,99.70000000000003
2024-03-27 06:00:00,99.40000000000003
2024-03-27 07:00:00,98.60000000000002
2024-03-27 08:00:00,99.10000000000002
2024-03-27 09:00:00,98.50000000000003
2024-03-27 10:00:00,98.10000000000002
2024-03-27 11:00:00,98.25000000000003
2024-03-27 12:00:00,98.05000000000003
2024-03-27 13:00:00,98.00000000000003
2024-03-27 14:15:00,97.65000000000003
2024-03-27 15:00:00,99.40000000000003
2024-03-27 16:00:00,99.05000000000003
2024-03-27 17:00:00,98.75000000000003
2024-03-27 18:00:00,98.60000000000002
2024-03-27 19:00:00,98.60000000000002
2024-03-27 20:00:00,98.75000000000003
2024-03-27 21:00:00,98.70000000000003
2024-03-27 22:00:00,98.80000000000003
2024-03-27 23:00:00,98.65000000000003
2024-03-28 01:25:00,98.80000000000003
2024-03-28 02:00:00,99.45000000000002
2024-03-28 03:00:00,97.80000000000003
2024-03-28 04:00:00,98.20000000000002
2024-03-28 05:00:00,98.79000000000002
2024-03-28 06:00:00,99.65000000000002
2024-03-28 07:00:00,98.10000000000002
2024-03-28 08:00:00,98.70000000000002
2024-03-28 09:00:00,98.65000000000002
2024-03-28 10:00:00,98.75000000000001
2024-03-28 11:00:00,98.95000000000002
2024-03-28 12:00:00,98.95000000000002
2024-03-28 13:00:00,98.80000000000003
2024-03-28 14:15:00,98.40000000000002
2024-03-28 15:00:00,97.85000000000002
2024-03-28 16:00:00,97.85000000000002
2024-03-28 17:00:00,97.55000000000003
2024-03-28 18:00:00,97.65000000000002
2024-03-28 19:00:00,97.20000000000002
2024-03-28 20:00:00,97.20000000000002
2024-03-28 21:00:00,97.05000000000003
2024-03-28 22:00:00,97.05000000000003
2024-03-28 23:00:00,96.90000000000002
2024-04-01 02:25:00,96.10000000000002
2024-04-01 03:00:00,95.85000000000002
2024-04-01 04:00:00,93.60000000000002
2024-04-01 05:00:00,94.50000000000001
2024-04-01 06:00:00,94.70000000000002
2024-04-01 07:00:00,94.70000000000002
2024-04-01 08:00:00,95.90000000000002
2024-04-01 09:00:00,98.80000000000003
2024-04-01 10:00:00,98.85000000000002
2024-04-01 11:00:00,98.75000000000001
2024-04-01 12:00:00,99.55000000000003
2024-04-01 13:00:00,99.60000000000002
2024-04-01 14:00:00,99.35000000000002
2024-04-01 15:15:00,99.50000000000001
2024-04-01 16:00:00,99.90000000000002
2024-04-01 17:00:00,100.50000000000001
2024-04-01 18:00:00,100.55000000000003
2024-04-01 19:00:00,100.55000000000003
2024-04-01 20:00:00,100.55000000000003
2024-04-01 21:00:00,100.55000000000003
2024-04-01 22:00:00,100.55000000000003
2024-04-01 23:00:00,99.90000000000002
2024-04-02 03:00:00,100.50000000000001
2024-04-02 04:00:00,99.75000000000001
2024-04-02 05:00:00,99.05000000000003
2024-04-02 06:00:00,98.85000000000002
2024-04-02 07:00:00,98.75000000000001
2024-04-02 08:00:00,99.30000000000003
2024-04-02 09:00:00,99.45000000000002
2024-04-02 10:00:00,100.20000000000002
2024-04-02 11:00:00,99.80000000000003
2024-04-02 12:00:00,99.45000000000002
2024-04-02 13:00:00,99.45000000000002
2024-04-02 14:00:00,99.40000000000002
2024-04-02 15:15:00,99.45000000000002
2024-04-02 16:00:00,100.95000000000002
2024-04-02 17:00:00,100.90000000000002
2024-04-02 18:00:00,100.65000000000002
2024-04-02 19:00:00,100.80000000000003
2024-04-02 20:00:00,100.65000000000002
2024-04-02 21:00:00,100.70000000000002
2024-04-02 22:00:00,100.70000000000002
2024-04-02 23:00:00,100.85000000000002
2024-04-03 03:00:00,101.05000000000003
2024-04-03 04:00:00,100.50000000000001
2024-04-03 05:00:00,97.53000000000002
2024-04-03 06:00:00,99.50000000000001
2024-04-03 07:00:00,99.00000000000001
2024-04-03 08:00:00,99.30000000000003
2024-04-03 09:00:00,97.80000000000003
2024-04-03 10:00:00,97.55000000000003
2024-04-03 11:00:00,97.65000000000002
2024-04-03 12:00:00,97.30000000000003
2024-04-03 13:00:00,96.95000000000002
2024-04-03 14:00:00,96.70000000000002
2024-04-03 15:15:00,96.40000000000002
2024-04-03 16:00:00,95.80000000000003
2024-04-03 17:00:00,95.85000000000002
2024-04-03 18:00:00,95.95000000000002
2024-04-03 19:00:00,96.00000000000001
2024-04-03 20:00:00,96.30000000000003
2024-04-03 21:00:00,96.25000000000001
2024-04-03 22:00:00,96.25000000000001
2024-04-03 23:00:00,100.85000000000002
2024-04-04 02:25:00,96.05000000000003
2024-04-04 03:00:00,96.20000000000002
2024-04-04 04:00:00,94.95000000000002
2024-04-04 05:00:00,95.92000000000002
2024-04-04 06:00:00,95.65000000000002
2024-04-04 07:00:00,96.05000000000003
2024-04-04 08:00:00,96.10000000000002
2024-04-04 09:00:00,96.30000000000003
2024-04-04 10:00:00,95.85000000000002
2024-04-04 11:00:00,95.90000000000002
2024-04-04 12:00:00,95.90000000000002
2024-04-04 13:00:00,95.90000000000002
2024-04-04 14:00:00,95.95000000000002
2024-04-04 15:15:00,96.00000000000001
2024-04-04 16:00:00,95.80000000000003
2024-04-04 17:00:00,95.60000000000002
2024-04-04 18:00:00,95.75000000000001
2024-04-04 19:00:00,95.75000000000001
2024-04-04 20:00:00,95.65000000000002
2024-04-04 21:00:00,95.75000000000001
2024-04-04 22:00:00,95.60000000000002
2024-04-04 23:00:00,95.55000000000003
2024-04-05 02:25:00,95.55000000000003
2024-04-05 03:00:00,95.65000000000002
2024-04-05 04:00:00,95.50000000000001
2024-04-05 05:00:00,95.25000000000001
2024-04-05 06:00:00,95.00000000000001
2024-04-05 07:00:00,95.15000000000002
2024-04-05 08:00:00,95.10000000000002
2024-04-05 09:00:00,95.60000000000002
2024-04-05 10:00:00,95.85000000000002
2024-04-05 11:00:00,95.80000000000003
2024-04-05 12:00:00,96.70000000000002
2024-04-05 13:00:00,96.30000000000003
2024-04-05 14:00:00,95.00000000000001
2024-04-05 15:15:00,95.40000000000002
2024-04-05 16:00:00,95.70000000000002
2024-04-05 17:00:00,95.55000000000003
2024-04-05 18:00:00,95.60000000000002
2024-04-05 19:00:00,95.90000000000002
2024-04-05 20:00:00,95.85000000000002
2024-04-05 21:00:00,95.85000000000002
2024-04-05 22:00:00,95.85000000000002
2024-04-05 23:00:00,96.00000000000001
2024-04-06 23:00:00,95.05000000000003
2024-04-08 02:25:00,94.80000000000003
2024-04-08 03:00:00,96.55000000000003
2024-04-08 04:00:00,99.50000000000001
2024-04-08 05:00:00,102.31000000000002
2024-04-08 06:00:00,100.85000000000002
2024-04-08 07:00:00,100.90000000000002
2024-04-08 08:00:00,100.85000000000002
2024-04-08 09:00:00,102.55000000000003
2024-04-08 10:00:00,102.30000000000003
2024-04-08 11:00:00,102.80000000000003
2024-04-08 12:00:00,102.25000000000001
2024-04-08 13:00:00,102.05000000000003
2024-04-08 14:00:00,102.20000000000002
2024-04-08 15:15:00,102.45000000000002
2024-04-08 16:00:00,103.05000000000003
2024-04-08 17:00:00,102.80000000000003
2024-04-08 18:00:00,102.75000000000001
2024-04-08 19:00:00,102.85000000000002
2024-04-08 20:00:00,102.90000000000002
2024-04-08 21:00:00,103.10000000000002
2024-04-08 22:00:00,103.20000000000002
2024-04-08 23:00:00,103.15000000000002
2024-04-09 02:25:00,103.15000000000002
2024-04-09 03:00:00,103.05000000000003
2024-04-09 04:00:00,102.60000000000002
2024-04-09 05:00:00,103.60000000000002
2024-04-09 06:00:00,104.95000000000002
2024-04-09 07:00:00,105.00000000000001
2024-04-09 08:00:00,105.50000000000001
2024-04-09 09:00:00,106.05000000000003
2024-04-09 10:00:00,106.05000000000003
2024-04-09 11:00:00,105.55000000000003
2024-04-09 12:00:00,105.60000000000002
2024-04-09 13:00:00,105.50000000000001
2024-04-09 14:00:00,105.75000000000001
2024-04-09 15:15:00,106.00000000000001
2024-04-09 16:00:00,105.35000000000002
2024-04-09 17:00:00,105.40000000000002
2024-04-09 18:00:00,105.55000000000003
2024-04-09 19:00:00,105.85000000000002
2024-04-09 20:00:00,105.95000000000002
2024-04-09 21:00:00,105.95000000000002
2024-04-09 22:00:00,106.00000000000001
2024-04-09 23:00:00,106.00000000000001
2024-04-10 03:00:00,105.75000000000001
2024-04-10 04:00:00,105.90000000000002
2024-04-10 05:00:00,104.70000000000002
2024-04-10 06:00:00,104.80000000000003
2024-04-10 07:00:00,104.80000000000003
2024-04-10 08:00:00,104.10000000000002
2024-04-10 09:00:00,104.80000000000003
2024-04-10 10:00:00,104.60000000000002
2024-04-10 11:00:00,104.65000000000002
2024-04-10 12:00:00,104.65000000000002
2024-04-10 13:00:00,104.75000000000001
2024-04-10 14:00:00,104.90000000000002
2024-04-10 15:15:00,104.00000000000001
2024-04-10 16:00:00,104.30000000000003
2024-04-10 17:00:00,104.45000000000002
2024-04-10 18:00:00,104.50000000000001
2024-04-10 19:00:00,104.50000000000001
2024-04-10 20:00:00,104.40000000000002
2024-04-10 21:00:00,104.40000000000002
2024-04-10 22:00:00,104.40000000000002
2024-04-10 23:00:00,104.45000000000002
2024-04-11 02:25:00,104.25000000000001
2024-04-11 03:00:00,104.40000000000002
2024-04-11 04:00:00,104.05000000000003
2024-04-11 05:00:00,106.20000000000002
2024-04-11 06:00:00,105.35000000000002
2024-04-11 07:00:00,105.45000000000002
2024-04-11 08:00:00,106.00000000000001
2024-04-11 09:00:00,105.85000000000002
2024-04-11 10:00:00,106.05000000000003
2024-04-11 11:00:00,106.25000000000001
2024-04-11 12:00:00,106.15000000000002
2024-04-11 13:00:00,106.30000000000003
2024-04-11 14:00:00,106.30000000000003
2024-04-11 15:15:00,106.55000000000003
2024-04-11 16:00:00,106.20000000000002
2024-04-11 17:00:00,105.50000000000001
2024-04-11 18:00:00,105.70000000000002
2024-04-11 19:00:00,105.70000000000002
2024-04-11 20:00:00,105.65000000000002
2024-04-11 21:00:00,105.80000000000003
2024-04-11 22:00:00,105.80000000000003
2024-04-11 23:00:00,105.65000000000002
2024-04-12 02:25:00,105.90000000000002
2024-04-12 03:00:00,105.70000000000002
2024-04-12 04:00:00,106.20000000000002
2024-04-12 05:00:00,108.78000000000002
2024-04-12 06:00:00,106.90000000000002
2024-04-12 07:00:00,106.80000000000003
2024-04-12 08:00:00,107.45000000000002
2024-04-12 09:00:00,108.80000000000003
2024-04-12 10:00:00,109.30000000000003
2024-04-12 11:00:00,109.05000000000003
2024-04-12 12:00:00,108.80000000000003
2024-04-12 13:00:00,108.60000000000002
2024-04-12 14:00:00,108.65000000000002
2024-04-12 15:15:00,108.75000000000001
2024-04-12 16:00:00,107.90000000000002
2024-04-12 17:00:00,108.10000000000002
2024-04-12 18:00:00,108.10000000000002
2024-04-12 19:00:00,108.35000000000002
2024-04-12 20:00:00,107.95000000000002
2024-04-12 21:00:00,107.60000000000002
2024-04-12 22:00:00,107.60000000000002
2024-04-12 23:00:00,107.95000000000002
2024-04-13 23:00:00,108.15000000000002
2024-04-15 02:25:00,108.45000000000002
2024-04-15 03:00:00,109.25000000000001
2024-04-15 04:00:00,108.45000000000002
2024-04-15 05:00:00,109.86000000000001
2024-04-15 06:00:00,109.15000000000002
2024-04-15 07:00:00,109.20000000000002
2024-04-15 08:00:00,110.05000000000003
2024-04-15 09:00:00,110.10000000000002
2024-04-15 10:00:00,109.75000000000001
2024-04-15 11:00:00,109.90000000000002
2024-04-15 12:00:00,109.95000000000002
2024-04-15 13:00:00,109.95000000000002
2024-04-15 14:00:00,110.15000000000002
2024-04-15 15:15:00,110.35000000000002
2024-04-15 16:00:00,108.85000000000002
2024-04-15 17:00:00,109.60000000000002
2024-04-15 18:00:00,109.30000000000003
2024-04-15 19:00:00,109.30000000000003
2024-04-15 20:00:00,109.35000000000002
2024-04-15 21:00:00,109.45000000000002
2024-04-15 22:00:00,109.50000000000001
2024-04-15 23:00:00,109.25000000000001
2024-04-16 02:25:00,109.70000000000002
2024-04-16 03:00:00,109.85000000000002
2024-04-16 04:00:00,108.05000000000003
2024-04-16 05:00:00,107.06000000000002
2024-04-16 06:00:00,108.40000000000002
2024-04-16 07:00:00,108.40000000000002
2024-04-16 08:00:00,108.85000000000002
2024-04-16 09:00:00,106.85000000000002
2024-04-16 10:00:00,107.10000000000002
2024-04-16 11:00:00,107.25000000000001
2024-04-16 12:00:00,107.15000000000002
2024-04-16 13:00:00,107.25000000000001
2024-04-16 14:00:00,107.35000000000002
2024-04-16 15:15:00,107.15000000000002
2024-04-16 16:00:00,108.20000000000002
2024-04-16 17:00:00,108.95000000000002
2024-04-16 18:00:00,108.85000000000002
2024-04-16 19:00:00,108.85000000000002
2024-04-16 20:00:00,108.90000000000002
2024-04-16 21:00:00,108.65000000000002
2024-04-16 22:00:00,108.50000000000001
2024-04-16 23:00:00,109.45000000000002
2024-04-17 02:25:00,109.45000000000002
2024-04-17 03:00:00,108.70000000000002
2024-04-17 04:00:00,109.00000000000001
2024-04-17 05:00:00,109.15000000000002
2024-04-17 06:00:00,109.50000000000001
2024-04-17 07:00:00,109.80000000000003
2024-04-17 08:00:00,112.25000000000001
2024-04-17 09:00:00,113.00000000000001
2024-04-17 10:00:00,113.20000000000002
2024-04-17 11:00:00,113.00000000000001
2024-04-17 12:00:00,112.80000000000003
2024-04-17 13:00:00,113.00000000000001
2024-04-17 14:00:00,113.25000000000001
2024-04-17 15:15:00,113.30000000000003
2024-04-17 16:00:00,114.55000000000003
2024-04-17 17:00:00,113.95000000000002
2024-04-17 18:00:00,113.75000000000001
2024-04-17 19:00:00,113.50000000000001
2024-04-17 20:00:00,113.50000000000001
2024-04-17 21:00:00,113.85000000000002
2024-04-17 22:00:00,113.95000000000002
2024-04-17 23:00:00,113.85000000000002
2024-04-18 02:25:00,114.30000000000003
2024-04-18 03:00:00,113.90000000000002
2024-04-18 04:00:00,112.80000000000003
2024-04-18 05:00:00,114.65000000000002
2024-04-18 06:00:00,114.15000000000002
2024-04-18 07:00:00,114.20000000000002
2024-04-18 08:00:00,113.60000000000002
2024-04-18 09:00:00,113.95000000000002
2024-04-18 10:00:00,114.35000000000002
2024-04-18 11:00:00,114.50000000000001
2024-04-18 12:00:00,114.30000000000003
2024-04-18 13:00:00,114.35000000000002
2024-04-18 14:00:00,114.25000000000001
2024-04-18 15:15:00,113.70000000000002
2024-04-18 16:00:00,112.55000000000003
2024-04-18 17:00:00,112.40000000000002
2024-04-18 18:00:00,112.40000000000002
2024-04-18 19:00:00,112.35000000000002
2024-04-18 20:00:00,112.15000000000002
2024-04-18 21:00:00,112.15000000000002
2024-04-18 22:00:00,112.15000000000002
2024-04-18 23:00:00,113.80000000000003
2024-04-19 02:25:00,112.10000000000002
2024-04-19 03:00:00,112.10000000000002
2024-04-19 04:00:00,113.65000000000002
2024-04-19 05:00:00,113.97000000000001
2024-04-19 06:00:00,112.75000000000001
2024-04-19 07:00:00,112.80000000000003
2024-04-19 08:00:00,113.10000000000002
2024-04-19 09:00:00,114.00000000000001
2024-04-19 10:00:00,114.50000000000001
2024-04-19 11:00:00,114.05000000000003
2024-04-19 12:00:00,114.10000000000002
2024-04-19 13:00:00,113.70000000000002
2024-04-19 14:00:00,113.80000000000003
2024-04-19 15:15:00,114.00000000000001
2024-04-19 16:00:00,113.00000000000001
2024-04-19 17:00:00,113.70000000000002
2024-04-19 18:00:00,113.75000000000001
2024-04-19 19:00:00,113.70000000000002
2024-04-19 20:00:00,113.65000000000002
2024-04-19 23:00:00,113.45000000000002
2024-04-20 23:00:00,113.45000000000002
2024-04-22 02:25:00,112.60000000000002
2024-04-22 03:00:00,112.90000000000002
2024-04-22 04:00:00,113.95000000000002
2024-04-22 05:00:00,113.80000000000003
2024-04-22 06:00:00,113.30000000000003
2024-04-22 07:00:00,113.30000000000003
2024-04-22 08:00:00,113.85000000000002
2024-04-22 09:00:00,113.75000000000001
2024-04-22 10:00:00,113.45000000000002
2024-04-22 11:00:00,113.90000000000002
2024-04-22 12:00:00,113.80000000000003
2024-04-22 13:00:00,113.90000000000002
2024-04-22 14:00:00,113.80000000000003
2024-04-22 15:15:00,113.85000000000002
2024-04-22 16:00:00,113.90000000000002
2024-04-22 17:00:00,113.65000000000002
2024-04-22 18:00:00,113.40000000000002
2024-04-22 19:00:00,113.40000000000002
2024-04-22 20:00:00,113.15000000000002
2024-04-22 21:00:00,113.15000000000002
2024-04-22 22:00:00,113.15000000000002
2024-04-22 23:00:00,112.90000000000002
2024-04-23 02:25:00,112.90000000000002
2024-04-23 03:00:00,113.35000000000002
2024-04-23 04:00:00,113.40000000000002
2024-04-23 05:00:00,110.54000000000002
2024-04-23 06:00:00,113.50000000000001
2024-04-23 07:00:00,113.55000000000003
2024-04-23 08:00:00,113.45000000000002
2024-04-23 09:00:00,111.00000000000001
2024-04-23 10:00:00,110.65000000000002
2024-04-23 11:00:00,110.60000000000002
2024-04-23 12:00:00,110.55000000000003
2024-04-23 13:00:00,110.55000000000003
2024-04-23 14:00:00,110.40000000000002
2024-04-23 15:15:00,110.25000000000001
2024-04-23 16:00:00,112.05000000000003
2024-04-23 17:00:00,111.90000000000002
2024-04-23 18:00:00,111.80000000000003
2024-04-23 19:00:00,112.00000000000001
2024-04-23 20:00:00,112.00000000000001
2024-04-23 22:00:00,111.95000000000002
2024-04-23 23:00:00,112.05000000000003
2024-04-24 02:25:00,112.15000000000002
2024-04-24 03:00:00,111.90000000000002
2024-04-24 04:00:00,115.10000000000002
2024-04-24 05:00:00,115.63000000000002
2024-04-24 06:00:00,115.45000000000002
2024-04-24 07:00:00,115.75000000000001
2024-04-24 08:00:00,115.30000000000003
2024-04-24 09:00:00,116.50000000000001
2024-04-24 10:00:00,115.75000000000001
2024-04-24 11:00:00,115.80000000000003
2024-04-24 12:00:00,115.75000000000001
2024-04-24 13:00:00,115.60000000000002
2024-04-24 14:00:00,115.45000000000002
2024-04-24 15:15:00,115.05000000000003
2024-04-24 16:00:00,115.75000000000001
2024-04-24 17:00:00,116.50000000000001
2024-04-24 18:00:00,116.60000000000002
2024-04-24 19:00:00,116.45000000000002
2024-04-24 20:00:00,116.45000000000002
2024-04-24 21:00:00,116.50000000000001
2024-04-24 22:00:00,116.50000000000001
2024-04-24 23:00:00,112.10000000000002
2024-04-25 02:25:00,116.95000000000002
2024-04-25 03:00:00,116.50000000000001
2024-04-25 04:00:00,116.75000000000001
2024-04-25 05:00:00,115.69000000000003
2024-04-25 06:00:00,116.15000000000002
2024-04-25 07:00:00,116.00000000000001
2024-04-25 08:00:00,116.90000000000002
2024-04-25 09:00:00,115.50000000000001
2024-04-25 10:00:00,115.50000000000001
2024-04-25 11:00:00,116.05000000000003
2024-04-25 12:00:00,115.80000000000003
2024-04-25 13:00:00,116.00000000000001
2024-04-25 14:00:00,116.05000000000003
2024-04-25 15:15:00,115.90000000000002
2024-04-25 16:00:00,115.60000000000002
2024-04-25 17:00:00,115.05000000000003
2024-04-25 18:00:00,114.70000000000002
2024-04-25 19:00:00,114.55000000000003
2024-04-25 20:00:00,114.45000000000002
2024-04-25 21:00:00,114.45000000000002
2024-04-25 23:00:00,116.40000000000002
2024-04-26 02:25:00,114.65000000000002
2024-04-26 03:00:00,115.10000000000002
2024-04-26 04:00:00,115.80000000000003
2024-04-26 05:00:00,115.88000000000002
2024-04-26 06:00:00,115.80000000000003
2024-04-26 07:00:00,115.80000000000003
2024-04-26 08:00:00,115.65000000000002
2024-04-26 09:00:00,116.35000000000002
2024-04-26 10:00:00,116.40000000000002
2024-04-26 11:00:00,116.25000000000001
2024-04-26 12:00:00,115.90000000000002
2024-04-26 13:00:00,115.80000000000003
2024-04-26 14:00:00,115.80000000000003
2024-04-26 15:15:00,115.90000000000002
2024-04-26 16:00:00,115.40000000000002
2024-04-26 17:00:00,114.45000000000002
2024-04-26 18:00:00,114.75000000000001
2024-04-26 19:00:00,114.75000000000001
2024-04-26 20:00:00,114.60000000000002
2024-04-26 21:00:00,114.60000000000002
2024-04-26 22:00:00,114.60000000000002
2024-04-26 23:00:00,114.50000000000001
2024-04-27 23:00:00,114.95000000000002
2024-04-29 02:25:00,114.80000000000003
2024-04-29 03:00:00,114.45000000000002
2024-04-29 04:00:00,114.15000000000002
2024-04-29 05:00:00,115.15000000000002
2024-04-29 06:00:00,115.80000000000003
2024-04-29 07:00:00,115.80000000000003
2024-04-29 08:00:00,115.80000000000003
2024-04-29 09:00:00,115.80000000000003
2024-04-29 10:00:00,115.80000000000003
2024-04-29 11:00:00,115.80000000000003
2024-04-29 12:00:00,115.80000000000003
2024-04-29 13:00:00,115.80000000000003
2024-04-29 14:00:00,115.80000000000003
2024-04-29 15:15:00,115.80000000000003
2024-04-29 16:00:00,115.80000000000003
2024-04-29 17:00:00,115.80000000000003
2024-04-29 18:00:00,115.80000000000003
2024-04-29 19:00:00,115.80000000000003
2024-04-29 21:00:00,115.80000000000003
2024-04-29 22:00:00,115.80000000000003
2024-04-29 23:00:00,115.80000000000003
2024-04-30 02:25:00,115.80000000000003
2024-04-30 03:00:00,115.80000000000003
2024-04-30 04:00:00,115.80000000000003
2024-04-30 05:00:00,114.52000000000002
2024-04-30 06:00:00,114.52000000000002
2024-04-30 07:00:00,114.52000000000002
2024-04-30 08:00:00,114.52000000000002
2024-04-30 09:00:00,114.52000000000002
2024-04-30 10:00:00,114.52000000000002
2024-04-30 11:00:00,114.52000000000002
2024-04-30 12:00:00,114.52000000000002
2024-04-30 13:00:00,114.52000000000002
2024-04-30 14:00:00,114.52000000000002
2024-04-30 15:15:00,114.52000000000002
2024-04-30 16:00:00,114.52000000000002
2024-04-30 17:00:00,114.52000000000002
2024-04-30 18:00:00,114.52000000000002
2024-04-30 19:00:00,114.52000000000002
2024-04-30 20:00:00,114.52000000000002
2024-04-30 21:00:00,114.52000000000002
2024-04-30 23:00:00,114.52000000000002
2024-05-01 02:25:00,114.52000000000002
2024-05-01 03:00:00,114.52000000000002
2024-05-01 04:00:00,114.52000000000002
2024-05-01 05:00:00,113.99000000000002
2024-05-01 06:00:00,113.99000000000002
2024-05-01 07:00:00,113.99000000000002
2024-05-01 08:00:00,113.99000000000002
2024-05-01 09:00:00,113.99000000000002
2024-05-01 10:00:00,113.99000000000002
2024-05-01 11:00:00,113.99000000000002
2024-05-01 12:00:00,113.99000000000002
2024-05-01 13:00:00,113.99000000000002
2024-05-01 14:00:00,113.99000000000002
2024-05-01 15:15:00,113.99000000000002
2024-05-01 16:00:00,113.99000000000002
2024-05-01 17:00:00,113.99000000000002
2024-05-01 18:00:00,113.99000000000002
2024-05-01 19:00:00,113.99000000000002
2024-05-01 20:00:00,113.99000000000002
2024-05-01 21:00:00,113.99000000000002
2024-05-01 22:00:00,113.99000000000002
2024-05-01 23:00:00,113.99000000000002
2024-05-02 02:25:00,113.99000000000002
2024-05-02 03:00:00,113.99000000000002
2024-05-02 04:00:00,113.99000000000002
2024-05-02 05:00:00,116.21000000000002
2024-05-02 06:00:00,116.21000000000002
2024-05-02 07:00:00,116.21000000000002
2024-05-02 08:00:00,116.21000000000002
2024-05-02 09:00:00,116.21000000000002
2024-05-02 10:00:00,116.21000000000002
2024-05-02 11:00:00,116.21000000000002
2024-05-02 12:00:00,116.21000000000002
2024-05-02 13:00:00,116.21000000000002
2024-05-02 14:00:00,116.21000000000002
2024-05-02 15:15:00,116.21000000000002
2024-05-02 16:00:00,116.21000000000002
2024-05-02 17:00:00,116.21000000000002
2024-05-02 18:00:00,116.21000000000002
2024-05-02 19:00:00,116.21000000000002
2024-05-02 20:00:00,116.21000000000002
2024-05-02 21:00:00,116.21000000000002
2024-05-02 22:00:00,116.21000000000002
2024-05-02 23:00:00,116.21000000000002
2024-05-03 02:25:00,116.21000000000002
2024-05-03 03:00:00,116.21000000000002
2024-05-03 04:00:00,116.21000000000002
2024-05-03 05:00:00,115.85000000000002
2024-05-03 06:00:00,115.85000000000002
2024-05-03 07:00:00,115.85000000000002
2024-05-03 08:00:00,115.85000000000002
2024-05-03 09:00:00,115.85000000000002
2024-05-03 10:00:00,115.85000000000002
2024-05-03 11:00:00,115.85000000000002
2024-05-03 12:00:00,115.85000000000002
2024-05-03 13:00:00,115.85000000000002
2024-05-03 14:00:00,115.85000000000002
2024-05-03 15:15:00,115.85000000000002
2024-05-03 16:00:00,115.85000000000002
2024-05-03 17:00:00,115.85000000000002
2024-05-03 18:00:00,115.85000000000002
2024-05-03 19:00:00,115.85000000000002
2024-05-03 20:00:00,115.85000000000002
2024-05-03 23:00:00,115.85000000000002
2024-05-04 23:00:00,115.85000000000002
2024-05-06 02:25:00,115.85000000000002
2024-05-06 03:00:00,115.85000000000002
2024-05-06 04:00:00,115.85000000000002
2024-05-06 05:00:00,118.11000000000003
2024-05-06 06:00:00,118.11000000000003
2024-05-06 07:00:00,118.11000000000003
2024-05-06 08:00:00,118.11000000000003
2024-05-06 09:00:00,118.11000000000003
2024-05-06 10:00:00,118.11000000000003
2024-05-06 11:00:00,118.11000000000003
2024-05-06 12:00:00,118.11000000000003
2024-05-06 13:00:00,118.11000000000003
2024-05-06 14:00:00,118.11000000000003
2024-05-06 15:15:00,118.11000000000003
2024-05-06 16:00:00,118.11000000000003
2024-05-06 17:00:00,118.11000000000003
2024-05-06 18:00:00,118.11000000000003
2024-05-06 19:00:00,118.11000000000003
2024-05-06 20:00:00,118.11000000000003
2024-05-06 21:00:00,118.11000000000003
2024-05-06 22:00:00,118.11000000000003
2024-05-06 23:00:00,118.11000000000003
2024-05-07 02:25:00,118.11000000000003
2024-05-07 03:00:00,118.11000000000003
2024-05-07 04:00:00,118.11000000000003
2024-05-07 05:00:00,116.63000000000002
2024-05-07 06:00:00,116.63000000000002
2024-05-07 07:00:00,116.63000000000002
2024-05-07 08:00:00,116.63000000000002
2024-05-07 09:00:00,116.63000000000002
2024-05-07 10:00:00,116.63000000000002
2024-05-07 11:00:00,116.63000000000002
2024-05-07 12:00:00,116.63000000000002
2024-05-07 13:00:00,116.63000000000002
2024-05-07 14:00:00,116.63000000000002
2024-05-07 15:15:00,116.63000000000002
2024-05-07 16:00:00,116.63000000000002
2024-05-07 17:00:00,116.63000000000002
2024-05-07 18:00:00,116.63000000000002
2024-05-07 19:00:00,116.63000000000002
2024-05-07 20:00:00,116.63000000000002
2024-05-07 21:00:00,116.63000000000002
2024-05-07 23:00:00,116.63000000000002
2024-05-08 02:25:00,116.63000000000002
2024-05-08 03:00:00,116.63000000000002
2024-05-08 04:00:00,116.63000000000002
2024-05-08 05:00:00,113.15000000000002
2024-05-08 06:00:00,113.15000000000002
2024-05-08 07:00:00,113.15000000000002
2024-05-08 08:00:00,113.15000000000002
2024-05-08 09:00:00,113.15000000000002
2024-05-08 10:00:00,113.15000000000002
2024-05-08 11:00:00,113.15000000000002
2024-05-08 12:00:00,113.15000000000002
2024-05-08 13:00:00,113.15000000000002
2024-05-08 14:00:00,113.15000000000002
2024-05-08 15:15:00,113.15000000000002
2024-05-08 16:00:00,113.15000000000002
2024-05-08 17:00:00,113.15000000000002
2024-05-08 18:00:00,113.15000000000002
2024-05-08 19:00:00,113.15000000000002
2024-05-08 20:00:00,113.15000000000002
2024-05-08 21:00:00,113.15000000000002
2024-05-08 22:00:00,113.15000000000002
2024-05-08 23:00:00,113.15000000000002
2024-05-09 02:25:00,113.15000000000002
2024-05-09 03:00:00,113.15000000000002
2024-05-09 04:00:00,113.15000000000002
2024-05-09 05:00:00,114.25000000000003
2024-05-09 06:00:00,114.25000000000003
2024-05-09 07:00:00,114.25000000000003
2024-05-09 08:00:00,114.25000000000003
2024-05-09 09:00:00,114.25000000000003
2024-05-09 10:00:00,114.25000000000003
2024-05-09 11:00:00,114.25000000000003
2024-05-09 12:00:00,114.25000000000003
2024-05-09 13:00:00,114.25000000000003
2024-05-09 14:00:00,114.25000000000003
2024-05-09 15:15:00,114.25000000000003
2024-05-09 16:00:00,114.25000000000003
2024-05-09 17:00:00,114.25000000000003
2024-05-09 18:00:00,114.25000000000003
2024-05-09 19:00:00,114.25000000000003
2024-05-09 20:00:00,114.25000000000003
2024-05-09 21:00:00,114.25000000000003
2024-05-09 22:00:00,114.25000000000003
2024-05-09 23:00:00,114.25000000000003
2024-05-10 03:00:00,114.25000000000003
2024-05-10 04:00:00,114.25000000000003
2024-05-10 05:00:00,114.51000000000002
2024-05-10 06:00:00,114.51000000000002
2024-05-10 07:00:00,114.51000000000002
2024-05-10 08:00:00,114.51000000000002
2024-05-10 09:00:00,114.51000000000002
2024-05-10 10:00:00,114.51000000000002
2024-05-10 11:00:00,114.51000000000002
2024-05-10 12:00:00,114.51000000000002
2024-05-10 13:00:00,114.51000000000002
2024-05-10 14:00:00,114.51000000000002
2024-05-10 15:15:00,114.51000000000002
2024-05-10 16:00:00,114.51000000000002
2024-05-10 17:00:00,114.51000000000002
2024-05-10 18:00:00,114.51000000000002
2024-05-10 19:00:00,114.51000000000002
2024-05-10 20:00:00,114.51000000000002
2024-05-10 21:00:00,114.51000000000002
2024-05-10 22:00:00,114.51000000000002
2024-05-10 23:00:00,114.51000000000002
2024-05-11 23:00:00,114.51000000000002
2024-05-13 02:25:00,114.51000000000002
2024-05-13 03:00:00,114.51000000000002
2024-05-13 04:00:00,114.51000000000002
2024-05-13 05:00:00,115.53000000000003
2024-05-13 06:00:00,115.53000000000003
2024-05-13 07:00:00,115.53000000000003
2024-05-13 08:00:00,115.53000000000003
2024-05-13 09:00:00,115.53000000000003
2024-05-13 10:00:00,115.53000000000003
2024-05-13 11:00:00,115.53000000000003
2024-05-13 12:00:00,115.53000000000003
2024-05-13 13:00:00,115.53000000000003
2024-05-13 14:00:00,115.53000000000003
2024-05-13 15:15:00,115.53000000000003
2024-05-13 16:00:00,115.53000000000003
2024-05-13 17:00:00,115.53000000000003
2024-05-13 18:00:00,115.53000000000003
2024-05-13 19:00:00,115.53000000000003
2024-05-13 20:00:00,115.53000000000003
2024-05-13 21:00:00,115.53000000000003
2024-05-13 22:00:00,115.53000000000003
2024-05-13 23:00:00,115.53000000000003
2024-05-14 02:25:00,115.53000000000003
2024-05-14 03:00:00,115.53000000000003
2024-05-14 04:00:00,115.53000000000003
2024-05-14 05:00:00,113.40000000000002
2024-05-14 06:00:00,113.40000000000002
2024-05-14 07:00:00,113.40000000000002
2024-05-14 08:00:00,113.40000000000002
2024-05-14 09:00:00,113.40000000000002
2024-05-14 10:00:00,113.40000000000002
2024-05-14 11:00:00,113.40000000000002
2024-05-14 12:00:00,113.40000000000002
2024-05-14 13:00:00,113.40000000000002
2024-05-14 14:00:00,113.40000000000002
2024-05-14 15:15:00,113.40000000000002
2024-05-14 16:00:00,113.40000000000002
2024-05-14 17:00:00,113.40000000000002
2024-05-14 18:00:00,113.40000000000002
2024-05-14 19:00:00,113.40000000000002
2024-05-14 20:00:00,113.40000000000002
2024-05-14 23:00:00,113.40000000000002
2024-05-15 02:25:00,113.40000000000002
2024-05-15 03:00:00,113.40000000000002
2024-05-15 04:00:00,113.40000000000002
2024-05-15 05:00:00,112.13000000000002
2024-05-15 06:00:00,112.13000000000002
2024-05-15 07:00:00,112.13000000000002
2024-05-15 08:00:00,112.13000000000002
2024-05-15 09:00:00,112.13000000000002
2024-05-15 10:00:00,112.13000000000002
2024-05-15 11:00:00,112.13000000000002
2024-05-15 12:00:00,112.13000000000002
2024-05-15 13:00:00,112.13000000000002
2024-05-15 14:00:00,112.13000000000002
2024-05-15 15:15:00,112.13000000000002
2024-05-15 16:00:00,112.13000000000002
2024-05-15 17:00:00,112.13000000000002
2024-05-15 18:00:00,112.13000000000002
2024-05-15 19:00:00,112.13000000000002
2024-05-15 20:00:00,112.13000000000002
2024-05-15 21:00:00,112.13000000000002
2024-05-15 23:00:00,112.13000000000002
2024-05-16 02:25:00,112.13000000000002
2024-05-16 03:00:00,112.13000000000002
2024-05-16 04:00:00,112.13000000000002
2024-05-16 05:00:00,114.92000000000003
2024-05-16 06:00:00,114.92000000000003
2024-05-16 07:00:00,114.92000000000003
2024-05-16 08:00:00,114.92000000000003
2024-05-16 09:00:00,114.92000000000003
2024-05-16 10:00:00,114.92000000000003
2024-05-16 11:00:00,114.92000000000003
2024-05-16 12:00:00,114.92000000000003
2024-05-16 13:00:00,114.92000000000003
2024-05-16 14:00:00,114.92000000000003
2024-05-16 15:15:00,114.92000000000003
2024-05-16 16:00:00,114.92000000000003
2024-05-16 17:00:00,114.92000000000003
2024-05-16 18:00:00,114.92000000000003
2024-05-16 20:00:00,114.92000000000003
2024-05-16 21:00:00,114.92000000000003
2024-05-16 23:00:00,114.92000000000003
2024-05-17 02:25:00,114.92000000000003
2024-05-17 03:00:00,114.92000000000003
2024-05-17 04:00:00,114.92000000000003
2024-05-17 05:00:00,115.87000000000002
2024-05-17 06:00:00,115.87000000000002
2024-05-17 07:00:00,115.87000000000002
2024-05-17 08:00:00,115.87000000000002
2024-05-17 09:00:00,115.87000000000002
2024-05-17 10:00:00,115.87000000000002
2024-05-17 11:00:00,115.87000000000002
2024-05-17 12:00:00,115.87000000000002
2024-05-17 13:00:00,115.87000000000002
2024-05-17 14:00:00,115.87000000000002
2024-05-17 15:15:00,115.87000000000002
2024-05-17 16:00:00,115.87000000000002
2024-05-17 17:00:00,115.87000000000002
2024-05-17 18:00:00,115.87000000000002
2024-05-17 19:00:00,115.87000000000002
2024-05-17 20:00:00,115.87000000000002
2024-05-17 21:00:00,115.87000000000002
2024-05-17 23:00:00,115.87000000000002
2024-05-18 23:00:00,115.87000000000002
2024-05-20 02:25:00,115.87000000000002
2024-05-20 03:00:00,115.87000000000002
2024-05-20 04:00:00,115.87000000000002
2024-05-20 05:00:00,116.94000000000003
2024-05-20 06:00:00,116.94000000000003
2024-05-20 07:00:00,116.94000000000003
2024-05-20 08:00:00,116.94000000000003
2024-05-20 09:00:00,116.94000000000003
2024-05-20 10:00:00,116.94000000000003
2024-05-20 11:00:00,116.94000000000003
2024-05-20 12:00:00,116.94000000000003
2024-05-20 13:00:00,116.94000000000003
2024-05-20 14:00:00,116.94000000000003
2024-05-20 15:15:00,116.94000000000003
2024-05-20 16:00:00,116.94000000000003
2024-05-20 17:00:00,116.94000000000003
2024-05-20 18:00:00,116.94000000000003
2024-05-20 19:00:00,116.94000000000003
2024-05-20 20:00:00,116.94000000000003
2024-05-20 21:00:00,116.94000000000003
2024-05-20 22:00:00,116.94000000000003
2024-05-20 23:00:00,116.94000000000003
2024-05-21 02:25:00,116.94000000000003
2024-05-21 03:00:00,116.94000000000003
2024-05-21 04:00:00,116.94000000000003
2024-05-21 05:00:00,119.37000000000002
2024-05-21 06:00:00,119.37000000000002
2024-05-21 07:00:00,119.37000000000002
2024-05-21 08:00:00,119.37000000000002
2024-05-21 09:00:00,119.37000000000002
2024-05-21 10:00:00,119.37000000000002
2024-05-21 11:00:00,119.37000000000002
2024-05-21 12:00:00,119.37000000000002
2024-05-21 13:00:00,119.37000000000002
2024-05-21 14:00:00,119.37000000000002
2024-05-21 15:15:00,119.37000000000002
2024-05-21 16:00:00,119.37000000000002
2024-05-21 17:00:00,119.37000000000002
2024-05-21 18:00:00,119.37000000000002
2024-05-21 19:00:00,119.37000000000002
2024-05-21 20:00:00,119.37000000000002
2024-05-21 23:00:00,119.37000000000002
2024-05-22 02:25:00,119.37000000000002
2024-05-22 03:00:00,119.37000000000002
2024-05-22 04:00:00,119.37000000000002
2024-05-22 05:00:00,121.08000000000003
2024-05-22 06:00:00,121.08000000000003
2024-05-22 07:00:00,121.08000000000003
2024-05-22 08:00:00,121.08000000000003
2024-05-22 09:00:00,121.08000000000003
2024-05-22 10:00:00,121.08000000000003
2024-05-22 11:00:00,121.08000000000003
2024-05-22 12:00:00,121.08000000000003
2024-05-22 13:00:00,121.08000000000003
2024-05-22 14:00:00,121.08000000000003
2024-05-22 15:15:00,121.08000000000003
2024-05-22 16:00:00,121.08000000000003
2024-05-22 17:00:00,121.08000000000003
2024-05-22 18:00:00,121.08000000000003
2024-05-22 19:00:00,121.08000000000003
2024-05-22 20:00:00,121.08000000000003
2024-05-22 21:00:00,121.08000000000003
2024-05-22 22:00:00,121.08000000000003
2024-05-22 23:00:00,121.08000000000003
2024-05-23 02:25:00,121.08000000000003
2024-05-23 03:00:00,121.08000000000003
2024-05-23 04:00:00,121.08000000000003
2024-05-23 05:00:00,118.50000000000003
2024-05-23 06:00:00,118.50000000000003
2024-05-23 07:00:00,118.50000000000003
2024-05-23 08:00:00,118.50000000000003
2024-05-23 09:00:00,118.50000000000003
2024-05-23 10:00:00,118.50000000000003
2024-05-23 11:00:00,118.50000000000003
2024-05-23 12:00:00,118.50000000000003
2024-05-23 13:00:00,118.50000000000003
2024-05-23 14:00:00,118.50000000000003
2024-05-23 15:15:00,118.50000000000003
2024-05-23 16:00:00,118.50000000000003
2024-05-23 17:00:00,118.50000000000003
2024-05-23 18:00:00,118.50000000000003
2024-05-23 19:00:00,118.50000000000003
2024-05-23 20:00:00,118.50000000000003
2024-05-23 21:00:00,118.50000000000003
2024-05-23 22:00:00,118.50000000000003
2024-05-23 23:00:00,118.50000000000003
2024-05-24 02:25:00,118.50000000000003
2024-05-24 03:00:00,118.50000000000003
2024-05-24 04:00:00,118.50000000000003
2024-05-24 05:00:00,118.50000000000003
2024-05-24 06:00:00,118.50000000000003
2024-05-24 07:00:00,118.50000000000003
2024-05-24 08:00:00,118.50000000000003
2024-05-24 09:00:00,118.50000000000003
2024-05-24 10:00:00,118.50000000000003
2024-05-24 11:00:00,118.50000000000003
2024-05-24 12:00:00,118.50000000000003
2024-05-24 13:00:00,118.50000000000003
2024-05-24 14:00:00,118.50000000000003
2024-05-24 15:15:00,118.50000000000003
2024-05-24 16:00:00,118.50000000000003
2024-05-24 17:00:00,118.50000000000003
2024-05-24 18:00:00,118.50000000000003
2024-05-24 20:00:00,118.50000000000003
2024-05-24 21:00:00,118.50000000000003
2024-05-24 23:00:00,118.50000000000003
2024-05-25 23:00:00,118.50000000000003
2024-05-27 02:25:00,118.50000000000003
2024-05-27 03:00:00,118.50000000000003
2024-05-27 04:00:00,118.50000000000003
2024-05-27 05:00:00,118.35000000000002
2024-05-27 06:00:00,118.35000000000002
2024-05-27 07:00:00,118.35000000000002
2024-05-27 08:00:00,118.35000000000002
2024-05-27 09:00:00,118.35000000000002
2024-05-27 10:00:00,118.35000000000002
2024-05-27 11:00:00,118.35000000000002
2024-05-27 12:00:00,118.35000000000002
2024-05-27 13:00:00,118.35000000000002
2024-05-27 14:00:00,118.35000000000002
2024-05-27 15:15:00,118.35000000000002
2024-05-27 16:00:00,118.35000000000002
2024-05-27 17:00:00,118.35000000000002
2024-05-27 18:00:00,118.35000000000002
2024-05-27 19:00:00,118.35000000000002
2024-05-27 20:00:00,118.35000000000002
2024-05-27 22:00:00,118.35000000000002
2024-05-27 23:00:00,118.35000000000002
2024-05-28 02:25:00,118.35000000000002
2024-05-28 03:00:00,118.35000000000002
2024-05-28 04:00:00,118.35000000000002
2024-05-28 05:00:00,116.84000000000003
2024-05-28 06:00:00,116.84000000000003
2024-05-28 07:00:00,116.84000000000003
2024-05-28 08:00:00,116.84000000000003
2024-05-28 09:00:00,116.84000000000003
2024-05-28 10:00:00,116.84000000000003
2024-05-28 11:00:00,116.84000000000003
2024-05-28 12:00:00,116.84000000000003
2024-05-28 13:00:00,116.84000000000003
2024-05-28 14:00:00,116.84000000000003
2024-05-28 15:15:00,116.84000000000003
2024-05-28 16:00:00,116.84000000000003
2024-05-28 17:00:00,116.84000000000003
2024-05-28 18:00:00,116.84000000000003
2024-05-28 19:00:00,116.84000000000003
2024-05-28 20:00:00,116.84000000000003
2024-05-28 21:00:00,116.84000000000003
2024-05-28 23:00:00,116.84000000000003
2024-05-29 02:25:00,116.84000000000003
2024-05-29 03:00:00,116.84000000000003
2024-05-29 04:00:00,116.84000000000003
2024-05-29 05:00:00,117.99000000000002
2024-05-30 05:00:00,114.60000000000002
2024-05-31 05:00:00,114.47000000000003
2024-06-03 05:00:00,109.08000000000003
2024-06-04 05:00:00,106.55000000000003
2024-06-05 05:00:00,105.95000000000002
2024-06-06 05:00:00,107.68000000000002
2024-06-07 05:00:00,107.70000000000002
2024-06-10 05:00:00,105.07000000000002
2024-06-11 05:00:00,102.76000000000002
2024-06-12 05:00:00,103.63000000000002
2024-06-13 05:00:00,105.32000000000002
2024-06-14 05:00:00,106.41000000000003
2024-06-17 05:00:00,104.32000000000002
2024-06-18 05:00:00,105.22000000000003
2024-06-19 05:00:00,106.18000000000002
2024-06-20 05:00:00,105.77000000000002
2024-06-21 05:00:00,104.17000000000002
2024-06-24 05:00:00,101.70000000000002
2024-06-25 05:00:00,102.50000000000003
2024-06-26 05:00:00,105.73000000000002
2024-06-27 05:00:00,104.75000000000003
2024-06-28 05:00:00,105.35000000000002
2024-06-28 06:00:00,105.50000000000003
2024-06-28 07:00:00,105.60000000000002
2024-06-28 08:00:00,105.55000000000003
2024-06-28 09:00:00,105.50000000000003
2024-06-28 10:00:00,105.65000000000002
2024-06-28 11:00:00,105.65000000000002
2024-06-28 12:00:00,105.65000000000002
2024-06-28 13:00:00,105.85000000000002
2024-06-28 14:00:00,105.85000000000002
2024-06-28 15:00:00,105.45000000000003
2024-06-28 16:00:00,105.45000000000003
2024-06-28 17:00:00,105.55000000000003
2024-06-28 18:00:00,105.55000000000003
2024-06-28 19:00:00,105.75000000000003
2024-06-28 20:00:00,105.55000000000003
2024-06-28 21:00:00,105.40000000000002
2024-06-30 23:00:00,105.25000000000003
2024-07-01 00:00:00,106.10000000000002
2024-07-01 01:00:00,106.50000000000003
2024-07-01 02:00:00,106.25000000000003
2024-07-01 03:00:00,106.80000000000003
2024-07-01 04:00:00,106.70000000000003
2024-07-01 05:00:00,108.92000000000003
2024-07-01 06:00:00,107.60000000000002
2024-07-01 07:00:00,108.15000000000002
2024-07-01 08:00:00,108.50000000000003
2024-07-01 09:00:00,109.05000000000003
2024-07-01 10:00:00,108.90000000000002
2024-07-01 11:00:00,108.65000000000002
2024-07-01 12:00:00,109.15000000000002
2024-07-01 13:00:00,109.20000000000003
2024-07-01 14:00:00,108.65000000000002
2024-07-01 15:00:00,108.60000000000002
2024-07-01 16:00:00,108.70000000000003
2024-07-01 17:00:00,108.70000000000003
2024-07-01 18:00:00,108.80000000000003
2024-07-01 19:00:00,108.80000000000003
2024-07-01 20:00:00,108.70000000000003
2024-07-01 21:00:00,108.95000000000003
2024-07-01 23:00:00,109.05000000000003
2024-07-02 00:00:00,109.00000000000003
2024-07-02 01:00:00,108.80000000000003
2024-07-02 02:00:00,108.50000000000003
2024-07-02 03:00:00,108.85000000000002
2024-07-02 04:00:00,108.75000000000003
2024-07-02 05:00:00,108.75000000000003
2024-07-02 06:00:00,108.75000000000003
2024-07-02 07:00:00,109.10000000000002
2024-07-02 08:00:00,109.15000000000002
2024-07-02 09:00:00,109.15000000000002
2024-07-02 10:00:00,109.15000000000002
2024-07-02 11:00:00,109.25000000000003
2024-07-02 12:00:00,109.25000000000003
2024-07-02 13:00:00,109.20000000000003
2024-07-02 14:00:00,108.95000000000003
2024-07-02 15:00:00,108.50000000000003
2024-07-02 16:00:00,108.60000000000002
2024-07-02 17:00:00,108.45000000000003
2024-07-02 18:00:00,108.40000000000002
2024-07-02 19:00:00,108.25000000000003
2024-07-02 20:00:00,108.35000000000002
2024-07-02 21:00:00,108.15000000000002
2024-07-02 23:00:00,108.50000000000003
2024-07-03 00:00:00,108.50000000000003
2024-07-03 01:00:00,109.95000000000003
2024-07-03 02:00:00,109.45000000000003
2024-07-03 03:00:00,110.35000000000002
2024-07-03 04:00:00,110.45000000000003
2024-07-03 05:00:00,110.85000000000002
2024-07-03 06:00:00,112.35000000000002
2024-07-03 07:00:00,112.65000000000002
2024-07-03 08:00:00,112.45000000000003
2024-07-03 09:00:00,112.25000000000003
2024-07-03 10:00:00,112.15000000000002
2024-07-03 11:00:00,112.55000000000003
2024-07-03 12:00:00,112.40000000000002
2024-07-03 13:00:00,112.55000000000003
2024-07-03 14:00:00,112.90000000000002
2024-07-03 15:00:00,113.05000000000003
2024-07-03 16:00:00,112.50000000000003
2024-07-03 17:00:00,112.70000000000003
2024-07-03 19:00:00,112.70000000000003
2024-07-03 20:00:00,112.35000000000002
2024-07-03 21:00:00,112.90000000000002
2024-07-03 23:00:00,112.45000000000003
2024-07-04 00:00:00,112.75000000000003
2024-07-04 01:00:00,112.95000000000003
2024-07-04 02:00:00,112.80000000000003
2024-07-04 03:00:00,112.65000000000002
2024-07-04 04:00:00,112.75000000000003
2024-07-04 05:00:00,112.88000000000002
2024-07-04 06:00:00,112.95000000000003
2024-07-04 07:00:00,112.85000000000002
2024-07-04 08:00:00,113.05000000000003
2024-07-04 09:00:00,112.85000000000002
2024-07-04 10:00:00,112.75000000000003
2024-07-04 11:00:00,113.05000000000003
2024-07-04 12:00:00,113.10000000000002
2024-07-04 13:00:00,113.10000000000002
2024-07-04 14:00:00,112.25000000000003
2024-07-04 15:00:00,112.15000000000002
2024-07-04 16:00:00,112.35000000000002
2024-07-04 17:00:00,112.30000000000003
2024-07-04 20:00:00,112.35000000000002
2024-07-04 23:00:00,112.30000000000003
2024-07-05 00:00:00,112.30000000000003
2024-07-05 01:00:00,110.90000000000002
2024-07-05 02:00:00,110.30000000000003
2024-07-05 03:00:00,109.75000000000003
2024-07-05 04:00:00,109.80000000000003
2024-07-05 05:00:00,110.10000000000002
2024-07-05 06:00:00,109.30000000000003
2024-07-05 07:00:00,109.55000000000003
2024-07-05 08:00:00,109.55000000000003
2024-07-05 09:00:00,109.65000000000002
2024-07-05 10:00:00,109.60000000000002
2024-07-05 11:00:00,109.60000000000002
2024-07-05 12:00:00,109.90000000000002
2024-07-05 13:00:00,109.75000000000003
2024-07-05 14:00:00,110.20000000000003
2024-07-05 15:00:00,110.30000000000003
2024-07-05 16:00:00,110.30000000000003
2024-07-05 17:00:00,110.20000000000003
2024-07-05 18:00:00,110.20000000000003
2024-07-05 19:00:00,110.20000000000003
2024-07-05 20:00:00,110.60000000000002
2024-07-05 21:00:00,109.90000000000002
2024-07-07 23:00:00,110.65000000000002
2024-07-08 00:00:00,110.55000000000003
2024-07-08 01:00:00,109.30000000000003
2024-07-08 02:00:00,108.05000000000003
2024-07-08 03:00:00,107.95000000000003
2024-07-08 04:00:00,107.95000000000003
2024-07-08 05:00:00,107.05000000000003
2024-07-08 06:00:00,107.70000000000003
2024-07-08 07:00:00,107.70000000000003
2024-07-08 08:00:00,107.65000000000002
2024-07-08 09:00:00,107.75000000000003
2024-07-08 10:00:00,107.75000000000003
2024-07-08 11:00:00,107.95000000000003
2024-07-08 12:00:00,107.65000000000002
2024-07-08 13:00:00,107.40000000000002
2024-07-08 14:00:00,107.90000000000002
2024-07-08 15:00:00,108.10000000000002
2024-07-08 16:00:00,107.90000000000002
2024-07-08 17:00:00,107.95000000000003
2024-07-08 18:00:00,107.95000000000003
2024-07-08 19:00:00,107.95000000000003
2024-07-08 20:00:00,107.90000000000002
2024-07-08 21:00:00,108.40000000000002
2024-07-08 23:00:00,107.90000000000002
2024-07-09 00:00:00,108.00000000000003
2024-07-09 01:00:00,108.20000000000003
2024-07-09 02:00:00,106.15000000000002
2024-07-09 03:00:00,107.20000000000003
2024-07-09 04:00:00,107.40000000000002
2024-07-09 05:00:00,108.72000000000003
2024-07-09 06:00:00,108.65000000000002
2024-07-09 07:00:00,108.70000000000003
2024-07-09 08:00:00,108.60000000000002
2024-07-09 09:00:00,108.75000000000003
2024-07-09 10:00:00,108.65000000000002
2024-07-09 11:00:00,108.60000000000002
2024-07-09 12:00:00,108.65000000000002
2024-07-09 13:00:00,107.95000000000003
2024-07-09 14:00:00,107.45000000000003
2024-07-09 15:00:00,107.65000000000002
2024-07-09 16:00:00,107.55000000000003
2024-07-09 17:00:00,107.60000000000002
2024-07-09 20:00:00,107.80000000000003
2024-07-09 21:00:00,108.05000000000003
2024-07-09 23:00:00,107.80000000000003
2024-07-10 00:00:00,107.80000000000003
2024-07-10 01:00:00,107.00000000000003
2024-07-10 02:00:00,107.00000000000003
2024-07-10 03:00:00,106.25000000000003
2024-07-10 04:00:00,106.25000000000003
2024-07-10 05:00:00,104.74000000000002
2024-07-10 06:00:00,105.10000000000002
2024-07-10 07:00:00,104.55000000000003
2024-07-10 08:00:00,104.70000000000003
2024-07-10 09:00:00,104.75000000000003
2024-07-10 10:00:00,104.65000000000002
2024-07-10 11:00:00,105.00000000000003
2024-07-10 12:00:00,105.00000000000003
2024-07-10 13:00:00,105.75000000000003
2024-07-10 14:00:00,105.50000000000003
2024-07-10 15:00:00,105.90000000000002
2024-07-10 16:00:00,105.90000000000002
2024-07-10 17:00:00,105.90000000000002
2024-07-10 18:00:00,105.90000000000002
2024-07-10 20:00:00,105.95000000000003
2024-07-10 21:00:00,105.95000000000003
2024-07-10 23:00:00,105.80000000000003
2024-07-11 00:00:00,105.60000000000002
2024-07-11 01:00:00,105.10000000000002
2024-07-11 02:00:00,106.40000000000002
2024-07-11 03:00:00,108.50000000000003
2024-07-11 04:00:00,108.30000000000003
2024-07-11 05:00:00,107.80000000000003
2024-07-11 06:00:00,107.20000000000003
2024-07-11 07:00:00,107.20000000000003
2024-07-11 08:00:00,107.35000000000002
2024-07-11 09:00:00,107.30000000000003
2024-07-11 10:00:00,107.10000000000002
2024-07-11 11:00:00,107.10000000000002
2024-07-11 12:00:00,107.45000000000003
2024-07-11 13:00:00,106.75000000000003
2024-07-11 14:00:00,106.45000000000003
2024-07-11 15:00:00,106.30000000000003
2024-07-11 16:00:00,106.35000000000002
2024-07-11 17:00:00,106.35000000000002
2024-07-11 19:00:00,106.35000000000002
2024-07-11 20:00:00,106.20000000000003
2024-07-11 21:00:00,106.10000000000002
2024-07-11 23:00:00,106.90000000000002
2024-07-12 00:00:00,106.50000000000003
2024-07-12 01:00:00,107.40000000000002
2024-07-12 02:00:00,106.85000000000002
2024-07-12 03:00:00,107.10000000000002
2024-07-12 04:00:00,107.05000000000003
2024-07-12 05:00:00,107.35000000000002
2024-07-12 06:00:00,107.25000000000003
2024-07-12 07:00:00,107.45000000000003
2024-07-12 08:00:00,107.40000000000002
2024-07-12 09:00:00,107.30000000000003
2024-07-12 10:00:00,107.45000000000003
2024-07-12 11:00:00,107.20000000000003
2024-07-12 12:00:00,107.20000000000003
2024-07-12 13:00:00,107.20000000000003
2024-07-12 14:00:00,107.65000000000002
2024-07-12 15:00:00,108.80000000000003
2024-07-12 16:00:00,108.90000000000002
2024-07-12 17:00:00,108.90000000000002
2024-07-12 18:00:00,109.10000000000002
2024-07-12 19:00:00,109.10000000000002
2024-07-12 20:00:00,109.10000000000002
2024-07-12 21:00:00,109.15000000000002
2024-07-14 23:00:00,109.05000000000003
2024-07-15 00:00:00,108.55000000000003
2024-07-15 01:00:00,109.00000000000003
2024-07-15 02:00:00,108.95000000000003
2024-07-15 03:00:00,108.55000000000003
2024-07-15 04:00:00,108.50000000000003
2024-07-15 05:00:00,108.00000000000003
2024-07-15 06:00:00,107.90000000000002
2024-07-15 07:00:00,108.15000000000002
2024-07-15 08:00:00,108.05000000000003
2024-07-15 09:00:00,108.10000000000002
2024-07-15 10:00:00,108.15000000000002
2024-07-15 11:00:00,108.10000000000002
2024-07-15 12:00:00,108.20000000000003
2024-07-15 13:00:00,107.30000000000003
2024-07-15 14:00:00,106.50000000000003
2024-07-15 15:00:00,106.85000000000002
2024-07-15 16:00:00,106.95000000000003
2024-07-15 17:00:00,106.95000000000003
2024-07-15 18:00:00,106.95000000000003
2024-07-15 20:00:00,107.05000000000003
2024-07-15 21:00:00,106.95000000000003
2024-07-15 23:00:00,107.20000000000003
2024-07-16 00:00:00,107.05000000000003
2024-07-16 01:00:00,106.85000000000002
2024-07-16 02:00:00,106.90000000000002
2024-07-16 03:00:00,107.50000000000003
2024-07-16 04:00:00,107.55000000000003
2024-07-16 05:00:00,107.85000000000002
2024-07-16 06:00:00,106.60000000000002
2024-07-16 07:00:00,106.45000000000003
2024-07-16 08:00:00,106.60000000000002
2024-07-16 09:00:00,106.75000000000003
2024-07-16 10:00:00,106.95000000000003
2024-07-16 11:00:00,106.65000000000002
2024-07-16 12:00:00,106.35000000000002
2024-07-16 13:00:00,106.85000000000002
2024-07-16 14:00:00,106.70000000000003
2024-07-16 15:00:00,107.10000000000002
2024-07-16 16:00:00,107.10000000000002
2024-07-16 17:00:00,107.15000000000002
2024-07-16 20:00:00,107.20000000000003
2024-07-16 21:00:00,107.20000000000003
2024-07-16 23:00:00,107.05000000000003
2024-07-17 00:00:00,107.10000000000002
2024-07-17 01:00:00,106.35000000000002
2024-07-17 02:00:00,106.75000000000003
2024-07-17 03:00:00,106.35000000000002
2024-07-17 04:00:00,106.40000000000002
2024-07-17 05:00:00,105.40000000000002
2024-07-17 06:00:00,103.80000000000003
2024-07-17 07:00:00,104.50000000000003
2024-07-17 08:00:00,104.55000000000003
2024-07-17 09:00:00,104.40000000000002
2024-07-17 10:00:00,104.45000000000003
2024-07-17 11:00:00,104.30000000000003
2024-07-17 12:00:00,104.35000000000002
2024-07-17 13:00:00,104.30000000000003
2024-07-17 14:00:00,104.45000000000003
2024-07-17 15:00:00,104.30000000000003
2024-07-17 16:00:00,104.30000000000003
2024-07-17 18:00:00,104.25000000000003
2024-07-17 20:00:00,104.30000000000003
2024-07-17 21:00:00,104.65000000000002
2024-07-17 23:00:00,104.65000000000002
2024-07-18 00:00:00,104.15000000000002
2024-07-18 01:00:00,103.90000000000002
2024-07-18 02:00:00,104.00000000000003
2024-07-18 03:00:00,104.35000000000002
2024-07-18 04:00:00,104.40000000000002
2024-07-18 05:00:00,104.60000000000002
2024-07-18 06:00:00,105.05000000000003
2024-07-18 07:00:00,104.85000000000002
2024-07-18 08:00:00,105.05000000000003
2024-07-18 09:00:00,104.90000000000002
2024-07-18 10:00:00,104.60000000000002
2024-07-18 11:00:00,104.55000000000003
2024-07-18 12:00:00,104.10000000000002
2024-07-18 13:00:00,104.60000000000002
2024-07-18 14:00:00,104.05000000000003
2024-07-18 15:00:00,103.95000000000003
2024-07-18 16:00:00,103.95000000000003
2024-07-18 17:00:00,104.30000000000003
2024-07-18 18:00:00,104.05000000000003
2024-07-18 19:00:00,104.10000000000002
2024-07-18 20:00:00,104.30000000000003
2024-07-18 21:00:00,104.30000000000003
2024-07-18 23:00:00,104.30000000000003
2024-07-19 00:00:00,104.00000000000003
2024-07-19 01:00:00,102.35000000000002
2024-07-19 02:00:00,103.30000000000003
2024-07-19 03:00:00,103.35000000000002
2024-07-19 04:00:00,103.55000000000003
2024-07-19 05:00:00,103.84000000000003
2024-07-19 06:00:00,103.85000000000002
2024-07-19 07:00:00,103.70000000000003
2024-07-19 08:00:00,103.85000000000002
2024-07-19 09:00:00,103.75000000000003
2024-07-19 10:00:00,103.80000000000003
2024-07-19 11:00:00,103.75000000000003
2024-07-19 12:00:00,103.90000000000002
2024-07-19 13:00:00,104.10000000000002
2024-07-19 14:00:00,103.95000000000003
2024-07-19 15:00:00,104.05000000000003
2024-07-19 16:00:00,104.00000000000003
2024-07-19 17:00:00,104.00000000000003
2024-07-19 18:00:00,104.00000000000003
2024-07-19 19:00:00,104.00000000000003
2024-07-19 20:00:00,104.20000000000003
2024-07-19 21:00:00,104.00000000000003
2024-07-21 23:00:00,103.90000000000002
2024-07-22 00:00:00,104.40000000000002
2024-07-22 01:00:00,102.45000000000003
2024-07-22 02:00:00,103.85000000000002
2024-07-22 03:00:00,103.70000000000003
2024-07-22 04:00:00,103.60000000000002
2024-07-22 05:00:00,102.78000000000003
2024-07-22 06:00:00,102.90000000000002
2024-07-22 07:00:00,102.95000000000003
2024-07-22 08:00:00,102.65000000000002
2024-07-22 09:00:00,102.75000000000003
2024-07-22 10:00:00,102.90000000000002
2024-07-22 11:00:00,102.75000000000003
2024-07-22 12:00:00,102.50000000000003
2024-07-22 13:00:00,102.40000000000002
2024-07-22 14:00:00,102.15000000000002
2024-07-22 15:00:00,102.00000000000003
2024-07-22 16:00:00,101.95000000000003
2024-07-22 17:00:00,102.10000000000002
2024-07-22 18:00:00,102.10000000000002
2024-07-22 19:00:00,102.10000000000002
2024-07-22 20:00:00,102.35000000000002
2024-07-22 21:00:00,102.50000000000003
2024-07-22 23:00:00,102.50000000000003
2024-07-23 00:00:00,102.20000000000003
2024-07-23 01:00:00,102.20000000000003
2024-07-23 02:00:00,100.75000000000003
2024-07-23 03:00:00,100.70000000000003
2024-07-23 04:00:00,100.70000000000003
2024-07-23 05:00:00,100.80000000000003
2024-07-23 06:00:00,99.40000000000002
2024-07-23 07:00:00,99.70000000000003
2024-07-23 08:00:00,99.75000000000003
2024-07-23 09:00:00,100.00000000000003
2024-07-23 10:00:00,100.40000000000002
2024-07-23 11:00:00,100.25000000000003
2024-07-23 12:00:00,100.10000000000002
2024-07-23 13:00:00,100.25000000000003
2024-07-23 14:00:00,100.70000000000003
2024-07-23 15:00:00,100.80000000000003
2024-07-23 16:00:00,100.75000000000003
2024-07-23 18:00:00,100.70000000000003
2024-07-23 19:00:00,100.70000000000003
2024-07-23 20:00:00,101.00000000000003
2024-07-23 21:00:00,100.95000000000003
2024-07-23 23:00:00,100.95000000000003
2024-07-24 00:00:00,101.00000000000003
2024-07-24 01:00:00,100.15000000000002
2024-07-24 02:00:00,99.80000000000003
2024-07-24 03:00:00,100.35000000000002
2024-07-24 04:00:00,100.35000000000002
2024-07-24 05:00:00,99.85000000000002
2024-07-24 06:00:00,100.15000000000002
2024-07-24 07:00:00,100.20000000000003
2024-07-24 08:00:00,100.35000000000002
2024-07-24 09:00:00,100.40000000000002
2024-07-24 10:00:00,100.30000000000003
2024-07-24 11:00:00,100.20000000000003
2024-07-24 12:00:00,100.20000000000003
2024-07-24 13:00:00,100.00000000000003
2024-07-24 14:00:00,99.55000000000003
2024-07-24 15:00:00,99.55000000000003
2024-07-24 16:00:00,99.40000000000002
2024-07-24 17:00:00,99.35000000000002
2024-07-24 18:00:00,99.20000000000003
2024-07-24 19:00:00,99.35000000000002
2024-07-24 20:00:00,99.35000000000002
2024-07-24 21:00:00,99.30000000000003
2024-07-24 23:00:00,99.75000000000003
2024-07-25 00:00:00,99.25000000000003
2024-07-25 01:00:00,99.00000000000003
2024-07-25 02:00:00,99.15000000000002
2024-07-25 03:00:00,99.45000000000003
2024-07-25 04:00:00,99.25000000000003
2024-07-25 05:00:00,99.25000000000003
2024-07-25 06:00:00,99.00000000000003
2024-07-25 07:00:00,99.00000000000003
2024-07-25 08:00:00,99.15000000000002
2024-07-25 09:00:00,99.25000000000003
2024-07-25 10:00:00,99.35000000000002
2024-07-25 11:00:00,99.25000000000003
2024-07-25 12:00:00,99.45000000000003
2024-07-25 13:00:00,101.55000000000003
2024-07-25 14:00:00,101.80000000000003
2024-07-25 15:00:00,101.75000000000003
2024-07-25 16:00:00,101.80000000000003
2024-07-25 17:00:00,101.70000000000003
2024-07-25 18:00:00,101.75000000000003
2024-07-25 19:00:00,101.75000000000003
2024-07-25 20:00:00,101.85000000000002
2024-07-25 21:00:00,101.70000000000003
2024-07-25 23:00:00,101.10000000000002
2024-07-26 00:00:00,101.30000000000003
2024-07-26 01:00:00,102.55000000000003
2024-07-26 02:00:00,101.70000000000003
2024-07-26 03:00:00,101.50000000000003
2024-07-26 04:00:00,101.45000000000003
2024-07-26 05:00:00,101.95000000000003
2024-07-26 06:00:00,101.30000000000003
2024-07-26 07:00:00,101.30000000000003
2024-07-26 08:00:00,101.60000000000002
2024-07-26 09:00:00,101.80000000000003
2024-07-26 10:00:00,101.90000000000002
2024-07-26 11:00:00,101.45000000000003
2024-07-26 12:00:00,101.65000000000002
2024-07-26 13:00:00,101.45000000000003
2024-07-26 14:00:00,101.40000000000002
2024-07-26 15:00:00,100.85000000000002
2024-07-26 16:00:00,100.80000000000003
2024-07-26 17:00:00,100.80000000000003
2024-07-26 19:00:00,100.90000000000002
2024-07-26 20:00:00,100.80000000000003
2024-07-26 21:00:00,100.80000000000003
2024-07-28 23:00:00,100.75000000000003
2024-07-29 00:00:00,101.00000000000003
2024-07-29 01:00:00,100.85000000000002
2024-07-29 02:00:00,100.90000000000002
2024-07-29 03:00:00,100.75000000000003
2024-07-29 04:00:00,100.60000000000002
2024-07-29 05:00:00,101.25000000000003
2024-07-29 06:00:00,101.05000000000003
2024-07-29 07:00:00,101.20000000000003
2024-07-29 08:00:00,101.30000000000003
2024-07-29 09:00:00,101.35000000000002
2024-07-29 10:00:00,101.40000000000002
2024-07-29 11:00:00,101.40000000000002
2024-07-29 12:00:00,101.75000000000003
2024-07-29 13:00:00,100.70000000000003
2024-07-29 14:00:00,100.45000000000003
2024-07-29 15:00:00,100.25000000000003
2024-07-29 16:00:00,100.45000000000003
2024-07-29 17:00:00,100.35000000000002
2024-07-29 18:00:00,100.40000000000002
2024-07-29 19:00:00,100.40000000000002
2024-07-29 20:00:00,100.25000000000003
2024-07-29 21:00:00,100.25000000000003
2024-07-29 23:00:00,100.65000000000002
2024-07-30 00:00:00,100.65000000000002
2024-07-30 01:00:00,99.40000000000002
2024-07-30 02:00:00,99.25000000000001
2024-07-30 03:00:00,99.25000000000001
2024-07-30 04:00:00,99.20000000000002
2024-07-30 05:00:00,99.05000000000001
2024-07-30 06:00:00,98.15000000000002
2024-07-30 07:00:00,98.20000000000002
2024-07-30 08:00:00,98.50000000000001
2024-07-30 09:00:00,98.60000000000001
2024-07-30 10:00:00,98.60000000000001
2024-07-30 11:00:00,98.55000000000001
2024-07-30 12:00:00,98.20000000000002
2024-07-30 13:00:00,98.00000000000001
2024-07-30 14:00:00,99.45000000000002
2024-07-30 15:00:00,99.40000000000002
2024-07-30 16:00:00,99.45000000000002
2024-07-30 17:00:00,99.45000000000002
2024-07-30 18:00:00,99.50000000000001
2024-07-30 19:00:00,99.60000000000001
2024-07-30 20:00:00,99.40000000000002
2024-07-30 21:00:00,99.40000000000002
2024-07-30 23:00:00,99.50000000000001
2024-07-31 00:00:00,99.60000000000001
2024-07-31 01:00:00,101.00000000000001
2024-07-31 02:00:00,100.85000000000001
2024-07-31 03:00:00,101.00000000000001
2024-07-31 04:00:00,100.90000000000002
2024-07-31 05:00:00,100.38000000000001
2024-07-31 06:00:00,99.75000000000001
2024-07-31 07:00:00,100.20000000000002
2024-07-31 08:00:00,100.40000000000002
2024-07-31 09:00:00,100.75000000000001
2024-07-31 10:00:00,100.55000000000001
2024-07-31 11:00:00,100.85000000000001
2024-07-31 12:00:00,101.15000000000002
2024-07-31 13:00:00,102.25000000000001
2024-07-31 14:00:00,102.25000000000001
2024-07-31 15:00:00,102.35000000000001
2024-07-31 16:00:00,102.45000000000002
2024-07-31 17:00:00,102.35000000000001
2024-07-31 18:00:00,102.30000000000001
2024-07-31 19:00:00,102.35000000000001
2024-07-31 20:00:00,102.45000000000002
2024-07-31 21:00:00,102.50000000000001
2024-07-31 23:00:00,102.45000000000002
2024-08-01 00:00:00,102.20000000000002
2024-08-01 01:00:00,102.05000000000001
2024-08-01 02:00:00,100.95000000000002
2024-08-01 03:00:00,100.90000000000002
2024-08-01 04:00:00,101.00000000000001
2024-08-01 05:00:00,102.11000000000001
2024-08-01 06:00:00,102.10000000000001
2024-08-01 07:00:00,102.30000000000001
2024-08-01 08:00:00,102.20000000000002
2024-08-01 09:00:00,101.75000000000001
2024-08-01 10:00:00,101.05000000000001
2024-08-01 11:00:00,101.60000000000001
2024-08-01 12:00:00,101.30000000000001
2024-08-01 13:00:00,101.45000000000002
2024-08-01 14:00:00,100.90000000000002
2024-08-01 15:00:00,100.90000000000002
2024-08-01 16:00:00,100.75000000000001
2024-08-01 17:00:00,100.75000000000001
2024-08-01 18:00:00,100.75000000000001
2024-08-01 19:00:00,100.70000000000002
2024-08-01 20:00:00,100.70000000000002
2024-08-01 21:00:00,100.60000000000001
2024-08-01 23:00:00,100.70000000000002
2024-08-02 00:00:00,100.65000000000002
2024-08-02 01:00:00,100.95000000000002
2024-08-02 02:00:00,101.15000000000002
2024-08-02 03:00:00,102.60000000000001
2024-08-02 04:00:00,102.60000000000001
2024-08-02 05:00:00,102.65000000000002
2024-08-02 06:00:00,104.00000000000001
2024-08-02 07:00:00,103.50000000000001
2024-08-02 08:00:00,103.40000000000002
2024-08-02 09:00:00,102.90000000000002
2024-08-02 10:00:00,102.90000000000002
2024-08-02 11:00:00,103.05000000000001
2024-08-02 12:00:00,102.65000000000002
2024-08-02 13:00:00,103.30000000000001
2024-08-02 14:00:00,102.25000000000001
2024-08-02 15:00:00,102.30000000000001
2024-08-02 16:00:00,102.30000000000001
2024-08-02 17:00:00,102.30000000000001
2024-08-02 18:00:00,102.30000000000001
2024-08-02 20:00:00,102.45000000000002
2024-08-02 21:00:00,102.15000000000002
2024-08-04 23:00:00,102.85000000000001
2024-08-05 00:00:00,102.25000000000001
2024-08-05 01:00:00,103.65000000000002
2024-08-05 02:00:00,104.00000000000001
2024-08-05 03:00:00,105.15000000000002
2024-08-05 04:00:00,105.25000000000001
2024-08-05 05:00:00,104.65000000000002
2024-08-05 06:00:00,104.35000000000001
2024-08-05 07:00:00,104.30000000000001
2024-08-05 08:00:00,103.85000000000001
2024-08-05 09:00:00,103.70000000000002
2024-08-05 10:00:00,103.45000000000002
2024-08-05 11:00:00,102.95000000000002
2024-08-05 12:00:00,103.00000000000001
2024-08-05 13:00:00,103.90000000000002
2024-08-05 14:00:00,103.95000000000002
2024-08-05 15:00:00,103.95000000000002
2024-08-05 16:00:00,103.95000000000002
2024-08-05 17:00:00,103.95000000000002
2024-08-05 18:00:00,103.95000000000002
2024-08-05 19:00:00,103.95000000000002
2024-08-05 20:00:00,103.75000000000001
2024-08-05 21:00:00,103.80000000000001
2024-08-05 23:00:00,104.00000000000001
2024-08-06 00:00:00,104.00000000000001
2024-08-06 01:00:00,103.55000000000001
2024-08-06 02:00:00,102.85000000000001
2024-08-06 03:00:00,102.65000000000002
2024-08-06 04:00:00,102.70000000000002
2024-08-06 05:00:00,102.03000000000002
2024-08-06 06:00:00,102.55000000000001
2024-08-06 07:00:00,102.35000000000001
2024-08-06 08:00:00,102.30000000000001
2024-08-06 09:00:00,102.25000000000001
2024-08-06 10:00:00,102.20000000000002
2024-08-06 11:00:00,102.40000000000002
2024-08-06 12:00:00,102.65000000000002
2024-08-06 13:00:00,102.05000000000001
2024-08-06 14:00:00,102.40000000000002
2024-08-06 15:00:00,101.60000000000001
2024-08-06 16:00:00,101.75000000000001
2024-08-06 17:00:00,101.70000000000002
2024-08-06 18:00:00,101.65000000000002
2024-08-06 19:00:00,101.65000000000002
2024-08-06 20:00:00,101.65000000000002
2024-08-06 21:00:00,101.70000000000002
2024-08-06 23:00:00,101.75000000000001
2024-08-07 00:00:00,101.95000000000002
2024-08-07 01:00:00,102.65000000000002
2024-08-07 02:00:00,102.30000000000001
2024-08-07 03:00:00,101.65000000000002
2024-08-07 04:00:00,101.60000000000001
2024-08-07 05:00:00,100.58000000000001
2024-08-07 06:00:00,100.70000000000002
2024-08-07 07:00:00,100.30000000000001
2024-08-07 08:00:00,100.55000000000001
2024-08-07 09:00:00,100.60000000000001
2024-08-07 10:00:00,100.50000000000001
2024-08-07 11:00:00,100.70000000000002
2024-08-07 12:00:00,100.75000000000001
2024-08-07 13:00:00,100.55000000000001
2024-08-07 14:00:00,101.20000000000002
2024-08-07 15:00:00,101.60000000000001
2024-08-07 16:00:00,101.45000000000002
2024-08-07 17:00:00,101.40000000000002
2024-08-07 18:00:00,101.35000000000001
2024-08-07 19:00:00,101.45000000000002
2024-08-07 20:00:00,101.65000000000002
2024-08-07 21:00:00,101.65000000000002
2024-08-07 23:00:00,101.60000000000001
2024-08-08 00:00:00,101.45000000000002
2024-08-08 01:00:00,99.40000000000002
2024-08-08 02:00:00,100.05000000000001
2024-08-08 03:00:00,99.00000000000001
2024-08-08 04:00:00,99.10000000000001
2024-08-08 05:00:00,98.95000000000002
2024-08-08 06:00:00,98.90000000000002
2024-08-08 07:00:00,98.60000000000001
2024-08-08 08:00:00,99.10000000000001
2024-08-08 09:00:00,99.20000000000002
2024-08-08 10:00:00,99.15000000000002
2024-08-08 11:00:00,99.15000000000002
2024-08-08 12:00:00,99.35000000000001
2024-08-08 13:00:00,99.45000000000002
2024-08-08 14:00:00,99.20000000000002
2024-08-08 15:00:00,99.70000000000002
2024-08-08 16:00:00,99.45000000000002
2024-08-08 17:00:00,99.45000000000002
2024-08-08 19:00:00,99.45000000000002
2024-08-08 20:00:00,99.65000000000002
2024-08-08 21:00:00,99.40000000000002
2024-08-08 23:00:00,99.45000000000002
2024-08-09 00:00:00,99.50000000000001
2024-08-09 01:00:00,100.35000000000001
2024-08-09 02:00:00,101.40000000000002
2024-08-09 03:00:00,101.40000000000002
2024-08-09 04:00:00,101.70000000000002
2024-08-09 05:00:00,100.74000000000001
2024-08-09 06:00:00,100.60000000000001
2024-08-09 07:00:00,100.75000000000001
2024-08-09 08:00:00,100.75000000000001
2024-08-09 09:00:00,100.75000000000001
2024-08-09 10:00:00,100.70000000000002
2024-08-09 11:00:00,100.70000000000002
2024-08-09 12:00:00,100.80000000000001
2024-08-09 13:00:00,100.70000000000002
2024-08-09 14:00:00,99.95000000000002
2024-08-09 15:00:00,100.05000000000001
2024-08-09 16:00:00,100.05000000000001
2024-08-09 17:00:00,100.05000000000001
2024-08-09 18:00:00,100.05000000000001
2024-08-09 19:00:00,100.05000000000001
2024-08-09 20:00:00,100.25000000000001
2024-08-09 21:00:00,100.05000000000001
2024-08-11 23:00:00,100.05000000000001
2024-08-12 00:00:00,99.85000000000001
2024-08-12 01:00:00,98.50000000000001
2024-08-12 02:00:00,98.85000000000001
2024-08-12 03:00:00,98.60000000000001
2024-08-12 04:00:00,98.55000000000001
2024-08-12 05:00:00,98.25000000000001
2024-08-12 06:00:00,99.05000000000001
2024-08-12 07:00:00,99.00000000000001
2024-08-12 08:00:00,99.05000000000001
2024-08-12 09:00:00,98.80000000000001
2024-08-12 10:00:00,98.85000000000001
2024-08-12 11:00:00,98.75000000000001
2024-08-12 12:00:00,99.10000000000001
2024-08-12 13:00:00,100.00000000000001
2024-08-12 14:00:00,100.25000000000001
2024-08-12 15:00:00,100.20000000000002
2024-08-12 16:00:00,100.20000000000002
2024-08-12 17:00:00,100.20000000000002
2024-08-12 18:00:00,100.20000000000002
2024-08-12 19:00:00,100.10000000000001
2024-08-12 20:00:00,100.20000000000002
2024-08-12 21:00:00,99.95000000000002
2024-08-12 23:00:00,100.05000000000001
2024-08-13 00:00:00,100.10000000000001
2024-08-13 01:00:00,100.30000000000001
2024-08-13 02:00:00,99.40000000000002
2024-08-13 03:00:00,98.50000000000001
2024-08-13 04:00:00,98.60000000000001
2024-08-13 05:00:00,98.35000000000001
2024-08-13 06:00:00,98.75000000000001
2024-08-13 07:00:00,98.65000000000002
2024-08-13 08:00:00,98.30000000000001
2024-08-13 09:00:00,98.10000000000001
2024-08-13 10:00:00,98.10000000000001
2024-08-13 11:00:00,98.40000000000002
2024-08-13 12:00:00,98.20000000000002
2024-08-13 13:00:00,97.35000000000001
2024-08-13 14:00:00,97.85000000000001
2024-08-13 15:00:00,98.05000000000001
2024-08-13 16:00:00,97.95000000000002
2024-08-13 17:00:00,97.90000000000002
2024-08-13 18:00:00,97.90000000000002
2024-08-13 19:00:00,97.90000000000002
2024-08-13 20:00:00,98.10000000000001
2024-08-13 21:00:00,97.95000000000002
2024-08-13 23:00:00,97.90000000000002
2024-08-14 00:00:00,97.90000000000002
2024-08-14 01:00:00,97.75000000000001
2024-08-14 02:00:00,97.10000000000001
2024-08-14 03:00:00,96.15000000000002
2024-08-14 04:00:00,96.05000000000001
2024-08-14 05:00:00,95.45000000000002
2024-08-14 06:00:00,95.70000000000002
2024-08-14 07:00:00,95.60000000000001
2024-08-14 08:00:00,95.55000000000001
2024-08-14 09:00:00,95.55000000000001
2024-08-14 10:00:00,95.80000000000001
2024-08-14 11:00:00,95.95000000000002
2024-08-14 12:00:00,96.00000000000001
2024-08-14 13:00:00,95.45000000000002
2024-08-14 14:00:00,95.55000000000001
2024-08-14 15:00:00,95.60000000000001
2024-08-14 16:00:00,95.45000000000002
2024-08-14 17:00:00,95.35000000000001
2024-08-14 18:00:00,95.35000000000001
2024-08-14 19:00:00,95.30000000000001
2024-08-14 20:00:00,95.50000000000001
2024-08-14 21:00:00,95.40000000000002
2024-08-14 23:00:00,95.40000000000002
2024-08-15 00:00:00,95.30000000000001
2024-08-15 01:00:00,94.45000000000002
2024-08-15 02:00:00,94.55000000000001
2024-08-15 03:00:00,93.55000000000001
2024-08-15 04:00:00,93.45000000000002
2024-08-15 05:00:00,93.27000000000001
2024-08-15 06:00:00,93.65000000000002
2024-08-15 07:00:00,93.30000000000001
2024-08-15 08:00:00,93.20000000000002
2024-08-15 09:00:00,93.25000000000001
2024-08-15 10:00:00,93.30000000000001
2024-08-15 11:00:00,93.40000000000002
2024-08-15 12:00:00,94.10000000000001
2024-08-15 13:00:00,94.10000000000001
2024-08-15 14:00:00,94.95000000000002
2024-08-15 15:00:00,94.75000000000001
2024-08-15 16:00:00,94.45000000000002
2024-08-15 17:00:00,94.35000000000001
2024-08-15 18:00:00,94.35000000000001
2024-08-15 19:00:00,94.35000000000001
2024-08-15 20:00:00,94.40000000000002
2024-08-15 21:00:00,94.45000000000002
2024-08-15 23:00:00,94.15000000000002
2024-08-16 00:00:00,94.35000000000001
2024-08-16 01:00:00,94.30000000000001
2024-08-16 02:00:00,93.65000000000002
2024-08-16 03:00:00,92.90000000000002
2024-08-16 04:00:00,92.85000000000001
2024-08-16 05:00:00,92.75000000000001
2024-08-16 06:00:00,92.30000000000001
2024-08-16 07:00:00,92.30000000000001
2024-08-16 08:00:00,92.20000000000002
2024-08-16 09:00:00,92.00000000000001
2024-08-16 10:00:00,92.05000000000001
2024-08-16 11:00:00,92.15000000000002
2024-08-16 12:00:00,91.70000000000002
2024-08-16 13:00:00,92.15000000000002
2024-08-16 14:00:00,93.10000000000001
2024-08-16 15:00:00,93.15000000000002
2024-08-16 16:00:00,93.00000000000001
2024-08-16 17:00:00,93.05000000000001
2024-08-16 18:00:00,93.00000000000001
2024-08-16 20:00:00,93.05000000000001
2024-08-16 21:00:00,92.75000000000001
2024-08-18 23:00:00,92.85000000000001
2024-08-19 00:00:00,93.25000000000001
2024-08-19 01:00:00,93.95000000000002
2024-08-19 02:00:00,93.40000000000002
2024-08-19 03:00:00,93.45000000000002
2024-08-19 04:00:00,93.45000000000002
2024-08-19 05:00:00,94.53000000000002
2024-08-19 06:00:00,94.60000000000001
2024-08-19 07:00:00,94.70000000000002
2024-08-19 08:00:00,94.70000000000002
2024-08-19 09:00:00,94.90000000000002
2024-08-19 10:00:00,94.75000000000001
2024-08-19 11:00:00,94.85000000000001
2024-08-19 12:00:00,94.80000000000001
2024-08-19 13:00:00,95.00000000000001
2024-08-19 14:00:00,94.80000000000001
2024-08-19 15:00:00,95.00000000000001
2024-08-19 16:00:00,95.05000000000001
2024-08-19 17:00:00,95.15000000000002
2024-08-19 18:00:00,95.00000000000001
2024-08-19 19:00:00,95.10000000000001
2024-08-19 20:00:00,95.10000000000001
2024-08-19 21:00:00,95.20000000000002
2024-08-19 23:00:00,95.25000000000001
2024-08-20 00:00:00,95.00000000000001
2024-08-20 01:00:00,93.95000000000002
2024-08-20 02:00:00,94.10000000000001
2024-08-20 03:00:00,93.90000000000002
2024-08-20 04:00:00,93.95000000000002
2024-08-20 05:00:00,93.85000000000001
2024-08-20 06:00:00,94.05000000000001
2024-08-20 07:00:00,93.95000000000002
2024-08-20 08:00:00,95.20000000000002
2024-08-20 09:00:00,95.35000000000001
2024-08-20 10:00:00,95.35000000000001
2024-08-20 11:00:00,95.25000000000001
2024-08-20 12:00:00,95.30000000000001
2024-08-20 13:00:00,96.10000000000001
2024-08-20 14:00:00,95.95000000000002
2024-08-20 15:00:00,96.05000000000001
2024-08-20 16:00:00,95.95000000000002
2024-08-20 18:00:00,96.05000000000001
2024-08-20 20:00:00,96.05000000000001
2024-08-20 21:00:00,95.75000000000001
2024-08-20 23:00:00,96.25000000000001
2024-08-21 00:00:00,96.05000000000001
2024-08-21 01:00:00,96.25000000000001
2024-08-21 02:00:00,96.90000000000002
2024-08-21 03:00:00,98.20000000000002
2024-08-21 04:00:00,98.05000000000001
2024-08-21 05:00:00,98.05000000000001
2024-08-21 06:00:00,98.85000000000001
2024-08-21 07:00:00,98.35000000000001
2024-08-21 08:00:00,98.35000000000001
2024-08-21 09:00:00,98.55000000000001
2024-08-21 10:00:00,98.55000000000001
2024-08-21 11:00:00,98.20000000000002
2024-08-21 12:00:00,98.35000000000001
2024-08-21 13:00:00,98.20000000000002
2024-08-21 14:00:00,97.80000000000001
2024-08-21 15:00:00,97.85000000000001
2024-08-21 16:00:00,97.90000000000002
2024-08-21 17:00:00,97.75000000000001
2024-08-21 18:00:00,97.95000000000002
2024-08-21 19:00:00,97.95000000000002
2024-08-21 20:00:00,97.90000000000002
2024-08-21 21:00:00,98.00000000000001
2024-08-21 23:00:00,97.65000000000002
2024-08-22 00:00:00,98.00000000000001
2024-08-22 01:00:00,97.45000000000002
2024-08-22 02:00:00,98.45000000000002
2024-08-22 03:00:00,98.55000000000001
2024-08-22 04:00:00,98.60000000000001
2024-08-22 05:00:00,96.95000000000002
2024-08-22 06:00:00,97.10000000000001
2024-08-22 07:00:00,96.75000000000001
2024-08-22 08:00:00,96.95000000000002
2024-08-22 09:00:00,97.30000000000001
2024-08-22 10:00:00,97.20000000000002
2024-08-22 11:00:00,97.35000000000001
2024-08-22 12:00:00,96.85000000000001
2024-08-22 13:00:00,96.35000000000001
2024-08-22 14:00:00,96.70000000000002
2024-08-22 15:00:00,97.00000000000001
2024-08-22 16:00:00,96.95000000000002
2024-08-22 17:00:00,97.05000000000001
2024-08-22 18:00:00,97.05000000000001
2024-08-22 19:00:00,97.05000000000001
2024-08-22 20:00:00,97.00000000000001
2024-08-22 21:00:00,97.10000000000001
2024-08-22 23:00:00,97.00000000000001
2024-08-23 00:00:00,96.55000000000001
2024-08-23 01:00:00,96.00000000000001
2024-08-23 02:00:00,96.25000000000001
2024-08-23 03:00:00,97.35000000000001
2024-08-23 04:00:00,97.40000000000002
2024-08-23 05:00:00,95.93000000000002
2024-08-23 06:00:00,95.90000000000002
2024-08-23 07:00:00,96.15000000000002
2024-08-23 08:00:00,96.00000000000001
2024-08-23 09:00:00,96.00000000000001
2024-08-23 10:00:00,95.75000000000001
2024-08-23 11:00:00,95.55000000000001
2024-08-23 12:00:00,95.80000000000001
2024-08-23 13:00:00,95.50000000000001
2024-08-23 14:00:00,97.00000000000001
2024-08-23 15:00:00,97.10000000000001
2024-08-23 16:00:00,97.05000000000001
2024-08-23 17:00:00,96.95000000000002
2024-08-23 18:00:00,96.85000000000001
2024-08-23 19:00:00,96.85000000000001
2024-08-23 20:00:00,97.05000000000001
2024-08-23 21:00:00,96.85000000000001
2024-08-25 23:00:00,96.85000000000001
2024-08-26 00:00:00,97.55000000000001
2024-08-26 01:00:00,98.60000000000001
2024-08-26 02:00:00,98.55000000000001
2024-08-26 03:00:00,99.05000000000001
2024-08-26 04:00:00,99.20000000000002
2024-08-26 05:00:00,100.18000000000002
2024-08-26 06:00:00,100.20000000000002
2024-08-26 07:00:00,100.00000000000001
2024-08-26 08:00:00,100.25000000000001
2024-08-26 09:00:00,100.25000000000001
2024-08-26 10:00:00,100.10000000000001
2024-08-26 11:00:00,100.05000000000001
2024-08-26 12:00:00,100.00000000000001
2024-08-26 13:00:00,99.95000000000002
2024-08-26 14:00:00,100.15000000000002
2024-08-26 15:00:00,100.15000000000002
2024-08-26 16:00:00,99.95000000000002
2024-08-26 17:00:00,100.00000000000001
2024-08-26 18:00:00,100.05000000000001
2024-08-26 19:00:00,100.20000000000002
2024-08-26 20:00:00,100.20000000000002
2024-08-26 21:00:00,99.95000000000002
2024-08-26 23:00:00,100.05000000000001
2024-08-27 00:00:00,100.05000000000001
2024-08-27 01:00:00,100.70000000000002
2024-08-27 02:00:00,100.85000000000001
2024-08-27 03:00:00,101.65000000000002
2024-08-27 04:00:00,101.55000000000001
2024-08-27 05:00:00,101.43000000000002
2024-08-27 06:00:00,101.55000000000001
2024-08-27 07:00:00,101.40000000000002
2024-08-27 08:00:00,101.45000000000002
2024-08-27 09:00:00,101.30000000000001
2024-08-27 10:00:00,101.45000000000002
2024-08-27 11:00:00,101.60000000000001
2024-08-27 12:00:00,101.50000000000001
2024-08-27 13:00:00,101.40000000000002
2024-08-27 14:00:00,101.90000000000002
2024-08-27 15:00:00,101.95000000000002
2024-08-27 16:00:00,101.85000000000001
2024-08-27 17:00:00,101.95000000000002
2024-08-27 18:00:00,101.95000000000002
2024-08-27 19:00:00,101.95000000000002
2024-08-27 20:00:00,102.00000000000001
2024-08-27 21:00:00,101.55000000000001
2024-08-27 23:00:00,102.00000000000001
2024-08-28 00:00:00,102.15000000000002
2024-08-28 01:00:00,101.20000000000002
2024-08-28 02:00:00,100.60000000000001
2024-08-28 03:00:00,101.15000000000002
2024-08-28 04:00:00,100.95000000000002
2024-08-28 05:00:00,100.78000000000002
2024-08-28 06:00:00,100.80000000000001
2024-08-28 07:00:00,100.85000000000001
2024-08-28 08:00:00,100.85000000000001
2024-08-28 09:00:00,100.95000000000002
2024-08-28 10:00:00,100.65000000000002
2024-08-28 11:00:00,100.70000000000002
2024-08-28 12:00:00,100.35000000000001
2024-08-28 13:00:00,100.85000000000001
2024-08-28 14:00:00,101.30000000000001
2024-08-28 15:00:00,101.10000000000001
2024-08-28 16:00:00,100.95000000000002
2024-08-28 17:00:00,100.80000000000001
2024-08-28 18:00:00,100.80000000000001
2024-08-28 19:00:00,100.90000000000002
2024-08-28 20:00:00,100.95000000000002
2024-08-28 21:00:00,101.25000000000001
2024-08-28 23:00:00,101.05000000000001
2024-08-29 00:00:00,101.05000000000001
2024-08-29 01:00:00,101.30000000000001
2024-08-29 02:00:00,101.75
2024-08-29 03:00:00,102.4
2024-08-29 04:00:00,102.15
2024-08-29 05:00:00,102.30000000000001
2024-08-29 06:00:00,102.0
2024-08-29 07:00:00,102.0
2024-08-29 08:00:00,101.7
2024-08-29 09:00:00,101.80000000000001
2024-08-29 10:00:00,101.9
2024-08-29 11:00:00,101.95
2024-08-29 12:00:00,101.85000000000001
2024-08-29 13:00:00,101.7
2024-08-29 14:00:00,101.75
2024-08-29 15:00:00,101.55000000000001
2024-08-29 16:00:00,101.80000000000001
2024-08-29 17:00:00,101.9
2024-08-29 19:00:00,101.80000000000001
2024-08-29 20:00:00,101.75
2024-08-29 21:00:00,101.9
2024-08-29 23:00:00,101.9
2024-08-30 00:00:00,101.9
2024-08-30 01:00:00,101.10000000000001
2024-08-30 02:00:00,101.55000000000001
2024-08-30 03:00:00,102.2
2024-08-30 04:00:00,102.2
2024-08-30 05:00:00,100.98
2024-08-30 06:00:00,101.30000000000001
2024-08-30 07:00:00,101.05000000000001
2024-08-30 08:00:00,101.15
2024-08-30 09:00:00,100.9
2024-08-30 10:00:00,101.05000000000001
2024-08-30 11:00:00,100.95
2024-08-30 12:00:00,100.95
2024-08-30 13:00:00,101.25
2024-08-30 14:00:00,100.7
2024-08-30 15:00:00,100.80000000000001
2024-08-30 16:00:00,100.75
2024-08-30 17:00:00,100.75
2024-08-30 18:00:00,100.7
2024-08-30 20:00:00,100.75
2024-08-30 21:00:00,100.60000000000001
2024-09-01 23:00:00,100.60000000000001
2024-09-02 00:00:00,100.80000000000001
2024-09-02 01:00:00,98.5
2024-09-02 02:00:00,97.9
2024-09-02 03:00:00,97.95
2024-09-02 04:00:00,97.95
2024-09-02 05:00:00,97.7
2024-09-02 06:00:00,97.0
2024-09-02 07:00:00,96.9
2024-09-02 08:00:00,96.85000000000001
2024-09-02 09:00:00,96.85000000000001
2024-09-02 10:00:00,96.95
2024-09-02 11:00:00,96.95
2024-09-02 12:00:00,96.9
2024-09-02 13:00:00,96.80000000000001
2024-09-02 14:00:00,96.95
2024-09-02 15:00:00,96.95
2024-09-02 16:00:00,96.85000000000001
2024-09-02 17:00:00,96.9
2024-09-02 18:00:00,96.9
2024-09-02 19:00:00,96.9
2024-09-02 20:00:00,96.9
2024-09-02 23:00:00,96.9
2024-09-03 00:00:00,96.9
2024-09-03 01:00:00,96.30000000000001
2024-09-03 02:00:00,95.5
2024-09-03 03:00:00,94.75
2024-09-03 04:00:00,94.60000000000001
2024-09-03 05:00:00,94.9
2024-09-03 06:00:00,94.35000000000001
2024-09-03 07:00:00,93.9
2024-09-03 08:00:00,93.60000000000001
2024-09-03 09:00:00,93.60000000000001
2024-09-03 10:00:00,93.5
2024-09-03 11:00:00,93.55000000000001
2024-09-03 12:00:00,93.7
2024-09-03 13:00:00,93.10000000000001
2024-09-03 14:00:00,93.65
2024-09-03 15:00:00,93.9
2024-09-03 16:00:00,93.9
2024-09-03 17:00:00,93.9
2024-09-03 18:00:00,93.80000000000001
2024-09-03 19:00:00,93.80000000000001
2024-09-03 20:00:00,93.9
2024-09-03 21:00:00,93.95
2024-09-03 23:00:00,93.95
2024-09-04 00:00:00,93.65
2024-09-04 01:00:00,93.9
2024-09-04 02:00:00,94.7
2024-09-04 03:00:00,93.7
2024-09-04 04:00:00,93.85000000000001
2024-09-04 05:00:00,92.9
2024-09-04 06:00:00,92.35000000000001
2024-09-04 07:00:00,91.9
2024-09-04 08:00:00,92.60000000000001
2024-09-04 09:00:00,93.15
2024-09-04 10:00:00,92.65
2024-09-04 11:00:00,92.9
2024-09-04 12:00:00,92.55000000000001
2024-09-04 13:00:00,92.4
2024-09-04 14:00:00,92.5
2024-09-04 15:00:00,92.65
2024-09-04 16:00:00,92.65
2024-09-04 17:00:00,92.75
2024-09-04 18:00:00,92.9
2024-09-04 20:00:00,93.05000000000001
2024-09-04 21:00:00,93.15
2024-09-04 23:00:00,93.0
2024-09-05 00:00:00,92.65
2024-09-05 01:00:00,91.2
2024-09-05 02:00:00,91.85000000000001
2024-09-05 03:00:00,90.85000000000001
2024-09-05 04:00:00,90.9
2024-09-05 05:00:00,91.06
2024-09-05 06:00:00,91.0
2024-09-05 07:00:00,91.2
2024-09-05 08:00:00,91.2
2024-09-05 09:00:00,91.05000000000001
2024-09-05 10:00:00,91.05000000000001
2024-09-05 11:00:00,91.30000000000001
2024-09-05 12:00:00,91.45
2024-09-05 13:00:00,92.80000000000001
2024-09-05 14:00:00,92.60000000000001
2024-09-05 15:00:00,92.45
2024-09-05 16:00:00,92.55000000000001
2024-09-05 17:00:00,92.5
2024-09-05 18:00:00,92.5
2024-09-05 19:00:00,92.45
2024-09-05 20:00:00,92.45
2024-09-05 21:00:00,92.55000000000001
2024-09-05 23:00:00,92.55000000000001
2024-09-06 00:00:00,92.4
2024-09-06 01:00:00,91.55000000000001
2024-09-06 02:00:00,90.7
2024-09-06 03:00:00,90.5
2024-09-06 04:00:00,90.45
2024-09-06 05:00:00,91.77000000000001
2024-09-06 06:00:00,92.10000000000001
2024-09-06 07:00:00,91.9
2024-09-06 08:00:00,91.80000000000001
2024-09-06 09:00:00,91.80000000000001
2024-09-06 10:00:00,92.10000000000001
2024-09-06 11:00:00,92.15
2024-09-06 12:00:00,92.45
2024-09-06 13:00:00,90.95
2024-09-06 14:00:00,90.35000000000001
2024-09-06 15:00:00,90.55000000000001
2024-09-06 16:00:00,90.30000000000001
2024-09-06 17:00:00,90.4
2024-09-06 18:00:00,90.35000000000001
2024-09-06 19:00:00,90.35000000000001
2024-09-06 20:00:00,90.35000000000001
2024-09-06 21:00:00,90.45
2024-09-08 23:00:00,89.9
2024-09-09 00:00:00,90.0
2024-09-09 01:00:00,90.65
2024-09-09 02:00:00,90.75
2024-09-09 03:00:00,90.60000000000001
2024-09-09 04:00:00,90.55000000000001
2024-09-09 05:00:00,91.10000000000001
2024-09-09 06:00:00,91.9
2024-09-09 07:00:00,91.60000000000001
2024-09-09 08:00:00,91.7
2024-09-09 09:00:00,92.05000000000001
2024-09-09 10:00:00,92.35000000000001
2024-09-09 11:00:00,92.45
2024-09-09 12:00:00,92.45
2024-09-09 13:00:00,92.75
2024-09-09 14:00:00,92.75
2024-09-09 15:00:00,92.65
2024-09-09 16:00:00,92.7
2024-09-09 17:00:00,92.65
2024-09-09 18:00:00,92.65
2024-09-09 19:00:00,92.7
2024-09-09 20:00:00,92.7
2024-09-09 21:00:00,92.80000000000001
2024-09-09 23:00:00,92.7
2024-09-10 00:00:00,92.65
2024-09-10 01:00:00,91.7
2024-09-10 02:00:00,91.95
2024-09-10 03:00:00,91.9
2024-09-10 04:00:00,91.80000000000001
2024-09-10 05:00:00,91.9
2024-09-10 06:00:00,90.9
2024-09-10 07:00:00,90.75
2024-09-10 08:00:00,90.75
2024-09-10 09:00:00,90.65
2024-09-10 10:00:00,91.15
2024-09-10 11:00:00,91.05000000000001
2024-09-10 12:00:00,91.05000000000001
2024-09-10 13:00:00,90.45
2024-09-10 14:00:00,91.0
2024-09-10 15:00:00,90.9
2024-09-10 16:00:00,90.80000000000001
2024-09-10 17:00:00,90.75
2024-09-10 19:00:00,90.75
2024-09-10 20:00:00,90.65
2024-09-10 21:00:00,90.60000000000001
2024-09-10 23:00:00,90.80000000000001
2024-09-11 00:00:00,91.10000000000001
2024-09-11 01:00:00,91.85000000000001
2024-09-11 02:00:00,91.5
2024-09-11 03:00:00,92.35000000000001
2024-09-11 04:00:00,92.25
2024-09-11 05:00:00,92.80000000000001
2024-09-11 06:00:00,93.0
2024-09-11 07:00:00,92.80000000000001
2024-09-11 08:00:00,92.85000000000001
2024-09-11 09:00:00,93.0
2024-09-11 10:00:00,92.95
2024-09-11 11:00:00,93.05000000000001
2024-09-11 12:00:00,93.05000000000001
2024-09-11 13:00:00,92.9
2024-09-11 14:00:00,92.45
2024-09-11 15:00:00,92.30000000000001
2024-09-11 16:00:00,92.35000000000001
2024-09-11 17:00:00,92.80000000000001
2024-09-11 18:00:00,92.7
2024-09-11 19:00:00,92.75
2024-09-11 20:00:00,92.80000000000001
2024-09-11 21:00:00,93.05000000000001
2024-09-11 23:00:00,93.0
2024-09-12 00:00:00,92.7
2024-09-12 01:00:00,92.80000000000001
2024-09-12 02:00:00,92.60000000000001
2024-09-12 03:00:00,93.9
2024-09-12 04:00:00,93.9
2024-09-12 05:00:00,94.82000000000001
2024-09-12 06:00:00,94.80000000000001
2024-09-12 07:00:00,94.7
2024-09-12 08:00:00,95.0
2024-09-12 09:00:00,94.95
2024-09-12 10:00:00,95.05000000000001
2024-09-12 11:00:00,95.0
2024-09-12 12:00:00,94.9
2024-09-12 13:00:00,94.55000000000001
2024-09-12 14:00:00,94.60000000000001
2024-09-12 15:00:00,94.65
2024-09-12 16:00:00,94.65
2024-09-12 17:00:00,94.65
2024-09-12 18:00:00,94.65
2024-09-12 19:00:00,94.65
2024-09-12 20:00:00,94.75
2024-09-12 21:00:00,94.60000000000001
2024-09-12 23:00:00,94.65
2024-09-13 00:00:00,94.85000000000001
2024-09-13 01:00:00,95.25
2024-09-13 02:00:00,94.95
2024-09-13 03:00:00,94.60000000000001
2024-09-13 04:00:00,94.5
2024-09-13 05:00:00,92.85000000000001
2024-09-13 06:00:00,92.7
2024-09-13 07:00:00,93.05000000000001
2024-09-13 08:00:00,93.0
2024-09-13 09:00:00,92.95
2024-09-13 10:00:00,93.10000000000001
2024-09-13 11:00:00,92.95
2024-09-13 12:00:00,93.10000000000001
2024-09-13 13:00:00,92.85000000000001
2024-09-13 14:00:00,92.85000000000001
2024-09-13 15:00:00,93.05000000000001
2024-09-13 16:00:00,93.05000000000001
2024-09-13 17:00:00,93.10000000000001
2024-09-13 20:00:00,92.85000000000001
2024-09-13 21:00:00,92.7
2024-09-15 23:00:00,92.7
2024-09-16 00:00:00,92.75
2024-09-16 01:00:00,91.75
2024-09-16 02:00:00,91.95
2024-09-16 03:00:00,92.05000000000001
2024-09-16 04:00:00,91.9
2024-09-16 05:00:00,91.32000000000001
2024-09-16 06:00:00,91.75
2024-09-16 07:00:00,91.60000000000001
2024-09-16 08:00:00,91.4
2024-09-16 09:00:00,91.55000000000001
2024-09-16 10:00:00,91.45
2024-09-16 11:00:00,91.7
2024-09-16 12:00:00,91.65
2024-09-16 13:00:00,92.10000000000001
2024-09-16 14:00:00,92.55000000000001
2024-09-16 15:00:00,92.65
2024-09-16 16:00:00,92.7
2024-09-16 17:00:00,92.65
2024-09-16 18:00:00,92.7
2024-09-16 19:00:00,92.7
2024-09-16 20:00:00,92.45
2024-09-16 21:00:00,92.30000000000001
2024-09-16 23:00:00,92.5
2024-09-17 00:00:00,92.30000000000001
2024-09-17 01:00:00,92.4
2024-09-17 02:00:00,92.55000000000001
2024-09-17 03:00:00,92.55000000000001
2024-09-17 04:00:00,92.60000000000001
2024-09-17 05:00:00,92.55000000000001
2024-09-17 06:00:00,92.55000000000001
2024-09-17 07:00:00,92.35000000000001
2024-09-17 08:00:00,92.25
2024-09-17 09:00:00,92.25
2024-09-17 10:00:00,92.35000000000001
2024-09-17 11:00:00,92.45
2024-09-17 12:00:00,92.35000000000001
2024-09-17 13:00:00,92.25
2024-09-17 14:00:00,92.65
2024-09-17 15:00:00,92.60000000000001
2024-09-17 16:00:00,92.7
2024-09-17 17:00:00,92.80000000000001
2024-09-17 18:00:00,92.80000000000001
2024-09-17 19:00:00,92.80000000000001
2024-09-17 20:00:00,92.9
2024-09-17 21:00:00,92.9
2024-09-17 23:00:00,92.7
2024-09-18 00:00:00,92.55000000000001
2024-09-18 01:00:00,91.4
2024-09-18 02:00:00,91.05000000000001
2024-09-18 03:00:00,90.4
2024-09-18 04:00:00,90.45
2024-09-18 05:00:00,90.55000000000001
2024-09-18 06:00:00,90.55000000000001
2024-09-18 07:00:00,90.65
2024-09-18 08:00:00,91.0
2024-09-18 09:00:00,90.85000000000001
2024-09-18 10:00:00,90.85000000000001
2024-09-18 11:00:00,91.05000000000001
2024-09-18 12:00:00,90.80000000000001
2024-09-18 13:00:00,90.9
2024-09-18 14:00:00,91.10000000000001
2024-09-18 15:00:00,91.10000000000001
2024-09-18 16:00:00,91.15
2024-09-18 17:00:00,91.0
2024-09-18 18:00:00,91.30000000000001
2024-09-18 19:00:00,91.25
2024-09-18 20:00:00,91.25
2024-09-18 21:00:00,91.4
2024-09-18 23:00:00,91.25
2024-09-19 00:00:00,91.10000000000001
2024-09-19 01:00:00,90.05000000000001
2024-09-19 02:00:00,91.85000000000001
2024-09-19 03:00:00,92.55000000000001
2024-09-19 04:00:00,92.55000000000001
2024-09-19 05:00:00,92.76
2024-09-19 06:00:00,93.15
2024-09-19 07:00:00,92.9
2024-09-19 08:00:00,92.60000000000001
2024-09-19 09:00:00,92.80000000000001
2024-09-19 10:00:00,92.7
2024-09-19 11:00:00,92.55000000000001
2024-09-19 12:00:00,92.60000000000001
2024-09-19 13:00:00,93.45
2024-09-19 14:00:00,93.55000000000001
2024-09-19 15:00:00,93.85000000000001
2024-09-19 16:00:00,93.85000000000001
2024-09-19 17:00:00,94.0
2024-09-19 18:00:00,93.95
2024-09-19 19:00:00,93.85000000000001
2024-09-19 20:00:00,93.9
2024-09-19 21:00:00,93.75
2024-09-19 23:00:00,93.9
2024-09-20 00:00:00,93.85000000000001
2024-09-20 01:00:00,92.2
2024-09-20 02:00:00,93.05000000000001
2024-09-20 03:00:00,92.75
2024-09-20 04:00:00,92.65
2024-09-20 05:00:00,91.72
2024-09-20 06:00:00,91.7
2024-09-20 07:00:00,91.7
2024-09-20 08:00:00,91.7
2024-09-20 09:00:00,92.0
2024-09-20 10:00:00,91.80000000000001
2024-09-20 11:00:00,91.65
2024-09-20 12:00:00,91.85000000000001
2024-09-20 13:00:00,91.35000000000001
2024-09-20 14:00:00,90.30000000000001
2024-09-20 15:00:00,90.55000000000001
2024-09-20 16:00:00,90.75
2024-09-20 17:00:00,90.80000000000001
2024-09-20 18:00:00,90.75
2024-09-20 19:00:00,90.80000000000001
2024-09-20 20:00:00,90.75
2024-09-20 21:00:00,90.7
2024-09-22 23:00:00,90.60000000000001
2024-09-23 00:00:00,90.80000000000001
2024-09-23 01:00:00,91.2
2024-09-23 02:00:00,90.45
2024-09-23 03:00:00,90.60000000000001
2024-09-23 04:00:00,90.4
2024-09-23 05:00:00,89.45
2024-09-23 06:00:00,89.5
2024-09-23 07:00:00,89.2
2024-09-23 08:00:00,89.55000000000001
2024-09-23 09:00:00,89.5
2024-09-23 10:00:00,89.65
2024-09-23 11:00:00,89.65
2024-09-23 12:00:00,89.7
2024-09-23 13:00:00,90.5
2024-09-23 14:00:00,91.0
2024-09-23 15:00:00,90.85000000000001
2024-09-23 16:00:00,90.80000000000001
2024-09-23 17:00:00,90.65
2024-09-23 18:00:00,90.65
2024-09-23 20:00:00,90.9
2024-09-23 21:00:00,90.95
2024-09-23 23:00:00,90.60000000000001
2024-09-24 00:00:00,90.9
2024-09-24 01:00:00,91.30000000000001
2024-09-24 02:00:00,92.25
2024-09-24 03:00:00,93.25
2024-09-24 04:00:00,93.25
2024-09-24 05:00:00,94.73
2024-09-24 06:00:00,94.75
2024-09-24 07:00:00,94.7
2024-09-24 08:00:00,94.7
2024-09-24 09:00:00,95.15
2024-09-24 10:00:00,95.35000000000001
2024-09-24 11:00:00,95.10000000000001
2024-09-24 12:00:00,95.25
2024-09-24 13:00:00,95.9
2024-09-24 14:00:00,96.7
2024-09-24 15:00:00,96.5
2024-09-24 16:00:00,96.4
2024-09-24 17:00:00,96.45
2024-09-24 18:00:00,96.4
2024-09-24 19:00:00,96.45
2024-09-24 20:00:00,96.35000000000001
2024-09-24 21:00:00,96.45
2024-09-24 23:00:00,96.35000000000001
2024-09-25 00:00:00,96.60000000000001
2024-09-25 01:00:00,97.75
2024-09-25 02:00:00,98.0
2024-09-25 03:00:00,98.05000000000001
2024-09-25 04:00:00,98.4
2024-09-25 05:00:00,96.46000000000001
2024-09-25 06:00:00,96.25
2024-09-25 07:00:00,96.7
2024-09-25 08:00:00,96.65
2024-09-25 09:00:00,96.4
2024-09-25 10:00:00,96.4
2024-09-25 11:00:00,96.2
2024-09-25 12:00:00,96.10000000000001
2024-09-25 13:00:00,96.95
2024-09-25 14:00:00,96.80000000000001
2024-09-25 15:00:00,96.45
2024-09-25 16:00:00,96.2
2024-09-25 17:00:00,96.05000000000001
2024-09-25 19:00:00,95.75
2024-09-25 20:00:00,95.75
2024-09-25 21:00:00,95.45
2024-09-25 23:00:00,95.75
2024-09-26 00:00:00,96.15
2024-09-26 01:00:00,97.2
2024-09-26 02:00:00,96.30000000000001
2024-09-26 03:00:00,96.55000000000001
2024-09-26 04:00:00,96.45
2024-09-26 05:00:00,98.60000000000001
2024-09-26 06:00:00,98.75
2024-09-26 07:00:00,99.0
2024-09-26 08:00:00,98.85000000000001
2024-09-26 09:00:00,98.95
2024-09-26 10:00:00,99.7
2024-09-26 11:00:00,100.30000000000001
2024-09-26 12:00:00,100.45
2024-09-26 13:00:00,100.2
2024-09-26 14:00:00,101.05000000000001
2024-09-26 15:00:00,100.95
2024-09-26 16:00:00,100.85000000000001
2024-09-26 17:00:00,100.85000000000001
2024-09-26 18:00:00,100.80000000000001
2024-09-26 20:00:00,100.55000000000001
2024-09-26 21:00:00,100.7
2024-09-26 23:00:00,100.25
2024-09-27 00:00:00,100.15
2024-09-27 01:00:00,101.25
2024-09-27 02:00:00,101.85000000000001
2024-09-27 03:00:00,102.45
2024-09-27 04:00:00,102.30000000000001
2024-09-27 05:00:00,102.04
2024-09-27 06:00:00,102.0
2024-09-27 07:00:00,101.80000000000001
2024-09-27 08:00:00,102.10000000000001
2024-09-27 09:00:00,102.25
2024-09-27 10:00:00,102.80000000000001
2024-09-27 11:00:00,102.85000000000001
2024-09-27 12:00:00,102.65
2024-09-27 13:00:00,103.5
2024-09-27 14:00:00,104.2
2024-09-27 15:00:00,103.95
2024-09-27 16:00:00,104.0
2024-09-27 17:00:00,104.0
2024-09-27 18:00:00,103.85000000000001
2024-09-27 19:00:00,103.9
2024-09-27 20:00:00,103.85000000000001
2024-09-27 21:00:00,104.05000000000001
2024-09-29 23:00:00,111.30000000000001
2024-09-30 00:00:00,111.95
2024-09-30 01:00:00,108.9
2024-09-30 02:00:00,110.55000000000001
2024-09-30 02:25:00,110.55000000000001
2024-09-30 03:00:00,111.4
2024-09-30 04:00:00,111.35000000000001
2024-09-30 05:00:00,109.54
2024-09-30 06:00:00,111.35000000000001
2024-09-30 07:00:00,111.00000000000001
2024-09-30 08:00:00,110.55000000000001
2024-09-30 09:00:00,108.10000000000001
2024-09-30 10:00:00,108.25000000000001
2024-09-30 11:00:00,108.95
2024-09-30 12:00:00,108.30000000000001
2024-09-30 13:00:00,106.9
2024-09-30 14:00:00,106.9
2024-09-30 15:00:00,106.7
2024-09-30 15:15:00,106.7
2024-09-30 16:00:00,106.80000000000001
2024-09-30 17:00:00,106.75000000000001
2024-09-30 18:00:00,106.75000000000001
2024-09-30 19:00:00,106.9
2024-09-30 20:00:00,106.60000000000001
2024-09-30 21:00:00,106.75000000000001
2024-09-30 22:00:00,106.75000000000001
2024-09-30 23:00:00,106.85000000000001
2024-10-01 00:00:00,106.9
2024-10-01 01:00:00,109.30000000000001
2024-10-01 02:00:00,109.65
2024-10-01 03:00:00,108.65
2024-10-01 04:00:00,109.15
2024-10-01 05:00:00,107.86000000000001
2024-10-01 06:00:00,108.45
2024-10-01 07:00:00,107.7
2024-10-01 08:00:00,108.10000000000001
2024-10-01 09:00:00,107.65
2024-10-01 10:00:00,107.75000000000001
2024-10-01 11:00:00,107.80000000000001
2024-10-01 12:00:00,107.80000000000001
2024-10-01 13:00:00,108.4
2024-10-01 14:00:00,108.30000000000001
2024-10-01 15:00:00,108.10000000000001
2024-10-01 15:15:00,108.10000000000001
2024-10-01 16:00:00,108.35000000000001
2024-10-01 17:00:00,108.4
2024-10-01 18:00:00,108.35000000000001
2024-10-01 19:00:00,108.25000000000001
2024-10-01 20:00:00,108.30000000000001
2024-10-01 21:00:00,108.10000000000001
2024-10-01 23:00:00,108.10000000000001
2024-10-02 00:00:00,108.35000000000001
2024-10-02 01:00:00,108.80000000000001
2024-10-02 02:00:00,108.50000000000001
2024-10-02 02:25:00,108.50000000000001
2024-10-02 03:00:00,108.80000000000001
2024-10-02 04:00:00,109.15
2024-10-02 05:00:00,107.88000000000001
2024-10-02 06:00:00,108.2
2024-10-02 07:00:00,108.05000000000001
2024-10-02 08:00:00,107.65
2024-10-02 09:00:00,107.7
2024-10-02 10:00:00,108.15
2024-10-02 11:00:00,108.80000000000001
2024-10-02 12:00:00,108.9
2024-10-02 13:00:00,109.10000000000001
2024-10-02 14:00:00,108.50000000000001
2024-10-02 15:00:00,108.35000000000001
2024-10-02 15:15:00,108.35000000000001
2024-10-02 16:00:00,108.35000000000001
2024-10-02 17:00:00,108.45
2024-10-02 18:00:00,108.55000000000001
2024-10-02 19:00:00,108.60000000000001
2024-10-02 20:00:00,108.45
2024-10-02 21:00:00,108.60000000000001
2024-10-02 22:00:00,108.60000000000001
2024-10-02 23:00:00,108.60000000000001
2024-10-03 00:00:00,108.7
2024-10-03 01:00:00,108.55000000000001
2024-10-03 02:00:00,108.30000000000001
2024-10-03 03:00:00,108.2
2024-10-03 04:00:00,108.10000000000001
2024-10-03 05:00:00,108.65
2024-10-03 06:00:00,108.75000000000001
2024-10-03 07:00:00,108.50000000000001
2024-10-03 08:00:00,108.55000000000001
2024-10-03 09:00:00,108.60000000000001
2024-10-03 10:00:00,108.50000000000001
2024-10-03 11:00:00,108.55000000000001
2024-10-03 12:00:00,108.10000000000001
2024-10-03 13:00:00,107.75000000000001
2024-10-03 14:00:00,107.50000000000001
2024-10-03 15:00:00,107.75000000000001
2024-10-03 15:15:00,107.75000000000001
2024-10-03 16:00:00,107.7
2024-10-03 17:00:00,107.75000000000001
2024-10-03 18:00:00,107.75000000000001
2024-10-03 19:00:00,107.75000000000001
2024-10-03 20:00:00,107.65
2024-10-03 21:00:00,107.80000000000001
2024-10-03 22:00:00,107.80000000000001
2024-10-03 23:00:00,107.65
2024-10-04 00:00:00,107.7
2024-10-04 01:00:00,108.2
2024-10-04 02:00:00,108.05000000000001
2024-10-04 02:25:00,108.05000000000001
2024-10-04 03:00:00,108.7
2024-10-04 04:00:00,108.50000000000001
2024-10-04 05:00:00,108.34
2024-10-04 06:00:00,108.00000000000001
2024-10-04 07:00:00,108.60000000000001
2024-10-04 08:00:00,108.45
2024-10-04 09:00:00,108.35000000000001
2024-10-04 10:00:00,108.50000000000001
2024-10-04 11:00:00,108.4
2024-10-04 12:00:00,108.4
2024-10-04 13:00:00,108.50000000000001
2024-10-04 14:00:00,108.65
2024-10-04 15:00:00,108.7
2024-10-04 15:15:00,108.7
2024-10-04 16:00:00,108.65
2024-10-04 17:00:00,108.55000000000001
2024-10-04 18:00:00,108.7
2024-10-04 19:00:00,108.60000000000001
2024-10-04 20:00:00,108.45
2024-10-04 21:00:00,108.65
2024-10-04 22:00:00,108.65
2024-10-04 23:00:00,108.65
2024-10-05 23:00:00,108.65
2024-10-06 23:00:00,109.35000000000001
2024-10-07 00:00:00,110.45
2024-10-07 01:00:00,110.60000000000001
2024-10-07 02:00:00,110.2
2024-10-07 02:25:00,110.2
2024-10-07 03:00:00,110.15
2024-10-07 04:00:00,110.15
2024-10-07 05:00:00,110.4
2024-10-07 06:00:00,110.30000000000001
2024-10-07 07:00:00,110.65
2024-10-07 08:00:00,110.55000000000001
2024-10-07 09:00:00,110.50000000000001
2024-10-07 10:00:00,110.80000000000001
2024-10-07 11:00:00,111.2
2024-10-07 12:00:00,111.05000000000001
2024-10-07 13:00:00,112.50000000000001
2024-10-07 14:00:00,113.30000000000001
2024-10-07 15:00:00,113.25000000000001
2024-10-07 15:15:00,113.25000000000001
2024-10-07 16:00:00,113.35000000000001
2024-10-07 17:00:00,113.75000000000001
2024-10-07 18:00:00,113.35000000000001
2024-10-07 19:00:00,113.65
2024-10-07 20:00:00,113.45
2024-10-07 21:00:00,113.45
2024-10-07 22:00:00,113.45
2024-10-07 23:00:00,113.65
2024-10-08 00:00:00,114.00000000000001
2024-10-08 01:00:00,111.10000000000001
2024-10-08 02:00:00,106.7
2024-10-08 02:25:00,106.7
2024-10-08 03:00:00,106.80000000000001
2024-10-08 04:00:00,107.80000000000001
2024-10-08 05:00:00,104.87
2024-10-08 06:00:00,105.55000000000001
2024-10-08 07:00:00,105.15
2024-10-08 08:00:00,105.15
2024-10-08 09:00:00,105.05000000000001
2024-10-08 10:00:00,104.95
2024-10-08 11:00:00,105.05000000000001
2024-10-08 12:00:00,104.85000000000001
2024-10-08 13:00:00,105.35000000000001
2024-10-08 14:00:00,104.65
2024-10-08 15:00:00,104.45
2024-10-08 15:15:00,104.45
2024-10-08 16:00:00,104.50000000000001
2024-10-08 17:00:00,104.4
2024-10-08 18:00:00,104.4
2024-10-08 19:00:00,104.45
2024-10-08 20:00:00,103.9
2024-10-08 21:00:00,103.9
2024-10-08 22:00:00,103.9
2024-10-08 23:00:00,104.4
2024-10-09 00:00:00,104.4
2024-10-09 01:00:00,105.05000000000001
2024-10-09 02:00:00,104.9
2024-10-09 02:25:00,104.9
2024-10-09 03:00:00,105.65
2024-10-09 04:00:00,105.85000000000001
2024-10-09 05:00:00,104.77000000000001
2024-10-09 06:00:00,105.35000000000001
2024-10-09 07:00:00,104.85000000000001
2024-10-09 08:00:00,104.7
2024-10-09 09:00:00,105.00000000000001
2024-10-09 10:00:00,105.2
2024-10-09 11:00:00,105.2
2024-10-09 12:00:00,104.80000000000001
2024-10-09 13:00:00,103.95
2024-10-09 14:00:00,105.7
2024-10-09 15:00:00,105.9
2024-10-09 15:15:00,105.9
2024-10-09 16:00:00,105.80000000000001
2024-10-09 17:00:00,105.80000000000001
2024-10-09 18:00:00,105.95
2024-10-09 19:00:00,105.80000000000001
2024-10-09 20:00:00,105.80000000000001
2024-10-09 21:00:00,105.75000000000001
2024-10-09 22:00:00,105.75000000000001
2024-10-09 23:00:00,105.7
2024-10-10 00:00:00,106.05000000000001
2024-10-10 01:00:00,106.05000000000001
2024-10-10 02:00:00,106.7
2024-10-10 02:25:00,106.7
2024-10-10 03:00:00,107.35000000000001
2024-10-10 04:00:00,107.15
2024-10-10 05:00:00,106.45
2024-10-10 06:00:00,104.25000000000001
2024-10-10 07:00:00,104.60000000000001
2024-10-10 08:00:00,104.2
2024-10-10 09:00:00,104.85000000000001
2024-10-10 10:00:00,104.85000000000001
2024-10-10 11:00:00,104.60000000000001
2024-10-10 12:00:00,105.05000000000001
2024-10-10 13:00:00,106.7
2024-10-10 14:00:00,106.50000000000001
2024-10-10 15:00:00,106.4
2024-10-10 15:15:00,106.4
2024-10-10 16:00:00,106.45
2024-10-10 17:00:00,106.4
2024-10-10 18:00:00,106.25000000000001
2024-10-10 19:00:00,106.00000000000001
2024-10-10 20:00:00,106.25000000000001
2024-10-10 21:00:00,106.60000000000001
2024-10-10 23:00:00,105.7
2024-10-11 00:00:00,106.45
2024-10-11 01:00:00,106.45
2024-10-11 02:00:00,106.45
2024-10-11 02:25:00,106.45
2024-10-11 03:00:00,106.30000000000001
2024-10-11 04:00:00,105.95
2024-10-11 05:00:00,106.17
2024-10-11 06:00:00,106.35000000000001
2024-10-11 07:00:00,106.2
2024-10-11 08:00:00,106.15
2024-10-11 09:00:00,106.25000000000001
2024-10-11 10:00:00,106.15
2024-10-11 11:00:00,106.2
2024-10-11 12:00:00,106.15
2024-10-11 13:00:00,106.65
2024-10-11 14:00:00,107.65
2024-10-11 15:00:00,107.60000000000001
2024-10-11 15:15:00,107.60000000000001
2024-10-11 16:00:00,107.50000000000001
2024-10-11 17:00:00,107.50000000000001
2024-10-11 18:00:00,107.50000000000001
2024-10-11 19:00:00,107.60000000000001
2024-10-11 20:00:00,107.4
2024-10-11 21:00:00,107.4
2024-10-11 22:00:00,107.4
2024-10-11 23:00:00,107.4
2024-10-12 23:00:00,107.4
2024-10-13 23:00:00,105.55000000000001
2024-10-14 00:00:00,106.80000000000001
2024-10-14 01:00:00,107.05000000000001
2024-10-14 02:00:00,107.35000000000001
2024-10-14 02:25:00,107.35000000000001
2024-10-14 03:00:00,108.25000000000001
2024-10-14 04:00:00,108.60000000000001
2024-10-14 05:00:00,107.57000000000001
2024-10-14 06:00:00,107.65
2024-10-14 07:00:00,107.75000000000001
2024-10-14 08:00:00,107.75000000000001
2024-10-14 09:00:00,107.7
2024-10-14 10:00:00,107.4
2024-10-14 11:00:00,107.65
2024-10-14 12:00:00,107.50000000000001
2024-10-14 13:00:00,108.25000000000001
2024-10-14 14:00:00,107.4
2024-10-14 15:00:00,107.10000000000001
2024-10-14 15:15:00,107.10000000000001
2024-10-14 16:00:00,107.15
2024-10-14 17:00:00,107.2
2024-10-14 18:00:00,107.15
2024-10-14 19:00:00,107.15
2024-10-14 20:00:00,107.25000000000001
2024-10-14 21:00:00,107.00000000000001
2024-10-14 22:00:00,107.00000000000001
2024-10-14 23:00:00,107.25000000000001
2024-10-15 00:00:00,106.95
2024-10-15 01:00:00,107.10000000000001
2024-10-15 02:00:00,107.4
2024-10-15 02:25:00,107.4
2024-10-15 03:00:00,107.80000000000001
2024-10-15 04:00:00,107.75000000000001
2024-10-15 05:00:00,107.15
2024-10-15 06:00:00,106.10000000000001
2024-10-15 07:00:00,106.4
2024-10-15 08:00:00,105.9
2024-10-15 09:00:00,105.50000000000001
2024-10-15 10:00:00,105.85000000000001
2024-10-15 11:00:00,106.4
2024-10-15 12:00:00,106.50000000000001
2024-10-15 13:00:00,106.80000000000001
2024-10-15 14:00:00,106.55000000000001
2024-10-15 15:00:00,106.45
2024-10-15 15:15:00,106.45
2024-10-15 16:00:00,106.65
2024-10-15 17:00:00,106.65
2024-10-15 18:00:00,106.60000000000001
2024-10-15 19:00:00,106.15
2024-10-15 20:00:00,106.25000000000001
2024-10-15 21:00:00,106.55000000000001
2024-10-15 22:00:00,106.55000000000001
2024-10-15 23:00:00,106.05000000000001
2024-10-16 00:00:00,106.45
2024-10-16 01:00:00,106.50000000000001
2024-10-16 02:00:00,106.4
2024-10-16 02:25:00,106.4
2024-10-16 03:00:00,106.80000000000001
2024-10-16 04:00:00,106.7
2024-10-16 05:00:00,106.05000000000001
2024-10-16 06:00:00,104.95
2024-10-16 07:00:00,105.15
2024-10-16 08:00:00,104.80000000000001
2024-10-16 09:00:00,104.65
2024-10-16 10:00:00,104.9
2024-10-16 11:00:00,104.85000000000001
2024-10-16 12:00:00,104.95
2024-10-16 13:00:00,105.75000000000001
2024-10-16 14:00:00,105.9
2024-10-16 15:00:00,105.7
2024-10-16 15:15:00,105.7
2024-10-16 16:00:00,105.80000000000001
2024-10-16 17:00:00,105.80000000000001
2024-10-16 18:00:00,105.80000000000001
2024-10-16 19:00:00,105.65
2024-10-16 20:00:00,105.85000000000001
2024-10-16 21:00:00,105.9
2024-10-16 22:00:00,105.9
2024-10-16 23:00:00,105.80000000000001
2024-10-17 00:00:00,105.80000000000001
2024-10-17 01:00:00,105.35000000000001
2024-10-17 02:00:00,102.85000000000001
2024-10-17 02:25:00,102.85000000000001
2024-10-17 03:00:00,102.35000000000001
2024-10-17 04:00:00,102.35000000000001
2024-10-17 05:00:00,99.75000000000001
2024-10-17 06:00:00,100.2
2024-10-17 07:00:00,99.65
2024-10-17 08:00:00,99.9
2024-10-17 09:00:00,100.05000000000001
2024-10-17 10:00:00,100.9
2024-10-17 11:00:00,100.45
2024-10-17 12:00:00,100.7
2024-10-17 13:00:00,100.95
2024-10-17 14:00:00,100.7
2024-10-17 15:00:00,100.9
2024-10-17 15:15:00,100.9
2024-10-17 16:00:00,100.9
2024-10-17 17:00:00,100.9
2024-10-17 18:00:00,100.9
2024-10-17 20:00:00,100.7
2024-10-17 21:00:00,100.85000000000001
2024-10-17 23:00:00,100.85000000000001
2024-10-18 00:00:00,100.75000000000001
2024-10-18 01:00:00,100.4
2024-10-18 02:00:00,101.15
2024-10-18 02:25:00,101.15
2024-10-18 03:00:00,100.60000000000001
2024-10-18 04:00:00,100.75000000000001
2024-10-18 05:00:00,101.79
2024-10-18 06:00:00,101.55000000000001
2024-10-18 07:00:00,101.75000000000001
2024-10-18 08:00:00,101.75000000000001
2024-10-18 09:00:00,101.9
2024-10-18 10:00:00,101.50000000000001
2024-10-18 11:00:00,101.50000000000001
2024-10-18 12:00:00,101.9
2024-10-18 13:00:00,101.60000000000001
2024-10-18 14:00:00,101.50000000000001
2024-10-18 15:00:00,101.30000000000001
2024-10-18 15:15:00,101.30000000000001
2024-10-18 16:00:00,101.45
2024-10-18 17:00:00,101.45
2024-10-18 18:00:00,101.50000000000001
2024-10-18 19:00:00,101.7
2024-10-18 20:00:00,101.45
2024-10-18 21:00:00,101.4
2024-10-18 22:00:00,101.4
2024-10-18 23:00:00,101.4
2024-10-19 23:00:00,101.4
2024-10-20 23:00:00,101.9
2024-10-21 00:00:00,102.2
2024-10-21 01:00:00,102.4
2024-10-21 02:00:00,102.9
2024-10-21 02:25:00,102.9
2024-10-21 03:00:00,103.45
2024-10-21 04:00:00,103.45
2024-10-21 05:00:00,102.2
2024-10-21 06:00:00,102.30000000000001
2024-10-21 07:00:00,102.2
2024-10-21 08:00:00,102.00000000000001
2024-10-21 09:00:00,101.9
2024-10-21 10:00:00,102.05000000000001
2024-10-21 11:00:00,101.95
2024-10-21 12:00:00,101.95
2024-10-21 13:00:00,102.10000000000001
2024-10-21 14:00:00,100.2
2024-10-21 15:00:00,100.75000000000001
2024-10-21 15:15:00,100.75000000000001
2024-10-21 16:00:00,100.80000000000001
2024-10-21 17:00:00,100.85000000000001
2024-10-21 18:00:00,100.85000000000001
2024-10-21 19:00:00,100.9
2024-10-21 20:00:00,100.80000000000001
2024-10-21 21:00:00,100.50000000000001
2024-10-21 22:00:00,100.50000000000001
2024-10-21 23:00:00,100.80000000000001
2024-10-22 00:00:00,100.50000000000001
2024-10-22 01:00:00,100.60000000000001
2024-10-22 02:00:00,100.60000000000001
2024-10-22 02:25:00,100.60000000000001
2024-10-22 03:00:00,101.75000000000001
2024-10-22 04:00:00,101.80000000000001
2024-10-22 05:00:00,100.79
2024-10-22 06:00:00,100.95
2024-10-22 07:00:00,101.05000000000001
2024-10-22 08:00:00,100.75000000000001
2024-10-22 09:00:00,100.85000000000001
2024-10-22 10:00:00,101.2
2024-10-22 11:00:00,100.9
2024-10-22 12:00:00,101.00000000000001
2024-10-22 13:00:00,101.35000000000001
2024-10-22 14:00:00,101.55000000000001
2024-10-22 15:00:00,101.55000000000001
2024-10-22 15:15:00,101.55000000000001
2024-10-22 16:00:00,101.55000000000001
2024-10-22 17:00:00,101.75000000000001
2024-10-22 18:00:00,101.75000000000001
2024-10-22 19:00:00,101.75000000000001
2024-10-22 20:00:00,101.80000000000001
2024-10-22 21:00:00,101.75000000000001
2024-10-22 22:00:00,101.75000000000001
2024-10-22 23:00:00,101.9
2024-10-23 00:00:00,101.60000000000001
2024-10-23 01:00:00,101.00000000000001
2024-10-23 02:00:00,100.4
2024-10-23 02:25:00,100.4
2024-10-23 03:00:00,100.80000000000001
2024-10-23 04:00:00,100.95
2024-10-23 05:00:00,101.05000000000001
2024-10-23 06:00:00,98.9
2024-10-23 07:00:00,99.2
2024-10-23 08:00:00,99.05000000000001
2024-10-23 09:00:00,98.80000000000001
2024-10-23 10:00:00,98.85000000000001
2024-10-23 11:00:00,98.95
2024-10-23 12:00:00,99.10000000000001
2024-10-23 13:00:00,99.45
2024-10-23 14:00:00,99.55000000000001
2024-10-23 15:00:00,99.25000000000001
2024-10-23 15:15:00,99.25000000000001
2024-10-23 16:00:00,99.25000000000001
2024-10-23 17:00:00,99.50000000000001
2024-10-23 18:00:00,99.60000000000001
2024-10-23 19:00:00,99.55000000000001
2024-10-23 20:00:00,99.7
2024-10-23 21:00:00,99.25000000000001
2024-10-23 22:00:00,99.25000000000001
2024-10-23 23:00:00,99.65
2024-10-24 00:00:00,99.80000000000001
2024-10-24 01:00:00,99.05000000000001
2024-10-24 02:00:00,99.2
2024-10-24 02:25:00,99.2
2024-10-24 03:00:00,99.15
2024-10-24 04:00:00,99.2
2024-10-24 05:00:00,99.57000000000001
2024-10-24 06:00:00,99.95
2024-10-24 07:00:00,99.85000000000001
2024-10-24 08:00:00,99.7
2024-10-24 09:00:00,99.65
2024-10-24 10:00:00,99.60000000000001
2024-10-24 11:00:00,99.65
2024-10-24 12:00:00,99.7
2024-10-24 13:00:00,100.85000000000001
2024-10-24 14:00:00,100.95
2024-10-24 15:00:00,100.85000000000001
2024-10-24 15:15:00,100.85000000000001
2024-10-24 16:00:00,100.7
2024-10-24 17:00:00,100.7
2024-10-24 18:00:00,100.7
2024-10-24 19:00:00,100.7
2024-10-24 20:00:00,100.95
2024-10-24 21:00:00,101.05000000000001
2024-10-24 23:00:00,100.35000000000001
2024-10-25 00:00:00,100.75000000000001
2024-10-25 01:00:00,100.50000000000001
2024-10-25 02:00:00,101.25000000000001
2024-10-25 02:25:00,101.25000000000001
2024-10-25 03:00:00,101.4
2024-10-25 04:00:00,101.50000000000001
2024-10-25 05:00:00,101.65
2024-10-25 06:00:00,101.25000000000001
2024-10-25 07:00:00,101.45
2024-10-25 08:00:00,101.45
2024-10-25 09:00:00,101.35000000000001
2024-10-25 10:00:00,101.9
2024-10-25 11:00:00,101.85000000000001
2024-10-25 12:00:00,101.75000000000001
2024-10-25 13:00:00,103.80000000000001
2024-10-25 14:00:00,103.7
2024-10-25 15:00:00,104.05000000000001
2024-10-25 15:15:00,104.05000000000001
2024-10-25 16:00:00,103.95
2024-10-25 17:00:00,103.80000000000001
2024-10-25 18:00:00,103.65
2024-10-25 19:00:00,103.7
2024-10-25 20:00:00,103.80000000000001
2024-10-25 21:00:00,103.55000000000001
2024-10-25 23:00:00,103.55000000000001
2024-10-26 23:00:00,103.55000000000001
2024-10-27 23:00:00,104.00000000000001
2024-10-28 00:00:00,104.10000000000001
2024-10-28 01:00:00,103.35000000000001
2024-10-28 01:25:00,103.35000000000001
2024-10-28 02:00:00,104.15
2024-10-28 03:00:00,103.9
2024-10-28 04:00:00,104.05000000000001
2024-10-28 05:00:00,103.55000000000001
2024-10-28 06:00:00,103.15
2024-10-28 07:00:00,103.30000000000001
2024-10-28 08:00:00,103.50000000000001
2024-10-28 09:00:00,103.7
2024-10-28 10:00:00,103.95
2024-10-28 11:00:00,103.9
2024-10-28 12:00:00,103.80000000000001
2024-10-28 13:00:00,104.25000000000001
2024-10-28 14:00:00,103.95
2024-10-28 14:15:00,103.95
2024-10-28 15:00:00,103.85000000000001
2024-10-28 16:00:00,103.80000000000001
2024-10-28 17:00:00,103.85000000000001
2024-10-28 18:00:00,103.60000000000001
2024-10-28 19:00:00,103.65
2024-10-28 20:00:00,103.60000000000001
2024-10-28 21:00:00,103.35000000000001
2024-10-28 22:00:00,103.35000000000001
2024-10-28 23:00:00,103.65
2024-10-29 00:00:00,103.55000000000001
2024-10-29 01:00:00,103.00000000000001
2024-10-29 02:00:00,102.95
2024-10-29 03:00:00,102.4
2024-10-29 04:00:00,102.4
2024-10-29 05:00:00,101.95
2024-10-29 06:00:00,101.9
2024-10-29 07:00:00,101.65
2024-10-29 08:00:00,101.55
2024-10-29 09:00:00,101.9
2024-10-29 10:00:00,102.65
2024-10-29 11:00:00,103.35
2024-10-29 12:00:00,103.5
2024-10-29 13:00:00,103.6
2024-10-29 14:00:00,103.6
2024-10-29 14:15:00,103.5
2024-10-29 15:00:00,102.9
2024-10-29 16:00:00,103.2
2024-10-29 17:00:00,102.9
2024-10-29 18:00:00,103.0
2024-10-29 19:00:00,103.0
2024-10-29 20:00:00,103.0
2024-10-29 21:00:00,102.7
2024-10-29 22:00:00,102.8
2024-10-29 23:00:00,102.9
2024-10-30 00:00:00,102.9
2024-10-30 01:00:00,102.9
2024-10-30 01:25:00,103.05
2024-10-30 02:00:00,103.15
2024-10-30 03:00:00,102.85
2024-10-30 04:00:00,103.1
2024-10-30 05:00:00,102.0
2024-10-30 06:00:00,102.1
2024-10-30 07:00:00,102.15
2024-10-30 08:00:00,102.85
2024-10-30 09:00:00,103.05
2024-10-30 10:00:00,103.0
2024-10-30 11:00:00,102.8
2024-10-30 12:00:00,102.8
2024-10-30 13:00:00,102.8
2024-10-30 14:00:00,102.8
2024-10-30 14:15:00,102.9
2024-10-30 15:00:00,102.7
2024-10-30 16:00:00,102.95
2024-10-30 17:00:00,102.85
2024-10-30 18:00:00,102.95
2024-10-30 19:00:00,102.95
2024-10-30 20:00:00,102.85
2024-10-30 21:00:00,102.9
2024-10-30 22:00:00,102.95
2024-10-30 23:00:00,102.9
2024-10-31 00:00:00,102.9
2024-10-31 01:00:00,102.9
2024-10-31 01:25:00,103.15
2024-10-31 02:00:00,102.95
2024-10-31 03:00:00,102.9
2024-10-31 04:00:00,103.2
2024-10-31 05:00:00,102.95
2024-10-31 06:00:00,102.95
2024-10-31 07:00:00,102.75
2024-10-31 08:00:00,102.75
2024-10-31 09:00:00,102.75
2024-10-31 10:00:00,102.8
2024-10-31 11:00:00,103.05
2024-10-31 12:00:00,103.25
2024-10-31 13:00:00,103.1
2024-10-31 14:00:00,103.1
2024-10-31 14:15:00,103.0
2024-10-31 15:00:00,102.15
2024-10-31 16:00:00,101.25
2024-10-31 17:00:00,101.6
2024-10-31 18:00:00,101.8
2024-10-31 19:00:00,101.8
2024-10-31 20:00:00,101.8
2024-10-31 21:00:00,101.9
2024-10-31 22:00:00,101.95
2024-10-31 23:00:00,102.9
2024-11-01 00:00:00,102.9
2024-11-01 01:00:00,102.9
2024-11-01 01:25:00,101.95
2024-11-01 02:00:00,101.65
2024-11-01 03:00:00,101.9
2024-11-01 04:00:00,101.9
2024-11-01 05:00:00,102.25
2024-11-01 06:00:00,102.3
2024-11-01 07:00:00,101.8
2024-11-01 08:00:00,101.55
2024-11-01 09:00:00,101.55
2024-11-01 10:00:00,101.35
2024-11-01 11:00:00,101.4
2024-11-01 12:00:00,101.75
2024-11-01 13:00:00,101.75
2024-11-01 14:00:00,101.75
2024-11-01 14:15:00,102.05
2024-11-01 15:00:00,102.1
2024-11-01 16:00:00,101.1
2024-11-01 17:00:00,101.65
2024-11-01 18:00:00,101.45
2024-11-01 19:00:00,101.45
2024-11-01 20:00:00,101.45
2024-11-01 21:00:00,101.45
2024-11-01 23:00:00,101.35
2024-11-02 23:00:00,101.35
2024-11-03 23:00:00,101.35
2024-11-04 00:00:00,101.35
2024-11-04 01:00:00,101.35
2024-11-04 01:25:00,101.55
2024-11-04 02:00:00,102.1
2024-11-04 03:00:00,100.9
2024-11-04 04:00:00,101.75
2024-11-04 05:00:00,102.25
2024-11-04 06:00:00,102.2
2024-11-04 07:00:00,102.45
2024-11-04 08:00:00,103.0
2024-11-04 09:00:00,103.0
2024-11-04 10:00:00,103.1
2024-11-04 11:00:00,103.35
2024-11-04 12:00:00,103.65
2024-11-04 13:00:00,103.65
2024-11-04 14:00:00,103.65
2024-11-04 14:15:00,103.6
2024-11-04 15:00:00,103.5
2024-11-04 16:00:00,103.75
2024-11-04 17:00:00,103.6
2024-11-04 18:00:00,103.65
2024-11-04 19:00:00,103.35
2024-11-04 20:00:00,103.4
2024-11-04 21:00:00,103.4
2024-11-04 22:00:00,103.45
2024-11-04 23:00:00,103.3
2024-11-05 00:00:00,103.3
2024-11-05 01:00:00,103.3
2024-11-05 01:25:00,103.5
2024-11-05 02:00:00,103.5
2024-11-05 03:00:00,103.85
2024-11-05 04:00:00,104.45
2024-11-05 05:00:00,104.95
2024-11-05 06:00:00,104.9
2024-11-05 07:00:00,105.0
2024-11-05 08:00:00,104.25
2024-11-05 09:00:00,104.3
2024-11-05 10:00:00,104.55
2024-11-05 11:00:00,104.8
2024-11-05 12:00:00,104.8
2024-11-05 13:00:00,105.15
2024-11-05 14:00:00,105.15
2024-11-05 14:15:00,105.15
2024-11-05 15:00:00,104.4
2024-11-05 16:00:00,105.0
2024-11-05 17:00:00,104.5
2024-11-05 18:00:00,104.5
2024-11-05 19:00:00,104.7
2024-11-05 20:00:00,104.7
2024-11-05 21:00:00,104.7
2024-11-05 22:00:00,104.7
2024-11-05 23:00:00,104.7
2024-11-06 00:00:00,104.7
2024-11-06 01:00:00,104.7
2024-11-06 01:25:00,104.95
2024-11-06 02:00:00,104.45
2024-11-06 03:00:00,103.55
2024-11-06 04:00:00,102.4
2024-11-06 05:00:00,102.5
2024-11-06 06:00:00,102.45
2024-11-06 07:00:00,103.05
2024-11-06 08:00:00,102.85
2024-11-06 09:00:00,103.55
2024-11-06 10:00:00,103.4
2024-11-06 11:00:00,103.3
2024-11-06 12:00:00,103.3
2024-11-06 13:00:00,102.7
2024-11-06 14:00:00,102.7
2024-11-06 14:15:00,102.65
2024-11-06 15:00:00,102.35
2024-11-06 16:00:00,102.45
2024-11-06 17:00:00,102.7
2024-11-06 18:00:00,102.65
2024-11-06 19:00:00,102.65
2024-11-06 20:00:00,102.65
2024-11-06 21:00:00,102.65
2024-11-06 22:00:00,102.65
2024-11-06 23:00:00,103.15
2024-11-07 00:00:00,103.15
2024-11-07 01:00:00,103.15
2024-11-07 01:25:00,102.65
2024-11-07 02:00:00,102.65
2024-11-07 03:00:00,103.3
2024-11-07 04:00:00,104.25
2024-11-07 05:00:00,104.05
2024-11-07 06:00:00,103.5
2024-11-07 07:00:00,104.35
2024-11-07 08:00:00,104.85
2024-11-07 09:00:00,104.85
2024-11-07 10:00:00,104.9
2024-11-07 11:00:00,104.65
2024-11-07 12:00:00,104.75
2024-11-07 13:00:00,104.8
2024-11-07 14:00:00,104.8
2024-11-07 14:15:00,104.8
2024-11-07 15:00:00,104.65
2024-11-07 16:00:00,104.6
2024-11-07 17:00:00,104.95
2024-11-07 18:00:00,105.25
2024-11-07 19:00:00,105.25
2024-11-07 20:00:00,105.35
2024-11-07 21:00:00,105.25
2024-11-07 22:00:00,105.25
2024-11-07 23:00:00,104.8
2024-11-08 00:00:00,104.8
2024-11-08 01:00:00,104.8
2024-11-08 01:25:00,105.3
2024-11-08 02:00:00,105.05
2024-11-08 03:00:00,104.05
2024-11-08 04:00:00,103.0
2024-11-08 05:00:00,102.15
2024-11-08 06:00:00,102.15
2024-11-08 07:00:00,102.25
2024-11-08 08:00:00,102.55
2024-11-08 09:00:00,102.55
2024-11-08 10:00:00,101.8
2024-11-08 11:00:00,101.8
2024-11-08 12:00:00,101.75
2024-11-08 13:00:00,101.5
2024-11-08 14:00:00,101.5
2024-11-08 14:15:00,101.55
2024-11-08 15:00:00,101.9
2024-11-08 16:00:00,100.65
2024-11-08 17:00:00,100.6
2024-11-08 18:00:00,100.75
2024-11-08 19:00:00,100.75
2024-11-08 20:00:00,100.75
2024-11-08 21:00:00,100.55
2024-11-08 22:00:00,100.55
2024-11-08 23:00:00,100.55
2024-11-09 23:00:00,100.55
2024-11-10 23:00:00,100.55
2024-11-11 00:00:00,100.55
2024-11-11 01:00:00,100.55
2024-11-11 01:25:00,100.55
2024-11-11 02:00:00,100.55
2024-11-11 03:00:00,100.1
2024-11-11 04:00:00,100.1
2024-11-11 05:00:00,100.1
2024-11-11 06:00:00,100.05
2024-11-11 07:00:00,99.5
2024-11-11 08:00:00,100.15
2024-11-11 09:00:00,100.15
2024-11-11 10:00:00,100.15
2024-11-11 11:00:00,100.05
2024-11-11 12:00:00,100.4
2024-11-11 13:00:00,100.4
2024-11-11 14:00:00,100.4
2024-11-11 14:15:00,100.55
2024-11-11 15:00:00,100.9
2024-11-11 16:00:00,100.8
2024-11-11 17:00:00,100.65
2024-11-11 18:00:00,100.65
2024-11-11 19:00:00,100.65
2024-11-11 20:00:00,100.65
2024-11-11 21:00:00,100.65
2024-11-11 22:00:00,100.55
2024-11-11 23:00:00,100.05
2024-11-12 00:00:00,100.05
2024-11-12 01:00:00,100.05
2024-11-12 01:25:00,100.75
2024-11-12 02:00:00,100.45
2024-11-12 03:00:00,100.3
2024-11-12 04:00:00,100.0
2024-11-12 05:00:00,99.8
2024-11-12 06:00:00,99.85
2024-11-12 07:00:00,99.4
2024-11-12 08:00:00,99.75
2024-11-12 09:00:00,99.75
2024-11-12 10:00:00,99.85
2024-11-12 11:00:00,99.9
2024-11-12 12:00:00,99.8
2024-11-12 13:00:00,99.9
2024-11-12 14:00:00,99.9
2024-11-12 14:15:00,99.95
2024-11-12 15:00:00,100.0
2024-11-12 16:00:00,100.1
2024-11-12 17:00:00,100.0
2024-11-12 18:00:00,99.7
2024-11-12 19:00:00,99.8
2024-11-12 20:00:00,99.8
2024-11-12 21:00:00,99.75
2024-11-12 22:00:00,99.7
2024-11-12 23:00:00,99.85
2024-11-13 00:00:00,99.85
2024-11-13 01:00:00,99.85
2024-11-13 01:25:00,99.45
2024-11-13 02:00:00,99.75
2024-11-13 03:00:00,99.8
2024-11-13 04:00:00,100.05
2024-11-13 05:00:00,100.0
2024-11-13 06:00:00,100.15
2024-11-13 07:00:00,100.4
2024-11-13 08:00:00,99.5
2024-11-13 09:00:00,99.5
2024-11-13 10:00:00,99.65
2024-11-13 11:00:00,99.9
2024-11-13 12:00:00,99.85
2024-11-13 13:00:00,99.8
2024-11-13 14:00:00,99.8
2024-11-13 14:15:00,99.85
2024-11-13 15:00:00,100.0
2024-11-13 16:00:00,99.75
2024-11-13 17:00:00,99.85
2024-11-13 18:00:00,99.75
2024-11-13 19:00:00,99.75
2024-11-13 20:00:00,99.75
2024-11-13 21:00:00,99.75
2024-11-13 22:00:00,99.75
2024-11-13 23:00:00,99.85
2024-11-14 00:00:00,99.85
2024-11-14 01:00:00,99.85
2024-11-14 01:25:00,99.8
2024-11-14 02:00:00,99.8
2024-11-14 03:00:00,99.4
2024-11-14 04:00:00,99.0
2024-11-14 05:00:00,98.65
2024-11-14 06:00:00,98.55
2024-11-14 07:00:00,98.45
2024-11-14 08:00:00,98.3
2024-11-14 09:00:00,97.95
2024-11-14 10:00:00,97.8
2024-11-14 11:00:00,97.45
2024-11-14 12:00:00,97.6
2024-11-14 13:00:00,97.7
2024-11-14 14:00:00,97.7
2024-11-14 14:15:00,98.05
2024-11-14 15:00:00,97.65
2024-11-14 16:00:00,97.75
2024-11-14 17:00:00,97.75
2024-11-14 18:00:00,97.5
2024-11-14 19:00:00,97.45
2024-11-14 20:00:00,97.45
2024-11-14 21:00:00,97.45
2024-11-14 23:00:00,97.6
2024-11-15 00:00:00,97.6
2024-11-15 01:00:00,97.6
2024-11-15 01:25:00,97.65
2024-11-15 02:00:00,97.85
2024-11-15 03:00:00,96.8
2024-11-15 04:00:00,96.85
2024-11-15 05:00:00,96.45
2024-11-15 06:00:00,96.45
2024-11-15 07:00:00,96.6
2024-11-15 08:00:00,95.75
2024-11-15 09:00:00,95.65
2024-11-15 10:00:00,95.8
2024-11-15 11:00:00,96.15
2024-11-15 12:00:00,96.5
2024-11-15 13:00:00,96.5
2024-11-15 14:00:00,96.5
2024-11-15 14:15:00,96.55
2024-11-15 15:00:00,96.25
2024-11-15 16:00:00,95.85
2024-11-15 17:00:00,95.45
2024-11-15 18:00:00,95.3
2024-11-15 19:00:00,95.3
2024-11-15 20:00:00,95.4
2024-11-15 21:00:00,95.4
2024-11-15 22:00:00,95.3
2024-11-15 23:00:00,96.5
2024-11-16 23:00:00,95.5
2024-11-17 23:00:00,95.5
2024-11-18 00:00:00,95.5
2024-11-18 01:00:00,95.5
2024-11-18 01:25:00,95.4
2024-11-18 02:00:00,96.1
2024-11-18 03:00:00,98.25
2024-11-18 04:00:00,98.8
2024-11-18 05:00:00,99.3
2024-11-18 06:00:00,99.45
2024-11-18 07:00:00,98.55
2024-11-18 08:00:00,98.8
2024-11-18 09:00:00,98.6
2024-11-18 10:00:00,98.55
2024-11-18 11:00:00,98.55
2024-11-18 12:00:00,98.65
2024-11-18 13:00:00,98.75
2024-11-18 14:00:00,98.75
2024-11-18 14:15:00,98.5
2024-11-18 15:00:00,98.6
2024-11-18 16:00:00,98.45
2024-11-18 17:00:00,98.55
2024-11-18 18:00:00,98.75
2024-11-18 19:00:00,98.8
2024-11-18 20:00:00,98.85
2024-11-18 21:00:00,98.8
2024-11-18 22:00:00,98.95
2024-11-18 23:00:00,98.8
2024-11-19 00:00:00,98.8
2024-11-19 01:00:00,98.8
2024-11-19 01:25:00,98.6
2024-11-19 02:00:00,98.65
2024-11-19 03:00:00,98.7
2024-11-19 04:00:00,98.45
2024-11-19 05:00:00,99.25
2024-11-19 06:00:00,99.25
2024-11-19 07:00:00,99.4
2024-11-19 08:00:00,100.4
2024-11-19 09:00:00,100.2
2024-11-19 10:00:00,100.1
2024-11-19 11:00:00,100.35
2024-11-19 12:00:00,100.3
2024-11-19 13:00:00,100.3
2024-11-19 14:00:00,100.3
2024-11-19 14:15:00,100.05
2024-11-19 15:00:00,100.15
2024-11-19 16:00:00,100.25
2024-11-19 17:00:00,100.4
2024-11-19 18:00:00,100.3
2024-11-19 19:00:00,100.3
2024-11-19 20:00:00,100.3
2024-11-19 21:00:00,100.3
2024-11-19 23:00:00,100.35
2024-11-20 00:00:00,100.35
2024-11-20 01:00:00,100.35
2024-11-20 01:25:00,100.25
2024-11-20 02:00:00,100.45
2024-11-20 03:00:00,100.1
2024-11-20 04:00:00,100.55
2024-11-20 05:00:00,100.15
2024-11-20 06:00:00,100.2
2024-11-20 07:00:00,99.85
2024-11-20 08:00:00,100.05
2024-11-20 09:00:00,100.1
2024-11-20 10:00:00,100.05
2024-11-20 11:00:00,100.05
2024-11-20 12:00:00,100.2
2024-11-20 13:00:00,100.2
2024-11-20 14:00:00,100.2
2024-11-20 14:15:00,100.3
2024-11-20 15:00:00,100.6
2024-11-20 16:00:00,100.65
2024-11-20 17:00:00,100.5
2024-11-20 18:00:00,100.45
2024-11-20 19:00:00,100.45
2024-11-20 20:00:00,100.45
2024-11-20 21:00:00,100.45
2024-11-20 22:00:00,100.55
2024-11-20 23:00:00,100.55
2024-11-21 00:00:00,100.55
2024-11-21 01:00:00,100.55
2024-11-21 01:25:00,100.55
2024-11-21 02:00:00,100.5
2024-11-21 03:00:00,100.6
2024-11-21 04:00:00,101.0
2024-11-21 05:00:00,101.0
2024-11-21 06:00:00,100.9
2024-11-21 07:00:00,101.05
2024-11-21 08:00:00,100.9
2024-11-21 09:00:00,100.9
2024-11-21 10:00:00,101.15
2024-11-21 11:00:00,101.15
2024-11-21 12:00:00,101.4
2024-11-21 13:00:00,101.2
2024-11-21 14:00:00,101.2
2024-11-21 14:15:00,101.4
2024-11-21 15:00:00,101.4
2024-11-21 16:00:00,101.45
2024-11-21 17:00:00,101.45
2024-11-21 18:00:00,101.4
2024-11-21 19:00:00,101.35
2024-11-21 20:00:00,101.4
2024-11-21 21:00:00,101.35
2024-11-21 22:00:00,101.25
2024-11-21 23:00:00,101.05
2024-11-22 00:00:00,101.05
2024-11-22 01:00:00,101.05
2024-11-22 01:25:00,101.3
2024-11-22 02:00:00,101.3
2024-11-22 03:00:00,101.2
2024-11-22 04:00:00,100.65
2024-11-22 05:00:00,99.65
2024-11-22 06:00:00,99.7
2024-11-22 07:00:00,100.2
2024-11-22 08:00:00,99.9
2024-11-22 09:00:00,99.7
2024-11-22 10:00:00,99.65
2024-11-22 11:00:00,99.3
2024-11-22 12:00:00,99.35
2024-11-22 13:00:00,99.35
2024-11-22 14:00:00,99.35
2024-11-22 14:15:00,99.55
2024-11-22 15:00:00,101.2
2024-11-22 16:00:00,101.45
2024-11-22 17:00:00,101.5
2024-11-22 18:00:00,101.5
2024-11-22 19:00:00,101.45
2024-11-22 20:00:00,101.5
2024-11-22 21:00:00,101.5
2024-11-22 22:00:00,101.55
2024-11-22 23:00:00,101.6
2024-11-23 23:00:00,101.6
2024-11-24 23:00:00,101.6
2024-11-25 00:00:00,101.6
2024-11-25 01:00:00,101.6
2024-11-25 01:25:00,102.15
2024-11-25 02:00:00,101.85
2024-11-25 03:00:00,100.95
2024-11-25 04:00:00,100.9
2024-11-25 05:00:00,100.05
2024-11-25 06:00:00,100.35
2024-11-25 07:00:00,100.6
2024-11-25 08:00:00,101.15
2024-11-25 09:00:00,101.15
2024-11-25 10:00:00,101.45
2024-11-25 11:00:00,101.6
2024-11-25 12:00:00,101.45
2024-11-25 13:00:00,101.45
2024-11-25 14:00:00,101.45
2024-11-25 14:15:00,101.65
2024-11-25 15:00:00,101.6
2024-11-25 16:00:00,101.75
2024-11-25 17:00:00,101.75
2024-11-25 18:00:00,101.65
2024-11-25 19:00:00,101.7
2024-11-25 20:00:00,101.75
2024-11-25 21:00:00,101.9
2024-11-25 22:00:00,101.8
2024-11-25 23:00:00,101.75
2024-11-26 00:00:00,101.75
2024-11-26 01:00:00,101.75
2024-11-26 01:25:00,101.35
2024-11-26 02:00:00,101.45
2024-11-26 03:00:00,101.95
2024-11-26 04:00:00,102.05
2024-11-26 05:00:00,102.25
2024-11-26 06:00:00,102.3
2024-11-26 07:00:00,101.25
2024-11-26 08:00:00,101.55
2024-11-26 09:00:00,101.55
