DATETIME,price
2021-04-07 05:00:00,0.9196000000000003
2021-04-08 05:00:00,0.9198000000000003
2021-04-09 05:00:00,0.9176000000000003
2021-04-12 05:00:00,0.9139000000000003
2021-04-13 05:00:00,0.9139000000000003
2021-04-14 05:00:00,0.9212000000000002
2021-04-15 05:00:00,0.9208000000000003
2021-04-16 05:00:00,0.9220000000000003
2021-04-19 05:00:00,0.9221000000000003
2021-04-20 05:00:00,0.9221000000000003
2021-04-21 05:00:00,0.9177000000000003
2021-04-22 05:00:00,0.9197000000000003
2021-04-23 05:00:00,0.9196000000000003
2021-04-26 05:00:00,0.9245000000000003
2021-04-27 05:00:00,0.9245000000000003
2021-04-28 05:00:00,0.9221000000000003
2021-04-29 05:00:00,0.9274000000000003
2021-04-30 05:00:00,0.9223000000000003
2021-05-03 05:00:00,0.9151000000000002
2021-05-04 05:00:00,0.9141000000000002
2021-05-05 05:00:00,0.9137000000000003
2021-05-06 05:00:00,0.9151000000000002
2021-05-07 05:00:00,0.9174000000000003
2021-05-10 05:00:00,0.9232000000000002
2021-05-11 05:00:00,0.9190000000000003
2021-05-12 05:00:00,0.9130000000000003
2021-05-13 05:00:00,0.9068000000000003
2021-05-14 05:00:00,0.9102000000000003
2021-05-17 05:00:00,0.9037000000000003
2021-05-18 05:00:00,0.9109000000000003
2021-05-19 05:00:00,0.9093000000000003
2021-05-20 05:00:00,0.9084000000000003
2021-05-21 05:00:00,0.9131000000000002
2021-05-24 05:00:00,0.9130000000000003
2021-05-25 05:00:00,0.9160000000000003
2021-05-26 05:00:00,0.9201000000000003
2021-05-27 05:00:00,0.9207000000000003
2021-05-28 05:00:00,0.9217000000000003
2021-05-31 05:00:00,0.9265000000000003
2021-06-01 05:00:00,0.9265000000000003
2021-06-02 05:00:00,0.9227000000000003
2021-06-03 05:00:00,0.9219000000000003
2021-06-04 05:00:00,0.9202000000000002
2021-06-07 05:00:00,0.9248000000000003
2021-06-08 05:00:00,0.9212000000000002
2021-06-09 05:00:00,0.9223000000000003
2021-06-10 05:00:00,0.9212000000000002
2021-06-11 05:00:00,0.9231000000000003
2021-06-14 05:00:00,0.9186000000000003
2021-06-15 05:00:00,0.9189000000000003
2021-06-16 05:00:00,0.9186000000000003
2021-06-17 05:00:00,0.9058000000000003
2021-06-18 05:00:00,0.9088000000000003
2021-06-21 05:00:00,0.9074000000000003
2021-06-22 05:00:00,0.9056000000000003
2021-06-23 05:00:00,0.9048000000000003
2021-06-24 05:00:00,0.9081000000000002
2021-06-25 05:00:00,0.9114000000000003
2021-06-28 05:00:00,0.9084000000000003
2021-06-29 05:00:00,0.9074000000000003
2021-06-30 05:00:00,0.9108000000000003
2021-07-01 05:00:00,0.9076000000000003
2021-07-02 05:00:00,0.9053000000000003
2021-07-05 05:00:00,0.9092000000000003
2021-07-06 05:00:00,0.9065000000000003
2021-07-07 05:00:00,0.9036000000000003
2021-07-08 05:00:00,0.8944000000000003
2021-07-09 05:00:00,0.8969000000000003
2021-07-12 05:00:00,0.8950000000000002
2021-07-13 05:00:00,0.8972000000000003
2021-07-14 05:00:00,0.8948000000000003
2021-07-15 05:00:00,0.8994000000000003
2021-07-16 05:00:00,0.9005000000000003
2021-07-19 05:00:00,0.8922000000000003
2021-07-20 05:00:00,0.8954000000000003
2021-07-21 05:00:00,0.8912000000000003
2021-07-22 05:00:00,0.8955000000000003
2021-07-23 05:00:00,0.8935000000000003
2021-07-26 05:00:00,0.8908000000000003
2021-07-27 05:00:00,0.8910000000000002
2021-07-28 05:00:00,0.8911000000000002
2021-07-29 05:00:00,0.8975000000000003
2021-07-30 05:00:00,0.8940000000000002
2021-08-02 05:00:00,0.8935000000000003
2021-08-03 05:00:00,0.8958000000000003
2021-08-04 05:00:00,0.9002000000000002
2021-08-05 05:00:00,0.9002000000000002
2021-08-06 05:00:00,0.8997000000000003
2021-08-09 05:00:00,0.8987000000000003
2021-08-10 05:00:00,0.8942000000000002
2021-08-11 05:00:00,0.8881000000000002
2021-08-12 05:00:00,0.8850000000000002
2021-08-13 05:00:00,0.8838000000000003
2021-08-16 05:00:00,0.8823000000000002
2021-08-17 05:00:00,0.8763000000000002
2021-08-18 05:00:00,0.8790000000000002
2021-08-19 05:00:00,0.8754000000000002
2021-08-20 05:00:00,0.8706000000000003
2021-08-23 05:00:00,0.8787000000000003
2021-08-24 05:00:00,0.8821000000000002
2021-08-25 05:00:00,0.8813000000000002
2021-08-26 05:00:00,0.8813000000000002
2021-08-27 05:00:00,0.8802000000000002
2021-08-30 05:00:00,0.8832000000000002
2021-08-31 05:00:00,0.8894000000000002
2021-09-01 05:00:00,0.8881000000000002
2021-09-02 05:00:00,0.8881000000000002
2021-09-03 05:00:00,0.8899000000000002
2021-09-06 05:00:00,0.8896000000000002
2021-09-07 05:00:00,0.8851000000000002
2021-09-08 05:00:00,0.8829000000000001
2021-09-09 05:00:00,0.8805000000000002
2021-09-10 05:00:00,0.8826000000000002
2021-09-13 05:00:00,0.8758000000000001
2021-09-14 05:00:00,0.8799000000000001
2021-09-15 05:00:00,0.8814000000000002
2021-09-16 05:00:00,0.8785000000000002
2021-09-17 05:00:00,0.8750000000000002
2021-09-20 05:00:00,0.8664000000000002
2021-09-21 05:00:00,0.8693000000000002
2021-09-22 05:00:00,0.8700000000000002
2021-09-23 05:00:00,0.8776000000000002
2021-09-24 05:00:00,0.8739000000000002
2021-09-27 05:00:00,0.8728000000000001
2021-09-28 05:00:00,0.8683000000000002
2021-09-29 05:00:00,0.8684000000000002
2021-09-30 05:00:00,0.8688000000000001
2021-10-01 05:00:00,0.8710000000000002
2021-10-04 05:00:00,0.8718000000000001
2021-10-05 05:00:00,0.8678000000000001
2021-10-06 05:00:00,0.8612000000000002
2021-10-07 05:00:00,0.8661000000000002
2021-10-08 05:00:00,0.8625000000000003
2021-10-11 05:00:00,0.8618000000000002
2021-10-12 05:00:00,0.8617000000000002
2021-10-13 05:00:00,0.8646000000000003
2021-10-14 05:00:00,0.8691000000000002
2021-10-15 05:00:00,0.8714000000000002
2021-10-18 05:00:00,0.8676000000000003
2021-10-19 05:00:00,0.8739000000000002
2021-10-20 05:00:00,0.8776000000000003
2021-10-21 05:00:00,0.8756000000000003
2021-10-22 05:00:00,0.8766000000000003
2021-10-25 05:00:00,0.8809000000000002
2021-10-26 05:00:00,0.8840000000000002
2021-10-27 05:00:00,0.8793000000000002
2021-10-28 05:00:00,0.8799000000000002
2021-10-29 05:00:00,0.8802000000000002
2021-11-01 05:00:00,0.8748000000000002
2021-11-02 05:00:00,0.8760000000000002
2021-11-03 05:00:00,0.8723000000000002
2021-11-04 05:00:00,0.8696000000000003
2021-11-05 05:00:00,0.8687000000000002
2021-11-08 06:00:00,0.8714000000000003
2021-11-09 06:00:00,0.8777000000000003
2021-11-10 06:00:00,0.8751000000000002
2021-11-11 06:00:00,0.8723000000000003
2021-11-12 06:00:00,0.8745000000000003
2021-11-15 06:00:00,0.8734000000000003
2021-11-16 06:00:00,0.8721000000000002
2021-11-17 06:00:00,0.8725000000000003
2021-11-18 06:00:00,0.8715000000000003
2021-11-19 06:00:00,0.8650000000000002
2021-11-22 06:00:00,0.8688000000000002
2021-11-23 06:00:00,0.8668000000000002
2021-11-24 06:00:00,0.8682000000000002
2021-11-25 06:00:00,0.8661000000000002
2021-11-26 06:00:00,0.8636000000000003
2021-11-29 06:00:00,0.8662000000000002
2021-11-30 06:00:00,0.8685000000000003
2021-12-01 06:00:00,0.8773000000000002
2021-12-02 06:00:00,0.8766000000000003
2021-12-03 06:00:00,0.8724000000000003
2021-12-06 06:00:00,0.8730000000000002
2021-12-07 06:00:00,0.8750000000000002
2021-12-08 06:00:00,0.8764000000000002
2021-12-09 06:00:00,0.8761000000000002
2021-12-10 06:00:00,0.8738000000000002
2021-12-13 06:00:00,0.8731000000000002
2021-12-14 06:00:00,0.8731000000000002
2021-12-15 06:00:00,0.8695000000000002
2021-12-16 06:00:00,0.8721000000000002
2021-12-17 06:00:00,0.8716000000000003
2021-12-20 06:00:00,0.8663000000000002
2021-12-21 06:00:00,0.8658000000000002
2021-12-22 06:00:00,0.8668000000000002
2021-12-23 06:00:00,0.8697000000000003
2021-12-24 06:00:00,0.8697000000000003
2021-12-27 06:00:00,0.8694000000000002
2021-12-28 06:00:00,0.8691000000000002
2021-12-29 06:00:00,0.8695000000000002
2021-12-30 06:00:00,0.8679000000000002
2021-12-31 06:00:00,0.8688000000000002
2022-01-03 06:00:00,0.8652000000000002
2022-01-04 06:00:00,0.8623000000000002
2022-01-05 06:00:00,0.8621000000000002
2022-01-06 06:00:00,0.8579000000000002
2022-01-07 06:00:00,0.8583000000000003
2022-01-10 06:00:00,0.8630000000000002
2022-01-11 06:00:00,0.8652000000000003
2022-01-12 06:00:00,0.8670000000000002
2022-01-13 06:00:00,0.8716000000000003
2022-01-14 06:00:00,0.8689000000000002
2022-01-17 06:00:00,0.8667000000000002
2022-01-18 06:00:00,0.8661000000000002
2022-01-19 06:00:00,0.8688000000000002
2022-01-20 06:00:00,0.8673000000000003
2022-01-21 06:00:00,0.8665000000000003
2022-01-24 06:00:00,0.8628000000000002
2022-01-25 06:00:00,0.8619000000000002
2022-01-26 06:00:00,0.8627000000000002
2022-01-27 06:00:00,0.8577000000000002
2022-01-28 06:00:00,0.8527000000000002
2022-01-31 06:00:00,0.8545000000000003
2022-02-01 06:00:00,0.8589000000000002
2022-02-02 06:00:00,0.8598000000000002
2022-02-03 06:00:00,0.8580000000000002
2022-02-04 06:00:00,0.8612000000000003
2022-02-07 06:00:00,0.8614000000000003
2022-02-08 06:00:00,0.8625000000000003
2022-02-09 06:00:00,0.8649000000000003
2022-02-10 06:00:00,0.8642000000000003
2022-02-11 06:00:00,0.8638000000000003
2022-02-14 06:00:00,0.8629000000000003
2022-02-15 06:00:00,0.8639000000000003
2022-02-16 06:00:00,0.8629000000000003
2022-02-17 06:00:00,0.8628000000000003
2022-02-18 06:00:00,0.8641000000000003
2022-02-21 06:00:00,0.8656000000000003
2022-02-22 06:00:00,0.8665000000000003
2022-02-23 06:00:00,0.8666000000000003
2022-02-24 06:00:00,0.8555000000000003
2022-02-25 06:00:00,0.8595000000000003
2022-02-28 06:00:00,0.8596000000000003
2022-03-01 06:00:00,0.8606000000000003
2022-03-02 06:00:00,0.8571000000000003
2022-03-03 06:00:00,0.8559000000000003
2022-03-04 06:00:00,0.8494000000000003
2022-03-07 06:00:00,0.8403000000000003
2022-03-08 06:00:00,0.8383000000000003
2022-03-09 06:00:00,0.8410000000000003
2022-03-10 06:00:00,0.8433000000000003
2022-03-11 06:00:00,0.8388000000000002
2022-03-14 05:00:00,0.8354000000000003
2022-03-15 05:00:00,0.8316000000000002
2022-03-16 05:00:00,0.8406000000000002
2022-03-17 05:00:00,0.8537000000000002
2022-03-18 05:00:00,0.8523000000000003
2022-03-21 05:00:00,0.8511000000000003
2022-03-22 05:00:00,0.8484000000000003
2022-03-23 05:00:00,0.8502000000000003
2022-03-24 05:00:00,0.8469000000000002
2022-03-25 05:00:00,0.8478000000000002
2022-03-28 05:00:00,0.8458000000000002
2022-03-29 05:00:00,0.8497000000000002
2022-03-30 05:00:00,0.8538000000000002
2022-03-31 05:00:00,0.8523000000000003
2022-04-01 05:00:00,0.8498000000000002
2022-04-04 05:00:00,0.8510000000000003
2022-04-05 05:00:00,0.8525000000000003
2022-04-06 05:00:00,0.8501000000000003
2022-04-07 05:00:00,0.8484000000000004
2022-04-08 05:00:00,0.8428000000000003
2022-04-11 05:00:00,0.8401000000000003
2022-04-12 05:00:00,0.8410000000000003
2022-04-13 05:00:00,0.8439000000000003
2022-04-14 05:00:00,0.8437000000000003
2022-04-15 05:00:00,0.8431000000000003
2022-04-18 05:00:00,0.8395000000000004
2022-04-19 05:00:00,0.8346000000000003
2022-04-20 05:00:00,0.8388000000000003
2022-04-21 05:00:00,0.8369000000000003
2022-04-22 05:00:00,0.8341000000000003
2022-04-25 05:00:00,0.8280000000000003
2022-04-26 05:00:00,0.8265000000000003
2022-04-27 05:00:00,0.8191000000000003
2022-04-28 05:00:00,0.8138000000000003
2022-04-29 05:00:00,0.8250000000000003
2022-05-02 05:00:00,0.8185000000000003
2022-05-03 05:00:00,0.8184000000000003
2022-05-04 05:00:00,0.8199000000000003
2022-05-05 05:00:00,0.8232000000000004
2022-05-06 05:00:00,0.8170000000000003
2022-05-09 05:00:00,0.8122000000000004
2022-05-10 05:00:00,0.8132000000000004
2022-05-11 05:00:00,0.8139000000000003
2022-05-12 05:00:00,0.8046000000000003
2022-05-13 05:00:00,0.8087000000000003
2022-05-16 05:00:00,0.8073000000000004
2022-05-17 05:00:00,0.8185000000000003
2022-05-18 05:00:00,0.8186000000000003
2022-05-19 05:00:00,0.8128000000000003
2022-05-20 05:00:00,0.8186000000000003
2022-05-23 05:00:00,0.8221000000000004
2022-05-24 05:00:00,0.8205000000000003
2022-05-25 05:00:00,0.8163000000000004
2022-05-26 05:00:00,0.8201000000000004
2022-05-27 05:00:00,0.8266000000000003
2022-05-30 05:00:00,0.8375000000000004
2022-05-31 05:00:00,0.8355000000000004
2022-06-01 05:00:00,0.8334000000000004
2022-06-02 05:00:00,0.8298000000000003
2022-06-03 05:00:00,0.8321000000000003
2022-06-06 05:00:00,0.8292000000000004
2022-06-07 05:00:00,0.8253000000000004
2022-06-08 05:00:00,0.8254000000000004
2022-06-09 05:00:00,0.8255000000000003
2022-06-10 05:00:00,0.8161000000000004
2022-06-13 05:00:00,0.8049000000000004
2022-06-14 05:00:00,0.8055000000000003
2022-06-15 05:00:00,0.8044000000000003
2022-06-16 05:00:00,0.8024000000000003
2022-06-17 05:00:00,0.8034000000000003
2022-06-20 05:00:00,0.8040000000000004
2022-06-21 05:00:00,0.8024000000000003
2022-06-22 05:00:00,0.7973000000000003
2022-06-23 05:00:00,0.7967000000000003
2022-06-24 05:00:00,0.8013000000000003
2022-06-27 05:00:00,0.8082000000000004
2022-06-28 05:00:00,0.8058000000000003
2022-06-29 05:00:00,0.8003000000000003
2022-06-30 05:00:00,0.7976000000000003
2022-07-01 05:00:00,0.8004000000000003
2022-07-04 05:00:00,0.8015000000000003
2022-07-05 05:00:00,0.7919000000000004
2022-07-06 05:00:00,0.7933000000000003
2022-07-07 05:00:00,0.7980000000000004
2022-07-08 05:00:00,0.7979000000000004
2022-07-11 05:00:00,0.7942000000000004
2022-07-12 05:00:00,0.7934000000000003
2022-07-13 05:00:00,0.7959000000000004
2022-07-14 05:00:00,0.7866000000000004
2022-07-15 05:00:00,0.7829000000000004
2022-07-18 05:00:00,0.7891000000000004
2022-07-19 05:00:00,0.7940000000000004
2022-07-20 05:00:00,0.7910000000000004
2022-07-21 05:00:00,0.7913000000000003
2022-07-22 05:00:00,0.7908000000000004
2022-07-25 05:00:00,0.7921000000000004
2022-07-26 05:00:00,0.7921000000000004
2022-07-27 05:00:00,0.7903000000000003
2022-07-28 05:00:00,0.7956000000000004
2022-07-29 05:00:00,0.7968000000000004
2022-08-01 05:00:00,0.7967000000000004
2022-08-02 05:00:00,0.7931000000000004
2022-08-03 05:00:00,0.7918000000000004
2022-08-04 05:00:00,0.7923000000000003
2022-08-05 05:00:00,0.7998000000000004
2022-08-08 05:00:00,0.7959000000000004
2022-08-09 05:00:00,0.7940000000000004
2022-08-10 05:00:00,0.7917000000000004
2022-08-11 05:00:00,0.7976000000000004
2022-08-12 05:00:00,0.7949000000000004
2022-08-15 05:00:00,0.7920000000000004
2022-08-16 05:00:00,0.7905000000000004
2022-08-17 05:00:00,0.7887000000000004
2022-08-18 05:00:00,0.7846000000000004
2022-08-19 05:00:00,0.7768000000000004
2022-08-22 05:00:00,0.7727000000000004
2022-08-23 05:00:00,0.7740000000000005
2022-08-24 05:00:00,0.7737000000000004
2022-08-25 05:00:00,0.7773000000000004
2022-08-26 05:00:00,0.7793000000000004
2022-08-29 05:00:00,0.7698000000000004
2022-08-30 05:00:00,0.7719000000000004
2022-08-31 05:00:00,0.7734000000000004
2022-09-01 05:00:00,0.7671000000000004
2022-09-02 05:00:00,0.7626000000000004
2022-09-05 05:00:00,0.7578000000000004
2022-09-06 05:00:00,0.7552000000000004
2022-09-07 05:00:00,0.7491000000000004
2022-09-08 05:00:00,0.7521000000000004
2022-09-09 05:00:00,0.7548000000000005
2022-09-12 05:00:00,0.7543000000000004
2022-09-13 05:00:00,0.7574000000000004
2022-09-14 05:00:00,0.7466000000000005
2022-09-15 05:00:00,0.7441000000000004
2022-09-16 05:00:00,0.7493000000000004
2022-09-19 05:00:00,0.7463000000000004
2022-09-20 05:00:00,0.7472000000000004
2022-09-21 05:00:00,0.7458000000000005
2022-09-22 05:00:00,0.7397000000000005
2022-09-23 05:00:00,0.7340000000000004
2022-09-26 05:00:00,0.7271000000000004
2022-09-27 05:00:00,0.7321000000000004
2022-09-28 05:00:00,0.7223000000000005
2022-09-29 05:00:00,0.7283000000000004
2022-09-30 05:00:00,0.7247000000000005
2022-10-03 05:00:00,0.7212000000000004
2022-10-04 05:00:00,0.7286000000000005
2022-10-05 05:00:00,0.7332000000000004
2022-10-06 05:00:00,0.7393000000000004
2022-10-07 05:00:00,0.7379000000000003
2022-10-10 05:00:00,0.7289000000000003
2022-10-11 05:00:00,0.7262000000000004
2022-10-12 05:00:00,0.7290000000000004
2022-10-13 05:00:00,0.7275000000000004
2022-10-14 05:00:00,0.7246000000000004
2022-10-17 05:00:00,0.7238000000000003
2022-10-18 05:00:00,0.7301000000000004
2022-10-19 05:00:00,0.7268000000000003
2022-10-20 05:00:00,0.7291000000000004
2022-10-21 05:00:00,0.7214000000000004
2022-10-24 05:00:00,0.7203000000000004
2022-10-25 05:00:00,0.7231000000000004
2022-10-26 05:00:00,0.7331000000000004
2022-10-27 05:00:00,0.7309000000000003
2022-10-28 05:00:00,0.7295000000000004
2022-10-31 05:00:00,0.7277000000000003
2022-11-01 05:00:00,0.7345000000000004
2022-11-02 05:00:00,0.7347000000000004
2022-11-03 05:00:00,0.7279000000000003
2022-11-04 05:00:00,0.7347000000000004
2022-11-07 06:00:00,0.7474000000000004
2022-11-08 06:00:00,0.7527000000000005
2022-11-09 06:00:00,0.7593000000000004
2022-11-10 06:00:00,0.7528000000000005
2022-11-11 06:00:00,0.7847000000000004
2022-11-14 06:00:00,0.7807000000000004
2022-11-15 06:00:00,0.7896000000000004
2022-11-16 06:00:00,0.7836000000000004
2022-11-17 06:00:00,0.7701000000000005
2022-11-18 06:00:00,0.7742000000000004
2022-11-21 06:00:00,0.7634000000000004
2022-11-22 06:00:00,0.7661000000000004
2022-11-23 06:00:00,0.7661000000000004
2022-11-24 06:00:00,0.7792000000000004
2022-11-25 06:00:00,0.7782000000000004
2022-11-28 06:00:00,0.7778000000000005
2022-11-29 06:00:00,0.7812000000000004
2022-11-30 06:00:00,0.7871000000000005
2022-12-01 06:00:00,0.7926000000000004
2022-12-02 06:00:00,0.7984000000000004
2022-12-05 06:00:00,0.7976000000000004
2022-12-06 06:00:00,0.7846000000000004
2022-12-07 06:00:00,0.7835000000000004
2022-12-08 06:00:00,0.7844000000000004
2022-12-09 06:00:00,0.7948000000000004
2022-12-12 06:00:00,0.7938000000000004
2022-12-13 06:00:00,0.7924000000000004
2022-12-14 06:00:00,0.7998000000000004
2022-12-15 06:00:00,0.7897000000000004
2022-12-16 06:00:00,0.7923000000000003
2022-12-19 06:00:00,0.7961000000000004
2022-12-20 06:00:00,0.8057000000000004
2022-12-21 06:00:00,0.8033000000000003
2022-12-22 06:00:00,0.8079000000000004
2022-12-23 06:00:00,0.8076000000000004
2022-12-26 06:00:00,0.8111000000000004
2022-12-27 06:00:00,0.8142000000000004
2022-12-28 06:00:00,0.8154000000000003
2022-12-29 06:00:00,0.8158000000000004
2022-12-30 06:00:00,0.8235000000000003
2023-01-03 06:00:00,0.8092000000000004
2023-01-04 06:00:00,0.8142000000000004
2023-01-05 06:00:00,0.8149000000000004
2023-01-06 06:00:00,0.8126000000000004
2023-01-09 06:00:00,0.8292000000000004
2023-01-10 06:00:00,0.8290000000000004
2023-01-11 06:00:00,0.8276000000000003
2023-01-12 06:00:00,0.8289000000000004
2023-01-13 06:00:00,0.8342000000000004
2023-01-16 06:00:00,0.8348000000000004
2023-01-17 06:00:00,0.8319000000000004
2023-01-18 06:00:00,0.8364000000000004
2023-01-19 06:00:00,0.8349000000000004
2023-01-20 06:00:00,0.8364000000000004
2023-01-23 06:00:00,0.8405000000000004
2023-01-24 06:00:00,0.8354000000000004
2023-01-25 06:00:00,0.8347000000000004
2023-01-26 06:00:00,0.8378000000000004
2023-01-27 06:00:00,0.8362000000000004
2023-01-30 06:00:00,0.8408000000000004
2023-01-31 06:00:00,0.8336000000000003
2023-02-01 06:00:00,0.8396000000000003
2023-02-02 06:00:00,0.8431000000000004
2023-02-03 06:00:00,0.8386000000000003
2023-02-06 06:00:00,0.8199000000000004
2023-02-07 06:00:00,0.8197000000000003
2023-02-08 06:00:00,0.8204000000000004
2023-02-09 06:00:00,0.8203000000000004
2023-02-10 06:00:00,0.8144000000000003
2023-02-13 06:00:00,0.8078000000000004
2023-02-14 06:00:00,0.8142000000000004
2023-02-15 06:00:00,0.8048000000000004
2023-02-16 06:00:00,0.8032000000000004
2023-02-17 06:00:00,0.7936000000000004
2023-02-20 06:00:00,0.7965000000000003
2023-02-21 06:00:00,0.7944000000000003
2023-02-22 06:00:00,0.7918000000000004
2023-02-23 06:00:00,0.7956000000000004
2023-02-24 06:00:00,0.7892000000000003
2023-02-27 06:00:00,0.7822000000000003
2023-02-28 06:00:00,0.7811000000000003
2023-03-01 06:00:00,0.7930000000000004
2023-03-02 06:00:00,0.7879000000000004
2023-03-03 06:00:00,0.7926000000000004
2023-03-06 06:00:00,0.7940000000000004
2023-03-07 06:00:00,0.7920000000000004
2023-03-08 06:00:00,0.7836000000000004
2023-03-09 06:00:00,0.7824000000000003
2023-03-10 06:00:00,0.7828000000000004
2023-03-13 05:00:00,0.7905000000000003
2023-03-14 05:00:00,0.7904000000000003
2023-03-15 05:00:00,0.7846000000000004
2023-03-16 05:00:00,0.7874000000000003
2023-03-17 05:00:00,0.7894000000000003
2023-03-20 05:00:00,0.7893000000000003
2023-03-21 05:00:00,0.7913000000000003
2023-03-22 05:00:00,0.7907000000000004
2023-03-23 05:00:00,0.8034000000000003
2023-03-24 05:00:00,0.7923000000000003
2023-03-27 05:00:00,0.7942000000000004
2023-03-28 05:00:00,0.7946000000000004
2023-03-29 05:00:00,0.7936000000000004
2023-03-30 05:00:00,0.7942000000000004
2023-03-31 05:00:00,0.7904000000000003
2023-04-03 05:00:00,0.7846000000000004
2023-04-04 05:00:00,0.7845000000000004
2023-04-05 05:00:00,0.7865000000000003
2023-04-06 05:00:00,0.7822000000000003
2023-04-07 05:00:00,0.7834000000000003
2023-04-10 05:00:00,0.7822000000000003
2023-04-11 05:00:00,0.7800000000000002
2023-04-12 05:00:00,0.7775000000000003
2023-04-13 05:00:00,0.7873000000000003
2023-04-14 05:00:00,0.7922000000000002
2023-04-17 05:00:00,0.7843000000000003
2023-04-18 05:00:00,0.7829000000000003
2023-04-19 05:00:00,0.7728000000000003
2023-04-20 05:00:00,0.7790000000000002
2023-04-21 05:00:00,0.7762000000000003
2023-04-24 05:00:00,0.7728000000000003
2023-04-25 05:00:00,0.7706000000000003
2023-04-26 05:00:00,0.7703000000000003
2023-04-27 05:00:00,0.7689000000000002
2023-04-28 05:00:00,0.7703000000000003
2023-05-01 05:00:00,0.7693000000000003
2023-05-02 05:00:00,0.7686000000000003
2023-05-03 05:00:00,0.7726000000000003
2023-05-04 05:00:00,0.7786000000000003
2023-05-05 05:00:00,0.7819000000000003
2023-05-08 05:00:00,0.7792000000000002
2023-05-09 05:00:00,0.7778000000000003
2023-05-10 05:00:00,0.7778000000000003
2023-05-11 05:00:00,0.7750000000000002
2023-05-12 05:00:00,0.7707000000000003
2023-05-15 05:00:00,0.7704000000000002
2023-05-16 05:00:00,0.7688000000000003
2023-05-17 05:00:00,0.7697000000000003
2023-05-18 05:00:00,0.7713000000000002
2023-05-19 05:00:00,0.7759000000000003
2023-05-22 05:00:00,0.7813000000000002
2023-05-23 05:00:00,0.7799000000000003
2023-05-24 05:00:00,0.7798000000000003
2023-05-25 05:00:00,0.7751000000000002
2023-05-26 05:00:00,0.7754000000000002
2023-05-29 05:00:00,0.7775000000000002
2023-05-30 05:00:00,0.7799000000000003
2023-05-31 05:00:00,0.7765000000000002
2023-06-01 05:00:00,0.7786000000000003
2023-06-02 05:00:00,0.7905000000000002
2023-06-05 05:00:00,0.7869000000000003
2023-06-06 05:00:00,0.7905000000000002
2023-06-07 05:00:00,0.7902000000000002
2023-06-08 05:00:00,0.7883000000000002
2023-06-09 05:00:00,0.7959000000000003
2023-06-12 05:00:00,0.7983000000000002
2023-06-13 05:00:00,0.8061000000000003
2023-06-14 05:00:00,0.8042000000000002
2023-06-15 05:00:00,0.8013000000000002
2023-06-16 05:00:00,0.8060000000000003
2023-06-19 05:00:00,0.8009000000000003
2023-06-20 05:00:00,0.7974000000000002
2023-06-21 05:00:00,0.7936000000000003
2023-06-22 05:00:00,0.7927000000000003
2023-06-23 05:00:00,0.7842000000000002
2023-06-26 05:00:00,0.7855000000000002
2023-06-27 05:00:00,0.7890000000000003
2023-06-28 05:00:00,0.7841000000000002
2023-06-29 05:00:00,0.7805000000000003
2023-06-30 05:00:00,0.7769000000000003
2023-07-03 05:00:00,0.7852000000000002
2023-07-04 05:00:00,0.7906000000000003
2023-07-05 05:00:00,0.7887000000000003
2023-07-06 05:00:00,0.7875000000000002
2023-07-07 05:00:00,0.7856000000000002
2023-07-10 05:00:00,0.7862000000000001
2023-07-11 05:00:00,0.7939000000000002
2023-07-12 05:00:00,0.7954000000000001
2023-07-13 05:00:00,0.8085000000000001
2023-07-14 05:00:00,0.8090000000000002
2023-07-17 05:00:00,0.8096000000000002
2023-07-18 05:00:00,0.8129000000000002
2023-07-19 05:00:00,0.8097000000000002
2023-07-20 05:00:00,0.8067000000000002
2023-07-21 05:00:00,0.7983000000000001
2023-07-24 05:00:00,0.8011000000000001
2023-07-25 05:00:00,0.8028000000000002
2023-07-26 05:00:00,0.8035000000000002
2023-07-27 05:00:00,0.8011000000000001
2023-07-28 05:00:00,0.8024000000000001
2023-07-31 05:00:00,0.8040000000000002
2023-08-01 05:00:00,0.7969000000000002
2023-08-02 05:00:00,0.7917000000000002
2023-08-03 05:00:00,0.7886000000000002
2023-08-04 05:00:00,0.7817000000000002
2023-08-07 05:00:00,0.7839000000000002
2023-08-08 05:00:00,0.7768000000000002
2023-08-09 05:00:00,0.7804000000000002
2023-08-10 05:00:00,0.7812000000000001
2023-08-11 05:00:00,0.7729000000000001
2023-08-14 05:00:00,0.7684000000000002
2023-08-15 05:00:00,0.7669000000000001
2023-08-16 05:00:00,0.7658000000000001
2023-08-17 05:00:00,0.7653000000000002
2023-08-18 05:00:00,0.7644000000000002
2023-08-21 05:00:00,0.7646000000000002
2023-08-22 05:00:00,0.7659000000000001
2023-08-23 05:00:00,0.7647000000000002
2023-08-24 05:00:00,0.7755000000000002
2023-08-25 05:00:00,0.7743000000000002
2023-08-28 05:00:00,0.7720000000000001
2023-08-29 05:00:00,0.7732000000000002
2023-08-30 05:00:00,0.7738000000000002
2023-08-31 05:00:00,0.7733000000000002
2023-09-01 05:00:00,0.7776000000000002
2023-09-04 05:00:00,0.7768000000000002
2023-09-05 05:00:00,0.7670000000000001
2023-09-06 05:00:00,0.7695000000000002
2023-09-07 05:00:00,0.7657000000000002
2023-09-08 05:00:00,0.7671000000000002
2023-09-11 05:00:00,0.7690000000000001
2023-09-12 05:00:00,0.7706000000000002
2023-09-13 05:00:00,0.7704000000000002
2023-09-14 05:00:00,0.7715000000000002
2023-09-15 05:00:00,0.7701000000000002
2023-09-18 05:00:00,0.7720000000000001
2023-09-19 05:00:00,0.7724000000000002
2023-09-20 05:00:00,0.7708000000000002
2023-09-21 05:00:00,0.7633000000000002
2023-09-22 05:00:00,0.7666000000000002
2023-09-25 05:00:00,0.7646000000000002
2023-09-26 05:00:00,0.7578000000000001
2023-09-27 05:00:00,0.7558000000000001
2023-09-28 05:00:00,0.7552000000000002
2023-09-29 05:00:00,0.7603000000000002
2023-10-02 05:00:00,0.7544000000000002
2023-10-03 05:00:00,0.7517000000000001
2023-10-04 05:00:00,0.7547000000000001
2023-10-05 05:00:00,0.7571000000000002
2023-10-06 05:00:00,0.7586000000000002
2023-10-09 05:00:00,0.7561000000000002
2023-10-10 05:00:00,0.7582000000000002
2023-10-11 05:00:00,0.7628000000000003
2023-10-12 05:00:00,0.7647000000000002
2023-10-13 05:00:00,0.7562000000000002
2023-10-16 05:00:00,0.7552000000000002
2023-10-17 05:00:00,0.7559000000000002
2023-10-18 05:00:00,0.7556000000000002
2023-10-19 05:00:00,0.7519000000000002
2023-10-20 05:00:00,0.7561000000000002
2023-10-23 05:00:00,0.7556000000000002
2023-10-24 05:00:00,0.7604000000000002
2023-10-25 05:00:00,0.7569000000000002
2023-10-26 05:00:00,0.7522000000000002
2023-10-27 05:00:00,0.7534000000000002
2023-10-30 05:00:00,0.7573000000000002
2023-10-31 05:00:00,0.7578000000000003
2023-11-01 05:00:00,0.7519000000000002
2023-11-02 05:00:00,0.7648000000000003
2023-11-03 05:00:00,0.7744000000000002
2023-11-06 06:00:00,0.7863000000000002
2023-11-07 06:00:00,0.7788000000000003
2023-11-08 06:00:00,0.7770000000000002
2023-11-09 06:00:00,0.7775000000000002
2023-11-10 06:00:00,0.7734000000000002
2023-11-13 06:00:00,0.7715000000000002
2023-11-14 06:00:00,0.7692000000000002
2023-11-15 06:00:00,0.7844000000000002
2023-11-16 06:00:00,0.7885000000000002
2023-11-17 06:00:00,0.7898000000000003
2023-11-20 06:00:00,0.7892000000000002
2023-11-21 06:00:00,0.7880000000000003
2023-11-22 06:00:00,0.7840000000000003
2023-11-23 06:00:00,0.7841000000000002
2023-11-24 06:00:00,0.7805000000000002
2023-11-27 06:00:00,0.7833000000000002
2023-11-28 06:00:00,0.7864000000000002
2023-11-29 06:00:00,0.7886000000000002
2023-11-30 06:00:00,0.7840000000000003
2023-12-01 06:00:00,0.7818000000000003
2023-12-04 06:00:00,0.7815000000000002
2023-12-05 06:00:00,0.7751000000000002
2023-12-06 06:00:00,0.7745000000000002
2023-12-07 06:00:00,0.7719000000000001
2023-12-08 06:00:00,0.7771000000000001
2023-12-11 06:00:00,0.7712000000000001
2023-12-12 06:00:00,0.7777000000000002
2023-12-13 06:00:00,0.7717000000000002
2023-12-14 06:00:00,0.7867000000000002
2023-12-15 06:00:00,0.7850000000000001
2023-12-18 06:00:00,0.7832000000000001
2023-12-19 06:00:00,0.7783000000000001
2023-12-20 06:00:00,0.7820000000000001
2023-12-21 06:00:00,0.7797000000000002
2023-12-22 06:00:00,0.7840000000000001
2023-12-25 06:00:00,0.7844000000000002
2023-12-26 06:00:00,0.7858000000000002
2023-12-27 06:00:00,0.7859000000000002
2023-12-28 06:00:00,0.7902000000000001
2023-12-29 06:00:00,0.7818000000000002
2024-01-02 06:00:00,0.7755000000000002
2024-01-03 06:00:00,0.7756000000000002
2024-01-04 06:00:00,0.7772000000000001
2024-01-05 06:00:00,0.7720000000000001
2024-01-08 06:00:00,0.7716000000000001
2024-01-09 06:00:00,0.7705000000000001
2024-01-10 06:00:00,0.7706000000000001
2024-01-11 06:00:00,0.7731000000000001
2024-01-12 06:00:00,0.7735000000000001
2024-01-15 06:00:00,0.7694000000000001
2024-01-16 06:00:00,0.7607
2024-01-17 06:00:00,0.7554000000000001
2024-01-18 06:00:00,0.7596
2024-01-19 06:00:00,0.7626000000000001
2024-01-22 06:00:00,0.7586
2024-01-23 06:00:00,0.7594000000000001
2024-01-24 06:00:00,0.7622000000000001
2024-01-25 06:00:00,0.7605000000000001
2024-01-26 06:00:00,0.7616
2024-01-29 06:00:00,0.7603000000000001
2024-01-30 06:00:00,0.7640000000000001
2024-01-31 06:00:00,0.7617
2024-02-01 06:00:00,0.7614000000000001
2024-02-02 06:00:00,0.7671000000000001
2024-02-05 06:00:00,0.7622000000000001
2024-02-06 06:00:00,0.7638
2024-02-07 06:00:00,0.7653
2024-02-08 06:00:00,0.7629
2024-02-09 06:00:00,0.7626999999999999
2024-02-12 06:00:00,0.7638
2024-02-13 06:00:00,0.7636
2024-02-14 06:00:00,0.7605999999999999
2024-02-15 06:00:00,0.7616999999999999
2024-02-16 06:00:00,0.7613
2024-02-19 06:00:00,0.7604
2024-02-20 06:00:00,0.7608
2024-02-21 06:00:00,0.7605
2024-02-22 06:00:00,0.7653
2024-02-23 06:00:00,0.7621
2024-02-26 06:00:00,0.762
2024-02-27 06:00:00,0.7622
2024-02-28 06:00:00,0.7595
2024-02-29 06:00:00,0.7595
2024-03-01 06:00:00,0.7598
2024-03-04 06:00:00,0.7614
2024-03-05 06:00:00,0.7603
2024-03-06 06:00:00,0.7595999999999999
2024-03-07 06:00:00,0.7625
2024-03-08 06:00:00,0.77
2024-03-11 05:00:00,0.7733
2024-03-12 05:00:00,0.774
2024-03-13 05:00:00,0.7705
2024-03-14 05:00:00,0.7703
2024-03-15 05:00:00,0.7615
2024-03-18 05:00:00,0.7605999999999999
2024-03-19 05:00:00,0.757
2024-03-20 05:00:00,0.7561
2024-03-21 05:00:00,0.7631
2024-03-22 05:00:00,0.7528
2024-03-25 05:00:00,0.7546
2024-03-26 05:00:00,0.7563
2024-03-27 05:00:00,0.7513
2024-03-28 05:00:00,0.7499
2024-03-29 05:00:00,0.7519
2024-04-01 05:00:00,0.7501
2024-04-02 05:00:00,0.7497
2024-04-03 05:00:00,0.7503
2024-04-04 05:00:00,0.7515
2024-04-05 05:00:00,0.7496
2024-04-08 05:00:00,0.7466
2024-04-09 05:00:00,0.7479
2024-04-10 05:00:00,0.7491
2024-04-11 05:00:00,0.7397
2024-04-12 05:00:00,0.7335
2024-04-15 05:00:00,0.732
2024-04-16 05:00:00,0.7273000000000001
2024-04-17 05:00:00,0.7316
2024-04-18 05:00:00,0.7366
2024-04-19 05:00:00,0.7337
2024-04-22 05:00:00,0.7332000000000001
2024-04-23 05:00:00,0.7342000000000001
2024-04-24 05:00:00,0.7363000000000001
2024-04-25 05:00:00,0.7363000000000001
2024-04-26 05:00:00,0.735
2024-04-29 05:00:00,0.7348
2024-04-30 05:00:00,0.733
2024-05-01 05:00:00,0.7296
2024-05-02 05:00:00,0.736
2024-05-03 05:00:00,0.744
2024-05-06 05:00:00,0.7456
2024-05-07 05:00:00,0.7444000000000001
2024-05-08 05:00:00,0.7412000000000001
2024-05-09 05:00:00,0.7368
2024-05-10 05:00:00,0.7397
2024-05-13 05:00:00,0.7389
2024-05-14 05:00:00,0.7389
2024-05-15 05:00:00,0.7431000000000001
2024-05-16 05:00:00,0.7507
2024-05-17 05:00:00,0.7443000000000001
2024-05-20 05:00:00,0.7429
2024-05-21 05:00:00,0.7414000000000001
2024-05-22 05:00:00,0.7393000000000001
2024-05-23 05:00:00,0.7414000000000001
2024-05-24 05:00:00,0.7394000000000001
2024-05-27 05:00:00,0.7415
2024-05-28 05:00:00,0.7433000000000001
2024-05-29 05:00:00,0.7384000000000001
2024-05-30 05:00:00,0.7340000000000001
2024-05-31 05:00:00,0.7298
2024-06-03 05:00:00,0.7333000000000001
2024-06-04 05:00:00,0.7330000000000001
2024-06-05 05:00:00,0.7351000000000001
2024-06-06 05:00:00,0.7378
2024-06-07 05:00:00,0.7382000000000001
2024-06-10 05:00:00,0.7337
2024-06-11 05:00:00,0.7321000000000001
2024-06-12 05:00:00,0.7337
2024-06-13 05:00:00,0.7341000000000001
2024-06-14 05:00:00,0.7286
2024-06-17 05:00:00,0.7303000000000001
2024-06-18 05:00:00,0.7288000000000001
2024-06-19 05:00:00,0.7308
2024-06-20 05:00:00,0.7275
2024-06-21 05:00:00,0.7258000000000001
2024-06-24 05:00:00,0.7267
2024-06-25 05:00:00,0.7248000000000001
2024-06-26 05:00:00,0.7242000000000001
2024-06-27 05:00:00,0.7272000000000001
2024-06-28 05:00:00,0.7312000000000001
2024-06-28 06:00:00,0.7314
2024-06-28 07:00:00,0.7312000000000001
2024-06-28 08:00:00,0.7315
2024-06-28 09:00:00,0.7325
2024-06-28 10:00:00,0.7321000000000001
2024-06-28 11:00:00,0.7319000000000001
2024-06-28 12:00:00,0.7314
2024-06-28 13:00:00,0.7313000000000001
2024-06-28 14:00:00,0.7314
2024-06-28 15:00:00,0.7313000000000001
2024-06-28 16:00:00,0.7311000000000001
2024-06-28 17:00:00,0.7311000000000001
2024-06-28 18:00:00,0.7306
2024-06-28 19:00:00,0.7304
2024-06-28 20:00:00,0.7305
2024-06-30 23:00:00,0.7309000000000001
2024-07-01 00:00:00,0.7293000000000001
2024-07-01 01:00:00,0.7314
2024-07-01 02:00:00,0.7315
2024-07-01 03:00:00,0.7302000000000001
2024-07-01 04:00:00,0.7299000000000001
2024-07-01 05:00:00,0.7300000000000001
2024-07-01 06:00:00,0.7306
2024-07-01 07:00:00,0.7297
2024-07-01 08:00:00,0.7298000000000001
2024-07-01 09:00:00,0.7295
2024-07-01 10:00:00,0.7294
2024-07-01 11:00:00,0.7294
2024-07-01 12:00:00,0.7293000000000001
2024-07-01 13:00:00,0.7298000000000001
2024-07-01 14:00:00,0.7287
2024-07-01 15:00:00,0.7290000000000001
2024-07-01 16:00:00,0.7289000000000001
2024-07-01 18:00:00,0.7284
2024-07-01 19:00:00,0.7285
2024-07-01 20:00:00,0.7284
2024-07-01 21:00:00,0.7305
2024-07-01 23:00:00,0.7287
2024-07-02 00:00:00,0.7276
2024-07-02 01:00:00,0.7264
2024-07-02 02:00:00,0.7259000000000001
2024-07-02 03:00:00,0.7258000000000001
2024-07-02 04:00:00,0.7258000000000001
2024-07-02 05:00:00,0.7261000000000001
2024-07-02 06:00:00,0.7260000000000001
2024-07-02 07:00:00,0.7262000000000001
2024-07-02 08:00:00,0.7259000000000001
2024-07-02 09:00:00,0.7259000000000001
2024-07-02 10:00:00,0.7260000000000001
2024-07-02 11:00:00,0.7265
2024-07-02 12:00:00,0.7271000000000001
2024-07-02 13:00:00,0.7275
2024-07-02 14:00:00,0.7270000000000001
2024-07-02 15:00:00,0.7272000000000001
2024-07-02 17:00:00,0.7272000000000001
2024-07-02 18:00:00,0.7273000000000001
2024-07-02 19:00:00,0.7275
2024-07-02 20:00:00,0.7278000000000001
2024-07-02 23:00:00,0.7279000000000001
2024-07-03 00:00:00,0.7263000000000001
2024-07-03 01:00:00,0.7255
2024-07-03 02:00:00,0.7251000000000001
2024-07-03 03:00:00,0.7252000000000001
2024-07-03 04:00:00,0.7247
2024-07-03 05:00:00,0.7245
2024-07-03 06:00:00,0.7256
2024-07-03 07:00:00,0.7262000000000001
2024-07-03 08:00:00,0.7257
2024-07-03 09:00:00,0.7256
2024-07-03 10:00:00,0.7256
2024-07-03 11:00:00,0.7255
2024-07-03 12:00:00,0.7260000000000001
2024-07-03 13:00:00,0.7270000000000001
2024-07-03 14:00:00,0.7286
2024-07-03 15:00:00,0.7278000000000001
2024-07-03 16:00:00,0.7276
2024-07-03 17:00:00,0.7278000000000001
2024-07-03 18:00:00,0.7271000000000001
2024-07-03 19:00:00,0.7268000000000001
2024-07-04 00:00:00,0.7298000000000001
2024-07-04 01:00:00,0.7298000000000001
2024-07-04 02:00:00,0.7299000000000001
2024-07-04 03:00:00,0.7293000000000001
2024-07-04 04:00:00,0.7298000000000001
2024-07-04 05:00:00,0.7301000000000001
2024-07-04 06:00:00,0.7303000000000001
2024-07-04 07:00:00,0.7300000000000001
2024-07-04 08:00:00,0.7302000000000001
2024-07-04 09:00:00,0.7302000000000001
2024-07-04 10:00:00,0.7304
2024-07-04 11:00:00,0.7305
2024-07-04 12:00:00,0.7299000000000001
2024-07-04 13:00:00,0.7298000000000001
2024-07-04 14:00:00,0.7302000000000001
2024-07-04 15:00:00,0.7304
2024-07-04 16:00:00,0.7304
2024-07-04 17:00:00,0.7298000000000001
2024-07-04 19:00:00,0.7299000000000001
2024-07-05 00:00:00,0.7317
2024-07-05 01:00:00,0.7317
2024-07-05 02:00:00,0.7314
2024-07-05 03:00:00,0.7321
2024-07-05 04:00:00,0.7319
2024-07-05 05:00:00,0.7305
2024-07-05 06:00:00,0.7308
2024-07-05 07:00:00,0.7315
2024-07-05 09:00:00,0.731
2024-07-05 10:00:00,0.7311
2024-07-05 11:00:00,0.7311
2024-07-05 12:00:00,0.7312
2024-07-05 13:00:00,0.7293000000000001
2024-07-05 14:00:00,0.7307
2024-07-05 15:00:00,0.731
2024-07-05 16:00:00,0.7308
2024-07-05 17:00:00,0.7308
2024-07-05 18:00:00,0.7318
2024-07-05 19:00:00,0.7325
2024-07-05 20:00:00,0.7321
2024-07-07 23:00:00,0.7322
2024-07-08 00:00:00,0.7316
2024-07-08 01:00:00,0.7314
2024-07-08 02:00:00,0.7319
2024-07-08 04:00:00,0.7318
2024-07-08 05:00:00,0.7304
2024-07-08 06:00:00,0.7294
2024-07-08 07:00:00,0.7293000000000001
2024-07-08 08:00:00,0.7296
2024-07-08 09:00:00,0.729
2024-07-08 10:00:00,0.729
2024-07-08 11:00:00,0.7292000000000001
2024-07-08 12:00:00,0.7299
2024-07-08 13:00:00,0.7297
2024-07-08 14:00:00,0.7299
2024-07-08 15:00:00,0.7294
2024-07-08 16:00:00,0.7297
2024-07-08 17:00:00,0.7294
2024-07-08 18:00:00,0.7292000000000001
2024-07-08 19:00:00,0.7285
2024-07-08 20:00:00,0.7282000000000001
2024-07-08 23:00:00,0.7299
2024-07-09 00:00:00,0.7288
2024-07-09 01:00:00,0.7295
2024-07-09 02:00:00,0.7283000000000001
2024-07-09 03:00:00,0.7285
2024-07-09 04:00:00,0.7285
2024-07-09 05:00:00,0.7293000000000001
2024-07-09 07:00:00,0.73
2024-07-09 08:00:00,0.7294
2024-07-09 09:00:00,0.7294
2024-07-09 12:00:00,0.7294
2024-07-09 13:00:00,0.7296
2024-07-09 14:00:00,0.7297
2024-07-09 15:00:00,0.7291
2024-07-09 16:00:00,0.7291
2024-07-09 19:00:00,0.7288
2024-07-09 20:00:00,0.7295
2024-07-10 00:00:00,0.7281
2024-07-10 01:00:00,0.7277
2024-07-10 02:00:00,0.728
2024-07-10 03:00:00,0.7282000000000001
2024-07-10 04:00:00,0.7288
2024-07-10 05:00:00,0.7286
2024-07-10 06:00:00,0.7286
2024-07-10 07:00:00,0.7288
2024-07-10 08:00:00,0.7288
2024-07-10 10:00:00,0.7282000000000001
2024-07-10 11:00:00,0.7286
2024-07-10 12:00:00,0.729
2024-07-10 13:00:00,0.7287
2024-07-10 14:00:00,0.7287
2024-07-10 15:00:00,0.7292000000000001
2024-07-10 16:00:00,0.7291
2024-07-10 17:00:00,0.7289
2024-07-10 18:00:00,0.7289
2024-07-11 00:00:00,0.7303000000000001
2024-07-11 01:00:00,0.7314
2024-07-11 02:00:00,0.7311
2024-07-11 03:00:00,0.732
2024-07-11 04:00:00,0.7313000000000001
2024-07-11 05:00:00,0.731
2024-07-11 06:00:00,0.7311
2024-07-11 07:00:00,0.7312
2024-07-11 08:00:00,0.7316
2024-07-11 09:00:00,0.7318
2024-07-11 10:00:00,0.7311
2024-07-11 11:00:00,0.731
2024-07-11 12:00:00,0.7345
2024-07-11 13:00:00,0.7349
2024-07-11 14:00:00,0.7348
2024-07-11 15:00:00,0.7353000000000001
2024-07-11 16:00:00,0.7349
2024-07-11 18:00:00,0.7348
2024-07-11 23:00:00,0.7333000000000001
2024-07-12 00:00:00,0.7333000000000001
2024-07-12 01:00:00,0.7328
2024-07-12 02:00:00,0.7321
2024-07-12 03:00:00,0.7324
2024-07-12 04:00:00,0.7322
2024-07-12 05:00:00,0.7316
2024-07-12 06:00:00,0.7311
2024-07-12 07:00:00,0.7322
2024-07-12 08:00:00,0.7333000000000001
2024-07-12 09:00:00,0.7329
2024-07-12 10:00:00,0.7331
2024-07-12 11:00:00,0.733
2024-07-12 12:00:00,0.7333000000000001
2024-07-12 13:00:00,0.733
2024-07-12 14:00:00,0.7336
2024-07-12 15:00:00,0.7335
2024-07-12 18:00:00,0.7334
2024-07-12 19:00:00,0.7329
2024-07-12 20:00:00,0.7328
2024-07-12 21:00:00,0.7329
2024-07-14 23:00:00,0.7318
2024-07-15 00:00:00,0.7307
2024-07-15 01:00:00,0.7298
2024-07-15 02:00:00,0.7295
2024-07-15 03:00:00,0.7295
2024-07-15 04:00:00,0.7295
2024-07-15 05:00:00,0.7295
2024-07-15 06:00:00,0.7295
2024-07-15 07:00:00,0.7294
2024-07-15 08:00:00,0.7301
2024-07-15 09:00:00,0.7298
2024-07-15 10:00:00,0.7296
2024-07-15 11:00:00,0.7296
2024-07-15 12:00:00,0.7294
2024-07-15 13:00:00,0.7291
2024-07-15 14:00:00,0.7292000000000001
2024-07-15 15:00:00,0.7293000000000001
2024-07-15 16:00:00,0.7292000000000001
2024-07-15 17:00:00,0.7285
2024-07-15 18:00:00,0.7282000000000001
2024-07-15 19:00:00,0.728
2024-07-15 20:00:00,0.728
2024-07-16 00:00:00,0.7272000000000001
2024-07-16 01:00:00,0.7276
2024-07-16 02:00:00,0.7276
2024-07-16 03:00:00,0.7281
2024-07-16 04:00:00,0.7279
2024-07-16 05:00:00,0.7278
2024-07-16 06:00:00,0.7278
2024-07-16 07:00:00,0.7289
2024-07-16 08:00:00,0.7287
2024-07-16 09:00:00,0.7295
2024-07-16 10:00:00,0.7292000000000001
2024-07-16 11:00:00,0.7292000000000001
2024-07-16 12:00:00,0.7277
2024-07-16 13:00:00,0.7283000000000001
2024-07-16 14:00:00,0.7279
2024-07-16 15:00:00,0.7282000000000001
2024-07-16 16:00:00,0.728
2024-07-16 18:00:00,0.7293000000000001
2024-07-16 19:00:00,0.7294
2024-07-16 20:00:00,0.7289
2024-07-16 23:00:00,0.7278
2024-07-17 00:00:00,0.7296
2024-07-17 01:00:00,0.7299
2024-07-17 02:00:00,0.7307
2024-07-17 03:00:00,0.7306
2024-07-17 04:00:00,0.7302
2024-07-17 05:00:00,0.7309
2024-07-17 06:00:00,0.7301
2024-07-17 07:00:00,0.731
2024-07-17 08:00:00,0.7328
2024-07-17 09:00:00,0.7327
2024-07-17 10:00:00,0.7315
2024-07-17 11:00:00,0.7313000000000001
2024-07-17 12:00:00,0.7312
2024-07-17 13:00:00,0.7316
2024-07-17 14:00:00,0.7304
2024-07-17 15:00:00,0.7302
2024-07-17 16:00:00,0.7302
2024-07-17 17:00:00,0.7304
2024-07-17 18:00:00,0.7306
2024-07-17 19:00:00,0.7306
2024-07-17 23:00:00,0.7329
2024-07-18 00:00:00,0.7323000000000001
2024-07-18 01:00:00,0.7305
2024-07-18 02:00:00,0.7303000000000001
2024-07-18 03:00:00,0.7303000000000001
2024-07-18 04:00:00,0.73
2024-07-18 05:00:00,0.7293000000000001
2024-07-18 06:00:00,0.7304
2024-07-18 07:00:00,0.7304
2024-07-18 08:00:00,0.7291
2024-07-18 09:00:00,0.7291
2024-07-18 10:00:00,0.7295
2024-07-18 11:00:00,0.7294
2024-07-18 12:00:00,0.7294
2024-07-18 13:00:00,0.7295
2024-07-18 14:00:00,0.7297
2024-07-18 15:00:00,0.7288
2024-07-18 16:00:00,0.7288
2024-07-18 17:00:00,0.7289
2024-07-18 18:00:00,0.7278
2024-07-18 19:00:00,0.7279
2024-07-18 20:00:00,0.7279
2024-07-18 23:00:00,0.7275
2024-07-19 00:00:00,0.7277
2024-07-19 01:00:00,0.7273000000000001
2024-07-19 02:00:00,0.727
2024-07-19 03:00:00,0.7271
2024-07-19 04:00:00,0.727
2024-07-19 05:00:00,0.7271
2024-07-19 06:00:00,0.7271
2024-07-19 07:00:00,0.7262000000000001
2024-07-19 08:00:00,0.726
2024-07-19 09:00:00,0.7259
2024-07-19 10:00:00,0.7259
2024-07-19 11:00:00,0.7266
2024-07-19 12:00:00,0.7263000000000001
2024-07-19 13:00:00,0.7259
2024-07-19 14:00:00,0.7259
2024-07-19 15:00:00,0.7257
2024-07-19 16:00:00,0.7254
2024-07-19 17:00:00,0.7249
2024-07-19 18:00:00,0.7251
2024-07-19 19:00:00,0.7252000000000001
2024-07-19 20:00:00,0.7265
2024-07-19 21:00:00,0.7246
2024-07-22 00:00:00,0.7266
2024-07-22 01:00:00,0.7262000000000001
2024-07-22 02:00:00,0.7259
2024-07-22 03:00:00,0.7255
2024-07-22 04:00:00,0.726
2024-07-22 05:00:00,0.7261
2024-07-22 06:00:00,0.7266
2024-07-22 07:00:00,0.7263000000000001
2024-07-22 08:00:00,0.7263000000000001
2024-07-22 09:00:00,0.7265
2024-07-22 10:00:00,0.7268
2024-07-22 11:00:00,0.7263000000000001
2024-07-22 12:00:00,0.7262000000000001
2024-07-22 13:00:00,0.7261
2024-07-22 14:00:00,0.7263000000000001
2024-07-22 15:00:00,0.7259
2024-07-22 16:00:00,0.7261
2024-07-22 17:00:00,0.7266
2024-07-22 18:00:00,0.7266
2024-07-22 19:00:00,0.7265
2024-07-22 20:00:00,0.7268
2024-07-23 00:00:00,0.7266
2024-07-23 01:00:00,0.7284
2024-07-23 02:00:00,0.7285
2024-07-23 03:00:00,0.729
2024-07-23 04:00:00,0.7284
2024-07-23 05:00:00,0.7283000000000001
2024-07-23 06:00:00,0.7274
2024-07-23 07:00:00,0.7275
2024-07-23 08:00:00,0.7272000000000001
2024-07-23 09:00:00,0.7273000000000001
2024-07-23 10:00:00,0.7271
2024-07-23 11:00:00,0.7272000000000001
2024-07-23 12:00:00,0.7274
2024-07-23 13:00:00,0.7272000000000001
2024-07-23 14:00:00,0.7273000000000001
2024-07-23 15:00:00,0.7275
2024-07-23 16:00:00,0.7278
2024-07-23 17:00:00,0.7276
2024-07-23 18:00:00,0.7275
2024-07-23 19:00:00,0.7276
2024-07-24 00:00:00,0.7275
2024-07-24 01:00:00,0.7283000000000001
2024-07-24 02:00:00,0.7275
2024-07-24 03:00:00,0.728
2024-07-24 04:00:00,0.7279
2024-07-24 05:00:00,0.7286
2024-07-24 06:00:00,0.7285
2024-07-24 07:00:00,0.7284
2024-07-24 08:00:00,0.7281
2024-07-24 09:00:00,0.7284
2024-07-24 10:00:00,0.7286
2024-07-24 11:00:00,0.7289
2024-07-24 12:00:00,0.7302
2024-07-24 13:00:00,0.7296
2024-07-24 14:00:00,0.7306
2024-07-24 15:00:00,0.7307
2024-07-24 16:00:00,0.7309
2024-07-24 17:00:00,0.7304
2024-07-24 18:00:00,0.7289
2024-07-24 19:00:00,0.7287
2024-07-24 20:00:00,0.7287
2024-07-25 00:00:00,0.7284
2024-07-25 01:00:00,0.7274
2024-07-25 02:00:00,0.7271
2024-07-25 03:00:00,0.7269
2024-07-25 04:00:00,0.7272000000000001
2024-07-25 05:00:00,0.7301
2024-07-25 06:00:00,0.7278
2024-07-25 07:00:00,0.7296
2024-07-25 08:00:00,0.7293000000000001
2024-07-25 09:00:00,0.7301
2024-07-25 10:00:00,0.7305
2024-07-25 11:00:00,0.7301
2024-07-25 12:00:00,0.7291
2024-07-25 13:00:00,0.7285
2024-07-25 14:00:00,0.7293000000000001
2024-07-25 15:00:00,0.7284
2024-07-25 16:00:00,0.7287
2024-07-25 17:00:00,0.7287
2024-07-25 18:00:00,0.7284
2024-07-25 19:00:00,0.7284
2024-07-25 20:00:00,0.7281
2024-07-25 23:00:00,0.7292000000000001
2024-07-26 00:00:00,0.7278
2024-07-26 01:00:00,0.7285
2024-07-26 02:00:00,0.7271
2024-07-26 03:00:00,0.7271
2024-07-26 04:00:00,0.7272000000000001
2024-07-26 05:00:00,0.7277
2024-07-26 06:00:00,0.7275
2024-07-26 07:00:00,0.727
2024-07-26 08:00:00,0.7273000000000001
2024-07-26 09:00:00,0.7273000000000001
2024-07-26 10:00:00,0.7272000000000001
2024-07-26 11:00:00,0.7271
2024-07-26 12:00:00,0.7273000000000001
2024-07-26 13:00:00,0.7279
2024-07-26 14:00:00,0.7283000000000001
2024-07-26 15:00:00,0.7286
2024-07-26 16:00:00,0.7284
2024-07-26 17:00:00,0.7281
2024-07-26 18:00:00,0.7283000000000001
2024-07-26 19:00:00,0.7279
2024-07-26 20:00:00,0.7281
2024-07-28 23:00:00,0.7271
2024-07-29 00:00:00,0.7292000000000001
2024-07-29 01:00:00,0.73
2024-07-29 02:00:00,0.7297
2024-07-29 03:00:00,0.7299
2024-07-29 04:00:00,0.7296
2024-07-29 05:00:00,0.7288
2024-07-29 06:00:00,0.7291
2024-07-29 07:00:00,0.7283000000000001
2024-07-29 08:00:00,0.7279
2024-07-29 09:00:00,0.7293000000000001
2024-07-29 10:00:00,0.7294
2024-07-29 11:00:00,0.7287
2024-07-29 12:00:00,0.7284
2024-07-29 13:00:00,0.728
2024-07-29 14:00:00,0.7294
2024-07-29 15:00:00,0.7293000000000001
2024-07-29 16:00:00,0.7292000000000001
2024-07-29 17:00:00,0.7291
2024-07-29 18:00:00,0.7291
2024-07-29 19:00:00,0.7293000000000001
2024-07-30 00:00:00,0.7281
2024-07-30 01:00:00,0.7273000000000001
2024-07-30 02:00:00,0.728
2024-07-30 03:00:00,0.7281
2024-07-30 04:00:00,0.7283000000000001
2024-07-30 05:00:00,0.728
2024-07-30 06:00:00,0.7274
2024-07-30 07:00:00,0.7278
2024-07-30 08:00:00,0.7283000000000001
2024-07-30 09:00:00,0.728
2024-07-30 10:00:00,0.7279
2024-07-30 11:00:00,0.7281
2024-07-30 12:00:00,0.7277
2024-07-30 13:00:00,0.7279
2024-07-30 14:00:00,0.7277
2024-07-30 15:00:00,0.7276
2024-07-30 16:00:00,0.7278
2024-07-30 17:00:00,0.7281
2024-07-30 18:00:00,0.7281
2024-07-30 19:00:00,0.7281
2024-07-31 00:00:00,0.7295
2024-07-31 01:00:00,0.73
2024-07-31 02:00:00,0.7299
2024-07-31 03:00:00,0.7295
2024-07-31 04:00:00,0.7312
2024-07-31 05:00:00,0.7312
2024-07-31 06:00:00,0.7323000000000001
2024-07-31 07:00:00,0.7335
2024-07-31 08:00:00,0.7327
2024-07-31 09:00:00,0.7346
2024-07-31 10:00:00,0.7343000000000001
2024-07-31 11:00:00,0.7342
2024-07-31 12:00:00,0.7339
2024-07-31 13:00:00,0.7357
2024-07-31 14:00:00,0.7347
2024-07-31 15:00:00,0.7359
2024-07-31 16:00:00,0.7347
2024-07-31 17:00:00,0.7342
2024-07-31 18:00:00,0.7357
2024-07-31 19:00:00,0.7359
2024-07-31 20:00:00,0.7357
2024-07-31 23:00:00,0.7363000000000001
2024-08-01 00:00:00,0.736
2024-08-01 01:00:00,0.7369
2024-08-01 02:00:00,0.7378
2024-08-01 03:00:00,0.7392
2024-08-01 04:00:00,0.7388
2024-08-01 05:00:00,0.7374
2024-08-01 06:00:00,0.7379
2024-08-01 07:00:00,0.7372
2024-08-01 08:00:00,0.7368
2024-08-01 09:00:00,0.737
2024-08-01 10:00:00,0.737
2024-08-01 11:00:00,0.7374
2024-08-01 12:00:00,0.7378
2024-08-01 13:00:00,0.7377
2024-08-01 14:00:00,0.7377
2024-08-01 15:00:00,0.7361
2024-08-01 16:00:00,0.7358
2024-08-01 17:00:00,0.7356
2024-08-01 18:00:00,0.7352
2024-08-01 19:00:00,0.7359
2024-08-01 20:00:00,0.7358
2024-08-01 23:00:00,0.7345
2024-08-02 00:00:00,0.7328
2024-08-02 01:00:00,0.7325
2024-08-02 02:00:00,0.7334
2024-08-02 03:00:00,0.734
2024-08-02 04:00:00,0.735
2024-08-02 05:00:00,0.7362
2024-08-02 06:00:00,0.7351
2024-08-02 07:00:00,0.7355
2024-08-02 08:00:00,0.7376
2024-08-02 09:00:00,0.7373000000000001
2024-08-02 10:00:00,0.7374
2024-08-02 11:00:00,0.7373000000000001
2024-08-02 12:00:00,0.7406
2024-08-02 13:00:00,0.7415
2024-08-02 14:00:00,0.7419
2024-08-02 15:00:00,0.7411
2024-08-02 16:00:00,0.7406
2024-08-02 17:00:00,0.7409
2024-08-02 18:00:00,0.7414000000000001
2024-08-02 19:00:00,0.7415
2024-08-02 20:00:00,0.7422
2024-08-02 21:00:00,0.7437
2024-08-05 00:00:00,0.7391
2024-08-05 01:00:00,0.7421
2024-08-05 02:00:00,0.7414000000000001
2024-08-05 03:00:00,0.7411
2024-08-05 04:00:00,0.7425
2024-08-05 05:00:00,0.739
2024-08-05 06:00:00,0.7339
2024-08-05 07:00:00,0.7362
2024-08-05 08:00:00,0.7383000000000001
2024-08-05 09:00:00,0.7382
2024-08-05 10:00:00,0.7377
2024-08-05 11:00:00,0.739
2024-08-05 12:00:00,0.7376
2024-08-05 13:00:00,0.7378
2024-08-05 14:00:00,0.7366
2024-08-05 15:00:00,0.7366
2024-08-05 16:00:00,0.7355
2024-08-05 17:00:00,0.736
2024-08-05 18:00:00,0.7359
2024-08-05 19:00:00,0.7362
2024-08-05 20:00:00,0.7367
2024-08-05 23:00:00,0.7347
2024-08-06 00:00:00,0.7363000000000001
2024-08-06 01:00:00,0.7337000000000001
2024-08-06 02:00:00,0.7340000000000001
2024-08-06 03:00:00,0.7338000000000001
2024-08-06 04:00:00,0.7329000000000001
2024-08-06 05:00:00,0.7300000000000001
2024-08-06 06:00:00,0.7316
2024-08-06 07:00:00,0.7318000000000001
2024-08-06 08:00:00,0.7315
2024-08-06 09:00:00,0.7300000000000001
2024-08-06 10:00:00,0.7303000000000001
2024-08-06 11:00:00,0.7305
2024-08-06 13:00:00,0.7310000000000001
2024-08-06 14:00:00,0.7311000000000001
2024-08-06 15:00:00,0.7308000000000001
2024-08-06 16:00:00,0.7311000000000001
2024-08-06 17:00:00,0.7309000000000001
2024-08-06 18:00:00,0.7317000000000001
2024-08-06 19:00:00,0.7315
2024-08-07 00:00:00,0.7314
2024-08-07 01:00:00,0.7318000000000001
2024-08-07 02:00:00,0.7322000000000001
2024-08-07 03:00:00,0.7318000000000001
2024-08-07 04:00:00,0.7313000000000001
2024-08-07 05:00:00,0.7321000000000001
2024-08-07 06:00:00,0.7325
2024-08-07 07:00:00,0.7326
2024-08-07 08:00:00,0.7327000000000001
2024-08-07 09:00:00,0.7319000000000001
2024-08-07 10:00:00,0.7325
2024-08-07 11:00:00,0.7323000000000001
2024-08-07 12:00:00,0.7321000000000001
2024-08-07 13:00:00,0.7326
2024-08-07 14:00:00,0.7329000000000001
2024-08-07 15:00:00,0.7322000000000001
2024-08-07 16:00:00,0.7320000000000001
2024-08-08 00:00:00,0.7301000000000001
2024-08-08 01:00:00,0.7298000000000001
2024-08-08 02:00:00,0.7308000000000001
2024-08-08 03:00:00,0.7319000000000001
2024-08-08 04:00:00,0.7309000000000001
2024-08-08 05:00:00,0.7316
2024-08-08 06:00:00,0.7310000000000001
2024-08-08 07:00:00,0.7321000000000001
2024-08-08 08:00:00,0.7320000000000001
2024-08-08 09:00:00,0.7313000000000001
2024-08-08 10:00:00,0.7313000000000001
2024-08-08 11:00:00,0.7317000000000001
2024-08-08 12:00:00,0.7301000000000001
2024-08-08 13:00:00,0.7303000000000001
2024-08-08 14:00:00,0.7307000000000001
2024-08-08 15:00:00,0.7311000000000001
2024-08-08 16:00:00,0.7313000000000001
2024-08-08 17:00:00,0.7317000000000001
2024-08-08 18:00:00,0.7322000000000001
2024-08-08 19:00:00,0.7321000000000001
2024-08-08 20:00:00,0.7326
2024-08-09 00:00:00,0.7313000000000001
2024-08-09 01:00:00,0.7319000000000001
2024-08-09 02:00:00,0.7359000000000001
2024-08-09 03:00:00,0.7387000000000001
2024-08-09 04:00:00,0.7385
2024-08-09 05:00:00,0.7365
2024-08-09 06:00:00,0.7389000000000001
2024-08-09 07:00:00,0.7371000000000001
2024-08-09 08:00:00,0.7378000000000001
2024-08-09 09:00:00,0.7369000000000001
2024-08-09 10:00:00,0.7366
2024-08-09 11:00:00,0.7371000000000001
2024-08-09 12:00:00,0.7367000000000001
2024-08-09 13:00:00,0.7374
2024-08-09 14:00:00,0.7376
2024-08-09 15:00:00,0.7381000000000001
2024-08-09 16:00:00,0.7376
2024-08-09 17:00:00,0.7378000000000001
2024-08-09 18:00:00,0.7378000000000001
2024-08-09 20:00:00,0.7387000000000001
2024-08-12 00:00:00,0.7379000000000001
2024-08-12 01:00:00,0.7369000000000001
2024-08-12 02:00:00,0.7362000000000001
2024-08-12 03:00:00,0.7350000000000001
2024-08-12 04:00:00,0.7339000000000001
2024-08-12 05:00:00,0.7337000000000001
2024-08-12 06:00:00,0.7341000000000001
2024-08-12 07:00:00,0.7349000000000001
2024-08-12 08:00:00,0.7342000000000001
2024-08-12 09:00:00,0.7344
2024-08-12 10:00:00,0.7342000000000001
2024-08-12 11:00:00,0.7340000000000001
2024-08-12 12:00:00,0.7341000000000001
2024-08-12 13:00:00,0.7343000000000001
2024-08-12 14:00:00,0.7346
2024-08-12 15:00:00,0.7347000000000001
2024-08-12 16:00:00,0.7350000000000001
2024-08-12 17:00:00,0.7346
2024-08-12 18:00:00,0.7346
2024-08-12 20:00:00,0.7345
2024-08-12 23:00:00,0.7341000000000001
2024-08-13 00:00:00,0.7348000000000001
2024-08-13 01:00:00,0.7341000000000001
2024-08-13 03:00:00,0.7351000000000001
2024-08-13 04:00:00,0.7348000000000001
2024-08-13 05:00:00,0.7348000000000001
2024-08-13 06:00:00,0.7349000000000001
2024-08-13 07:00:00,0.7346
2024-08-13 08:00:00,0.7344
2024-08-13 09:00:00,0.7339000000000001
2024-08-13 10:00:00,0.7335
2024-08-13 11:00:00,0.7340000000000001
2024-08-13 12:00:00,0.7353000000000001
2024-08-13 13:00:00,0.7360000000000001
2024-08-13 14:00:00,0.7358000000000001
2024-08-13 15:00:00,0.7360000000000001
2024-08-13 16:00:00,0.7363000000000001
2024-08-13 18:00:00,0.7383000000000001
2024-08-13 19:00:00,0.7381000000000001
2024-08-13 23:00:00,0.7354
2024-08-14 00:00:00,0.7387000000000001
2024-08-14 01:00:00,0.7393000000000001
2024-08-14 02:00:00,0.7397000000000001
2024-08-14 03:00:00,0.7396
2024-08-14 04:00:00,0.7396
2024-08-14 05:00:00,0.7423000000000001
2024-08-14 06:00:00,0.7398000000000001
2024-08-14 07:00:00,0.7416
2024-08-14 08:00:00,0.7420000000000001
2024-08-14 09:00:00,0.7422000000000001
2024-08-14 10:00:00,0.7431000000000001
2024-08-14 11:00:00,0.7422000000000001
2024-08-14 12:00:00,0.7417
2024-08-14 13:00:00,0.7429000000000001
2024-08-14 14:00:00,0.7429000000000001
2024-08-14 15:00:00,0.7420000000000001
2024-08-14 16:00:00,0.7412000000000001
2024-08-14 17:00:00,0.7412000000000001
2024-08-14 18:00:00,0.7412000000000001
2024-08-14 19:00:00,0.7405
2024-08-15 00:00:00,0.7409000000000001
2024-08-15 01:00:00,0.7402000000000001
2024-08-15 02:00:00,0.7411000000000001
2024-08-15 03:00:00,0.7410000000000001
2024-08-15 04:00:00,0.7425
2024-08-15 05:00:00,0.7410000000000001
2024-08-15 06:00:00,0.7417
2024-08-15 07:00:00,0.7419000000000001
2024-08-15 08:00:00,0.7409000000000001
2024-08-15 09:00:00,0.7409000000000001
2024-08-15 10:00:00,0.7413000000000001
2024-08-15 11:00:00,0.7407000000000001
2024-08-15 12:00:00,0.7360000000000001
2024-08-15 13:00:00,0.7371000000000001
2024-08-15 14:00:00,0.7380000000000001
2024-08-15 15:00:00,0.7379000000000001
2024-08-15 16:00:00,0.7366
2024-08-15 17:00:00,0.7369000000000001
2024-08-15 18:00:00,0.7368000000000001
2024-08-15 20:00:00,0.7368000000000001
2024-08-16 00:00:00,0.7388000000000001
2024-08-16 01:00:00,0.7405
2024-08-16 02:00:00,0.7408000000000001
2024-08-16 03:00:00,0.7399000000000001
2024-08-16 04:00:00,0.7404000000000001
2024-08-16 05:00:00,0.7409000000000001
2024-08-16 06:00:00,0.7403000000000001
2024-08-16 07:00:00,0.7419000000000001
2024-08-16 08:00:00,0.7421000000000001
2024-08-16 09:00:00,0.7421000000000001
2024-08-16 10:00:00,0.7421000000000001
2024-08-16 11:00:00,0.7421000000000001
2024-08-16 12:00:00,0.7420000000000001
2024-08-16 13:00:00,0.7429000000000001
2024-08-16 14:00:00,0.7423000000000001
2024-08-16 15:00:00,0.7427
2024-08-16 16:00:00,0.7450000000000001
2024-08-16 17:00:00,0.7445
2024-08-16 18:00:00,0.7455
2024-08-16 19:00:00,0.7451000000000001
2024-08-16 20:00:00,0.7456
2024-08-19 00:00:00,0.7482000000000001
2024-08-19 01:00:00,0.7517
2024-08-19 02:00:00,0.7529000000000001
2024-08-19 03:00:00,0.7549000000000001
2024-08-19 04:00:00,0.7548
2024-08-19 05:00:00,0.7519000000000001
2024-08-19 06:00:00,0.7526
2024-08-19 07:00:00,0.7534000000000001
2024-08-19 08:00:00,0.7525000000000001
2024-08-19 09:00:00,0.7526
2024-08-19 10:00:00,0.7523000000000001
2024-08-19 11:00:00,0.7528000000000001
2024-08-19 12:00:00,0.7529000000000001
2024-08-19 13:00:00,0.7534000000000001
2024-08-19 14:00:00,0.7549000000000001
2024-08-19 15:00:00,0.7538
2024-08-19 16:00:00,0.7542000000000001
2024-08-19 17:00:00,0.7552000000000001
2024-08-19 18:00:00,0.7561000000000001
2024-08-19 19:00:00,0.7560000000000001
2024-08-20 00:00:00,0.7560000000000001
2024-08-20 01:00:00,0.7577
2024-08-20 02:00:00,0.7535000000000001
2024-08-20 03:00:00,0.7548
2024-08-20 04:00:00,0.7554000000000001
2024-08-20 05:00:00,0.7537
2024-08-20 06:00:00,0.7549000000000001
2024-08-20 07:00:00,0.7554000000000001
2024-08-20 08:00:00,0.7554000000000001
2024-08-20 09:00:00,0.7549000000000001
2024-08-20 10:00:00,0.7547
2024-08-20 11:00:00,0.7544000000000001
2024-08-20 12:00:00,0.7555000000000001
2024-08-20 13:00:00,0.7551000000000001
2024-08-20 14:00:00,0.7557
2024-08-20 15:00:00,0.7553000000000001
2024-08-20 16:00:00,0.7562000000000001
2024-08-20 17:00:00,0.7565000000000001
2024-08-20 18:00:00,0.7569000000000001
2024-08-20 19:00:00,0.7576
2024-08-21 00:00:00,0.7569000000000001
2024-08-21 01:00:00,0.7554000000000001
2024-08-21 02:00:00,0.7554000000000001
2024-08-21 03:00:00,0.7545000000000001
2024-08-21 04:00:00,0.7538
2024-08-21 05:00:00,0.7522000000000001
2024-08-21 06:00:00,0.7528000000000001
2024-08-21 07:00:00,0.7512000000000001
2024-08-21 08:00:00,0.7516
2024-08-21 09:00:00,0.7513000000000001
2024-08-21 10:00:00,0.7522000000000001
2024-08-21 11:00:00,0.7529000000000001
2024-08-21 12:00:00,0.7534000000000001
2024-08-21 13:00:00,0.7532000000000001
2024-08-21 14:00:00,0.7533000000000001
2024-08-21 15:00:00,0.7547
2024-08-21 16:00:00,0.7544000000000001
2024-08-21 17:00:00,0.7550000000000001
2024-08-21 18:00:00,0.7556
2024-08-21 19:00:00,0.7545000000000001
2024-08-21 20:00:00,0.7546
2024-08-21 23:00:00,0.7580000000000001
2024-08-22 00:00:00,0.7544000000000001
2024-08-22 01:00:00,0.7522000000000001
2024-08-22 02:00:00,0.7517
2024-08-22 03:00:00,0.7530000000000001
2024-08-22 04:00:00,0.7529000000000001
2024-08-22 05:00:00,0.7518000000000001
2024-08-22 06:00:00,0.7534000000000001
2024-08-22 07:00:00,0.7532000000000001
2024-08-22 08:00:00,0.7523000000000001
2024-08-22 09:00:00,0.7529000000000001
2024-08-22 10:00:00,0.7528000000000001
2024-08-22 11:00:00,0.7516
2024-08-22 12:00:00,0.7521000000000001
2024-08-22 13:00:00,0.7505000000000001
2024-08-22 14:00:00,0.7498000000000001
2024-08-22 15:00:00,0.7490000000000001
2024-08-22 16:00:00,0.7491000000000001
2024-08-22 17:00:00,0.7488000000000001
2024-08-22 18:00:00,0.7501000000000001
2024-08-22 19:00:00,0.7500000000000001
2024-08-22 20:00:00,0.7487
2024-08-23 00:00:00,0.7504000000000001
2024-08-23 01:00:00,0.7513000000000001
2024-08-23 02:00:00,0.7512000000000001
2024-08-23 03:00:00,0.7512000000000001
2024-08-23 04:00:00,0.7511000000000001
2024-08-23 05:00:00,0.7517
2024-08-23 06:00:00,0.7528000000000001
2024-08-23 07:00:00,0.7523000000000001
2024-08-23 08:00:00,0.7524000000000001
2024-08-23 09:00:00,0.7525000000000001
2024-08-23 10:00:00,0.7523000000000001
2024-08-23 11:00:00,0.7524000000000001
2024-08-23 12:00:00,0.7521000000000001
2024-08-23 13:00:00,0.7519000000000001
2024-08-23 14:00:00,0.7568
2024-08-23 15:00:00,0.7576
2024-08-23 16:00:00,0.7579000000000001
2024-08-23 17:00:00,0.7594000000000001
2024-08-23 18:00:00,0.7595000000000001
2024-08-23 19:00:00,0.7596
2024-08-23 20:00:00,0.7602000000000001
2024-08-23 21:00:00,0.7650000000000001
2024-08-26 00:00:00,0.7608
2024-08-26 01:00:00,0.7610000000000001
2024-08-26 02:00:00,0.7602000000000001
2024-08-26 03:00:00,0.7584000000000001
2024-08-26 04:00:00,0.7583000000000001
2024-08-26 05:00:00,0.7584000000000001
2024-08-26 06:00:00,0.7589000000000001
2024-08-26 07:00:00,0.7589000000000001
2024-08-26 08:00:00,0.7591000000000001
2024-08-26 09:00:00,0.7592000000000001
2024-08-26 10:00:00,0.7591000000000001
2024-08-26 11:00:00,0.7586
2024-08-26 12:00:00,0.7584000000000001
2024-08-26 13:00:00,0.7580000000000001
2024-08-26 14:00:00,0.7579000000000001
2024-08-26 15:00:00,0.7569000000000001
2024-08-26 16:00:00,0.7570000000000001
2024-08-26 17:00:00,0.7570000000000001
2024-08-26 18:00:00,0.7568
2024-08-26 19:00:00,0.7573000000000001
2024-08-26 21:00:00,0.7590000000000001
2024-08-27 00:00:00,0.7559000000000001
2024-08-27 01:00:00,0.7567
2024-08-27 02:00:00,0.7561000000000001
2024-08-27 03:00:00,0.7560000000000001
2024-08-27 04:00:00,0.7564000000000001
2024-08-27 05:00:00,0.7552000000000001
2024-08-27 06:00:00,0.7553000000000001
2024-08-27 07:00:00,0.7542000000000001
2024-08-27 08:00:00,0.7546
2024-08-27 09:00:00,0.7557
2024-08-27 10:00:00,0.7549000000000001
2024-08-27 11:00:00,0.7558
2024-08-27 12:00:00,0.7549000000000001
2024-08-27 13:00:00,0.7552000000000001
2024-08-27 14:00:00,0.7561000000000001
2024-08-27 15:00:00,0.7557
2024-08-27 16:00:00,0.7553000000000001
2024-08-27 17:00:00,0.7575000000000001
2024-08-27 18:00:00,0.7580000000000001
2024-08-27 19:00:00,0.7576
2024-08-27 20:00:00,0.7577
2024-08-27 23:00:00,0.7567
2024-08-28 00:00:00,0.7565000000000001
2024-08-28 01:00:00,0.7531000000000001
2024-08-28 02:00:00,0.7522000000000001
2024-08-28 03:00:00,0.7533000000000001
2024-08-28 04:00:00,0.7525000000000001
2024-08-28 05:00:00,0.7519000000000001
2024-08-28 06:00:00,0.7521000000000001
2024-08-28 07:00:00,0.7535000000000001
2024-08-28 08:00:00,0.7537
2024-08-28 09:00:00,0.7532000000000001
2024-08-28 10:00:00,0.7534000000000001
2024-08-28 11:00:00,0.7533000000000001
2024-08-28 12:00:00,0.7530000000000001
2024-08-28 13:00:00,0.7532000000000001
2024-08-28 14:00:00,0.7532000000000001
2024-08-28 15:00:00,0.7532000000000001
2024-08-28 16:00:00,0.7526
2024-08-28 17:00:00,0.7524000000000001
2024-08-28 18:00:00,0.7522000000000001
2024-08-28 19:00:00,0.7524000000000001
2024-08-28 20:00:00,0.7526
2024-08-29 00:00:00,0.7530000000000001
2024-08-29 01:00:00,0.7522000000000001
2024-08-29 02:00:00,0.7535000000000001
2024-08-29 03:00:00,0.7529000000000001
2024-08-29 04:00:00,0.7535000000000001
2024-08-29 05:00:00,0.7561000000000001
2024-08-29 06:00:00,0.7544000000000001
2024-08-29 07:00:00,0.7546
2024-08-29 08:00:00,0.7533000000000001
2024-08-29 09:00:00,0.7569000000000001
2024-08-29 10:00:00,0.7574000000000001
2024-08-29 11:00:00,0.7564000000000001
2024-08-29 12:00:00,0.7541000000000001
2024-08-29 13:00:00,0.7541000000000001
2024-08-29 14:00:00,0.7539000000000001
2024-08-29 15:00:00,0.7547
2024-08-29 16:00:00,0.7544000000000001
2024-08-29 17:00:00,0.7551000000000001
2024-08-29 18:00:00,0.7537
2024-08-29 19:00:00,0.7536
2024-08-29 20:00:00,0.7540000000000001
2024-08-30 00:00:00,0.7535000000000001
2024-08-30 01:00:00,0.7533000000000001
2024-08-30 02:00:00,0.7533000000000001
2024-08-30 03:00:00,0.7533000000000001
2024-08-30 04:00:00,0.7531000000000001
2024-08-30 05:00:00,0.7537
2024-08-30 06:00:00,0.7530000000000001
2024-08-30 07:00:00,0.7536
2024-08-30 08:00:00,0.7539000000000001
2024-08-30 09:00:00,0.7538
2024-08-30 10:00:00,0.7538
2024-08-30 11:00:00,0.7539000000000001
2024-08-30 12:00:00,0.7533000000000001
2024-08-30 13:00:00,0.7531000000000001
2024-08-30 14:00:00,0.7533000000000001
2024-08-30 15:00:00,0.7526
2024-08-30 16:00:00,0.7516
2024-08-30 17:00:00,0.7520000000000001
2024-08-30 18:00:00,0.7523000000000001
2024-08-30 19:00:00,0.7521000000000001
2024-08-30 20:00:00,0.7512000000000001
2024-09-02 00:00:00,0.7510000000000001
2024-09-02 01:00:00,0.7511000000000001
2024-09-02 02:00:00,0.7510000000000001
2024-09-02 03:00:00,0.7512000000000001
2024-09-02 04:00:00,0.7509000000000001
2024-09-02 05:00:00,0.7510000000000001
2024-09-02 06:00:00,0.7518000000000001
2024-09-02 07:00:00,0.7517
2024-09-02 08:00:00,0.7510000000000001
2024-09-02 09:00:00,0.7508000000000001
2024-09-02 10:00:00,0.7511000000000001
2024-09-02 11:00:00,0.7507
2024-09-02 12:00:00,0.7514000000000001
2024-09-02 13:00:00,0.7510000000000001
2024-09-02 14:00:00,0.7512000000000001
2024-09-02 15:00:00,0.7512000000000001
2024-09-02 16:00:00,0.7512000000000001
2024-09-03 00:00:00,0.7499000000000001
2024-09-03 01:00:00,0.7505000000000001
2024-09-03 02:00:00,0.7492000000000001
2024-09-03 03:00:00,0.7489000000000001
2024-09-03 04:00:00,0.7493000000000001
2024-09-03 05:00:00,0.7490000000000001
2024-09-03 06:00:00,0.7502000000000001
2024-09-03 07:00:00,0.7509000000000001
2024-09-03 08:00:00,0.7504000000000001
2024-09-03 09:00:00,0.7495
2024-09-03 10:00:00,0.7494000000000001
2024-09-03 11:00:00,0.7491000000000001
2024-09-03 12:00:00,0.7499000000000001
2024-09-03 13:00:00,0.7505000000000001
2024-09-03 14:00:00,0.7500000000000001
2024-09-03 15:00:00,0.7502000000000001
2024-09-03 16:00:00,0.7502000000000001
2024-09-03 17:00:00,0.7502000000000001
2024-09-03 18:00:00,0.7500000000000001
2024-09-03 19:00:00,0.7498000000000001
2024-09-03 20:00:00,0.7498000000000001
2024-09-04 00:00:00,0.7492000000000001
2024-09-04 01:00:00,0.7494000000000001
2024-09-04 02:00:00,0.7493000000000001
2024-09-04 03:00:00,0.7489000000000001
2024-09-04 04:00:00,0.7490000000000001
2024-09-04 05:00:00,0.7495
2024-09-04 06:00:00,0.7493000000000001
2024-09-04 07:00:00,0.7491000000000001
2024-09-04 08:00:00,0.7490000000000001
2024-09-04 09:00:00,0.7499000000000001
2024-09-04 10:00:00,0.7499000000000001
2024-09-04 11:00:00,0.7501000000000001
2024-09-04 12:00:00,0.7498000000000001
2024-09-04 13:00:00,0.7503000000000001
2024-09-04 14:00:00,0.7538
2024-09-04 15:00:00,0.7518000000000001
2024-09-04 16:00:00,0.7529000000000001
2024-09-04 17:00:00,0.7526
2024-09-04 18:00:00,0.7522000000000001
2024-09-05 00:00:00,0.7521000000000001
2024-09-05 01:00:00,0.7534000000000001
2024-09-05 02:00:00,0.7523000000000001
2024-09-05 03:00:00,0.7519000000000001
2024-09-05 04:00:00,0.7517
2024-09-05 05:00:00,0.7519000000000001
2024-09-05 06:00:00,0.7526
2024-09-05 07:00:00,0.7519000000000001
2024-09-05 08:00:00,0.7528000000000001
2024-09-05 09:00:00,0.7529000000000001
2024-09-05 10:00:00,0.7526
2024-09-05 11:00:00,0.7528000000000001
2024-09-05 12:00:00,0.7531000000000001
2024-09-05 13:00:00,0.7538
2024-09-05 14:00:00,0.7522000000000001
2024-09-05 15:00:00,0.7525000000000001
2024-09-05 16:00:00,0.7532000000000001
2024-09-05 17:00:00,0.7536
2024-09-05 18:00:00,0.7535000000000001
2024-09-05 19:00:00,0.7535000000000001
2024-09-05 20:00:00,0.7536
2024-09-06 00:00:00,0.7544000000000001
2024-09-06 01:00:00,0.7542
2024-09-06 02:00:00,0.7542
2024-09-06 03:00:00,0.7569
2024-09-06 04:00:00,0.7568
2024-09-06 05:00:00,0.7561
2024-09-06 06:00:00,0.7565000000000001
2024-09-06 07:00:00,0.7563
2024-09-06 08:00:00,0.7558
2024-09-06 09:00:00,0.7565000000000001
2024-09-06 10:00:00,0.7563
2024-09-06 11:00:00,0.7553
2024-09-06 12:00:00,0.7567
2024-09-06 13:00:00,0.7531
2024-09-06 14:00:00,0.7535000000000001
2024-09-06 15:00:00,0.7518
2024-09-06 16:00:00,0.7505000000000001
2024-09-06 17:00:00,0.7511
2024-09-06 18:00:00,0.7513000000000001
2024-09-06 20:00:00,0.751
2024-09-09 00:00:00,0.7503000000000001
2024-09-09 01:00:00,0.7497
2024-09-09 02:00:00,0.7497
2024-09-09 03:00:00,0.7503000000000001
2024-09-09 05:00:00,0.75
2024-09-09 06:00:00,0.7503000000000001
2024-09-09 07:00:00,0.7492
2024-09-09 08:00:00,0.7461
2024-09-09 09:00:00,0.7472
2024-09-09 10:00:00,0.7462
2024-09-09 11:00:00,0.7471
2024-09-09 12:00:00,0.7474000000000001
2024-09-09 13:00:00,0.7491
2024-09-09 14:00:00,0.748
2024-09-09 15:00:00,0.7484000000000001
2024-09-09 16:00:00,0.7495
2024-09-09 17:00:00,0.7493000000000001
2024-09-09 18:00:00,0.7493000000000001
2024-09-09 20:00:00,0.749
2024-09-10 00:00:00,0.7473000000000001
2024-09-10 01:00:00,0.747
2024-09-10 02:00:00,0.7475
2024-09-10 04:00:00,0.7472
2024-09-10 05:00:00,0.7489
2024-09-10 06:00:00,0.7472
2024-09-10 07:00:00,0.7474000000000001
2024-09-10 08:00:00,0.7474000000000001
2024-09-10 09:00:00,0.7493000000000001
2024-09-10 10:00:00,0.7491
2024-09-10 11:00:00,0.7489
2024-09-10 12:00:00,0.7489
2024-09-10 13:00:00,0.7476
2024-09-10 14:00:00,0.748
2024-09-10 15:00:00,0.7478
2024-09-10 16:00:00,0.7476
2024-09-10 17:00:00,0.7476
2024-09-10 18:00:00,0.7476
2024-09-10 19:00:00,0.7478
2024-09-10 20:00:00,0.7473000000000001
2024-09-11 00:00:00,0.748
2024-09-11 01:00:00,0.7506
2024-09-11 02:00:00,0.7497
2024-09-11 03:00:00,0.7502
2024-09-11 04:00:00,0.7503000000000001
2024-09-11 05:00:00,0.7505000000000001
2024-09-11 06:00:00,0.7507
2024-09-11 07:00:00,0.7501
2024-09-11 08:00:00,0.7501
2024-09-11 09:00:00,0.7504000000000001
2024-09-11 10:00:00,0.7503000000000001
2024-09-11 11:00:00,0.7504000000000001
2024-09-11 12:00:00,0.7499
2024-09-11 13:00:00,0.7498
2024-09-11 14:00:00,0.749
2024-09-11 15:00:00,0.7494000000000001
2024-09-11 16:00:00,0.7501
2024-09-11 17:00:00,0.7497
2024-09-11 18:00:00,0.75
2024-09-12 00:00:00,0.7492
2024-09-12 01:00:00,0.7497
2024-09-12 02:00:00,0.7498
2024-09-12 03:00:00,0.7498
2024-09-12 04:00:00,0.7502
2024-09-12 05:00:00,0.7502
2024-09-12 06:00:00,0.75
2024-09-12 07:00:00,0.7483000000000001
2024-09-12 08:00:00,0.7485
2024-09-12 09:00:00,0.7487
2024-09-12 10:00:00,0.7487
2024-09-12 11:00:00,0.7485
2024-09-12 12:00:00,0.7491
2024-09-12 13:00:00,0.7493000000000001
2024-09-12 14:00:00,0.7484000000000001
2024-09-12 15:00:00,0.7488
2024-09-12 16:00:00,0.7489
2024-09-12 17:00:00,0.7499
2024-09-12 18:00:00,0.7506
2024-09-12 19:00:00,0.7516
2024-09-12 20:00:00,0.7517
2024-09-13 00:00:00,0.7542
2024-09-13 01:00:00,0.7536
2024-09-13 02:00:00,0.7541
2024-09-13 03:00:00,0.7556
2024-09-13 04:00:00,0.7553
2024-09-13 05:00:00,0.7558
2024-09-13 06:00:00,0.755
2024-09-13 07:00:00,0.7562
2024-09-13 08:00:00,0.7564000000000001
2024-09-13 09:00:00,0.7575000000000001
2024-09-13 10:00:00,0.7559
2024-09-13 11:00:00,0.7551
2024-09-13 12:00:00,0.7567
2024-09-13 13:00:00,0.7562
2024-09-13 14:00:00,0.7552
2024-09-13 15:00:00,0.7553
2024-09-13 16:00:00,0.755
2024-09-13 17:00:00,0.7555000000000001
2024-09-13 18:00:00,0.7548
2024-09-13 20:00:00,0.7557
2024-09-16 00:00:00,0.7566
2024-09-16 01:00:00,0.7568
2024-09-16 02:00:00,0.7568
2024-09-16 03:00:00,0.7609
2024-09-16 04:00:00,0.7602
2024-09-16 05:00:00,0.7603
2024-09-16 06:00:00,0.7625000000000001
2024-09-16 07:00:00,0.7617
2024-09-16 08:00:00,0.7621
2024-09-16 09:00:00,0.7617
2024-09-16 10:00:00,0.7608
2024-09-16 11:00:00,0.7614000000000001
2024-09-16 12:00:00,0.7606
2024-09-16 13:00:00,0.7606
2024-09-16 14:00:00,0.7605000000000001
2024-09-16 15:00:00,0.7603
2024-09-16 16:00:00,0.7609
2024-09-16 17:00:00,0.7605000000000001
2024-09-16 20:00:00,0.7605000000000001
2024-09-17 00:00:00,0.7604000000000001
2024-09-17 01:00:00,0.7625000000000001
2024-09-17 02:00:00,0.7631
2024-09-17 03:00:00,0.7628
2024-09-17 04:00:00,0.7628
2024-09-17 05:00:00,0.7621
2024-09-17 06:00:00,0.7622
2024-09-17 07:00:00,0.7634000000000001
2024-09-17 08:00:00,0.7624000000000001
2024-09-17 09:00:00,0.7624000000000001
2024-09-17 10:00:00,0.7624000000000001
2024-09-17 11:00:00,0.7621
2024-09-17 12:00:00,0.7604000000000001
2024-09-17 13:00:00,0.7582
2024-09-17 14:00:00,0.7592
2024-09-17 15:00:00,0.7583
2024-09-17 16:00:00,0.7583
2024-09-17 17:00:00,0.758
2024-09-17 18:00:00,0.7589
2024-09-17 19:00:00,0.759
2024-09-17 20:00:00,0.7572
2024-09-18 00:00:00,0.7598
2024-09-18 01:00:00,0.7596
2024-09-18 02:00:00,0.7571
2024-09-18 03:00:00,0.7575000000000001
2024-09-18 04:00:00,0.7568
2024-09-18 05:00:00,0.7577
2024-09-18 06:00:00,0.7586
2024-09-18 07:00:00,0.759
2024-09-18 08:00:00,0.7587
2024-09-18 09:00:00,0.7595000000000001
2024-09-18 10:00:00,0.7594000000000001
2024-09-18 11:00:00,0.7583
2024-09-18 12:00:00,0.7579
2024-09-18 13:00:00,0.7597
2024-09-18 14:00:00,0.7589
2024-09-18 15:00:00,0.7582
2024-09-18 16:00:00,0.7585000000000001
2024-09-18 17:00:00,0.7589
2024-09-18 18:00:00,0.7617
2024-09-18 19:00:00,0.7574000000000001
2024-09-18 20:00:00,0.759
2024-09-18 23:00:00,0.7585000000000001
2024-09-19 00:00:00,0.7538
2024-09-19 01:00:00,0.7524000000000001
2024-09-19 02:00:00,0.7528
2024-09-19 03:00:00,0.7535000000000001
2024-09-19 04:00:00,0.7539
2024-09-19 05:00:00,0.7557
2024-09-19 06:00:00,0.7567
2024-09-19 07:00:00,0.7558
2024-09-19 08:00:00,0.756
2024-09-19 09:00:00,0.7571
2024-09-19 10:00:00,0.7561
2024-09-19 11:00:00,0.7559
2024-09-19 12:00:00,0.7544000000000001
2024-09-19 13:00:00,0.754
2024-09-19 14:00:00,0.7548
2024-09-19 15:00:00,0.7552
2024-09-19 16:00:00,0.7556
2024-09-19 17:00:00,0.7559
2024-09-19 18:00:00,0.7561
2024-09-19 20:00:00,0.7556
2024-09-20 00:00:00,0.7545000000000001
2024-09-20 01:00:00,0.7554000000000001
2024-09-20 02:00:00,0.7543
2024-09-20 03:00:00,0.7554000000000001
2024-09-20 04:00:00,0.7549
2024-09-20 05:00:00,0.755
2024-09-20 06:00:00,0.7542
2024-09-20 07:00:00,0.7535000000000001
2024-09-20 08:00:00,0.7527
2024-09-20 09:00:00,0.7521
2024-09-20 10:00:00,0.7518
2024-09-20 11:00:00,0.7515000000000001
2024-09-20 12:00:00,0.7527
2024-09-20 13:00:00,0.7514000000000001
2024-09-20 14:00:00,0.7516
2024-09-20 15:00:00,0.7528
2024-09-20 16:00:00,0.7537
2024-09-20 17:00:00,0.753
2024-09-20 18:00:00,0.7532
2024-09-20 19:00:00,0.754
2024-09-20 20:00:00,0.7543
2024-09-23 00:00:00,0.7529
2024-09-23 01:00:00,0.751
2024-09-23 02:00:00,0.7513000000000001
2024-09-23 03:00:00,0.7514000000000001
2024-09-23 04:00:00,0.7515000000000001
2024-09-23 05:00:00,0.7509
2024-09-23 06:00:00,0.7519
2024-09-23 07:00:00,0.7499
2024-09-23 08:00:00,0.7501
2024-09-23 09:00:00,0.7504000000000001
2024-09-23 10:00:00,0.7507
2024-09-23 11:00:00,0.7513000000000001
2024-09-23 12:00:00,0.7511
2024-09-23 13:00:00,0.7509
2024-09-23 14:00:00,0.752
2024-09-23 15:00:00,0.7525000000000001
2024-09-23 16:00:00,0.7522
2024-09-23 17:00:00,0.7528
2024-09-23 18:00:00,0.7523
2024-09-23 19:00:00,0.7526
2024-09-24 00:00:00,0.752
2024-09-24 01:00:00,0.7529
2024-09-24 02:00:00,0.7524000000000001
2024-09-24 03:00:00,0.7531
2024-09-24 04:00:00,0.7533
2024-09-24 05:00:00,0.7519
2024-09-24 06:00:00,0.7528
2024-09-24 07:00:00,0.7519
2024-09-24 08:00:00,0.7519
2024-09-24 09:00:00,0.7522
2024-09-24 10:00:00,0.7523
2024-09-24 11:00:00,0.752
2024-09-24 12:00:00,0.7531
2024-09-24 13:00:00,0.7542
2024-09-24 14:00:00,0.755
2024-09-24 15:00:00,0.7549
2024-09-24 16:00:00,0.7554000000000001
2024-09-24 17:00:00,0.7548
2024-09-24 18:00:00,0.7563
2024-09-24 19:00:00,0.7574000000000001
2024-09-24 20:00:00,0.7572
2024-09-24 23:00:00,0.7572
2024-09-25 00:00:00,0.7565000000000001
2024-09-25 01:00:00,0.7558
2024-09-25 02:00:00,0.7556
2024-09-25 03:00:00,0.7557
2024-09-25 04:00:00,0.7553
2024-09-25 05:00:00,0.7548
2024-09-25 06:00:00,0.7545000000000001
2024-09-25 07:00:00,0.7548
2024-09-25 08:00:00,0.755
2024-09-25 09:00:00,0.7539
2024-09-25 10:00:00,0.7538
2024-09-25 11:00:00,0.7543
2024-09-25 12:00:00,0.7543
2024-09-25 13:00:00,0.7544000000000001
2024-09-25 14:00:00,0.754
2024-09-25 15:00:00,0.7518
2024-09-25 16:00:00,0.7513000000000001
2024-09-25 17:00:00,0.7516
2024-09-25 18:00:00,0.7514000000000001
2024-09-25 19:00:00,0.7514000000000001
2024-09-25 20:00:00,0.751
2024-09-26 00:00:00,0.7547
2024-09-26 01:00:00,0.7555000000000001
2024-09-26 02:00:00,0.7554000000000001
2024-09-26 03:00:00,0.7551
2024-09-26 04:00:00,0.7553
2024-09-26 05:00:00,0.7569
2024-09-26 06:00:00,0.7558
2024-09-26 07:00:00,0.7544000000000001
2024-09-26 08:00:00,0.755
2024-09-26 09:00:00,0.7552
2024-09-26 10:00:00,0.7569
2024-09-26 11:00:00,0.7568
2024-09-26 12:00:00,0.7597
2024-09-26 13:00:00,0.7582
2024-09-26 14:00:00,0.7605000000000001
2024-09-26 15:00:00,0.7634000000000001
2024-09-26 16:00:00,0.7615000000000001
2024-09-26 17:00:00,0.7636000000000001
2024-09-26 18:00:00,0.7636000000000001
2024-09-26 19:00:00,0.7637
2024-09-26 20:00:00,0.7633
2024-09-27 00:00:00,0.76
2024-09-27 01:00:00,0.7607
2024-09-27 02:00:00,0.7612
2024-09-27 03:00:00,0.7613
2024-09-27 04:00:00,0.7606
2024-09-27 05:00:00,0.7645000000000001
2024-09-27 06:00:00,0.7621
2024-09-27 07:00:00,0.7626000000000001
2024-09-27 08:00:00,0.7643
2024-09-27 09:00:00,0.7641
2024-09-27 10:00:00,0.7638
2024-09-27 11:00:00,0.7654
2024-09-27 12:00:00,0.7679
2024-09-27 13:00:00,0.7675000000000001
2024-09-27 14:00:00,0.7674
2024-09-27 15:00:00,0.7663
2024-09-27 16:00:00,0.7663
2024-09-27 17:00:00,0.7662
2024-09-27 18:00:00,0.7659
2024-09-27 20:00:00,0.7665000000000001
2024-09-30 00:00:00,0.7676000000000001
2024-09-30 01:00:00,0.7681
2024-09-30 02:00:00,0.7681
2024-09-30 03:00:00,0.7678
2024-09-30 04:00:00,0.7681
2024-09-30 05:00:00,0.7694
2024-09-30 06:00:00,0.7655000000000001
2024-09-30 07:00:00,0.7646000000000001
2024-09-30 08:00:00,0.7657
2024-09-30 09:00:00,0.7657
2024-09-30 10:00:00,0.7647
2024-09-30 11:00:00,0.765
2024-09-30 12:00:00,0.7644
2024-09-30 13:00:00,0.7639
2024-09-30 14:00:00,0.7638
2024-09-30 15:00:00,0.7633
2024-09-30 16:00:00,0.7633
2024-09-30 17:00:00,0.7632
2024-09-30 18:00:00,0.7608
2024-09-30 19:00:00,0.7606
2024-09-30 20:00:00,0.7607
2024-10-01 00:00:00,0.7609
2024-10-01 01:00:00,0.7607
2024-10-01 02:00:00,0.759
2024-10-01 03:00:00,0.7591
2024-10-01 04:00:00,0.7599
2024-10-01 05:00:00,0.7599
2024-10-01 06:00:00,0.7589
2024-10-01 07:00:00,0.7587
2024-10-01 08:00:00,0.7596
2024-10-01 09:00:00,0.7604000000000001
2024-10-01 10:00:00,0.76
2024-10-01 11:00:00,0.7601
2024-10-01 12:00:00,0.7601
2024-10-01 13:00:00,0.7584000000000001
2024-10-01 14:00:00,0.7572
2024-10-01 15:00:00,0.7575000000000001
2024-10-01 16:00:00,0.7567
2024-10-01 17:00:00,0.757
2024-10-01 18:00:00,0.7581
2024-10-01 19:00:00,0.7578
2024-10-01 20:00:00,0.758
2024-10-01 23:00:00,0.7547
2024-10-02 00:00:00,0.7589
2024-10-02 01:00:00,0.76
2024-10-02 02:00:00,0.7603
2024-10-02 03:00:00,0.7602
2024-10-02 04:00:00,0.76
2024-10-02 05:00:00,0.7595000000000001
2024-10-02 06:00:00,0.7608
2024-10-02 07:00:00,0.761
2024-10-02 08:00:00,0.7607
2024-10-02 09:00:00,0.7599
2024-10-02 10:00:00,0.7595000000000001
2024-10-02 11:00:00,0.7595000000000001
2024-10-02 12:00:00,0.7589
2024-10-02 13:00:00,0.758
2024-10-02 14:00:00,0.7577
2024-10-02 15:00:00,0.759
2024-10-02 16:00:00,0.7574000000000001
2024-10-02 17:00:00,0.7577
2024-10-02 18:00:00,0.7574000000000001
2024-10-02 19:00:00,0.7573
2024-10-02 20:00:00,0.7573
2024-10-03 00:00:00,0.7554000000000001
2024-10-03 01:00:00,0.7542
2024-10-03 02:00:00,0.753
2024-10-03 03:00:00,0.7533
2024-10-03 04:00:00,0.7526
2024-10-03 05:00:00,0.7517
2024-10-03 06:00:00,0.7537
2024-10-03 07:00:00,0.7529
2024-10-03 08:00:00,0.7534000000000001
2024-10-03 09:00:00,0.7531
2024-10-03 10:00:00,0.7521
2024-10-03 11:00:00,0.7522
2024-10-03 12:00:00,0.7507
2024-10-03 13:00:00,0.7517
2024-10-03 14:00:00,0.7507
2024-10-03 15:00:00,0.751
2024-10-03 16:00:00,0.7512
2024-10-03 17:00:00,0.7517
2024-10-03 18:00:00,0.7506
2024-10-03 19:00:00,0.7509
2024-10-04 00:00:00,0.7528
2024-10-04 01:00:00,0.7524000000000001
2024-10-04 02:00:00,0.7521
2024-10-04 03:00:00,0.7518
2024-10-04 04:00:00,0.7522
2024-10-04 05:00:00,0.7526
2024-10-04 06:00:00,0.7515000000000001
2024-10-04 07:00:00,0.7509
2024-10-04 08:00:00,0.749
2024-10-04 09:00:00,0.7492
2024-10-04 10:00:00,0.749
2024-10-04 11:00:00,0.7491
2024-10-04 12:00:00,0.7429
2024-10-04 13:00:00,0.7439
2024-10-04 14:00:00,0.744
2024-10-04 15:00:00,0.7438
2024-10-04 16:00:00,0.7433000000000001
2024-10-04 17:00:00,0.7437
2024-10-04 18:00:00,0.7447
2024-10-04 19:00:00,0.7447
2024-10-04 20:00:00,0.7446
2024-10-07 00:00:00,0.7459
2024-10-07 01:00:00,0.7451
2024-10-07 02:00:00,0.7441
2024-10-07 03:00:00,0.7442
2024-10-07 04:00:00,0.7446
2024-10-07 05:00:00,0.7458
2024-10-07 06:00:00,0.7448
2024-10-07 07:00:00,0.7461
2024-10-07 08:00:00,0.7451
2024-10-07 09:00:00,0.7448
2024-10-07 10:00:00,0.7448
2024-10-07 11:00:00,0.7464000000000001
2024-10-07 12:00:00,0.7458
2024-10-07 13:00:00,0.7466
2024-10-07 14:00:00,0.7464000000000001
2024-10-07 15:00:00,0.7465
2024-10-07 16:00:00,0.7461
2024-10-07 18:00:00,0.7452
2024-10-07 20:00:00,0.7452
2024-10-08 00:00:00,0.7458
2024-10-08 01:00:00,0.7444000000000001
2024-10-08 02:00:00,0.7439
2024-10-08 03:00:00,0.744
2024-10-08 04:00:00,0.7434000000000001
2024-10-08 05:00:00,0.7448
2024-10-08 06:00:00,0.7433000000000001
2024-10-08 07:00:00,0.7442
2024-10-08 08:00:00,0.7435
2024-10-08 09:00:00,0.7442
2024-10-08 10:00:00,0.7443000000000001
2024-10-08 11:00:00,0.7443000000000001
2024-10-08 12:00:00,0.744
2024-10-08 13:00:00,0.7447
2024-10-08 14:00:00,0.7446
2024-10-08 15:00:00,0.7449
2024-10-08 16:00:00,0.745
2024-10-08 17:00:00,0.7444000000000001
2024-10-08 18:00:00,0.7442
2024-10-08 19:00:00,0.7444000000000001
2024-10-08 20:00:00,0.748
2024-10-09 00:00:00,0.7491
2024-10-09 01:00:00,0.7477
2024-10-09 02:00:00,0.7478
2024-10-09 03:00:00,0.7475
2024-10-09 04:00:00,0.746
2024-10-09 05:00:00,0.7479
2024-10-09 06:00:00,0.7462
2024-10-09 07:00:00,0.7464000000000001
2024-10-09 08:00:00,0.7459
2024-10-09 09:00:00,0.7472
2024-10-09 10:00:00,0.7468
2024-10-09 11:00:00,0.7465
2024-10-09 12:00:00,0.7457
2024-10-09 13:00:00,0.745
2024-10-09 14:00:00,0.7447
2024-10-09 15:00:00,0.7454000000000001
2024-10-09 17:00:00,0.7441
2024-10-09 18:00:00,0.7443000000000001
2024-10-09 20:00:00,0.7435
2024-10-10 00:00:00,0.7433000000000001
2024-10-10 01:00:00,0.7437
2024-10-10 02:00:00,0.7435
2024-10-10 03:00:00,0.7434000000000001
2024-10-10 04:00:00,0.7429
2024-10-10 05:00:00,0.743
2024-10-10 06:00:00,0.743
2024-10-10 08:00:00,0.7429
2024-10-10 09:00:00,0.7434000000000001
2024-10-10 10:00:00,0.7428
2024-10-10 11:00:00,0.7421
2024-10-10 12:00:00,0.7437
2024-10-10 13:00:00,0.743
2024-10-10 14:00:00,0.7416
2024-10-10 15:00:00,0.7427
2024-10-10 16:00:00,0.7405
2024-10-10 17:00:00,0.7413000000000001
2024-10-10 18:00:00,0.7414000000000001
2024-10-11 00:00:00,0.7435
2024-10-11 01:00:00,0.7428
2024-10-11 02:00:00,0.7446
2024-10-11 03:00:00,0.7446
2024-10-11 04:00:00,0.7447
2024-10-11 05:00:00,0.7424000000000001
2024-10-11 06:00:00,0.7431
2024-10-11 07:00:00,0.7434000000000001
2024-10-11 08:00:00,0.7438
2024-10-11 09:00:00,0.7424000000000001
2024-10-11 10:00:00,0.7424000000000001
2024-10-11 11:00:00,0.7425
2024-10-11 12:00:00,0.7424000000000001
2024-10-11 13:00:00,0.743
2024-10-11 14:00:00,0.7424000000000001
2024-10-11 15:00:00,0.7424000000000001
2024-10-11 16:00:00,0.7423000000000001
2024-10-11 17:00:00,0.7424000000000001
2024-10-11 19:00:00,0.7431
2024-10-11 20:00:00,0.7429
2024-10-14 00:00:00,0.742
2024-10-14 01:00:00,0.7398
2024-10-14 02:00:00,0.7394000000000001
2024-10-14 03:00:00,0.7397
2024-10-14 04:00:00,0.7396
2024-10-14 05:00:00,0.7402
2024-10-14 06:00:00,0.7389
2024-10-14 07:00:00,0.7387
2024-10-14 08:00:00,0.739
2024-10-14 09:00:00,0.7392
2024-10-14 10:00:00,0.7381
2024-10-14 11:00:00,0.7372000000000001
2024-10-14 12:00:00,0.737
2024-10-14 13:00:00,0.7387
2024-10-14 14:00:00,0.7379
2024-10-14 15:00:00,0.7381
2024-10-14 16:00:00,0.7381
2024-10-14 18:00:00,0.7382000000000001
2024-10-14 19:00:00,0.7382000000000001
2024-10-15 00:00:00,0.7384000000000001
2024-10-15 01:00:00,0.7374
2024-10-15 02:00:00,0.7373000000000001
2024-10-15 03:00:00,0.7363000000000001
2024-10-15 04:00:00,0.7357
2024-10-15 05:00:00,0.7371
2024-10-15 06:00:00,0.7365
2024-10-15 07:00:00,0.7363000000000001
2024-10-15 08:00:00,0.7372000000000001
2024-10-15 09:00:00,0.7369
2024-10-15 10:00:00,0.737
2024-10-15 11:00:00,0.7372000000000001
2024-10-15 12:00:00,0.7375
2024-10-15 13:00:00,0.7373000000000001
2024-10-15 14:00:00,0.7361
2024-10-15 15:00:00,0.7345
2024-10-15 16:00:00,0.7338
2024-10-15 17:00:00,0.7336
2024-10-15 18:00:00,0.7345
2024-10-15 19:00:00,0.7344
2024-10-16 00:00:00,0.734
2024-10-16 01:00:00,0.7356
2024-10-16 02:00:00,0.7358
2024-10-16 03:00:00,0.7359
2024-10-16 04:00:00,0.736
2024-10-16 05:00:00,0.7369
2024-10-16 06:00:00,0.7365
2024-10-16 07:00:00,0.7356
2024-10-16 08:00:00,0.7358
2024-10-16 09:00:00,0.737
2024-10-16 10:00:00,0.7368
2024-10-16 11:00:00,0.7368
2024-10-16 12:00:00,0.7357
2024-10-16 13:00:00,0.7359
2024-10-16 14:00:00,0.735
2024-10-16 15:00:00,0.7349
2024-10-16 16:00:00,0.7348
2024-10-16 17:00:00,0.7349
2024-10-16 18:00:00,0.7343000000000001
2024-10-16 19:00:00,0.7343000000000001
2024-10-16 20:00:00,0.7342000000000001
2024-10-17 00:00:00,0.7343000000000001
2024-10-17 01:00:00,0.7342000000000001
2024-10-17 02:00:00,0.7334
2024-10-17 03:00:00,0.7322000000000001
2024-10-17 04:00:00,0.7323000000000001
2024-10-17 05:00:00,0.7317
2024-10-17 06:00:00,0.7324
2024-10-17 07:00:00,0.7317
2024-10-17 08:00:00,0.7306
2024-10-17 09:00:00,0.7314
2024-10-17 10:00:00,0.7312000000000001
2024-10-17 11:00:00,0.7315
2024-10-17 12:00:00,0.7313000000000001
2024-10-17 13:00:00,0.7309
2024-10-17 14:00:00,0.7309
2024-10-17 15:00:00,0.7314
2024-10-17 16:00:00,0.7305
2024-10-17 17:00:00,0.7308
2024-10-17 18:00:00,0.7306
2024-10-17 19:00:00,0.7306
2024-10-18 00:00:00,0.7308
2024-10-18 01:00:00,0.7308
2024-10-18 02:00:00,0.7318
2024-10-18 03:00:00,0.7309
2024-10-18 04:00:00,0.7307
2024-10-18 05:00:00,0.7318
2024-10-18 06:00:00,0.7311
2024-10-18 07:00:00,0.7308
2024-10-18 08:00:00,0.731
2024-10-18 09:00:00,0.7306
2024-10-18 10:00:00,0.7307
2024-10-18 11:00:00,0.7307
2024-10-18 12:00:00,0.7321
2024-10-18 13:00:00,0.7323000000000001
2024-10-18 14:00:00,0.7323000000000001
2024-10-18 15:00:00,0.7317
2024-10-18 16:00:00,0.7324
2024-10-18 17:00:00,0.7323000000000001
2024-10-18 18:00:00,0.7324
2024-10-18 19:00:00,0.7323000000000001
2024-10-18 20:00:00,0.7313000000000001
2024-10-20 23:00:00,0.7328
2024-10-21 00:00:00,0.7325
2024-10-21 01:00:00,0.7331
2024-10-21 02:00:00,0.7323000000000001
2024-10-21 03:00:00,0.732
2024-10-21 04:00:00,0.7302000000000001
2024-10-21 05:00:00,0.7273000000000001
2024-10-21 06:00:00,0.7279
2024-10-21 07:00:00,0.7275
2024-10-21 08:00:00,0.7282000000000001
2024-10-21 09:00:00,0.7276
2024-10-21 10:00:00,0.7272000000000001
2024-10-21 11:00:00,0.7274
2024-10-21 12:00:00,0.7275
2024-10-21 13:00:00,0.7272000000000001
2024-10-21 14:00:00,0.7259
2024-10-21 15:00:00,0.7268
2024-10-21 16:00:00,0.7265
2024-10-21 17:00:00,0.7264
2024-10-21 18:00:00,0.7258
2024-10-21 19:00:00,0.726
2024-10-21 20:00:00,0.7265
2024-10-22 00:00:00,0.7255
2024-10-22 01:00:00,0.7265
2024-10-22 02:00:00,0.7262000000000001
2024-10-22 03:00:00,0.7261
2024-10-22 04:00:00,0.7266
2024-10-22 05:00:00,0.7272000000000001
2024-10-22 06:00:00,0.7261
2024-10-22 07:00:00,0.7271
2024-10-22 08:00:00,0.7276
2024-10-22 09:00:00,0.7267
2024-10-22 10:00:00,0.7268
2024-10-22 11:00:00,0.7268
2024-10-22 12:00:00,0.727
2024-10-22 13:00:00,0.7269
2024-10-22 14:00:00,0.7271
2024-10-22 15:00:00,0.7265
2024-10-22 16:00:00,0.7266
2024-10-22 17:00:00,0.7266
2024-10-22 18:00:00,0.7261
2024-10-22 19:00:00,0.7269
2024-10-22 23:00:00,0.7239
2024-10-23 00:00:00,0.7247
2024-10-23 01:00:00,0.7246
2024-10-23 02:00:00,0.7257
2024-10-23 03:00:00,0.7255
2024-10-23 04:00:00,0.7251000000000001
2024-10-23 05:00:00,0.7244
2024-10-23 06:00:00,0.7252000000000001
2024-10-23 07:00:00,0.7252000000000001
2024-10-23 08:00:00,0.7249
2024-10-23 09:00:00,0.7252000000000001
2024-10-23 10:00:00,0.7249
2024-10-23 11:00:00,0.7234
2024-10-23 12:00:00,0.724
2024-10-23 13:00:00,0.7246
2024-10-23 14:00:00,0.725
2024-10-23 15:00:00,0.7253000000000001
2024-10-23 16:00:00,0.7252000000000001
2024-10-23 17:00:00,0.7249
2024-10-23 18:00:00,0.7256
2024-10-23 19:00:00,0.7264
2024-10-23 20:00:00,0.7262000000000001
2024-10-24 00:00:00,0.726
2024-10-24 01:00:00,0.7255
2024-10-24 02:00:00,0.7265
2024-10-24 03:00:00,0.7264
2024-10-24 04:00:00,0.7269
2024-10-24 05:00:00,0.7266
2024-10-24 06:00:00,0.7259
2024-10-24 07:00:00,0.7272000000000001
2024-10-24 08:00:00,0.7269
2024-10-24 09:00:00,0.7268
2024-10-24 10:00:00,0.7265
2024-10-24 11:00:00,0.7266
2024-10-24 12:00:00,0.726
2024-10-24 13:00:00,0.7257
2024-10-24 14:00:00,0.725
2024-10-24 15:00:00,0.7249
2024-10-24 16:00:00,0.7258
2024-10-24 17:00:00,0.726
2024-10-24 18:00:00,0.7262000000000001
2024-10-24 19:00:00,0.7262000000000001
2024-10-24 23:00:00,0.7273000000000001
2024-10-25 00:00:00,0.7258
2024-10-25 01:00:00,0.725
2024-10-25 02:00:00,0.7243
2024-10-25 03:00:00,0.7221000000000001
2024-10-25 04:00:00,0.7217
2024-10-25 05:00:00,0.7211000000000001
2024-10-25 06:00:00,0.7208
2024-10-25 07:00:00,0.7217
2024-10-25 08:00:00,0.7213
2024-10-25 09:00:00,0.7213
2024-10-25 10:00:00,0.7206
2024-10-25 11:00:00,0.7213
2024-10-25 12:00:00,0.722
2024-10-25 13:00:00,0.7214
2024-10-25 14:00:00,0.7216
2024-10-25 15:00:00,0.7211000000000001
2024-10-25 16:00:00,0.7196
2024-10-25 17:00:00,0.7196
2024-10-25 18:00:00,0.72
2024-10-25 19:00:00,0.7221000000000001
2024-10-25 20:00:00,0.7218
2024-10-27 23:00:00,0.7223
2024-10-28 00:00:00,0.7212000000000001
2024-10-28 01:00:00,0.7207
2024-10-28 02:00:00,0.7221000000000001
2024-10-28 03:00:00,0.7222000000000001
2024-10-28 04:00:00,0.7234
2024-10-28 05:00:00,0.7242000000000001
2024-10-28 06:00:00,0.7231000000000001
2024-10-28 07:00:00,0.7237
2024-10-28 08:00:00,0.7237
2024-10-28 09:00:00,0.7236
2024-10-28 10:00:00,0.7239
2024-10-28 11:00:00,0.7239
2024-10-28 12:00:00,0.7241000000000001
2024-10-28 13:00:00,0.7242000000000001
2024-10-28 14:00:00,0.724
2024-10-28 15:00:00,0.7231000000000001
2024-10-28 16:00:00,0.7232000000000001
2024-10-28 17:00:00,0.7241000000000001
2024-10-28 18:00:00,0.7239
2024-10-28 19:00:00,0.7244
2024-10-28 20:00:00,0.7244
2024-10-29 00:00:00,0.7237
2024-10-29 01:00:00,0.7259
2024-10-29 02:00:00,0.7258
2024-10-29 03:00:00,0.7241000000000001
2024-10-29 04:00:00,0.7242000000000001
2024-10-29 05:00:00,0.7224
2024-10-29 06:00:00,0.7232000000000001
2024-10-29 07:00:00,0.7227
2024-10-29 08:00:00,0.7232000000000001
2024-10-29 09:00:00,0.7227
2024-10-29 10:00:00,0.7225
2024-10-29 11:00:00,0.7225
2024-10-29 12:00:00,0.7216
2024-10-29 13:00:00,0.7221000000000001
2024-10-29 14:00:00,0.7229
2024-10-29 15:00:00,0.7247
2024-10-29 16:00:00,0.7242000000000001
2024-10-29 17:00:00,0.7232000000000001
2024-10-29 18:00:00,0.7233
2024-10-29 19:00:00,0.7229
2024-10-29 20:00:00,0.7231000000000001
2024-10-30 00:00:00,0.7238
2024-10-30 01:00:00,0.7248
2024-10-30 02:00:00,0.7245
2024-10-30 03:00:00,0.7236
2024-10-30 04:00:00,0.7239
2024-10-30 05:00:00,0.7272000000000001
2024-10-30 06:00:00,0.7259
2024-10-30 07:00:00,0.7257
2024-10-30 08:00:00,0.728
2024-10-30 09:00:00,0.7276
2024-10-30 10:00:00,0.7275
2024-10-30 11:00:00,0.7265
2024-10-30 12:00:00,0.7255
2024-10-30 13:00:00,0.727
2024-10-30 14:00:00,0.7264
2024-10-30 15:00:00,0.7257
2024-10-30 16:00:00,0.7262000000000001
2024-10-30 17:00:00,0.7257
2024-10-30 18:00:00,0.7259
2024-10-30 19:00:00,0.7262000000000001
2024-10-30 20:00:00,0.7258
2024-10-31 00:00:00,0.7259
2024-10-31 01:00:00,0.7256
2024-10-31 02:00:00,0.7255
2024-10-31 03:00:00,0.7259
2024-10-31 04:00:00,0.7268
2024-10-31 05:00:00,0.7263000000000001
2024-10-31 06:00:00,0.7251000000000001
2024-10-31 07:00:00,0.7267
2024-10-31 08:00:00,0.7266
2024-10-31 09:00:00,0.7266
2024-10-31 10:00:00,0.7268
2024-10-31 11:00:00,0.7272000000000001
2024-10-31 12:00:00,0.7268
2024-10-31 13:00:00,0.7261
2024-10-31 14:00:00,0.7266
2024-10-31 15:00:00,0.7265
2024-10-31 16:00:00,0.7274
2024-10-31 17:00:00,0.7274
2024-10-31 18:00:00,0.728
2024-10-31 19:00:00,0.7283000000000001
2024-10-31 20:00:00,0.7287
2024-11-01 00:00:00,0.7278
2024-11-01 01:00:00,0.7271
2024-11-01 02:00:00,0.7261
2024-11-01 03:00:00,0.7261
2024-11-01 04:00:00,0.7259
2024-11-01 05:00:00,0.7259
2024-11-01 06:00:00,0.7266
2024-11-01 07:00:00,0.7259
2024-11-01 08:00:00,0.7267
2024-11-01 09:00:00,0.727
2024-11-01 10:00:00,0.7273000000000001
2024-11-01 11:00:00,0.727
2024-11-01 12:00:00,0.7281
2024-11-01 13:00:00,0.7282000000000001
2024-11-01 14:00:00,0.7269
2024-11-01 15:00:00,0.7272000000000001
2024-11-01 16:00:00,0.7266
2024-11-01 17:00:00,0.7269
2024-11-01 18:00:00,0.726
2024-11-01 19:00:00,0.7262000000000001
2024-11-01 20:00:00,0.7249
2024-11-04 00:00:00,0.73
2024-11-04 01:00:00,0.73
2024-11-04 02:00:00,0.7296
2024-11-04 03:00:00,0.7312000000000001
2024-11-04 04:00:00,0.7314
2024-11-04 05:00:00,0.7312000000000001
2024-11-04 06:00:00,0.7292000000000001
2024-11-04 07:00:00,0.7292000000000001
2024-11-04 08:00:00,0.7278
2024-11-04 09:00:00,0.7282000000000001
2024-11-04 10:00:00,0.7287
2024-11-04 11:00:00,0.7294
2024-11-04 12:00:00,0.7288
2024-11-04 13:00:00,0.7286
2024-11-04 14:00:00,0.7286
2024-11-04 15:00:00,0.7281
2024-11-04 16:00:00,0.7285
2024-11-04 17:00:00,0.7282000000000001
2024-11-04 18:00:00,0.7279
2024-11-04 20:00:00,0.7286
2024-11-04 21:00:00,0.7289
2024-11-04 23:00:00,0.7306
2024-11-05 00:00:00,0.7274
2024-11-05 01:00:00,0.727
2024-11-05 02:00:00,0.7265
2024-11-05 03:00:00,0.7265
2024-11-05 04:00:00,0.726
2024-11-05 05:00:00,0.7261
2024-11-05 06:00:00,0.726
2024-11-05 07:00:00,0.7268
2024-11-05 08:00:00,0.7265
2024-11-05 09:00:00,0.7261
2024-11-05 10:00:00,0.726
2024-11-05 11:00:00,0.7258
2024-11-05 12:00:00,0.7255
2024-11-05 13:00:00,0.7264
2024-11-05 14:00:00,0.7259
2024-11-05 15:00:00,0.7258
2024-11-05 16:00:00,0.7252000000000001
2024-11-05 17:00:00,0.7263000000000001
2024-11-05 18:00:00,0.7257
2024-11-05 19:00:00,0.7263000000000001
2024-11-05 20:00:00,0.7265
2024-11-05 21:00:00,0.7265
2024-11-06 00:00:00,0.7224
2024-11-06 01:00:00,0.7222
2024-11-06 02:00:00,0.7161
2024-11-06 03:00:00,0.7163
2024-11-06 04:00:00,0.7173
2024-11-06 05:00:00,0.7175
2024-11-06 06:00:00,0.7154
2024-11-06 07:00:00,0.7179
2024-11-06 08:00:00,0.7176
2024-11-06 09:00:00,0.7172
2024-11-06 10:00:00,0.7158
2024-11-06 11:00:00,0.7132
2024-11-06 12:00:00,0.7142
2024-11-06 13:00:00,0.7151
2024-11-06 14:00:00,0.7141
2024-11-06 15:00:00,0.7158
2024-11-06 16:00:00,0.715
2024-11-06 17:00:00,0.7154
2024-11-06 18:00:00,0.7164
2024-11-06 19:00:00,0.7164
2024-11-06 21:00:00,0.7164
2024-11-07 00:00:00,0.7129
2024-11-07 01:00:00,0.7156
2024-11-07 02:00:00,0.7167
2024-11-07 03:00:00,0.7168
2024-11-07 04:00:00,0.7163
2024-11-07 05:00:00,0.716
2024-11-07 06:00:00,0.7177
2024-11-07 07:00:00,0.7188
2024-11-07 08:00:00,0.7189
2024-11-07 09:00:00,0.7182
2024-11-07 12:00:00,0.7207
2024-11-07 13:00:00,0.7218
2024-11-07 14:00:00,0.7233
2024-11-07 15:00:00,0.7242
2024-11-07 16:00:00,0.722
2024-11-07 17:00:00,0.7231
2024-11-07 18:00:00,0.7231
2024-11-07 19:00:00,0.722
2024-11-07 20:00:00,0.7232
2024-11-08 00:00:00,0.7213
2024-11-08 01:00:00,0.723
2024-11-08 02:00:00,0.7234
2024-11-08 03:00:00,0.7221
2024-11-08 04:00:00,0.7221
2024-11-08 05:00:00,0.7221
2024-11-08 06:00:00,0.7221
2024-11-08 08:00:00,0.7208
2024-11-08 09:00:00,0.7227
2024-11-08 10:00:00,0.7212
2024-11-08 11:00:00,0.7219
2024-11-08 12:00:00,0.7212
2024-11-08 13:00:00,0.72
2024-11-08 14:00:00,0.7202
2024-11-08 15:00:00,0.7186
2024-11-08 16:00:00,0.7164
2024-11-08 17:00:00,0.7168
2024-11-08 19:00:00,0.7166
2024-11-08 20:00:00,0.7166
2024-11-11 00:00:00,0.7177
2024-11-11 01:00:00,0.7177
2024-11-11 02:00:00,0.7176
2024-11-11 03:00:00,0.7165
2024-11-11 04:00:00,0.717
2024-11-11 05:00:00,0.7171
2024-11-11 06:00:00,0.7163
2024-11-11 07:00:00,0.7169
2024-11-11 08:00:00,0.7173
2024-11-11 09:00:00,0.7165
2024-11-11 10:00:00,0.7169
2024-11-11 11:00:00,0.7165
2024-11-11 12:00:00,0.716
2024-11-11 13:00:00,0.7159
2024-11-11 14:00:00,0.7138
2024-11-11 15:00:00,0.714
2024-11-11 16:00:00,0.7144
2024-11-11 17:00:00,0.7141
2024-11-11 18:00:00,0.7141
2024-11-11 19:00:00,0.7143
2024-11-11 20:00:00,0.7143
2024-11-12 00:00:00,0.714
2024-11-12 01:00:00,0.7143
2024-11-12 02:00:00,0.7143
2024-11-12 03:00:00,0.715
2024-11-12 05:00:00,0.7139
2024-11-12 06:00:00,0.7128
2024-11-12 07:00:00,0.7115
2024-11-12 08:00:00,0.7123
2024-11-12 09:00:00,0.711
2024-11-12 10:00:00,0.7107
2024-11-12 11:00:00,0.7114
2024-11-12 12:00:00,0.7119
2024-11-12 13:00:00,0.7113
2024-11-12 14:00:00,0.712
2024-11-12 15:00:00,0.7108
2024-11-12 16:00:00,0.7103
2024-11-12 17:00:00,0.7105
2024-11-12 18:00:00,0.7106
2024-11-12 19:00:00,0.7109
2024-11-12 20:00:00,0.7113
2024-11-13 00:00:00,0.7102
2024-11-13 01:00:00,0.712
2024-11-13 02:00:00,0.712
2024-11-13 03:00:00,0.7112
2024-11-13 04:00:00,0.711
2024-11-13 05:00:00,0.7111
2024-11-13 06:00:00,0.7111
2024-11-13 07:00:00,0.7119
2024-11-13 08:00:00,0.7152
2024-11-13 09:00:00,0.7158
2024-11-13 10:00:00,0.7144
2024-11-13 11:00:00,0.7157
2024-11-13 12:00:00,0.715
2024-11-13 13:00:00,0.7157
2024-11-13 14:00:00,0.7132
2024-11-13 15:00:00,0.7133
2024-11-13 16:00:00,0.712
2024-11-13 17:00:00,0.7113
2024-11-13 18:00:00,0.711
2024-11-13 19:00:00,0.7116
2024-11-13 20:00:00,0.7111
2024-11-13 21:00:00,0.7111
2024-11-13 23:00:00,0.7105
2024-11-14 00:00:00,0.7122
2024-11-14 01:00:00,0.7106
2024-11-14 02:00:00,0.7104
2024-11-14 03:00:00,0.7112
2024-11-14 04:00:00,0.7113
2024-11-14 05:00:00,0.7118
2024-11-14 06:00:00,0.7119
2024-11-14 07:00:00,0.7142
2024-11-14 08:00:00,0.7118
2024-11-14 09:00:00,0.7107
2024-11-14 10:00:00,0.7109
2024-11-14 11:00:00,0.7121
2024-11-14 12:00:00,0.7127
2024-11-14 13:00:00,0.7122
2024-11-14 14:00:00,0.7132
2024-11-14 15:00:00,0.7143
2024-11-14 16:00:00,0.7129
2024-11-14 17:00:00,0.7129
2024-11-14 18:00:00,0.7125
2024-11-14 19:00:00,0.7126
2024-11-14 20:00:00,0.7108
2024-11-14 21:00:00,0.7109
2024-11-15 00:00:00,0.7109
2024-11-15 01:00:00,0.7119
2024-11-15 02:00:00,0.7142
2024-11-15 03:00:00,0.7143
2024-11-15 04:00:00,0.7145
2024-11-15 05:00:00,0.7152
2024-11-15 06:00:00,0.7164
2024-11-15 07:00:00,0.7173
2024-11-15 08:00:00,0.718
2024-11-15 09:00:00,0.7175
2024-11-15 10:00:00,0.7174
2024-11-15 11:00:00,0.7173
2024-11-15 12:00:00,0.7172
2024-11-15 13:00:00,0.7168
2024-11-15 14:00:00,0.7148
2024-11-15 15:00:00,0.7156
2024-11-15 16:00:00,0.7156
2024-11-15 17:00:00,0.7165
2024-11-15 18:00:00,0.7176
2024-11-15 19:00:00,0.7173
2024-11-15 20:00:00,0.7164
2024-11-15 21:00:00,0.7168
2024-11-18 00:00:00,0.7197
2024-11-18 01:00:00,0.7195
2024-11-18 02:00:00,0.7188
2024-11-18 03:00:00,0.7177
2024-11-18 04:00:00,0.7186
2024-11-18 05:00:00,0.7179
2024-11-18 06:00:00,0.716
2024-11-18 07:00:00,0.7161
2024-11-18 08:00:00,0.7147
2024-11-18 09:00:00,0.7164
2024-11-18 10:00:00,0.7162
2024-11-18 11:00:00,0.7167
2024-11-18 12:00:00,0.7161
2024-11-18 13:00:00,0.7179
2024-11-18 14:00:00,0.7179
2024-11-18 15:00:00,0.7184
2024-11-18 16:00:00,0.718
2024-11-18 17:00:00,0.7186
2024-11-18 18:00:00,0.7191
2024-11-18 19:00:00,0.7186
2024-11-18 20:00:00,0.7191
2024-11-18 21:00:00,0.7187
2024-11-18 23:00:00,0.7169
2024-11-19 00:00:00,0.7186
2024-11-19 01:00:00,0.7188
2024-11-19 02:00:00,0.7191
2024-11-19 03:00:00,0.7201
2024-11-19 04:00:00,0.7197
2024-11-19 05:00:00,0.7196
2024-11-19 06:00:00,0.72
2024-11-19 07:00:00,0.7187
2024-11-19 08:00:00,0.7175
2024-11-19 09:00:00,0.718
2024-11-19 10:00:00,0.7179
2024-11-19 11:00:00,0.7185
2024-11-19 12:00:00,0.719
2024-11-19 13:00:00,0.7188
2024-11-19 14:00:00,0.718
2024-11-19 15:00:00,0.719
2024-11-19 16:00:00,0.7189
2024-11-19 17:00:00,0.7183
2024-11-19 18:00:00,0.7187
2024-11-19 19:00:00,0.7184
2024-11-19 20:00:00,0.7185
2024-11-19 21:00:00,0.7186
2024-11-19 23:00:00,0.7183
2024-11-20 00:00:00,0.719
2024-11-20 01:00:00,0.7187
2024-11-20 02:00:00,0.719
2024-11-20 03:00:00,0.7187
2024-11-20 04:00:00,0.7204
2024-11-20 05:00:00,0.7198
2024-11-20 06:00:00,0.716
2024-11-20 07:00:00,0.7186
2024-11-20 08:00:00,0.7171
2024-11-20 09:00:00,0.7166
2024-11-20 10:00:00,0.7166
2024-11-20 11:00:00,0.7165
2024-11-20 12:00:00,0.7171
2024-11-20 13:00:00,0.7166
2024-11-20 14:00:00,0.7151
2024-11-20 15:00:00,0.7154
2024-11-20 16:00:00,0.715
2024-11-20 17:00:00,0.7151
2024-11-20 18:00:00,0.7148
2024-11-20 19:00:00,0.7148
2024-11-20 20:00:00,0.715
2024-11-20 21:00:00,0.7151
2024-11-21 00:00:00,0.7159
2024-11-21 01:00:00,0.7151
2024-11-21 02:00:00,0.7156
2024-11-21 03:00:00,0.7165
2024-11-21 04:00:00,0.716
2024-11-21 05:00:00,0.7158
2024-11-21 06:00:00,0.7161
2024-11-21 07:00:00,0.7159
2024-11-21 08:00:00,0.7156
2024-11-21 09:00:00,0.714
2024-11-21 10:00:00,0.7142
2024-11-21 11:00:00,0.7157
2024-11-21 12:00:00,0.716
2024-11-21 13:00:00,0.7167
2024-11-21 14:00:00,0.7172
2024-11-21 15:00:00,0.7155
2024-11-21 16:00:00,0.714
2024-11-21 17:00:00,0.715
2024-11-21 18:00:00,0.7147
2024-11-21 19:00:00,0.7148
2024-11-21 21:00:00,0.7145
2024-11-21 23:00:00,0.7165
2024-11-22 00:00:00,0.7143
2024-11-22 01:00:00,0.7149
2024-11-22 02:00:00,0.7147
2024-11-22 03:00:00,0.7149
2024-11-22 04:00:00,0.715
2024-11-22 05:00:00,0.7142
2024-11-22 06:00:00,0.712
2024-11-22 07:00:00,0.7135
2024-11-22 08:00:00,0.7127
2024-11-22 09:00:00,0.7115
2024-11-22 10:00:00,0.7127
2024-11-22 11:00:00,0.7118
2024-11-22 12:00:00,0.7113
2024-11-22 13:00:00,0.7122
2024-11-22 14:00:00,0.7109
2024-11-22 15:00:00,0.712
2024-11-22 16:00:00,0.712
2024-11-22 17:00:00,0.7127
2024-11-22 18:00:00,0.7128
2024-11-22 20:00:00,0.7124
2024-11-24 23:00:00,0.7149
2024-11-25 00:00:00,0.7154
2024-11-25 01:00:00,0.7164
2024-11-25 02:00:00,0.7166
2024-11-25 03:00:00,0.7161
2024-11-25 04:00:00,0.7158
2024-11-25 05:00:00,0.715
2024-11-25 06:00:00,0.7141
2024-11-25 07:00:00,0.7132
2024-11-25 08:00:00,0.7135
2024-11-25 09:00:00,0.714
2024-11-25 10:00:00,0.7143
2024-11-25 11:00:00,0.7137
2024-11-25 12:00:00,0.7145
2024-11-25 13:00:00,0.7157
2024-11-25 14:00:00,0.7153
2024-11-25 15:00:00,0.7139
2024-11-25 16:00:00,0.7143
2024-11-25 17:00:00,0.7141
2024-11-25 18:00:00,0.7146
2024-11-25 19:00:00,0.7153
2024-11-25 20:00:00,0.7149
2024-11-25 21:00:00,0.715
2024-11-25 23:00:00,0.7139
2024-11-26 00:00:00,0.7118
2024-11-26 01:00:00,0.7124
2024-11-26 02:00:00,0.7134
2024-11-26 03:00:00,0.7157
2024-11-26 04:00:00,0.7155
2024-11-26 05:00:00,0.7162
2024-11-26 06:00:00,0.716
2024-11-26 07:00:00,0.7141
2024-11-26 08:00:00,0.7149
2024-11-26 09:00:00,0.7158
2024-11-26 10:00:00,0.7162
2024-11-26 11:00:00,0.7155
2024-11-26 12:00:00,0.717
2024-11-26 13:00:00,0.7166
2024-11-26 14:00:00,0.7166
2024-11-26 15:00:00,0.7164
2024-11-26 16:00:00,0.7161
2024-11-26 17:00:00,0.7159
2024-11-26 18:00:00,0.7163
2024-11-26 19:00:00,0.7161
2024-11-26 20:00:00,0.7163
2024-11-26 21:00:00,0.7163
2024-11-27 00:00:00,0.7166
2024-11-27 01:00:00,0.7161
2024-11-27 02:00:00,0.7164
2024-11-27 03:00:00,0.7155
2024-11-27 04:00:00,0.7159
2024-11-27 05:00:00,0.7158
2024-11-27 06:00:00,0.7175
2024-11-27 07:00:00,0.7169
2024-11-27 08:00:00,0.7176
2024-11-27 09:00:00,0.7186
2024-11-27 10:00:00,0.7181
2024-11-27 11:00:00,0.7176
2024-11-27 12:00:00,0.7184
2024-11-27 13:00:00,0.719
2024-11-27 14:00:00,0.7184
2024-11-27 15:00:00,0.7187
2024-11-27 16:00:00,0.7189
2024-11-27 17:00:00,0.719
2024-11-27 18:00:00,0.7193
2024-11-27 19:00:00,0.7197
2024-11-27 21:00:00,0.7196
2024-11-28 00:00:00,0.7171
2024-11-28 01:00:00,0.7181
2024-11-28 02:00:00,0.7171
2024-11-28 03:00:00,0.7168
2024-11-28 04:00:00,0.7168
2024-11-28 05:00:00,0.7171
2024-11-28 06:00:00,0.7169
2024-11-28 07:00:00,0.7169
