DATETIME,price
2011-06-13 05:00:00,623.8000000000008
2011-06-13 16:00:00,623.8000000000008
2011-06-14 05:00:00,639.0000000000006
2011-06-14 13:00:00,635.2000000000006
2011-06-14 19:00:00,638.8000000000008
2011-06-15 05:00:00,622.8000000000008
2011-06-16 05:00:00,623.2000000000006
2011-06-16 13:00:00,624.6000000000007
2011-06-16 14:00:00,626.6000000000007
2011-06-16 15:00:00,629.7000000000006
2011-06-16 18:00:00,617.6000000000007
2011-06-16 20:00:00,623.2000000000006
2011-06-17 05:00:00,622.0000000000006
2011-06-17 13:00:00,626.2000000000006
2011-06-17 14:00:00,622.9000000000007
2011-06-17 15:00:00,625.1000000000007
2011-06-17 16:00:00,623.2000000000006
2011-06-17 18:00:00,620.5000000000006
2011-06-17 19:00:00,623.0000000000006
2011-06-20 05:00:00,623.0000000000006
2011-06-20 14:00:00,621.4000000000007
2011-06-20 15:00:00,624.1000000000007
2011-06-20 16:00:00,623.0000000000006
2011-06-20 17:00:00,620.4000000000007
2011-06-20 18:00:00,622.8000000000008
2011-06-20 19:00:00,623.0000000000006
2011-06-21 05:00:00,638.8000000000008
2011-06-21 13:00:00,633.9000000000007
2011-06-21 14:00:00,636.5000000000006
2011-06-21 15:00:00,640.1000000000007
2011-06-21 16:00:00,636.4000000000007
2011-06-21 17:00:00,635.9000000000007
2011-06-21 18:00:00,638.4000000000007
2011-06-21 19:00:00,638.8000000000008
2011-06-22 05:00:00,635.6000000000007
2011-06-22 13:00:00,641.6000000000007
2011-06-22 14:00:00,642.2000000000006
2011-06-22 16:00:00,641.4000000000007
2011-06-22 19:00:00,635.6000000000007
2011-06-23 05:00:00,627.4000000000007
2011-06-23 13:00:00,609.8000000000008
2011-06-23 14:00:00,613.0000000000006
2011-06-23 15:00:00,616.7000000000006
2011-06-23 17:00:00,619.4000000000007
2011-06-23 18:00:00,620.1000000000007
2011-06-23 19:00:00,624.5000000000006
2011-06-24 05:00:00,614.5000000000006
2011-06-24 13:00:00,625.2000000000006
2011-06-24 14:00:00,624.1000000000007
2011-06-24 15:00:00,622.3000000000008
2011-06-24 16:00:00,617.9000000000007
2011-06-24 17:00:00,620.8000000000008
2011-06-24 18:00:00,618.9000000000007
2011-06-24 19:00:00,614.5000000000006
2011-06-27 05:00:00,619.1000000000007
2011-06-27 13:00:00,616.2000000000006
2011-06-27 14:00:00,614.7000000000006
2011-06-27 15:00:00,615.9000000000007
2011-06-27 16:00:00,616.7000000000006
2011-06-27 17:00:00,615.9000000000007
2011-06-27 18:00:00,620.7000000000006
2011-06-27 19:00:00,619.1000000000007
2011-06-28 05:00:00,638.0000000000006
2011-06-28 13:00:00,628.5000000000006
2011-06-28 14:00:00,633.4000000000007
2011-06-28 15:00:00,633.0000000000006
2011-06-28 16:00:00,633.5000000000006
2011-06-28 17:00:00,635.1000000000007
2011-06-28 18:00:00,637.2000000000006
2011-06-28 19:00:00,638.0000000000006
2011-06-29 05:00:00,647.6000000000007
2011-06-29 13:00:00,641.3000000000008
2011-06-29 14:00:00,648.9000000000007
2011-06-29 15:00:00,649.4000000000007
2011-06-29 16:00:00,650.3000000000008
2011-06-29 17:00:00,651.0000000000006
2011-06-29 18:00:00,645.9000000000007
2011-06-29 19:00:00,647.6000000000007
2011-06-30 05:00:00,658.5000000000006
2011-06-30 13:00:00,655.3000000000008
2011-06-30 14:00:00,654.6000000000007
2011-06-30 15:00:00,657.7000000000006
2011-06-30 16:00:00,654.6000000000007
2011-06-30 17:00:00,653.8000000000008
2011-06-30 18:00:00,655.5000000000006
2011-06-30 19:00:00,659.0000000000006
2011-07-01 05:00:00,665.6000000000007
2011-07-01 13:00:00,651.4000000000007
2011-07-01 14:00:00,660.3000000000008
2011-07-01 15:00:00,659.6000000000007
2011-07-01 16:00:00,660.1000000000007
2011-07-01 17:00:00,663.3000000000008
2011-07-01 19:00:00,665.6000000000007
2011-07-05 05:00:00,670.0000000000006
2011-07-05 13:00:00,671.7000000000006
2011-07-05 14:00:00,670.3000000000008
2011-07-05 15:00:00,671.2000000000006
2011-07-05 17:00:00,672.0000000000006
2011-07-05 18:00:00,669.5000000000006
2011-07-05 19:00:00,670.0000000000006
2011-07-06 05:00:00,668.4000000000007
2011-07-06 13:00:00,666.2000000000006
2011-07-06 14:00:00,665.7000000000006
2011-07-06 15:00:00,666.5000000000006
2011-07-06 16:00:00,667.6000000000007
2011-07-07 05:00:00,679.2000000000006
2011-07-07 13:00:00,678.6000000000007
2011-07-07 14:00:00,677.0000000000006
2011-07-07 15:00:00,673.8000000000008
2011-07-07 19:00:00,678.9000000000007
2011-07-08 05:00:00,674.1000000000007
2011-07-08 13:00:00,672.0000000000006
2011-07-08 14:00:00,668.7000000000006
2011-07-08 15:00:00,669.4000000000007
2011-07-08 16:00:00,669.3000000000008
2011-07-08 17:00:00,671.3000000000008
2011-07-08 18:00:00,671.7000000000006
2011-07-08 19:00:00,672.1000000000007
2011-07-11 05:00:00,655.0000000000006
2011-07-11 13:00:00,662.7000000000006
2011-07-11 14:00:00,654.8000000000008
2011-07-11 15:00:00,657.8000000000008
2011-07-11 16:00:00,657.8000000000008
2011-07-11 18:00:00,657.1000000000007
2011-07-12 05:00:00,652.9000000000007
2011-07-12 13:00:00,657.0000000000006
2011-07-12 14:00:00,656.6000000000007
2011-07-12 15:00:00,655.0000000000006
2011-07-12 16:00:00,656.1000000000007
2011-07-12 17:00:00,656.1000000000007
2011-07-12 18:00:00,659.8000000000008
2011-07-12 19:00:00,652.9000000000007
2011-07-13 05:00:00,658.3000000000008
2011-07-13 13:00:00,657.8000000000008
2011-07-13 14:00:00,666.6000000000007
2011-07-13 15:00:00,665.5000000000006
2011-07-13 16:00:00,666.9000000000007
2011-07-13 19:00:00,658.0000000000006
2011-07-14 05:00:00,653.1000000000007
2011-07-14 13:00:00,666.2000000000006
2011-07-14 14:00:00,660.7000000000006
2011-07-14 15:00:00,658.8000000000008
2011-07-14 16:00:00,658.9000000000007
2011-07-14 17:00:00,655.8000000000008
2011-07-14 18:00:00,655.4000000000007
2011-07-14 19:00:00,653.1000000000007
2011-07-15 05:00:00,674.1000000000007
2011-07-15 13:00:00,665.0000000000006
2011-07-15 14:00:00,665.4000000000007
2011-07-15 15:00:00,670.7000000000006
2011-07-15 16:00:00,672.3000000000008
2011-07-15 17:00:00,670.1000000000007
2011-07-15 18:00:00,669.7000000000006
2011-07-15 19:00:00,673.6000000000007
2011-07-15 20:00:00,674.1000000000007
2011-07-18 05:00:00,670.6000000000007
2011-07-18 13:00:00,668.2000000000006
2011-07-18 14:00:00,668.1000000000007
2011-07-18 15:00:00,669.2000000000006
2011-07-18 16:00:00,666.4000000000007
2011-07-18 17:00:00,669.1000000000007
2011-07-18 19:00:00,670.6000000000007
2011-07-19 05:00:00,684.3000000000008
2011-07-19 13:00:00,681.4000000000007
2011-07-19 14:00:00,680.7000000000006
2011-07-19 15:00:00,678.1000000000007
2011-07-19 16:00:00,676.9000000000007
2011-07-19 17:00:00,682.3000000000008
2011-07-19 18:00:00,681.8000000000008
2011-07-19 19:00:00,684.3000000000008
2011-07-20 05:00:00,683.6000000000007
2011-07-20 13:00:00,682.6000000000007
2011-07-20 14:00:00,684.9000000000007
2011-07-20 15:00:00,683.6000000000007
2011-07-20 16:00:00,682.4000000000007
2011-07-20 18:00:00,684.9000000000007
2011-07-20 19:00:00,683.6000000000007
2011-07-21 05:00:00,698.1000000000007
2011-07-21 13:00:00,695.8000000000008
2011-07-21 14:00:00,697.4000000000007
2011-07-21 15:00:00,694.7000000000006
2011-07-21 16:00:00,695.7000000000006
2011-07-21 17:00:00,696.9000000000007
2011-07-21 18:00:00,696.4000000000007
2011-07-21 19:00:00,697.8000000000008
2011-07-22 05:00:00,701.2000000000006
2011-07-22 13:00:00,698.8000000000008
2011-07-22 14:00:00,699.1000000000007
2011-07-22 15:00:00,700.6000000000007
2011-07-22 16:00:00,702.4000000000007
2011-07-22 17:00:00,702.3000000000008
2011-07-22 18:00:00,702.0000000000006
2011-07-22 19:00:00,701.2000000000006
2011-07-25 05:00:00,699.5000000000006
2011-07-25 13:00:00,699.2000000000006
2011-07-25 14:00:00,698.6000000000007
2011-07-25 15:00:00,701.1000000000007
2011-07-25 19:00:00,700.4000000000007
2011-07-26 05:00:00,694.6000000000007
2011-07-26 13:00:00,693.8000000000008
2011-07-26 14:00:00,693.5000000000006
2011-07-26 15:00:00,698.8000000000008
2011-07-26 16:00:00,698.5000000000006
2011-07-26 17:00:00,699.2000000000006
2011-07-26 19:00:00,698.7000000000006
2011-07-27 05:00:00,681.3000000000008
2011-07-27 13:00:00,687.3000000000008
2011-07-27 14:00:00,683.0000000000006
2011-07-27 15:00:00,684.9000000000007
2011-07-27 16:00:00,684.3000000000008
2011-07-27 17:00:00,684.8000000000008
2011-07-27 18:00:00,680.5000000000006
2011-07-27 19:00:00,681.0000000000006
2011-07-28 05:00:00,678.2000000000006
2011-07-28 13:00:00,679.5000000000006
2011-07-28 14:00:00,681.3000000000008
2011-07-28 15:00:00,685.5000000000006
2011-07-28 17:00:00,682.7000000000006
2011-07-28 18:00:00,681.2000000000006
2011-07-28 19:00:00,678.2000000000006
2011-07-29 05:00:00,669.3000000000008
2011-07-29 13:00:00,668.4000000000007
2011-07-29 14:00:00,674.9000000000007
2011-07-29 15:00:00,675.0000000000006
2011-07-29 19:00:00,670.5000000000006
2011-08-01 05:00:00,669.3000000000008
2011-08-01 13:00:00,676.1000000000007
2011-08-01 14:00:00,667.6000000000007
2011-08-01 15:00:00,663.5000000000006
2011-08-01 16:00:00,664.5000000000006
2011-08-01 17:00:00,664.3000000000008
2011-08-01 18:00:00,667.9000000000007
2011-08-01 19:00:00,669.8000000000008
2011-08-02 05:00:00,647.4000000000007
2011-08-02 13:00:00,670.1000000000007
2011-08-02 14:00:00,664.1000000000007
2011-08-02 15:00:00,660.0000000000006
2011-08-02 16:00:00,656.4000000000007
2011-08-02 17:00:00,653.3000000000008
2011-08-02 18:00:00,655.0000000000006
2011-08-02 19:00:00,650.2000000000006
2011-08-03 05:00:00,642.8000000000008
2011-08-03 13:00:00,644.4000000000007
2011-08-03 14:00:00,631.1000000000007
2011-08-03 15:00:00,634.0000000000006
2011-08-03 16:00:00,632.9000000000007
2011-08-03 17:00:00,638.0000000000006
2011-08-03 18:00:00,635.0000000000006
2011-08-03 19:00:00,642.8000000000008
2011-08-04 05:00:00,590.3000000000008
2011-08-04 13:00:00,623.0000000000006
2011-08-04 14:00:00,614.3000000000008
2011-08-04 15:00:00,601.6000000000007
2011-08-04 16:00:00,609.5000000000006
2011-08-04 17:00:00,602.5000000000006
2011-08-04 18:00:00,596.4000000000007
2011-08-04 19:00:00,589.6000000000007
2011-08-04 20:00:00,590.3000000000008
2011-08-05 05:00:00,585.9000000000007
2011-08-05 13:00:00,579.7000000000006
2011-08-05 14:00:00,582.8000000000008
2011-08-05 15:00:00,579.9000000000007
2011-08-05 16:00:00,576.5000000000006
2011-08-05 17:00:00,588.4000000000007
2011-08-05 18:00:00,592.5000000000006
2011-08-05 19:00:00,585.9000000000007
2011-08-08 05:00:00,526.8000000000008
2011-08-08 13:00:00,561.4000000000007
2011-08-08 14:00:00,554.9000000000007
2011-08-08 15:00:00,556.0000000000006
2011-08-08 18:00:00,529.1000000000007
2011-08-08 19:00:00,527.5000000000006
2011-08-09 05:00:00,561.8000000000008
2011-08-09 13:00:00,531.7000000000006
2011-08-09 14:00:00,543.5000000000006
2011-08-09 16:00:00,550.3000000000008
2011-08-09 17:00:00,540.2000000000006
2011-08-09 18:00:00,523.4000000000007
2011-08-09 19:00:00,558.3000000000008
2011-08-09 20:00:00,561.9000000000007
2011-08-10 05:00:00,538.1000000000007
2011-08-10 13:00:00,548.1000000000007
2011-08-10 14:00:00,536.9000000000007
2011-08-10 16:00:00,545.1000000000007
2011-08-10 17:00:00,549.3000000000008
2011-08-10 18:00:00,561.2000000000006
2011-08-10 19:00:00,547.9000000000007
2011-08-11 05:00:00,574.8000000000008
2011-08-11 13:00:00,540.4000000000007
2011-08-11 14:00:00,553.1000000000007
2011-08-11 15:00:00,552.6000000000007
2011-08-11 16:00:00,567.4000000000007
2011-08-11 17:00:00,563.5000000000006
2011-08-11 18:00:00,568.0000000000006
2011-08-12 05:00:00,574.2000000000006
2011-08-12 13:00:00,578.1000000000007
2011-08-12 14:00:00,573.5000000000006
2011-08-12 15:00:00,579.0000000000006
2011-08-12 16:00:00,576.9000000000007
2011-08-12 17:00:00,579.0000000000006
2011-08-12 18:00:00,573.2000000000006
2011-08-12 19:00:00,574.2000000000006
2011-08-15 05:00:00,596.6000000000007
2011-08-15 13:00:00,591.6000000000007
2011-08-15 14:00:00,593.6000000000007
2011-08-15 15:00:00,590.7000000000006
2011-08-15 16:00:00,591.3000000000008
2011-08-15 17:00:00,593.3000000000008
2011-08-15 18:00:00,596.0000000000006
2011-08-16 05:00:00,584.9000000000007
2011-08-16 13:00:00,585.0000000000006
2011-08-16 14:00:00,591.9000000000007
2011-08-16 15:00:00,591.9000000000007
2011-08-16 16:00:00,584.4000000000007
2011-08-16 17:00:00,579.8000000000008
2011-08-16 18:00:00,582.1000000000007
2011-08-16 19:00:00,585.7000000000006
2011-08-17 05:00:00,587.1000000000007
2011-08-17 13:00:00,598.8000000000008
2011-08-17 14:00:00,594.2000000000006
2011-08-17 15:00:00,590.9000000000007
2011-08-17 16:00:00,585.6000000000007
2011-08-17 17:00:00,587.2000000000006
2011-08-17 19:00:00,587.1000000000007
2011-08-18 05:00:00,549.3000000000008
2011-08-18 13:00:00,560.8000000000008
2011-08-18 14:00:00,555.6000000000007
2011-08-18 15:00:00,556.9000000000007
2011-08-18 16:00:00,555.2000000000006
2011-08-18 17:00:00,546.0000000000006
2011-08-19 05:00:00,537.6000000000007
2011-08-19 13:00:00,546.8000000000008
2011-08-19 14:00:00,551.6000000000007
2011-08-19 15:00:00,546.0000000000006
2011-08-19 18:00:00,540.6000000000007
2011-08-19 19:00:00,537.6000000000007
2011-08-22 05:00:00,532.4000000000007
2011-08-22 13:00:00,543.6000000000007
2011-08-22 14:00:00,543.4000000000007
2011-08-22 15:00:00,536.5000000000006
2011-08-22 17:00:00,537.9000000000007
2011-08-22 18:00:00,535.9000000000007
2011-08-22 19:00:00,535.1000000000007
2011-08-23 05:00:00,557.9000000000007
2011-08-23 13:00:00,537.1000000000007
2011-08-23 14:00:00,541.0000000000006
2011-08-23 16:00:00,548.4000000000007
2011-08-23 19:00:00,559.8000000000008
2011-08-24 05:00:00,563.4000000000007
2011-08-24 13:00:00,558.3000000000008
2011-08-24 14:00:00,558.8000000000008
2011-08-24 15:00:00,555.1000000000007
2011-08-24 16:00:00,552.3000000000008
2011-08-24 18:00:00,560.0000000000006
2011-08-25 05:00:00,550.8000000000008
2011-08-25 13:00:00,561.4000000000007
2011-08-25 14:00:00,552.5000000000006
2011-08-25 15:00:00,551.3000000000008
2011-08-26 05:00:00,561.8000000000008
2011-08-26 13:00:00,543.0000000000006
2011-08-26 14:00:00,550.3000000000008
2011-08-26 15:00:00,559.4000000000007
2011-08-26 16:00:00,561.6000000000007
2011-08-26 17:00:00,564.3000000000008
2011-08-29 05:00:00,581.3000000000008
2011-08-29 13:00:00,574.8000000000008
2011-08-29 14:00:00,569.2000000000006
2011-08-29 15:00:00,570.8000000000008
2011-08-29 16:00:00,572.0000000000006
2011-08-29 17:00:00,575.9000000000007
2011-08-29 18:00:00,579.4000000000007
2011-08-29 19:00:00,581.3000000000008
2011-08-30 05:00:00,584.2000000000006
2011-08-30 13:00:00,581.2000000000006
2011-08-30 14:00:00,575.3000000000008
2011-08-30 15:00:00,579.7000000000006
2011-08-30 18:00:00,582.1000000000007
2011-08-31 05:00:00,590.7000000000006
2011-08-31 13:00:00,596.7000000000006
2011-08-31 14:00:00,595.2000000000006
2011-08-31 15:00:00,590.0000000000006
2011-08-31 16:00:00,593.4000000000007
2011-08-31 17:00:00,590.0000000000006
2011-08-31 18:00:00,586.1000000000007
2011-08-31 19:00:00,589.0000000000006
2011-09-01 05:00:00,585.0000000000006
2011-09-01 13:00:00,589.7000000000006
2011-09-01 14:00:00,593.5000000000006
2011-09-01 15:00:00,591.2000000000006
2011-09-01 16:00:00,595.4000000000007
2011-09-01 17:00:00,588.4000000000007
2011-09-01 18:00:00,588.2000000000006
2011-09-01 19:00:00,585.6000000000007
2011-09-02 05:00:00,566.3000000000008
2011-09-02 13:00:00,564.3000000000008
2011-09-02 14:00:00,566.2000000000006
2011-09-02 15:00:00,568.9000000000007
2011-09-02 17:00:00,568.6000000000007
2011-09-02 19:00:00,563.5000000000006
2011-09-06 05:00:00,559.1000000000007
2011-09-06 13:00:00,547.7000000000006
2011-09-06 14:00:00,544.6000000000007
2011-09-06 15:00:00,547.4000000000007
2011-09-06 16:00:00,547.6000000000007
2011-09-06 17:00:00,551.1000000000007
2011-09-06 18:00:00,551.0000000000006
2011-09-06 20:00:00,559.1000000000007
2011-09-07 05:00:00,582.8000000000008
2011-09-07 13:00:00,574.7000000000006
2011-09-07 14:00:00,574.7000000000006
2011-09-07 15:00:00,579.3000000000008
2011-09-07 16:00:00,579.1000000000007
2011-09-07 17:00:00,579.8000000000008
2011-09-07 18:00:00,582.0000000000006
2011-09-07 19:00:00,581.0000000000006
2011-09-08 05:00:00,573.0000000000006
2011-09-08 13:00:00,582.0000000000006
2011-09-08 14:00:00,585.0000000000006
2011-09-08 15:00:00,585.0000000000006
2011-09-08 16:00:00,581.6000000000007
2011-09-08 17:00:00,581.6000000000007
2011-09-08 18:00:00,581.6000000000007
2011-09-08 19:00:00,573.3000000000008
2011-09-09 05:00:00,553.0000000000006
2011-09-09 13:00:00,559.5000000000006
2011-09-09 14:00:00,568.5000000000006
2011-09-09 15:00:00,556.1000000000007
2011-09-09 16:00:00,554.5000000000006
2011-09-09 17:00:00,554.3000000000008
2011-09-09 18:00:00,554.3000000000008
2011-09-09 19:00:00,554.3000000000008
2011-09-12 05:00:00,554.2000000000006
2011-09-12 18:00:00,546.0000000000008
2011-09-12 19:00:00,554.5000000000008
2011-09-13 05:00:00,558.5000000000008
2011-09-13 13:00:00,551.1000000000007
2011-09-13 14:00:00,556.9000000000007
2011-09-13 15:00:00,552.8000000000008
2011-09-13 16:00:00,553.1000000000007
2011-09-13 17:00:00,559.2000000000006
2011-09-13 18:00:00,557.3000000000008
2011-09-13 19:00:00,558.8000000000008
2011-09-14 05:00:00,564.7000000000006
2011-09-14 14:00:00,552.8000000000008
2011-09-14 15:00:00,556.9000000000007
2011-09-14 19:00:00,569.2000000000006
2011-09-15 05:00:00,579.7000000000006
2011-09-15 13:00:00,575.7000000000006
2011-09-15 14:00:00,570.4000000000007
2011-09-15 15:00:00,573.8000000000008
2011-09-15 16:00:00,575.6000000000007
2011-09-15 17:00:00,575.4000000000007
2011-09-15 18:00:00,577.0000000000008
2011-09-15 19:00:00,578.9000000000007
2011-09-16 05:00:00,578.3000000000008
2011-09-16 13:00:00,582.3000000000008
2011-09-16 14:00:00,574.6000000000007
2011-09-16 17:00:00,575.1000000000007
2011-09-16 18:00:00,575.3000000000008
2011-09-16 19:00:00,578.3000000000008
2011-09-19 05:00:00,568.0000000000008
2011-09-19 13:00:00,555.7000000000006
2011-09-19 14:00:00,557.6000000000007
2011-09-19 15:00:00,563.2000000000006
2011-09-19 16:00:00,559.6000000000007
2011-09-19 18:00:00,566.9000000000007
2011-09-19 19:00:00,570.5000000000008
2011-09-20 05:00:00,562.7000000000006
2011-09-20 13:00:00,563.0000000000008
2011-09-20 14:00:00,566.7000000000006
2011-09-20 17:00:00,572.4000000000007
2011-09-20 18:00:00,567.7000000000006
2011-09-20 20:00:00,562.7000000000006
2011-09-21 05:00:00,536.0000000000008
2011-09-21 13:00:00,562.5000000000008
2011-09-21 14:00:00,558.0000000000008
2011-09-21 15:00:00,559.4000000000007
2011-09-21 16:00:00,554.1000000000007
2011-09-21 18:00:00,549.1000000000007
2011-09-21 19:00:00,540.7000000000006
2011-09-22 05:00:00,500.4000000000007
2011-09-22 13:00:00,505.70000000000067
2011-09-22 14:00:00,508.3000000000007
2011-09-22 15:00:00,504.10000000000076
2011-09-22 16:00:00,503.8000000000007
2011-09-22 19:00:00,499.60000000000076
2011-09-23 05:00:00,493.50000000000074
2011-09-23 13:00:00,500.50000000000074
2011-09-23 14:00:00,491.4000000000007
2011-09-26 05:00:00,514.8000000000009
2011-09-26 14:00:00,487.00000000000074
2011-09-26 18:00:00,498.60000000000076
2011-09-27 05:00:00,524.4000000000007
2011-09-27 13:00:00,535.2000000000006
2011-09-27 14:00:00,534.9000000000007
2011-09-27 15:00:00,534.7000000000006
2011-09-27 16:00:00,534.1000000000007
2011-09-27 18:00:00,535.2000000000006
2011-09-27 19:00:00,526.5000000000008
2011-09-28 05:00:00,515.0000000000009
2011-09-28 13:00:00,529.8000000000008
2011-09-28 14:00:00,523.1000000000007
2011-09-28 15:00:00,528.5000000000008
2011-09-28 17:00:00,513.0000000000008
2011-09-28 18:00:00,512.6000000000007
2011-09-28 19:00:00,515.0000000000009
2011-09-29 05:00:00,509.80000000000075
2011-09-29 13:00:00,515.7000000000007
2011-09-29 14:00:00,502.10000000000076
2011-09-29 15:00:00,510.1000000000007
2011-09-29 17:00:00,506.60000000000076
2011-09-29 18:00:00,501.00000000000074
2011-09-30 05:00:00,492.20000000000067
2011-09-30 13:00:00,499.3000000000007
2011-09-30 14:00:00,504.8000000000007
2011-09-30 15:00:00,504.60000000000076
2011-10-03 05:00:00,471.3000000000007
2011-10-03 13:00:00,485.50000000000074
2011-10-03 14:00:00,479.8000000000007
2011-10-04 05:00:00,490.3000000000007
2011-10-04 13:00:00,456.00000000000074
2011-10-04 16:00:00,475.20000000000067
2011-10-04 19:00:00,490.3000000000007
2011-10-05 05:00:00,511.6000000000007
2011-10-05 13:00:00,489.4000000000007
2011-10-05 14:00:00,497.3000000000007
2011-10-05 15:00:00,498.00000000000074
2011-10-05 17:00:00,505.70000000000067
2011-10-05 19:00:00,505.9000000000007
2011-10-06 05:00:00,523.0000000000008
2011-10-06 13:00:00,508.50000000000074
2011-10-06 15:00:00,516.2000000000007
2011-10-07 05:00:00,515.2000000000007
2011-10-07 13:00:00,517.9000000000008
2011-10-07 14:00:00,524.3000000000008
2011-10-07 16:00:00,516.3000000000009
2011-10-07 18:00:00,517.1000000000008
2011-10-07 19:00:00,516.4000000000008
2011-10-10 05:00:00,542.9000000000007
2011-10-10 13:00:00,532.6000000000007
2011-10-10 14:00:00,538.2000000000006
2011-10-11 05:00:00,543.6000000000007
2011-10-11 13:00:00,544.6000000000007
2011-10-11 14:00:00,546.9000000000007
2011-10-11 16:00:00,544.4000000000007
2011-10-11 17:00:00,543.4000000000007
2011-10-12 05:00:00,548.2000000000006
2011-10-12 13:00:00,546.1000000000007
2011-10-12 14:00:00,553.0000000000008
2011-10-12 19:00:00,549.3000000000008
2011-10-13 05:00:00,547.5000000000008
2011-10-13 13:00:00,538.0000000000008
2011-10-13 14:00:00,537.9000000000007
2011-10-13 15:00:00,538.7000000000006
2011-10-13 18:00:00,547.4000000000007
2011-10-13 19:00:00,547.5000000000008
2011-10-14 05:00:00,571.9000000000007
2011-10-14 13:00:00,560.2000000000006
2011-10-14 14:00:00,561.6000000000007
2011-10-14 15:00:00,560.2000000000006
2011-10-14 16:00:00,562.7000000000006
2011-10-14 19:00:00,571.2000000000006
2011-10-17 05:00:00,561.1000000000007
2011-10-17 13:00:00,568.0000000000008
2011-10-17 15:00:00,567.2000000000006
2011-10-17 17:00:00,564.0000000000008
2011-10-18 05:00:00,581.2000000000006
2011-10-18 13:00:00,558.0000000000008
2011-10-18 14:00:00,560.6000000000007
2011-10-18 16:00:00,572.7000000000006
2011-10-18 17:00:00,572.2000000000006
2011-10-18 18:00:00,574.4000000000007
2011-10-18 19:00:00,581.2000000000006
2011-10-19 05:00:00,575.1000000000007
2011-10-19 13:00:00,577.2000000000006
2011-10-19 14:00:00,588.3000000000008
2011-10-19 15:00:00,585.2000000000006
2011-10-19 16:00:00,584.4000000000007
2011-10-19 18:00:00,577.3000000000008
2011-10-20 05:00:00,580.3000000000008
2011-10-20 13:00:00,575.6000000000007
2011-10-20 14:00:00,578.3000000000008
2011-10-20 15:00:00,571.9000000000007
2011-10-20 16:00:00,568.0000000000008
2011-10-20 17:00:00,576.9000000000007
2011-10-20 18:00:00,575.9000000000007
2011-10-20 19:00:00,580.3000000000008
2011-10-21 05:00:00,591.8000000000008
2011-10-21 13:00:00,589.8000000000008
2011-10-21 14:00:00,593.5000000000008
2011-10-21 15:00:00,592.5000000000008
2011-10-21 17:00:00,585.6000000000007
2011-10-21 18:00:00,588.5000000000008
2011-10-21 19:00:00,591.2000000000006
2011-10-24 05:00:00,601.6000000000007
2011-10-24 13:00:00,598.3000000000008
2011-10-24 14:00:00,598.6000000000007
2011-10-24 17:00:00,602.2000000000006
2011-10-24 18:00:00,601.0000000000008
2011-10-24 19:00:00,600.3000000000008
2011-10-25 05:00:00,586.3000000000008
2011-10-25 13:00:00,594.6000000000007
2011-10-25 14:00:00,588.3000000000008
2011-10-25 15:00:00,592.0000000000008
2011-10-25 18:00:00,591.5000000000008
2011-10-25 19:00:00,585.9000000000007
2011-10-26 05:00:00,601.5000000000008
2011-10-26 13:00:00,594.6000000000007
2011-10-26 14:00:00,583.7000000000006
2011-10-26 17:00:00,595.0000000000008
2011-10-26 18:00:00,597.1000000000007
2011-10-26 19:00:00,599.6000000000007
2011-10-27 05:00:00,632.4000000000007
2011-10-27 13:00:00,623.6000000000007
2011-10-27 14:00:00,621.8000000000008
2011-10-27 15:00:00,621.3000000000008
2011-10-27 18:00:00,630.3000000000008
2011-10-27 19:00:00,631.6000000000007
2011-10-28 05:00:00,637.1000000000007
2011-10-28 13:00:00,630.8000000000008
2011-10-28 14:00:00,635.4000000000007
2011-10-28 15:00:00,633.3000000000008
2011-10-28 16:00:00,632.7000000000006
2011-10-28 17:00:00,635.4000000000007
2011-10-28 18:00:00,633.9000000000007
2011-10-28 19:00:00,637.6000000000007
2011-10-31 05:00:00,603.8000000000008
2011-10-31 13:00:00,617.8000000000008
2011-10-31 14:00:00,615.6000000000007
2011-10-31 16:00:00,612.9000000000007
2011-10-31 18:00:00,615.5000000000008
2011-10-31 19:00:00,609.4000000000007
2011-11-01 05:00:00,581.5000000000008
2011-11-01 13:00:00,575.3000000000008
2011-11-01 14:00:00,583.6000000000007
2011-11-01 15:00:00,574.2000000000006
2011-11-01 16:00:00,578.3000000000008
2011-11-01 17:00:00,582.2000000000006
2011-11-01 18:00:00,585.5000000000008
2011-11-01 19:00:00,581.6000000000007
2011-11-02 05:00:00,602.8000000000008
2011-11-02 13:00:00,594.6000000000007
2011-11-02 14:00:00,600.3000000000008
2011-11-02 15:00:00,602.7000000000006
2011-11-02 16:00:00,600.0000000000008
2011-11-02 17:00:00,594.2000000000006
2011-11-02 18:00:00,599.7000000000006
2011-11-02 19:00:00,603.0000000000008
2011-11-03 05:00:00,622.5000000000008
2011-11-03 13:00:00,608.2000000000006
2011-11-03 14:00:00,612.9000000000007
2011-11-03 15:00:00,614.8000000000008
2011-11-03 16:00:00,613.9000000000007
2011-11-03 17:00:00,619.1000000000007
2011-11-03 18:00:00,617.7000000000006
2011-11-03 19:00:00,621.5000000000008
2011-11-04 05:00:00,619.8000000000008
2011-11-04 14:00:00,609.9000000000007
2011-11-04 15:00:00,613.1000000000007
2011-11-04 16:00:00,611.9000000000007
2011-11-04 17:00:00,617.6000000000007
2011-11-04 18:00:00,620.0000000000008
2011-11-04 19:00:00,618.4000000000007
2011-11-07 06:00:00,624.3000000000008
2011-11-07 14:00:00,627.5000000000008
2011-11-07 15:00:00,617.0000000000008
2011-11-07 16:00:00,619.3000000000008
2011-11-07 17:00:00,611.9000000000007
2011-11-07 18:00:00,616.7000000000006
2011-11-07 19:00:00,619.5000000000008
2011-11-07 20:00:00,623.2000000000006
2011-11-08 06:00:00,635.2000000000006
2011-11-08 14:00:00,627.9000000000007
2011-11-08 15:00:00,624.2000000000006
2011-11-08 16:00:00,621.8000000000008
2011-11-08 17:00:00,624.7000000000006
2011-11-08 18:00:00,629.7000000000006
2011-11-08 19:00:00,631.4000000000007
2011-11-08 20:00:00,633.2000000000006
2011-11-09 06:00:00,603.2000000000006
2011-11-09 14:00:00,608.4000000000007
2011-11-09 15:00:00,611.6000000000007
2011-11-09 16:00:00,619.3000000000008
2011-11-09 17:00:00,616.6000000000007
2011-11-09 19:00:00,603.8000000000008
2011-11-09 20:00:00,602.4000000000007
2011-11-10 06:00:00,615.0000000000008
2011-11-10 14:00:00,607.9000000000007
2011-11-10 15:00:00,606.0000000000008
2011-11-10 16:00:00,612.4000000000007
2011-11-10 17:00:00,612.1000000000007
2011-11-10 18:00:00,616.2000000000006
2011-11-10 19:00:00,614.5000000000008
2011-11-10 20:00:00,614.8000000000008
2011-11-11 06:00:00,628.4000000000007
2011-11-11 14:00:00,627.8000000000008
2011-11-11 15:00:00,630.7000000000006
2011-11-11 16:00:00,630.1000000000007
2011-11-11 17:00:00,628.2000000000006
2011-11-11 19:00:00,627.9000000000007
2011-11-11 20:00:00,627.5000000000008
2011-11-14 06:00:00,620.3000000000008
2011-11-14 14:00:00,619.2000000000006
2011-11-14 15:00:00,619.2000000000006
2011-11-14 17:00:00,616.5000000000008
2011-11-14 18:00:00,618.4000000000007
2011-11-15 06:00:00,619.4000000000007
2011-11-15 14:00:00,621.1000000000007
2011-11-15 15:00:00,620.0000000000008
2011-11-15 16:00:00,617.0000000000008
2011-11-15 17:00:00,617.9000000000007
2011-11-15 18:00:00,624.9000000000007
2011-11-15 19:00:00,617.7000000000006
2011-11-15 20:00:00,622.7000000000006
2011-11-16 06:00:00,609.1000000000007
2011-11-16 14:00:00,618.8000000000008
2011-11-16 15:00:00,617.0000000000008
2011-11-16 16:00:00,618.3000000000008
2011-11-16 17:00:00,620.3000000000008
2011-11-16 18:00:00,624.8000000000008
2011-11-16 19:00:00,624.3000000000008
2011-11-16 20:00:00,609.7000000000006
2011-11-17 06:00:00,590.3000000000008
2011-11-17 14:00:00,602.9000000000007
2011-11-17 15:00:00,607.6000000000007
2011-11-17 16:00:00,610.4000000000007
2011-11-17 17:00:00,595.3000000000008
2011-11-17 18:00:00,592.3000000000008
2011-11-17 19:00:00,592.1000000000007
2011-11-17 20:00:00,590.0000000000008
2011-11-18 06:00:00,588.9000000000007
2011-11-18 14:00:00,597.4000000000007
2011-11-18 15:00:00,598.0000000000008
2011-11-18 16:00:00,589.8000000000008
2011-11-18 17:00:00,588.4000000000007
2011-11-18 18:00:00,588.9000000000007
2011-11-18 19:00:00,592.6000000000007
2011-11-18 20:00:00,589.8000000000008
2011-11-21 06:00:00,578.6000000000007
2011-11-21 14:00:00,570.8000000000008
2011-11-21 15:00:00,569.0000000000008
2011-11-21 16:00:00,569.8000000000008
2011-11-21 17:00:00,569.1000000000007
2011-11-21 18:00:00,567.7000000000006
2011-11-21 19:00:00,574.8000000000008
2011-11-21 20:00:00,574.4000000000007
2011-11-22 06:00:00,570.0000000000008
2011-11-22 14:00:00,577.3000000000008
2011-11-22 15:00:00,568.5000000000008
2011-11-22 17:00:00,572.6000000000007
2011-11-22 18:00:00,574.6000000000007
2011-11-22 19:00:00,572.4000000000007
2011-11-22 20:00:00,570.0000000000008
2011-11-23 06:00:00,550.1000000000007
2011-11-23 14:00:00,559.0000000000008
2011-11-23 16:00:00,554.4000000000007
2011-11-23 17:00:00,556.1000000000007
2011-11-23 18:00:00,552.5000000000008
2011-11-23 19:00:00,552.0000000000008
2011-11-23 20:00:00,555.2000000000006
2011-11-25 06:00:00,545.6000000000007
2011-11-25 14:00:00,553.2000000000006
2011-11-25 15:00:00,552.8000000000008
2011-11-25 16:00:00,553.4000000000007
2011-11-25 17:00:00,549.0000000000008
2011-11-28 06:00:00,568.8000000000008
2011-11-28 14:00:00,570.4000000000007
2011-11-28 15:00:00,573.4000000000007
2011-11-28 16:00:00,572.4000000000007
2011-11-28 17:00:00,571.0000000000008
2011-11-28 18:00:00,569.6000000000007
2011-11-28 19:00:00,570.0000000000008
2011-11-28 20:00:00,568.8000000000008
2011-11-29 06:00:00,580.0000000000008
2011-11-29 14:00:00,571.1000000000007
2011-11-29 15:00:00,578.5000000000008
2011-11-29 17:00:00,585.2000000000006
2011-11-29 18:00:00,580.5000000000008
2011-11-29 19:00:00,581.0000000000008
2011-11-29 20:00:00,579.6000000000007
2011-11-30 06:00:00,617.0000000000008
2011-11-30 14:00:00,614.5000000000008
2011-11-30 15:00:00,614.1000000000007
2011-11-30 16:00:00,612.4000000000007
2011-11-30 17:00:00,609.8000000000008
2011-11-30 19:00:00,606.7000000000006
2011-11-30 20:00:00,609.0000000000008
2011-12-01 06:00:00,612.2000000000006
2011-12-01 14:00:00,618.3000000000008
2011-12-01 15:00:00,614.2000000000006
2011-12-01 16:00:00,611.3000000000008
2011-12-01 17:00:00,612.4000000000007
2011-12-01 18:00:00,613.5000000000008
2011-12-01 19:00:00,613.0000000000008
2011-12-01 20:00:00,612.2000000000006
2011-12-02 06:00:00,610.9000000000007
2011-12-02 15:00:00,620.8000000000008
2011-12-02 16:00:00,615.5000000000008
2011-12-02 18:00:00,614.2000000000006
2011-12-02 19:00:00,614.6000000000007
2011-12-02 20:00:00,610.9000000000007
2011-12-05 06:00:00,619.4000000000007
2011-12-05 14:00:00,624.9000000000007
2011-12-05 15:00:00,628.0000000000008
2011-12-05 16:00:00,624.9000000000007
2011-12-05 18:00:00,619.7000000000006
2011-12-05 19:00:00,619.7000000000006
2011-12-05 20:00:00,618.2000000000006
2011-12-06 06:00:00,619.8000000000008
2011-12-06 14:00:00,620.8000000000008
2011-12-06 15:00:00,619.7000000000006
2011-12-06 16:00:00,615.4000000000007
2011-12-06 17:00:00,618.5000000000008
2011-12-06 18:00:00,619.5000000000008
2011-12-06 19:00:00,621.7000000000006
2011-12-06 20:00:00,623.1000000000007
2011-12-07 06:00:00,612.7000000000006
2011-12-07 18:00:00,613.9000000000007
2011-12-07 19:00:00,609.0000000000008
2011-12-07 20:00:00,612.7000000000006
2011-12-08 06:00:00,594.0000000000008
2011-12-08 14:00:00,608.1000000000007
2011-12-08 17:00:00,600.6000000000007
2011-12-08 20:00:00,600.6000000000007
2011-12-09 06:00:00,609.3000000000008
2011-12-09 15:00:00,609.3000000000008
2011-12-09 19:00:00,609.6000000000007
2011-12-09 20:00:00,610.1000000000007
2011-12-12 06:00:00,591.3000000000008
2011-12-12 14:00:00,594.7000000000008
2011-12-12 15:00:00,590.6000000000007
2011-12-12 16:00:00,589.3000000000008
2011-12-12 17:00:00,586.2000000000008
2011-12-12 18:00:00,584.3000000000008
2011-12-12 19:00:00,583.0000000000008
2011-12-12 20:00:00,587.9000000000007
2011-12-13 06:00:00,586.2000000000008
2011-12-13 14:00:00,605.5000000000008
2011-12-13 15:00:00,604.8000000000008
2011-12-13 16:00:00,600.1000000000007
2011-12-13 18:00:00,599.0000000000008
2011-12-13 19:00:00,594.2000000000008
2011-12-13 20:00:00,583.8000000000008
2011-12-14 06:00:00,566.8000000000008
2011-12-14 14:00:00,580.4000000000007
2011-12-14 15:00:00,569.8000000000008
2011-12-14 16:00:00,569.3000000000008
2011-12-14 18:00:00,568.9000000000007
2011-12-14 19:00:00,565.1000000000007
2011-12-15 06:00:00,564.7000000000008
2011-12-15 14:00:00,573.8000000000008
2011-12-15 15:00:00,568.2000000000008
2011-12-15 17:00:00,568.7000000000008
2011-12-15 18:00:00,565.6000000000007
2011-12-15 19:00:00,563.4000000000007
2011-12-16 06:00:00,571.5000000000008
2011-12-16 14:00:00,568.6000000000007
2011-12-16 15:00:00,572.1000000000007
2011-12-16 17:00:00,564.8000000000008
2011-12-16 18:00:00,568.8000000000008
2011-12-16 20:00:00,571.7000000000008
2011-12-19 06:00:00,559.4000000000007
2011-12-19 14:00:00,565.5000000000008
2011-12-19 15:00:00,566.9000000000007
2011-12-19 16:00:00,564.7000000000008
2011-12-19 20:00:00,559.4000000000007
2011-12-20 06:00:00,585.6000000000007
2011-12-20 15:00:00,579.4000000000007
2011-12-20 16:00:00,583.7000000000008
2011-12-20 19:00:00,584.3000000000008
2011-12-21 06:00:00,592.7000000000008
2011-12-21 14:00:00,584.0000000000008
2011-12-21 15:00:00,591.2000000000008
2011-12-21 17:00:00,584.7000000000008
2011-12-21 18:00:00,587.8000000000008
2011-12-21 20:00:00,591.4000000000007
2011-12-22 06:00:00,601.3000000000008
2011-12-22 14:00:00,596.4000000000007
2011-12-22 15:00:00,598.6000000000007
2011-12-22 16:00:00,597.1000000000007
2011-12-22 20:00:00,600.8000000000008
2011-12-23 06:00:00,605.4000000000007
2011-12-27 06:00:00,607.5000000000008
2011-12-27 14:00:00,609.1000000000007
2011-12-27 16:00:00,606.4000000000007
2011-12-28 06:00:00,594.0000000000008
2011-12-28 14:00:00,604.2000000000008
2011-12-28 15:00:00,598.6000000000007
2011-12-28 16:00:00,595.4000000000007
2011-12-28 18:00:00,596.2000000000008
2011-12-28 20:00:00,593.6000000000007
2011-12-29 06:00:00,601.4000000000007
2011-12-29 14:00:00,596.8000000000008
2011-12-29 20:00:00,601.5000000000008
2011-12-30 06:00:00,601.5000000000008
2011-12-30 14:00:00,601.8000000000008
2011-12-30 19:00:00,601.5000000000008
2011-12-30 20:00:00,602.6000000000007
2012-01-03 06:00:00,620.4000000000007
2012-01-03 14:00:00,617.5000000000008
2012-01-03 15:00:00,619.1000000000007
2012-01-03 16:00:00,619.1000000000007
2012-01-03 17:00:00,618.8000000000008
2012-01-03 18:00:00,618.2000000000008
2012-01-03 19:00:00,620.8000000000008
2012-01-03 20:00:00,621.9000000000007
2012-01-04 06:00:00,622.4000000000007
2012-01-04 14:00:00,621.3000000000008
2012-01-04 15:00:00,616.8000000000008
2012-01-04 16:00:00,616.9000000000007
2012-01-04 20:00:00,622.6000000000007
2012-01-05 06:00:00,617.3000000000008
2012-01-05 14:00:00,613.1000000000007
2012-01-05 16:00:00,615.2000000000008
2012-01-06 06:00:00,613.7000000000008
2012-01-06 14:00:00,613.0000000000008
2012-01-06 15:00:00,616.2000000000008
2012-01-06 19:00:00,616.0000000000008
2012-01-06 20:00:00,613.7000000000008
2012-01-09 06:00:00,617.7000000000008
2012-01-09 14:00:00,615.1000000000007
2012-01-09 15:00:00,615.1000000000007
2012-01-09 19:00:00,617.0000000000008
2012-01-09 20:00:00,617.9000000000007
2012-01-10 06:00:00,623.5000000000008
2012-01-10 14:00:00,627.3000000000008
2012-01-10 15:00:00,625.2000000000008
2012-01-10 16:00:00,625.9000000000007
2012-01-10 18:00:00,623.1000000000007
2012-01-10 20:00:00,623.1000000000007
2012-01-11 06:00:00,614.0000000000008
2012-01-11 15:00:00,614.5000000000008
2012-01-11 18:00:00,613.3000000000008
2012-01-11 19:00:00,612.3000000000008
2012-01-11 20:00:00,614.0000000000008
2012-01-12 06:00:00,608.0000000000008
2012-01-12 15:00:00,608.4000000000007
2012-01-12 18:00:00,609.6000000000007
2012-01-13 06:00:00,604.2000000000008
2012-01-13 14:00:00,602.5000000000008
2012-01-13 16:00:00,601.7000000000008
2012-01-13 18:00:00,600.8000000000008
2012-01-13 20:00:00,603.9000000000007
2012-01-17 06:00:00,608.9000000000007
2012-01-17 14:00:00,611.9000000000007
2012-01-17 16:00:00,612.4000000000007
2012-01-17 17:00:00,611.2000000000008
2012-01-17 20:00:00,608.9000000000007
2012-01-18 06:00:00,620.4000000000007
2012-01-18 14:00:00,609.6000000000007
2012-01-18 15:00:00,613.1000000000007
2012-01-18 16:00:00,614.0000000000008
2012-01-19 06:00:00,623.8000000000008
2012-01-19 15:00:00,624.6000000000007
2012-01-19 16:00:00,625.9000000000007
2012-01-19 17:00:00,624.2000000000008
2012-01-19 18:00:00,623.8000000000008
2012-01-20 06:00:00,622.6000000000007
2012-01-20 14:00:00,624.4000000000007
2012-01-20 15:00:00,624.4000000000007
2012-01-20 16:00:00,619.3000000000008
2012-01-20 20:00:00,620.0000000000008
2012-01-23 06:00:00,628.9000000000007
2012-01-23 14:00:00,627.3000000000008
2012-01-23 15:00:00,627.5000000000008
2012-01-23 17:00:00,625.7000000000008
2012-01-24 06:00:00,627.1000000000007
2012-01-24 15:00:00,623.3000000000008
2012-01-24 16:00:00,623.3000000000008
2012-01-25 06:00:00,636.3000000000008
2012-01-25 14:00:00,620.0000000000008
2012-01-25 15:00:00,621.0000000000008
2012-01-25 16:00:00,621.3000000000008
2012-01-25 17:00:00,619.9000000000007
2012-01-26 06:00:00,626.0000000000008
2012-01-26 14:00:00,640.0000000000008
2012-01-26 15:00:00,636.1000000000007
2012-01-26 16:00:00,634.9000000000007
2012-01-26 18:00:00,632.0000000000008
2012-01-26 19:00:00,626.8000000000008
2012-01-26 20:00:00,626.0000000000008
2012-01-27 06:00:00,624.9000000000007
2012-01-27 16:00:00,622.4000000000007
2012-01-27 18:00:00,624.9000000000007
2012-01-27 19:00:00,625.9000000000007
2012-01-27 20:00:00,627.2000000000008
2012-01-30 06:00:00,621.2000000000008
2012-01-30 14:00:00,615.1000000000007
2012-01-30 19:00:00,620.9000000000007
2012-01-31 06:00:00,616.8000000000008
2012-01-31 14:00:00,622.6000000000007
2012-01-31 15:00:00,616.3000000000008
2012-01-31 16:00:00,614.5000000000008
2012-01-31 17:00:00,617.8000000000008
2012-01-31 19:00:00,617.4000000000007
2012-02-01 06:00:00,619.7000000000008
2012-02-01 15:00:00,621.9000000000007
2012-02-01 17:00:00,624.4000000000007
2012-02-01 18:00:00,625.2000000000008
2012-02-01 20:00:00,619.7000000000008
2012-02-02 06:00:00,625.8000000000008
2012-02-02 14:00:00,621.6000000000007
2012-02-02 15:00:00,626.5000000000008
2012-02-02 16:00:00,626.4000000000007
2012-02-03 06:00:00,637.5000000000008
2012-02-03 14:00:00,632.2000000000008
2012-02-03 16:00:00,634.5000000000008
2012-02-03 17:00:00,635.5000000000008
2012-02-03 18:00:00,634.8000000000008
2012-02-03 20:00:00,637.2000000000008
2012-02-06 06:00:00,645.4000000000007
2012-02-07 06:00:00,649.9000000000007
2012-02-07 14:00:00,641.3000000000008
2012-02-07 15:00:00,639.9000000000007
2012-02-07 17:00:00,646.4000000000007
2012-02-08 06:00:00,647.2000000000008
2012-02-08 16:00:00,645.6000000000007
2012-02-09 06:00:00,647.1000000000007
2012-02-09 15:00:00,643.8000000000008
2012-02-09 16:00:00,647.0000000000008
2012-02-09 17:00:00,647.1000000000007
2012-02-10 06:00:00,639.6000000000007
2012-02-10 14:00:00,637.5000000000008
2012-02-10 15:00:00,637.7000000000008
2012-02-10 18:00:00,639.2000000000008
2012-02-13 06:00:00,645.9000000000007
2012-02-13 14:00:00,646.3000000000008
2012-02-13 16:00:00,642.6000000000007
2012-02-14 06:00:00,647.1000000000007
2012-02-14 14:00:00,646.5000000000008
2012-02-14 15:00:00,643.3000000000008
2012-02-15 06:00:00,646.1000000000007
2012-02-15 14:00:00,646.5000000000008
2012-02-15 15:00:00,647.4000000000007
2012-02-15 16:00:00,647.3000000000008
2012-02-16 06:00:00,655.8000000000008
2012-02-16 15:00:00,648.7000000000008
2012-02-16 16:00:00,651.5000000000008
2012-02-17 06:00:00,658.5000000000008
2012-02-17 14:00:00,660.5000000000008
2012-02-17 16:00:00,655.1000000000007
2012-02-17 17:00:00,656.8000000000008
2012-02-17 20:00:00,658.8000000000008
2012-02-21 06:00:00,664.4000000000007
2012-02-21 15:00:00,663.3000000000008
2012-02-21 18:00:00,667.5000000000008
2012-02-21 19:00:00,665.6000000000007
2012-02-22 06:00:00,665.8000000000008
2012-02-22 14:00:00,666.2000000000008
2012-02-22 15:00:00,663.7000000000008
2012-02-22 20:00:00,666.4000000000007
2012-02-23 06:00:00,669.1000000000007
2012-02-23 14:00:00,666.3000000000008
2012-02-23 16:00:00,665.8000000000008
2012-02-23 18:00:00,665.8000000000008
2012-02-24 06:00:00,671.8000000000008
2012-02-27 06:00:00,670.0000000000008
2012-02-27 14:00:00,666.4000000000007
2012-02-28 06:00:00,667.1000000000007
2012-02-28 14:00:00,669.9000000000007
2012-02-28 15:00:00,666.9000000000007
2012-02-28 16:00:00,670.9000000000007
2012-02-28 19:00:00,665.6000000000007
2012-02-28 20:00:00,665.0000000000008
2012-02-29 06:00:00,658.9000000000007
2012-02-29 14:00:00,670.9000000000007
2012-03-01 06:00:00,666.2000000000008
2012-03-01 15:00:00,665.8000000000008
2012-03-01 16:00:00,664.1000000000007
2012-03-01 18:00:00,667.2000000000008
2012-03-01 19:00:00,666.6000000000007
2012-03-01 20:00:00,665.3000000000008
2012-03-02 06:00:00,657.4000000000007
2012-03-02 15:00:00,661.5000000000008
2012-03-05 06:00:00,652.8000000000008
2012-03-05 16:00:00,646.6000000000007
2012-03-06 06:00:00,640.0000000000008
2012-03-06 14:00:00,640.1000000000007
2012-03-06 20:00:00,640.0000000000008
2012-03-07 06:00:00,647.0000000000008
2012-03-07 15:00:00,642.2000000000008
2012-03-07 16:00:00,647.3000000000008
2012-03-08 06:00:00,652.1000000000007
2012-03-08 14:00:00,650.8000000000008
2012-03-08 15:00:00,650.8000000000008
2012-03-08 16:00:00,650.8000000000008
2012-03-08 17:00:00,650.8000000000008
2012-03-08 18:00:00,650.8000000000008
2012-03-09 06:00:00,652.1000000000007
2012-03-09 14:00:00,652.1000000000007
2012-03-09 15:00:00,652.1000000000007
2012-03-12 05:00:00,648.4000000000007
2012-03-12 13:00:00,648.3000000000008
2012-03-12 14:00:00,647.2000000000006
2012-03-12 15:00:00,647.9000000000007
2012-03-12 16:00:00,645.9000000000007
2012-03-12 19:00:00,647.7000000000006
2012-03-13 05:00:00,656.6000000000007
2012-03-13 13:00:00,645.6000000000007
2012-03-13 15:00:00,652.3000000000008
2012-03-13 19:00:00,656.0000000000006
2012-03-14 05:00:00,650.2000000000006
2012-03-14 13:00:00,656.5000000000006
2012-03-14 17:00:00,653.8000000000008
2012-03-15 05:00:00,650.5000000000006
2012-03-15 14:00:00,653.7000000000006
2012-03-15 15:00:00,646.4000000000007
2012-03-15 17:00:00,650.5000000000006
2012-03-16 05:00:00,660.1000000000007
2012-03-16 13:00:00,657.6000000000007
2012-03-19 05:00:00,666.2000000000006
2012-03-20 05:00:00,652.7000000000006
2012-03-20 13:00:00,655.4000000000007
2012-03-20 17:00:00,653.0000000000006
2012-03-20 19:00:00,652.7000000000006
2012-03-21 05:00:00,644.9000000000007
2012-03-21 13:00:00,647.1000000000007
2012-03-21 14:00:00,645.5000000000006
2012-03-21 15:00:00,645.2000000000006
2012-03-21 18:00:00,643.7000000000006
2012-03-21 19:00:00,644.9000000000007
2012-03-22 05:00:00,627.1000000000007
2012-03-22 14:00:00,631.4000000000007
2012-03-22 16:00:00,628.1000000000007
2012-03-22 17:00:00,627.5000000000006
2012-03-22 18:00:00,626.4000000000007
2012-03-22 19:00:00,625.3000000000008
2012-03-23 05:00:00,635.8000000000008
2012-03-23 13:00:00,626.5000000000006
2012-03-23 14:00:00,634.6000000000007
2012-03-23 15:00:00,635.8000000000008
2012-03-26 05:00:00,640.6000000000007
2012-03-26 13:00:00,639.9000000000007
2012-03-26 15:00:00,639.5000000000006
2012-03-27 05:00:00,634.3000000000008
2012-03-27 13:00:00,638.8000000000008
2012-03-27 15:00:00,635.8000000000008
2012-03-27 18:00:00,636.7000000000006
2012-03-27 19:00:00,635.5000000000006
2012-03-28 05:00:00,625.3000000000008
2012-03-28 13:00:00,628.2000000000006
2012-03-29 05:00:00,624.3000000000008
2012-03-29 13:00:00,621.6000000000007
2012-03-29 14:00:00,619.4000000000007
2012-03-29 19:00:00,624.1000000000007
2012-03-29 20:00:00,623.9000000000007
2012-03-30 05:00:00,630.5000000000006
2012-03-30 13:00:00,628.6000000000007
2012-03-30 14:00:00,624.1000000000007
2012-03-30 15:00:00,627.9000000000007
2012-04-02 05:00:00,637.1000000000007
2012-04-02 13:00:00,631.2000000000006
2012-04-02 14:00:00,635.1000000000007
2012-04-02 15:00:00,637.0000000000006
2012-04-03 05:00:00,630.9000000000007
2012-04-03 13:00:00,636.0000000000006
2012-04-03 14:00:00,632.7000000000006
2012-04-03 17:00:00,630.2000000000006
2012-04-03 19:00:00,630.9000000000007
2012-04-04 05:00:00,622.0000000000006
2012-04-04 13:00:00,623.7000000000006
2012-04-04 14:00:00,619.7000000000006
2012-04-04 16:00:00,621.2000000000006
2012-04-04 18:00:00,619.3000000000008
2012-04-04 19:00:00,622.6000000000007
2012-04-05 05:00:00,617.9000000000007
2012-04-05 13:00:00,617.8000000000008
2012-04-05 14:00:00,625.8000000000008
2012-04-05 17:00:00,617.3000000000008
2012-04-05 18:00:00,617.4000000000007
2012-04-05 19:00:00,617.9000000000007
2012-04-06 05:00:00,617.9000000000007
2012-04-09 05:00:00,608.9000000000007
2012-04-09 13:00:00,607.4000000000007
2012-04-09 14:00:00,610.9000000000007
2012-04-09 19:00:00,609.8000000000008
2012-04-10 05:00:00,595.1000000000007
2012-04-10 14:00:00,604.0000000000006
2012-04-10 15:00:00,599.3000000000008
2012-04-10 16:00:00,596.6000000000007
2012-04-11 05:00:00,594.8000000000008
2012-04-11 13:00:00,598.9000000000007
2012-04-11 14:00:00,600.6000000000007
2012-04-11 15:00:00,598.9000000000007
2012-04-11 16:00:00,598.0000000000006
2012-04-11 18:00:00,597.1000000000007
2012-04-11 19:00:00,595.5000000000006
2012-04-12 05:00:00,610.5000000000006
2012-04-12 13:00:00,596.2000000000006
2012-04-12 14:00:00,605.6000000000007
2012-04-12 15:00:00,607.0000000000006
2012-04-12 16:00:00,607.5000000000006
2012-04-13 05:00:00,599.4000000000007
2012-04-13 13:00:00,606.2000000000006
2012-04-13 15:00:00,601.8000000000008
2012-04-16 05:00:00,594.4000000000007
2012-04-16 13:00:00,601.7000000000006
2012-04-16 15:00:00,593.4000000000007
2012-04-17 05:00:00,606.8000000000008
2012-04-17 13:00:00,602.6000000000007
2012-04-17 14:00:00,606.2000000000006
2012-04-17 15:00:00,607.8000000000008
2012-04-17 16:00:00,609.1000000000007
2012-04-18 05:00:00,605.1000000000007
2012-04-18 13:00:00,606.9000000000007
2012-04-18 14:00:00,604.4000000000007
2012-04-18 15:00:00,604.3000000000008
2012-04-18 17:00:00,602.8000000000008
2012-04-18 19:00:00,607.0000000000006
2012-04-19 05:00:00,603.5000000000006
2012-04-19 13:00:00,608.3000000000008
2012-04-19 14:00:00,609.9000000000007
2012-04-19 15:00:00,608.2000000000006
2012-04-19 16:00:00,606.1000000000007
2012-04-19 17:00:00,606.4000000000007
2012-04-19 19:00:00,601.8000000000008
2012-04-20 05:00:00,602.3000000000008
2012-04-20 13:00:00,609.0000000000006
2012-04-20 15:00:00,605.7000000000006
2012-04-20 16:00:00,606.5000000000006
2012-04-20 19:00:00,602.4000000000007
2012-04-23 05:00:00,601.6000000000007
2012-04-23 14:00:00,592.3000000000008
2012-04-23 15:00:00,601.1000000000007
2012-04-23 17:00:00,601.6000000000007
2012-04-23 18:00:00,602.3000000000008
2012-04-24 05:00:00,606.8000000000008
2012-04-24 14:00:00,603.6000000000007
2012-04-24 15:00:00,607.4000000000007
2012-04-24 17:00:00,607.6000000000007
2012-04-25 05:00:00,613.4000000000007
2012-04-25 13:00:00,610.9000000000007
2012-04-25 14:00:00,610.5000000000006
2012-04-25 15:00:00,607.2000000000006
2012-04-25 16:00:00,607.5000000000006
2012-04-25 17:00:00,610.5000000000006
2012-04-26 05:00:00,620.0000000000006
2012-04-26 13:00:00,612.2000000000006
2012-04-26 15:00:00,617.5000000000006
2012-04-26 16:00:00,615.3000000000008
2012-04-26 17:00:00,617.9000000000007
2012-04-27 05:00:00,620.3000000000008
2012-04-27 13:00:00,620.4000000000007
2012-04-27 14:00:00,618.4000000000007
2012-04-27 15:00:00,617.2000000000006
2012-04-27 16:00:00,618.2000000000006
2012-04-27 17:00:00,620.3000000000008
2012-04-30 05:00:00,624.8000000000008
2012-04-30 13:00:00,619.5000000000006
2012-04-30 15:00:00,619.4000000000007
2012-04-30 19:00:00,622.9000000000007
2012-05-01 05:00:00,636.0000000000006
2012-05-01 13:00:00,627.2000000000006
2012-05-01 14:00:00,632.9000000000007
2012-05-01 15:00:00,638.4000000000007
2012-05-01 18:00:00,638.8000000000008
2012-05-01 19:00:00,637.3000000000008
2012-05-02 05:00:00,622.9000000000007
2012-05-02 13:00:00,626.2000000000006
2012-05-02 14:00:00,623.6000000000007
2012-05-02 15:00:00,622.1000000000007
2012-05-03 05:00:00,611.6000000000007
2012-05-03 13:00:00,621.2000000000006
2012-05-03 14:00:00,619.0000000000006
2012-05-03 15:00:00,615.2000000000006
2012-05-03 19:00:00,612.2000000000006
2012-05-04 05:00:00,595.3000000000008
2012-05-04 15:00:00,594.2000000000006
2012-05-04 17:00:00,595.9000000000007
2012-05-04 18:00:00,593.7000000000006
2012-05-04 19:00:00,596.3000000000008
2012-05-07 05:00:00,592.8000000000008
2012-05-07 13:00:00,589.6000000000007
2012-05-07 14:00:00,592.5000000000006
2012-05-07 15:00:00,590.3000000000008
2012-05-08 05:00:00,590.8000000000008
2012-05-08 15:00:00,581.7000000000006
2012-05-08 16:00:00,581.0000000000006
2012-05-09 05:00:00,587.3000000000008
2012-05-09 13:00:00,578.0000000000006
2012-05-09 15:00:00,588.3000000000008
2012-05-09 17:00:00,590.3000000000008
2012-05-09 19:00:00,588.1000000000007
2012-05-10 05:00:00,591.2000000000006
2012-05-10 14:00:00,593.9000000000007
2012-05-10 15:00:00,592.4000000000007
2012-05-11 05:00:00,585.4000000000007
2012-05-11 15:00:00,594.3000000000008
2012-05-11 17:00:00,590.6000000000007
2012-05-14 05:00:00,574.6000000000007
2012-05-14 13:00:00,574.7000000000006
2012-05-14 15:00:00,576.0000000000006
2012-05-14 16:00:00,576.7000000000006
2012-05-15 05:00:00,563.5000000000006
2012-05-15 14:00:00,573.4000000000007
2012-05-15 15:00:00,570.8000000000008
2012-05-15 16:00:00,570.8000000000008
2012-05-16 05:00:00,560.9000000000007
2012-05-16 13:00:00,571.1000000000007
2012-05-16 14:00:00,569.5000000000006
2012-05-16 15:00:00,570.8000000000008
2012-05-16 18:00:00,561.6000000000007
2012-05-17 05:00:00,556.0000000000006
2012-05-17 13:00:00,558.9000000000007
2012-05-17 14:00:00,563.2000000000006
2012-05-17 15:00:00,561.6000000000007
2012-05-17 16:00:00,557.4000000000007
2012-05-18 05:00:00,551.2000000000006
2012-05-18 13:00:00,560.1000000000007
2012-05-18 14:00:00,562.6000000000007
2012-05-18 15:00:00,557.6000000000007
2012-05-18 19:00:00,551.2000000000006
2012-05-21 05:00:00,566.2000000000006
2012-05-21 13:00:00,556.4000000000007
2012-05-21 14:00:00,556.4000000000007
2012-05-21 15:00:00,561.8000000000008
2012-05-21 16:00:00,561.2000000000006
2012-05-21 17:00:00,562.5000000000006
2012-05-21 18:00:00,563.4000000000007
2012-05-21 19:00:00,565.9000000000007
2012-05-22 05:00:00,564.7000000000006
2012-05-22 13:00:00,567.0000000000006
2012-05-22 15:00:00,569.4000000000007
2012-05-22 16:00:00,567.2000000000006
2012-05-22 17:00:00,565.4000000000007
2012-05-22 18:00:00,567.2000000000006
2012-05-22 19:00:00,564.7000000000006
2012-05-22 20:00:00,564.7000000000006
2012-05-23 05:00:00,567.0000000000006
2012-05-23 13:00:00,555.7000000000006
2012-05-23 15:00:00,552.1000000000007
2012-05-23 19:00:00,567.0000000000006
2012-05-24 05:00:00,565.9000000000007
2012-05-24 13:00:00,563.3000000000008
2012-05-24 14:00:00,566.7000000000006
2012-05-24 15:00:00,565.5000000000006
2012-05-24 16:00:00,563.2000000000006
2012-05-24 18:00:00,560.3000000000008
2012-05-24 19:00:00,565.6000000000007
2012-05-25 05:00:00,564.4000000000007
2012-05-25 13:00:00,568.3000000000008
2012-05-29 05:00:00,574.0000000000006
2012-05-29 13:00:00,573.3000000000008
2012-05-29 14:00:00,578.5000000000006
2012-05-29 15:00:00,571.9000000000007
2012-05-29 16:00:00,571.4000000000007
2012-05-29 17:00:00,571.0000000000006
2012-05-30 05:00:00,553.8000000000008
2012-05-30 13:00:00,558.9000000000007
2012-05-30 15:00:00,555.2000000000006
2012-05-30 16:00:00,552.7000000000006
2012-05-30 17:00:00,552.1000000000007
2012-05-30 19:00:00,553.8000000000008
2012-05-31 05:00:00,548.2000000000006
2012-05-31 13:00:00,552.7000000000006
2012-05-31 14:00:00,539.4000000000007
2012-05-31 15:00:00,540.8000000000008
2012-05-31 16:00:00,548.7000000000006
2012-05-31 19:00:00,549.7000000000006
2012-06-01 05:00:00,532.7000000000006
2012-06-01 14:00:00,536.5000000000006
2012-06-01 15:00:00,535.0000000000006
2012-06-01 16:00:00,534.8000000000008
2012-06-01 17:00:00,537.8000000000008
2012-06-01 19:00:00,533.2000000000006
2012-06-04 05:00:00,531.7000000000006
2012-06-04 13:00:00,531.1000000000007
2012-06-04 14:00:00,527.9000000000007
2012-06-04 15:00:00,526.5000000000006
2012-06-04 16:00:00,524.2000000000006
2012-06-04 17:00:00,527.2000000000006
2012-06-04 18:00:00,532.9000000000007
2012-06-04 19:00:00,529.6000000000007
2012-06-05 05:00:00,536.8000000000008
2012-06-05 13:00:00,534.4000000000007
2012-06-05 14:00:00,537.5000000000006
2012-06-05 15:00:00,532.3000000000008
2012-06-05 16:00:00,532.2000000000006
2012-06-05 17:00:00,533.5000000000006
2012-06-06 05:00:00,556.8000000000008
2012-06-06 13:00:00,549.3000000000008
2012-06-06 14:00:00,549.4000000000007
2012-06-06 15:00:00,554.3000000000008
2012-06-06 16:00:00,556.1000000000007
2012-06-06 17:00:00,552.1000000000007
2012-06-06 19:00:00,552.4000000000007
2012-06-07 05:00:00,557.0000000000006
2012-06-07 13:00:00,568.9000000000007
2012-06-07 14:00:00,558.8000000000008
2012-06-07 15:00:00,558.8000000000008
2012-06-07 17:00:00,558.8000000000008
2012-06-07 19:00:00,555.5000000000006
2012-06-08 05:00:00,556.6000000000007
2012-06-08 13:00:00,549.7000000000006
2012-06-08 14:00:00,548.3000000000008
2012-06-08 15:00:00,551.2000000000006
2012-06-08 16:00:00,554.2000000000006
2012-06-11 05:00:00,548.5000000000006
2012-06-11 13:00:00,560.7000000000006
2012-06-11 15:00:00,553.5000000000006
2012-06-11 16:00:00,556.4000000000007
2012-06-11 17:00:00,557.2000000000006
2012-06-11 18:00:00,553.9000000000007
2012-06-11 19:00:00,548.0000000000006
2012-06-12 05:00:00,556.7000000000006
2012-06-12 13:00:00,555.5000000000006
2012-06-12 14:00:00,550.3000000000005
2012-06-12 15:00:00,554.9000000000007
2012-06-12 16:00:00,554.4000000000007
2012-06-12 17:00:00,552.9000000000007
2012-06-12 19:00:00,556.8000000000005
2012-06-13 05:00:00,548.8000000000005
2012-06-13 13:00:00,552.6000000000005
2012-06-13 14:00:00,559.8000000000005
2012-06-13 15:00:00,553.9000000000007
2012-06-14 05:00:00,559.2000000000006
2012-06-14 13:00:00,551.9000000000007
2012-06-14 14:00:00,556.8000000000005
2012-06-14 15:00:00,556.4000000000007
2012-06-14 18:00:00,554.5000000000006
2012-06-14 19:00:00,555.9000000000007
2012-06-14 20:00:00,559.8000000000005
2012-06-15 05:00:00,570.1000000000005
2012-06-15 13:00:00,562.6000000000005
2012-06-15 14:00:00,565.4000000000007
2012-06-15 15:00:00,564.5000000000006
2012-06-18 05:00:00,565.1000000000005
2012-06-18 13:00:00,564.2000000000006
2012-06-18 14:00:00,567.0000000000006
2012-06-18 15:00:00,564.2000000000006
2012-06-19 05:00:00,574.7000000000006
2012-06-19 13:00:00,569.7000000000006
2012-06-19 14:00:00,573.1000000000005
2012-06-19 15:00:00,572.7000000000006
2012-06-19 18:00:00,574.1000000000005
2012-06-20 05:00:00,571.3000000000005
2012-06-20 13:00:00,577.9000000000007
2012-06-20 14:00:00,573.7000000000006
2012-06-20 15:00:00,574.1000000000005
2012-06-20 16:00:00,572.7000000000006
2012-06-20 17:00:00,571.6000000000005
2012-06-20 18:00:00,569.2000000000006
2012-06-20 19:00:00,568.0000000000006
2012-06-21 05:00:00,544.7000000000006
2012-06-21 13:00:00,571.6000000000005
2012-06-21 14:00:00,564.9000000000007
2012-06-21 15:00:00,557.7000000000006
2012-06-21 16:00:00,552.3000000000005
2012-06-21 17:00:00,550.1000000000005
2012-06-21 18:00:00,548.0000000000006
2012-06-21 19:00:00,544.3000000000005
2012-06-22 05:00:00,549.8000000000005
2012-06-22 13:00:00,547.0000000000006
2012-06-22 14:00:00,543.1000000000005
2012-06-22 15:00:00,545.5000000000006
2012-06-22 16:00:00,545.8000000000005
2012-06-22 17:00:00,549.3000000000005
2012-06-22 19:00:00,549.8000000000005
2012-06-22 20:00:00,549.1000000000005
2012-06-25 05:00:00,535.0000000000006
2012-06-25 13:00:00,534.3000000000005
2012-06-25 14:00:00,532.0000000000006
2012-06-25 15:00:00,531.1000000000005
2012-06-25 17:00:00,530.5000000000006
2012-06-25 18:00:00,532.7000000000006
2012-06-26 05:00:00,542.2000000000006
2012-06-26 13:00:00,537.2000000000006
2012-06-26 14:00:00,534.9000000000007
2012-06-26 15:00:00,533.4000000000007
2012-06-26 18:00:00,543.6000000000005
2012-06-27 05:00:00,555.0000000000006
2012-06-27 13:00:00,547.5000000000006
2012-06-27 14:00:00,547.1000000000005
2012-06-27 15:00:00,554.1000000000005
2012-06-27 16:00:00,555.8000000000005
2012-06-27 19:00:00,554.9000000000007
2012-06-28 05:00:00,560.1000000000005
2012-06-28 13:00:00,553.0000000000006
2012-06-28 14:00:00,557.9000000000007
2012-06-28 15:00:00,554.9000000000007
2012-06-28 16:00:00,553.9000000000007
2012-06-28 19:00:00,560.1000000000005
2012-06-29 05:00:00,579.5000000000006
2012-06-29 13:00:00,573.4000000000007
2012-06-29 14:00:00,575.3000000000005
2012-06-29 15:00:00,573.0000000000006
2012-06-29 16:00:00,572.2000000000006
2012-06-29 18:00:00,575.0000000000006
2012-06-29 19:00:00,578.7000000000006
2012-07-02 05:00:00,578.9000000000007
2012-07-02 13:00:00,581.0000000000006
2012-07-02 14:00:00,576.9000000000007
2012-07-02 15:00:00,575.1000000000005
2012-07-02 16:00:00,576.8000000000005
2012-07-02 18:00:00,576.7000000000006
2012-07-03 05:00:00,595.2000000000006
2012-07-03 13:00:00,590.5000000000006
2012-07-03 14:00:00,590.5000000000006
2012-07-03 15:00:00,594.4000000000007
2012-07-03 16:00:00,595.2000000000006
2012-07-05 05:00:00,585.8000000000005
2012-07-05 15:00:00,589.7000000000006
2012-07-05 17:00:00,587.8000000000005
2012-07-05 19:00:00,585.8000000000005
2012-07-06 05:00:00,578.4000000000007
2012-07-06 13:00:00,575.7000000000006
2012-07-06 14:00:00,578.6000000000005
2012-07-06 15:00:00,577.1000000000005
2012-07-06 19:00:00,578.9000000000007
2012-07-09 05:00:00,575.1000000000005
2012-07-09 13:00:00,571.9000000000007
2012-07-09 15:00:00,573.3000000000005
2012-07-09 16:00:00,574.2000000000006
2012-07-10 05:00:00,563.9000000000007
2012-07-10 13:00:00,575.4000000000007
2012-07-10 14:00:00,573.2000000000006
2012-07-10 15:00:00,570.3000000000005
2012-07-10 16:00:00,571.3000000000005
2012-07-10 17:00:00,568.4000000000007
2012-07-10 18:00:00,564.0000000000006
2012-07-10 19:00:00,562.1000000000005
2012-07-11 05:00:00,573.4000000000007
2012-07-11 13:00:00,572.5000000000006
2012-07-11 14:00:00,569.6000000000005
2012-07-11 15:00:00,572.6000000000005
2012-07-11 16:00:00,573.8000000000005
2012-07-11 18:00:00,572.9000000000007
2012-07-12 05:00:00,570.9000000000007
2012-07-12 14:00:00,565.1000000000005
2012-07-12 15:00:00,567.3000000000005
2012-07-12 17:00:00,571.7000000000006
2012-07-12 18:00:00,571.0000000000006
2012-07-12 19:00:00,570.9000000000007
2012-07-13 05:00:00,582.2000000000006
2012-07-13 13:00:00,577.7000000000006
2012-07-13 14:00:00,578.8000000000005
2012-07-13 15:00:00,578.7000000000006
2012-07-13 18:00:00,580.4000000000007
2012-07-16 05:00:00,585.1000000000005
2012-07-16 13:00:00,579.3000000000005
2012-07-16 14:00:00,577.3000000000005
2012-07-16 15:00:00,582.9000000000007
2012-07-16 16:00:00,583.2000000000006
2012-07-16 18:00:00,586.6000000000005
2012-07-16 19:00:00,584.9000000000007
2012-07-17 05:00:00,593.1000000000005
2012-07-17 13:00:00,586.7000000000006
2012-07-17 14:00:00,584.3000000000005
2012-07-17 15:00:00,585.9000000000007
2012-07-17 16:00:00,588.0000000000006
2012-07-17 17:00:00,591.5000000000006
2012-07-17 18:00:00,592.0000000000006
2012-07-17 19:00:00,592.4000000000007
2012-07-18 05:00:00,599.2000000000006
2012-07-18 13:00:00,593.2000000000006
2012-07-18 14:00:00,597.3000000000005
2012-07-18 15:00:00,598.7000000000006
2012-07-18 16:00:00,599.5000000000006
2012-07-18 18:00:00,596.7000000000006
2012-07-18 19:00:00,599.2000000000006
2012-07-19 05:00:00,601.3000000000005
2012-07-19 13:00:00,600.1000000000005
2012-07-19 14:00:00,600.8000000000005
2012-07-19 15:00:00,600.9000000000007
2012-07-19 16:00:00,601.9000000000007
2012-07-19 18:00:00,601.7000000000006
2012-07-19 19:00:00,600.6000000000005
2012-07-20 05:00:00,602.9000000000007
2012-07-20 13:00:00,599.1000000000005
2012-07-20 14:00:00,599.8000000000005
2012-07-20 15:00:00,601.3000000000005
2012-07-20 16:00:00,599.8000000000005
2012-07-20 18:00:00,601.2000000000006
2012-07-23 05:00:00,595.9000000000007
2012-07-23 14:00:00,591.1000000000005
2012-07-23 15:00:00,592.3000000000005
2012-07-23 16:00:00,592.5000000000006
2012-07-23 17:00:00,592.9000000000007
2012-07-23 18:00:00,593.7000000000006
2012-07-23 19:00:00,595.9000000000007
2012-07-24 05:00:00,585.8000000000005
2012-07-24 13:00:00,594.2000000000006
2012-07-24 14:00:00,588.7000000000006
2012-07-24 15:00:00,588.4000000000007
2012-07-25 05:00:00,585.9000000000007
2012-07-25 13:00:00,585.6000000000005
2012-07-25 14:00:00,582.6000000000005
2012-07-25 15:00:00,580.9000000000007
2012-07-25 16:00:00,581.3000000000005
2012-07-25 17:00:00,586.2000000000006
2012-07-25 19:00:00,585.4000000000007
2012-07-26 05:00:00,605.7000000000006
2012-07-26 13:00:00,596.3000000000005
2012-07-26 14:00:00,599.9000000000007
2012-07-26 15:00:00,598.4000000000007
2012-07-26 16:00:00,597.8000000000005
2012-07-26 18:00:00,603.1000000000005
2012-07-26 19:00:00,606.8000000000005
2012-07-27 05:00:00,617.6000000000005
2012-07-27 14:00:00,607.0000000000006
2012-07-27 15:00:00,608.8000000000005
2012-07-27 16:00:00,609.2000000000006
2012-07-27 18:00:00,618.2000000000006
2012-07-30 05:00:00,619.2000000000006
2012-07-30 13:00:00,618.7000000000006
2012-07-30 14:00:00,617.3000000000005
2012-07-30 15:00:00,614.7000000000006
2012-07-30 16:00:00,615.5000000000006
2012-07-31 05:00:00,611.0000000000006
2012-07-31 14:00:00,617.7000000000006
2012-07-31 15:00:00,615.6000000000005
2012-07-31 16:00:00,612.5000000000006
2012-07-31 17:00:00,612.2000000000006
2012-07-31 18:00:00,613.0000000000006
2012-08-01 05:00:00,615.3000000000005
2012-08-01 13:00:00,607.3000000000005
2012-08-01 14:00:00,609.4000000000007
2012-08-01 18:00:00,613.9000000000007
2012-08-01 19:00:00,617.1000000000005
2012-08-02 05:00:00,603.7000000000006
2012-08-02 13:00:00,606.0000000000006
2012-08-02 14:00:00,606.9000000000007
2012-08-02 19:00:00,603.7000000000006
2012-08-03 05:00:00,619.9000000000007
2012-08-03 14:00:00,618.3000000000005
2012-08-03 15:00:00,622.6000000000005
2012-08-03 19:00:00,619.9000000000007
2012-08-06 05:00:00,621.5000000000006
2012-08-06 14:00:00,623.4000000000007
2012-08-06 15:00:00,622.2000000000006
2012-08-07 05:00:00,632.1000000000005
2012-08-07 13:00:00,632.2000000000006
2012-08-07 14:00:00,632.8000000000005
2012-08-07 16:00:00,634.4000000000007
2012-08-07 20:00:00,631.5000000000006
2012-08-08 05:00:00,633.3000000000005
2012-08-08 13:00:00,630.0000000000006
2012-08-08 14:00:00,631.0000000000006
2012-08-08 16:00:00,633.0000000000006
2012-08-08 19:00:00,633.3000000000005
2012-08-09 05:00:00,637.1000000000005
2012-08-09 13:00:00,633.9000000000007
2012-08-09 14:00:00,636.3000000000005
2012-08-09 15:00:00,635.0000000000006
2012-08-09 16:00:00,636.6000000000005
2012-08-10 05:00:00,638.9000000000007
2012-08-10 13:00:00,629.4000000000007
2012-08-10 14:00:00,630.5000000000006
2012-08-10 15:00:00,635.0000000000006
2012-08-10 19:00:00,637.0000000000006
2012-08-13 05:00:00,635.8000000000005
2012-08-13 14:00:00,634.3000000000005
2012-08-13 16:00:00,633.6000000000005
2012-08-13 18:00:00,635.1000000000005
2012-08-14 05:00:00,635.1000000000005
2012-08-14 13:00:00,638.5000000000006
2012-08-14 15:00:00,635.7000000000006
2012-08-14 19:00:00,635.1000000000005
2012-08-15 05:00:00,634.0000000000006
2012-08-15 13:00:00,635.4000000000007
2012-08-15 14:00:00,634.6000000000005
2012-08-15 15:00:00,633.0000000000006
2012-08-16 05:00:00,641.4000000000007
2012-08-16 13:00:00,636.9000000000007
2012-08-16 15:00:00,637.3000000000005
2012-08-17 05:00:00,640.6000000000005
2012-08-17 13:00:00,642.2000000000006
2012-08-17 14:00:00,640.8000000000005
2012-08-17 19:00:00,640.7000000000006
2012-08-17 20:00:00,640.8000000000005
2012-08-20 05:00:00,638.5000000000006
2012-08-20 13:00:00,640.7000000000006
2012-08-20 14:00:00,636.9000000000007
2012-08-21 05:00:00,636.2000000000006
2012-08-21 14:00:00,642.0000000000006
2012-08-21 15:00:00,644.1000000000005
2012-08-21 18:00:00,639.1000000000005
2012-08-21 19:00:00,635.6000000000005
2012-08-22 05:00:00,638.2000000000006
2012-08-22 13:00:00,634.8000000000005
2012-08-22 14:00:00,634.2000000000006
2012-08-22 15:00:00,633.7000000000006
2012-08-23 05:00:00,631.0000000000006
2012-08-23 14:00:00,634.4000000000007
2012-08-23 15:00:00,633.6000000000005
2012-08-24 05:00:00,634.8000000000005
2012-08-24 14:00:00,629.5000000000006
2012-08-27 05:00:00,635.2000000000006
2012-08-27 13:00:00,633.7000000000006
2012-08-27 15:00:00,637.8000000000005
2012-08-28 05:00:00,635.5000000000006
2012-08-28 14:00:00,635.8000000000005
2012-08-28 15:00:00,633.8000000000005
2012-08-29 05:00:00,631.6000000000005
2012-08-29 15:00:00,631.1000000000005
2012-08-29 19:00:00,632.1000000000005
2012-08-30 05:00:00,623.6000000000005
2012-08-30 15:00:00,622.4000000000007
2012-08-30 19:00:00,623.9000000000007
2012-08-31 05:00:00,629.9000000000007
2012-08-31 14:00:00,625.4000000000007
2012-08-31 15:00:00,632.7000000000006
2012-08-31 16:00:00,629.9000000000007
2012-09-04 05:00:00,624.4000000000007
2012-09-04 13:00:00,626.8000000000005
2012-09-04 14:00:00,623.3000000000005
2012-09-05 05:00:00,622.6000000000005
2012-09-05 13:00:00,626.2000000000006
2012-09-05 15:00:00,624.4000000000007
2012-09-06 05:00:00,637.1000000000005
2012-09-06 13:00:00,630.0000000000006
2012-09-06 15:00:00,638.7000000000006
2012-09-06 18:00:00,637.8000000000005
2012-09-07 05:00:00,649.7000000000006
2012-09-07 14:00:00,646.2000000000006
2012-09-07 15:00:00,646.8000000000005
2012-09-07 19:00:00,649.7000000000006
2012-09-10 05:00:00,646.8000000000005
2012-09-10 13:00:00,651.6000000000005
2012-09-10 15:00:00,651.4000000000007
2012-09-10 18:00:00,650.8000000000005
2012-09-11 05:00:00,655.0000000000006
2012-09-12 05:00:00,658.4000000000007
2012-09-13 05:00:00,671.4000000000007
2012-09-14 05:00:00,681.6000000000005
2012-09-14 13:00:00,685.8000000000005
2012-09-14 14:00:00,686.8000000000005
2012-09-14 15:00:00,683.6000000000005
2012-09-17 05:00:00,675.4000000000007
2012-09-17 13:00:00,678.7000000000006
2012-09-17 14:00:00,679.4000000000007
2012-09-17 15:00:00,682.1000000000005
2012-09-17 16:00:00,681.7000000000006
2012-09-17 18:00:00,674.5000000000006
2012-09-17 19:00:00,674.3000000000005
2012-09-18 05:00:00,668.4000000000007
2012-09-18 13:00:00,671.2000000000006
2012-09-18 15:00:00,669.3000000000005
2012-09-18 16:00:00,667.7000000000006
2012-09-18 17:00:00,663.8000000000005
2012-09-18 18:00:00,665.9000000000007
2012-09-18 19:00:00,667.9000000000007
2012-09-19 05:00:00,662.2000000000006
2012-09-19 13:00:00,664.0000000000006
2012-09-19 14:00:00,664.6000000000005
2012-09-19 15:00:00,666.2000000000006
2012-09-19 17:00:00,662.3000000000005
2012-09-19 19:00:00,662.6000000000005
2012-09-20 05:00:00,663.8000000000005
2012-09-20 13:00:00,653.9000000000007
2012-09-20 14:00:00,660.4000000000007
2012-09-20 15:00:00,662.6000000000005
2012-09-20 16:00:00,663.9000000000007
2012-09-20 17:00:00,663.1000000000005
2012-09-20 18:00:00,663.9000000000007
2012-09-20 19:00:00,663.7000000000006
2012-09-21 05:00:00,665.6000000000005
2012-09-21 13:00:00,669.3000000000005
2012-09-21 14:00:00,667.7000000000006
2012-09-21 17:00:00,666.6000000000005
2012-09-24 05:00:00,661.0000000000006
2012-09-24 13:00:00,660.9000000000007
2012-09-24 14:00:00,661.6000000000005
2012-09-24 15:00:00,662.4000000000007
2012-09-24 19:00:00,661.0000000000006
2012-09-25 05:00:00,653.3000000000005
2012-09-25 13:00:00,661.7000000000006
2012-09-25 14:00:00,661.0000000000006
2012-09-25 17:00:00,658.3000000000005
2012-09-25 19:00:00,654.8000000000005
2012-09-26 05:00:00,646.4000000000007
2012-09-26 13:00:00,648.5000000000006
2012-09-26 14:00:00,646.8000000000005
2012-09-26 15:00:00,645.7000000000006
2012-09-26 19:00:00,646.6000000000005
2012-09-27 05:00:00,656.6000000000005
2012-09-27 13:00:00,651.8000000000005
2012-09-27 14:00:00,653.2000000000006
2012-09-27 15:00:00,652.1000000000005
2012-09-27 17:00:00,656.0000000000006
2012-09-28 05:00:00,653.0000000000006
2012-09-28 14:00:00,650.3000000000005
2012-09-28 19:00:00,653.1000000000005
2012-10-01 05:00:00,656.5000000000006
2012-10-01 13:00:00,657.7000000000006
2012-10-01 15:00:00,663.2000000000006
2012-10-01 16:00:00,662.0000000000006
2012-10-01 17:00:00,658.7000000000006
2012-10-01 19:00:00,656.3000000000005
2012-10-02 05:00:00,657.3000000000005
2012-10-02 15:00:00,655.4000000000007
2012-10-02 17:00:00,656.3000000000005
2012-10-02 18:00:00,655.3000000000005
2012-10-03 05:00:00,648.4000000000007
2012-10-03 13:00:00,651.0000000000006
2012-10-03 14:00:00,650.3000000000005
2012-10-03 15:00:00,650.5000000000006
2012-10-04 05:00:00,656.2000000000006
2012-10-04 13:00:00,652.3000000000005
2012-10-04 14:00:00,656.6000000000005
2012-10-04 15:00:00,656.7000000000006
2012-10-04 16:00:00,654.4000000000007
2012-10-04 18:00:00,655.9000000000007
2012-10-04 19:00:00,655.4000000000007
2012-10-05 05:00:00,653.9000000000007
2012-10-05 14:00:00,659.7000000000006
2012-10-05 15:00:00,657.4000000000007
2012-10-05 16:00:00,656.8000000000005
2012-10-05 19:00:00,652.6000000000005
2012-10-08 05:00:00,655.3000000000005
2012-10-08 13:00:00,650.3000000000005
2012-10-08 14:00:00,654.0000000000006
2012-10-08 17:00:00,653.2000000000006
2012-10-08 19:00:00,655.4000000000007
2012-10-09 05:00:00,656.3000000000005
2012-10-09 14:00:00,657.7000000000006
2012-10-09 15:00:00,657.3000000000005
2012-10-09 16:00:00,658.6000000000005
2012-10-09 17:00:00,660.0000000000006
2012-10-10 05:00:00,642.0000000000006
2012-10-10 13:00:00,648.1000000000005
2012-10-10 14:00:00,649.4000000000007
2012-10-10 15:00:00,646.2000000000006
2012-10-10 16:00:00,642.7000000000006
2012-10-10 19:00:00,641.2000000000006
2012-10-11 05:00:00,648.3000000000005
2012-10-11 14:00:00,653.2000000000006
2012-10-11 17:00:00,649.0000000000006
2012-10-11 18:00:00,649.6000000000005
2012-10-11 19:00:00,648.9000000000007
2012-10-12 05:00:00,643.8000000000005
2012-10-12 13:00:00,645.5000000000006
2012-10-12 14:00:00,643.6000000000005
2012-10-15 05:00:00,648.1000000000005
2012-10-15 13:00:00,643.3000000000005
2012-10-15 14:00:00,640.7000000000006
2012-10-15 16:00:00,646.3000000000005
2012-10-15 17:00:00,646.3000000000005
2012-10-15 18:00:00,645.2000000000006
2012-10-15 19:00:00,648.4000000000007
2012-10-16 05:00:00,660.2000000000006
2012-10-16 13:00:00,655.5000000000006
2012-10-16 14:00:00,658.4000000000007
2012-10-16 15:00:00,659.9000000000007
2012-10-16 16:00:00,660.7000000000006
2012-10-16 17:00:00,660.7000000000006
2012-10-16 18:00:00,658.0000000000006
2012-10-16 19:00:00,660.2000000000006
2012-10-17 05:00:00,668.4000000000007
2012-10-17 13:00:00,664.0000000000006
2012-10-17 14:00:00,665.1000000000005
2012-10-17 15:00:00,665.8000000000005
2012-10-17 16:00:00,667.4000000000007
2012-10-17 17:00:00,666.1000000000005
2012-10-17 18:00:00,667.6000000000005
2012-10-17 19:00:00,668.4000000000007
2012-10-17 20:00:00,668.7000000000006
2012-10-18 05:00:00,668.7000000000006
2012-10-18 13:00:00,667.0000000000006
2012-10-18 14:00:00,667.2000000000006
2012-10-18 15:00:00,668.5000000000006
2012-10-18 19:00:00,668.7000000000006
2012-10-19 05:00:00,656.8000000000005
2012-10-19 13:00:00,667.7000000000006
2012-10-19 14:00:00,664.9000000000007
2012-10-19 15:00:00,664.6000000000005
2012-10-19 16:00:00,658.5000000000006
2012-10-22 05:00:00,652.5000000000006
2012-10-22 13:00:00,658.0000000000006
2012-10-22 15:00:00,654.6000000000005
2012-10-22 16:00:00,652.3000000000005
2012-10-22 17:00:00,648.7000000000006
2012-10-22 19:00:00,649.8000000000005
2012-10-23 05:00:00,635.9000000000007
2012-10-23 13:00:00,638.1000000000005
2012-10-23 14:00:00,632.2000000000006
2012-10-23 15:00:00,633.3000000000005
2012-10-23 16:00:00,634.7000000000006
2012-10-23 17:00:00,634.7000000000006
2012-10-23 18:00:00,637.8000000000005
2012-10-23 19:00:00,635.9000000000007
2012-10-24 05:00:00,630.6000000000005
2012-10-24 13:00:00,634.0000000000006
2012-10-24 14:00:00,632.3000000000005
2012-10-24 15:00:00,633.0000000000006
2012-10-24 16:00:00,633.9000000000007
2012-10-24 17:00:00,634.9000000000007
2012-10-24 19:00:00,630.6000000000005
2012-10-25 05:00:00,636.6000000000005
2012-10-25 13:00:00,634.5000000000006
2012-10-25 14:00:00,636.7000000000006
2012-10-25 15:00:00,630.4000000000007
2012-10-25 16:00:00,630.6000000000005
2012-10-26 05:00:00,637.8000000000005
2012-10-26 15:00:00,636.0000000000006
2012-10-29 05:00:00,637.8000000000005
2012-10-30 05:00:00,637.8000000000005
2012-10-31 05:00:00,636.5000000000006
2012-10-31 13:00:00,640.9000000000007
2012-10-31 14:00:00,636.6000000000005
2012-10-31 15:00:00,635.3000000000005
2012-10-31 17:00:00,632.7000000000006
2012-10-31 18:00:00,634.3000000000005
2012-10-31 19:00:00,634.6000000000005
2012-11-01 05:00:00,640.9000000000007
2012-11-01 13:00:00,634.2000000000006
2012-11-01 14:00:00,639.1000000000005
2012-11-01 19:00:00,640.6000000000005
2012-11-02 05:00:00,629.0000000000006
2012-11-02 13:00:00,641.4000000000007
2012-11-02 14:00:00,636.3000000000005
2012-11-02 16:00:00,635.1000000000005
2012-11-02 17:00:00,632.4000000000007
2012-11-02 18:00:00,629.2000000000006
2012-11-02 19:00:00,629.1000000000005
2012-11-05 06:00:00,634.6000000000005
2012-11-05 14:00:00,629.4000000000007
2012-11-05 15:00:00,632.1000000000005
2012-11-05 19:00:00,633.9000000000007
2012-11-06 06:00:00,645.7000000000006
2012-11-06 14:00:00,639.4000000000007
2012-11-06 15:00:00,641.7000000000006
2012-11-07 06:00:00,626.2000000000006
2012-11-07 15:00:00,626.5000000000006
2012-11-07 21:00:00,625.0000000000006
2012-11-08 06:00:00,613.9000000000007
2012-11-08 15:00:00,622.2000000000006
2012-11-08 16:00:00,619.1000000000005
2012-11-08 18:00:00,616.9000000000007
2012-11-08 20:00:00,616.1000000000005
2012-11-09 06:00:00,613.9000000000007
2012-11-09 15:00:00,615.8000000000005
2012-11-09 16:00:00,617.5000000000006
2012-11-09 17:00:00,621.2000000000006
2012-11-09 19:00:00,615.5000000000006
2012-11-12 06:00:00,615.1000000000005
2012-11-12 14:00:00,614.8000000000005
2012-11-12 15:00:00,614.0000000000006
2012-11-12 18:00:00,615.1000000000005
2012-11-13 06:00:00,612.2000000000006
2012-11-13 20:00:00,613.9000000000007
2012-11-14 06:00:00,603.5000000000006
2012-11-14 14:00:00,611.2000000000006
2012-11-14 15:00:00,608.0000000000006
2012-11-14 16:00:00,608.5000000000006
2012-11-14 17:00:00,610.8000000000005
2012-11-14 18:00:00,611.1000000000005
2012-11-14 19:00:00,608.5000000000006
2012-11-14 20:00:00,603.5000000000006
2012-11-14 21:00:00,601.9000000000007
2012-11-15 06:00:00,604.8000000000005
2012-11-15 14:00:00,605.6000000000005
2012-11-15 15:00:00,606.8000000000005
2012-11-15 16:00:00,602.3000000000005
2012-11-15 17:00:00,601.9000000000007
2012-11-15 18:00:00,606.3000000000005
2012-11-15 19:00:00,604.7000000000006
2012-11-15 20:00:00,604.9000000000007
2012-11-16 06:00:00,606.6000000000005
2012-11-16 14:00:00,601.0000000000006
2012-11-16 15:00:00,600.0000000000006
2012-11-16 16:00:00,606.3000000000005
2012-11-16 17:00:00,606.1000000000005
2012-11-16 18:00:00,604.2000000000006
2012-11-16 19:00:00,603.0000000000006
2012-11-16 20:00:00,606.3000000000005
2012-11-19 06:00:00,622.7000000000006
2012-11-19 14:00:00,623.3000000000005
2012-11-19 15:00:00,620.7000000000006
2012-11-19 17:00:00,620.7000000000006
2012-11-19 18:00:00,620.5000000000006
2012-11-19 19:00:00,621.4000000000007
2012-11-19 20:00:00,621.9000000000007
2012-11-20 06:00:00,620.4000000000007
2012-11-20 14:00:00,620.5000000000006
2012-11-20 15:00:00,622.2000000000006
2012-11-20 16:00:00,620.9000000000007
2012-11-20 17:00:00,618.1000000000005
2012-11-20 18:00:00,617.0000000000006
2012-11-20 19:00:00,618.0000000000006
2012-11-20 20:00:00,619.4000000000007
2012-11-21 06:00:00,624.3000000000005
2012-11-21 14:00:00,621.7000000000006
2012-11-21 15:00:00,622.9000000000007
2012-11-21 16:00:00,621.3000000000005
2012-11-21 17:00:00,624.6000000000005
2012-11-21 18:00:00,624.6000000000005
2012-11-21 19:00:00,623.2000000000006
2012-11-23 06:00:00,633.7000000000006
2012-11-23 15:00:00,631.1000000000005
2012-11-26 06:00:00,627.1000000000005
2012-11-26 14:00:00,626.6000000000005
2012-11-26 15:00:00,627.2000000000006
2012-11-26 16:00:00,622.5000000000006
2012-11-26 17:00:00,626.1000000000005
2012-11-26 18:00:00,625.9000000000007
2012-11-26 19:00:00,627.2000000000006
2012-11-26 20:00:00,626.6000000000005
2012-11-27 06:00:00,620.8000000000005
2012-11-27 14:00:00,626.4000000000007
2012-11-27 15:00:00,623.0000000000006
2012-11-27 16:00:00,624.8000000000005
2012-11-27 17:00:00,624.2000000000006
2012-11-27 19:00:00,621.1000000000005
2012-11-27 20:00:00,620.0000000000006
2012-11-28 06:00:00,627.8000000000005
2012-11-28 14:00:00,614.3000000000005
2012-11-28 15:00:00,617.3000000000005
2012-11-28 16:00:00,619.9000000000007
2012-11-28 17:00:00,624.7000000000006
2012-11-28 18:00:00,623.5000000000006
2012-11-28 19:00:00,624.2000000000006
2012-11-28 20:00:00,627.7000000000006
2012-11-29 06:00:00,629.6000000000005
2012-11-29 14:00:00,633.1000000000005
2012-11-29 15:00:00,630.9000000000007
2012-11-29 16:00:00,627.9000000000007
2012-11-29 17:00:00,629.3000000000005
2012-11-29 18:00:00,630.8000000000005
2012-11-29 19:00:00,629.9000000000007
2012-11-29 20:00:00,629.2000000000006
2012-11-30 06:00:00,629.1000000000005
2012-11-30 14:00:00,631.3000000000005
2012-11-30 15:00:00,630.3000000000005
2012-11-30 16:00:00,628.4000000000007
2012-11-30 17:00:00,628.2000000000006
2012-11-30 19:00:00,626.9000000000007
2012-11-30 20:00:00,629.8000000000005
2012-12-03 06:00:00,625.2000000000006
2012-12-03 14:00:00,631.9000000000007
2012-12-03 15:00:00,629.5000000000006
2012-12-03 16:00:00,629.3000000000005
2012-12-03 17:00:00,628.0000000000006
2012-12-03 18:00:00,626.2000000000006
2012-12-03 19:00:00,625.5000000000006
2012-12-03 20:00:00,625.8000000000005
2012-12-04 06:00:00,622.4000000000007
2012-12-04 14:00:00,624.6000000000005
2012-12-04 15:00:00,624.0000000000006
2012-12-04 16:00:00,624.4000000000007
2012-12-04 17:00:00,623.8000000000005
2012-12-04 18:00:00,623.5000000000006
2012-12-04 19:00:00,622.7000000000006
2012-12-04 20:00:00,622.4000000000007
2012-12-05 06:00:00,626.3000000000005
2012-12-05 14:00:00,628.3000000000005
2012-12-05 15:00:00,623.4000000000007
2012-12-05 16:00:00,628.8000000000005
2012-12-05 17:00:00,630.1000000000005
2012-12-05 18:00:00,627.6000000000005
2012-12-05 19:00:00,628.4000000000007
2012-12-05 20:00:00,626.3000000000005
2012-12-06 06:00:00,629.0000000000006
2012-12-06 14:00:00,626.7000000000006
2012-12-06 15:00:00,627.6000000000005
2012-12-06 16:00:00,626.6000000000005
2012-12-06 17:00:00,624.6000000000005
2012-12-06 18:00:00,626.9000000000007
2012-12-06 19:00:00,627.7000000000006
2012-12-06 20:00:00,629.0000000000006
2012-12-07 06:00:00,633.2000000000006
2012-12-07 14:00:00,630.5000000000006
2012-12-07 15:00:00,629.8000000000005
2012-12-07 16:00:00,631.4000000000007
2012-12-07 17:00:00,631.8000000000005
2012-12-07 18:00:00,631.1000000000005
2012-12-07 19:00:00,632.2000000000006
2012-12-07 20:00:00,632.6000000000005
2012-12-10 06:00:00,632.8000000000005
2012-12-10 14:00:00,634.8000000000005
2012-12-10 15:00:00,633.6000000000005
2012-12-10 16:00:00,631.9000000000007
2012-12-10 17:00:00,632.6000000000005
2012-12-10 18:00:00,632.3000000000005
2012-12-10 19:00:00,632.4000000000007
2012-12-10 20:00:00,632.8000000000005
2012-12-11 06:00:00,636.8000000000005
2012-12-12 06:00:00,639.4000000000007
2012-12-13 06:00:00,633.0000000000006
2012-12-13 14:00:00,637.5000000000006
2012-12-13 18:00:00,631.7000000000006
2012-12-13 19:00:00,630.6000000000005
2012-12-13 20:00:00,632.9000000000007
2012-12-14 06:00:00,630.1000000000005
2012-12-14 14:00:00,630.8000000000005
2012-12-14 20:00:00,630.1000000000005
2012-12-17 06:00:00,636.4000000000007
2012-12-17 14:00:00,632.9000000000007
2012-12-17 15:00:00,633.7000000000006
2012-12-17 16:00:00,634.4000000000007
2012-12-17 17:00:00,635.8000000000005
2012-12-17 18:00:00,633.6000000000005
2012-12-17 19:00:00,633.5000000000006
2012-12-17 20:00:00,636.4000000000007
2012-12-18 06:00:00,650.3000000000005
2012-12-18 14:00:00,637.4000000000007
2012-12-18 15:00:00,646.8000000000005
2012-12-18 17:00:00,646.6000000000005
2012-12-18 18:00:00,648.2000000000006
2012-12-18 19:00:00,648.3000000000005
2012-12-18 20:00:00,650.3000000000005
2012-12-19 06:00:00,645.6000000000005
2012-12-19 14:00:00,648.6000000000005
2012-12-19 15:00:00,651.5000000000006
2012-12-19 17:00:00,651.4000000000007
2012-12-19 20:00:00,645.6000000000005
2012-12-20 06:00:00,650.3000000000005
2012-12-20 14:00:00,647.6000000000005
2012-12-20 15:00:00,646.3000000000005
2012-12-20 16:00:00,645.5000000000006
2012-12-20 17:00:00,647.0000000000006
2012-12-20 18:00:00,649.1000000000005
2012-12-20 19:00:00,649.8000000000005
2012-12-20 20:00:00,649.3000000000005
2012-12-21 06:00:00,642.1000000000005
2012-12-21 14:00:00,641.1000000000005
2012-12-21 15:00:00,641.4000000000007
2012-12-21 16:00:00,639.2000000000006
2012-12-21 17:00:00,639.2000000000006
2012-12-21 18:00:00,641.9000000000007
2012-12-21 20:00:00,641.9000000000007
2012-12-24 06:00:00,636.9000000000007
2012-12-24 14:00:00,637.6000000000005
2012-12-24 15:00:00,638.6000000000005
2012-12-24 16:00:00,636.6000000000005
2012-12-24 17:00:00,637.1000000000005
2012-12-24 18:00:00,636.6000000000005
2012-12-26 06:00:00,634.1000000000005
2012-12-26 14:00:00,639.2000000000006
2012-12-26 16:00:00,634.2000000000006
2012-12-26 17:00:00,634.0000000000006
2012-12-26 18:00:00,633.3000000000005
2012-12-26 19:00:00,636.3000000000005
2012-12-26 20:00:00,634.5000000000006
2012-12-27 06:00:00,632.4000000000007
2012-12-27 14:00:00,633.1000000000005
2012-12-27 15:00:00,627.8000000000005
2012-12-27 16:00:00,627.9000000000007
2012-12-27 17:00:00,625.7000000000006
2012-12-27 18:00:00,625.8000000000005
2012-12-27 19:00:00,627.6000000000005
2012-12-27 20:00:00,632.4000000000007
2012-12-28 06:00:00,620.4000000000007
2012-12-28 14:00:00,623.5000000000006
2012-12-28 15:00:00,625.3000000000005
2012-12-28 16:00:00,623.7000000000006
2012-12-28 17:00:00,623.9000000000007
2012-12-28 18:00:00,624.0000000000006
2012-12-28 19:00:00,623.2000000000006
2012-12-28 20:00:00,620.7000000000006
2012-12-31 06:00:00,635.3000000000005
2012-12-31 15:00:00,619.4000000000007
2012-12-31 16:00:00,622.4000000000007
2012-12-31 18:00:00,627.4000000000007
2013-01-02 06:00:00,651.5000000000006
2013-01-02 14:00:00,647.2000000000006
2013-01-02 15:00:00,642.8000000000005
2013-01-02 16:00:00,643.1000000000005
2013-01-02 17:00:00,643.0000000000006
2013-01-02 18:00:00,643.0000000000006
2013-01-02 19:00:00,644.2000000000006
2013-01-02 20:00:00,651.3000000000005
2013-01-03 06:00:00,651.3000000000005
2013-01-03 14:00:00,651.1000000000005
2013-01-03 15:00:00,654.1000000000005
2013-01-03 16:00:00,656.3000000000005
2013-01-03 17:00:00,655.3000000000005
2013-01-03 18:00:00,655.9000000000007
2013-01-03 19:00:00,652.4000000000007
2013-01-03 20:00:00,650.2000000000006
2013-01-04 06:00:00,659.7000000000006
2013-01-04 14:00:00,656.8000000000005
2013-01-04 15:00:00,657.2000000000006
2013-01-04 16:00:00,657.2000000000006
2013-01-04 17:00:00,657.9000000000007
2013-01-04 18:00:00,658.3000000000005
2013-01-04 19:00:00,658.4000000000007
2013-01-04 20:00:00,659.7000000000006
2013-01-07 06:00:00,653.6000000000005
2013-01-07 14:00:00,654.0000000000006
2013-01-07 15:00:00,654.5000000000006
2013-01-07 16:00:00,652.6000000000005
2013-01-07 17:00:00,652.4000000000007
2013-01-07 18:00:00,652.5000000000006
2013-01-07 19:00:00,652.7000000000006
2013-01-07 20:00:00,653.6000000000005
2013-01-08 06:00:00,651.7000000000006
2013-01-08 14:00:00,650.3000000000005
2013-01-08 15:00:00,647.4000000000007
2013-01-08 16:00:00,649.6000000000005
2013-01-08 17:00:00,649.8000000000005
2013-01-08 18:00:00,649.7000000000006
2013-01-08 19:00:00,649.3000000000005
2013-01-08 20:00:00,651.7000000000006
2013-01-08 21:00:00,651.4000000000007
2013-01-09 06:00:00,649.6000000000005
2013-01-09 14:00:00,652.9000000000007
2013-01-09 15:00:00,648.6000000000005
2013-01-09 16:00:00,649.4000000000007
2013-01-09 17:00:00,647.8000000000005
2013-01-09 18:00:00,648.3000000000005
2013-01-09 19:00:00,647.7000000000006
2013-01-09 20:00:00,649.3000000000005
2013-01-10 06:00:00,656.9000000000007
2013-01-10 14:00:00,653.6000000000005
2013-01-10 15:00:00,652.2000000000006
2013-01-10 16:00:00,653.5000000000006
2013-01-10 17:00:00,655.0000000000006
2013-01-10 18:00:00,654.1000000000005
2013-01-10 19:00:00,656.3000000000005
2013-01-10 20:00:00,656.9000000000007
2013-01-11 06:00:00,657.7000000000006
2013-01-11 14:00:00,655.7000000000006
2013-01-11 15:00:00,656.6000000000005
2013-01-11 16:00:00,656.1000000000005
2013-01-11 17:00:00,656.3000000000005
2013-01-11 18:00:00,657.1000000000005
2013-01-11 19:00:00,656.4000000000007
2013-01-11 20:00:00,657.6000000000005
2013-01-11 21:00:00,657.7000000000006
2013-01-14 06:00:00,657.6000000000005
2013-01-14 14:00:00,657.1000000000005
2013-01-14 15:00:00,655.7000000000006
2013-01-14 16:00:00,655.2000000000006
2013-01-14 17:00:00,656.0000000000006
2013-01-14 18:00:00,656.1000000000005
2013-01-14 19:00:00,657.2000000000006
2013-01-14 20:00:00,657.0000000000006
2013-01-15 06:00:00,661.2000000000006
2013-01-15 14:00:00,656.2000000000006
2013-01-15 15:00:00,655.5000000000006
2013-01-15 16:00:00,657.8000000000005
2013-01-15 17:00:00,659.6000000000005
2013-01-15 18:00:00,658.6000000000005
2013-01-15 19:00:00,659.4000000000007
2013-01-15 20:00:00,661.2000000000006
2013-01-16 06:00:00,663.7000000000006
2013-01-16 14:00:00,659.5000000000006
2013-01-16 15:00:00,661.2000000000006
2013-01-16 16:00:00,663.1000000000005
2013-01-16 17:00:00,662.9000000000007
2013-01-16 18:00:00,663.3000000000005
2013-01-16 19:00:00,664.1000000000005
2013-01-16 20:00:00,663.5000000000006
2013-01-17 06:00:00,669.2000000000006
2013-01-17 14:00:00,667.2000000000006
2013-01-17 15:00:00,668.4000000000007
2013-01-17 16:00:00,668.4000000000007
2013-01-17 17:00:00,670.6000000000005
2013-01-17 18:00:00,670.7000000000006
2013-01-17 19:00:00,672.9000000000007
2013-01-17 20:00:00,669.8000000000005
2013-01-18 06:00:00,675.9000000000007
2013-01-18 14:00:00,671.0000000000006
2013-01-18 15:00:00,669.5000000000006
2013-01-18 16:00:00,669.7000000000006
2013-01-18 17:00:00,670.9000000000007
2013-01-18 18:00:00,672.1000000000005
2013-01-18 20:00:00,675.9000000000007
2013-01-22 06:00:00,683.6000000000005
2013-01-22 14:00:00,676.3000000000005
2013-01-22 15:00:00,675.2000000000006
2013-01-22 16:00:00,676.6000000000005
2013-01-22 17:00:00,679.6000000000005
2013-01-22 18:00:00,681.2000000000006
2013-01-22 19:00:00,682.9000000000007
2013-01-22 20:00:00,683.6000000000005
2013-01-23 06:00:00,680.7000000000006
2013-01-23 14:00:00,681.0000000000006
2013-01-23 15:00:00,679.4000000000007
2013-01-23 16:00:00,679.9000000000007
2013-01-23 17:00:00,680.3000000000005
2013-01-23 19:00:00,682.9000000000007
2013-01-23 20:00:00,680.2000000000006
2013-01-24 06:00:00,683.7000000000006
2013-01-24 14:00:00,686.7000000000006
2013-01-24 15:00:00,687.1000000000005
2013-01-24 16:00:00,688.4000000000007
2013-01-24 17:00:00,685.0000000000006
2013-01-24 18:00:00,682.1000000000005
2013-01-24 19:00:00,683.8000000000005
2013-01-24 20:00:00,683.7000000000006
2013-01-25 06:00:00,690.6000000000005
2013-01-25 14:00:00,689.5000000000006
2013-01-25 15:00:00,686.6000000000005
2013-01-25 16:00:00,686.9000000000007
2013-01-25 17:00:00,688.4000000000007
2013-01-25 18:00:00,688.5000000000006
2013-01-25 19:00:00,689.0000000000006
2013-01-25 20:00:00,689.5000000000006
2013-01-25 21:00:00,691.0000000000006
2013-01-28 06:00:00,689.1000000000005
2013-01-28 14:00:00,688.2000000000006
2013-01-28 15:00:00,686.4000000000007
2013-01-28 16:00:00,689.7000000000006
2013-01-28 17:00:00,688.3000000000005
2013-01-28 18:00:00,688.8000000000005
2013-01-28 19:00:00,690.2000000000006
2013-01-28 20:00:00,689.5000000000006
2013-01-28 21:00:00,689.1000000000005
2013-01-29 06:00:00,702.2000000000006
2013-01-29 14:00:00,695.9000000000007
2013-01-29 15:00:00,695.7000000000006
2013-01-29 16:00:00,697.4000000000007
2013-01-29 17:00:00,699.1000000000005
2013-01-29 18:00:00,699.4000000000007
2013-01-29 19:00:00,700.1000000000005
2013-01-29 20:00:00,702.2000000000006
2013-01-30 06:00:00,697.2000000000006
2013-01-30 14:00:00,704.2000000000006
2013-01-30 15:00:00,701.2000000000006
2013-01-30 16:00:00,699.3000000000005
2013-01-30 17:00:00,701.5000000000006
2013-01-30 18:00:00,702.3000000000005
2013-01-30 19:00:00,699.2000000000006
2013-01-30 20:00:00,696.8000000000005
2013-01-31 06:00:00,694.5000000000006
2013-01-31 14:00:00,695.6000000000005
2013-01-31 15:00:00,696.0000000000006
2013-01-31 16:00:00,694.3000000000005
2013-01-31 17:00:00,696.2000000000006
2013-01-31 18:00:00,697.7000000000006
2013-01-31 19:00:00,697.9000000000007
2013-01-31 20:00:00,695.1000000000005
2013-02-01 06:00:00,702.6000000000005
2013-02-01 14:00:00,695.9000000000007
2013-02-01 15:00:00,698.0000000000006
2013-02-01 16:00:00,699.7000000000006
2013-02-01 17:00:00,701.3000000000005
2013-02-01 18:00:00,701.8000000000005
2013-02-01 19:00:00,701.1000000000005
2013-02-01 20:00:00,702.6000000000005
2013-02-04 06:00:00,695.1000000000005
2013-02-04 14:00:00,697.1000000000005
2013-02-04 15:00:00,697.3000000000005
2013-02-04 16:00:00,695.7000000000006
2013-02-04 17:00:00,696.1000000000005
2013-02-04 18:00:00,695.4000000000007
2013-02-04 19:00:00,698.0000000000006
2013-02-04 20:00:00,695.0000000000006
2013-02-05 06:00:00,701.7000000000006
2013-02-05 14:00:00,699.3000000000005
2013-02-05 15:00:00,699.8000000000005
2013-02-05 16:00:00,699.8000000000005
2013-02-05 17:00:00,698.8000000000005
2013-02-05 18:00:00,701.2000000000006
2013-02-05 19:00:00,703.4000000000007
2013-02-05 20:00:00,701.8000000000005
2013-02-06 06:00:00,701.9000000000007
2013-02-06 14:00:00,698.5000000000006
2013-02-06 15:00:00,701.2000000000006
2013-02-06 16:00:00,700.5000000000006
2013-02-06 17:00:00,700.8000000000005
2013-02-06 18:00:00,697.3000000000005
2013-02-06 19:00:00,699.7000000000006
2013-02-06 20:00:00,701.9000000000007
2013-02-07 06:00:00,700.3000000000005
2013-02-07 14:00:00,701.9000000000007
2013-02-07 15:00:00,696.3000000000005
2013-02-07 16:00:00,695.7000000000006
2013-02-07 17:00:00,697.9000000000007
2013-02-07 18:00:00,699.8000000000005
2013-02-07 19:00:00,700.6000000000005
2013-02-07 20:00:00,700.3000000000005
2013-02-08 06:00:00,707.3000000000005
2013-02-08 14:00:00,704.9000000000007
2013-02-08 15:00:00,705.7000000000006
2013-02-08 16:00:00,705.7000000000006
2013-02-08 17:00:00,705.8000000000005
2013-02-08 18:00:00,706.7000000000006
2013-02-08 19:00:00,707.2000000000006
2013-02-08 20:00:00,707.2000000000006
2013-02-11 06:00:00,703.6000000000005
2013-02-11 14:00:00,704.6000000000005
2013-02-11 15:00:00,704.2000000000006
2013-02-11 16:00:00,703.7000000000006
2013-02-11 17:00:00,703.6000000000005
2013-02-11 19:00:00,703.8000000000005
2013-02-11 20:00:00,704.2000000000006
2013-02-12 06:00:00,705.6000000000005
2013-02-12 14:00:00,703.5000000000006
2013-02-12 15:00:00,703.1000000000005
2013-02-12 16:00:00,704.9000000000007
2013-02-12 17:00:00,706.1000000000005
2013-02-12 18:00:00,706.2000000000006
2013-02-12 20:00:00,705.6000000000005
2013-02-13 06:00:00,708.4000000000007
2013-02-13 14:00:00,706.6000000000005
2013-02-13 15:00:00,707.6000000000005
2013-02-13 16:00:00,706.7000000000006
2013-02-13 18:00:00,708.1000000000005
2013-02-13 19:00:00,706.2000000000006
2013-02-13 20:00:00,708.2000000000006
2013-02-14 06:00:00,715.0000000000006
2013-02-14 14:00:00,708.3000000000005
2013-02-14 15:00:00,713.1000000000005
2013-02-14 16:00:00,713.6000000000005
2013-02-14 17:00:00,714.9000000000007
2013-02-14 18:00:00,715.3000000000005
2013-02-14 19:00:00,716.5000000000006
2013-02-14 20:00:00,716.5000000000006
2013-02-15 06:00:00,705.7000000000006
2013-02-15 14:00:00,709.9000000000007
2013-02-15 15:00:00,708.3000000000005
2013-02-15 16:00:00,705.4000000000007
2013-02-15 17:00:00,703.8000000000005
2013-02-15 18:00:00,706.4000000000007
2013-02-15 19:00:00,702.8000000000005
2013-02-15 20:00:00,705.4000000000007
2013-02-19 06:00:00,715.1000000000005
2013-02-19 14:00:00,711.9000000000007
2013-02-19 15:00:00,710.5000000000006
2013-02-19 16:00:00,712.7000000000006
2013-02-19 17:00:00,712.3000000000005
2013-02-19 18:00:00,713.5000000000006
2013-02-19 19:00:00,714.9000000000007
2013-02-19 20:00:00,715.0000000000006
2013-02-20 06:00:00,698.5000000000006
2013-02-20 14:00:00,712.5000000000006
2013-02-20 15:00:00,711.4000000000007
2013-02-20 16:00:00,707.3000000000005
2013-02-20 17:00:00,709.2000000000006
2013-02-20 18:00:00,706.9000000000007
2013-02-20 19:00:00,702.6000000000005
2013-02-20 20:00:00,698.9000000000007
2013-02-21 06:00:00,692.8000000000005
2013-02-21 14:00:00,688.9000000000007
2013-02-21 15:00:00,693.0000000000006
2013-02-21 16:00:00,691.5000000000006
2013-02-21 17:00:00,689.4000000000007
2013-02-21 18:00:00,689.5000000000006
2013-02-21 19:00:00,690.3000000000005
2013-02-21 20:00:00,692.8000000000005
2013-02-22 06:00:00,701.2000000000006
2013-02-22 14:00:00,695.1000000000005
2013-02-22 15:00:00,694.6000000000005
2013-02-22 16:00:00,695.9000000000007
2013-02-22 17:00:00,698.8000000000005
2013-02-22 18:00:00,698.1000000000005
2013-02-22 19:00:00,699.1000000000005
2013-02-22 20:00:00,700.9000000000007
2013-02-25 06:00:00,680.5000000000006
2013-02-25 14:00:00,707.3000000000005
2013-02-25 15:00:00,700.5000000000006
2013-02-25 16:00:00,694.9000000000007
2013-02-25 17:00:00,698.1000000000005
2013-02-25 18:00:00,692.1000000000005
2013-02-25 19:00:00,692.0000000000006
2013-02-25 20:00:00,680.8000000000005
2013-02-26 06:00:00,688.3000000000005
2013-02-26 14:00:00,682.6000000000005
2013-02-26 15:00:00,682.3000000000005
2013-02-26 16:00:00,679.1000000000005
2013-02-26 17:00:00,684.6000000000005
2013-02-26 18:00:00,686.9000000000007
2013-02-26 19:00:00,688.2000000000006
2013-02-26 20:00:00,688.3000000000005
2013-02-27 06:00:00,700.4000000000007
2013-02-27 14:00:00,691.2000000000006
2013-02-27 15:00:00,693.5000000000006
2013-02-27 16:00:00,696.9000000000007
2013-02-27 17:00:00,698.2000000000006
2013-02-27 18:00:00,697.8000000000005
2013-02-27 19:00:00,699.3000000000005
2013-02-27 20:00:00,700.4000000000007
2013-02-28 06:00:00,701.0000000000006
2013-02-28 14:00:00,699.9000000000007
2013-02-28 15:00:00,699.9000000000007
2013-02-28 16:00:00,700.9000000000007
2013-02-28 17:00:00,702.6000000000005
2013-02-28 18:00:00,705.6000000000005
2013-02-28 19:00:00,703.9000000000007
2013-02-28 20:00:00,702.3000000000005
2013-03-01 06:00:00,699.0000000000006
2013-03-01 14:00:00,693.8000000000005
2013-03-01 15:00:00,697.7000000000006
2013-03-01 16:00:00,694.1000000000005
2013-03-01 17:00:00,700.4000000000007
2013-03-01 18:00:00,697.2000000000006
2013-03-01 19:00:00,698.6000000000005
2013-03-01 20:00:00,698.1000000000005
2013-03-04 06:00:00,697.2000000000006
2013-03-04 14:00:00,697.4000000000007
2013-03-04 15:00:00,696.1000000000005
2013-03-04 16:00:00,694.1000000000005
2013-03-04 17:00:00,691.2000000000006
2013-03-04 18:00:00,693.1000000000005
2013-03-04 19:00:00,697.5000000000006
2013-03-04 20:00:00,696.9000000000007
2013-03-05 06:00:00,703.0000000000006
2013-03-05 14:00:00,702.3000000000005
2013-03-05 15:00:00,703.8000000000005
2013-03-05 16:00:00,703.7000000000006
2013-03-05 17:00:00,703.4000000000007
2013-03-05 18:00:00,704.6000000000005
2013-03-05 19:00:00,703.6000000000005
2013-03-05 20:00:00,702.4000000000007
2013-03-06 06:00:00,703.4000000000007
2013-03-06 14:00:00,706.6000000000005
2013-03-06 15:00:00,703.2000000000006
2013-03-06 16:00:00,702.6000000000005
2013-03-06 17:00:00,701.5000000000006
2013-03-06 18:00:00,702.7000000000006
2013-03-06 19:00:00,704.9000000000007
2013-03-06 20:00:00,703.3000000000005
2013-03-07 06:00:00,707.7000000000006
2013-03-07 14:00:00,703.5000000000006
2013-03-07 15:00:00,706.3000000000005
2013-03-07 16:00:00,706.7000000000006
2013-03-07 17:00:00,707.6000000000005
2013-03-07 18:00:00,707.1000000000005
2013-03-07 19:00:00,707.5000000000006
2013-03-07 20:00:00,708.2000000000006
2013-03-08 06:00:00,711.0000000000006
2013-03-08 14:00:00,708.9000000000007
2013-03-08 15:00:00,709.6000000000005
2013-03-08 16:00:00,709.8000000000005
2013-03-08 17:00:00,708.8000000000005
2013-03-08 18:00:00,711.0000000000006
2013-03-08 19:00:00,710.3000000000005
2013-03-08 20:00:00,710.9000000000007
2013-03-11 05:00:00,711.2000000000006
2013-03-11 13:00:00,707.7000000000006
2013-03-11 15:00:00,709.8000000000005
2013-03-11 16:00:00,710.0000000000006
2013-03-11 17:00:00,712.0000000000006
2013-03-11 18:00:00,711.8000000000005
2013-03-11 19:00:00,710.7000000000006
2013-03-12 05:00:00,712.2000000000006
2013-03-12 13:00:00,713.3000000000005
2013-03-12 14:00:00,715.0000000000006
2013-03-12 15:00:00,711.8000000000005
2013-03-12 18:00:00,712.5000000000006
2013-03-12 19:00:00,711.9000000000007
2013-03-13 05:00:00,710.6000000000005
2013-03-13 13:00:00,710.2000000000006
2013-03-13 14:00:00,710.3000000000005
2013-03-13 15:00:00,712.5000000000006
2013-03-13 17:00:00,711.1000000000005
2013-03-13 18:00:00,710.0000000000006
2013-03-13 19:00:00,710.7000000000006
2013-03-14 05:00:00,720.9000000000007
2013-03-14 13:00:00,716.5000000000006
2013-03-14 14:00:00,716.7000000000006
2013-03-14 18:00:00,719.9000000000007
2013-03-14 19:00:00,720.8000000000005
2013-03-15 05:00:00,720.6000000000005
2013-03-15 13:00:00,721.2000000000006
2013-03-15 14:00:00,720.4000000000007
2013-03-15 15:00:00,722.1000000000005
2013-03-15 19:00:00,720.7000000000006
2013-03-18 05:00:00,713.3000000000005
2013-03-18 13:00:00,714.2000000000006
2013-03-18 14:00:00,717.7000000000006
2013-03-18 15:00:00,717.2000000000006
2013-03-18 16:00:00,717.2000000000006
2013-03-18 17:00:00,715.9000000000007
2013-03-18 18:00:00,717.9000000000007
2013-03-18 19:00:00,713.0000000000006
2013-03-19 05:00:00,705.0000000000006
2013-03-19 13:00:00,712.4000000000007
2013-03-19 14:00:00,708.2000000000006
2013-03-19 15:00:00,701.7000000000006
2013-03-19 16:00:00,702.7000000000006
2013-03-19 17:00:00,700.5000000000006
2013-03-19 18:00:00,701.8000000000005
2013-03-19 19:00:00,704.9000000000007
2013-03-20 05:00:00,709.9000000000007
2013-03-20 13:00:00,709.8000000000005
2013-03-20 14:00:00,707.3000000000005
2013-03-20 15:00:00,706.1000000000005
2013-03-20 16:00:00,708.2000000000006
2013-03-20 17:00:00,708.5000000000006
2013-03-20 18:00:00,711.3000000000005
2013-03-20 19:00:00,709.8000000000005
2013-03-21 05:00:00,705.5000000000006
2013-03-21 13:00:00,709.3000000000005
2013-03-21 14:00:00,707.8000000000005
2013-03-21 15:00:00,711.1000000000005
2013-03-21 16:00:00,709.9000000000007
2013-03-21 17:00:00,707.2000000000006
2013-03-21 18:00:00,705.7000000000006
2013-03-21 19:00:00,705.5000000000006
2013-03-22 05:00:00,711.5000000000006
2013-03-22 13:00:00,709.4000000000007
2013-03-22 14:00:00,710.8000000000005
2013-03-22 15:00:00,711.1000000000005
2013-03-22 16:00:00,710.2000000000006
2013-03-22 17:00:00,711.8000000000005
2013-03-22 18:00:00,710.6000000000005
2013-03-22 19:00:00,711.6000000000005
2013-03-25 05:00:00,709.1000000000005
2013-03-25 13:00:00,716.2000000000006
2013-03-25 14:00:00,711.8000000000005
2013-03-25 15:00:00,711.2000000000006
2013-03-25 16:00:00,707.8000000000005
2013-03-25 17:00:00,709.8000000000005
2013-03-25 18:00:00,708.6000000000005
2013-03-25 19:00:00,709.8000000000005
2013-03-26 05:00:00,717.3000000000005
2013-03-26 13:00:00,713.5000000000006
2013-03-26 14:00:00,714.0000000000006
2013-03-26 15:00:00,714.6000000000005
2013-03-26 16:00:00,714.5000000000006
2013-03-26 17:00:00,715.5000000000006
2013-03-26 18:00:00,716.0000000000006
2013-03-26 19:00:00,717.3000000000005
2013-03-27 05:00:00,719.5000000000006
2013-03-27 13:00:00,711.6000000000005
2013-03-27 14:00:00,713.9000000000007
2013-03-27 15:00:00,718.1000000000005
2013-03-27 16:00:00,718.9000000000007
2013-03-27 17:00:00,717.6000000000005
2013-03-27 18:00:00,719.4000000000007
2013-03-27 19:00:00,719.5000000000006
2013-03-28 05:00:00,717.3000000000005
2013-03-28 13:00:00,720.3000000000005
2013-03-28 14:00:00,721.1000000000005
2013-03-28 15:00:00,721.5000000000006
2013-03-28 16:00:00,721.7000000000006
2013-03-28 17:00:00,721.7000000000006
2013-03-28 18:00:00,721.9000000000007
2013-03-28 19:00:00,720.2000000000006
2013-04-01 05:00:00,715.5000000000006
2013-04-01 13:00:00,716.6000000000005
2013-04-01 14:00:00,711.5000000000006
2013-04-01 15:00:00,713.1000000000005
2013-04-01 16:00:00,713.5000000000006
2013-04-01 17:00:00,716.1000000000005
2013-04-01 18:00:00,716.1000000000005
2013-04-01 19:00:00,714.8000000000005
2013-04-02 05:00:00,711.3000000000005
2013-04-02 13:00:00,715.3000000000005
2013-04-02 14:00:00,716.2000000000006
2013-04-02 15:00:00,715.3000000000005
2013-04-02 16:00:00,714.6000000000005
2013-04-02 17:00:00,712.7000000000006
2013-04-02 18:00:00,711.1000000000005
2013-04-02 19:00:00,711.3000000000005
2013-04-03 05:00:00,696.6000000000005
2013-04-03 13:00:00,707.4000000000007
2013-04-03 14:00:00,703.7000000000006
2013-04-03 15:00:00,701.9000000000007
2013-04-03 16:00:00,698.0000000000006
2013-04-03 17:00:00,696.2000000000006
2013-04-03 18:00:00,700.1000000000005
2013-04-03 19:00:00,696.6000000000005
2013-04-04 05:00:00,695.5000000000006
2013-04-04 13:00:00,697.7000000000006
2013-04-04 14:00:00,697.4000000000007
2013-04-04 15:00:00,695.1000000000005
2013-04-04 16:00:00,692.5000000000006
2013-04-04 17:00:00,691.8000000000005
2013-04-04 18:00:00,695.3000000000005
2013-04-04 19:00:00,695.3000000000005
2013-04-05 05:00:00,697.7000000000006
2013-04-05 13:00:00,688.7000000000006
2013-04-05 14:00:00,693.6000000000005
2013-04-05 15:00:00,693.0000000000006
2013-04-05 16:00:00,692.6000000000005
2013-04-05 17:00:00,696.5000000000006
2013-04-05 18:00:00,695.7000000000006
2013-04-05 19:00:00,697.7000000000006
2013-04-08 05:00:00,702.5000000000006
2013-04-08 13:00:00,699.8000000000005
2013-04-08 14:00:00,698.7000000000006
2013-04-08 15:00:00,698.0000000000006
2013-04-08 16:00:00,697.0000000000006
2013-04-08 17:00:00,700.2000000000006
2013-04-08 18:00:00,701.2000000000006
2013-04-08 19:00:00,702.5000000000006
2013-04-09 05:00:00,709.3000000000005
2013-04-09 13:00:00,701.2000000000006
2013-04-09 14:00:00,704.0000000000006
2013-04-09 15:00:00,708.4000000000007
2013-04-09 16:00:00,710.3000000000005
2013-04-09 17:00:00,711.0000000000006
2013-04-09 18:00:00,711.7000000000006
2013-04-09 19:00:00,709.3000000000005
2013-04-10 05:00:00,713.7000000000006
2013-04-10 13:00:00,710.6000000000005
2013-04-10 14:00:00,711.6000000000005
2013-04-10 15:00:00,714.7000000000006
2013-04-10 16:00:00,715.8000000000005
2013-04-10 17:00:00,715.1000000000005
2013-04-10 18:00:00,714.3000000000005
2013-04-10 19:00:00,714.4000000000007
2013-04-11 05:00:00,716.4000000000007
2013-04-11 13:00:00,714.9000000000007
2013-04-11 14:00:00,718.6000000000005
2013-04-11 15:00:00,716.2000000000006
2013-04-11 16:00:00,714.3000000000005
2013-04-11 17:00:00,716.5000000000006
2013-04-11 18:00:00,716.9000000000007
2013-04-11 19:00:00,716.1000000000005
2013-04-12 05:00:00,704.3000000000005
2013-04-12 13:00:00,707.8000000000005
2013-04-12 14:00:00,701.4000000000007
2013-04-12 15:00:00,703.8000000000005
2013-04-12 16:00:00,704.8000000000005
2013-04-12 17:00:00,703.0000000000006
2013-04-12 18:00:00,703.1000000000005
2013-04-12 19:00:00,703.7000000000006
2013-04-15 05:00:00,672.0000000000006
2013-04-15 13:00:00,688.8000000000005
2013-04-15 14:00:00,682.7000000000006
2013-04-15 15:00:00,680.2000000000006
2013-04-15 16:00:00,677.7000000000006
2013-04-15 17:00:00,678.0000000000006
2013-04-15 18:00:00,675.1000000000005
2013-04-15 19:00:00,673.9000000000007
2013-04-16 05:00:00,681.4000000000007
2013-04-16 13:00:00,679.0000000000006
2013-04-16 14:00:00,672.2000000000006
2013-04-16 15:00:00,679.3000000000005
2013-04-16 16:00:00,679.3000000000005
2013-04-16 17:00:00,680.6000000000005
2013-04-16 18:00:00,678.1000000000005
2013-04-16 19:00:00,681.1000000000005
2013-04-17 05:00:00,664.9000000000007
2013-04-17 13:00:00,669.1000000000005
2013-04-17 14:00:00,660.9000000000007
2013-04-17 15:00:00,663.5000000000006
2013-04-17 16:00:00,661.7000000000006
2013-04-17 17:00:00,663.7000000000006
2013-04-17 18:00:00,665.4000000000007
2013-04-17 19:00:00,666.1000000000005
2013-04-18 05:00:00,671.1000000000005
2013-04-18 13:00:00,665.6000000000005
2013-04-18 14:00:00,670.9000000000007
2013-04-18 15:00:00,668.4000000000007
2013-04-18 16:00:00,674.9000000000007
2013-04-18 17:00:00,670.4000000000007
2013-04-18 18:00:00,667.0000000000006
2013-04-18 19:00:00,671.1000000000005
2013-04-19 05:00:00,669.5000000000006
2013-04-19 13:00:00,667.8000000000005
2013-04-19 14:00:00,669.7000000000006
2013-04-19 15:00:00,669.8000000000005
2013-04-19 16:00:00,666.5000000000006
2013-04-19 17:00:00,666.8000000000005
2013-04-19 18:00:00,666.6000000000005
2013-04-19 19:00:00,669.5000000000006
2013-04-22 05:00:00,678.0000000000006
2013-04-22 13:00:00,672.3000000000005
2013-04-22 14:00:00,671.2000000000006
2013-04-22 15:00:00,674.4000000000007
2013-04-22 16:00:00,675.3000000000005
2013-04-22 17:00:00,676.0000000000006
2013-04-22 18:00:00,678.5000000000006
2013-04-22 19:00:00,678.0000000000006
2013-04-23 05:00:00,686.6000000000005
2013-04-23 13:00:00,680.3000000000005
2013-04-23 14:00:00,683.4000000000007
2013-04-23 15:00:00,685.9000000000007
2013-04-23 16:00:00,683.9000000000007
2013-04-23 17:00:00,683.8000000000005
2013-04-23 18:00:00,683.6000000000005
2013-04-23 19:00:00,686.8000000000005
2013-04-24 05:00:00,696.8000000000005
2013-04-24 13:00:00,693.7000000000006
2013-04-24 14:00:00,697.6000000000005
2013-04-24 15:00:00,699.0000000000006
2013-04-24 16:00:00,697.4000000000007
2013-04-24 17:00:00,696.8000000000005
2013-04-24 18:00:00,699.7000000000006
2013-04-24 19:00:00,697.3000000000005
2013-04-25 05:00:00,697.3000000000005
2013-04-25 13:00:00,698.1000000000005
2013-04-25 14:00:00,703.0000000000006
2013-04-25 15:00:00,703.3000000000005
2013-04-25 16:00:00,704.1000000000005
2013-04-25 17:00:00,706.2000000000006
2013-04-25 18:00:00,700.1000000000005
2013-04-25 19:00:00,697.3000000000005
2013-04-26 05:00:00,696.0000000000006
2013-04-26 13:00:00,695.4000000000007
2013-04-26 14:00:00,692.1000000000005
2013-04-26 15:00:00,691.3000000000005
2013-04-26 16:00:00,692.2000000000006
2013-04-26 17:00:00,695.5000000000006
2013-04-26 18:00:00,694.9000000000007
2013-04-26 19:00:00,696.0000000000006
2013-04-29 05:00:00,703.7000000000006
2013-04-29 13:00:00,699.4000000000007
2013-04-29 14:00:00,704.2000000000006
2013-04-29 15:00:00,704.0000000000006
2013-04-29 16:00:00,704.6000000000005
2013-04-29 17:00:00,706.5000000000006
2013-04-29 18:00:00,706.2000000000006
2013-04-29 19:00:00,703.4000000000007
2013-04-30 05:00:00,707.3000000000005
2013-04-30 13:00:00,701.1000000000005
2013-04-30 14:00:00,702.8000000000005
2013-04-30 15:00:00,705.2000000000006
2013-04-30 16:00:00,704.1000000000005
2013-04-30 17:00:00,705.0000000000006
2013-04-30 18:00:00,705.0000000000006
2013-04-30 19:00:00,706.2000000000006
2013-05-01 05:00:00,694.3000000000005
2013-05-01 13:00:00,697.9000000000007
2013-05-01 14:00:00,698.1000000000005
2013-05-01 15:00:00,698.3000000000005
2013-05-01 16:00:00,697.8000000000005
2013-05-01 17:00:00,696.4000000000007
2013-05-01 18:00:00,697.6000000000005
2013-05-01 19:00:00,694.3000000000005
2013-05-02 05:00:00,704.8000000000005
2013-05-02 13:00:00,696.9000000000007
2013-05-02 14:00:00,698.9000000000007
2013-05-02 15:00:00,703.6000000000005
2013-05-02 16:00:00,705.0000000000006
2013-05-03 05:00:00,719.3000000000005
2013-05-03 13:00:00,714.7000000000006
2013-05-03 14:00:00,720.0000000000006
2013-05-03 15:00:00,718.6000000000005
2013-05-03 16:00:00,719.6000000000005
2013-05-03 17:00:00,720.0000000000006
2013-05-03 18:00:00,718.9000000000007
2013-05-03 19:00:00,720.3000000000005
2013-05-06 05:00:00,724.7000000000006
2013-05-06 13:00:00,722.1000000000005
2013-05-06 14:00:00,720.6000000000005
2013-05-06 15:00:00,723.0000000000006
2013-05-06 16:00:00,725.3000000000005
2013-05-06 17:00:00,725.3000000000005
2013-05-06 18:00:00,726.5000000000006
2013-05-07 05:00:00,730.1000000000005
2013-05-07 13:00:00,733.3000000000005
2013-05-07 14:00:00,730.1000000000005
2013-05-07 15:00:00,727.5000000000006
2013-05-07 17:00:00,730.7000000000006
2013-05-07 18:00:00,730.4000000000007
2013-05-07 19:00:00,730.1000000000005
2013-05-08 05:00:00,731.5000000000006
2013-05-08 13:00:00,730.5000000000006
2013-05-08 14:00:00,730.7000000000006
2013-05-08 15:00:00,730.8000000000005
2013-05-08 16:00:00,729.5000000000006
2013-05-08 17:00:00,728.8000000000005
2013-05-08 18:00:00,728.1000000000005
2013-05-08 19:00:00,729.1000000000005
2013-05-09 05:00:00,730.8000000000005
2013-05-09 13:00:00,730.3000000000005
2013-05-09 14:00:00,727.4000000000007
2013-05-09 15:00:00,730.5000000000006
2013-05-09 16:00:00,731.3000000000005
2013-05-09 17:00:00,734.1000000000005
2013-05-09 18:00:00,733.0000000000006
2013-05-09 19:00:00,729.4000000000007
2013-05-10 05:00:00,726.7000000000006
2013-05-10 13:00:00,723.4000000000007
2013-05-10 14:00:00,722.2000000000006
2013-05-10 15:00:00,723.4000000000007
2013-05-10 16:00:00,722.6000000000005
2013-05-10 17:00:00,723.4000000000007
2013-05-10 19:00:00,725.1000000000005
2013-05-13 05:00:00,726.5000000000006
2013-05-13 13:00:00,722.5000000000006
2013-05-13 14:00:00,723.2000000000006
2013-05-13 15:00:00,725.6000000000005
2013-05-13 16:00:00,725.0000000000006
2013-05-13 17:00:00,725.8000000000005
2013-05-13 18:00:00,724.8000000000005
2013-05-13 19:00:00,726.5000000000006
2013-05-14 05:00:00,737.6000000000005
2013-05-14 13:00:00,730.2000000000006
2013-05-14 14:00:00,734.4000000000007
2013-05-14 15:00:00,735.4000000000007
2013-05-14 16:00:00,735.9000000000007
2013-05-14 17:00:00,735.1000000000005
2013-05-14 18:00:00,734.6000000000005
2013-05-14 19:00:00,737.3000000000005
2013-05-15 05:00:00,735.5000000000006
2013-05-15 13:00:00,734.5000000000006
2013-05-15 14:00:00,729.2000000000006
2013-05-15 15:00:00,734.0000000000006
2013-05-15 16:00:00,737.4000000000007
2013-05-15 17:00:00,734.3000000000005
2013-05-15 18:00:00,732.7000000000006
2013-05-15 19:00:00,735.5000000000006
2013-05-16 05:00:00,731.2000000000006
2013-05-16 13:00:00,733.7000000000006
2013-05-16 14:00:00,735.2000000000006
2013-05-16 15:00:00,734.7000000000006
2013-05-16 16:00:00,734.6000000000005
2013-05-16 17:00:00,734.4000000000007
2013-05-16 19:00:00,730.6000000000005
2013-05-17 05:00:00,745.4000000000007
2013-05-17 13:00:00,739.8000000000005
2013-05-17 14:00:00,738.6000000000005
2013-05-17 17:00:00,740.2000000000006
2013-05-17 19:00:00,745.1000000000005
2013-05-20 05:00:00,757.1000000000005
2013-05-20 13:00:00,749.4000000000007
2013-05-20 14:00:00,750.8000000000005
2013-05-20 15:00:00,757.8000000000005
2013-05-20 16:00:00,757.1000000000005
2013-05-20 17:00:00,755.2000000000006
2013-05-20 18:00:00,756.7000000000006
2013-05-20 19:00:00,756.9000000000007
2013-05-21 05:00:00,755.5000000000006
2013-05-21 13:00:00,758.5000000000006
2013-05-21 14:00:00,755.7000000000006
2013-05-21 15:00:00,755.7000000000006
2013-05-21 16:00:00,759.8000000000005
2013-05-21 17:00:00,760.1000000000005
2013-05-21 18:00:00,761.9000000000007
2013-05-21 19:00:00,755.3000000000005
2013-05-22 05:00:00,745.5000000000006
2013-05-22 13:00:00,755.8000000000005
2013-05-22 14:00:00,753.6000000000005
2013-05-22 15:00:00,757.7000000000006
2013-05-22 16:00:00,755.4000000000007
2013-05-22 17:00:00,752.7000000000006
2013-05-22 18:00:00,744.2000000000006
2013-05-22 19:00:00,745.5000000000006
2013-05-23 05:00:00,744.9000000000007
2013-05-23 13:00:00,733.7000000000006
2013-05-23 14:00:00,738.6000000000005
2013-05-23 15:00:00,742.8000000000005
2013-05-23 16:00:00,740.9000000000007
2013-05-23 17:00:00,742.5000000000006
2013-05-23 18:00:00,744.6000000000005
2013-05-23 19:00:00,744.9000000000007
2013-05-24 05:00:00,740.9000000000007
2013-05-24 13:00:00,736.6000000000005
2013-05-24 14:00:00,736.3000000000005
2013-05-24 15:00:00,736.5000000000006
2013-05-24 16:00:00,736.8000000000005
2013-05-24 17:00:00,739.2000000000006
2013-05-24 18:00:00,739.0000000000006
2013-05-24 19:00:00,739.1000000000005
2013-05-28 05:00:00,749.7000000000006
2013-05-28 13:00:00,753.8000000000005
2013-05-28 14:00:00,754.7000000000006
2013-05-28 15:00:00,751.8000000000005
2013-05-28 17:00:00,747.1000000000005
2013-05-28 18:00:00,747.8000000000005
2013-05-28 19:00:00,750.0000000000006
2013-05-29 05:00:00,747.7000000000006
2013-05-29 13:00:00,747.6000000000005
2013-05-29 14:00:00,745.3000000000005
2013-05-29 15:00:00,745.4000000000007
2013-05-29 16:00:00,743.5000000000006
2013-05-29 17:00:00,747.7000000000006
2013-05-29 18:00:00,748.3000000000005
2013-05-29 19:00:00,747.5000000000006
2013-05-30 05:00:00,745.8000000000005
2013-05-30 13:00:00,746.3000000000005
2013-05-30 14:00:00,745.0000000000006
2013-05-30 15:00:00,746.3000000000005
2013-05-30 16:00:00,746.2000000000006
2013-05-30 17:00:00,747.0000000000006
2013-05-30 18:00:00,749.9000000000007
2013-05-30 19:00:00,745.8000000000005
2013-05-30 20:00:00,745.1000000000005
2013-05-31 05:00:00,728.8000000000005
2013-05-31 13:00:00,742.9000000000007
2013-05-31 14:00:00,741.0000000000006
2013-05-31 15:00:00,743.5000000000006
2013-05-31 16:00:00,741.2000000000006
2013-05-31 17:00:00,740.3000000000005
2013-05-31 18:00:00,734.9000000000007
2013-05-31 19:00:00,733.4000000000007
2013-06-03 05:00:00,736.4000000000007
2013-06-03 13:00:00,732.4000000000007
2013-06-03 14:00:00,729.5000000000006
2013-06-03 15:00:00,732.2000000000006
2013-06-03 16:00:00,731.0000000000006
2013-06-03 17:00:00,731.6000000000005
2013-06-03 18:00:00,732.1000000000005
2013-06-03 19:00:00,735.4000000000007
2013-06-04 05:00:00,730.3000000000005
2013-06-04 13:00:00,737.3000000000005
2013-06-04 14:00:00,733.1000000000005
2013-06-04 15:00:00,732.2000000000006
2013-06-04 16:00:00,730.2000000000006
2013-06-04 17:00:00,726.3000000000005
2013-06-04 18:00:00,728.9000000000007
2013-06-04 19:00:00,730.8000000000005
2013-06-05 05:00:00,721.0000000000006
2013-06-05 13:00:00,729.0000000000006
2013-06-05 14:00:00,728.4000000000007
2013-06-05 15:00:00,726.7000000000006
2013-06-05 16:00:00,723.1000000000005
2013-06-05 17:00:00,724.8000000000005
2013-06-05 18:00:00,723.5000000000006
2013-06-05 19:00:00,722.4000000000007
2013-06-06 05:00:00,727.0000000000006
2013-06-06 13:00:00,721.2000000000006
2013-06-06 14:00:00,719.6000000000005
2013-06-06 15:00:00,720.2000000000006
2013-06-06 16:00:00,716.8000000000005
2013-06-06 17:00:00,720.4000000000007
2013-06-06 18:00:00,722.8000000000005
2013-06-06 19:00:00,725.0000000000006
2013-06-07 05:00:00,736.7000000000006
2013-06-07 13:00:00,730.7000000000006
2013-06-07 14:00:00,733.2000000000006
2013-06-07 15:00:00,736.3000000000005
2013-06-07 16:00:00,735.7000000000006
2013-06-07 17:00:00,734.4000000000007
2013-06-07 18:00:00,735.4000000000007
2013-06-07 19:00:00,736.7000000000006
2013-06-10 05:00:00,734.4000000000007
2013-06-10 13:00:00,734.5000000000006
2013-06-10 14:00:00,735.0000000000006
2013-06-10 15:00:00,735.4000000000007
2013-06-10 16:00:00,734.2000000000006
2013-06-10 17:00:00,734.5000000000006
2013-06-10 18:00:00,735.7000000000006
2013-06-10 19:00:00,733.5000000000006
2013-06-11 05:00:00,722.0000000000006
2013-06-12 05:00:00,717.2000000000006
2013-06-13 05:00:00,731.2000000000006
2013-06-13 13:00:00,718.8000000000005
2013-06-13 14:00:00,720.2000000000006
2013-06-13 15:00:00,719.1000000000007
2013-06-13 16:00:00,721.8000000000005
2013-06-13 17:00:00,721.0000000000006
2013-06-13 18:00:00,726.0000000000006
2013-06-13 19:00:00,730.8000000000005
2013-06-14 05:00:00,722.5000000000006
2013-06-14 13:00:00,730.6000000000007
2013-06-14 16:00:00,725.2000000000006
2013-06-14 17:00:00,721.4000000000007
2013-06-14 18:00:00,724.1000000000007
2013-06-14 19:00:00,723.9000000000007
2013-06-17 05:00:00,733.3000000000005
2013-06-17 13:00:00,733.2000000000006
2013-06-17 14:00:00,733.4000000000007
2013-06-17 15:00:00,733.7000000000006
2013-06-17 16:00:00,734.7000000000006
2013-06-17 17:00:00,735.9000000000007
2013-06-17 18:00:00,729.5000000000006
2013-06-17 19:00:00,734.4000000000007
2013-06-18 05:00:00,739.0000000000006
2013-06-18 13:00:00,735.5000000000006
2013-06-18 14:00:00,737.8000000000005
2013-06-18 15:00:00,738.5000000000006
2013-06-18 16:00:00,741.2000000000006
2013-06-18 17:00:00,739.1000000000007
2013-06-18 19:00:00,739.2000000000006
2013-06-19 05:00:00,731.0000000000006
2013-06-19 13:00:00,739.4000000000007
2013-06-19 14:00:00,741.2000000000006
2013-06-19 15:00:00,741.0000000000006
2013-06-19 16:00:00,740.4000000000007
2013-06-19 17:00:00,739.3000000000005
2013-06-19 18:00:00,738.3000000000005
2013-06-19 19:00:00,736.1000000000007
2013-06-20 05:00:00,708.0000000000006
2013-06-20 13:00:00,716.2000000000006
2013-06-20 14:00:00,715.1000000000007
2013-06-20 15:00:00,717.0000000000006
2013-06-20 16:00:00,715.4000000000007
2013-06-20 17:00:00,715.3000000000005
2013-06-20 18:00:00,707.4000000000007
2013-06-20 19:00:00,709.3000000000005
2013-06-21 05:00:00,709.4000000000007
2013-06-21 13:00:00,709.7000000000006
2013-06-21 14:00:00,706.9000000000007
2013-06-21 15:00:00,702.1000000000007
2013-06-21 16:00:00,707.3000000000005
2013-06-21 17:00:00,705.2000000000006
2013-06-21 18:00:00,709.0000000000006
2013-06-21 19:00:00,709.4000000000007
2013-06-24 05:00:00,697.4000000000007
2013-06-24 11:00:00,707.4000000000007
2013-06-24 13:00:00,693.0000000000006
2013-06-24 14:00:00,692.3000000000005
2013-06-24 15:00:00,689.6000000000007
2013-06-24 16:00:00,693.6000000000007
2013-06-24 17:00:00,696.6000000000007
2013-06-24 18:00:00,701.7000000000006
2013-06-24 19:00:00,700.2000000000006
2013-06-25 05:00:00,707.2000000000006
2013-06-25 13:00:00,704.8000000000005
2013-06-25 14:00:00,706.2000000000006
2013-06-25 15:00:00,705.5000000000006
2013-06-25 16:00:00,705.8000000000005
2013-06-25 17:00:00,705.5000000000006
2013-06-25 18:00:00,707.4000000000007
2013-06-25 19:00:00,707.6000000000007
2013-06-26 05:00:00,712.4000000000007
2013-06-26 13:00:00,711.9000000000007
2013-06-26 14:00:00,708.2000000000006
2013-06-26 15:00:00,706.1000000000007
2013-06-26 16:00:00,709.4000000000007
2013-06-26 17:00:00,710.6000000000007
2013-06-26 18:00:00,713.6000000000007
2013-06-26 19:00:00,712.4000000000007
2013-06-27 05:00:00,713.7000000000006
2013-06-27 13:00:00,720.0000000000006
2013-06-27 14:00:00,717.9000000000007
2013-06-27 15:00:00,717.7000000000006
2013-06-27 16:00:00,716.3000000000005
2013-06-27 17:00:00,715.7000000000006
2013-06-27 18:00:00,715.3000000000005
2013-06-27 19:00:00,713.8000000000005
2013-06-28 05:00:00,710.2000000000006
2013-06-28 13:00:00,709.9000000000007
2013-06-28 14:00:00,714.4000000000007
2013-06-28 15:00:00,714.2000000000006
2013-06-28 16:00:00,714.8000000000005
2013-06-28 17:00:00,715.3000000000005
2013-06-28 18:00:00,714.2000000000006
2013-06-28 19:00:00,712.8000000000005
2013-07-01 05:00:00,716.0000000000006
2013-07-01 13:00:00,717.1000000000007
2013-07-01 14:00:00,720.4000000000007
2013-07-01 15:00:00,721.4000000000007
2013-07-01 16:00:00,720.1000000000007
2013-07-01 17:00:00,718.0000000000006
2013-07-01 18:00:00,718.8000000000005
2013-07-01 19:00:00,716.3000000000005
2013-07-02 05:00:00,716.9000000000007
2013-07-02 13:00:00,719.6000000000007
2013-07-02 14:00:00,723.3000000000005
2013-07-02 15:00:00,723.5000000000006
2013-07-02 16:00:00,721.9000000000007
2013-07-02 17:00:00,718.1000000000007
2013-07-02 18:00:00,715.9000000000007
2013-07-02 19:00:00,716.8000000000005
2013-07-03 05:00:00,716.7000000000006
2013-07-03 13:00:00,712.2000000000006
2013-07-03 14:00:00,712.2000000000006
2013-07-03 15:00:00,716.1000000000007
2013-07-03 16:00:00,716.7000000000006
2013-07-05 05:00:00,726.0000000000006
2013-07-05 13:00:00,718.9000000000007
2013-07-05 14:00:00,719.5000000000006
2013-07-05 15:00:00,722.3000000000005
2013-07-05 16:00:00,721.8000000000005
2013-07-05 17:00:00,722.6000000000007
2013-07-05 18:00:00,725.1000000000007
2013-07-05 19:00:00,723.5000000000006
2013-07-08 05:00:00,731.9000000000007
2013-07-08 13:00:00,733.3000000000005
2013-07-08 14:00:00,734.8000000000005
2013-07-08 15:00:00,734.2000000000006
2013-07-08 16:00:00,732.6000000000007
2013-07-08 17:00:00,733.4000000000007
2013-07-08 18:00:00,732.4000000000007
2013-07-08 19:00:00,731.9000000000007
2013-07-09 05:00:00,740.0000000000006
2013-07-09 13:00:00,738.1000000000007
2013-07-09 14:00:00,735.7000000000006
2013-07-09 15:00:00,737.5000000000006
2013-07-09 16:00:00,739.4000000000007
2013-07-09 17:00:00,738.9000000000007
2013-07-09 18:00:00,739.5000000000006
2013-07-09 19:00:00,739.8000000000005
2013-07-10 05:00:00,734.8000000000005
2013-07-10 13:00:00,739.0000000000006
2013-07-10 14:00:00,737.6000000000007
2013-07-10 15:00:00,735.9000000000007
2013-07-10 16:00:00,735.7000000000006
2013-07-10 17:00:00,736.8000000000005
2013-07-10 18:00:00,734.3000000000005
2013-07-10 19:00:00,734.8000000000005
2013-07-11 05:00:00,743.8000000000005
2013-07-11 13:00:00,742.2000000000006
2013-07-11 14:00:00,741.4000000000007
2013-07-11 15:00:00,739.8000000000005
2013-07-11 16:00:00,738.6000000000007
2013-07-11 17:00:00,737.8000000000005
2013-07-11 18:00:00,740.6000000000007
2013-07-11 19:00:00,744.4000000000007
2013-07-12 05:00:00,746.2000000000006
2013-07-12 13:00:00,742.7000000000006
2013-07-12 14:00:00,743.4000000000007
2013-07-12 15:00:00,740.8000000000005
2013-07-12 16:00:00,742.8000000000005
2013-07-12 18:00:00,742.8000000000005
2013-07-12 19:00:00,746.3000000000005
2013-07-12 20:00:00,745.4000000000007
2013-07-15 05:00:00,745.7000000000006
2013-07-15 13:00:00,745.0000000000006
2013-07-15 14:00:00,745.5000000000006
2013-07-15 15:00:00,746.4000000000007
2013-07-15 16:00:00,745.4000000000007
2013-07-15 17:00:00,746.3000000000005
2013-07-15 18:00:00,747.1000000000007
2013-07-15 19:00:00,746.0000000000006
2013-07-16 05:00:00,740.0000000000006
2013-07-16 13:00:00,743.4000000000007
2013-07-16 14:00:00,740.6000000000007
2013-07-16 15:00:00,737.3000000000005
2013-07-16 16:00:00,738.4000000000007
2013-07-16 17:00:00,736.8000000000005
2013-07-16 18:00:00,739.3000000000005
2013-07-16 19:00:00,739.4000000000007
2013-07-17 05:00:00,743.5000000000006
2013-07-17 13:00:00,742.1000000000007
2013-07-17 14:00:00,743.6000000000007
2013-07-17 15:00:00,742.7000000000006
2013-07-17 16:00:00,744.8000000000005
2013-07-17 17:00:00,744.0000000000006
2013-07-17 18:00:00,744.1000000000007
2013-07-17 19:00:00,743.3000000000005
2013-07-18 05:00:00,752.3000000000005
2013-07-18 13:00:00,750.6000000000007
2013-07-18 14:00:00,754.0000000000006
2013-07-18 15:00:00,753.0000000000006
2013-07-18 16:00:00,753.8000000000005
2013-07-18 17:00:00,752.9000000000007
2013-07-18 18:00:00,754.2000000000006
2013-07-18 19:00:00,752.3000000000005
2013-07-19 05:00:00,763.9000000000007
2013-07-19 13:00:00,754.7000000000006
2013-07-19 14:00:00,757.4000000000007
2013-07-19 15:00:00,759.0000000000006
2013-07-19 16:00:00,760.1000000000007
2013-07-19 18:00:00,761.8000000000005
2013-07-19 19:00:00,763.9000000000007
2013-07-22 05:00:00,761.4000000000007
2013-07-22 13:00:00,761.9000000000007
2013-07-22 14:00:00,762.8000000000005
2013-07-22 15:00:00,764.0000000000006
2013-07-22 16:00:00,764.7000000000006
2013-07-22 17:00:00,763.5000000000006
2013-07-22 18:00:00,762.6000000000007
2013-07-22 19:00:00,761.2000000000006
2013-07-23 05:00:00,762.9000000000007
2013-07-23 13:00:00,766.0000000000006
2013-07-23 14:00:00,762.2000000000006
2013-07-23 15:00:00,764.4000000000007
2013-07-23 16:00:00,762.8000000000005
2013-07-23 17:00:00,763.3000000000005
2013-07-23 18:00:00,764.2000000000006
2013-07-23 19:00:00,762.9000000000007
2013-07-24 05:00:00,753.5000000000006
2013-07-24 13:00:00,757.5000000000006
2013-07-24 14:00:00,756.2000000000006
2013-07-24 15:00:00,756.4000000000007
2013-07-24 16:00:00,752.3000000000005
2013-07-24 17:00:00,751.3000000000005
2013-07-24 18:00:00,753.3000000000005
2013-07-24 19:00:00,753.5000000000006
2013-07-25 05:00:00,758.9000000000007
2013-07-25 13:00:00,757.0000000000006
2013-07-25 14:00:00,755.5000000000006
2013-07-25 15:00:00,753.2000000000006
2013-07-25 16:00:00,758.2000000000006
2013-07-25 17:00:00,758.4000000000007
2013-07-25 18:00:00,756.7000000000006
2013-07-25 19:00:00,758.5000000000006
2013-07-26 05:00:00,757.0000000000006
2013-07-26 13:00:00,756.6000000000007
2013-07-26 14:00:00,751.2000000000006
2013-07-26 15:00:00,753.2000000000006
2013-07-26 16:00:00,753.5000000000006
2013-07-26 17:00:00,754.3000000000005
2013-07-26 18:00:00,754.7000000000006
2013-07-26 19:00:00,756.9000000000007
2013-07-29 05:00:00,750.2000000000006
2013-07-29 13:00:00,751.5000000000006
2013-07-29 14:00:00,749.8000000000005
2013-07-29 15:00:00,747.7000000000006
2013-07-29 16:00:00,748.2000000000006
2013-07-29 17:00:00,748.5000000000006
2013-07-29 18:00:00,750.0000000000006
2013-07-29 19:00:00,750.2000000000006
2013-07-30 05:00:00,748.5000000000006
2013-07-30 13:00:00,746.9000000000007
2013-07-30 14:00:00,745.1000000000007
2013-07-30 15:00:00,745.2000000000006
2013-07-30 16:00:00,744.9000000000007
2013-07-30 17:00:00,744.5000000000006
2013-07-30 18:00:00,746.8000000000005
2013-07-30 19:00:00,749.2000000000006
2013-07-31 05:00:00,750.5000000000006
2013-07-31 13:00:00,752.7000000000006
2013-07-31 14:00:00,755.8000000000005
2013-07-31 15:00:00,754.1000000000007
2013-07-31 18:00:00,756.2000000000006
2013-07-31 19:00:00,750.7000000000006
2013-08-01 05:00:00,764.3000000000005
2013-08-01 13:00:00,760.8000000000005
2013-08-01 14:00:00,760.4000000000007
2013-08-01 15:00:00,760.5000000000006
2013-08-01 16:00:00,761.0000000000006
2013-08-01 19:00:00,764.3000000000005
2013-08-02 05:00:00,760.4000000000007
2013-08-02 13:00:00,757.4000000000007
2013-08-02 14:00:00,757.3000000000005
2013-08-02 16:00:00,757.5000000000006
2013-08-02 17:00:00,757.6000000000007
2013-08-02 18:00:00,757.3000000000005
2013-08-05 05:00:00,758.3000000000005
2013-08-05 13:00:00,754.6000000000007
2013-08-05 14:00:00,756.7000000000006
2013-08-06 05:00:00,753.7000000000006
2013-08-06 13:00:00,756.5000000000006
2013-08-06 14:00:00,755.1000000000007
2013-08-06 15:00:00,752.6000000000007
2013-08-06 16:00:00,752.8000000000005
2013-08-06 18:00:00,752.2000000000006
2013-08-06 19:00:00,753.7000000000006
2013-08-07 05:00:00,750.6000000000007
2013-08-07 13:00:00,751.5000000000006
2013-08-07 14:00:00,747.7000000000006
2013-08-07 15:00:00,749.5000000000006
2013-08-07 16:00:00,750.6000000000007
2013-08-07 19:00:00,750.7000000000006
2013-08-08 05:00:00,755.2000000000006
2013-08-08 13:00:00,755.7000000000006
2013-08-08 14:00:00,749.5000000000006
2013-08-08 16:00:00,754.8000000000005
2013-08-08 17:00:00,755.2000000000006
2013-08-08 18:00:00,755.7000000000006
2013-08-08 19:00:00,755.2000000000006
2013-08-09 05:00:00,752.6000000000007
2013-08-09 13:00:00,755.1000000000007
2013-08-09 14:00:00,752.8000000000005
2013-08-09 15:00:00,750.9000000000007
2013-08-09 17:00:00,752.9000000000007
2013-08-09 18:00:00,753.3000000000005
2013-08-09 19:00:00,752.5000000000006
2013-08-12 05:00:00,749.1000000000007
2013-08-12 14:00:00,749.1000000000007
2013-08-12 15:00:00,747.0000000000006
2013-08-12 16:00:00,748.6000000000007
2013-08-12 19:00:00,749.1000000000007
2013-08-13 05:00:00,750.5000000000006
2013-08-13 13:00:00,747.1000000000007
2013-08-13 14:00:00,748.8000000000005
2013-08-13 15:00:00,749.6000000000007
2013-08-13 16:00:00,750.4000000000007
2013-08-13 17:00:00,752.0000000000006
2013-08-13 18:00:00,750.5000000000006
2013-08-14 05:00:00,747.2000000000006
2013-08-14 13:00:00,749.9000000000007
2013-08-14 15:00:00,746.7000000000006
2013-08-14 18:00:00,747.3000000000005
2013-08-14 19:00:00,747.2000000000006
2013-08-15 05:00:00,742.7000000000006
2013-08-15 13:00:00,741.8000000000005
2013-08-15 15:00:00,744.4000000000007
2013-08-15 16:00:00,744.0000000000006
2013-08-15 17:00:00,743.2000000000006
2013-08-15 19:00:00,742.7000000000006
2013-08-16 05:00:00,738.7000000000006
2013-08-16 13:00:00,740.8000000000005
2013-08-16 14:00:00,741.6000000000007
2013-08-16 15:00:00,741.0000000000006
2013-08-16 16:00:00,741.0000000000006
2013-08-16 18:00:00,738.2000000000006
2013-08-16 19:00:00,738.6000000000007
2013-08-19 05:00:00,725.5000000000006
2013-08-19 13:00:00,735.1000000000007
2013-08-19 14:00:00,736.5000000000006
2013-08-19 15:00:00,733.9000000000007
2013-08-19 16:00:00,731.0000000000006
2013-08-19 17:00:00,728.6000000000007
2013-08-19 18:00:00,727.7000000000006
2013-08-19 19:00:00,725.5000000000006
2013-08-20 05:00:00,730.8000000000005
2013-08-20 13:00:00,727.6000000000007
2013-08-20 14:00:00,733.5000000000006
2013-08-20 15:00:00,733.7000000000006
2013-08-20 16:00:00,733.5000000000006
2013-08-20 17:00:00,734.2000000000006
2013-08-20 18:00:00,733.6000000000007
2013-08-20 19:00:00,732.2000000000006
2013-08-21 05:00:00,726.6000000000007
2013-08-21 13:00:00,729.0000000000006
2013-08-21 14:00:00,729.9000000000007
2013-08-21 15:00:00,728.3000000000005
2013-08-21 16:00:00,727.5000000000006
2013-08-21 17:00:00,728.8000000000005
2013-08-21 18:00:00,730.5000000000006
2013-08-21 19:00:00,726.6000000000007
2013-08-22 05:00:00,738.5000000000006
2013-08-22 13:00:00,734.3000000000005
2013-08-22 14:00:00,738.0000000000006
2013-08-22 16:00:00,739.1000000000007
2013-08-22 17:00:00,738.3000000000005
2013-08-22 19:00:00,740.2000000000006
2013-08-23 05:00:00,744.2000000000006
2013-08-23 13:00:00,736.5000000000006
2013-08-23 14:00:00,742.8000000000005
2013-08-23 15:00:00,743.0000000000006
2013-08-23 17:00:00,743.4000000000007
2013-08-26 05:00:00,742.8000000000005
2013-08-26 13:00:00,747.9000000000007
2013-08-26 14:00:00,748.9000000000007
2013-08-26 15:00:00,748.1000000000007
2013-08-26 17:00:00,746.8000000000005
2013-08-26 19:00:00,743.3000000000005
2013-08-27 05:00:00,737.4000000000007
2013-08-27 13:00:00,741.8000000000005
2013-08-27 14:00:00,740.9000000000007
2013-08-27 15:00:00,742.2000000000006
2013-08-27 16:00:00,741.9000000000007
2013-08-27 17:00:00,741.5000000000006
2013-08-27 18:00:00,738.6000000000007
2013-08-27 19:00:00,738.1000000000007
2013-08-28 05:00:00,751.3000000000005
2013-08-28 13:00:00,743.3000000000005
2013-08-28 14:00:00,749.2000000000006
2013-08-28 15:00:00,750.2000000000006
2013-08-28 16:00:00,753.9000000000007
2013-08-28 17:00:00,753.7000000000006
2013-08-28 18:00:00,752.2000000000006
2013-08-28 19:00:00,751.8000000000005
2013-08-29 05:00:00,742.5000000000006
2013-08-29 13:00:00,746.5000000000006
2013-08-29 14:00:00,746.0000000000006
2013-08-29 16:00:00,746.6000000000007
2013-08-29 19:00:00,742.8000000000005
2013-08-29 20:00:00,741.6000000000007
2013-08-30 05:00:00,742.6000000000007
2013-08-30 13:00:00,745.5000000000006
2013-08-30 14:00:00,742.8000000000005
2013-08-30 15:00:00,744.1000000000007
2013-08-30 17:00:00,744.7000000000006
2013-08-30 19:00:00,741.0000000000006
2013-09-03 05:00:00,748.2000000000006
2013-09-03 13:00:00,749.5000000000006
2013-09-03 14:00:00,751.6000000000007
2013-09-03 15:00:00,749.6000000000007
2013-09-03 16:00:00,746.8000000000005
2013-09-03 17:00:00,746.4000000000007
2013-09-03 18:00:00,745.5000000000006
2013-09-03 19:00:00,747.7000000000006
2013-09-04 05:00:00,752.6000000000007
2013-09-04 13:00:00,745.9000000000007
2013-09-04 14:00:00,750.5000000000006
2013-09-04 16:00:00,754.0000000000006
2013-09-04 19:00:00,752.0000000000006
2013-09-05 05:00:00,755.3000000000005
2013-09-05 13:00:00,757.3000000000005
2013-09-05 14:00:00,756.8000000000005
2013-09-05 15:00:00,756.7000000000006
2013-09-05 17:00:00,757.8000000000005
2013-09-05 18:00:00,757.9000000000007
2013-09-06 05:00:00,755.9000000000007
2013-09-06 13:00:00,752.6000000000007
2013-09-06 14:00:00,759.2000000000006
2013-09-06 16:00:00,757.9000000000007
2013-09-06 17:00:00,759.6000000000007
2013-09-06 19:00:00,758.2000000000006
2013-09-09 05:00:00,764.6000000000007
2013-09-09 13:00:00,760.9000000000007
2013-09-09 14:00:00,762.8000000000005
2013-09-09 15:00:00,763.0000000000006
2013-09-09 16:00:00,764.2000000000006
2013-09-09 17:00:00,763.3000000000005
2013-09-09 18:00:00,764.8000000000005
2013-09-09 19:00:00,764.6000000000007
2013-09-10 05:00:00,764.6000000000007
2013-09-10 13:00:00,758.8000000000005
2013-09-10 14:00:00,761.8000000000005
2013-09-10 15:00:00,760.6000000000007
2013-09-10 16:00:00,762.1000000000007
2013-09-10 19:00:00,763.9000000000007
2013-09-11 05:00:00,770.9000000000007
2013-09-12 05:00:00,767.0000000000006
2013-09-12 13:00:00,768.2000000000006
2013-09-12 19:00:00,767.4000000000007
2013-09-13 05:00:00,766.4000000000007
2013-09-16 05:00:00,765.4000000000007
2013-09-16 13:00:00,769.0000000000006
2013-09-16 14:00:00,769.9000000000007
2013-09-17 05:00:00,769.8000000000008
2013-09-17 13:00:00,768.5000000000006
2013-09-17 15:00:00,770.9000000000007
2013-09-18 05:00:00,779.3000000000008
2013-09-18 14:00:00,770.1000000000007
2013-09-18 18:00:00,778.3000000000008
2013-09-18 19:00:00,779.3000000000008
2013-09-19 05:00:00,777.4000000000007
2013-09-19 13:00:00,781.9000000000007
2013-09-19 14:00:00,782.1000000000007
2013-09-19 15:00:00,779.4000000000007
2013-09-19 16:00:00,780.5000000000006
2013-09-19 17:00:00,777.7000000000006
2013-09-19 18:00:00,776.7000000000006
2013-09-20 05:00:00,770.3000000000008
2013-09-20 13:00:00,779.1000000000007
2013-09-20 14:00:00,778.0000000000006
2013-09-20 15:00:00,776.4000000000007
2013-09-20 17:00:00,771.7000000000006
2013-09-20 18:00:00,771.4000000000007
2013-09-20 19:00:00,769.9000000000007
2013-09-23 05:00:00,766.8000000000008
2013-09-23 13:00:00,766.7000000000006
2013-09-23 14:00:00,766.8000000000008
2013-09-23 15:00:00,766.3000000000008
2013-09-23 16:00:00,766.6000000000007
2013-09-23 17:00:00,766.7000000000006
2013-09-23 18:00:00,767.6000000000007
2013-09-23 19:00:00,767.1000000000007
2013-09-24 05:00:00,767.7000000000006
2013-09-24 13:00:00,765.4000000000007
2013-09-24 14:00:00,766.3000000000008
2013-09-24 15:00:00,770.2000000000006
2013-09-24 19:00:00,769.2000000000006
2013-09-25 05:00:00,767.2000000000006
2013-09-25 13:00:00,769.2000000000006
2013-09-25 14:00:00,769.0000000000006
2013-09-25 15:00:00,772.1000000000007
2013-09-25 16:00:00,769.1000000000007
2013-09-25 17:00:00,768.4000000000007
2013-09-25 18:00:00,769.2000000000006
2013-09-25 19:00:00,767.2000000000006
2013-09-26 05:00:00,768.1000000000007
2013-09-26 13:00:00,768.8000000000008
2013-09-26 14:00:00,765.7000000000006
2013-09-26 15:00:00,767.8000000000008
2013-09-26 17:00:00,767.3000000000008
2013-09-26 18:00:00,764.8000000000008
2013-09-27 05:00:00,765.0000000000006
2013-09-27 13:00:00,764.0000000000006
2013-09-27 14:00:00,763.3000000000008
2013-09-27 16:00:00,764.7000000000006
2013-09-27 19:00:00,764.7000000000006
2013-09-30 05:00:00,758.7000000000006
2013-09-30 13:00:00,756.9000000000007
2013-09-30 14:00:00,758.2000000000006
2013-09-30 15:00:00,758.6000000000007
2013-09-30 16:00:00,757.7000000000006
2013-09-30 17:00:00,759.8000000000008
2013-09-30 18:00:00,761.1000000000007
2013-09-30 19:00:00,758.5000000000006
2013-10-01 05:00:00,764.5000000000006
2013-10-01 13:00:00,762.7000000000006
2013-10-01 14:00:00,764.9000000000007
2013-10-01 15:00:00,765.3000000000008
2013-10-01 16:00:00,765.7000000000006
2013-10-01 17:00:00,764.5000000000006
2013-10-02 05:00:00,766.1000000000007
2013-10-02 13:00:00,759.6000000000007
2013-10-02 14:00:00,760.3000000000008
2013-10-02 15:00:00,764.1000000000007
2013-10-02 16:00:00,765.4000000000007
2013-10-02 18:00:00,764.7000000000006
2013-10-03 05:00:00,759.8000000000008
2013-10-03 13:00:00,762.0000000000006
2013-10-03 14:00:00,758.8000000000008
2013-10-03 15:00:00,756.5000000000006
2013-10-03 16:00:00,758.4000000000007
2013-10-03 17:00:00,760.6000000000007
2013-10-03 18:00:00,760.3000000000008
2013-10-03 19:00:00,760.5000000000006
2013-10-04 05:00:00,767.1000000000007
2013-10-04 13:00:00,760.6000000000007
2013-10-04 14:00:00,764.7000000000006
2013-10-04 15:00:00,763.1000000000007
2013-10-04 16:00:00,766.6000000000007
2013-10-04 17:00:00,766.4000000000007
2013-10-04 19:00:00,766.6000000000007
2013-10-07 05:00:00,760.6000000000007
2013-10-07 13:00:00,760.3000000000008
2013-10-07 14:00:00,763.4000000000007
2013-10-07 17:00:00,763.5000000000006
2013-10-07 18:00:00,765.2000000000006
2013-10-08 05:00:00,751.2000000000006
2013-10-08 13:00:00,761.3000000000008
2013-10-08 14:00:00,759.4000000000007
2013-10-08 15:00:00,753.8000000000008
2013-10-08 16:00:00,753.6000000000007
2013-10-08 17:00:00,754.0000000000006
2013-10-08 18:00:00,752.5000000000006
2013-10-08 19:00:00,751.7000000000006
2013-10-09 05:00:00,749.1000000000007
2013-10-09 13:00:00,750.1000000000007
2013-10-09 14:00:00,747.0000000000006
2013-10-09 16:00:00,744.7000000000006
2013-10-09 17:00:00,748.5000000000006
2013-10-09 19:00:00,751.4000000000007
2013-10-10 05:00:00,763.7000000000006
2013-10-10 13:00:00,755.9000000000007
2013-10-10 14:00:00,755.7000000000006
2013-10-10 15:00:00,757.4000000000007
2013-10-10 17:00:00,756.9000000000007
2013-10-10 19:00:00,761.9000000000007
2013-10-11 05:00:00,772.7000000000006
2013-10-11 13:00:00,768.0000000000006
2013-10-11 14:00:00,767.0000000000006
2013-10-11 15:00:00,770.7000000000006
2013-10-11 16:00:00,774.2000000000006
2013-10-11 17:00:00,772.8000000000008
2013-10-11 18:00:00,774.3000000000008
2013-10-11 19:00:00,772.7000000000006
2013-10-14 05:00:00,777.9000000000007
2013-10-14 13:00:00,768.3000000000008
2013-10-14 14:00:00,768.5000000000006
2013-10-14 15:00:00,770.8000000000008
2013-10-14 16:00:00,773.7000000000006
2013-10-14 17:00:00,776.8000000000008
2013-10-14 18:00:00,776.3000000000008
2013-10-14 19:00:00,776.5000000000006
2013-10-15 05:00:00,775.3000000000008
2013-10-15 13:00:00,776.1000000000007
2013-10-15 14:00:00,778.3000000000008
2013-10-15 15:00:00,779.5000000000006
2013-10-15 16:00:00,778.2000000000006
2013-10-15 17:00:00,779.8000000000008
2013-10-15 18:00:00,776.1000000000007
2013-10-15 19:00:00,775.3000000000008
2013-10-16 05:00:00,788.0000000000006
2013-10-16 13:00:00,786.5000000000006
2013-10-16 14:00:00,788.2000000000006
2013-10-16 15:00:00,788.6000000000007
2013-10-16 16:00:00,788.2000000000006
2013-10-16 17:00:00,788.1000000000007
2013-10-16 18:00:00,785.1000000000007
2013-10-16 19:00:00,787.8000000000008
2013-10-17 05:00:00,789.9000000000007
2013-10-17 13:00:00,787.9000000000007
2013-10-17 14:00:00,788.2000000000006
2013-10-17 16:00:00,788.1000000000007
2013-10-17 19:00:00,786.8000000000008
2013-10-18 05:00:00,799.3000000000008
2013-10-18 13:00:00,797.0000000000006
2013-10-18 14:00:00,794.6000000000007
2013-10-18 17:00:00,798.3000000000008
2013-10-21 05:00:00,795.8000000000008
2013-10-21 13:00:00,802.4000000000007
2013-10-21 14:00:00,797.0000000000006
2013-10-21 15:00:00,796.7000000000006
2013-10-21 17:00:00,798.1000000000007
2013-10-21 18:00:00,795.9000000000007
2013-10-22 05:00:00,800.5000000000006
2013-10-22 13:00:00,803.1000000000007
2013-10-22 14:00:00,797.5000000000006
2013-10-22 15:00:00,798.4000000000007
2013-10-22 16:00:00,797.8000000000008
2013-10-22 17:00:00,798.5000000000006
2013-10-22 18:00:00,800.3000000000008
2013-10-22 19:00:00,800.9000000000007
2013-10-23 05:00:00,786.6000000000007
2013-10-23 13:00:00,784.9000000000007
2013-10-23 14:00:00,785.7000000000006
2013-10-23 15:00:00,787.9000000000007
2013-10-23 16:00:00,786.7000000000006
2013-10-23 17:00:00,787.9000000000007
2013-10-23 19:00:00,786.1000000000007
2013-10-24 05:00:00,790.7000000000006
2013-10-24 13:00:00,785.8000000000008
2013-10-24 14:00:00,787.7000000000006
2013-10-24 15:00:00,789.6000000000007
2013-10-24 16:00:00,789.3000000000008
2013-10-24 17:00:00,790.8000000000008
2013-10-24 19:00:00,790.6000000000007
2013-10-25 05:00:00,795.9000000000007
2013-10-25 13:00:00,796.4000000000007
2013-10-25 14:00:00,793.6000000000007
2013-10-25 15:00:00,792.1000000000007
2013-10-25 16:00:00,791.5000000000006
2013-10-25 18:00:00,795.4000000000007
2013-10-25 19:00:00,795.9000000000007
2013-10-28 05:00:00,796.7000000000006
2013-10-28 13:00:00,794.8000000000008
2013-10-28 14:00:00,794.6000000000007
2013-10-28 15:00:00,794.9000000000007
2013-10-28 17:00:00,797.0000000000006
2013-10-28 19:00:00,796.7000000000006
2013-10-29 05:00:00,802.8000000000008
2013-10-29 13:00:00,799.9000000000007
2013-10-29 14:00:00,800.2000000000006
2013-10-29 15:00:00,800.0000000000006
2013-10-29 16:00:00,801.1000000000007
2013-10-29 17:00:00,801.1000000000007
2013-10-29 18:00:00,802.1000000000007
2013-10-29 19:00:00,802.2000000000006
2013-10-30 05:00:00,796.7000000000006
2013-10-30 13:00:00,804.3000000000008
2013-10-30 14:00:00,800.3000000000008
2013-10-30 15:00:00,798.2000000000006
2013-10-30 16:00:00,799.7000000000006
2013-10-30 17:00:00,797.3000000000008
2013-10-30 18:00:00,794.7000000000006
2013-10-30 19:00:00,796.7000000000006
2013-10-31 05:00:00,793.1000000000007
2013-10-31 13:00:00,797.1000000000007
2013-10-31 14:00:00,793.8000000000008
2013-10-31 18:00:00,801.4000000000007
2013-10-31 19:00:00,793.4000000000007
2013-10-31 20:00:00,793.1000000000007
2013-11-01 05:00:00,790.8000000000008
2013-11-01 13:00:00,789.2000000000006
2013-11-01 14:00:00,787.4000000000007
2013-11-01 15:00:00,782.7000000000006
2013-11-01 16:00:00,785.5000000000006
2013-11-01 17:00:00,789.9000000000007
2013-11-01 18:00:00,788.8000000000008
2013-11-01 19:00:00,791.0000000000006
2013-11-04 06:00:00,801.4000000000007
2013-11-04 14:00:00,794.6000000000007
2013-11-04 15:00:00,795.1000000000007
2013-11-04 16:00:00,795.2000000000006
2013-11-04 20:00:00,801.9000000000007
2013-11-05 06:00:00,793.3000000000008
2013-11-05 14:00:00,796.2000000000006
2013-11-05 15:00:00,796.5000000000006
2013-11-05 16:00:00,797.4000000000007
2013-11-05 17:00:00,796.6000000000007
2013-11-05 18:00:00,797.1000000000007
2013-11-05 19:00:00,794.6000000000007
2013-11-05 20:00:00,793.3000000000008
2013-11-06 06:00:00,795.5000000000006
2013-11-06 14:00:00,802.1000000000007
2013-11-06 15:00:00,796.0000000000006
2013-11-06 16:00:00,797.2000000000006
2013-11-06 17:00:00,796.0000000000006
2013-11-06 19:00:00,794.2000000000006
2013-11-06 20:00:00,794.9000000000007
2013-11-07 06:00:00,782.9000000000007
2013-11-07 14:00:00,789.9000000000007
2013-11-07 15:00:00,790.0000000000006
2013-11-07 16:00:00,791.1000000000007
2013-11-07 17:00:00,791.6000000000007
2013-11-07 18:00:00,786.0000000000006
2013-11-07 19:00:00,785.8000000000008
2013-11-07 20:00:00,782.9000000000007
2013-11-07 21:00:00,782.9000000000007
2013-11-08 06:00:00,795.7000000000006
2013-11-08 14:00:00,785.5000000000006
2013-11-08 15:00:00,790.3000000000008
2013-11-08 16:00:00,789.2000000000006
2013-11-08 17:00:00,792.8000000000008
2013-11-08 18:00:00,794.1000000000007
2013-11-08 19:00:00,794.3000000000008
2013-11-08 20:00:00,794.5000000000006
2013-11-11 06:00:00,796.6000000000007
2013-11-11 14:00:00,799.2000000000006
2013-11-11 15:00:00,797.6000000000007
2013-11-11 16:00:00,796.2000000000006
2013-11-11 20:00:00,796.6000000000007
2013-11-12 06:00:00,788.8000000000008
2013-11-12 14:00:00,794.8000000000008
2013-11-12 15:00:00,793.8000000000008
2013-11-12 16:00:00,791.7000000000006
2013-11-12 17:00:00,790.5000000000006
2013-11-12 18:00:00,787.4000000000007
2013-11-12 19:00:00,789.9000000000007
2013-11-12 20:00:00,788.8000000000008
2013-11-13 06:00:00,796.1000000000007
2013-11-13 14:00:00,786.3000000000008
2013-11-13 15:00:00,793.0000000000006
2013-11-13 16:00:00,791.8000000000008
2013-11-13 17:00:00,789.6000000000007
2013-11-13 18:00:00,793.1000000000007
2013-11-13 19:00:00,792.7000000000006
2013-11-13 20:00:00,796.1000000000007
2013-11-13 21:00:00,796.0000000000006
2013-11-14 06:00:00,801.9000000000007
2013-11-14 14:00:00,798.0000000000006
2013-11-14 15:00:00,798.8000000000008
2013-11-14 16:00:00,799.6000000000007
2013-11-14 17:00:00,801.4000000000007
2013-11-14 18:00:00,800.9000000000007
2013-11-14 19:00:00,800.5000000000006
2013-11-14 20:00:00,802.0000000000006
2013-11-15 06:00:00,806.4000000000007
2013-11-15 14:00:00,803.0000000000006
2013-11-15 15:00:00,804.5000000000006
2013-11-15 16:00:00,802.5000000000006
2013-11-15 19:00:00,805.1000000000007
2013-11-15 20:00:00,806.3000000000008
2013-11-18 06:00:00,799.5000000000006
2013-11-18 14:00:00,805.0000000000006
2013-11-18 15:00:00,805.6000000000007
2013-11-18 16:00:00,804.2000000000006
2013-11-18 17:00:00,801.6000000000007
2013-11-18 18:00:00,802.2000000000006
2013-11-18 19:00:00,800.8000000000008
2013-11-18 20:00:00,798.5000000000006
2013-11-19 06:00:00,801.0000000000006
2013-11-19 14:00:00,796.9000000000007
2013-11-19 15:00:00,802.3000000000008
2013-11-19 16:00:00,800.6000000000007
2013-11-19 17:00:00,802.4000000000007
2013-11-19 18:00:00,799.0000000000006
2013-11-19 19:00:00,802.4000000000007
2013-11-19 20:00:00,801.0000000000006
2013-11-20 06:00:00,798.9000000000007
2013-11-20 14:00:00,801.2000000000006
2013-11-20 15:00:00,805.0000000000006
2013-11-20 16:00:00,800.7000000000006
2013-11-20 17:00:00,802.2000000000006
2013-11-20 18:00:00,802.9000000000007
2013-11-20 19:00:00,799.2000000000006
2013-11-20 20:00:00,797.7000000000006
2013-11-20 21:00:00,799.3000000000008
2013-11-21 06:00:00,807.2000000000006
2013-11-21 14:00:00,803.5000000000006
2013-11-21 15:00:00,806.1000000000007
2013-11-21 16:00:00,807.7000000000006
2013-11-21 17:00:00,805.4000000000007
2013-11-21 18:00:00,807.7000000000006
2013-11-21 19:00:00,807.7000000000006
2013-11-21 20:00:00,807.2000000000006
2013-11-22 06:00:00,812.1000000000007
2013-11-22 14:00:00,804.6000000000007
2013-11-22 15:00:00,805.6000000000007
2013-11-22 16:00:00,809.1000000000007
2013-11-22 17:00:00,807.6000000000007
2013-11-22 19:00:00,809.8000000000008
2013-11-22 20:00:00,811.4000000000007
2013-11-25 06:00:00,804.1000000000007
2013-11-25 14:00:00,806.1000000000007
2013-11-25 15:00:00,804.9000000000007
2013-11-25 16:00:00,804.5000000000006
2013-11-25 17:00:00,803.8000000000008
2013-11-25 18:00:00,805.2000000000006
2013-11-25 19:00:00,806.4000000000007
2013-11-25 20:00:00,803.5000000000006
2013-11-25 21:00:00,804.4000000000007
2013-11-26 06:00:00,802.0000000000006
2013-11-26 14:00:00,802.0000000000006
2013-11-26 15:00:00,804.5000000000006
2013-11-26 16:00:00,803.2000000000006
2013-11-26 17:00:00,805.3000000000008
2013-11-26 18:00:00,806.4000000000007
2013-11-26 19:00:00,804.4000000000007
2013-11-26 20:00:00,802.1000000000007
2013-11-27 06:00:00,795.8000000000008
2013-11-27 14:00:00,800.8000000000008
2013-11-27 15:00:00,800.0000000000006
2013-11-27 16:00:00,799.1000000000007
2013-11-27 17:00:00,791.5000000000006
2013-11-27 18:00:00,793.0000000000006
2013-11-27 19:00:00,795.8000000000008
2013-11-27 20:00:00,796.1000000000007
2013-11-27 21:00:00,795.4000000000007
2013-11-29 06:00:00,794.2000000000006
2013-11-29 14:00:00,793.9000000000007
2013-11-29 15:00:00,800.1000000000007
2013-12-02 06:00:00,794.9000000000007
2013-12-02 14:00:00,792.4000000000007
2013-12-02 15:00:00,795.9000000000007
2013-12-02 16:00:00,799.0000000000006
2013-12-02 17:00:00,800.8000000000008
2013-12-02 18:00:00,799.1000000000007
2013-12-02 19:00:00,797.0000000000006
2013-12-02 20:00:00,794.2000000000006
2013-12-02 21:00:00,795.3000000000008
2013-12-03 06:00:00,797.5000000000006
2013-12-03 14:00:00,797.5000000000006
2013-12-03 15:00:00,799.3000000000008
2013-12-03 16:00:00,795.6000000000007
2013-12-03 17:00:00,796.5000000000006
2013-12-03 18:00:00,796.0000000000006
2013-12-03 19:00:00,796.9000000000007
2013-12-03 20:00:00,797.5000000000006
2013-12-03 21:00:00,797.4000000000007
2013-12-04 06:00:00,793.9000000000007
2013-12-04 14:00:00,792.3000000000008
2013-12-04 15:00:00,797.3000000000008
2013-12-04 16:00:00,796.1000000000007
2013-12-04 17:00:00,794.2000000000006
2013-12-04 18:00:00,789.1000000000007
2013-12-04 19:00:00,791.5000000000006
2013-12-04 20:00:00,795.0000000000006
2013-12-05 06:00:00,791.1000000000007
2013-12-05 14:00:00,791.3000000000008
2013-12-05 15:00:00,791.8000000000008
2013-12-05 16:00:00,793.1000000000007
2013-12-05 17:00:00,793.8000000000008
2013-12-05 18:00:00,791.5000000000006
2013-12-05 19:00:00,790.4000000000007
2013-12-05 20:00:00,792.3000000000008
2013-12-06 06:00:00,793.5000000000006
2013-12-06 14:00:00,796.1000000000007
2013-12-06 15:00:00,795.8000000000008
2013-12-06 16:00:00,795.9000000000007
2013-12-06 17:00:00,795.4000000000007
2013-12-06 18:00:00,794.7000000000006
2013-12-06 19:00:00,795.3000000000008
2013-12-06 20:00:00,791.4000000000007
2013-12-09 06:00:00,795.1000000000007
2013-12-09 14:00:00,797.4000000000007
2013-12-09 15:00:00,794.7000000000006
2013-12-09 16:00:00,795.3000000000008
2013-12-09 17:00:00,795.4000000000007
2013-12-09 19:00:00,796.4000000000007
2013-12-10 06:00:00,792.6000000000007
2013-12-10 14:00:00,793.5000000000006
2013-12-10 15:00:00,795.3000000000008
2013-12-10 17:00:00,793.4000000000007
2013-12-10 18:00:00,792.1000000000007
2013-12-10 19:00:00,792.7000000000006
2013-12-10 21:00:00,792.1000000000007
2013-12-11 06:00:00,780.3000000000008
2013-12-12 06:00:00,783.8000000000008
2013-12-12 14:00:00,781.0000000000008
2013-12-12 17:00:00,779.5000000000008
2013-12-13 06:00:00,780.9000000000007
2013-12-13 14:00:00,780.3000000000008
2013-12-13 20:00:00,781.4000000000007
2013-12-16 06:00:00,788.2000000000006
2013-12-16 14:00:00,788.7000000000006
2013-12-16 15:00:00,789.7000000000006
2013-12-16 20:00:00,788.3000000000008
2013-12-16 21:00:00,788.3000000000008
2013-12-17 06:00:00,783.6000000000007
2013-12-17 14:00:00,786.7000000000006
2013-12-17 15:00:00,783.4000000000007
2013-12-17 16:00:00,781.9000000000007
2013-12-17 17:00:00,782.8000000000008
2013-12-17 18:00:00,783.6000000000007
2013-12-18 06:00:00,796.4000000000007
2013-12-18 14:00:00,784.6000000000007
2013-12-18 17:00:00,783.5000000000008
2013-12-18 19:00:00,791.7000000000006
2013-12-18 20:00:00,796.5000000000008
2013-12-19 06:00:00,798.2000000000006
2013-12-19 14:00:00,795.4000000000007
2013-12-19 15:00:00,797.3000000000008
2013-12-19 16:00:00,797.1000000000007
2013-12-19 17:00:00,797.6000000000007
2013-12-19 18:00:00,798.6000000000007
2013-12-19 19:00:00,797.7000000000006
2013-12-19 20:00:00,797.4000000000007
2013-12-19 21:00:00,798.5000000000008
2013-12-20 06:00:00,800.6000000000007
2013-12-20 14:00:00,801.8000000000008
2013-12-20 15:00:00,802.7000000000006
2013-12-20 17:00:00,802.1000000000007
2013-12-20 20:00:00,800.6000000000007
2013-12-23 06:00:00,801.2000000000006
2013-12-23 14:00:00,806.3000000000008
2013-12-23 15:00:00,805.6000000000007
2013-12-23 17:00:00,804.6000000000007
2013-12-23 19:00:00,802.4000000000007
2013-12-23 21:00:00,801.4000000000007
2013-12-24 06:00:00,806.1000000000007
2013-12-24 16:00:00,806.1000000000007
2013-12-26 06:00:00,812.5000000000008
2013-12-26 14:00:00,809.9000000000007
2013-12-26 15:00:00,809.8000000000008
2013-12-26 16:00:00,810.2000000000006
2013-12-26 19:00:00,812.0000000000008
2013-12-27 06:00:00,816.5000000000008
2013-12-27 14:00:00,814.1000000000007
2013-12-27 15:00:00,813.1000000000007
2013-12-27 16:00:00,816.0000000000008
2013-12-27 17:00:00,815.7000000000006
2013-12-30 06:00:00,810.0000000000008
2013-12-30 14:00:00,818.0000000000008
2013-12-30 15:00:00,812.2000000000006
2013-12-30 16:00:00,812.0000000000008
2013-12-30 17:00:00,810.3000000000008
2013-12-30 18:00:00,810.2000000000006
2013-12-30 20:00:00,811.1000000000007
2013-12-31 06:00:00,817.3000000000008
2013-12-31 14:00:00,814.7000000000006
2013-12-31 15:00:00,815.2000000000006
2013-12-31 16:00:00,816.6000000000007
2013-12-31 17:00:00,816.2000000000006
2013-12-31 20:00:00,816.9000000000007
2014-01-02 06:00:00,806.0000000000008
2014-01-02 14:00:00,815.6000000000007
2014-01-02 15:00:00,812.1000000000007
2014-01-02 16:00:00,806.3000000000008
2014-01-02 17:00:00,804.9000000000007
2014-01-02 18:00:00,805.4000000000007
2014-01-02 19:00:00,803.8000000000008
2014-01-02 20:00:00,806.6000000000007
2014-01-03 06:00:00,803.1000000000007
2014-01-03 14:00:00,807.5000000000008
2014-01-03 15:00:00,804.1000000000007
2014-01-03 16:00:00,801.7000000000006
2014-01-03 17:00:00,803.5000000000008
2014-01-03 19:00:00,802.5000000000008
2014-01-03 20:00:00,804.0000000000008
2014-01-06 06:00:00,803.8000000000008
2014-01-06 14:00:00,804.5000000000008
2014-01-06 15:00:00,805.7000000000006
2014-01-06 17:00:00,800.7000000000006
2014-01-06 18:00:00,803.7000000000006
2014-01-06 19:00:00,803.4000000000007
2014-01-06 20:00:00,804.3000000000008
2014-01-07 06:00:00,810.3000000000008
2014-01-07 14:00:00,807.9000000000007
2014-01-07 15:00:00,808.0000000000008
2014-01-07 16:00:00,807.8000000000008
2014-01-07 18:00:00,809.4000000000007
2014-01-07 19:00:00,809.5000000000008
2014-01-07 21:00:00,810.4000000000007
2014-01-08 06:00:00,804.3000000000008
2014-01-08 14:00:00,807.1000000000007
2014-01-08 15:00:00,805.3000000000008
2014-01-08 16:00:00,803.8000000000008
2014-01-08 17:00:00,802.6000000000007
2014-01-08 18:00:00,803.4000000000007
2014-01-08 19:00:00,803.1000000000007
2014-01-08 20:00:00,804.1000000000007
2014-01-09 06:00:00,801.5000000000008
2014-01-09 14:00:00,805.7000000000006
2014-01-09 15:00:00,802.1000000000007
2014-01-09 16:00:00,801.5000000000008
2014-01-09 17:00:00,800.8000000000008
2014-01-09 18:00:00,796.4000000000007
2014-01-09 19:00:00,797.7000000000006
2014-01-09 20:00:00,801.5000000000008
2014-01-10 06:00:00,802.6000000000007
2014-01-10 14:00:00,802.6000000000007
2014-01-10 15:00:00,799.7000000000006
2014-01-10 16:00:00,797.3000000000008
2014-01-10 17:00:00,799.4000000000007
2014-01-10 20:00:00,801.5000000000008
2014-01-13 06:00:00,785.6000000000007
2014-01-13 14:00:00,800.0000000000008
2014-01-13 15:00:00,797.2000000000006
2014-01-13 16:00:00,797.0000000000008
2014-01-13 17:00:00,791.4000000000007
2014-01-13 18:00:00,788.9000000000007
2014-01-13 19:00:00,786.9000000000007
2014-01-13 20:00:00,785.6000000000007
2014-01-14 06:00:00,795.9000000000007
2014-01-14 14:00:00,790.0000000000008
2014-01-14 15:00:00,793.2000000000006
2014-01-14 16:00:00,791.8000000000008
2014-01-14 17:00:00,794.2000000000006
2014-01-14 18:00:00,793.7000000000006
2014-01-14 20:00:00,795.6000000000007
2014-01-15 06:00:00,793.8000000000008
2014-01-15 14:00:00,793.8000000000008
2014-01-15 15:00:00,796.1000000000007
2014-01-15 16:00:00,796.8000000000008
2014-01-15 17:00:00,796.0000000000008
2014-01-15 19:00:00,793.5000000000008
2014-01-15 20:00:00,793.8000000000008
2014-01-15 21:00:00,793.0000000000008
2014-01-16 06:00:00,794.6000000000007
2014-01-16 14:00:00,792.8000000000008
2014-01-16 15:00:00,789.1000000000007
2014-01-16 16:00:00,790.7000000000006
2014-01-16 18:00:00,793.9000000000007
2014-01-16 19:00:00,793.3000000000008
2014-01-16 20:00:00,793.8000000000008
2014-01-17 06:00:00,793.7000000000006
2014-01-17 14:00:00,793.0000000000008
2014-01-17 15:00:00,795.8000000000008
2014-01-17 16:00:00,799.0000000000008
2014-01-17 17:00:00,799.6000000000007
2014-01-17 18:00:00,797.1000000000007
2014-01-17 19:00:00,796.9000000000007
2014-01-17 20:00:00,793.8000000000008
2014-01-17 21:00:00,793.5000000000008
2014-01-21 06:00:00,799.5000000000008
2014-01-21 14:00:00,799.6000000000007
2014-01-21 15:00:00,798.3000000000008
2014-01-21 16:00:00,794.7000000000006
2014-01-21 17:00:00,796.7000000000006
2014-01-21 19:00:00,799.3000000000008
2014-01-21 20:00:00,799.7000000000006
2014-01-22 06:00:00,804.5000000000008
2014-01-22 14:00:00,802.6000000000007
2014-01-22 15:00:00,799.1000000000007
2014-01-22 18:00:00,801.9000000000007
2014-01-22 20:00:00,804.5000000000008
2014-01-23 06:00:00,794.4000000000007
2014-01-23 14:00:00,799.6000000000007
2014-01-23 15:00:00,795.8000000000008
2014-01-23 16:00:00,795.5000000000008
2014-01-23 17:00:00,793.5000000000008
2014-01-23 18:00:00,791.2000000000006
2014-01-23 20:00:00,794.5000000000008
2014-01-24 06:00:00,776.6000000000007
2014-01-24 14:00:00,784.9000000000007
2014-01-24 15:00:00,780.0000000000008
2014-01-24 16:00:00,779.4000000000007
2014-01-24 17:00:00,780.3000000000008
2014-01-24 18:00:00,782.6000000000007
2014-01-24 19:00:00,780.1000000000007
2014-01-24 20:00:00,778.2000000000006
2014-01-27 06:00:00,773.1000000000007
2014-01-27 14:00:00,776.1000000000007
2014-01-27 15:00:00,773.8000000000008
2014-01-27 16:00:00,771.0000000000008
2014-01-27 17:00:00,768.9000000000007
2014-01-27 18:00:00,772.7000000000006
2014-01-27 19:00:00,777.4000000000007
2014-01-27 20:00:00,775.4000000000007
2014-01-28 06:00:00,779.7000000000006
2014-01-28 14:00:00,777.5000000000008
2014-01-28 15:00:00,776.5000000000008
2014-01-28 16:00:00,775.9000000000007
2014-01-28 17:00:00,777.6000000000007
2014-01-28 18:00:00,778.8000000000008
2014-01-28 20:00:00,779.5000000000008
2014-01-29 06:00:00,775.3000000000008
2014-01-29 14:00:00,774.9000000000007
2014-01-29 15:00:00,776.6000000000007
2014-01-29 16:00:00,779.0000000000008
2014-01-29 17:00:00,777.5000000000008
2014-01-29 18:00:00,777.4000000000007
2014-01-29 19:00:00,776.3000000000008
2014-01-29 20:00:00,775.7000000000006
2014-01-30 06:00:00,777.7000000000006
2014-01-30 14:00:00,775.1000000000007
2014-01-30 15:00:00,776.5000000000008
2014-01-30 16:00:00,778.1000000000007
2014-01-30 17:00:00,780.5000000000008
2014-01-30 19:00:00,778.5000000000008
2014-01-30 20:00:00,777.1000000000007
2014-01-31 06:00:00,766.4000000000007
2014-01-31 14:00:00,767.0000000000008
2014-01-31 15:00:00,768.7000000000006
2014-01-31 16:00:00,771.6000000000007
2014-01-31 17:00:00,771.9000000000007
2014-01-31 19:00:00,772.1000000000007
2014-01-31 20:00:00,765.8000000000008
2014-02-03 06:00:00,751.9000000000007
2014-02-03 14:00:00,766.5000000000008
2014-02-03 15:00:00,759.7000000000006
2014-02-03 16:00:00,755.1000000000007
2014-02-03 17:00:00,757.0000000000008
2014-02-03 18:00:00,753.8000000000008
2014-02-03 19:00:00,752.1000000000007
2014-02-03 20:00:00,750.4000000000007
2014-02-04 06:00:00,759.8000000000008
2014-02-04 14:00:00,757.9000000000007
2014-02-04 15:00:00,758.9000000000007
2014-02-04 16:00:00,758.7000000000006
2014-02-04 17:00:00,759.7000000000006
2014-02-04 19:00:00,760.8000000000008
2014-02-04 20:00:00,758.3000000000008
2014-02-05 06:00:00,752.7000000000006
2014-02-05 14:00:00,755.5000000000008
2014-02-05 15:00:00,753.9000000000007
2014-02-05 16:00:00,751.8000000000008
2014-02-05 19:00:00,752.0000000000008
2014-02-05 20:00:00,753.2000000000006
2014-02-06 06:00:00,764.5000000000008
2014-02-06 14:00:00,758.4000000000007
2014-02-06 15:00:00,760.8000000000008
2014-02-06 16:00:00,761.1000000000007
2014-02-06 18:00:00,764.1000000000007
2014-02-06 19:00:00,764.5000000000008
2014-02-07 06:00:00,773.2000000000006
2014-02-07 14:00:00,765.6000000000007
2014-02-07 15:00:00,766.7000000000006
2014-02-07 16:00:00,766.3000000000008
2014-02-07 17:00:00,767.3000000000008
2014-02-07 20:00:00,773.1000000000007
2014-02-10 06:00:00,769.1000000000007
2014-02-10 14:00:00,767.0000000000008
2014-02-10 15:00:00,768.7000000000006
2014-02-10 16:00:00,766.3000000000008
2014-02-10 18:00:00,768.0000000000008
2014-02-10 20:00:00,767.6000000000007
2014-02-11 06:00:00,780.4000000000007
2014-02-11 14:00:00,773.9000000000007
2014-02-11 15:00:00,774.6000000000007
2014-02-11 16:00:00,778.5000000000008
2014-02-11 17:00:00,778.6000000000007
2014-02-11 18:00:00,778.7000000000006
2014-02-11 19:00:00,781.1000000000007
2014-02-11 20:00:00,782.1000000000007
2014-02-12 06:00:00,778.0000000000008
2014-02-12 14:00:00,783.8000000000008
2014-02-12 15:00:00,780.3000000000008
2014-02-12 16:00:00,779.2000000000006
2014-02-13 06:00:00,781.7000000000006
2014-02-13 14:00:00,773.7000000000006
2014-02-13 15:00:00,778.8000000000008
2014-02-13 16:00:00,779.4000000000007
2014-02-13 18:00:00,783.7000000000006
2014-02-13 19:00:00,782.7000000000006
2014-02-13 20:00:00,781.9000000000007
2014-02-13 21:00:00,781.3000000000008
2014-02-14 06:00:00,792.7000000000006
2014-02-14 14:00:00,784.7000000000006
2014-02-14 15:00:00,789.0000000000008
2014-02-14 17:00:00,791.8000000000008
2014-02-14 18:00:00,790.7000000000006
2014-02-14 19:00:00,792.4000000000007
2014-02-14 20:00:00,792.7000000000006
2014-02-18 06:00:00,796.6000000000007
2014-02-18 14:00:00,795.7000000000006
2014-02-18 15:00:00,795.1000000000007
2014-02-18 16:00:00,793.7000000000006
2014-02-18 18:00:00,795.3000000000008
2014-02-18 19:00:00,796.6000000000007
2014-02-19 06:00:00,797.7000000000006
2014-02-19 14:00:00,802.7000000000006
2014-02-19 15:00:00,806.3000000000008
2014-02-19 16:00:00,804.7000000000006
2014-02-19 17:00:00,804.2000000000006
2014-02-19 20:00:00,797.4000000000007
2014-02-20 06:00:00,803.7000000000006
2014-02-20 14:00:00,801.2000000000006
2014-02-20 15:00:00,801.0000000000008
2014-02-20 16:00:00,804.3000000000008
2014-02-20 19:00:00,804.9000000000007
2014-02-21 06:00:00,796.9000000000007
2014-02-21 14:00:00,800.1000000000007
2014-02-21 15:00:00,800.3000000000008
2014-02-21 16:00:00,802.4000000000007
2014-02-21 18:00:00,801.6000000000007
2014-02-21 20:00:00,799.7000000000006
2014-02-24 06:00:00,810.5000000000008
2014-02-24 14:00:00,810.8000000000008
2014-02-24 15:00:00,813.9000000000007
2014-02-24 16:00:00,816.7000000000006
2014-02-24 19:00:00,815.2000000000006
2014-02-24 20:00:00,810.5000000000008
2014-02-25 06:00:00,809.8000000000008
2014-02-25 14:00:00,804.6000000000007
2014-02-25 15:00:00,805.6000000000007
2014-02-25 16:00:00,808.6000000000007
2014-02-25 17:00:00,809.7000000000006
2014-02-25 18:00:00,810.5000000000008
2014-02-26 06:00:00,804.1000000000007
2014-02-26 14:00:00,804.3000000000008
2014-02-26 15:00:00,806.8000000000008
2014-02-26 16:00:00,806.6000000000007
2014-02-26 17:00:00,807.4000000000007
2014-02-26 18:00:00,806.4000000000007
2014-02-26 19:00:00,803.8000000000008
2014-02-26 20:00:00,804.4000000000007
2014-02-26 21:00:00,803.9000000000007
2014-02-27 06:00:00,804.3000000000008
2014-02-27 14:00:00,800.5000000000008
2014-02-27 15:00:00,800.6000000000007
2014-02-27 16:00:00,802.7000000000006
2014-02-27 17:00:00,801.2000000000006
2014-02-27 20:00:00,804.3000000000008
2014-02-28 06:00:00,808.8000000000008
2014-02-28 14:00:00,807.8000000000008
2014-02-28 15:00:00,810.6000000000007
2014-02-28 16:00:00,809.8000000000008
2014-02-28 17:00:00,810.3000000000008
2014-02-28 18:00:00,811.7000000000006
2014-02-28 19:00:00,810.1000000000007
2014-02-28 20:00:00,807.4000000000007
2014-03-03 06:00:00,803.8000000000008
2014-03-03 14:00:00,812.0000000000008
2014-03-03 15:00:00,808.3000000000008
2014-03-03 16:00:00,804.4000000000007
2014-03-03 17:00:00,804.9000000000007
2014-03-03 18:00:00,805.1000000000007
2014-03-03 19:00:00,803.8000000000008
2014-03-03 20:00:00,802.4000000000007
2014-03-04 06:00:00,812.9000000000007
2014-03-04 14:00:00,809.9000000000007
2014-03-04 15:00:00,808.8000000000008
2014-03-04 17:00:00,810.2000000000006
2014-03-04 18:00:00,810.8000000000008
2014-03-04 19:00:00,813.5000000000008
2014-03-04 20:00:00,815.4000000000007
2014-03-04 21:00:00,812.6000000000007
2014-03-05 06:00:00,804.6000000000007
2014-03-05 14:00:00,810.3000000000008
2014-03-05 15:00:00,808.5000000000008
2014-03-05 16:00:00,809.1000000000007
2014-03-05 20:00:00,804.1000000000007
2014-03-05 21:00:00,804.7000000000006
2014-03-06 06:00:00,811.1000000000007
2014-03-06 14:00:00,808.1000000000007
2014-03-06 16:00:00,809.9000000000007
2014-03-06 18:00:00,810.1000000000007
2014-03-06 19:00:00,810.1000000000007
2014-03-07 06:00:00,813.3000000000008
2014-03-07 14:00:00,814.1000000000007
2014-03-07 15:00:00,813.1000000000007
2014-03-07 16:00:00,811.1000000000007
2014-03-07 19:00:00,812.2000000000006
2014-03-07 20:00:00,811.7000000000006
2014-03-10 05:00:00,814.5000000000008
2014-03-10 13:00:00,812.5000000000008
2014-03-10 14:00:00,808.5000000000008
2014-03-10 15:00:00,809.6000000000007
2014-03-10 16:00:00,811.9000000000007
2014-03-10 18:00:00,813.2000000000006
2014-03-10 19:00:00,813.8000000000008
2014-03-11 05:00:00,804.1000000000007
2014-03-12 05:00:00,804.3000000000008
2014-03-13 05:00:00,794.8000000000008
2014-03-13 13:00:00,805.1000000000007
2014-03-13 14:00:00,799.5000000000006
2014-03-13 17:00:00,794.6000000000007
2014-03-14 05:00:00,796.1000000000007
2014-03-14 13:00:00,796.9000000000007
2014-03-14 14:00:00,796.7000000000006
2014-03-14 15:00:00,795.7000000000006
2014-03-14 16:00:00,796.8000000000008
2014-03-14 17:00:00,796.6000000000007
2014-03-14 18:00:00,796.3000000000008
2014-03-14 19:00:00,796.8000000000008
2014-03-17 05:00:00,801.3000000000008
2014-03-17 16:00:00,798.3000000000008
2014-03-17 18:00:00,800.5000000000006
2014-03-17 19:00:00,800.5000000000006
2014-03-18 05:00:00,808.9000000000007
2014-03-18 13:00:00,802.4000000000007
2014-03-18 14:00:00,809.2000000000006
2014-03-18 15:00:00,809.7000000000006
2014-03-18 16:00:00,809.1000000000007
2014-03-18 19:00:00,808.9000000000007
2014-03-18 20:00:00,808.7000000000006
2014-03-19 05:00:00,800.5000000000006
2014-03-19 13:00:00,805.4000000000007
2014-03-19 14:00:00,807.6000000000007
2014-03-19 15:00:00,804.3000000000008
2014-03-19 16:00:00,806.1000000000007
2014-03-19 17:00:00,807.8000000000008
2014-03-19 18:00:00,804.1000000000007
2014-03-19 19:00:00,800.6000000000007
2014-03-20 05:00:00,804.7000000000006
2014-03-20 13:00:00,795.6000000000007
2014-03-20 14:00:00,801.7000000000006
2014-03-20 16:00:00,804.7000000000006
2014-03-21 05:00:00,807.4000000000007
2014-03-21 13:00:00,810.0000000000006
2014-03-21 14:00:00,809.2000000000006
2014-03-21 15:00:00,811.3000000000008
2014-03-21 16:00:00,812.6000000000007
2014-03-21 17:00:00,809.9000000000007
2014-03-21 18:00:00,809.4000000000007
2014-03-21 19:00:00,807.4000000000007
2014-03-21 20:00:00,807.3000000000008
2014-03-24 05:00:00,805.3000000000008
2014-03-24 13:00:00,811.5000000000006
2014-03-24 14:00:00,807.5000000000006
2014-03-24 15:00:00,806.3000000000008
2014-03-24 16:00:00,804.9000000000007
2014-03-24 17:00:00,805.8000000000008
2014-03-24 18:00:00,806.1000000000007
2014-03-24 19:00:00,805.7000000000006
2014-03-25 05:00:00,812.5000000000006
2014-03-25 13:00:00,812.4000000000007
2014-03-25 14:00:00,811.4000000000007
2014-03-25 15:00:00,812.1000000000007
2014-03-25 18:00:00,812.6000000000007
2014-03-25 19:00:00,812.5000000000006
2014-03-26 05:00:00,809.2000000000006
2014-03-26 13:00:00,817.2000000000006
2014-03-26 14:00:00,815.9000000000007
2014-03-26 17:00:00,811.0000000000006
2014-03-26 18:00:00,810.9000000000007
2014-03-26 19:00:00,809.2000000000006
2014-03-27 05:00:00,816.4000000000007
2014-03-27 13:00:00,809.2000000000006
2014-03-27 14:00:00,817.9000000000007
2014-03-27 15:00:00,814.3000000000008
2014-03-27 16:00:00,814.0000000000006
2014-03-27 17:00:00,815.3000000000008
2014-03-27 18:00:00,816.4000000000007
2014-03-28 05:00:00,827.4000000000007
2014-03-28 13:00:00,819.5000000000006
2014-03-28 14:00:00,822.8000000000008
2014-03-28 15:00:00,825.2000000000006
2014-03-28 16:00:00,827.2000000000006
2014-03-28 17:00:00,826.9000000000007
2014-03-28 18:00:00,825.3000000000008
2014-03-28 19:00:00,827.5000000000006
2014-03-31 05:00:00,826.5000000000006
2014-03-31 13:00:00,830.5000000000006
2014-03-31 14:00:00,831.3000000000008
2014-03-31 15:00:00,825.0000000000006
2014-04-01 05:00:00,832.7000000000006
2014-04-01 13:00:00,831.4000000000007
2014-04-01 14:00:00,828.0000000000006
2014-04-01 15:00:00,828.9000000000007
2014-04-01 16:00:00,829.1000000000007
2014-04-01 17:00:00,829.2000000000006
2014-04-01 19:00:00,832.7000000000006
2014-04-02 05:00:00,836.2000000000006
2014-04-02 13:00:00,832.5000000000006
2014-04-02 14:00:00,832.6000000000007
2014-04-02 15:00:00,834.4000000000007
2014-04-02 16:00:00,833.8000000000008
2014-04-02 19:00:00,836.9000000000007
2014-04-03 05:00:00,842.2000000000006
2014-04-03 13:00:00,837.8000000000008
2014-04-03 14:00:00,836.4000000000007
2014-04-03 15:00:00,840.5000000000006
2014-04-03 16:00:00,840.1000000000007
2014-04-03 17:00:00,842.8000000000008
2014-04-03 18:00:00,841.6000000000007
2014-04-03 19:00:00,842.5000000000006
2014-04-04 05:00:00,837.7000000000006
2014-04-04 13:00:00,845.0000000000006
2014-04-04 14:00:00,849.0000000000006
2014-04-04 15:00:00,845.6000000000007
2014-04-04 16:00:00,841.7000000000006
2014-04-04 17:00:00,839.7000000000006
2014-04-04 18:00:00,837.5000000000006
2014-04-07 05:00:00,823.2000000000006
2014-04-07 13:00:00,831.7000000000006
2014-04-07 14:00:00,829.5000000000006
2014-04-07 15:00:00,829.3000000000008
2014-04-07 19:00:00,823.0000000000006
2014-04-08 05:00:00,831.7000000000006
2014-04-08 13:00:00,828.4000000000007
2014-04-08 14:00:00,828.3000000000008
2014-04-08 15:00:00,829.2000000000006
2014-04-08 17:00:00,832.2000000000006
2014-04-08 18:00:00,833.2000000000006
2014-04-08 19:00:00,831.5000000000006
2014-04-09 05:00:00,836.0000000000006
2014-04-09 13:00:00,829.2000000000006
2014-04-09 14:00:00,829.9000000000007
2014-04-09 15:00:00,830.5000000000006
2014-04-09 17:00:00,832.3000000000008
2014-04-09 18:00:00,834.5000000000006
2014-04-10 05:00:00,824.0000000000006
2014-04-10 13:00:00,834.9000000000007
2014-04-10 14:00:00,832.5000000000006
2014-04-10 15:00:00,831.6000000000007
2014-04-10 16:00:00,829.2000000000006
2014-04-10 17:00:00,826.7000000000006
2014-04-10 18:00:00,825.8000000000008
2014-04-10 19:00:00,824.8000000000008
2014-04-11 05:00:00,820.8000000000008
2014-04-11 13:00:00,825.0000000000006
2014-04-11 14:00:00,824.3000000000008
2014-04-11 15:00:00,824.6000000000007
2014-04-11 16:00:00,824.1000000000007
2014-04-11 17:00:00,823.4000000000007
2014-04-11 18:00:00,821.2000000000006
2014-04-11 19:00:00,820.7000000000006
2014-04-14 05:00:00,832.7000000000006
2014-04-14 13:00:00,826.3000000000008
2014-04-14 14:00:00,832.8000000000008
2014-04-14 15:00:00,833.3000000000008
2014-04-14 16:00:00,834.5000000000006
2014-04-14 17:00:00,832.7000000000006
2014-04-14 18:00:00,831.8000000000008
2014-04-14 19:00:00,832.7000000000006
2014-04-15 05:00:00,844.3000000000008
2014-04-15 13:00:00,839.8000000000008
2014-04-15 14:00:00,838.9000000000007
2014-04-15 15:00:00,835.8000000000008
2014-04-15 16:00:00,834.1000000000007
2014-04-15 17:00:00,838.6000000000007
2014-04-15 18:00:00,841.7000000000006
2014-04-15 19:00:00,844.3000000000008
2014-04-16 05:00:00,855.7000000000006
2014-04-16 13:00:00,850.3000000000008
2014-04-16 14:00:00,850.8000000000008
2014-04-16 15:00:00,854.2000000000006
2014-04-16 17:00:00,853.0000000000006
2014-04-17 05:00:00,864.8000000000008
2014-04-17 13:00:00,858.7000000000006
2014-04-17 14:00:00,860.3000000000008
2014-04-17 15:00:00,862.2000000000006
2014-04-17 16:00:00,863.8000000000008
2014-04-17 17:00:00,864.8000000000008
2014-04-21 05:00:00,870.5000000000006
2014-04-21 13:00:00,867.8000000000008
2014-04-21 14:00:00,869.5000000000006
2014-04-21 15:00:00,867.9000000000007
2014-04-21 16:00:00,868.2000000000006
2014-04-21 19:00:00,870.5000000000006
2014-04-22 05:00:00,869.2000000000006
2014-04-22 13:00:00,864.3000000000008
2014-04-22 14:00:00,869.8000000000008
2014-04-22 15:00:00,870.0000000000006
2014-04-22 16:00:00,869.7000000000006
2014-04-22 19:00:00,869.2000000000006
2014-04-23 05:00:00,874.0000000000006
2014-04-23 13:00:00,875.1000000000007
2014-04-23 14:00:00,874.4000000000007
2014-04-23 19:00:00,874.0000000000006
2014-04-24 05:00:00,873.7000000000006
2014-04-24 13:00:00,875.7000000000006
2014-04-24 14:00:00,874.1000000000007
2014-04-24 15:00:00,878.0000000000006
2014-04-24 16:00:00,876.6000000000007
2014-04-24 17:00:00,874.7000000000006
2014-04-24 18:00:00,874.2000000000006
2014-04-24 19:00:00,873.7000000000006
2014-04-25 05:00:00,868.0000000000006
2014-04-25 13:00:00,870.1000000000007
2014-04-25 14:00:00,870.9000000000007
2014-04-25 15:00:00,871.1000000000007
2014-04-25 16:00:00,870.0000000000006
2014-04-25 17:00:00,868.8000000000008
2014-04-25 18:00:00,866.6000000000007
2014-04-25 19:00:00,867.2000000000006
2014-04-28 05:00:00,870.7000000000006
2014-04-28 13:00:00,868.6000000000007
2014-04-28 14:00:00,871.6000000000007
2014-04-28 15:00:00,870.2000000000006
2014-04-28 16:00:00,869.9000000000007
2014-04-28 17:00:00,865.3000000000008
2014-04-28 18:00:00,867.0000000000006
2014-04-28 19:00:00,871.3000000000008
2014-04-29 05:00:00,875.0000000000006
2014-04-29 13:00:00,881.4000000000007
2014-04-29 14:00:00,880.6000000000007
2014-04-29 15:00:00,881.6000000000007
2014-04-29 16:00:00,881.2000000000006
2014-04-29 17:00:00,881.2000000000006
2014-04-29 19:00:00,875.0000000000006
2014-04-30 05:00:00,873.9000000000007
2014-04-30 13:00:00,870.2000000000006
2014-04-30 14:00:00,869.2000000000006
2014-04-30 15:00:00,871.0000000000006
2014-04-30 16:00:00,872.3000000000008
2014-04-30 18:00:00,874.3000000000008
2014-04-30 19:00:00,874.3000000000008
2014-04-30 20:00:00,874.1000000000007
2014-05-01 05:00:00,870.8000000000008
2014-05-01 13:00:00,872.5000000000006
2014-05-01 14:00:00,873.5000000000006
2014-05-01 15:00:00,874.4000000000007
2014-05-01 16:00:00,873.4000000000007
2014-05-01 17:00:00,871.3000000000008
2014-05-01 18:00:00,870.7000000000006
2014-05-02 05:00:00,874.1000000000007
2014-05-02 13:00:00,874.9000000000007
2014-05-02 14:00:00,876.7000000000006
2014-05-02 15:00:00,874.9000000000007
2014-05-02 16:00:00,875.7000000000006
2014-05-02 17:00:00,875.7000000000006
2014-05-02 18:00:00,873.8000000000008
2014-05-02 19:00:00,874.1000000000007
2014-05-05 05:00:00,878.3000000000008
2014-05-05 13:00:00,872.7000000000006
2014-05-05 14:00:00,877.5000000000006
2014-05-05 15:00:00,878.5000000000006
2014-05-05 16:00:00,878.1000000000007
2014-05-05 17:00:00,876.9000000000007
2014-05-05 18:00:00,878.8000000000008
2014-05-06 05:00:00,879.5000000000006
2014-05-06 13:00:00,880.5000000000006
2014-05-06 14:00:00,880.6000000000007
2014-05-06 15:00:00,882.0000000000006
2014-05-06 16:00:00,883.1000000000007
2014-05-06 17:00:00,881.0000000000006
2014-05-06 18:00:00,879.2000000000006
2014-05-07 05:00:00,887.9000000000007
2014-05-07 13:00:00,884.2000000000006
2014-05-07 14:00:00,883.2000000000006
2014-05-07 15:00:00,888.5000000000006
2014-05-07 16:00:00,887.9000000000007
2014-05-07 17:00:00,887.3000000000008
2014-05-07 18:00:00,887.3000000000008
2014-05-07 19:00:00,887.9000000000007
2014-05-08 05:00:00,874.6000000000007
2014-05-08 13:00:00,886.0000000000006
2014-05-08 14:00:00,880.5000000000006
2014-05-08 15:00:00,880.4000000000007
2014-05-08 16:00:00,881.2000000000006
2014-05-08 17:00:00,878.6000000000007
2014-05-08 18:00:00,877.2000000000006
2014-05-08 19:00:00,874.7000000000006
2014-05-09 05:00:00,872.8000000000008
2014-05-09 13:00:00,872.8000000000008
2014-05-09 14:00:00,871.3000000000008
2014-05-09 15:00:00,870.9000000000007
2014-05-09 16:00:00,872.9000000000007
2014-05-09 17:00:00,873.3000000000008
2014-05-09 18:00:00,871.0000000000006
2014-05-09 19:00:00,871.7000000000006
2014-05-12 05:00:00,880.1000000000007
2014-05-12 13:00:00,877.1000000000007
2014-05-12 14:00:00,878.7000000000006
2014-05-12 15:00:00,878.7000000000006
2014-05-12 16:00:00,878.7000000000006
2014-05-12 17:00:00,878.9000000000007
2014-05-12 18:00:00,878.4000000000007
2014-05-12 19:00:00,880.1000000000007
2014-05-13 05:00:00,883.6000000000007
2014-05-13 13:00:00,880.8000000000008
2014-05-13 14:00:00,882.5000000000006
2014-05-13 15:00:00,880.8000000000008
2014-05-13 17:00:00,883.5000000000006
2014-05-13 18:00:00,883.6000000000007
2014-05-14 05:00:00,883.4000000000007
2014-05-14 13:00:00,885.8000000000008
2014-05-14 14:00:00,884.1000000000007
2014-05-14 15:00:00,885.0000000000006
2014-05-14 19:00:00,882.6000000000007
2014-05-15 05:00:00,872.8000000000008
2014-05-15 13:00:00,873.7000000000006
2014-05-15 14:00:00,871.5000000000006
2014-05-15 15:00:00,868.3000000000008
2014-05-15 16:00:00,869.4000000000007
2014-05-15 17:00:00,870.2000000000006
2014-05-15 18:00:00,873.4000000000007
2014-05-15 19:00:00,873.1000000000007
2014-05-16 05:00:00,869.8000000000008
2014-05-16 13:00:00,869.4000000000007
2014-05-16 14:00:00,870.3000000000008
2014-05-16 15:00:00,869.6000000000007
2014-05-16 16:00:00,869.7000000000006
2014-05-16 17:00:00,869.8000000000008
2014-05-16 18:00:00,870.0000000000006
2014-05-16 19:00:00,870.0000000000006
2014-05-19 05:00:00,873.4000000000007
2014-05-19 13:00:00,874.0000000000006
2014-05-19 14:00:00,872.0000000000006
2014-05-19 15:00:00,873.4000000000007
2014-05-19 16:00:00,873.5000000000006
2014-05-19 17:00:00,872.9000000000007
2014-05-19 18:00:00,873.1000000000007
2014-05-19 19:00:00,873.4000000000007
2014-05-20 05:00:00,870.8000000000008
2014-05-20 13:00:00,871.6000000000007
2014-05-20 14:00:00,873.4000000000007
2014-05-20 15:00:00,873.8000000000008
2014-05-20 16:00:00,870.9000000000007
2014-05-20 17:00:00,869.7000000000006
2014-05-20 18:00:00,870.0000000000006
2014-05-20 19:00:00,871.4000000000007
2014-05-21 05:00:00,880.7000000000006
2014-05-21 13:00:00,875.7000000000006
2014-05-21 14:00:00,876.4000000000007
2014-05-21 15:00:00,875.7000000000006
2014-05-21 16:00:00,877.4000000000007
2014-05-21 17:00:00,879.6000000000007
2014-05-21 18:00:00,880.6000000000007
2014-05-21 19:00:00,880.7000000000006
2014-05-22 05:00:00,879.6000000000007
2014-05-22 13:00:00,882.1000000000007
2014-05-22 14:00:00,882.4000000000007
2014-05-22 15:00:00,883.6000000000007
2014-05-22 16:00:00,883.1000000000007
2014-05-22 17:00:00,882.8000000000008
2014-05-22 18:00:00,881.7000000000006
2014-05-22 19:00:00,880.4000000000007
2014-05-23 05:00:00,878.5000000000006
2014-05-23 13:00:00,880.0000000000006
2014-05-23 14:00:00,881.8000000000008
2014-05-23 15:00:00,880.0000000000006
2014-05-23 16:00:00,880.4000000000007
2014-05-23 17:00:00,879.1000000000007
2014-05-23 18:00:00,878.1000000000007
2014-05-23 19:00:00,878.5000000000006
2014-05-23 20:00:00,877.8000000000008
2014-05-27 05:00:00,880.6000000000007
2014-05-27 13:00:00,879.1000000000007
2014-05-27 14:00:00,877.7000000000006
2014-05-27 15:00:00,877.7000000000006
2014-05-27 16:00:00,877.2000000000006
2014-05-27 17:00:00,878.1000000000007
2014-05-27 19:00:00,880.6000000000007
2014-05-28 05:00:00,882.6000000000007
2014-05-28 13:00:00,882.2000000000006
2014-05-28 14:00:00,879.5000000000006
2014-05-28 15:00:00,882.2000000000006
2014-05-28 16:00:00,883.6000000000007
2014-05-28 17:00:00,884.4000000000007
2014-05-28 18:00:00,883.2000000000006
2014-05-29 05:00:00,890.0000000000006
2014-05-29 13:00:00,884.1000000000007
2014-05-29 14:00:00,885.0000000000006
2014-05-29 15:00:00,886.2000000000006
2014-05-29 16:00:00,886.0000000000006
2014-05-29 17:00:00,887.7000000000006
2014-05-29 18:00:00,888.4000000000007
2014-05-29 19:00:00,890.0000000000006
2014-05-30 05:00:00,889.4000000000007
2014-05-30 13:00:00,887.2000000000006
2014-05-30 14:00:00,888.8000000000008
2014-05-30 15:00:00,889.2000000000006
2014-05-30 16:00:00,887.4000000000007
2014-05-30 17:00:00,887.9000000000007
2014-05-30 18:00:00,889.5000000000006
2014-05-30 19:00:00,888.8000000000008
2014-05-30 20:00:00,889.2000000000006
2014-06-02 05:00:00,887.7000000000006
2014-06-02 13:00:00,890.3000000000008
2014-06-02 14:00:00,888.6000000000007
2014-06-02 15:00:00,890.3000000000008
2014-06-02 16:00:00,888.9000000000007
2014-06-02 17:00:00,888.7000000000006
2014-06-02 19:00:00,887.6000000000007
2014-06-03 05:00:00,891.4000000000007
2014-06-03 13:00:00,888.1000000000007
2014-06-03 14:00:00,886.9000000000007
2014-06-03 15:00:00,887.3000000000008
2014-06-03 16:00:00,889.3000000000008
2014-06-03 17:00:00,890.9000000000007
2014-06-03 18:00:00,892.2000000000006
2014-06-03 19:00:00,891.4000000000007
2014-06-04 05:00:00,890.4000000000007
2014-06-04 13:00:00,889.6000000000007
2014-06-04 14:00:00,890.8000000000008
2014-06-04 15:00:00,891.3000000000008
2014-06-04 16:00:00,891.6000000000007
2014-06-04 18:00:00,890.4000000000007
2014-06-05 05:00:00,896.6000000000007
2014-06-05 13:00:00,892.5000000000006
2014-06-05 14:00:00,892.7000000000006
2014-06-05 15:00:00,896.3000000000008
2014-06-05 16:00:00,896.9000000000007
2014-06-05 17:00:00,897.0000000000006
2014-06-05 18:00:00,896.5000000000006
2014-06-05 19:00:00,896.6000000000007
2014-06-05 20:00:00,896.6000000000007
2014-06-06 05:00:00,904.7000000000006
2014-06-06 13:00:00,900.7000000000006
2014-06-06 14:00:00,903.8000000000008
2014-06-06 15:00:00,904.4000000000007
2014-06-06 16:00:00,904.5000000000006
2014-06-06 17:00:00,905.2000000000006
2014-06-06 18:00:00,904.5000000000006
2014-06-06 19:00:00,904.7000000000006
2014-06-09 05:00:00,905.7000000000006
2014-06-09 13:00:00,906.6000000000007
2014-06-09 14:00:00,908.2000000000006
2014-06-09 15:00:00,910.5000000000006
2014-06-09 16:00:00,908.5000000000006
2014-06-09 17:00:00,907.0000000000006
2014-06-09 18:00:00,904.1000000000007
2014-06-09 19:00:00,905.7000000000006
2014-06-10 05:00:00,903.7000000000006
2014-06-10 13:00:00,904.1000000000007
2014-06-10 14:00:00,905.0000000000006
2014-06-10 15:00:00,903.5000000000006
2014-06-10 17:00:00,902.5000000000006
2014-06-10 19:00:00,903.5000000000006
2014-06-11 05:00:00,907.6000000000007
2014-06-12 05:00:00,911.5000000000006
2014-06-13 05:00:00,920.7000000000006
2014-06-13 13:00:00,909.8000000000008
2014-06-13 14:00:00,911.5000000000006
2014-06-16 05:00:00,925.8000000000008
2014-06-16 13:00:00,924.7000000000006
2014-06-16 14:00:00,926.9000000000007
2014-06-16 15:00:00,922.7000000000006
2014-06-16 16:00:00,925.1000000000007
2014-06-16 17:00:00,925.8000000000008
2014-06-16 18:00:00,926.1000000000007
2014-06-16 19:00:00,925.2000000000006
2014-06-17 05:00:00,924.7000000000006
2014-06-17 13:00:00,922.9000000000007
2014-06-17 14:00:00,925.1000000000007
2014-06-17 16:00:00,921.6000000000007
2014-06-18 05:00:00,932.4000000000007
2014-06-18 13:00:00,925.8000000000008
2014-06-18 14:00:00,926.4000000000007
2014-06-18 15:00:00,926.2000000000006
2014-06-19 05:00:00,939.7000000000006
2014-06-19 13:00:00,934.4000000000007
2014-06-19 14:00:00,933.1000000000007
2014-06-19 16:00:00,935.3000000000008
2014-06-19 17:00:00,935.3000000000008
2014-06-19 18:00:00,936.1000000000007
2014-06-19 19:00:00,939.6000000000007
2014-06-20 05:00:00,949.7000000000006
2014-06-20 13:00:00,943.8000000000008
2014-06-20 14:00:00,945.6000000000007
2014-06-20 15:00:00,946.7000000000006
2014-06-20 16:00:00,948.7000000000006
2014-06-20 17:00:00,948.1000000000007
2014-06-20 18:00:00,948.9000000000007
2014-06-20 19:00:00,949.7000000000006
2014-06-20 20:00:00,950.0000000000006
2014-06-23 05:00:00,953.4000000000007
2014-06-23 13:00:00,953.3000000000008
2014-06-23 14:00:00,953.9000000000007
2014-06-23 15:00:00,952.3000000000008
2014-06-23 16:00:00,952.9000000000007
2014-06-23 17:00:00,952.6000000000007
2014-06-23 18:00:00,950.8000000000008
2014-06-23 19:00:00,953.4000000000007
2014-06-24 05:00:00,932.3000000000008
2014-06-24 13:00:00,949.2000000000006
2014-06-24 14:00:00,952.1000000000007
2014-06-24 15:00:00,949.4000000000007
2014-06-24 16:00:00,945.5000000000006
2014-06-24 17:00:00,940.5000000000006
2014-06-24 18:00:00,935.5000000000006
2014-06-24 19:00:00,932.3000000000008
2014-06-24 20:00:00,932.4000000000007
2014-06-25 05:00:00,939.1000000000007
2014-06-25 13:00:00,934.7000000000006
2014-06-25 14:00:00,932.7000000000006
2014-06-25 15:00:00,933.0000000000006
2014-06-25 16:00:00,934.7000000000006
2014-06-25 17:00:00,936.9000000000007
2014-06-25 18:00:00,939.1000000000007
2014-06-26 05:00:00,940.8000000000008
2014-06-26 13:00:00,934.5000000000006
2014-06-26 14:00:00,936.0000000000006
2014-06-26 15:00:00,938.5000000000006
2014-06-26 16:00:00,938.6000000000007
2014-06-26 17:00:00,940.6000000000007
2014-06-26 18:00:00,939.1000000000007
2014-06-26 19:00:00,940.8000000000008
2014-06-27 05:00:00,941.1000000000007
2014-06-27 13:00:00,938.5000000000006
2014-06-27 14:00:00,936.9000000000007
2014-06-27 15:00:00,936.6000000000007
2014-06-27 16:00:00,938.4000000000007
2014-06-27 17:00:00,936.4000000000007
2014-06-27 18:00:00,936.4000000000007
2014-06-27 19:00:00,941.1000000000007
2014-06-30 05:00:00,941.8000000000008
2014-06-30 13:00:00,940.5000000000006
2014-06-30 14:00:00,940.4000000000007
2014-06-30 15:00:00,939.8000000000008
2014-06-30 16:00:00,940.8000000000008
2014-06-30 17:00:00,941.7000000000006
2014-06-30 18:00:00,941.1000000000007
2014-06-30 19:00:00,941.5000000000006
2014-07-01 05:00:00,942.8000000000008
2014-07-01 13:00:00,946.5000000000006
2014-07-01 14:00:00,943.4000000000007
2014-07-01 15:00:00,940.5000000000006
2014-07-01 16:00:00,942.0000000000006
2014-07-01 17:00:00,943.6000000000007
2014-07-01 18:00:00,943.1000000000007
2014-07-01 19:00:00,942.8000000000008
2014-07-02 05:00:00,940.5000000000006
2014-07-02 13:00:00,941.3000000000008
2014-07-02 14:00:00,943.4000000000007
2014-07-02 15:00:00,942.0000000000006
2014-07-02 16:00:00,939.4000000000007
2014-07-02 17:00:00,939.9000000000007
2014-07-02 18:00:00,940.6000000000007
2014-07-02 19:00:00,940.5000000000006
2014-07-02 20:00:00,941.4000000000007
2014-07-03 05:00:00,943.8000000000008
2014-07-03 13:00:00,941.5000000000006
2014-07-03 14:00:00,941.9000000000007
2014-07-03 15:00:00,942.5000000000006
2014-07-03 16:00:00,943.8000000000008
2014-07-07 05:00:00,936.8000000000008
2014-07-07 13:00:00,939.5000000000006
2014-07-07 14:00:00,938.1000000000007
2014-07-07 15:00:00,937.5000000000006
2014-07-07 16:00:00,936.8000000000008
2014-07-07 17:00:00,937.5000000000006
2014-07-07 18:00:00,936.8000000000008
2014-07-07 19:00:00,936.8000000000008
2014-07-07 20:00:00,937.1000000000007
2014-07-08 05:00:00,935.1000000000007
2014-07-08 13:00:00,935.6000000000007
2014-07-08 14:00:00,936.4000000000007
2014-07-08 15:00:00,933.8000000000008
2014-07-08 16:00:00,933.7000000000006
2014-07-08 17:00:00,937.7000000000006
2014-07-08 18:00:00,936.7000000000006
2014-07-08 19:00:00,935.1000000000007
2014-07-08 20:00:00,935.6000000000007
2014-07-09 05:00:00,941.9000000000007
2014-07-09 13:00:00,937.2000000000006
2014-07-09 14:00:00,939.5000000000006
2014-07-09 15:00:00,937.5000000000006
2014-07-09 16:00:00,936.2000000000006
2014-07-09 17:00:00,938.2000000000006
2014-07-09 18:00:00,940.6000000000007
2014-07-09 19:00:00,941.9000000000007
2014-07-10 05:00:00,933.0000000000006
2014-07-10 13:00:00,930.4000000000007
2014-07-10 14:00:00,928.6000000000007
2014-07-10 15:00:00,933.0000000000006
2014-07-10 16:00:00,932.7000000000006
2014-07-10 17:00:00,935.2000000000006
2014-07-10 18:00:00,933.7000000000006
2014-07-10 19:00:00,933.0000000000006
2014-07-11 05:00:00,925.0000000000006
2014-07-11 13:00:00,925.8000000000008
2014-07-11 14:00:00,925.1000000000007
2014-07-11 15:00:00,924.7000000000006
2014-07-11 16:00:00,924.0000000000006
2014-07-11 17:00:00,923.5000000000006
2014-07-11 18:00:00,924.3000000000008
2014-07-11 19:00:00,925.0000000000006
2014-07-14 05:00:00,933.4000000000007
2014-07-14 13:00:00,930.4000000000007
2014-07-14 14:00:00,931.4000000000007
2014-07-14 15:00:00,933.2000000000006
2014-07-14 16:00:00,933.1000000000007
2014-07-14 17:00:00,932.6000000000007
2014-07-14 18:00:00,933.5000000000006
2014-07-14 19:00:00,933.4000000000007
2014-07-14 20:00:00,933.8000000000008
2014-07-15 05:00:00,928.7000000000006
2014-07-15 13:00:00,929.4000000000007
2014-07-15 14:00:00,924.4000000000007
2014-07-15 15:00:00,924.9000000000007
2014-07-15 16:00:00,927.8000000000008
2014-07-15 17:00:00,928.7000000000006
2014-07-15 18:00:00,929.8000000000008
2014-07-15 19:00:00,928.7000000000006
2014-07-16 05:00:00,943.9000000000007
2014-07-16 13:00:00,935.7000000000006
2014-07-16 14:00:00,936.0000000000006
2014-07-16 15:00:00,936.2000000000006
2014-07-16 16:00:00,937.9000000000007
2014-07-16 17:00:00,940.0000000000006
2014-07-16 18:00:00,942.3000000000008
2014-07-16 19:00:00,943.9000000000007
2014-07-16 20:00:00,943.9000000000007
2014-07-17 05:00:00,928.3000000000008
2014-07-17 13:00:00,945.0000000000006
2014-07-17 14:00:00,939.2000000000006
2014-07-17 15:00:00,934.7000000000006
2014-07-17 16:00:00,936.4000000000007
2014-07-17 17:00:00,934.6000000000007
2014-07-17 18:00:00,933.8000000000008
2014-07-17 19:00:00,929.0000000000006
2014-07-18 05:00:00,930.5000000000006
2014-07-18 13:00:00,929.3000000000008
2014-07-18 14:00:00,927.7000000000006
2014-07-18 15:00:00,929.4000000000007
2014-07-18 16:00:00,930.5000000000006
2014-07-18 17:00:00,929.7000000000006
2014-07-18 18:00:00,931.8000000000008
2014-07-18 19:00:00,930.5000000000006
2014-07-21 05:00:00,932.1000000000007
2014-07-21 13:00:00,929.1000000000007
2014-07-21 14:00:00,927.6000000000007
2014-07-21 15:00:00,929.1000000000007
2014-07-21 16:00:00,929.7000000000006
2014-07-21 17:00:00,931.3000000000008
2014-07-21 18:00:00,930.5000000000006
2014-07-21 19:00:00,932.1000000000007
2014-07-22 05:00:00,939.5000000000006
2014-07-22 13:00:00,940.7000000000006
2014-07-22 14:00:00,940.4000000000007
2014-07-22 15:00:00,941.0000000000006
2014-07-22 16:00:00,941.1000000000007
2014-07-22 17:00:00,941.4000000000007
2014-07-22 18:00:00,939.8000000000008
2014-07-22 19:00:00,939.5000000000006
2014-07-22 20:00:00,938.5000000000006
2014-07-23 05:00:00,945.2000000000006
2014-07-23 13:00:00,937.9000000000007
2014-07-23 14:00:00,942.5000000000006
2014-07-23 15:00:00,944.1000000000007
2014-07-23 16:00:00,943.0000000000006
2014-07-23 17:00:00,943.2000000000006
2014-07-23 19:00:00,945.2000000000006
2014-07-23 20:00:00,945.7000000000006
2014-07-24 05:00:00,946.7000000000006
2014-07-24 13:00:00,945.8000000000008
2014-07-24 14:00:00,948.9000000000007
2014-07-24 15:00:00,949.2000000000006
2014-07-24 16:00:00,949.5000000000006
2014-07-24 17:00:00,949.2000000000006
2014-07-24 18:00:00,949.3000000000008
2014-07-24 19:00:00,946.7000000000006
2014-07-25 05:00:00,938.9000000000007
2014-07-25 13:00:00,941.2000000000006
2014-07-25 14:00:00,940.6000000000007
2014-07-25 15:00:00,939.8000000000008
2014-07-25 16:00:00,940.1000000000007
2014-07-25 17:00:00,940.3000000000008
2014-07-25 18:00:00,940.2000000000006
2014-07-25 19:00:00,938.9000000000007
2014-07-25 20:00:00,938.9000000000007
2014-07-28 05:00:00,936.5000000000006
2014-07-28 13:00:00,935.6000000000007
2014-07-28 14:00:00,932.6000000000007
2014-07-28 15:00:00,935.1000000000007
2014-07-28 16:00:00,934.9000000000007
2014-07-28 17:00:00,937.9000000000007
2014-07-28 18:00:00,938.2000000000006
2014-07-28 19:00:00,936.5000000000006
2014-07-29 05:00:00,934.2000000000006
2014-07-29 13:00:00,939.4000000000007
2014-07-29 14:00:00,938.7000000000006
2014-07-29 15:00:00,936.3000000000008
2014-07-29 16:00:00,938.5000000000006
2014-07-29 17:00:00,938.9000000000007
2014-07-29 18:00:00,937.3000000000008
2014-07-29 19:00:00,934.2000000000006
2014-07-29 20:00:00,933.7000000000006
2014-07-30 05:00:00,928.6000000000007
2014-07-30 13:00:00,940.0000000000006
2014-07-30 14:00:00,930.5000000000006
2014-07-30 15:00:00,927.7000000000006
2014-07-30 16:00:00,929.7000000000006
2014-07-30 17:00:00,926.7000000000006
2014-07-30 18:00:00,926.4000000000007
2014-07-30 19:00:00,928.6000000000007
2014-07-31 05:00:00,906.2000000000006
2014-07-31 13:00:00,919.2000000000006
2014-07-31 14:00:00,911.6000000000007
2014-07-31 15:00:00,912.8000000000008
2014-07-31 16:00:00,912.5000000000006
2014-07-31 17:00:00,915.3000000000008
2014-07-31 19:00:00,907.6000000000007
2014-08-01 05:00:00,898.6000000000007
2014-08-01 13:00:00,902.2000000000006
2014-08-01 14:00:00,906.6000000000007
2014-08-01 15:00:00,890.9000000000007
2014-08-01 16:00:00,894.3000000000008
2014-08-01 17:00:00,898.9000000000007
2014-08-01 18:00:00,902.0000000000006
2014-08-01 19:00:00,898.6000000000007
2014-08-04 05:00:00,915.3000000000008
2014-08-04 13:00:00,901.8000000000008
2014-08-04 14:00:00,896.6000000000007
2014-08-04 15:00:00,900.5000000000006
2014-08-04 16:00:00,904.5000000000006
2014-08-04 17:00:00,911.3000000000008
2014-08-04 18:00:00,914.8000000000008
2014-08-04 19:00:00,915.3000000000008
2014-08-04 20:00:00,914.7000000000006
2014-08-05 05:00:00,893.4000000000007
2014-08-05 13:00:00,902.6000000000007
2014-08-05 14:00:00,905.4000000000007
2014-08-05 15:00:00,898.5000000000006
2014-08-05 16:00:00,897.1000000000007
2014-08-05 17:00:00,892.2000000000006
2014-08-05 18:00:00,893.2000000000006
2014-08-05 19:00:00,893.1000000000007
2014-08-06 05:00:00,896.3000000000008
2014-08-06 13:00:00,900.4000000000007
2014-08-06 14:00:00,906.6000000000007
2014-08-06 15:00:00,902.5000000000006
2014-08-06 16:00:00,900.2000000000006
2014-08-06 17:00:00,898.8000000000008
2014-08-06 18:00:00,896.4000000000007
2014-08-06 19:00:00,896.3000000000008
2014-08-07 05:00:00,890.6000000000007
2014-08-07 13:00:00,898.3000000000008
2014-08-07 14:00:00,895.7000000000006
2014-08-07 15:00:00,891.6000000000007
2014-08-07 16:00:00,888.1000000000007
2014-08-07 17:00:00,892.4000000000007
2014-08-07 18:00:00,888.7000000000006
2014-08-07 19:00:00,890.6000000000007
2014-08-07 20:00:00,889.8000000000008
2014-08-08 05:00:00,906.1000000000007
2014-08-08 13:00:00,894.2000000000006
2014-08-08 14:00:00,894.7000000000006
2014-08-08 15:00:00,896.7000000000006
2014-08-08 16:00:00,897.4000000000007
2014-08-08 17:00:00,903.4000000000007
2014-08-08 18:00:00,904.4000000000007
2014-08-08 19:00:00,905.6000000000007
2014-08-11 05:00:00,906.6000000000007
2014-08-11 13:00:00,911.2000000000006
2014-08-11 14:00:00,913.1000000000007
2014-08-11 15:00:00,912.5000000000006
2014-08-11 16:00:00,911.0000000000006
2014-08-11 17:00:00,909.0000000000006
2014-08-11 18:00:00,906.9000000000007
2014-08-11 19:00:00,906.6000000000007
2014-08-11 20:00:00,906.1000000000007
2014-08-12 05:00:00,899.6000000000007
2014-08-12 13:00:00,903.8000000000008
2014-08-12 14:00:00,898.9000000000007
2014-08-12 15:00:00,898.7000000000006
2014-08-12 16:00:00,900.7000000000006
2014-08-12 17:00:00,899.8000000000008
2014-08-12 18:00:00,897.1000000000007
2014-08-12 19:00:00,899.6000000000007
2014-08-12 20:00:00,892.7000000000006
2014-08-13 05:00:00,902.0000000000006
2014-08-13 13:00:00,902.5000000000006
2014-08-13 14:00:00,901.9000000000007
2014-08-13 15:00:00,902.9000000000007
2014-08-13 16:00:00,904.7000000000006
2014-08-13 17:00:00,903.7000000000006
2014-08-13 18:00:00,902.3000000000008
2014-08-13 19:00:00,902.0000000000006
2014-08-14 05:00:00,896.2000000000006
2014-08-14 13:00:00,901.2000000000006
2014-08-14 14:00:00,902.2000000000006
2014-08-14 15:00:00,901.9000000000007
2014-08-14 16:00:00,902.1000000000007
2014-08-14 17:00:00,898.0000000000006
2014-08-14 18:00:00,897.4000000000007
2014-08-14 19:00:00,896.2000000000006
2014-08-15 05:00:00,902.5000000000006
2014-08-15 13:00:00,899.6000000000007
2014-08-15 14:00:00,898.9000000000007
2014-08-15 15:00:00,897.1000000000007
2014-08-15 16:00:00,900.0000000000006
2014-08-15 17:00:00,900.2000000000006
2014-08-15 18:00:00,902.5000000000006
2014-08-18 05:00:00,905.9000000000007
2014-08-18 13:00:00,905.1000000000007
2014-08-18 14:00:00,904.6000000000007
2014-08-18 15:00:00,905.2000000000006
2014-08-18 16:00:00,905.5000000000006
2014-08-18 17:00:00,904.8000000000008
2014-08-18 18:00:00,904.1000000000007
2014-08-18 19:00:00,905.9000000000007
2014-08-18 20:00:00,906.2000000000006
2014-08-19 05:00:00,913.7000000000006
2014-08-19 13:00:00,912.5000000000006
2014-08-19 14:00:00,913.6000000000007
2014-08-19 15:00:00,914.5000000000006
2014-08-19 16:00:00,914.7000000000006
2014-08-19 17:00:00,913.6000000000007
2014-08-19 19:00:00,913.5000000000006
2014-08-19 20:00:00,911.6000000000007
2014-08-20 05:00:00,916.3000000000008
2014-08-20 13:00:00,911.1000000000007
2014-08-20 14:00:00,911.9000000000007
2014-08-20 15:00:00,912.0000000000006
2014-08-20 16:00:00,911.7000000000006
2014-08-20 17:00:00,913.8000000000008
2014-08-20 18:00:00,914.5000000000006
2014-08-20 19:00:00,916.3000000000008
2014-08-21 05:00:00,916.9000000000007
2014-08-21 13:00:00,916.4000000000007
2014-08-21 14:00:00,912.9000000000007
2014-08-21 15:00:00,913.7000000000006
2014-08-21 16:00:00,916.2000000000006
2014-08-21 17:00:00,915.7000000000006
2014-08-21 18:00:00,916.8000000000008
2014-08-21 19:00:00,917.4000000000007
2014-08-22 05:00:00,909.7000000000006
2014-08-22 13:00:00,908.2000000000006
2014-08-22 14:00:00,906.7000000000006
2014-08-22 15:00:00,908.5000000000006
2014-08-22 16:00:00,909.9000000000007
2014-08-22 17:00:00,911.0000000000006
2014-08-22 18:00:00,910.2000000000006
2014-08-22 19:00:00,909.7000000000006
2014-08-25 05:00:00,919.0000000000006
2014-08-25 13:00:00,915.7000000000006
2014-08-25 14:00:00,916.1000000000007
2014-08-25 15:00:00,918.0000000000006
2014-08-25 16:00:00,917.1000000000007
2014-08-25 17:00:00,917.6000000000007
2014-08-25 18:00:00,918.1000000000007
2014-08-25 19:00:00,919.0000000000006
2014-08-26 05:00:00,923.6000000000007
2014-08-26 13:00:00,924.9000000000007
2014-08-26 14:00:00,928.0000000000006
2014-08-26 15:00:00,927.8000000000008
2014-08-26 16:00:00,925.8000000000008
2014-08-26 17:00:00,926.3000000000008
2014-08-26 18:00:00,926.6000000000007
2014-08-26 19:00:00,923.6000000000007
2014-08-27 05:00:00,921.9000000000007
2014-08-27 13:00:00,921.1000000000007
2014-08-27 14:00:00,922.0000000000006
2014-08-27 15:00:00,923.5000000000006
2014-08-27 16:00:00,921.9000000000007
2014-08-27 18:00:00,922.0000000000006
2014-08-27 19:00:00,921.9000000000007
2014-08-28 05:00:00,921.3000000000008
2014-08-28 13:00:00,918.3000000000008
2014-08-28 14:00:00,919.7000000000006
2014-08-28 15:00:00,922.5000000000006
2014-08-28 16:00:00,922.1000000000007
2014-08-28 17:00:00,922.5000000000006
2014-08-28 18:00:00,921.8000000000008
2014-08-28 19:00:00,921.2000000000006
2014-08-29 05:00:00,927.8000000000008
2014-08-29 13:00:00,922.2000000000006
2014-08-29 14:00:00,921.9000000000007
2014-08-29 15:00:00,924.0000000000006
2014-08-29 16:00:00,924.2000000000006
2014-08-29 17:00:00,924.7000000000006
2014-08-29 18:00:00,925.2000000000006
2014-08-29 19:00:00,927.2000000000006
2014-08-29 20:00:00,927.5000000000006
2014-09-02 05:00:00,915.1000000000007
2014-09-02 13:00:00,921.6000000000007
2014-09-02 14:00:00,920.5000000000006
2014-09-02 15:00:00,916.0000000000006
2014-09-02 16:00:00,912.5000000000006
2014-09-02 17:00:00,912.2000000000006
2014-09-02 18:00:00,912.5000000000006
2014-09-02 19:00:00,915.1000000000007
2014-09-03 05:00:00,917.4000000000007
2014-09-03 13:00:00,921.2000000000006
2014-09-03 14:00:00,919.6000000000007
2014-09-03 15:00:00,919.5000000000006
2014-09-03 16:00:00,920.7000000000006
2014-09-03 17:00:00,921.2000000000006
2014-09-03 18:00:00,919.0000000000006
2014-09-03 19:00:00,917.4000000000007
2014-09-04 05:00:00,903.5000000000006
2014-09-04 13:00:00,916.5000000000006
2014-09-04 14:00:00,918.6000000000007
2014-09-04 15:00:00,911.5000000000006
2014-09-04 16:00:00,910.3000000000008
2014-09-04 17:00:00,908.7000000000006
2014-09-04 18:00:00,902.9000000000007
2014-09-04 19:00:00,903.5000000000006
2014-09-05 05:00:00,910.6000000000007
2014-09-05 13:00:00,904.4000000000007
2014-09-05 14:00:00,902.0000000000006
2014-09-05 15:00:00,904.7000000000006
2014-09-05 16:00:00,908.3000000000008
2014-09-05 17:00:00,908.3000000000008
2014-09-05 18:00:00,908.3000000000008
2014-09-05 19:00:00,910.6000000000007
2014-09-08 05:00:00,895.6000000000007
2014-09-08 13:00:00,899.6000000000007
2014-09-08 14:00:00,897.6000000000007
2014-09-08 15:00:00,894.8000000000008
2014-09-08 16:00:00,894.6000000000007
2014-09-08 17:00:00,891.8000000000008
2014-09-08 18:00:00,894.3000000000008
2014-09-08 19:00:00,895.6000000000007
2014-09-09 05:00:00,891.4000000000007
2014-09-09 13:00:00,896.8000000000008
2014-09-09 14:00:00,897.6000000000007
2014-09-09 15:00:00,897.2000000000006
2014-09-09 16:00:00,893.7000000000006
2014-09-09 17:00:00,896.5000000000006
2014-09-09 18:00:00,891.0000000000006
2014-09-09 19:00:00,891.4000000000007
2014-09-10 05:00:00,887.5000000000006
2014-09-10 13:00:00,880.7000000000006
2014-09-10 14:00:00,878.3000000000008
2014-09-10 15:00:00,884.6000000000007
2014-09-10 16:00:00,884.5000000000006
2014-09-10 17:00:00,885.8000000000008
2014-09-10 18:00:00,885.4000000000007
2014-09-10 19:00:00,887.5000000000006
2014-09-11 05:00:00,889.4000000000007
2014-09-11 14:00:00,885.5000000000008
2014-09-11 18:00:00,889.7000000000008
2014-09-11 19:00:00,889.2000000000008
2014-09-12 05:00:00,875.8000000000008
2014-09-12 13:00:00,882.0000000000008
2014-09-12 14:00:00,882.5000000000008
2014-09-12 15:00:00,881.6000000000007
2014-09-12 17:00:00,875.8000000000008
2014-09-12 18:00:00,872.8000000000008
2014-09-12 19:00:00,875.0000000000008
2014-09-15 05:00:00,881.8000000000008
2014-09-15 13:00:00,873.0000000000008
2014-09-15 14:00:00,876.5000000000008
2014-09-15 15:00:00,876.3000000000008
2014-09-15 19:00:00,882.0000000000008
2014-09-16 05:00:00,893.1000000000007
2014-09-16 13:00:00,889.1000000000007
2014-09-16 14:00:00,889.1000000000007
2014-09-16 15:00:00,896.9000000000007
2014-09-16 16:00:00,895.4000000000007
2014-09-16 18:00:00,895.6000000000007
2014-09-16 19:00:00,893.1000000000007
2014-09-17 05:00:00,888.6000000000007
2014-09-17 13:00:00,895.4000000000007
2014-09-17 14:00:00,890.1000000000007
2014-09-17 15:00:00,890.2000000000008
2014-09-17 16:00:00,888.6000000000007
2014-09-17 17:00:00,891.5000000000008
2014-09-17 18:00:00,890.3000000000008
2014-09-17 19:00:00,888.6000000000007
2014-09-18 05:00:00,883.5000000000008
2014-09-18 13:00:00,888.7000000000008
2014-09-18 14:00:00,886.3000000000008
2014-09-18 15:00:00,883.3000000000008
2014-09-18 16:00:00,883.5000000000008
2014-09-18 17:00:00,882.4000000000007
2014-09-18 18:00:00,881.6000000000007
2014-09-18 19:00:00,883.7000000000008
2014-09-19 05:00:00,882.5000000000008
2014-09-19 13:00:00,888.0000000000008
2014-09-19 14:00:00,886.3000000000008
2014-09-19 15:00:00,885.5000000000008
2014-09-19 16:00:00,885.8000000000008
2014-09-19 17:00:00,881.8000000000008
2014-09-19 18:00:00,883.8000000000008
2014-09-19 19:00:00,882.5000000000008
2014-09-22 05:00:00,868.4000000000007
2014-09-22 13:00:00,873.4000000000007
2014-09-22 14:00:00,867.4000000000007
2014-09-22 15:00:00,865.4000000000007
2014-09-22 16:00:00,869.8000000000008
2014-09-22 17:00:00,870.4000000000007
2014-09-22 18:00:00,867.7000000000008
2014-09-22 19:00:00,868.4000000000007
2014-09-23 05:00:00,866.2000000000008
2014-09-23 13:00:00,872.6000000000007
2014-09-23 14:00:00,870.8000000000008
2014-09-23 15:00:00,869.8000000000008
2014-09-23 16:00:00,868.1000000000007
2014-09-23 17:00:00,867.5000000000008
2014-09-23 18:00:00,866.4000000000007
2014-09-23 19:00:00,866.2000000000008
2014-09-24 05:00:00,866.2000000000008
2014-09-24 13:00:00,855.8000000000008
2014-09-24 14:00:00,855.1000000000007
2014-09-24 15:00:00,857.8000000000008
2014-09-24 16:00:00,857.9000000000007
2014-09-24 17:00:00,859.4000000000007
2014-09-24 18:00:00,869.1000000000007
2014-09-24 19:00:00,866.1000000000007
2014-09-25 05:00:00,853.2000000000008
2014-09-25 13:00:00,857.7000000000008
2014-09-25 14:00:00,854.4000000000007
2014-09-25 15:00:00,854.9000000000007
2014-09-25 16:00:00,854.4000000000007
2014-09-25 17:00:00,854.3000000000008
2014-09-25 18:00:00,854.3000000000008
2014-09-25 19:00:00,853.2000000000008
2014-09-26 05:00:00,864.6000000000007
2014-09-26 13:00:00,854.5000000000008
2014-09-26 14:00:00,861.1000000000007
2014-09-26 15:00:00,859.5000000000008
2014-09-26 16:00:00,859.0000000000008
2014-09-26 17:00:00,862.6000000000007
2014-09-26 18:00:00,865.9000000000007
2014-09-26 19:00:00,864.7000000000008
2014-09-26 20:00:00,864.5000000000008
2014-09-29 05:00:00,861.6000000000007
2014-09-29 13:00:00,852.0000000000008
2014-09-29 14:00:00,856.9000000000007
2014-09-29 15:00:00,860.5000000000008
2014-09-29 16:00:00,859.3000000000008
2014-09-29 17:00:00,859.2000000000008
2014-09-29 18:00:00,858.2000000000008
2014-09-29 19:00:00,861.4000000000007
2014-09-30 05:00:00,849.0000000000008
2014-09-30 13:00:00,856.7000000000008
2014-09-30 14:00:00,860.5000000000008
2014-09-30 15:00:00,854.7000000000008
2014-09-30 16:00:00,849.0000000000008
2014-09-30 17:00:00,848.1000000000007
2014-09-30 18:00:00,850.5000000000008
2014-09-30 19:00:00,847.8000000000008
2014-10-01 05:00:00,832.8000000000008
2014-10-01 13:00:00,848.2000000000008
2014-10-01 14:00:00,852.7000000000008
2014-10-01 15:00:00,849.1000000000007
2014-10-01 16:00:00,844.4000000000007
2014-10-01 17:00:00,837.0000000000008
2014-10-01 18:00:00,833.9000000000007
2014-10-01 19:00:00,834.0000000000008
2014-10-01 20:00:00,832.1000000000007
2014-10-02 05:00:00,827.7000000000008
2014-10-02 13:00:00,825.1000000000007
2014-10-02 14:00:00,817.5000000000008
2014-10-02 15:00:00,815.5000000000008
2014-10-02 16:00:00,819.6000000000007
2014-10-02 17:00:00,823.9000000000007
2014-10-02 18:00:00,832.6000000000007
2014-10-02 19:00:00,827.7000000000008
2014-10-03 05:00:00,825.6000000000007
2014-10-03 13:00:00,826.9000000000007
2014-10-03 14:00:00,820.6000000000007
2014-10-03 15:00:00,824.3000000000008
2014-10-03 16:00:00,829.7000000000008
2014-10-03 17:00:00,825.9000000000007
2014-10-03 18:00:00,827.7000000000008
2014-10-03 19:00:00,824.1000000000007
2014-10-06 05:00:00,826.9000000000007
2014-10-06 13:00:00,833.8000000000008
2014-10-06 14:00:00,823.3000000000008
2014-10-06 15:00:00,823.7000000000008
2014-10-06 16:00:00,822.8000000000008
2014-10-06 17:00:00,829.0000000000008
2014-10-06 18:00:00,828.8000000000008
2014-10-06 19:00:00,826.9000000000007
2014-10-07 05:00:00,815.2000000000008
2014-10-07 13:00:00,824.2000000000008
2014-10-07 14:00:00,831.4000000000007
2014-10-07 15:00:00,830.9000000000007
2014-10-07 16:00:00,828.2000000000008
2014-10-07 17:00:00,825.5000000000008
2014-10-07 18:00:00,821.1000000000007
2014-10-07 19:00:00,815.2000000000008
2014-10-08 05:00:00,823.7000000000008
2014-10-08 13:00:00,805.4000000000007
2014-10-08 14:00:00,800.2000000000008
2014-10-08 15:00:00,802.2000000000008
2014-10-08 16:00:00,799.9000000000007
2014-10-08 17:00:00,807.6000000000007
2014-10-08 18:00:00,814.7000000000008
2014-10-08 19:00:00,823.7000000000008
2014-10-09 05:00:00,790.4000000000007
2014-10-09 13:00:00,808.7000000000008
2014-10-09 14:00:00,805.0000000000008
2014-10-09 15:00:00,797.2000000000008
2014-10-09 16:00:00,794.6000000000007
2014-10-09 17:00:00,797.1000000000007
2014-10-09 18:00:00,790.4000000000007
2014-10-09 19:00:00,792.7000000000008
2014-10-09 20:00:00,790.1000000000007
2014-10-10 05:00:00,778.7000000000008
2014-10-10 13:00:00,786.6000000000007
2014-10-10 14:00:00,780.3000000000008
2014-10-10 15:00:00,783.5000000000008
2014-10-10 16:00:00,794.4000000000007
2014-10-10 17:00:00,790.2000000000008
2014-10-10 18:00:00,788.3000000000008
2014-10-10 19:00:00,778.7000000000008
2014-10-13 05:00:00,752.2000000000008
2014-10-13 13:00:00,774.2000000000008
2014-10-13 14:00:00,769.7000000000008
2014-10-13 15:00:00,767.4000000000007
2014-10-13 16:00:00,770.0000000000008
2014-10-13 17:00:00,771.1000000000007
2014-10-13 18:00:00,764.3000000000008
2014-10-13 19:00:00,752.2000000000008
2014-10-13 20:00:00,752.4000000000007
2014-10-14 05:00:00,742.6000000000007
2014-10-14 13:00:00,754.9000000000007
2014-10-14 14:00:00,753.3000000000008
2014-10-14 15:00:00,763.0000000000008
2014-10-14 16:00:00,757.0000000000008
2014-10-14 17:00:00,754.0000000000008
2014-10-14 18:00:00,747.6000000000007
2014-10-14 19:00:00,742.9000000000007
2014-10-14 20:00:00,742.9000000000007
2014-10-15 05:00:00,748.5000000000008
2014-10-15 11:00:00,738.4000000000007
2014-10-15 13:00:00,737.6000000000007
2014-10-15 14:00:00,736.8000000000008
2014-10-15 15:00:00,733.8000000000008
2014-10-15 16:00:00,727.1000000000007
2014-10-15 17:00:00,727.4000000000007
2014-10-15 18:00:00,736.8000000000008
2014-10-15 19:00:00,748.5000000000008
2014-10-16 05:00:00,764.7000000000008
2014-10-16 13:00:00,742.4000000000007
2014-10-16 14:00:00,754.4000000000007
2014-10-16 15:00:00,754.7000000000008
2014-10-16 16:00:00,764.7000000000008
2014-10-16 17:00:00,764.7000000000008
2014-10-16 18:00:00,757.9000000000007
2014-10-16 19:00:00,764.7000000000008
2014-10-17 05:00:00,768.4000000000007
2014-10-17 13:00:00,784.2000000000008
2014-10-17 14:00:00,783.7000000000008
2014-10-17 15:00:00,783.5000000000008
2014-10-17 16:00:00,772.7000000000008
2014-10-17 17:00:00,772.2000000000008
2014-10-17 18:00:00,765.1000000000007
2014-10-17 19:00:00,768.4000000000007
2014-10-20 05:00:00,777.0000000000008
2014-10-20 13:00:00,772.3000000000008
2014-10-20 14:00:00,771.3000000000008
2014-10-20 15:00:00,775.4000000000007
2014-10-20 16:00:00,775.9000000000007
2014-10-20 17:00:00,774.2000000000008
2014-10-20 18:00:00,775.7000000000008
2014-10-20 19:00:00,777.0000000000008
2014-10-21 05:00:00,801.8000000000008
2014-10-21 13:00:00,793.0000000000008
2014-10-21 14:00:00,791.1000000000007
2014-10-21 15:00:00,793.8000000000008
2014-10-21 16:00:00,795.4000000000007
2014-10-21 18:00:00,799.3000000000008
2014-10-21 19:00:00,801.8000000000008
2014-10-22 05:00:00,789.3000000000008
2014-10-22 13:00:00,808.8000000000008
2014-10-22 14:00:00,804.8000000000008
2014-10-22 15:00:00,807.9000000000007
2014-10-22 16:00:00,799.2000000000008
2014-10-22 17:00:00,792.0000000000008
2014-10-22 18:00:00,792.3000000000008
2014-10-22 19:00:00,789.3000000000008
2014-10-23 05:00:00,803.2000000000008
2014-10-23 13:00:00,794.1000000000007
2014-10-23 14:00:00,806.7000000000008
2014-10-23 15:00:00,804.2000000000008
2014-10-23 16:00:00,804.3000000000008
2014-10-23 17:00:00,806.7000000000008
2014-10-23 18:00:00,809.2000000000008
2014-10-23 19:00:00,806.5000000000008
2014-10-23 20:00:00,803.3000000000008
2014-10-24 05:00:00,799.9000000000007
2014-10-24 13:00:00,793.5000000000008
2014-10-24 14:00:00,791.6000000000007
2014-10-24 15:00:00,793.1000000000007
2014-10-24 16:00:00,797.1000000000007
2014-10-24 17:00:00,798.4000000000007
2014-10-24 18:00:00,798.2000000000008
2014-10-24 19:00:00,799.9000000000007
2014-10-27 05:00:00,780.8000000000008
2014-10-27 13:00:00,776.2000000000008
2014-10-27 14:00:00,780.6000000000007
2014-10-27 15:00:00,776.0000000000008
2014-10-27 16:00:00,779.1000000000007
2014-10-27 17:00:00,779.2000000000008
2014-10-27 18:00:00,779.8000000000008
2014-10-27 19:00:00,780.5000000000008
2014-10-28 05:00:00,801.3000000000008
2014-10-28 13:00:00,785.6000000000007
2014-10-28 14:00:00,789.8000000000008
2014-10-28 15:00:00,789.8000000000008
2014-10-28 16:00:00,792.5000000000008
2014-10-28 17:00:00,794.6000000000007
2014-10-28 18:00:00,798.0000000000008
2014-10-28 19:00:00,801.3000000000008
2014-10-28 23:00:00,801.3000000000008
2014-10-29 05:00:00,804.1000000000007
2014-10-29 13:00:00,816.1000000000007
2014-10-29 14:00:00,807.0000000000008
2014-10-29 15:00:00,810.1000000000007
2014-10-29 16:00:00,807.7000000000008
2014-10-29 17:00:00,802.6000000000007
2014-10-29 18:00:00,800.4000000000007
2014-10-29 19:00:00,804.1000000000007
2014-10-30 05:00:00,799.7000000000008
2014-10-30 13:00:00,791.5000000000008
2014-10-30 14:00:00,797.7000000000008
2014-10-30 15:00:00,792.2000000000008
2014-10-30 16:00:00,797.2000000000008
2014-10-30 17:00:00,803.6000000000007
2014-10-30 18:00:00,801.5000000000008
2014-10-30 19:00:00,798.6000000000007
2014-10-31 05:00:00,818.4000000000007
2014-10-31 13:00:00,797.7000000000008
2014-10-31 14:00:00,805.9000000000007
2014-10-31 15:00:00,809.9000000000007
2014-10-31 16:00:00,809.8000000000008
2014-10-31 17:00:00,809.0000000000008
2014-10-31 18:00:00,813.1000000000007
2014-10-31 19:00:00,818.5000000000008
2014-10-31 20:00:00,817.6000000000007
2014-11-03 06:00:00,803.3000000000008
2014-11-03 14:00:00,817.2000000000008
2014-11-03 15:00:00,817.4000000000007
2014-11-03 16:00:00,815.0000000000008
2014-11-03 17:00:00,825.0000000000008
2014-11-03 18:00:00,818.4000000000007
2014-11-03 19:00:00,804.3000000000008
2014-11-03 20:00:00,803.3000000000008
2014-11-04 06:00:00,785.9000000000007
2014-11-04 10:00:00,800.6000000000007
2014-11-04 12:00:00,795.6000000000007
2014-11-04 14:00:00,788.6000000000007
2014-11-04 15:00:00,781.6000000000007
2014-11-04 16:00:00,780.5000000000008
2014-11-04 17:00:00,784.2000000000008
2014-11-04 18:00:00,788.4000000000007
2014-11-04 19:00:00,786.5000000000008
2014-11-04 20:00:00,785.9000000000007
2014-11-04 21:00:00,785.5000000000008
2014-11-05 06:00:00,801.0000000000008
2014-11-05 14:00:00,790.7000000000008
2014-11-05 15:00:00,801.1000000000007
2014-11-05 16:00:00,798.8000000000008
2014-11-05 17:00:00,799.7000000000008
2014-11-05 18:00:00,799.2000000000008
2014-11-05 19:00:00,799.6000000000007
2014-11-05 20:00:00,801.2000000000008
2014-11-06 06:00:00,811.3000000000008
2014-11-06 14:00:00,796.1000000000007
2014-11-06 15:00:00,799.8000000000008
2014-11-06 16:00:00,798.5000000000008
2014-11-06 17:00:00,804.4000000000007
2014-11-06 18:00:00,806.5000000000008
2014-11-06 19:00:00,809.4000000000007
2014-11-06 20:00:00,811.3000000000008
2014-11-07 06:00:00,821.3000000000008
2014-11-07 14:00:00,818.7000000000008
2014-11-07 15:00:00,823.1000000000007
2014-11-07 16:00:00,825.1000000000007
2014-11-07 17:00:00,824.0000000000008
2014-11-07 18:00:00,823.0000000000008
2014-11-07 19:00:00,820.8000000000008
2014-11-07 20:00:00,821.3000000000008
2014-11-10 06:00:00,813.3000000000008
2014-11-10 14:00:00,827.8000000000008
2014-11-10 15:00:00,822.9000000000007
2014-11-10 16:00:00,815.2000000000008
2014-11-10 17:00:00,819.1000000000007
2014-11-10 18:00:00,813.5000000000008
2014-11-10 19:00:00,813.2000000000008
2014-11-10 20:00:00,813.3000000000008
2014-11-11 06:00:00,816.4000000000007
2014-11-11 14:00:00,814.5000000000008
2014-11-11 15:00:00,814.6000000000007
2014-11-11 16:00:00,808.4000000000007
2014-11-11 17:00:00,813.2000000000008
2014-11-11 18:00:00,813.4000000000007
2014-11-11 19:00:00,816.1000000000007
2014-11-11 20:00:00,816.4000000000007
2014-11-12 06:00:00,808.2000000000008
2014-11-12 14:00:00,813.4000000000007
2014-11-12 15:00:00,815.0000000000008
2014-11-12 16:00:00,816.8000000000008
2014-11-12 17:00:00,814.1000000000007
2014-11-12 18:00:00,812.4000000000007
2014-11-12 19:00:00,807.9000000000007
2014-11-12 20:00:00,808.0000000000008
2014-11-13 06:00:00,795.5000000000008
2014-11-13 14:00:00,800.2000000000008
2014-11-13 15:00:00,796.2000000000008
2014-11-13 16:00:00,791.0000000000008
2014-11-13 17:00:00,789.8000000000008
2014-11-13 18:00:00,789.3000000000008
2014-11-13 19:00:00,787.0000000000008
2014-11-13 20:00:00,795.6000000000007
2014-11-14 06:00:00,805.1000000000007
2014-11-14 14:00:00,801.7000000000008
2014-11-14 15:00:00,797.7000000000008
2014-11-14 16:00:00,795.7000000000008
2014-11-14 17:00:00,798.7000000000008
2014-11-14 18:00:00,802.9000000000007
2014-11-14 19:00:00,802.8000000000008
2014-11-14 20:00:00,805.1000000000007
2014-11-17 06:00:00,800.1000000000007
2014-11-17 14:00:00,798.1000000000007
2014-11-17 15:00:00,799.9000000000007
2014-11-17 16:00:00,799.4000000000007
2014-11-17 20:00:00,800.1000000000007
2014-11-18 06:00:00,801.7000000000008
2014-11-18 14:00:00,802.0000000000008
2014-11-18 15:00:00,798.6000000000007
2014-11-18 18:00:00,804.6000000000007
2014-11-18 20:00:00,801.7000000000008
2014-11-19 06:00:00,807.0000000000008
2014-11-19 14:00:00,801.1000000000007
2014-11-19 16:00:00,805.4000000000007
2014-11-19 17:00:00,803.4000000000007
2014-11-19 19:00:00,806.3000000000008
2014-11-19 20:00:00,807.0000000000008
2014-11-20 06:00:00,816.3000000000008
2014-11-20 15:00:00,815.7000000000008
2014-11-20 16:00:00,816.0000000000008
2014-11-20 17:00:00,813.6000000000007
2014-11-20 18:00:00,812.7000000000008
2014-11-20 19:00:00,815.2000000000008
2014-11-20 20:00:00,815.6000000000007
2014-11-21 06:00:00,828.2000000000008
2014-11-21 14:00:00,831.6000000000007
2014-11-21 15:00:00,829.2000000000008
2014-11-21 16:00:00,824.8000000000008
2014-11-21 17:00:00,824.3000000000008
2014-11-21 18:00:00,823.9000000000007
2014-11-21 19:00:00,824.7000000000008
2014-11-21 20:00:00,828.0000000000008
2014-11-24 06:00:00,821.1000000000007
2014-11-24 14:00:00,820.8000000000008
2014-11-24 15:00:00,823.9000000000007
2014-11-24 16:00:00,823.9000000000007
2014-11-24 17:00:00,821.3000000000008
2014-11-24 18:00:00,821.1000000000007
2014-11-24 19:00:00,819.6000000000007
2014-11-24 20:00:00,821.1000000000007
2014-11-25 06:00:00,807.5000000000008
2014-11-25 14:00:00,822.0000000000008
2014-11-25 15:00:00,810.8000000000008
2014-11-25 16:00:00,808.7000000000008
2014-11-25 17:00:00,812.2000000000008
2014-11-25 18:00:00,811.8000000000008
2014-11-25 19:00:00,807.2000000000008
2014-11-25 20:00:00,807.5000000000008
2014-11-26 06:00:00,796.3000000000008
2014-11-26 14:00:00,798.9000000000007
2014-11-26 15:00:00,800.8000000000008
2014-11-26 16:00:00,801.9000000000007
2014-11-26 17:00:00,799.6000000000007
2014-11-26 18:00:00,797.6000000000007
2014-11-26 19:00:00,797.0000000000008
2014-11-26 20:00:00,796.1000000000007
2014-11-26 21:00:00,796.0000000000008
2014-11-28 06:00:00,740.5000000000008
2014-11-28 15:00:00,745.6000000000007
2014-11-28 16:00:00,739.8000000000008
2014-11-28 17:00:00,740.6000000000007
2014-12-01 06:00:00,744.7000000000008
2014-12-01 13:00:00,729.6000000000007
2014-12-01 14:00:00,737.9000000000007
2014-12-01 15:00:00,733.9000000000007
2014-12-01 16:00:00,732.5000000000008
2014-12-01 17:00:00,734.9000000000007
2014-12-01 18:00:00,736.6000000000007
2014-12-01 19:00:00,738.7000000000008
2014-12-01 20:00:00,744.8000000000008
2014-12-02 06:00:00,753.3000000000008
2014-12-02 14:00:00,744.1000000000007
2014-12-02 15:00:00,754.7000000000008
2014-12-02 16:00:00,753.1000000000007
2014-12-02 17:00:00,757.3000000000008
2014-12-02 18:00:00,756.8000000000008
2014-12-02 20:00:00,753.3000000000008
2014-12-02 21:00:00,755.9000000000007
2014-12-03 06:00:00,763.6000000000007
2014-12-03 14:00:00,759.9000000000007
2014-12-03 15:00:00,765.0000000000008
2014-12-03 16:00:00,764.3000000000008
2014-12-03 17:00:00,764.7000000000008
2014-12-03 20:00:00,763.9000000000007
2014-12-04 06:00:00,756.2000000000008
2014-12-04 15:00:00,752.1000000000007
2014-12-04 16:00:00,749.6000000000007
2014-12-04 17:00:00,757.3000000000008
2014-12-04 18:00:00,759.0000000000008
2014-12-04 19:00:00,758.5000000000008
2014-12-04 20:00:00,756.2000000000008
2014-12-05 06:00:00,749.2000000000008
2014-12-05 15:00:00,747.5000000000008
2014-12-05 19:00:00,749.2000000000008
2014-12-08 06:00:00,713.5000000000008
2014-12-08 15:00:00,729.4000000000007
2014-12-08 17:00:00,720.9000000000007
2014-12-08 19:00:00,716.5000000000008
2014-12-08 20:00:00,713.5000000000008
2014-12-09 06:00:00,721.4000000000007
2014-12-09 14:00:00,717.6000000000007
2014-12-09 15:00:00,716.6000000000007
2014-12-09 16:00:00,715.8000000000008
2014-12-09 17:00:00,714.0000000000008
2014-12-09 18:00:00,716.5000000000008
2014-12-09 19:00:00,719.8000000000008
2014-12-09 20:00:00,720.8000000000008
2014-12-10 06:00:00,698.4000000000007
2014-12-10 14:00:00,700.9000000000007
2014-12-10 17:00:00,696.9000000000007
2014-12-10 19:00:00,696.5000000000008
2014-12-10 20:00:00,698.2000000000008
2014-12-11 06:00:00,695.9000000000007
2014-12-11 20:00:00,701.0000000000006
2014-12-12 06:00:00,682.8000000000008
2014-12-15 06:00:00,680.6000000000007
2014-12-15 15:00:00,686.8000000000008
2014-12-15 17:00:00,681.7000000000006
2014-12-16 06:00:00,683.9000000000007
2014-12-16 14:00:00,674.8000000000008
2014-12-16 15:00:00,684.7000000000006
2014-12-16 16:00:00,702.4000000000007
2014-12-17 06:00:00,712.7000000000006
2014-12-17 14:00:00,698.7000000000006
2014-12-17 15:00:00,705.5000000000006
2014-12-17 17:00:00,715.3000000000008
2014-12-17 19:00:00,704.7000000000006
2014-12-17 20:00:00,711.7000000000006
2014-12-18 06:00:00,727.5000000000006
2014-12-18 12:00:00,716.4000000000007
2014-12-18 14:00:00,728.0000000000006
2014-12-18 15:00:00,713.7000000000006
2014-12-18 16:00:00,710.7000000000006
2014-12-18 17:00:00,720.7000000000006
2014-12-18 18:00:00,718.7000000000006
2014-12-18 19:00:00,716.3000000000008
2014-12-18 20:00:00,727.5000000000006
2014-12-19 06:00:00,753.3000000000008
2014-12-19 14:00:00,738.5000000000006
2014-12-19 15:00:00,735.5000000000006
2014-12-19 17:00:00,735.3000000000008
2014-12-19 18:00:00,741.7000000000006
2014-12-19 19:00:00,742.4000000000007
2014-12-19 20:00:00,748.5000000000006
2014-12-19 21:00:00,750.3000000000008
2014-12-22 06:00:00,748.5000000000006
2014-12-22 14:00:00,743.0000000000006
2014-12-22 15:00:00,741.6000000000007
2014-12-22 16:00:00,741.9000000000007
2014-12-22 17:00:00,739.5000000000006
2014-12-22 19:00:00,745.4000000000007
2014-12-22 20:00:00,750.2000000000006
2014-12-23 06:00:00,756.9000000000007
2014-12-23 14:00:00,748.8000000000008
2014-12-23 15:00:00,753.2000000000006
2014-12-23 16:00:00,752.0000000000006
2014-12-23 18:00:00,752.7000000000006
2014-12-23 19:00:00,756.9000000000007
2014-12-23 21:00:00,756.6000000000007
2014-12-24 06:00:00,751.9000000000007
2014-12-24 14:00:00,745.5000000000006
2014-12-24 15:00:00,742.3000000000008
2014-12-24 16:00:00,749.2000000000006
2014-12-24 17:00:00,751.9000000000007
2014-12-26 06:00:00,750.0000000000006
2014-12-26 14:00:00,752.9000000000007
2014-12-26 15:00:00,754.4000000000007
2014-12-26 16:00:00,754.1000000000007
2014-12-26 17:00:00,752.4000000000007
2014-12-26 18:00:00,749.7000000000006
2014-12-26 20:00:00,750.0000000000006
2014-12-29 06:00:00,752.5000000000006
2014-12-29 14:00:00,757.0000000000006
2014-12-29 15:00:00,757.5000000000006
2014-12-29 17:00:00,750.8000000000008
2014-12-29 18:00:00,749.0000000000006
2014-12-29 19:00:00,753.2000000000006
2014-12-29 20:00:00,752.5000000000006
2014-12-30 06:00:00,746.5000000000006
2014-12-30 14:00:00,752.4000000000007
2014-12-30 15:00:00,747.0000000000006
2014-12-30 18:00:00,748.3000000000008
2014-12-30 19:00:00,747.2000000000006
2014-12-30 20:00:00,747.4000000000007
2014-12-31 06:00:00,740.6000000000007
2014-12-31 14:00:00,737.7000000000006
2014-12-31 15:00:00,739.9000000000007
2014-12-31 16:00:00,741.9000000000007
2014-12-31 17:00:00,740.5000000000006
2014-12-31 18:00:00,744.7000000000006
2014-12-31 19:00:00,742.1000000000007
2014-12-31 20:00:00,741.7000000000006
2015-01-02 06:00:00,743.0000000000006
2015-01-02 14:00:00,735.7000000000006
2015-01-02 15:00:00,736.3000000000008
2015-01-02 16:00:00,741.7000000000006
2015-01-02 17:00:00,744.4000000000007
2015-01-02 18:00:00,740.4000000000007
2015-01-02 19:00:00,738.3000000000008
2015-01-02 20:00:00,742.9000000000007
2015-01-02 21:00:00,741.4000000000007
2015-01-05 06:00:00,709.5000000000006
2015-01-05 14:00:00,721.8000000000008
2015-01-05 15:00:00,713.6000000000007
2015-01-05 16:00:00,709.2000000000006
2015-01-05 17:00:00,706.8000000000008
2015-01-05 19:00:00,708.0000000000006
2015-01-05 20:00:00,709.5000000000006
2015-01-06 06:00:00,699.1000000000007
2015-01-06 12:00:00,706.2000000000006
2015-01-06 13:00:00,706.5000000000006
2015-01-06 14:00:00,711.1000000000007
2015-01-06 15:00:00,704.1000000000007
2015-01-06 16:00:00,696.2000000000006
2015-01-06 17:00:00,700.5000000000006
2015-01-06 18:00:00,694.4000000000007
2015-01-06 19:00:00,698.8000000000008
2015-01-06 20:00:00,699.1000000000007
2015-01-07 06:00:00,700.0000000000006
2015-01-07 14:00:00,707.2000000000006
2015-01-07 15:00:00,701.4000000000007
2015-01-07 16:00:00,702.7000000000006
2015-01-07 17:00:00,700.2000000000006
2015-01-07 18:00:00,697.6000000000007
2015-01-07 19:00:00,699.7000000000006
2015-01-07 20:00:00,700.2000000000006
2015-01-07 21:00:00,700.3000000000008
2015-01-08 06:00:00,716.4000000000007
2015-01-08 14:00:00,709.5000000000006
2015-01-08 15:00:00,712.7000000000006
2015-01-08 16:00:00,716.1000000000007
2015-01-08 17:00:00,717.0000000000006
2015-01-08 18:00:00,716.7000000000006
2015-01-08 19:00:00,716.7000000000006
2015-01-08 20:00:00,715.5000000000006
2015-01-09 06:00:00,711.7000000000006
2015-01-09 14:00:00,710.3000000000008
2015-01-09 15:00:00,711.2000000000006
2015-01-09 16:00:00,707.6000000000007
2015-01-09 17:00:00,708.7000000000006
2015-01-09 18:00:00,712.0000000000006
2015-01-09 19:00:00,712.0000000000006
2015-01-09 20:00:00,711.7000000000006
2015-01-09 21:00:00,711.2000000000006
2015-01-12 06:00:00,688.4000000000007
2015-01-12 14:00:00,687.3000000000008
2015-01-12 15:00:00,688.8000000000008
2015-01-12 16:00:00,689.4000000000007
2015-01-12 17:00:00,689.5000000000006
2015-01-12 18:00:00,688.3000000000008
2015-01-12 19:00:00,685.4000000000007
2015-01-12 20:00:00,688.4000000000007
2015-01-13 06:00:00,682.7000000000006
2015-01-13 13:00:00,684.7000000000006
2015-01-13 14:00:00,689.6000000000007
2015-01-13 15:00:00,692.7000000000006
2015-01-13 18:00:00,679.1000000000007
2015-01-13 19:00:00,680.0000000000006
2015-01-13 20:00:00,682.7000000000006
2015-01-14 06:00:00,684.0000000000006
2015-01-14 13:00:00,677.8000000000008
2015-01-14 14:00:00,674.2000000000006
2015-01-14 15:00:00,677.1000000000007
2015-01-14 17:00:00,668.3000000000008
2015-01-15 06:00:00,675.2000000000006
2015-01-15 14:00:00,680.0000000000006
2015-01-15 15:00:00,683.4000000000007
2015-01-15 16:00:00,685.4000000000007
2015-01-15 20:00:00,675.2000000000006
2015-01-16 06:00:00,700.0000000000006
2015-01-16 14:00:00,686.9000000000007
2015-01-16 15:00:00,695.6000000000007
2015-01-16 16:00:00,692.4000000000007
2015-01-16 17:00:00,692.4000000000007
2015-01-16 18:00:00,695.1000000000007
2015-01-16 19:00:00,695.5000000000006
2015-01-16 20:00:00,700.0000000000006
2015-01-16 21:00:00,699.7000000000006
2015-01-20 06:00:00,700.2000000000006
2015-01-20 14:00:00,688.9000000000007
2015-01-20 16:00:00,691.9000000000007
2015-01-20 17:00:00,696.3000000000008
2015-01-20 18:00:00,697.0000000000006
2015-01-20 19:00:00,696.1000000000007
2015-01-20 20:00:00,700.2000000000006
2015-01-21 06:00:00,714.7000000000006
2015-01-21 14:00:00,702.4000000000007
2015-01-21 15:00:00,712.9000000000007
2015-01-21 16:00:00,714.4000000000007
2015-01-21 17:00:00,713.2000000000006
2015-01-21 19:00:00,709.3000000000008
2015-01-21 20:00:00,714.7000000000006
2015-01-22 06:00:00,718.3000000000008
2015-01-22 13:00:00,722.7000000000006
2015-01-22 14:00:00,711.9000000000007
2015-01-22 15:00:00,712.7000000000006
2015-01-22 16:00:00,707.9000000000007
2015-01-22 17:00:00,710.1000000000007
2015-01-22 19:00:00,712.9000000000007
2015-01-22 20:00:00,718.0000000000006
2015-01-22 21:00:00,719.3000000000008
2015-01-23 06:00:00,713.3000000000008
2015-01-23 14:00:00,715.4000000000007
2015-01-23 15:00:00,720.4000000000007
2015-01-23 16:00:00,723.7000000000006
2015-01-23 17:00:00,723.5000000000006
2015-01-23 19:00:00,719.7000000000006
2015-01-23 20:00:00,713.3000000000008
2015-01-23 21:00:00,718.5000000000006
2015-01-26 06:00:00,724.1000000000007
2015-01-26 14:00:00,714.2000000000006
2015-01-26 15:00:00,721.8000000000008
2015-01-26 18:00:00,724.0000000000006
2015-01-26 20:00:00,722.0000000000006
2015-01-26 21:00:00,725.9000000000007
2015-01-27 06:00:00,724.4000000000007
2015-01-27 13:00:00,719.7000000000006
2015-01-27 14:00:00,719.7000000000006
2015-01-27 15:00:00,719.7000000000006
2015-01-27 16:00:00,727.7000000000006
2015-01-27 17:00:00,726.9000000000007
2015-01-27 18:00:00,722.3000000000008
2015-01-27 19:00:00,725.3000000000008
2015-01-27 20:00:00,724.6000000000007
2015-01-28 06:00:00,693.9000000000007
2015-01-28 14:00:00,707.3000000000008
2015-01-28 15:00:00,708.6000000000007
2015-01-28 16:00:00,708.0000000000006
2015-01-28 17:00:00,710.1000000000007
2015-01-28 18:00:00,707.5000000000006
2015-01-28 19:00:00,702.2000000000006
2015-01-28 20:00:00,693.9000000000007
2015-01-29 06:00:00,695.3000000000008
2015-01-29 14:00:00,690.7000000000006
2015-01-29 15:00:00,680.4000000000007
2015-01-29 16:00:00,686.5000000000006
2015-01-29 17:00:00,686.2000000000006
2015-01-29 18:00:00,693.0000000000006
2015-01-29 19:00:00,690.6000000000007
2015-01-29 20:00:00,695.3000000000008
2015-01-30 06:00:00,701.4000000000007
2015-01-30 14:00:00,699.7000000000006
2015-01-30 15:00:00,698.3000000000008
2015-01-30 16:00:00,688.7000000000006
2015-01-30 17:00:00,691.6000000000007
2015-01-30 18:00:00,702.0000000000006
2015-01-30 19:00:00,706.8000000000008
2015-01-30 20:00:00,701.1000000000007
2015-01-30 21:00:00,699.7000000000006
2015-02-02 06:00:00,724.9000000000007
2015-02-02 14:00:00,717.7000000000006
2015-02-02 15:00:00,708.6000000000007
2015-02-02 16:00:00,717.3000000000008
2015-02-02 18:00:00,711.8000000000008
2015-02-03 06:00:00,746.9000000000007
2015-02-03 14:00:00,744.8000000000008
2015-02-03 15:00:00,742.8000000000008
2015-02-03 16:00:00,740.0000000000006
2015-02-03 17:00:00,739.3000000000008
2015-02-03 18:00:00,749.2000000000006
2015-02-03 19:00:00,744.5000000000006
2015-02-03 20:00:00,746.9000000000007
2015-02-04 06:00:00,733.9000000000007
2015-02-04 14:00:00,734.2000000000006
2015-02-04 15:00:00,737.2000000000006
2015-02-04 16:00:00,739.2000000000006
2015-02-04 17:00:00,737.1000000000007
2015-02-04 18:00:00,732.6000000000007
2015-02-04 19:00:00,733.2000000000006
2015-02-04 20:00:00,733.9000000000007
2015-02-05 06:00:00,744.9000000000007
2015-02-05 14:00:00,743.1000000000007
2015-02-05 15:00:00,745.4000000000007
2015-02-05 16:00:00,747.7000000000006
2015-02-05 20:00:00,744.9000000000007
2015-02-06 06:00:00,745.7000000000006
2015-02-06 14:00:00,748.9000000000007
2015-02-06 16:00:00,744.7000000000006
2015-02-06 17:00:00,750.0000000000006
2015-02-06 18:00:00,743.6000000000007
2015-02-06 19:00:00,747.2000000000006
2015-02-06 20:00:00,745.1000000000007
2015-02-09 06:00:00,745.8000000000008
2015-02-09 14:00:00,751.3000000000008
2015-02-09 15:00:00,749.8000000000008
2015-02-09 16:00:00,748.7000000000006
2015-02-09 17:00:00,749.2000000000006
2015-02-09 18:00:00,751.6000000000007
2015-02-09 19:00:00,747.8000000000008
2015-02-09 20:00:00,745.7000000000006
2015-02-10 06:00:00,745.8000000000008
2015-02-10 14:00:00,732.0000000000006
2015-02-10 15:00:00,735.8000000000008
2015-02-10 16:00:00,738.2000000000006
2015-02-10 17:00:00,742.1000000000007
2015-02-10 18:00:00,741.5000000000006
2015-02-10 19:00:00,740.3000000000008
2015-02-10 20:00:00,745.8000000000008
2015-02-11 06:00:00,740.4000000000007
2015-02-11 14:00:00,735.1000000000007
2015-02-11 15:00:00,735.6000000000007
2015-02-11 17:00:00,743.0000000000006
2015-02-11 19:00:00,737.9000000000007
2015-02-11 20:00:00,740.4000000000007
2015-02-12 06:00:00,750.5000000000006
2015-02-12 14:00:00,752.6000000000007
2015-02-12 15:00:00,748.2000000000006
2015-02-12 17:00:00,747.7000000000006
2015-02-12 19:00:00,751.9000000000007
2015-02-12 20:00:00,750.5000000000006
2015-02-13 06:00:00,768.7000000000006
2015-02-13 14:00:00,764.3000000000008
2015-02-13 15:00:00,762.4000000000007
2015-02-13 16:00:00,762.1000000000007
2015-02-13 17:00:00,761.7000000000006
2015-02-13 19:00:00,763.5000000000006
2015-02-13 20:00:00,768.7000000000006
2015-02-17 06:00:00,769.7000000000006
2015-02-17 14:00:00,760.0000000000006
2015-02-17 15:00:00,765.1000000000007
2015-02-17 16:00:00,765.8000000000008
2015-02-17 17:00:00,765.1000000000007
2015-02-17 18:00:00,770.0000000000006
2015-02-17 19:00:00,770.6000000000007
2015-02-17 20:00:00,770.0000000000006
2015-02-18 06:00:00,759.8000000000008
2015-02-18 14:00:00,763.3000000000008
2015-02-18 15:00:00,765.7000000000006
2015-02-18 16:00:00,763.0000000000006
2015-02-18 17:00:00,761.2000000000006
2015-02-18 18:00:00,762.4000000000007
2015-02-18 19:00:00,759.6000000000007
2015-02-18 20:00:00,759.3000000000008
2015-02-19 06:00:00,756.3000000000008
2015-02-19 14:00:00,742.5000000000006
2015-02-19 15:00:00,749.6000000000007
2015-02-19 16:00:00,751.8000000000008
2015-02-19 17:00:00,756.0000000000006
2015-02-19 18:00:00,758.9000000000007
2015-02-19 19:00:00,759.4000000000007
2015-02-19 20:00:00,756.3000000000008
2015-02-20 06:00:00,752.1000000000007
2015-02-20 14:00:00,752.2000000000006
2015-02-20 15:00:00,749.5000000000006
2015-02-20 16:00:00,748.7000000000006
2015-02-20 19:00:00,751.6000000000007
2015-02-23 06:00:00,749.4000000000007
2015-02-23 12:00:00,742.5000000000006
2015-02-23 14:00:00,744.6000000000007
2015-02-23 15:00:00,747.8000000000008
2015-02-23 16:00:00,750.7000000000006
2015-02-23 17:00:00,748.0000000000006
2015-02-23 18:00:00,750.5000000000006
2015-02-23 19:00:00,748.5000000000006
2015-02-23 20:00:00,749.4000000000007
2015-02-23 21:00:00,749.3000000000008
2015-02-24 06:00:00,750.8000000000008
2015-02-24 14:00:00,751.6000000000007
2015-02-24 15:00:00,750.9000000000007
2015-02-24 16:00:00,747.7000000000006
2015-02-24 20:00:00,750.8000000000008
2015-02-25 06:00:00,755.8000000000008
2015-02-25 14:00:00,749.5000000000006
2015-02-25 15:00:00,750.2000000000006
2015-02-25 16:00:00,754.0000000000006
2015-02-25 17:00:00,752.5000000000006
2015-02-25 18:00:00,753.9000000000007
2015-02-25 19:00:00,755.7000000000006
2015-02-25 20:00:00,755.9000000000007
2015-02-26 06:00:00,740.0000000000006
2015-02-26 14:00:00,743.1000000000007
2015-02-26 15:00:00,741.7000000000006
2015-02-26 16:00:00,743.7000000000006
2015-02-26 17:00:00,743.4000000000007
2015-02-26 18:00:00,740.7000000000006
2015-02-26 19:00:00,736.7000000000006
2015-02-27 06:00:00,737.6000000000007
2015-02-27 14:00:00,742.1000000000007
2015-02-27 15:00:00,740.5000000000006
2015-02-27 16:00:00,742.3000000000008
2015-02-27 17:00:00,741.5000000000006
2015-02-27 19:00:00,739.0000000000006
2015-02-27 20:00:00,737.6000000000007
2015-03-02 06:00:00,731.3000000000008
2015-03-02 14:00:00,725.0000000000006
2015-03-02 15:00:00,729.8000000000008
2015-03-02 16:00:00,730.5000000000006
2015-03-02 17:00:00,730.9000000000007
2015-03-02 18:00:00,729.4000000000007
2015-03-02 19:00:00,727.4000000000007
2015-03-02 20:00:00,731.3000000000008
2015-03-02 21:00:00,731.4000000000007
2015-03-03 06:00:00,734.5000000000006
2015-03-03 14:00:00,731.0000000000006
2015-03-03 15:00:00,732.5000000000006
2015-03-03 16:00:00,732.4000000000007
2015-03-03 17:00:00,736.1000000000007
2015-03-03 18:00:00,739.1000000000007
2015-03-03 19:00:00,736.5000000000006
2015-03-03 20:00:00,734.5000000000006
2015-03-04 06:00:00,733.1000000000007
2015-03-04 14:00:00,730.2000000000006
2015-03-04 15:00:00,726.9000000000007
2015-03-04 16:00:00,726.7000000000006
2015-03-04 17:00:00,730.3000000000008
2015-03-04 18:00:00,730.0000000000006
2015-03-04 19:00:00,728.6000000000007
2015-03-04 20:00:00,733.1000000000007
2015-03-05 06:00:00,729.4000000000007
2015-03-05 14:00:00,729.0000000000006
2015-03-05 15:00:00,729.9000000000007
2015-03-05 16:00:00,730.0000000000006
2015-03-05 17:00:00,729.4000000000007
2015-03-05 18:00:00,730.4000000000007
2015-03-05 20:00:00,729.4000000000007
2015-03-06 06:00:00,714.4000000000007
2015-03-06 14:00:00,724.0000000000006
2015-03-06 15:00:00,724.2000000000006
2015-03-06 17:00:00,720.2000000000006
2015-03-06 18:00:00,718.6000000000007
2015-03-06 19:00:00,715.1000000000007
2015-03-06 20:00:00,713.7000000000006
2015-03-09 05:00:00,709.8000000000008
2015-03-09 13:00:00,712.0000000000006
2015-03-09 14:00:00,720.1000000000007
2015-03-09 15:00:00,719.8000000000008
2015-03-09 16:00:00,717.9000000000007
2015-03-09 17:00:00,713.9000000000007
2015-03-09 18:00:00,713.1000000000007
2015-03-09 19:00:00,709.8000000000008
2015-03-09 20:00:00,709.3000000000008
2015-03-10 05:00:00,699.0000000000006
2015-03-10 11:00:00,701.5000000000006
2015-03-10 13:00:00,706.6000000000007
2015-03-10 14:00:00,706.0000000000006
2015-03-10 15:00:00,706.3000000000008
2015-03-10 16:00:00,699.9000000000007
2015-03-10 17:00:00,700.8000000000008
2015-03-10 18:00:00,699.6000000000007
2015-03-10 19:00:00,699.6000000000007
2015-03-11 05:00:00,700.7000000000006
2015-03-12 05:00:00,697.2000000000006
2015-03-12 13:00:00,704.1000000000007
2015-03-12 14:00:00,701.6000000000007
2015-03-13 05:00:00,692.8000000000008
2015-03-16 05:00:00,704.2000000000006
2015-03-16 13:00:00,689.2000000000006
2015-03-16 15:00:00,689.4000000000007
2015-03-16 16:00:00,695.3000000000008
2015-03-16 19:00:00,703.4000000000007
2015-03-17 05:00:00,699.2000000000006
2015-03-17 13:00:00,699.4000000000007
2015-03-17 14:00:00,697.2000000000006
2015-03-17 15:00:00,696.3000000000008
2015-03-17 16:00:00,696.8000000000008
2015-03-17 19:00:00,699.2000000000006
2015-03-18 05:00:00,721.0000000000006
2015-03-18 13:00:00,694.9000000000007
2015-03-18 14:00:00,701.0000000000006
2015-03-18 15:00:00,701.4000000000007
2015-03-18 16:00:00,704.5000000000006
2015-03-18 17:00:00,705.6000000000007
2015-03-18 20:00:00,719.8000000000008
2015-03-18 23:00:00,720.0000000000006
2015-03-19 05:00:00,709.5000000000006
2015-03-19 13:00:00,711.0000000000006
2015-03-19 15:00:00,709.1000000000007
2015-03-19 16:00:00,708.1000000000007
2015-03-19 18:00:00,709.5000000000006
2015-03-19 19:00:00,709.5000000000006
2015-03-20 05:00:00,720.5000000000006
2015-03-20 13:00:00,721.0000000000006
2015-03-20 14:00:00,719.3000000000008
2015-03-20 15:00:00,722.4000000000007
2015-03-20 16:00:00,724.0000000000006
2015-03-20 18:00:00,723.9000000000007
2015-03-20 19:00:00,720.5000000000006
2015-03-23 05:00:00,718.3000000000008
2015-03-23 13:00:00,724.1000000000007
2015-03-23 14:00:00,725.1000000000007
2015-03-23 15:00:00,721.6000000000007
2015-03-23 16:00:00,721.6000000000007
2015-03-23 17:00:00,719.3000000000008
2015-03-23 18:00:00,720.1000000000007
2015-03-23 19:00:00,718.3000000000008
2015-03-24 05:00:00,712.2000000000006
2015-03-24 13:00:00,716.3000000000008
2015-03-24 14:00:00,714.3000000000008
2015-03-24 15:00:00,716.0000000000006
2015-03-24 19:00:00,712.2000000000006
2015-03-25 05:00:00,726.7000000000006
2015-03-25 13:00:00,721.9000000000007
2015-03-25 14:00:00,718.2000000000006
2015-03-25 15:00:00,721.3000000000008
2015-03-25 16:00:00,722.9000000000007
2015-03-25 17:00:00,726.2000000000006
2015-03-25 18:00:00,726.7000000000006
2015-03-25 22:00:00,723.7000000000006
2015-03-26 05:00:00,721.5000000000006
2015-03-26 13:00:00,726.5000000000006
2015-03-26 14:00:00,721.2000000000006
2015-03-26 16:00:00,721.5000000000006
2015-03-26 17:00:00,724.9000000000007
2015-03-26 18:00:00,722.0000000000006
2015-03-26 19:00:00,721.5000000000006
2015-03-27 05:00:00,715.9000000000007
2015-03-27 11:00:00,720.8000000000008
2015-03-27 13:00:00,714.9000000000007
2015-03-27 14:00:00,719.0000000000006
2015-03-27 15:00:00,717.5000000000006
2015-03-27 16:00:00,717.6000000000007
2015-03-27 17:00:00,717.9000000000007
2015-03-27 18:00:00,715.5000000000006
2015-03-27 19:00:00,715.8000000000008
2015-03-30 05:00:00,731.2000000000006
2015-03-30 13:00:00,726.0000000000006
2015-03-30 14:00:00,726.6000000000007
2015-03-30 15:00:00,727.8000000000008
2015-03-30 16:00:00,726.8000000000008
2015-03-30 18:00:00,732.1000000000007
2015-03-30 19:00:00,731.0000000000006
2015-03-30 20:00:00,730.6000000000007
2015-03-31 05:00:00,725.4000000000007
2015-03-31 09:00:00,730.6000000000007
2015-03-31 10:00:00,726.1000000000007
2015-03-31 11:00:00,726.1000000000007
2015-03-31 13:00:00,727.1000000000007
2015-03-31 14:00:00,729.1000000000007
2015-03-31 15:00:00,727.9000000000007
2015-03-31 17:00:00,730.0000000000006
2015-03-31 19:00:00,725.3000000000008
2015-04-01 05:00:00,726.1000000000007
2015-04-01 13:00:00,728.0000000000006
2015-04-01 14:00:00,730.9000000000007
2015-04-01 15:00:00,729.9000000000007
2015-04-01 16:00:00,731.8000000000008
2015-04-01 17:00:00,730.4000000000007
2015-04-01 18:00:00,729.4000000000007
2015-04-01 19:00:00,726.1000000000007
2015-04-02 05:00:00,728.0000000000006
2015-04-02 11:00:00,723.3000000000008
2015-04-02 13:00:00,732.9000000000007
2015-04-02 14:00:00,730.5000000000006
2015-04-02 15:00:00,730.1000000000007
2015-04-02 16:00:00,730.0000000000006
2015-04-02 17:00:00,727.9000000000007
2015-04-02 19:00:00,727.6000000000007
2015-04-03 05:00:00,728.0000000000006
2015-04-06 05:00:00,742.6000000000007
2015-04-06 13:00:00,731.6000000000007
2015-04-06 14:00:00,738.1000000000007
2015-04-06 15:00:00,741.1000000000007
2015-04-06 16:00:00,743.5000000000006
2015-04-06 17:00:00,745.6000000000007
2015-04-06 18:00:00,745.3000000000008
2015-04-06 20:00:00,743.1000000000007
2015-04-07 05:00:00,743.8000000000008
2015-04-07 13:00:00,745.6000000000007
2015-04-07 14:00:00,747.2000000000006
2015-04-07 16:00:00,748.1000000000007
2015-04-07 19:00:00,743.8000000000008
2015-04-07 20:00:00,743.4000000000007
2015-04-08 05:00:00,736.6000000000007
2015-04-08 13:00:00,746.1000000000007
2015-04-08 14:00:00,744.6000000000007
2015-04-08 17:00:00,740.9000000000007
2015-04-08 18:00:00,740.0000000000006
2015-04-08 19:00:00,736.6000000000007
2015-04-09 05:00:00,749.8000000000008
2015-04-09 13:00:00,742.6000000000007
2015-04-09 14:00:00,741.1000000000007
2015-04-09 15:00:00,745.8000000000008
2015-04-09 16:00:00,747.1000000000007
2015-04-09 17:00:00,746.2000000000006
2015-04-09 18:00:00,749.0000000000006
2015-04-09 19:00:00,749.7000000000006
2015-04-10 05:00:00,752.3000000000008
2015-04-10 13:00:00,750.4000000000007
2015-04-10 14:00:00,750.7000000000006
2015-04-10 15:00:00,753.3000000000008
2015-04-10 16:00:00,752.0000000000006
2015-04-10 17:00:00,751.4000000000007
2015-04-10 18:00:00,751.8000000000008
2015-04-10 19:00:00,752.2000000000006
2015-04-13 05:00:00,745.0000000000006
2015-04-13 12:00:00,754.8000000000008
2015-04-13 13:00:00,754.0000000000006
2015-04-13 14:00:00,751.7000000000006
2015-04-13 15:00:00,748.4000000000007
2015-04-13 16:00:00,748.3000000000008
2015-04-13 17:00:00,746.9000000000007
2015-04-13 19:00:00,745.0000000000006
2015-04-13 20:00:00,747.0000000000006
2015-04-14 05:00:00,759.3000000000008
2015-04-14 13:00:00,754.0000000000006
2015-04-14 16:00:00,760.2000000000006
2015-04-14 17:00:00,760.3000000000008
2015-04-14 19:00:00,759.3000000000008
2015-04-15 05:00:00,778.5000000000006
2015-04-15 13:00:00,766.0000000000006
2015-04-15 14:00:00,773.0000000000006
2015-04-15 15:00:00,773.5000000000006
2015-04-15 16:00:00,775.8000000000008
2015-04-15 17:00:00,777.3000000000008
2015-04-15 18:00:00,780.2000000000006
2015-04-15 19:00:00,778.5000000000006
2015-04-16 05:00:00,777.3000000000008
2015-04-16 13:00:00,773.1000000000007
2015-04-16 14:00:00,772.2000000000006
2015-04-16 15:00:00,772.9000000000007
2015-04-16 16:00:00,780.0000000000006
2015-04-16 17:00:00,783.5000000000006
2015-04-16 18:00:00,780.4000000000007
2015-04-16 19:00:00,777.8000000000008
2015-04-17 05:00:00,770.2000000000006
2015-04-17 13:00:00,771.2000000000006
2015-04-17 14:00:00,770.9000000000007
2015-04-17 15:00:00,772.0000000000006
2015-04-17 16:00:00,768.5000000000006
2015-04-17 17:00:00,765.2000000000006
2015-04-17 18:00:00,768.2000000000006
2015-04-17 19:00:00,769.0000000000006
2015-04-20 05:00:00,773.7000000000006
2015-04-20 13:00:00,778.8000000000008
2015-04-20 14:00:00,781.1000000000007
2015-04-20 15:00:00,778.3000000000008
2015-04-20 16:00:00,779.2000000000006
2015-04-20 17:00:00,778.2000000000006
2015-04-20 18:00:00,774.8000000000008
2015-04-20 19:00:00,773.7000000000006
2015-04-21 05:00:00,765.5000000000006
2015-04-21 13:00:00,770.0000000000006
2015-04-21 14:00:00,770.0000000000006
2015-04-21 15:00:00,767.4000000000007
2015-04-21 16:00:00,765.8000000000008
2015-04-21 17:00:00,764.3000000000008
2015-04-21 18:00:00,766.0000000000006
2015-04-22 05:00:00,770.6000000000007
2015-04-22 13:00:00,767.8000000000008
2015-04-22 14:00:00,770.6000000000007
2015-04-22 15:00:00,769.9000000000007
2015-04-22 16:00:00,771.0000000000006
2015-04-22 17:00:00,772.8000000000008
2015-04-22 18:00:00,771.2000000000006
2015-04-22 19:00:00,770.6000000000007
2015-04-23 05:00:00,776.6000000000007
2015-04-23 13:00:00,778.5000000000006
2015-04-23 14:00:00,777.0000000000006
2015-04-23 15:00:00,779.0000000000006
2015-04-23 16:00:00,780.0000000000006
2015-04-23 17:00:00,779.9000000000007
2015-04-23 19:00:00,777.8000000000008
2015-04-24 05:00:00,771.4000000000007
2015-04-24 13:00:00,771.5000000000006
2015-04-24 14:00:00,769.8000000000008
2015-04-24 15:00:00,771.0000000000006
2015-04-24 16:00:00,772.3000000000008
2015-04-24 17:00:00,771.8000000000008
2015-04-24 18:00:00,768.3000000000008
2015-04-24 19:00:00,771.4000000000007
2015-04-27 05:00:00,770.9000000000007
2015-04-27 13:00:00,772.2000000000006
2015-04-27 14:00:00,772.4000000000007
2015-04-27 15:00:00,774.3000000000008
2015-04-27 16:00:00,770.6000000000007
2015-04-27 17:00:00,771.1000000000007
2015-04-27 18:00:00,771.1000000000007
2015-04-28 05:00:00,774.2000000000006
2015-04-28 13:00:00,772.4000000000007
2015-04-28 14:00:00,768.8000000000008
2015-04-28 16:00:00,770.7000000000006
2015-04-28 17:00:00,770.7000000000006
2015-04-29 05:00:00,781.2000000000006
2015-04-29 13:00:00,773.6000000000007
2015-04-29 14:00:00,777.5000000000006
2015-04-29 15:00:00,779.4000000000007
2015-04-29 16:00:00,781.4000000000007
2015-04-29 17:00:00,781.3000000000008
2015-04-29 18:00:00,780.4000000000007
2015-04-29 19:00:00,781.2000000000006
2015-04-29 20:00:00,781.5000000000006
2015-04-30 05:00:00,778.0000000000006
2015-04-30 12:00:00,783.6000000000007
2015-04-30 13:00:00,777.6000000000007
2015-04-30 14:00:00,774.9000000000007
2015-04-30 15:00:00,780.8000000000008
2015-04-30 16:00:00,780.9000000000007
2015-04-30 17:00:00,783.6000000000007
2015-04-30 18:00:00,779.4000000000007
2015-04-30 19:00:00,777.8000000000008
2015-04-30 20:00:00,780.9000000000007
2015-05-01 05:00:00,780.4000000000007
2015-05-01 13:00:00,777.6000000000007
2015-05-01 14:00:00,775.2000000000006
2015-05-01 15:00:00,775.8000000000008
2015-05-01 16:00:00,776.6000000000007
2015-05-01 17:00:00,780.5000000000006
2015-05-01 18:00:00,781.6000000000007
2015-05-01 19:00:00,780.3000000000008
2015-05-04 05:00:00,778.4000000000007
2015-05-04 13:00:00,782.4000000000007
2015-05-04 14:00:00,777.2000000000006
2015-05-04 15:00:00,781.8000000000008
2015-05-04 16:00:00,776.8000000000008
2015-05-04 17:00:00,778.3000000000008
2015-05-04 18:00:00,777.9000000000007
2015-05-04 19:00:00,778.4000000000007
2015-05-05 05:00:00,768.4000000000007
2015-05-05 13:00:00,783.2000000000006
2015-05-05 14:00:00,784.0000000000006
2015-05-05 15:00:00,778.7000000000006
2015-05-05 16:00:00,774.8000000000008
2015-05-05 17:00:00,774.6000000000007
2015-05-05 18:00:00,770.3000000000008
2015-05-05 19:00:00,768.4000000000007
2015-05-05 20:00:00,769.0000000000006
2015-05-06 05:00:00,765.1000000000007
2015-05-06 13:00:00,768.2000000000006
2015-05-06 14:00:00,773.2000000000006
2015-05-06 15:00:00,766.7000000000006
2015-05-06 16:00:00,767.9000000000007
2015-05-06 17:00:00,766.5000000000006
2015-05-06 18:00:00,762.5000000000006
2015-05-06 19:00:00,765.1000000000007
2015-05-07 05:00:00,756.4000000000007
2015-05-07 13:00:00,749.9000000000007
2015-05-07 14:00:00,754.4000000000007
2015-05-07 15:00:00,755.7000000000006
2015-05-07 16:00:00,757.2000000000006
2015-05-07 17:00:00,755.1000000000007
2015-05-07 18:00:00,754.9000000000007
2015-05-07 19:00:00,756.4000000000007
2015-05-08 05:00:00,769.6000000000007
2015-05-08 13:00:00,757.4000000000007
2015-05-08 14:00:00,759.3000000000008
2015-05-08 15:00:00,764.4000000000007
2015-05-08 16:00:00,764.9000000000007
2015-05-08 17:00:00,766.9000000000007
2015-05-08 18:00:00,767.5000000000006
2015-05-08 19:00:00,769.6000000000007
2015-05-08 20:00:00,768.8000000000008
2015-05-11 05:00:00,753.8000000000008
2015-05-11 13:00:00,760.8000000000008
2015-05-11 14:00:00,756.3000000000008
2015-05-11 15:00:00,758.3000000000008
2015-05-11 16:00:00,757.0000000000006
2015-05-11 17:00:00,754.2000000000006
2015-05-11 18:00:00,754.8000000000008
2015-05-11 19:00:00,753.8000000000008
2015-05-11 20:00:00,753.5000000000006
2015-05-12 05:00:00,758.1000000000007
2015-05-12 13:00:00,753.4000000000007
2015-05-12 14:00:00,755.2000000000006
2015-05-12 15:00:00,761.2000000000006
2015-05-12 16:00:00,757.6000000000007
2015-05-12 17:00:00,757.7000000000006
2015-05-12 18:00:00,758.2000000000006
2015-05-12 19:00:00,758.1000000000007
2015-05-12 20:00:00,760.7000000000006
2015-05-13 05:00:00,755.3000000000008
2015-05-13 13:00:00,759.3000000000008
2015-05-13 14:00:00,755.8000000000008
2015-05-13 15:00:00,756.3000000000008
2015-05-13 16:00:00,754.3000000000008
2015-05-13 17:00:00,755.3000000000008
2015-05-13 18:00:00,753.6000000000007
2015-05-13 19:00:00,755.3000000000008
2015-05-14 05:00:00,756.0000000000006
2015-05-14 13:00:00,762.2000000000006
2015-05-14 14:00:00,760.7000000000006
2015-05-14 15:00:00,759.8000000000008
2015-05-14 16:00:00,757.7000000000006
2015-05-14 18:00:00,757.5000000000006
2015-05-14 19:00:00,756.0000000000006
2015-05-15 05:00:00,758.5000000000006
2015-05-15 13:00:00,756.4000000000007
2015-05-15 14:00:00,755.5000000000006
2015-05-15 15:00:00,754.8000000000008
2015-05-15 16:00:00,759.3000000000008
2015-05-15 17:00:00,760.5000000000006
2015-05-15 18:00:00,760.7000000000006
2015-05-15 19:00:00,758.5000000000006
2015-05-18 05:00:00,758.4000000000007
2015-05-18 13:00:00,755.3000000000008
2015-05-18 14:00:00,757.2000000000006
2015-05-18 15:00:00,757.1000000000007
2015-05-19 05:00:00,747.9000000000007
2015-05-19 19:00:00,747.9000000000007
2015-05-20 05:00:00,748.9000000000007
2015-05-21 05:00:00,756.4000000000007
2015-05-22 05:00:00,753.9000000000007
2015-05-26 05:00:00,741.0000000000006
2015-05-26 13:00:00,747.6000000000007
2015-05-26 14:00:00,744.1000000000007
2015-05-26 15:00:00,741.4000000000007
2015-05-26 16:00:00,739.8000000000008
2015-05-26 17:00:00,738.6000000000007
2015-05-26 18:00:00,738.7000000000006
2015-05-26 19:00:00,741.0000000000006
2015-05-27 05:00:00,739.9000000000007
2015-05-27 13:00:00,744.4000000000007
2015-05-27 14:00:00,735.6000000000007
2015-05-27 15:00:00,738.4000000000007
2015-05-27 16:00:00,739.6000000000007
2015-05-27 18:00:00,739.3000000000008
2015-05-27 19:00:00,739.9000000000007
2015-05-28 05:00:00,735.9000000000007
2015-05-28 13:00:00,735.0000000000006
2015-05-28 14:00:00,732.4000000000007
2015-05-28 15:00:00,733.7000000000006
2015-05-28 16:00:00,732.6000000000007
2015-05-28 17:00:00,734.0000000000006
2015-05-28 18:00:00,733.4000000000007
2015-05-29 05:00:00,735.9000000000007
2015-05-29 13:00:00,736.2000000000006
2015-05-29 14:00:00,736.8000000000008
2015-05-29 15:00:00,737.4000000000007
2015-05-29 16:00:00,738.0000000000006
2015-05-29 17:00:00,738.6000000000007
2015-05-29 18:00:00,736.4000000000007
2015-06-01 05:00:00,733.9000000000007
2015-06-01 13:00:00,736.5000000000006
2015-06-01 14:00:00,733.8000000000008
2015-06-01 15:00:00,733.5000000000006
2015-06-01 16:00:00,733.4000000000007
2015-06-01 17:00:00,735.5000000000006
2015-06-01 18:00:00,736.5000000000006
2015-06-01 19:00:00,733.9000000000007
2015-06-02 05:00:00,738.9000000000007
2015-06-02 13:00:00,732.8000000000008
2015-06-02 14:00:00,736.6000000000007
2015-06-02 15:00:00,738.7000000000006
2015-06-02 16:00:00,741.5000000000006
2015-06-02 17:00:00,741.3000000000008
2015-06-02 18:00:00,741.0000000000006
2015-06-02 19:00:00,738.9000000000007
2015-06-03 05:00:00,732.3000000000008
2015-06-03 13:00:00,735.9000000000007
2015-06-03 14:00:00,737.7000000000006
2015-06-03 15:00:00,734.1000000000007
2015-06-03 16:00:00,733.8000000000008
2015-06-03 17:00:00,732.4000000000007
2015-06-03 19:00:00,732.3000000000008
2015-06-04 05:00:00,722.5000000000006
2015-06-04 13:00:00,727.7000000000006
2015-06-04 14:00:00,725.2000000000006
2015-06-04 15:00:00,724.8000000000008
2015-06-04 16:00:00,725.4000000000007
2015-06-04 17:00:00,723.4000000000007
2015-06-04 18:00:00,724.9000000000007
2015-06-04 19:00:00,722.5000000000006
2015-06-05 05:00:00,728.6000000000007
2015-06-05 13:00:00,729.2000000000006
2015-06-05 14:00:00,733.9000000000007
2015-06-05 15:00:00,727.2000000000006
2015-06-05 17:00:00,732.3000000000008
2015-06-05 18:00:00,731.9000000000007
2015-06-05 19:00:00,729.0000000000006
2015-06-08 05:00:00,724.6000000000007
2015-06-08 13:00:00,729.0000000000006
2015-06-08 14:00:00,726.7000000000006
2015-06-08 15:00:00,727.1000000000007
2015-06-08 16:00:00,724.0000000000006
2015-06-08 17:00:00,723.3000000000008
2015-06-08 18:00:00,724.2000000000006
2015-06-08 19:00:00,725.0000000000006
2015-06-09 05:00:00,724.0000000000006
2015-06-09 13:00:00,728.4000000000007
2015-06-09 14:00:00,728.8000000000008
2015-06-09 15:00:00,728.6000000000007
2015-06-09 16:00:00,727.6000000000007
2015-06-09 17:00:00,727.3000000000008
2015-06-09 18:00:00,726.4000000000007
2015-06-09 19:00:00,725.6000000000007
2015-06-10 05:00:00,732.8000000000008
2015-06-10 13:00:00,732.0000000000006
2015-06-10 14:00:00,732.3000000000008
2015-06-10 15:00:00,732.6000000000007
2015-06-10 16:00:00,734.1000000000007
2015-06-10 17:00:00,731.8000000000008
2015-06-10 18:00:00,733.8000000000008
2015-06-10 19:00:00,732.8000000000008
2015-06-10 20:00:00,733.0000000000006
2015-06-11 05:00:00,729.9000000000007
2015-06-11 19:00:00,729.1000000000005
2015-06-12 05:00:00,721.2000000000006
2015-06-12 13:00:00,723.2000000000006
2015-06-12 14:00:00,721.2000000000006
2015-06-15 05:00:00,718.6000000000005
2015-06-15 14:00:00,719.0000000000006
2015-06-16 05:00:00,724.6000000000005
2015-06-16 15:00:00,720.6000000000005
2015-06-16 17:00:00,722.7000000000006
2015-06-16 18:00:00,724.1000000000005
2015-06-17 05:00:00,723.9000000000007
2015-06-17 08:00:00,724.7000000000006
2015-06-17 09:00:00,724.7000000000006
2015-06-17 13:00:00,730.8000000000005
2015-06-17 14:00:00,728.1000000000005
2015-06-18 05:00:00,723.3000000000005
2015-06-18 13:00:00,725.1000000000005
2015-06-18 14:00:00,724.6000000000005
2015-06-18 15:00:00,727.8000000000005
2015-06-18 16:00:00,727.6000000000005
2015-06-18 17:00:00,724.6000000000005
2015-06-18 18:00:00,725.9000000000007
2015-06-18 19:00:00,723.4000000000007
2015-06-19 05:00:00,715.6000000000005
2015-06-19 13:00:00,721.3000000000005
2015-06-19 14:00:00,718.7000000000006
2015-06-19 15:00:00,717.0000000000006
2015-06-19 18:00:00,715.8000000000005
2015-06-19 19:00:00,715.6000000000005
2015-06-22 05:00:00,725.3000000000005
2015-06-22 13:00:00,719.9000000000007
2015-06-22 14:00:00,724.2000000000006
2015-06-22 15:00:00,724.3000000000005
2015-06-22 16:00:00,723.4000000000007
2015-06-22 17:00:00,724.3000000000005
2015-06-22 18:00:00,725.1000000000005
2015-06-22 19:00:00,725.3000000000005
2015-06-23 05:00:00,727.6000000000005
2015-06-23 13:00:00,725.3000000000005
2015-06-23 14:00:00,725.9000000000007
2015-06-23 15:00:00,724.7000000000006
2015-06-23 16:00:00,725.4000000000007
2015-06-23 17:00:00,727.2000000000006
2015-06-23 18:00:00,728.3000000000005
2015-06-23 19:00:00,727.6000000000005
2015-06-24 05:00:00,723.1000000000005
2015-06-24 13:00:00,727.6000000000005
2015-06-24 14:00:00,727.0000000000006
2015-06-24 15:00:00,725.8000000000005
2015-06-24 16:00:00,725.1000000000005
2015-06-24 19:00:00,723.4000000000007
2015-06-25 05:00:00,715.0000000000006
2015-06-25 13:00:00,721.3000000000005
2015-06-25 14:00:00,719.3000000000005
2015-06-25 16:00:00,718.8000000000005
2015-06-25 19:00:00,715.2000000000006
2015-06-26 05:00:00,716.7000000000006
2015-06-26 13:00:00,712.7000000000006
2015-06-26 14:00:00,711.4000000000007
2015-06-26 15:00:00,713.5000000000006
2015-06-26 16:00:00,714.3000000000005
2015-06-26 17:00:00,714.0000000000006
2015-06-26 19:00:00,716.7000000000006
2015-06-29 05:00:00,702.9000000000007
2015-06-29 13:00:00,710.6000000000005
2015-06-29 14:00:00,710.0000000000006
2015-06-29 15:00:00,710.0000000000006
2015-06-30 05:00:00,708.4000000000007
2015-06-30 13:00:00,707.1000000000005
2015-06-30 14:00:00,705.5000000000006
2015-06-30 15:00:00,704.7000000000006
2015-06-30 16:00:00,704.8000000000005
2015-06-30 17:00:00,706.8000000000005
2015-06-30 18:00:00,708.7000000000006
2015-06-30 19:00:00,708.4000000000007
2015-06-30 20:00:00,707.3000000000005
2015-07-01 05:00:00,698.1000000000005
2015-07-01 13:00:00,706.8000000000005
2015-07-01 14:00:00,700.8000000000005
2015-07-01 15:00:00,699.4000000000007
2015-07-01 16:00:00,699.4000000000007
2015-07-01 17:00:00,697.5000000000006
2015-07-01 18:00:00,696.6000000000005
2015-07-01 19:00:00,698.1000000000005
2015-07-02 05:00:00,701.4000000000007
2015-07-02 13:00:00,703.3000000000005
2015-07-02 14:00:00,704.4000000000007
2015-07-02 15:00:00,701.5000000000006
2015-07-02 16:00:00,702.3000000000005
2015-07-02 17:00:00,703.2000000000006
2015-07-02 18:00:00,700.9000000000007
2015-07-02 19:00:00,701.4000000000007
2015-07-06 05:00:00,691.4000000000007
2015-07-06 11:00:00,692.3000000000005
2015-07-06 12:00:00,691.6000000000005
2015-07-06 13:00:00,693.8000000000005
2015-07-06 14:00:00,697.0000000000006
2015-07-06 15:00:00,694.8000000000005
2015-07-06 16:00:00,695.6000000000005
2015-07-06 17:00:00,692.8000000000005
2015-07-06 19:00:00,691.4000000000007
2015-07-07 05:00:00,697.8000000000005
2015-07-07 13:00:00,688.1000000000005
2015-07-07 14:00:00,681.9000000000007
2015-07-07 15:00:00,690.2000000000006
2015-07-07 16:00:00,696.4000000000007
2015-07-07 17:00:00,692.4000000000007
2015-07-07 18:00:00,699.1000000000005
2015-07-07 19:00:00,697.8000000000005
2015-07-07 20:00:00,698.4000000000007
2015-07-08 05:00:00,683.6000000000005
2015-07-08 11:00:00,693.7000000000006
2015-07-08 12:00:00,692.7000000000006
2015-07-08 13:00:00,694.7000000000006
2015-07-08 14:00:00,690.2000000000006
2015-07-08 15:00:00,685.8000000000005
2015-07-08 16:00:00,686.0000000000006
2015-07-08 17:00:00,685.8000000000005
2015-07-08 18:00:00,682.9000000000007
2015-07-08 19:00:00,684.4000000000007
2015-07-09 05:00:00,687.7000000000006
2015-07-09 13:00:00,693.2000000000006
2015-07-09 14:00:00,692.2000000000006
2015-07-09 15:00:00,689.4000000000007
2015-07-09 16:00:00,690.1000000000005
2015-07-09 17:00:00,690.0000000000006
2015-07-09 18:00:00,689.0000000000006
2015-07-09 19:00:00,689.6000000000005
2015-07-09 22:00:00,688.8000000000005
2015-07-10 05:00:00,690.4000000000007
2015-07-10 13:00:00,691.9000000000007
2015-07-10 14:00:00,690.7000000000006
2015-07-10 15:00:00,691.6000000000005
2015-07-10 16:00:00,692.6000000000005
2015-07-10 17:00:00,691.0000000000006
2015-07-10 18:00:00,691.1000000000005
2015-07-10 19:00:00,690.3000000000005
2015-07-10 20:00:00,690.2000000000006
2015-07-13 05:00:00,696.6000000000005
2015-07-13 13:00:00,695.0000000000006
2015-07-13 14:00:00,692.1000000000005
2015-07-13 15:00:00,695.4000000000007
2015-07-13 16:00:00,696.7000000000006
2015-07-13 17:00:00,696.7000000000006
2015-07-13 18:00:00,695.4000000000007
2015-07-13 19:00:00,696.7000000000006
2015-07-13 20:00:00,695.9000000000007
2015-07-14 05:00:00,701.5000000000006
2015-07-14 13:00:00,702.8000000000005
2015-07-14 14:00:00,702.8000000000005
2015-07-14 15:00:00,701.7000000000006
2015-07-14 16:00:00,700.1000000000005
2015-07-14 17:00:00,700.5000000000006
2015-07-14 18:00:00,701.5000000000006
2015-07-14 19:00:00,701.5000000000006
2015-07-14 20:00:00,702.0000000000006
2015-07-14 22:00:00,702.6000000000005
2015-07-15 05:00:00,687.9000000000007
2015-07-15 13:00:00,698.8000000000005
2015-07-15 14:00:00,699.1000000000005
2015-07-15 15:00:00,694.4000000000007
2015-07-15 16:00:00,694.0000000000006
2015-07-15 17:00:00,690.7000000000006
2015-07-15 18:00:00,686.8000000000005
2015-07-15 19:00:00,687.8000000000005
2015-07-15 20:00:00,688.5000000000006
2015-07-16 05:00:00,689.7000000000006
2015-07-16 13:00:00,693.1000000000005
2015-07-16 14:00:00,691.9000000000007
2015-07-16 15:00:00,691.5000000000006
2015-07-16 16:00:00,689.2000000000006
2015-07-16 17:00:00,689.5000000000006
2015-07-16 18:00:00,689.4000000000007
2015-07-16 19:00:00,689.8000000000005
2015-07-16 20:00:00,688.6000000000005
2015-07-16 23:00:00,689.3000000000005
2015-07-17 05:00:00,680.2000000000006
2015-07-17 13:00:00,680.2000000000006
2015-07-17 14:00:00,678.9000000000007
2015-07-17 15:00:00,679.4000000000007
2015-07-17 16:00:00,681.6000000000005
2015-07-17 17:00:00,681.4000000000007
2015-07-17 18:00:00,680.9000000000007
2015-07-17 19:00:00,680.2000000000006
2015-07-20 05:00:00,670.2000000000006
2015-07-20 13:00:00,675.1000000000005
2015-07-20 14:00:00,674.8000000000005
2015-07-20 15:00:00,676.2000000000006
2015-07-20 16:00:00,673.6000000000005
2015-07-20 17:00:00,672.9000000000007
2015-07-20 18:00:00,672.0000000000006
2015-07-20 19:00:00,669.9000000000007
2015-07-20 20:00:00,670.2000000000006
2015-07-21 05:00:00,670.6000000000005
2015-07-21 13:00:00,675.6000000000005
2015-07-21 14:00:00,677.1000000000005
2015-07-21 15:00:00,673.3000000000005
2015-07-21 16:00:00,672.9000000000007
2015-07-21 17:00:00,669.8000000000005
2015-07-21 18:00:00,671.2000000000006
2015-07-21 19:00:00,670.5000000000006
2015-07-21 20:00:00,671.8000000000005
2015-07-22 05:00:00,665.1000000000005
2015-07-22 13:00:00,671.3000000000005
2015-07-22 14:00:00,671.9000000000007
2015-07-22 15:00:00,669.6000000000005
2015-07-22 16:00:00,664.4000000000007
2015-07-22 17:00:00,665.1000000000005
2015-07-22 18:00:00,666.5000000000006
2015-07-22 19:00:00,664.7000000000006
2015-07-22 20:00:00,666.0000000000006
2015-07-23 05:00:00,664.6000000000005
2015-07-23 13:00:00,667.7000000000006
2015-07-23 14:00:00,666.8000000000005
2015-07-23 15:00:00,661.2000000000006
2015-07-23 16:00:00,660.4000000000007
2015-07-23 18:00:00,664.3000000000005
2015-07-23 19:00:00,664.6000000000005
2015-07-23 20:00:00,664.0000000000006
2015-07-24 05:00:00,650.7000000000006
2015-07-24 13:00:00,658.5000000000006
2015-07-24 14:00:00,655.2000000000006
2015-07-24 15:00:00,656.2000000000006
2015-07-24 16:00:00,652.9000000000007
2015-07-24 17:00:00,649.0000000000006
2015-07-24 18:00:00,649.7000000000006
2015-07-24 19:00:00,650.7000000000006
2015-07-24 20:00:00,650.5000000000006
2015-07-27 05:00:00,641.7000000000006
2015-07-27 13:00:00,643.1000000000005
2015-07-27 14:00:00,645.7000000000006
2015-07-27 15:00:00,645.5000000000006
2015-07-27 16:00:00,644.8000000000005
2015-07-27 17:00:00,644.8000000000005
2015-07-27 20:00:00,640.9000000000007
2015-07-28 05:00:00,660.9000000000007
2015-07-28 13:00:00,643.6000000000005
2015-07-28 14:00:00,650.0000000000006
2015-07-28 15:00:00,657.2000000000006
2015-07-28 16:00:00,660.0000000000006
2015-07-28 17:00:00,660.3000000000005
2015-07-28 18:00:00,661.1000000000005
2015-07-28 19:00:00,661.2000000000006
2015-07-29 05:00:00,669.7000000000006
2015-07-29 13:00:00,659.7000000000006
2015-07-29 14:00:00,666.5000000000006
2015-07-29 15:00:00,665.3000000000005
2015-07-29 16:00:00,664.7000000000006
2015-07-29 17:00:00,666.4000000000007
2015-07-29 18:00:00,669.5000000000006
2015-07-29 19:00:00,669.7000000000006
2015-07-29 20:00:00,670.4000000000007
2015-07-30 05:00:00,665.3000000000005
2015-07-30 13:00:00,665.2000000000006
2015-07-30 14:00:00,664.7000000000006
2015-07-30 15:00:00,665.6000000000005
2015-07-30 16:00:00,665.0000000000006
2015-07-30 17:00:00,662.3000000000005
2015-07-30 18:00:00,665.5000000000006
2015-07-30 19:00:00,665.3000000000005
2015-07-30 20:00:00,664.6000000000005
2015-07-31 05:00:00,649.0000000000006
2015-07-31 13:00:00,653.6000000000005
2015-07-31 14:00:00,653.2000000000006
2015-07-31 15:00:00,657.4000000000007
2015-07-31 16:00:00,654.5000000000006
2015-07-31 17:00:00,651.1000000000005
2015-07-31 18:00:00,651.1000000000005
2015-07-31 19:00:00,649.1000000000005
2015-07-31 20:00:00,649.5000000000006
2015-08-03 05:00:00,634.3000000000005
2015-08-03 13:00:00,638.3000000000005
2015-08-03 14:00:00,645.7000000000006
2015-08-03 15:00:00,641.8000000000005
2015-08-03 16:00:00,637.1000000000005
2015-08-03 19:00:00,634.3000000000005
2015-08-04 05:00:00,632.5000000000006
2015-08-04 13:00:00,640.3000000000005
2015-08-04 14:00:00,635.0000000000006
2015-08-04 15:00:00,634.4000000000007
2015-08-04 16:00:00,634.5000000000006
2015-08-04 17:00:00,631.5000000000006
2015-08-04 18:00:00,632.0000000000006
2015-08-04 19:00:00,632.1000000000005
2015-08-04 20:00:00,632.4000000000007
2015-08-05 05:00:00,627.2000000000006
2015-08-05 13:00:00,639.4000000000007
2015-08-05 14:00:00,636.3000000000005
2015-08-05 15:00:00,632.8000000000005
2015-08-05 16:00:00,628.9000000000007
2015-08-05 17:00:00,627.8000000000005
2015-08-05 18:00:00,628.4000000000007
2015-08-05 19:00:00,627.2000000000006
2015-08-05 20:00:00,627.2000000000006
2015-08-06 05:00:00,638.1000000000005
2015-08-06 13:00:00,622.5000000000006
2015-08-06 14:00:00,632.2000000000006
2015-08-06 15:00:00,630.7000000000006
2015-08-06 16:00:00,631.6000000000005
2015-08-06 17:00:00,637.2000000000006
2015-08-06 18:00:00,637.2000000000006
2015-08-06 19:00:00,638.1000000000005
2015-08-06 20:00:00,638.2000000000006
2015-08-07 05:00:00,624.9000000000007
2015-08-07 13:00:00,636.6000000000005
2015-08-07 14:00:00,633.0000000000006
2015-08-07 15:00:00,634.5000000000006
2015-08-07 16:00:00,630.6000000000005
2015-08-07 17:00:00,629.3000000000005
2015-08-07 18:00:00,626.9000000000007
2015-08-07 19:00:00,624.5000000000006
2015-08-10 05:00:00,646.9000000000007
2015-08-10 13:00:00,633.8000000000005
2015-08-10 14:00:00,638.4000000000007
2015-08-10 15:00:00,641.3000000000005
2015-08-10 16:00:00,643.3000000000005
2015-08-10 17:00:00,643.1000000000005
2015-08-10 18:00:00,644.8000000000005
2015-08-10 19:00:00,645.7000000000006
2015-08-11 05:00:00,648.5000000000006
2015-08-11 13:00:00,634.5000000000006
2015-08-11 14:00:00,635.5000000000006
2015-08-11 15:00:00,637.1000000000005
2015-08-11 16:00:00,638.2000000000006
2015-08-11 17:00:00,639.0000000000006
2015-08-11 18:00:00,645.3000000000005
2015-08-11 19:00:00,648.5000000000006
2015-08-11 20:00:00,649.6000000000005
2015-08-12 05:00:00,660.8000000000005
2015-08-12 12:00:00,645.7000000000006
2015-08-12 13:00:00,648.2000000000006
2015-08-12 14:00:00,647.4000000000007
2015-08-12 15:00:00,650.4000000000007
2015-08-12 16:00:00,655.1000000000005
2015-08-12 17:00:00,656.7000000000006
2015-08-12 18:00:00,661.0000000000006
2015-08-12 19:00:00,660.8000000000005
2015-08-12 20:00:00,661.0000000000006
2015-08-13 05:00:00,650.1000000000005
2015-08-13 13:00:00,658.8000000000005
2015-08-13 14:00:00,652.9000000000007
2015-08-13 15:00:00,651.7000000000006
2015-08-13 16:00:00,653.4000000000007
2015-08-13 17:00:00,650.7000000000006
2015-08-13 18:00:00,651.6000000000005
2015-08-13 19:00:00,650.1000000000005
2015-08-13 20:00:00,650.9000000000007
2015-08-14 05:00:00,648.7000000000006
2015-08-14 13:00:00,651.1000000000005
2015-08-14 14:00:00,648.3000000000005
2015-08-14 15:00:00,649.4000000000007
2015-08-14 16:00:00,649.3000000000005
2015-08-14 17:00:00,649.0000000000006
2015-08-14 18:00:00,648.7000000000006
2015-08-14 19:00:00,648.7000000000006
2015-08-14 20:00:00,648.3000000000005
2015-08-17 05:00:00,649.5000000000006
2015-08-17 13:00:00,646.8000000000005
2015-08-17 14:00:00,649.5000000000006
2015-08-17 15:00:00,649.6000000000005
2015-08-17 16:00:00,648.3000000000005
2015-08-17 17:00:00,648.6000000000005
2015-08-17 18:00:00,649.4000000000007
2015-08-17 19:00:00,649.5000000000006
2015-08-17 20:00:00,649.9000000000007
2015-08-18 05:00:00,647.6000000000005
2015-08-18 13:00:00,646.6000000000005
2015-08-18 14:00:00,650.1000000000005
2015-08-18 15:00:00,646.3000000000005
2015-08-18 16:00:00,645.3000000000005
2015-08-18 17:00:00,644.7000000000006
2015-08-18 18:00:00,646.6000000000005
2015-08-18 19:00:00,647.4000000000007
2015-08-19 05:00:00,629.1000000000005
2015-08-19 13:00:00,639.4000000000007
2015-08-19 14:00:00,634.7000000000006
2015-08-19 15:00:00,628.8000000000005
2015-08-19 16:00:00,628.4000000000007
2015-08-19 17:00:00,627.9000000000007
2015-08-19 18:00:00,630.2000000000006
2015-08-19 19:00:00,630.4000000000007
2015-08-19 20:00:00,627.2000000000006
2015-08-20 05:00:00,613.6000000000005
2015-08-20 13:00:00,625.5000000000006
2015-08-20 14:00:00,626.1000000000005
2015-08-20 15:00:00,627.1000000000005
2015-08-20 16:00:00,622.4000000000007
2015-08-20 17:00:00,623.0000000000006
2015-08-20 18:00:00,615.8000000000005
2015-08-20 19:00:00,613.6000000000005
2015-08-20 20:00:00,612.4000000000007
2015-08-21 05:00:00,591.0000000000006
2015-08-21 13:00:00,606.8000000000005
2015-08-21 14:00:00,602.4000000000007
2015-08-21 15:00:00,598.8000000000005
2015-08-21 16:00:00,601.4000000000007
2015-08-21 17:00:00,596.7000000000006
2015-08-21 18:00:00,598.2000000000006
2015-08-21 19:00:00,592.1000000000005
2015-08-24 05:00:00,556.9000000000007
2015-08-24 13:00:00,563.9000000000007
2015-08-24 14:00:00,569.5000000000006
2015-08-24 15:00:00,573.7000000000006
2015-08-24 16:00:00,579.0000000000006
2015-08-24 17:00:00,568.7000000000006
2015-08-24 18:00:00,559.5000000000006
2015-08-24 19:00:00,561.7000000000006
2015-08-24 20:00:00,553.2000000000006
2015-08-24 21:00:00,555.8000000000005
2015-08-25 05:00:00,547.7000000000006
2015-08-25 13:00:00,562.2000000000006
2015-08-25 14:00:00,563.2000000000006
2015-08-25 16:00:00,568.8000000000005
2015-08-25 17:00:00,568.0000000000006
2015-08-25 19:00:00,552.4000000000007
2015-08-26 05:00:00,566.3000000000005
2015-08-26 12:00:00,561.4000000000007
2015-08-26 13:00:00,554.9000000000007
2015-08-26 14:00:00,551.5000000000006
2015-08-26 15:00:00,554.1000000000005
2015-08-26 16:00:00,551.5000000000006
2015-08-26 17:00:00,557.5000000000006
2015-08-26 18:00:00,557.9000000000007
2015-08-26 19:00:00,564.9000000000007
2015-08-26 20:00:00,567.5000000000006
2015-08-27 05:00:00,598.0000000000006
2015-08-27 12:00:00,579.0000000000006
2015-08-27 13:00:00,586.2000000000006
2015-08-27 14:00:00,593.1000000000005
2015-08-27 15:00:00,595.5000000000006
2015-08-27 16:00:00,596.6000000000005
2015-08-27 17:00:00,596.8000000000005
2015-08-27 18:00:00,583.6000000000005
2015-08-27 19:00:00,597.5000000000006
2015-08-27 20:00:00,599.0000000000006
2015-08-28 05:00:00,612.4000000000007
2015-08-28 13:00:00,605.6000000000005
2015-08-28 14:00:00,611.2000000000006
2015-08-28 15:00:00,615.5000000000006
2015-08-28 16:00:00,618.0000000000006
2015-08-28 17:00:00,610.6000000000005
2015-08-28 18:00:00,609.3000000000005
2015-08-28 19:00:00,612.4000000000007
2015-08-28 20:00:00,613.8000000000005
2015-08-31 05:00:00,619.3000000000005
2015-08-31 13:00:00,597.3000000000005
2015-08-31 14:00:00,607.2000000000006
2015-08-31 15:00:00,620.9000000000007
2015-08-31 16:00:00,617.3000000000005
2015-08-31 17:00:00,619.7000000000006
2015-08-31 18:00:00,619.9000000000007
2015-08-31 19:00:00,620.0000000000006
2015-08-31 20:00:00,618.1000000000005
2015-09-01 05:00:00,595.8000000000005
2015-09-01 13:00:00,604.9000000000007
2015-09-01 14:00:00,595.5000000000006
2015-09-01 15:00:00,598.6000000000005
2015-09-01 16:00:00,597.4000000000007
2015-09-01 17:00:00,601.7000000000006
2015-09-01 18:00:00,599.7000000000006
2015-09-01 19:00:00,595.8000000000005
2015-09-01 20:00:00,598.2000000000006
2015-09-02 05:00:00,601.6000000000005
2015-09-02 13:00:00,596.8000000000005
2015-09-02 14:00:00,588.3000000000005
2015-09-02 15:00:00,589.1000000000005
2015-09-02 16:00:00,595.9000000000007
2015-09-02 17:00:00,598.2000000000006
2015-09-02 18:00:00,597.6000000000005
2015-09-02 19:00:00,601.8000000000005
2015-09-02 20:00:00,602.5000000000006
2015-09-03 05:00:00,604.0000000000006
2015-09-03 12:00:00,603.6000000000005
2015-09-03 13:00:00,610.6000000000005
2015-09-03 14:00:00,616.1000000000005
2015-09-03 15:00:00,609.2000000000006
2015-09-03 16:00:00,610.4000000000007
2015-09-03 17:00:00,603.6000000000005
2015-09-03 18:00:00,603.5000000000006
2015-09-03 19:00:00,600.9000000000007
2015-09-03 20:00:00,603.9000000000007
2015-09-04 05:00:00,592.5000000000006
2015-09-04 12:00:00,593.7000000000006
2015-09-04 13:00:00,591.6000000000005
2015-09-04 14:00:00,592.6000000000005
2015-09-04 15:00:00,592.6000000000005
2015-09-04 16:00:00,591.9000000000007
2015-09-04 17:00:00,592.5000000000006
2015-09-04 18:00:00,591.4000000000007
2015-09-04 19:00:00,592.5000000000006
2015-09-04 20:00:00,593.9000000000007
2015-09-08 05:00:00,602.4000000000007
2015-09-08 12:00:00,600.6000000000005
2015-09-08 13:00:00,594.1000000000005
2015-09-08 14:00:00,598.7000000000006
2015-09-08 15:00:00,600.7000000000006
2015-09-08 16:00:00,598.7000000000006
2015-09-08 17:00:00,601.4000000000007
2015-09-08 18:00:00,603.0000000000006
2015-09-08 19:00:00,603.0000000000006
2015-09-09 05:00:00,590.8000000000005
2015-09-09 13:00:00,612.9000000000007
2015-09-09 14:00:00,606.1000000000005
2015-09-09 15:00:00,601.9000000000007
2015-09-09 16:00:00,599.7000000000006
2015-09-09 17:00:00,593.4000000000007
2015-09-09 18:00:00,594.8000000000005
2015-09-09 19:00:00,590.8000000000005
2015-09-09 20:00:00,591.6000000000005
2015-09-10 05:00:00,594.1000000000005
2015-09-10 13:00:00,584.7000000000006
2015-09-10 14:00:00,591.6000000000005
2015-09-10 15:00:00,593.3000000000005
2015-09-10 16:00:00,595.2000000000006
2015-09-10 17:00:00,597.2000000000006
2015-09-10 19:00:00,592.7000000000006
2015-09-10 20:00:00,593.8000000000005
2015-09-11 05:00:00,588.7000000000006
2015-09-14 05:00:00,587.9000000000007
2015-09-15 05:00:00,590.6000000000005
2015-09-15 13:00:00,588.3000000000005
2015-09-15 14:00:00,588.7000000000006
2015-09-15 15:00:00,590.6000000000005
2015-09-15 17:00:00,588.3000000000005
2015-09-15 18:00:00,590.5000000000006
2015-09-16 05:00:00,608.7000000000006
2015-09-16 13:00:00,598.4000000000007
2015-09-16 14:00:00,603.0000000000006
2015-09-16 15:00:00,604.9000000000007
2015-09-16 19:00:00,606.3000000000005
2015-09-17 05:00:00,608.1000000000005
2015-09-17 13:00:00,605.6000000000005
2015-09-17 14:00:00,608.3000000000005
2015-09-17 15:00:00,609.5000000000006
2015-09-17 16:00:00,611.3000000000005
2015-09-17 17:00:00,613.5000000000006
2015-09-17 18:00:00,617.9000000000007
2015-09-17 19:00:00,612.1000000000005
2015-09-18 05:00:00,590.9000000000007
2015-09-18 13:00:00,593.7000000000006
2015-09-18 14:00:00,596.9000000000007
2015-09-18 15:00:00,597.2000000000006
2015-09-18 18:00:00,591.8000000000005
2015-09-18 19:00:00,587.8000000000005
2015-09-18 20:00:00,593.1000000000005
2015-09-21 05:00:00,594.4000000000007
2015-09-21 13:00:00,593.8000000000005
2015-09-21 14:00:00,596.7000000000006
2015-09-21 15:00:00,597.2000000000006
2015-09-21 16:00:00,598.5000000000006
2015-09-21 17:00:00,597.1000000000005
2015-09-21 18:00:00,597.3000000000005
2015-09-21 19:00:00,594.2000000000006
2015-09-21 20:00:00,596.6000000000005
2015-09-22 05:00:00,587.6000000000005
2015-09-22 13:00:00,589.5000000000006
2015-09-22 14:00:00,587.9000000000007
2015-09-22 15:00:00,589.5000000000006
2015-09-22 16:00:00,586.9000000000007
2015-09-22 19:00:00,588.9000000000007
2015-09-22 20:00:00,588.0000000000006
2015-09-23 05:00:00,580.0000000000006
2015-09-23 13:00:00,589.2000000000006
2015-09-23 14:00:00,591.6000000000005
2015-09-23 15:00:00,584.0000000000006
2015-09-23 16:00:00,583.5000000000006
2015-09-23 17:00:00,584.5000000000006
2015-09-23 18:00:00,580.7000000000006
2015-09-23 19:00:00,580.0000000000006
2015-09-23 20:00:00,580.0000000000006
2015-09-24 05:00:00,582.6000000000005
2015-09-24 10:00:00,585.7000000000006
2015-09-24 13:00:00,572.3000000000005
2015-09-24 14:00:00,572.7000000000006
2015-09-24 15:00:00,573.4000000000007
2015-09-24 16:00:00,575.8000000000005
2015-09-24 17:00:00,579.0000000000006
2015-09-24 18:00:00,585.5000000000006
2015-09-24 19:00:00,583.0000000000006
2015-09-24 20:00:00,581.0000000000006
2015-09-25 05:00:00,583.9000000000007
2015-09-25 13:00:00,587.3000000000005
2015-09-25 14:00:00,585.0000000000006
2015-09-25 15:00:00,583.3000000000005
2015-09-25 17:00:00,584.4000000000007
2015-09-25 18:00:00,585.7000000000006
2015-09-25 19:00:00,582.3000000000005
2015-09-25 20:00:00,583.8000000000005
2015-09-28 05:00:00,558.5000000000006
2015-09-28 13:00:00,573.6000000000005
2015-09-28 14:00:00,570.2000000000006
2015-09-28 15:00:00,566.3000000000005
2015-09-28 16:00:00,564.8000000000005
2015-09-28 17:00:00,562.5000000000006
2015-09-28 18:00:00,560.2000000000006
2015-09-28 19:00:00,558.5000000000006
2015-09-28 20:00:00,558.4000000000007
2015-09-29 05:00:00,557.7000000000006
2015-09-29 13:00:00,562.5000000000006
2015-09-29 14:00:00,562.8000000000005
2015-09-29 15:00:00,554.1000000000005
2015-09-29 16:00:00,558.7000000000006
2015-09-29 17:00:00,561.2000000000006
2015-09-29 20:00:00,558.6000000000005
2015-09-30 05:00:00,572.0000000000006
2015-09-30 13:00:00,567.1000000000005
2015-09-30 14:00:00,570.6000000000005
2015-09-30 15:00:00,567.4000000000007
2015-09-30 16:00:00,562.7000000000006
2015-09-30 17:00:00,563.4000000000007
2015-09-30 18:00:00,565.0000000000006
2015-09-30 19:00:00,570.9000000000007
2015-09-30 20:00:00,571.6000000000005
2015-10-01 05:00:00,573.2000000000006
2015-10-01 13:00:00,578.6000000000005
2015-10-01 14:00:00,573.2000000000006
2015-10-01 15:00:00,570.7000000000006
2015-10-01 16:00:00,570.6000000000005
2015-10-01 17:00:00,571.7000000000006
2015-10-01 18:00:00,573.1000000000005
2015-10-01 19:00:00,572.7000000000006
2015-10-01 20:00:00,573.9000000000007
2015-10-02 05:00:00,598.7000000000006
2015-10-02 13:00:00,568.6000000000005
2015-10-02 14:00:00,571.9000000000007
2015-10-02 15:00:00,576.8000000000005
2015-10-02 16:00:00,582.9000000000007
2015-10-02 17:00:00,588.1000000000005
2015-10-02 18:00:00,590.7000000000006
2015-10-02 19:00:00,598.3000000000005
2015-10-02 20:00:00,599.1000000000005
2015-10-05 05:00:00,618.2000000000006
2015-10-05 13:00:00,611.8000000000005
2015-10-05 14:00:00,609.9000000000007
2015-10-05 15:00:00,615.2000000000006
2015-10-05 16:00:00,616.3000000000005
2015-10-05 17:00:00,616.6000000000005
2015-10-05 18:00:00,619.9000000000007
2015-10-05 19:00:00,618.6000000000005
2015-10-05 20:00:00,617.6000000000005
2015-10-06 05:00:00,632.0000000000006
2015-10-06 13:00:00,627.0000000000006
2015-10-06 14:00:00,628.5000000000006
2015-10-06 15:00:00,632.4000000000007
2015-10-06 16:00:00,631.7000000000006
2015-10-06 17:00:00,628.1000000000005
2015-10-06 18:00:00,631.4000000000007
2015-10-06 19:00:00,632.0000000000006
2015-10-06 20:00:00,632.1000000000005
2015-10-07 05:00:00,640.9000000000007
2015-10-07 12:00:00,641.3000000000005
2015-10-07 13:00:00,644.6000000000005
2015-10-07 14:00:00,640.4000000000007
2015-10-07 15:00:00,636.2000000000006
2015-10-07 16:00:00,633.1000000000005
2015-10-07 17:00:00,639.2000000000006
2015-10-07 18:00:00,634.7000000000006
2015-10-07 19:00:00,638.9000000000007
2015-10-07 20:00:00,640.8000000000005
2015-10-08 05:00:00,654.2000000000006
2015-10-08 13:00:00,641.3000000000005
2015-10-08 14:00:00,640.2000000000006
2015-10-08 15:00:00,643.2000000000006
2015-10-08 16:00:00,647.0000000000006
2015-10-08 17:00:00,649.8000000000005
2015-10-08 18:00:00,651.6000000000005
2015-10-08 19:00:00,654.6000000000005
2015-10-08 20:00:00,654.3000000000005
2015-10-09 05:00:00,649.8000000000005
2015-10-09 13:00:00,655.7000000000006
2015-10-09 14:00:00,650.4000000000007
2015-10-09 15:00:00,648.4000000000007
2015-10-09 16:00:00,648.3000000000005
2015-10-09 17:00:00,647.4000000000007
2015-10-09 18:00:00,649.2000000000006
2015-10-09 19:00:00,649.9000000000007
2015-10-09 20:00:00,650.0000000000006
2015-10-12 05:00:00,641.0000000000006
2015-10-12 13:00:00,641.2000000000006
2015-10-12 14:00:00,638.7000000000006
2015-10-12 15:00:00,637.1000000000005
2015-10-12 16:00:00,637.4000000000007
2015-10-12 17:00:00,638.0000000000006
2015-10-12 18:00:00,637.9000000000007
2015-10-12 19:00:00,640.3000000000005
2015-10-12 20:00:00,641.0000000000006
2015-10-13 05:00:00,633.1000000000005
2015-10-13 13:00:00,637.8000000000005
2015-10-13 14:00:00,642.2000000000006
2015-10-13 15:00:00,640.5000000000006
2015-10-13 16:00:00,640.9000000000007
2015-10-13 18:00:00,637.8000000000005
2015-10-13 19:00:00,633.1000000000005
2015-10-13 20:00:00,632.9000000000007
2015-10-14 05:00:00,638.8000000000005
2015-10-14 13:00:00,636.2000000000006
2015-10-14 14:00:00,633.6000000000005
2015-10-14 15:00:00,636.9000000000007
2015-10-14 16:00:00,639.6000000000005
2015-10-14 17:00:00,639.2000000000006
2015-10-14 18:00:00,636.9000000000007
2015-10-14 19:00:00,638.6000000000005
2015-10-14 20:00:00,639.4000000000007
2015-10-15 05:00:00,652.1000000000005
2015-10-15 13:00:00,639.3000000000005
2015-10-15 14:00:00,641.4000000000007
2015-10-15 15:00:00,640.7000000000006
2015-10-15 16:00:00,643.9000000000007
2015-10-15 17:00:00,646.9000000000007
2015-10-15 18:00:00,648.1000000000005
2015-10-15 19:00:00,652.0000000000006
2015-10-16 05:00:00,652.5000000000006
2015-10-16 13:00:00,648.7000000000006
2015-10-16 14:00:00,643.9000000000007
2015-10-16 15:00:00,644.3000000000005
2015-10-16 17:00:00,644.6000000000005
2015-10-16 19:00:00,651.5000000000006
2015-10-19 05:00:00,638.6000000000005
2015-10-19 13:00:00,642.4000000000007
2015-10-19 14:00:00,639.3000000000005
2015-10-19 15:00:00,638.7000000000006
2015-10-19 16:00:00,638.6000000000005
2015-10-19 17:00:00,636.7000000000006
2015-10-19 18:00:00,636.5000000000006
2015-10-19 19:00:00,638.6000000000005
2015-10-19 20:00:00,638.9000000000007
2015-10-20 05:00:00,640.5000000000006
2015-10-20 13:00:00,637.7000000000006
2015-10-20 14:00:00,641.7000000000006
2015-10-20 15:00:00,638.6000000000005
2015-10-20 16:00:00,638.2000000000006
2015-10-20 17:00:00,638.2000000000006
2015-10-20 18:00:00,640.7000000000006
2015-10-20 19:00:00,640.2000000000006
2015-10-20 20:00:00,639.6000000000005
2015-10-21 05:00:00,632.9000000000007
2015-10-21 13:00:00,634.0000000000006
2015-10-21 14:00:00,637.0000000000006
2015-10-21 15:00:00,636.6000000000005
2015-10-21 16:00:00,640.6000000000005
2015-10-21 17:00:00,636.5000000000006
2015-10-21 18:00:00,636.4000000000007
2015-10-21 19:00:00,633.7000000000006
2015-10-21 20:00:00,631.8000000000005
2015-10-22 05:00:00,644.4000000000007
2015-10-22 13:00:00,639.5000000000006
2015-10-22 14:00:00,637.9000000000007
2015-10-22 16:00:00,644.6000000000005
2015-10-22 17:00:00,641.2000000000006
2015-10-22 19:00:00,644.3000000000005
2015-10-23 05:00:00,642.9000000000007
2015-10-23 13:00:00,640.2000000000006
2015-10-23 14:00:00,644.4000000000007
2015-10-23 15:00:00,641.5000000000006
2015-10-23 16:00:00,641.1000000000005
2015-10-23 17:00:00,643.2000000000006
2015-10-23 18:00:00,643.2000000000006
2015-10-23 19:00:00,642.9000000000007
2015-10-23 20:00:00,642.2000000000006
2015-10-26 05:00:00,626.2000000000006
2015-10-26 13:00:00,634.1000000000005
2015-10-26 14:00:00,633.5000000000006
2015-10-26 15:00:00,629.3000000000005
2015-10-26 16:00:00,631.5000000000006
2015-10-26 17:00:00,630.5000000000006
2015-10-26 18:00:00,628.4000000000007
2015-10-26 19:00:00,626.5000000000006
2015-10-26 20:00:00,625.8000000000005
2015-10-27 05:00:00,617.9000000000007
2015-10-27 13:00:00,615.0000000000006
2015-10-27 14:00:00,619.3000000000005
2015-10-27 15:00:00,614.6000000000005
2015-10-27 16:00:00,615.1000000000005
2015-10-27 17:00:00,614.7000000000006
2015-10-27 18:00:00,616.3000000000005
2015-10-27 19:00:00,617.8000000000005
2015-10-27 20:00:00,618.0000000000006
2015-10-28 05:00:00,632.9000000000007
2015-10-28 13:00:00,623.9000000000007
2015-10-28 14:00:00,635.2000000000006
2015-10-28 15:00:00,633.0000000000006
2015-10-28 16:00:00,632.9000000000007
2015-10-28 17:00:00,632.9000000000007
2015-10-28 18:00:00,628.1000000000005
2015-10-28 19:00:00,632.2000000000006
2015-10-28 20:00:00,632.4000000000007
2015-10-29 05:00:00,635.8000000000005
2015-10-29 13:00:00,636.2000000000006
2015-10-29 14:00:00,634.5000000000006
2015-10-29 16:00:00,636.0000000000006
2015-10-29 17:00:00,634.9000000000007
2015-10-29 18:00:00,636.3000000000005
2015-10-29 19:00:00,636.4000000000007
2015-10-29 20:00:00,636.2000000000006
2015-10-30 05:00:00,641.6000000000005
2015-10-30 13:00:00,633.1000000000005
2015-10-30 14:00:00,633.8000000000005
2015-10-30 15:00:00,637.9000000000007
2015-10-30 16:00:00,643.6000000000005
2015-10-30 17:00:00,646.7000000000006
2015-10-30 18:00:00,645.9000000000007
2015-10-30 19:00:00,642.2000000000006
2015-10-30 20:00:00,640.8000000000005
2015-11-02 06:00:00,656.8000000000005
2015-11-02 14:00:00,644.5000000000006
2015-11-02 15:00:00,649.1000000000005
2015-11-02 16:00:00,647.4000000000007
2015-11-02 17:00:00,649.9000000000007
2015-11-02 18:00:00,653.2000000000006
2015-11-02 19:00:00,657.2000000000006
2015-11-02 20:00:00,656.7000000000006
2015-11-02 21:00:00,656.9000000000007
2015-11-03 06:00:00,674.6000000000005
2015-11-03 14:00:00,665.0000000000006
2015-11-03 15:00:00,670.1000000000005
2015-11-03 16:00:00,672.1000000000005
2015-11-03 17:00:00,674.5000000000006
2015-11-03 18:00:00,678.3000000000005
2015-11-03 19:00:00,678.9000000000007
2015-11-03 20:00:00,674.6000000000005
2015-11-03 21:00:00,675.1000000000005
2015-11-04 06:00:00,668.1000000000005
2015-11-04 14:00:00,671.0000000000006
2015-11-04 15:00:00,674.2000000000006
2015-11-04 16:00:00,668.4000000000007
2015-11-04 17:00:00,665.7000000000006
2015-11-04 18:00:00,664.0000000000006
2015-11-04 19:00:00,665.5000000000006
2015-11-04 20:00:00,668.1000000000005
2015-11-04 21:00:00,667.5000000000006
2015-11-05 06:00:00,661.7000000000006
2015-11-05 14:00:00,669.5000000000006
2015-11-05 15:00:00,661.7000000000006
2015-11-05 16:00:00,666.5000000000006
2015-11-05 17:00:00,669.0000000000006
2015-11-05 18:00:00,664.2000000000006
2015-11-05 19:00:00,660.4000000000007
2015-11-05 20:00:00,661.8000000000005
2015-11-05 21:00:00,661.9000000000007
2015-11-06 06:00:00,657.8000000000005
2015-11-06 14:00:00,651.3000000000005
2015-11-06 15:00:00,653.2000000000006
2015-11-06 16:00:00,654.3000000000005
2015-11-06 18:00:00,651.5000000000006
2015-11-06 19:00:00,651.8000000000005
2015-11-06 21:00:00,656.7000000000006
2015-11-09 06:00:00,650.8000000000005
2015-11-09 14:00:00,657.4000000000007
2015-11-09 15:00:00,653.1000000000005
2015-11-09 16:00:00,650.8000000000005
2015-11-09 17:00:00,650.0000000000006
2015-11-09 18:00:00,650.7000000000006
2015-11-09 20:00:00,650.8000000000005
2015-11-10 06:00:00,652.7000000000006
2015-11-10 14:00:00,653.5000000000006
2015-11-10 15:00:00,649.5000000000006
2015-11-10 16:00:00,651.9000000000007
2015-11-10 17:00:00,651.2000000000006
2015-11-10 18:00:00,653.5000000000006
2015-11-10 19:00:00,654.8000000000005
2015-11-10 20:00:00,652.7000000000006
2015-11-10 21:00:00,651.4000000000007
2015-11-11 06:00:00,638.3000000000005
2015-11-11 14:00:00,648.4000000000007
2015-11-11 15:00:00,642.2000000000006
2015-11-11 16:00:00,639.0000000000006
2015-11-11 20:00:00,638.4000000000007
2015-11-11 21:00:00,637.5000000000006
2015-11-12 06:00:00,622.4000000000007
2015-11-12 14:00:00,631.4000000000007
2015-11-12 15:00:00,631.0000000000006
2015-11-12 16:00:00,624.3000000000005
2015-11-12 17:00:00,625.8000000000005
2015-11-12 18:00:00,628.4000000000007
2015-11-12 19:00:00,624.4000000000007
2015-11-12 20:00:00,622.4000000000007
2015-11-12 21:00:00,623.1000000000005
2015-11-13 06:00:00,619.8000000000005
2015-11-13 14:00:00,614.9000000000007
2015-11-13 15:00:00,617.5000000000006
2015-11-13 16:00:00,619.4000000000007
2015-11-13 17:00:00,621.7000000000006
2015-11-13 18:00:00,621.9000000000007
2015-11-13 19:00:00,619.9000000000007
2015-11-13 20:00:00,619.9000000000007
2015-11-13 21:00:00,619.7000000000006
2015-11-16 06:00:00,642.3000000000005
2015-11-16 14:00:00,628.1000000000005
2015-11-16 15:00:00,621.5000000000006
2015-11-16 16:00:00,625.2000000000006
2015-11-16 17:00:00,632.0000000000006
2015-11-16 18:00:00,633.6000000000005
2015-11-16 19:00:00,637.1000000000005
2015-11-16 20:00:00,642.3000000000005
2015-11-17 06:00:00,634.2000000000006
2015-11-17 14:00:00,638.5000000000006
2015-11-17 15:00:00,640.6000000000005
2015-11-17 16:00:00,640.1000000000005
2015-11-17 17:00:00,637.4000000000007
2015-11-17 18:00:00,636.9000000000007
2015-11-17 19:00:00,634.9000000000007
2015-11-17 20:00:00,634.3000000000005
2015-11-18 06:00:00,645.3000000000005
2015-11-18 14:00:00,644.1000000000005
2015-11-18 15:00:00,643.1000000000005
2015-11-18 16:00:00,636.9000000000007
2015-11-18 17:00:00,636.9000000000007
2015-11-18 18:00:00,635.5000000000006
2015-11-18 19:00:00,639.8000000000005
2015-11-18 20:00:00,642.9000000000007
2015-11-18 21:00:00,645.6000000000005
2015-11-19 06:00:00,636.2000000000006
2015-11-19 14:00:00,643.9000000000007
2015-11-19 15:00:00,639.2000000000006
2015-11-19 16:00:00,634.7000000000006
2015-11-19 17:00:00,636.1000000000005
2015-11-19 18:00:00,635.9000000000007
2015-11-19 19:00:00,637.3000000000005
2015-11-19 20:00:00,635.3000000000005
2015-11-19 21:00:00,635.7000000000006
2015-11-20 06:00:00,629.2000000000006
2015-11-20 14:00:00,635.2000000000006
2015-11-20 15:00:00,630.5000000000006
2015-11-20 16:00:00,632.2000000000006
2015-11-20 17:00:00,631.7000000000006
2015-11-20 18:00:00,633.6000000000005
2015-11-23 06:00:00,634.1000000000005
2015-11-23 14:00:00,626.3000000000005
2015-11-23 15:00:00,634.7000000000006
2015-11-23 16:00:00,635.0000000000006
2015-11-23 17:00:00,634.4000000000007
2015-11-23 18:00:00,634.9000000000007
2015-11-23 19:00:00,633.1000000000005
2015-11-23 20:00:00,634.0000000000006
2015-11-23 21:00:00,634.1000000000005
2015-11-24 06:00:00,649.7000000000006
2015-11-24 14:00:00,643.8000000000005
2015-11-24 15:00:00,641.1000000000005
2015-11-24 16:00:00,649.3000000000005
2015-11-24 17:00:00,650.5000000000006
2015-11-24 18:00:00,650.8000000000005
2015-11-24 19:00:00,651.5000000000006
2015-11-24 20:00:00,649.7000000000006
2015-11-24 21:00:00,649.7000000000006
2015-11-25 06:00:00,643.7000000000006
2015-11-25 14:00:00,643.4000000000007
2015-11-25 15:00:00,646.4000000000007
2015-11-25 16:00:00,646.0000000000006
2015-11-25 20:00:00,643.7000000000006
2015-11-25 21:00:00,643.6000000000005
2015-11-27 06:00:00,637.4000000000007
2015-11-27 09:00:00,643.5000000000006
2015-11-27 13:00:00,639.5000000000006
2015-11-27 14:00:00,638.3000000000005
2015-11-27 15:00:00,638.2000000000006
2015-11-27 16:00:00,637.5000000000006
2015-11-30 06:00:00,640.8000000000005
2015-11-30 14:00:00,640.2000000000006
2015-11-30 15:00:00,644.0000000000006
2015-11-30 16:00:00,644.0000000000006
2015-11-30 17:00:00,644.2000000000006
2015-11-30 18:00:00,644.0000000000006
2015-11-30 19:00:00,641.1000000000005
2015-11-30 20:00:00,640.8000000000005
2015-11-30 21:00:00,641.2000000000006
2015-12-01 06:00:00,646.2000000000006
2015-12-01 14:00:00,644.0000000000006
2015-12-01 15:00:00,641.2000000000006
2015-12-01 16:00:00,641.5000000000006
2015-12-01 17:00:00,642.8000000000005
2015-12-01 18:00:00,642.5000000000006
2015-12-01 19:00:00,642.3000000000005
2015-12-01 20:00:00,646.2000000000006
2015-12-01 21:00:00,646.1000000000005
2015-12-02 06:00:00,624.5000000000006
2015-12-02 14:00:00,638.9000000000007
2015-12-02 15:00:00,636.2000000000006
2015-12-02 16:00:00,629.1000000000005
2015-12-02 17:00:00,628.6000000000005
2015-12-02 19:00:00,623.3000000000005
2015-12-02 20:00:00,624.5000000000006
2015-12-02 21:00:00,625.6000000000005
2015-12-03 06:00:00,610.8000000000005
2015-12-03 14:00:00,624.9000000000007
2015-12-03 15:00:00,618.0000000000006
2015-12-03 16:00:00,616.0000000000006
2015-12-03 17:00:00,620.3000000000005
2015-12-03 18:00:00,615.8000000000005
2015-12-03 19:00:00,612.6000000000005
2015-12-03 20:00:00,610.8000000000005
2015-12-03 21:00:00,611.8000000000005
2015-12-04 06:00:00,606.5000000000006
2015-12-04 14:00:00,599.1000000000005
2015-12-04 15:00:00,606.1000000000005
2015-12-04 16:00:00,604.5000000000006
2015-12-04 17:00:00,602.7000000000006
2015-12-04 18:00:00,605.3000000000005
2015-12-04 19:00:00,609.3000000000005
2015-12-04 20:00:00,606.7000000000006
2015-12-07 06:00:00,582.2000000000006
2015-12-07 14:00:00,586.5000000000006
2015-12-07 15:00:00,574.9000000000007
2015-12-07 16:00:00,579.4000000000007
2015-12-07 18:00:00,578.7000000000006
2015-12-07 20:00:00,576.9000000000007
2015-12-07 21:00:00,583.2000000000006
2015-12-08 06:00:00,575.5000000000006
2015-12-08 14:00:00,574.7000000000006
2015-12-08 15:00:00,578.9000000000007
2015-12-08 16:00:00,577.3000000000005
2015-12-08 17:00:00,580.1000000000005
2015-12-08 20:00:00,575.5000000000006
2015-12-08 21:00:00,574.5000000000006
2015-12-09 06:00:00,583.1000000000005
2015-12-09 14:00:00,584.3000000000005
2015-12-09 15:00:00,592.2000000000006
2015-12-09 16:00:00,584.5000000000006
2015-12-09 17:00:00,575.4000000000007
2015-12-09 18:00:00,575.8000000000005
2015-12-09 20:00:00,583.1000000000005
2015-12-10 06:00:00,587.1000000000005
2015-12-10 14:00:00,584.7000000000006
2015-12-10 15:00:00,595.6000000000005
2015-12-10 16:00:00,590.0000000000006
2015-12-10 17:00:00,588.6000000000005
2015-12-10 18:00:00,593.1000000000005
2015-12-10 19:00:00,592.4000000000007
2015-12-10 20:00:00,591.8000000000005
2015-12-10 21:00:00,587.2000000000006
2015-12-11 06:00:00,564.5000000000006
2015-12-11 15:00:00,574.3000000000005
2015-12-11 16:00:00,572.1000000000005
2015-12-11 17:00:00,565.4000000000004
2015-12-11 18:00:00,568.0000000000006
2015-12-11 20:00:00,564.7000000000006
2015-12-14 06:00:00,567.3000000000005
2015-12-14 14:00:00,560.0000000000006
2015-12-14 15:00:00,558.4000000000004
2015-12-14 16:00:00,560.7000000000006
2015-12-14 17:00:00,569.8000000000005
2015-12-14 19:00:00,566.0000000000006
2015-12-14 20:00:00,566.5000000000006
2015-12-15 06:00:00,582.6000000000005
2015-12-15 14:00:00,582.1000000000005
2015-12-15 15:00:00,578.5000000000006
2015-12-15 16:00:00,578.9000000000004
2015-12-15 17:00:00,585.3000000000005
2015-12-15 18:00:00,580.5000000000006
2015-12-15 19:00:00,584.2000000000006
2015-12-15 20:00:00,583.6000000000005
2015-12-16 06:00:00,578.8000000000005
2015-12-16 14:00:00,579.2000000000006
2015-12-16 15:00:00,581.6000000000005
2015-12-16 16:00:00,575.0000000000006
2015-12-16 17:00:00,575.6000000000005
2015-12-17 06:00:00,563.6000000000005
2015-12-17 14:00:00,579.4000000000004
2015-12-17 15:00:00,567.0000000000006
2015-12-17 16:00:00,568.0000000000006
2015-12-17 17:00:00,564.9000000000004
2015-12-17 18:00:00,569.1000000000005
2015-12-17 19:00:00,567.2000000000006
2015-12-17 20:00:00,564.3000000000005
2015-12-18 06:00:00,552.7000000000006
2015-12-18 14:00:00,555.9000000000004
2015-12-18 16:00:00,561.1000000000005
2015-12-18 17:00:00,558.1000000000005
2015-12-18 18:00:00,557.0000000000006
2015-12-18 19:00:00,557.2000000000006
2015-12-18 20:00:00,555.7000000000006
2015-12-21 06:00:00,552.9000000000004
2015-12-21 14:00:00,552.2000000000006
2015-12-21 15:00:00,556.5000000000006
2015-12-21 16:00:00,549.5000000000006
2015-12-21 17:00:00,548.0000000000006
2015-12-21 18:00:00,549.6000000000005
2015-12-21 19:00:00,549.3000000000005
2015-12-21 20:00:00,552.9000000000004
2015-12-21 21:00:00,553.8000000000005
2015-12-22 06:00:00,561.1000000000005
2015-12-22 14:00:00,556.5000000000006
2015-12-22 15:00:00,561.0000000000006
2015-12-22 17:00:00,562.8000000000005
2015-12-22 18:00:00,562.3000000000005
2015-12-22 20:00:00,560.2000000000006
2015-12-23 06:00:00,572.4000000000004
2015-12-23 14:00:00,572.7000000000006
2015-12-23 15:00:00,575.5000000000006
2015-12-23 16:00:00,579.7000000000006
2015-12-23 19:00:00,583.7000000000006
2015-12-23 21:00:00,587.3000000000005
2015-12-24 06:00:00,569.9000000000004
2015-12-24 14:00:00,584.2000000000006
2015-12-24 15:00:00,583.2000000000006
2015-12-24 16:00:00,582.3000000000005
2015-12-24 18:00:00,582.0000000000006
2015-12-28 06:00:00,563.7000000000006
2015-12-28 14:00:00,571.7000000000006
2015-12-28 15:00:00,570.9000000000004
2015-12-28 16:00:00,567.3000000000005
2015-12-28 17:00:00,569.2000000000006
2015-12-28 21:00:00,570.2000000000006
2015-12-29 06:00:00,574.6000000000005
2015-12-29 14:00:00,576.3000000000005
2015-12-29 15:00:00,573.3000000000005
2015-12-29 16:00:00,572.9000000000004
2015-12-29 17:00:00,572.8000000000005
2015-12-29 18:00:00,574.6000000000005
2015-12-29 19:00:00,576.2000000000006
2015-12-29 20:00:00,574.6000000000005
2015-12-29 21:00:00,575.2000000000006
2015-12-30 06:00:00,565.9000000000004
2015-12-30 14:00:00,574.0000000000006
2015-12-30 15:00:00,568.6000000000005
2015-12-30 17:00:00,569.1000000000005
2015-12-30 20:00:00,565.9000000000004
2015-12-30 21:00:00,566.4000000000004
2015-12-31 06:00:00,569.7000000000006
2015-12-31 14:00:00,565.1000000000005
2015-12-31 15:00:00,567.4000000000004
2015-12-31 16:00:00,567.2000000000006
2015-12-31 17:00:00,570.6000000000005
2015-12-31 18:00:00,571.3000000000005
2015-12-31 20:00:00,569.6000000000005
2015-12-31 21:00:00,570.0000000000006
2016-01-04 06:00:00,563.1000000000005
2016-01-04 14:00:00,570.0000000000006
2016-01-04 15:00:00,565.2000000000006
2016-01-04 16:00:00,559.6000000000005
2016-01-04 17:00:00,562.3000000000005
2016-01-04 18:00:00,565.6000000000005
2016-01-04 19:00:00,564.5000000000006
2016-01-04 20:00:00,567.3000000000005
2016-01-04 21:00:00,569.8000000000005
2016-01-05 06:00:00,570.8000000000005
2016-01-05 14:00:00,565.2000000000006
2016-01-05 15:00:00,565.4000000000004
2016-01-05 16:00:00,565.5000000000006
2016-01-05 17:00:00,562.2000000000006
2016-01-05 18:00:00,565.5000000000006
2016-01-05 19:00:00,570.2000000000006
2016-01-05 20:00:00,570.7000000000006
2016-01-05 21:00:00,571.5000000000006
2016-01-06 06:00:00,546.9000000000004
2016-01-06 12:00:00,557.0000000000006
2016-01-06 13:00:00,557.0000000000006
2016-01-06 14:00:00,555.4000000000004
2016-01-06 15:00:00,549.4000000000004
2016-01-06 16:00:00,552.6000000000005
2016-01-06 17:00:00,550.6000000000005
2016-01-06 18:00:00,548.0000000000006
2016-01-06 19:00:00,542.9000000000004
2016-01-06 20:00:00,546.9000000000004
2016-01-06 21:00:00,547.8000000000005
2016-01-07 06:00:00,535.6000000000005
2016-01-07 14:00:00,539.0000000000006
2016-01-07 15:00:00,546.9000000000004
2016-01-07 16:00:00,542.4000000000004
2016-01-07 17:00:00,541.5000000000006
2016-01-07 18:00:00,536.1000000000005
2016-01-07 19:00:00,536.0000000000006
2016-01-07 20:00:00,533.5000000000006
2016-01-07 21:00:00,533.2000000000006
2016-01-08 06:00:00,525.8000000000005
2016-01-08 14:00:00,530.0000000000006
2016-01-08 15:00:00,529.5000000000006
2016-01-08 16:00:00,528.0000000000006
2016-01-08 17:00:00,531.1000000000005
2016-01-08 18:00:00,527.8000000000005
2016-01-08 19:00:00,530.0000000000006
2016-01-08 20:00:00,525.8000000000005
2016-01-08 21:00:00,524.9000000000004
2016-01-11 06:00:00,513.8000000000006
2016-01-11 14:00:00,522.8000000000005
2016-01-11 15:00:00,519.0000000000006
2016-01-11 16:00:00,519.2000000000006
2016-01-11 17:00:00,512.1000000000005
2016-01-11 18:00:00,507.80000000000047
2016-01-11 19:00:00,510.40000000000043
2016-01-11 20:00:00,513.8000000000006
2016-01-11 21:00:00,512.9000000000004
2016-01-12 06:00:00,515.4000000000005
2016-01-12 14:00:00,522.2000000000006
2016-01-12 15:00:00,508.90000000000043
2016-01-12 16:00:00,507.0000000000005
2016-01-12 17:00:00,502.10000000000053
2016-01-12 18:00:00,504.70000000000056
2016-01-12 19:00:00,509.00000000000057
2016-01-12 20:00:00,515.4000000000005
2016-01-12 21:00:00,513.4000000000005
2016-01-13 06:00:00,497.60000000000053
2016-01-13 10:00:00,519.0000000000006
2016-01-13 11:00:00,516.0000000000007
2016-01-13 14:00:00,519.5000000000006
2016-01-13 15:00:00,515.6000000000006
2016-01-13 16:00:00,508.0000000000005
2016-01-13 17:00:00,506.80000000000047
2016-01-13 18:00:00,504.0000000000005
2016-01-13 19:00:00,500.0000000000005
2016-01-13 20:00:00,502.4000000000005
2016-01-14 06:00:00,525.3000000000005
2016-01-14 14:00:00,501.70000000000056
2016-01-14 15:00:00,518.0000000000007
2016-01-14 16:00:00,515.9000000000005
2016-01-14 17:00:00,519.6000000000005
2016-01-14 18:00:00,524.2000000000006
2016-01-14 19:00:00,527.6000000000005
2016-01-14 20:00:00,525.9000000000004
2016-01-14 21:00:00,525.8000000000005
2016-01-15 06:00:00,508.20000000000056
2016-01-15 14:00:00,509.90000000000043
2016-01-15 15:00:00,503.10000000000053
2016-01-15 16:00:00,503.10000000000053
2016-01-15 17:00:00,500.5000000000005
2016-01-15 18:00:00,506.5000000000005
2016-01-15 19:00:00,505.0000000000005
2016-01-15 20:00:00,508.30000000000047
2016-01-15 21:00:00,509.40000000000043
2016-01-19 06:00:00,496.80000000000047
2016-01-19 14:00:00,505.10000000000053
2016-01-19 15:00:00,507.4000000000005
2016-01-19 16:00:00,508.4000000000005
2016-01-19 17:00:00,502.70000000000056
2016-01-19 18:00:00,498.9000000000005
2016-01-19 19:00:00,488.20000000000056
2016-01-19 20:00:00,496.80000000000047
2016-01-19 21:00:00,496.0000000000005
2016-01-20 06:00:00,482.60000000000053
2016-01-20 14:00:00,475.9000000000005
2016-01-20 15:00:00,469.60000000000053
2016-01-20 16:00:00,469.4000000000005
2016-01-20 17:00:00,470.9000000000005
2016-01-20 18:00:00,473.9000000000005
2016-01-20 19:00:00,476.10000000000053
2016-01-20 20:00:00,482.60000000000053
2016-01-20 21:00:00,484.0000000000005
2016-01-21 06:00:00,499.60000000000053
2016-01-21 14:00:00,483.0000000000005
2016-01-21 15:00:00,490.10000000000053
2016-01-21 16:00:00,501.60000000000053
2016-01-21 17:00:00,501.0000000000005
2016-01-21 18:00:00,498.9000000000005
2016-01-21 19:00:00,502.10000000000053
2016-01-21 20:00:00,499.60000000000053
2016-01-21 21:00:00,498.60000000000053
2016-01-22 06:00:00,522.8000000000005
2016-01-22 14:00:00,520.7000000000006
2016-01-22 15:00:00,514.4000000000005
2016-01-22 16:00:00,510.50000000000057
2016-01-22 17:00:00,517.8000000000006
2016-01-22 18:00:00,521.9000000000004
2016-01-22 19:00:00,520.4000000000004
2016-01-22 20:00:00,522.8000000000005
2016-01-22 21:00:00,521.0000000000006
2016-01-25 06:00:00,496.10000000000053
2016-01-25 14:00:00,519.3000000000005
2016-01-25 15:00:00,517.0000000000007
2016-01-25 16:00:00,509.8000000000005
2016-01-25 17:00:00,509.2000000000006
2016-01-25 18:00:00,506.4000000000005
2016-01-25 19:00:00,502.0000000000005
2016-01-25 20:00:00,496.10000000000053
2016-01-25 21:00:00,496.5000000000005
2016-01-26 06:00:00,516.6000000000006
2016-01-26 14:00:00,500.4000000000005
2016-01-26 15:00:00,506.10000000000053
2016-01-26 16:00:00,511.3000000000005
2016-01-26 17:00:00,513.9000000000005
2016-01-26 18:00:00,515.1000000000006
2016-01-26 19:00:00,512.4000000000004
2016-01-26 20:00:00,516.4000000000005
2016-01-26 21:00:00,515.9000000000005
2016-01-27 06:00:00,513.5000000000007
2016-01-27 14:00:00,512.8000000000005
2016-01-27 15:00:00,516.1000000000006
2016-01-27 16:00:00,525.0000000000006
2016-01-27 17:00:00,523.3000000000005
2016-01-27 18:00:00,525.5000000000006
2016-01-27 19:00:00,517.1000000000006
2016-01-27 20:00:00,513.6000000000006
2016-01-27 21:00:00,513.7000000000007
2016-01-28 06:00:00,531.3000000000005
2016-01-28 14:00:00,534.9000000000004
2016-01-28 15:00:00,523.5000000000006
2016-01-28 16:00:00,524.3000000000005
2016-01-28 17:00:00,528.7000000000006
2016-01-28 18:00:00,529.2000000000006
2016-01-28 19:00:00,528.3000000000005
2016-01-28 20:00:00,531.4000000000004
2016-01-28 21:00:00,529.4000000000004
2016-01-29 06:00:00,547.4000000000004
2016-01-29 14:00:00,536.7000000000006
2016-01-29 15:00:00,535.2000000000006
2016-01-29 16:00:00,533.5000000000006
2016-01-29 17:00:00,539.5000000000006
2016-01-29 18:00:00,540.7000000000006
2016-01-29 19:00:00,541.6000000000005
2016-01-29 20:00:00,547.2000000000006
2016-01-29 21:00:00,547.0000000000006
2016-02-01 06:00:00,537.6000000000005
2016-02-01 14:00:00,534.4000000000004
2016-02-01 15:00:00,535.0000000000006
2016-02-01 16:00:00,532.7000000000006
2016-02-01 17:00:00,530.2000000000006
2016-02-01 18:00:00,533.6000000000005
2016-02-01 19:00:00,536.8000000000005
2016-02-01 20:00:00,537.4000000000004
2016-02-01 21:00:00,536.1000000000005
2016-02-02 06:00:00,517.8000000000006
2016-02-02 10:00:00,527.0000000000006
2016-02-02 14:00:00,520.9000000000004
2016-02-02 15:00:00,520.9000000000004
2016-02-02 16:00:00,523.4000000000004
2016-02-02 17:00:00,521.9000000000004
2016-02-02 18:00:00,519.0000000000006
2016-02-02 19:00:00,519.9000000000004
2016-02-02 20:00:00,518.0000000000007
2016-02-02 21:00:00,518.3000000000006
2016-02-03 06:00:00,538.0000000000006
2016-02-03 14:00:00,519.2000000000006
2016-02-03 15:00:00,516.8000000000006
2016-02-03 16:00:00,525.7000000000006
2016-02-03 17:00:00,524.7000000000006
2016-02-03 18:00:00,523.0000000000006
2016-02-03 19:00:00,532.3000000000005
2016-02-03 20:00:00,538.0000000000006
2016-02-03 21:00:00,538.5000000000006
2016-02-04 06:00:00,537.3000000000005
2016-02-04 14:00:00,539.8000000000005
2016-02-04 15:00:00,547.2000000000006
2016-02-04 16:00:00,540.3000000000005
2016-02-04 17:00:00,543.0000000000006
2016-02-04 18:00:00,537.8000000000005
2016-02-04 19:00:00,536.0000000000006
2016-02-04 20:00:00,536.2000000000006
2016-02-05 06:00:00,523.5000000000006
2016-02-05 14:00:00,529.5000000000006
2016-02-05 15:00:00,530.3000000000005
2016-02-05 16:00:00,528.4000000000004
2016-02-05 17:00:00,524.2000000000006
2016-02-05 18:00:00,523.1000000000005
2016-02-05 19:00:00,521.5000000000006
2016-02-05 21:00:00,524.2000000000006
2016-02-08 06:00:00,521.4000000000004
2016-02-08 09:00:00,519.0000000000006
2016-02-08 14:00:00,506.9000000000005
2016-02-08 15:00:00,511.40000000000043
2016-02-08 16:00:00,515.3000000000006
2016-02-08 17:00:00,515.3000000000006
2016-02-08 18:00:00,512.4000000000004
2016-02-08 20:00:00,521.4000000000004
2016-02-08 21:00:00,522.9000000000004
2016-02-09 06:00:00,507.4000000000005
2016-02-09 08:00:00,527.0000000000006
2016-02-09 14:00:00,514.6000000000006
2016-02-09 15:00:00,511.2000000000006
2016-02-09 16:00:00,511.50000000000057
2016-02-09 17:00:00,503.4000000000005
2016-02-09 18:00:00,501.10000000000053
2016-02-09 19:00:00,508.90000000000043
2016-02-09 20:00:00,507.20000000000056
2016-02-09 21:00:00,508.5000000000005
2016-02-10 06:00:00,505.9000000000005
2016-02-10 14:00:00,507.30000000000047
2016-02-10 15:00:00,509.40000000000043
2016-02-10 16:00:00,510.1000000000005
2016-02-10 17:00:00,513.2000000000007
2016-02-10 18:00:00,508.70000000000056
2016-02-10 19:00:00,507.80000000000047
2016-02-10 20:00:00,505.60000000000053
2016-02-10 21:00:00,504.80000000000047
2016-02-11 06:00:00,503.30000000000047
2016-02-11 14:00:00,502.10000000000053
2016-02-11 15:00:00,493.60000000000053
2016-02-11 16:00:00,492.20000000000056
2016-02-11 17:00:00,494.60000000000053
2016-02-11 18:00:00,491.30000000000047
2016-02-11 19:00:00,502.60000000000053
2016-02-11 20:00:00,503.10000000000053
2016-02-11 21:00:00,502.80000000000047
2016-02-12 06:00:00,517.4000000000005
2016-02-12 13:00:00,511.00000000000057
2016-02-12 14:00:00,507.5000000000005
2016-02-12 15:00:00,512.4000000000004
2016-02-12 16:00:00,517.0000000000007
2016-02-12 17:00:00,516.4000000000005
2016-02-12 18:00:00,513.4000000000005
2016-02-12 19:00:00,516.9000000000005
2016-02-12 20:00:00,517.4000000000005
2016-02-12 21:00:00,516.9000000000005
2016-02-16 06:00:00,523.5000000000006
2016-02-16 14:00:00,519.5000000000006
2016-02-16 15:00:00,517.5000000000007
2016-02-16 16:00:00,518.2000000000007
2016-02-16 17:00:00,520.8000000000005
2016-02-16 18:00:00,521.8000000000005
2016-02-16 19:00:00,522.2000000000006
2016-02-16 20:00:00,523.1000000000005
2016-02-16 21:00:00,523.6000000000005
2016-02-17 06:00:00,541.4000000000004
2016-02-17 14:00:00,529.4000000000004
2016-02-17 15:00:00,539.0000000000006
2016-02-17 16:00:00,539.4000000000004
2016-02-17 17:00:00,541.8000000000005
2016-02-17 18:00:00,541.8000000000005
2016-02-17 19:00:00,541.1000000000005
2016-02-17 20:00:00,541.3000000000005
2016-02-17 21:00:00,540.5000000000006
2016-02-18 06:00:00,534.2000000000006
2016-02-18 12:00:00,547.0000000000006
2016-02-18 14:00:00,538.6000000000005
2016-02-18 15:00:00,537.9000000000004
2016-02-18 16:00:00,534.9000000000004
2016-02-18 17:00:00,536.4000000000004
2016-02-18 18:00:00,534.8000000000005
2016-02-18 19:00:00,535.2000000000006
2016-02-18 20:00:00,534.4000000000004
2016-02-18 21:00:00,535.3000000000005
2016-02-19 06:00:00,532.5000000000006
2016-02-19 12:00:00,531.0000000000006
2016-02-19 14:00:00,528.1000000000005
2016-02-19 15:00:00,523.2000000000006
2016-02-19 16:00:00,526.3000000000005
2016-02-19 17:00:00,526.6000000000005
2016-02-19 18:00:00,526.2000000000006
2016-02-19 19:00:00,527.0000000000006
2016-02-19 20:00:00,532.5000000000006
2016-02-19 21:00:00,532.7000000000006
2016-02-22 06:00:00,547.7000000000006
2016-02-22 09:00:00,535.0000000000006
2016-02-22 14:00:00,544.1000000000005
2016-02-22 15:00:00,545.0000000000006
2016-02-22 16:00:00,545.0000000000006
2016-02-22 17:00:00,545.3000000000005
2016-02-22 18:00:00,548.8000000000005
2016-02-22 19:00:00,547.3000000000005
2016-02-22 20:00:00,547.7000000000006
2016-02-22 21:00:00,546.2000000000006
2016-02-23 06:00:00,528.1000000000005
2016-02-23 14:00:00,543.4000000000004
2016-02-23 15:00:00,535.9000000000004
2016-02-23 16:00:00,535.3000000000005
2016-02-23 17:00:00,532.9000000000004
2016-02-23 18:00:00,530.6000000000005
2016-02-23 19:00:00,529.4000000000004
2016-02-23 20:00:00,528.1000000000005
2016-02-23 21:00:00,528.2000000000006
2016-02-24 06:00:00,533.8000000000005
2016-02-24 12:00:00,518.0000000000007
2016-02-24 14:00:00,518.5000000000007
2016-02-24 15:00:00,521.2000000000006
2016-02-24 16:00:00,527.0000000000006
2016-02-24 17:00:00,530.1000000000005
2016-02-24 18:00:00,527.4000000000004
2016-02-24 19:00:00,529.5000000000006
2016-02-24 20:00:00,533.5000000000006
2016-02-24 21:00:00,535.1000000000005
2016-02-25 06:00:00,534.2000000000006
2016-02-25 14:00:00,527.5000000000006
2016-02-25 15:00:00,524.0000000000006
2016-02-25 16:00:00,526.1000000000005
2016-02-25 17:00:00,524.2000000000006
2016-02-25 18:00:00,533.4000000000004
2016-02-25 19:00:00,533.0000000000006
2016-02-25 20:00:00,534.2000000000006
2016-02-25 21:00:00,534.2000000000006
2016-02-26 06:00:00,537.5000000000006
2016-02-26 09:00:00,537.9000000000004
2016-02-26 14:00:00,541.9000000000004
2016-02-26 15:00:00,543.2000000000006
2016-02-26 16:00:00,542.5000000000006
2016-02-26 17:00:00,541.9000000000004
2016-02-26 18:00:00,539.2000000000006
2016-02-26 19:00:00,537.3000000000005
2016-02-26 20:00:00,537.9000000000004
2016-02-26 21:00:00,536.4000000000004
2016-02-29 06:00:00,531.9000000000004
2016-02-29 14:00:00,536.4000000000004
2016-02-29 15:00:00,536.2000000000006
2016-02-29 16:00:00,539.4000000000004
2016-02-29 17:00:00,535.6000000000005
2016-02-29 18:00:00,538.1000000000005
2016-02-29 19:00:00,535.1000000000005
2016-02-29 20:00:00,531.7000000000006
2016-02-29 21:00:00,531.8000000000005
2016-03-01 06:00:00,545.3000000000005
2016-03-01 14:00:00,532.4000000000004
2016-03-01 15:00:00,531.8000000000005
2016-03-01 16:00:00,539.8000000000005
2016-03-01 17:00:00,542.7000000000006
2016-03-01 18:00:00,544.1000000000005
2016-03-01 19:00:00,542.3000000000005
2016-03-01 20:00:00,545.3000000000005
2016-03-01 21:00:00,545.6000000000005
2016-03-02 06:00:00,559.9000000000004
2016-03-02 14:00:00,542.4000000000004
2016-03-02 15:00:00,546.8000000000005
2016-03-02 16:00:00,546.7000000000006
2016-03-02 17:00:00,548.7000000000006
2016-03-02 18:00:00,549.6000000000005
2016-03-02 19:00:00,554.5000000000006
2016-03-02 20:00:00,559.7000000000006
2016-03-02 21:00:00,559.2000000000006
2016-03-03 06:00:00,568.7000000000006
2016-03-03 14:00:00,560.0000000000006
2016-03-03 15:00:00,567.0000000000006
2016-03-03 16:00:00,564.3000000000005
2016-03-03 17:00:00,561.0000000000006
2016-03-03 18:00:00,565.7000000000006
2016-03-03 19:00:00,567.8000000000005
2016-03-03 20:00:00,568.7000000000006
2016-03-03 21:00:00,567.9000000000004
2016-03-04 06:00:00,574.3000000000005
2016-03-04 14:00:00,566.0000000000006
2016-03-04 15:00:00,572.2000000000006
2016-03-04 16:00:00,580.3000000000005
2016-03-04 17:00:00,578.7000000000006
2016-03-04 18:00:00,579.9000000000004
2016-03-04 19:00:00,568.9000000000004
2016-03-04 20:00:00,574.3000000000005
2016-03-04 21:00:00,573.7000000000006
2016-03-07 06:00:00,588.3000000000005
2016-03-07 14:00:00,573.0000000000006
2016-03-07 15:00:00,580.1000000000005
2016-03-07 16:00:00,584.4000000000004
2016-03-07 17:00:00,585.6000000000005
2016-03-07 18:00:00,587.4000000000004
2016-03-07 19:00:00,585.5000000000006
2016-03-07 20:00:00,588.3000000000005
2016-03-07 21:00:00,588.4000000000004
2016-03-08 06:00:00,563.1000000000005
2016-03-08 14:00:00,576.1000000000005
2016-03-08 15:00:00,570.4000000000004
2016-03-08 16:00:00,568.1000000000005
2016-03-08 17:00:00,568.2000000000006
2016-03-08 18:00:00,570.4000000000004
2016-03-08 19:00:00,568.1000000000005
2016-03-08 20:00:00,562.7000000000006
2016-03-08 21:00:00,563.2000000000006
2016-03-09 06:00:00,573.1000000000005
2016-03-09 14:00:00,567.4000000000004
2016-03-09 15:00:00,571.8000000000005
2016-03-09 16:00:00,577.9000000000004
2016-03-09 17:00:00,575.0000000000006
2016-03-09 18:00:00,573.5000000000006
2016-03-09 19:00:00,574.6000000000005
2016-03-09 20:00:00,573.1000000000005
2016-03-09 21:00:00,573.7000000000006
2016-03-10 06:00:00,572.7000000000006
2016-03-10 14:00:00,570.0000000000006
2016-03-10 15:00:00,568.0000000000006
2016-03-10 16:00:00,566.1000000000005
2016-03-10 17:00:00,564.3000000000005
2016-03-10 18:00:00,569.3000000000005
2016-03-10 19:00:00,570.6000000000005
2016-03-10 20:00:00,572.7000000000006
2016-03-10 21:00:00,572.8000000000005
2016-03-11 06:00:00,588.8000000000005
2016-03-14 05:00:00,584.2000000000004
2016-03-14 14:00:00,579.6000000000005
2016-03-14 15:00:00,579.6000000000005
2016-03-14 16:00:00,579.2000000000004
2016-03-14 19:00:00,584.9000000000004
2016-03-15 05:00:00,583.5000000000003
2016-03-15 13:00:00,574.3000000000005
2016-03-15 14:00:00,574.1000000000005
2016-03-15 15:00:00,573.5000000000003
2016-03-15 16:00:00,572.8000000000005
2016-03-15 17:00:00,578.2000000000004
2016-03-15 18:00:00,577.4000000000004
2016-03-15 19:00:00,583.5000000000003
2016-03-16 05:00:00,593.9000000000004
2016-03-16 13:00:00,585.9000000000004
2016-03-16 14:00:00,586.6000000000005
2016-03-16 15:00:00,585.6000000000005
2016-03-16 16:00:00,585.2000000000004
2016-03-16 18:00:00,593.3000000000005
2016-03-16 19:00:00,594.2000000000004
2016-03-17 05:00:00,603.0000000000003
2016-03-17 13:00:00,594.3000000000005
2016-03-17 14:00:00,598.2000000000004
2016-03-17 16:00:00,603.2000000000004
2016-03-17 17:00:00,602.2000000000004
2016-03-17 18:00:00,604.4000000000004
2016-03-17 19:00:00,603.0000000000003
2016-03-18 05:00:00,604.5000000000003
2016-03-18 13:00:00,606.3000000000005
2016-03-18 14:00:00,602.0000000000003
2016-03-18 15:00:00,601.2000000000004
2016-03-18 17:00:00,600.8000000000005
2016-03-18 18:00:00,600.9000000000004
2016-03-18 19:00:00,603.3000000000005
2016-03-18 20:00:00,603.0000000000003
2016-03-21 05:00:00,601.5000000000003
2016-03-21 13:00:00,604.5000000000003
2016-03-21 14:00:00,598.6000000000005
2016-03-21 15:00:00,600.2000000000004
2016-03-21 16:00:00,598.8000000000005
2016-03-21 17:00:00,600.7000000000004
2016-03-21 18:00:00,601.8000000000005
2016-03-21 19:00:00,601.5000000000003
2016-03-21 20:00:00,600.8000000000005
2016-03-22 05:00:00,599.2000000000004
2016-03-22 13:00:00,601.1000000000005
2016-03-22 14:00:00,602.4000000000004
2016-03-22 15:00:00,600.5000000000003
2016-03-22 16:00:00,602.7000000000004
2016-03-22 18:00:00,602.8000000000005
2016-03-22 19:00:00,599.2000000000004
2016-03-22 20:00:00,599.4000000000004
2016-03-23 05:00:00,584.9000000000004
2016-03-23 13:00:00,593.2000000000004
2016-03-23 14:00:00,591.0000000000003
2016-03-23 15:00:00,586.4000000000004
2016-03-23 16:00:00,589.0000000000003
2016-03-23 17:00:00,588.5000000000003
2016-03-23 18:00:00,584.8000000000005
2016-03-23 19:00:00,584.8000000000005
2016-03-23 20:00:00,585.2000000000004
2016-03-24 05:00:00,587.5000000000003
2016-03-24 13:00:00,580.1000000000005
2016-03-24 14:00:00,582.0000000000003
2016-03-24 15:00:00,582.4000000000004
2016-03-24 16:00:00,582.4000000000004
2016-03-24 17:00:00,586.8000000000005
2016-03-24 18:00:00,586.3000000000005
2016-03-24 19:00:00,587.5000000000003
2016-03-28 05:00:00,584.9000000000004
2016-03-28 13:00:00,584.2000000000004
2016-03-28 14:00:00,581.2000000000004
2016-03-28 15:00:00,582.4000000000004
2016-03-28 16:00:00,583.7000000000004
2016-03-28 17:00:00,586.4000000000004
2016-03-28 18:00:00,583.5000000000003
2016-03-28 19:00:00,584.7000000000004
2016-03-28 20:00:00,584.8000000000005
2016-03-29 05:00:00,587.2000000000004
2016-03-29 13:00:00,575.0000000000003
2016-03-29 14:00:00,576.2000000000004
2016-03-29 15:00:00,578.2000000000004
2016-03-29 16:00:00,582.0000000000003
2016-03-29 17:00:00,581.5000000000003
2016-03-29 18:00:00,587.2000000000004
2016-03-29 19:00:00,587.2000000000004
2016-03-29 20:00:00,587.1000000000005
2016-03-30 05:00:00,588.7000000000004
2016-03-30 13:00:00,595.2000000000004
2016-03-30 14:00:00,594.7000000000004
2016-03-30 15:00:00,588.7000000000004
2016-03-30 16:00:00,588.6000000000005
2016-03-30 17:00:00,588.3000000000005
2016-03-30 18:00:00,590.6000000000005
2016-03-30 19:00:00,588.7000000000004
2016-03-30 20:00:00,588.1000000000005
2016-03-31 05:00:00,588.8000000000005
2016-03-31 13:00:00,590.7000000000004
2016-03-31 14:00:00,590.7000000000004
2016-03-31 15:00:00,591.0000000000003
2016-03-31 16:00:00,588.4000000000004
2016-03-31 17:00:00,589.7000000000004
2016-03-31 18:00:00,588.1000000000005
2016-03-31 19:00:00,588.8000000000005
2016-03-31 20:00:00,589.2000000000004
2016-04-01 05:00:00,579.4000000000004
2016-04-01 13:00:00,577.1000000000005
2016-04-01 14:00:00,578.1000000000005
2016-04-01 15:00:00,577.9000000000004
2016-04-01 16:00:00,577.1000000000005
2016-04-01 17:00:00,580.0000000000003
2016-04-01 18:00:00,578.9000000000004
2016-04-01 19:00:00,579.1000000000005
2016-04-01 20:00:00,579.1000000000005
2016-04-04 05:00:00,575.6000000000005
2016-04-04 13:00:00,582.1000000000005
2016-04-04 14:00:00,584.5000000000003
2016-04-04 15:00:00,580.0000000000003
2016-04-04 16:00:00,579.4000000000004
2016-04-04 18:00:00,574.8000000000005
2016-04-04 19:00:00,575.6000000000005
2016-04-04 20:00:00,575.1000000000005
2016-04-05 05:00:00,571.2000000000004
2016-04-05 13:00:00,568.9000000000004
2016-04-05 14:00:00,570.7000000000004
2016-04-05 15:00:00,574.6000000000005
2016-04-05 16:00:00,573.1000000000005
2016-04-05 17:00:00,571.0000000000003
2016-04-05 18:00:00,574.4000000000004
2016-04-05 19:00:00,570.5000000000003
2016-04-05 20:00:00,572.6000000000005
2016-04-06 05:00:00,583.8000000000005
2016-04-06 13:00:00,572.9000000000004
2016-04-06 14:00:00,577.0000000000003
2016-04-06 15:00:00,581.0000000000003
2016-04-06 16:00:00,583.4000000000004
2016-04-06 17:00:00,582.6000000000005
2016-04-06 18:00:00,578.9000000000004
2016-04-06 19:00:00,583.8000000000005
2016-04-06 20:00:00,583.0000000000003
2016-04-07 05:00:00,580.2000000000004
2016-04-07 13:00:00,581.0000000000003
2016-04-07 14:00:00,577.6000000000005
2016-04-07 15:00:00,579.7000000000004
2016-04-07 16:00:00,579.5000000000003
2016-04-07 17:00:00,579.7000000000004
2016-04-07 18:00:00,575.7000000000004
2016-04-07 19:00:00,580.2000000000004
2016-04-08 05:00:00,593.5000000000003
2016-04-08 13:00:00,591.1000000000005
2016-04-08 14:00:00,595.2000000000004
2016-04-08 15:00:00,592.6000000000005
2016-04-08 16:00:00,593.2000000000004
2016-04-08 17:00:00,594.2000000000004
2016-04-08 18:00:00,593.0000000000003
2016-04-08 19:00:00,592.8000000000005
2016-04-11 05:00:00,590.6000000000005
2016-04-11 13:00:00,597.8000000000005
2016-04-11 14:00:00,594.7000000000004
2016-04-11 15:00:00,594.2000000000004
2016-04-11 16:00:00,593.2000000000004
2016-04-11 17:00:00,595.3000000000005
2016-04-11 18:00:00,593.5000000000003
2016-04-11 19:00:00,590.6000000000005
2016-04-11 20:00:00,589.9000000000004
2016-04-12 05:00:00,609.4000000000004
2016-04-12 13:00:00,594.8000000000005
2016-04-12 14:00:00,599.1000000000005
2016-04-12 15:00:00,607.9000000000004
2016-04-12 16:00:00,609.9000000000004
2016-04-12 17:00:00,609.3000000000005
2016-04-12 18:00:00,609.8000000000005
2016-04-12 19:00:00,609.4000000000004
2016-04-12 20:00:00,608.8000000000005
2016-04-13 05:00:00,611.5000000000003
2016-04-13 13:00:00,606.9000000000004
2016-04-13 14:00:00,606.1000000000005
2016-04-13 15:00:00,611.2000000000004
2016-04-13 16:00:00,610.9000000000004
2016-04-13 17:00:00,611.7000000000004
2016-04-13 18:00:00,612.2000000000004
2016-04-13 19:00:00,611.5000000000003
2016-04-13 20:00:00,612.0000000000003
2016-04-14 05:00:00,614.1000000000005
2016-04-14 13:00:00,611.3000000000005
2016-04-14 14:00:00,612.4000000000004
2016-04-14 15:00:00,611.6000000000005
2016-04-14 16:00:00,611.5000000000003
2016-04-14 17:00:00,611.3000000000005
2016-04-14 18:00:00,612.7000000000004
2016-04-14 19:00:00,614.1000000000005
2016-04-14 20:00:00,613.7000000000004
2016-04-15 05:00:00,604.8000000000005
2016-04-15 13:00:00,605.4000000000004
2016-04-15 14:00:00,604.8000000000005
2016-04-15 16:00:00,606.0000000000003
2016-04-15 17:00:00,606.1000000000005
2016-04-15 18:00:00,605.5000000000003
2016-04-15 20:00:00,604.7000000000004
2016-04-18 05:00:00,614.9000000000004
2016-04-18 13:00:00,603.7000000000004
2016-04-18 14:00:00,607.0000000000003
2016-04-18 15:00:00,613.0000000000003
2016-04-18 16:00:00,614.5000000000003
2016-04-18 17:00:00,615.5000000000003
2016-04-18 18:00:00,613.2000000000004
2016-04-18 19:00:00,615.0000000000003
2016-04-18 20:00:00,614.8000000000005
2016-04-19 05:00:00,628.4000000000004
2016-04-19 13:00:00,624.2000000000004
2016-04-19 14:00:00,627.3000000000005
2016-04-19 15:00:00,624.6000000000005
2016-04-19 16:00:00,622.8000000000005
2016-04-19 17:00:00,625.9000000000004
2016-04-19 18:00:00,626.4000000000004
2016-04-19 19:00:00,628.0000000000003
2016-04-19 20:00:00,628.5000000000003
2016-04-20 05:00:00,634.4000000000004
2016-04-20 13:00:00,625.9000000000004
2016-04-20 14:00:00,627.8000000000005
2016-04-20 15:00:00,633.8000000000005
2016-04-20 16:00:00,635.4000000000004
2016-04-20 17:00:00,637.8000000000005
2016-04-20 18:00:00,638.1000000000005
2016-04-20 19:00:00,634.4000000000004
2016-04-20 20:00:00,634.3000000000005
2016-04-21 05:00:00,630.8000000000005
2016-04-21 13:00:00,633.3000000000005
2016-04-21 14:00:00,632.6000000000005
2016-04-21 15:00:00,637.0000000000003
2016-04-21 16:00:00,636.0000000000003
2016-04-21 17:00:00,634.0000000000003
2016-04-21 18:00:00,629.5000000000003
2016-04-21 19:00:00,630.9000000000004
2016-04-21 20:00:00,631.6000000000005
2016-04-22 05:00:00,640.1000000000005
2016-04-22 13:00:00,639.6000000000005
2016-04-22 14:00:00,639.8000000000005
2016-04-22 15:00:00,637.6000000000005
2016-04-22 16:00:00,637.0000000000003
2016-04-22 17:00:00,638.0000000000003
2016-04-22 18:00:00,639.4000000000004
2016-04-22 19:00:00,639.0000000000003
2016-04-22 20:00:00,640.3000000000005
2016-04-25 05:00:00,632.3000000000005
2016-04-25 13:00:00,635.2000000000004
2016-04-25 14:00:00,629.7000000000004
2016-04-25 15:00:00,630.5000000000003
2016-04-25 16:00:00,628.2000000000004
2016-04-25 17:00:00,630.6000000000005
2016-04-25 18:00:00,629.2000000000004
2016-04-25 19:00:00,632.3000000000005
2016-04-25 20:00:00,632.9000000000004
2016-04-26 05:00:00,642.9000000000004
2016-04-26 13:00:00,638.1000000000005
2016-04-26 14:00:00,636.8000000000005
2016-04-26 15:00:00,637.2000000000004
2016-04-26 16:00:00,640.9000000000004
2016-04-26 17:00:00,641.5000000000003
2016-04-26 18:00:00,641.5000000000003
2016-04-26 19:00:00,641.0000000000003
2016-04-26 20:00:00,643.3000000000005
2016-04-27 05:00:00,655.9000000000004
2016-04-27 13:00:00,653.8000000000005
2016-04-27 14:00:00,647.3000000000005
2016-04-27 15:00:00,649.0000000000003
2016-04-27 16:00:00,650.4000000000004
2016-04-27 18:00:00,654.7000000000004
2016-04-27 19:00:00,655.9000000000004
2016-04-27 20:00:00,655.4000000000004
2016-04-28 05:00:00,646.2000000000004
2016-04-28 13:00:00,653.8000000000005
2016-04-28 14:00:00,654.3000000000005
2016-04-28 15:00:00,655.2000000000004
2016-04-28 16:00:00,655.4000000000004
2016-04-28 17:00:00,657.7000000000004
2016-04-28 18:00:00,655.9000000000004
2016-04-28 19:00:00,646.3000000000005
2016-04-28 20:00:00,646.6000000000005
2016-04-29 05:00:00,644.6000000000005
2016-04-29 13:00:00,645.8000000000005
2016-04-29 14:00:00,644.3000000000005
2016-04-29 15:00:00,639.1000000000005
2016-04-29 16:00:00,641.1000000000005
2016-04-29 17:00:00,637.7000000000004
2016-04-29 18:00:00,639.0000000000003
2016-04-29 19:00:00,642.9000000000004
2016-04-29 20:00:00,643.9000000000004
2016-05-02 05:00:00,644.2000000000004
2016-05-02 13:00:00,639.0000000000003
2016-05-02 14:00:00,640.4000000000004
2016-05-02 15:00:00,637.0000000000003
2016-05-02 16:00:00,637.9000000000004
2016-05-02 17:00:00,643.7000000000004
2016-05-02 18:00:00,643.1000000000005
2016-05-02 19:00:00,644.2000000000004
2016-05-02 20:00:00,647.7000000000004
2016-05-03 05:00:00,628.2000000000004
2016-05-03 13:00:00,631.4000000000004
2016-05-03 14:00:00,627.6000000000005
2016-05-03 15:00:00,628.3000000000005
2016-05-03 16:00:00,626.1000000000005
2016-05-03 17:00:00,629.0000000000003
2016-05-03 18:00:00,626.2000000000004
2016-05-03 19:00:00,628.2000000000004
2016-05-03 20:00:00,627.6000000000005
2016-05-04 05:00:00,618.0000000000003
2016-05-04 13:00:00,629.3000000000005
2016-05-04 14:00:00,619.8000000000005
2016-05-04 15:00:00,619.2000000000004
2016-05-04 16:00:00,619.2000000000004
2016-05-04 17:00:00,618.1000000000005
2016-05-04 18:00:00,618.2000000000004
2016-05-04 19:00:00,618.0000000000003
2016-05-04 20:00:00,619.1000000000005
2016-05-05 05:00:00,623.4000000000004
2016-05-05 13:00:00,631.6000000000005
2016-05-05 14:00:00,628.0000000000003
2016-05-05 15:00:00,626.0000000000003
2016-05-05 16:00:00,624.3000000000005
2016-05-05 17:00:00,621.4000000000004
2016-05-05 18:00:00,623.4000000000004
2016-05-05 19:00:00,623.5000000000003
2016-05-05 20:00:00,624.0000000000003
2016-05-06 05:00:00,621.7000000000004
2016-05-06 13:00:00,627.7000000000004
2016-05-06 14:00:00,624.7000000000004
2016-05-06 15:00:00,625.2000000000004
2016-05-06 16:00:00,624.2000000000004
2016-05-06 17:00:00,624.4000000000004
2016-05-06 18:00:00,625.6000000000005
2016-05-06 19:00:00,621.7000000000004
2016-05-06 20:00:00,622.3000000000005
2016-05-09 05:00:00,612.7000000000004
2016-05-09 13:00:00,610.3000000000005
2016-05-09 14:00:00,607.2000000000004
2016-05-09 15:00:00,606.8000000000005
2016-05-09 16:00:00,609.0000000000003
2016-05-09 18:00:00,611.5000000000003
2016-05-09 19:00:00,612.7000000000004
2016-05-09 20:00:00,612.6000000000005
2016-05-10 05:00:00,623.9000000000004
2016-05-10 13:00:00,619.4000000000004
2016-05-10 14:00:00,620.8000000000005
2016-05-10 15:00:00,620.4000000000004
2016-05-10 16:00:00,621.0000000000003
2016-05-10 17:00:00,621.5000000000003
2016-05-10 19:00:00,623.9000000000004
2016-05-10 20:00:00,623.6000000000005
2016-05-11 05:00:00,625.8000000000005
2016-05-11 13:00:00,619.1000000000005
2016-05-11 14:00:00,627.8000000000005
2016-05-11 15:00:00,630.0000000000003
2016-05-11 16:00:00,629.1000000000005
2016-05-11 17:00:00,629.1000000000005
2016-05-11 18:00:00,628.7000000000004
2016-05-11 19:00:00,625.8000000000005
2016-05-11 20:00:00,625.4000000000004
2016-05-12 05:00:00,627.5000000000003
2016-05-12 13:00:00,627.6000000000005
2016-05-12 14:00:00,627.0000000000003
2016-05-12 15:00:00,625.4000000000004
2016-05-12 16:00:00,626.2000000000004
2016-05-12 18:00:00,628.7000000000004
2016-05-12 19:00:00,627.8000000000005
2016-05-12 20:00:00,627.3000000000005
2016-05-13 05:00:00,619.6000000000005
2016-05-13 13:00:00,625.8000000000005
2016-05-13 14:00:00,623.0000000000003
2016-05-13 15:00:00,625.0000000000003
2016-05-13 16:00:00,622.8000000000005
2016-05-13 17:00:00,620.1000000000005
2016-05-13 18:00:00,618.9000000000004
2016-05-13 19:00:00,619.3000000000005
2016-05-13 20:00:00,619.8000000000005
2016-05-16 05:00:00,630.0000000000003
2016-05-16 13:00:00,626.4000000000004
2016-05-16 14:00:00,629.4000000000004
2016-05-16 15:00:00,629.6000000000005
2016-05-16 16:00:00,631.3000000000005
2016-05-16 17:00:00,629.7000000000004
2016-05-16 18:00:00,631.4000000000004
2016-05-16 19:00:00,630.0000000000003
2016-05-16 20:00:00,630.1000000000005
2016-05-17 05:00:00,633.2000000000004
2016-05-17 13:00:00,633.3000000000005
2016-05-17 14:00:00,637.8000000000005
2016-05-17 15:00:00,637.1000000000005
2016-05-17 16:00:00,633.9000000000004
2016-05-17 17:00:00,633.9000000000004
2016-05-17 18:00:00,633.6000000000005
2016-05-17 19:00:00,631.5000000000003
2016-05-17 20:00:00,633.3000000000005
2016-05-18 05:00:00,626.4000000000004
2016-05-18 13:00:00,632.9000000000004
2016-05-18 14:00:00,632.6000000000005
2016-05-18 15:00:00,634.0000000000003
2016-05-18 16:00:00,631.6000000000005
2016-05-18 17:00:00,634.2000000000004
2016-05-18 18:00:00,626.8000000000005
2016-05-18 19:00:00,626.4000000000004
2016-05-18 20:00:00,625.3000000000005
2016-05-19 05:00:00,626.7000000000004
2016-05-19 13:00:00,618.3000000000005
2016-05-19 14:00:00,618.7000000000004
2016-05-19 15:00:00,622.3000000000005
2016-05-19 16:00:00,625.4000000000004
2016-05-19 17:00:00,627.2000000000004
2016-05-19 18:00:00,626.1000000000005
2016-05-19 19:00:00,626.7000000000004
2016-05-19 20:00:00,627.5000000000003
2016-05-20 05:00:00,630.8000000000005
2016-05-20 13:00:00,625.7000000000004
2016-05-20 14:00:00,627.4000000000004
2016-05-20 15:00:00,629.3000000000005
2016-05-20 16:00:00,629.8000000000005
2016-05-20 17:00:00,631.1000000000005
2016-05-20 18:00:00,630.0000000000003
2016-05-20 19:00:00,628.7000000000004
2016-05-20 20:00:00,631.2000000000004
2016-05-23 05:00:00,628.7000000000004
2016-05-23 13:00:00,629.0000000000003
2016-05-23 14:00:00,627.9000000000004
2016-05-23 15:00:00,627.5000000000003
2016-05-23 16:00:00,629.5000000000003
2016-05-23 17:00:00,631.1000000000005
2016-05-23 18:00:00,631.6000000000005
2016-05-23 19:00:00,628.7000000000004
2016-05-23 20:00:00,629.3000000000005
2016-05-24 05:00:00,632.8000000000005
2016-05-24 13:00:00,629.9000000000004
2016-05-24 14:00:00,633.8000000000005
2016-05-24 15:00:00,633.0000000000003
2016-05-24 16:00:00,632.7000000000004
2016-05-24 17:00:00,632.7000000000004
2016-05-24 18:00:00,632.0000000000003
2016-05-24 19:00:00,633.2000000000004
2016-05-24 20:00:00,632.6000000000005
2016-05-25 05:00:00,642.9000000000004
2016-05-25 13:00:00,642.8000000000005
2016-05-25 14:00:00,639.8000000000005
2016-05-25 15:00:00,639.8000000000005
2016-05-25 16:00:00,639.9000000000004
2016-05-25 17:00:00,642.3000000000005
2016-05-25 18:00:00,643.4000000000004
2016-05-25 19:00:00,643.6000000000005
2016-05-25 20:00:00,642.9000000000004
2016-05-26 05:00:00,640.1000000000005
2016-05-26 13:00:00,642.2000000000004
2016-05-26 14:00:00,638.8000000000005
2016-05-26 15:00:00,641.6000000000005
2016-05-26 16:00:00,641.2000000000004
2016-05-26 17:00:00,641.2000000000004
2016-05-26 18:00:00,640.9000000000004
2016-05-26 19:00:00,640.1000000000005
2016-05-26 20:00:00,640.7000000000004
2016-05-27 05:00:00,640.8000000000005
2016-05-27 13:00:00,635.2000000000004
2016-05-27 14:00:00,637.7000000000004
2016-05-27 15:00:00,637.9000000000004
2016-05-27 16:00:00,638.9000000000004
2016-05-27 17:00:00,638.2000000000004
2016-05-27 18:00:00,637.9000000000004
2016-05-27 19:00:00,640.9000000000004
2016-05-31 05:00:00,638.4000000000004
2016-05-31 13:00:00,643.1000000000005
2016-05-31 14:00:00,642.7000000000004
2016-05-31 15:00:00,642.2000000000004
2016-05-31 16:00:00,641.8000000000005
2016-05-31 17:00:00,640.6000000000005
2016-05-31 18:00:00,636.6000000000005
2016-05-31 19:00:00,638.4000000000004
2016-05-31 20:00:00,637.6000000000005
2016-06-01 05:00:00,639.2000000000004
2016-06-01 13:00:00,630.5000000000003
2016-06-01 14:00:00,632.3000000000005
2016-06-01 15:00:00,635.9000000000004
2016-06-01 16:00:00,636.4000000000004
2016-06-01 17:00:00,637.1000000000005
2016-06-01 18:00:00,638.7000000000004
2016-06-01 19:00:00,639.4000000000004
2016-06-01 20:00:00,639.5000000000003
2016-06-02 05:00:00,637.2000000000004
2016-06-02 13:00:00,632.6000000000005
2016-06-02 14:00:00,630.9000000000004
2016-06-02 15:00:00,633.1000000000005
2016-06-02 16:00:00,636.2000000000004
2016-06-02 17:00:00,636.2000000000004
2016-06-02 19:00:00,636.7000000000004
2016-06-03 05:00:00,636.1000000000005
2016-06-03 13:00:00,637.9000000000004
2016-06-03 14:00:00,632.1000000000005
2016-06-03 15:00:00,633.4000000000004
2016-06-03 16:00:00,634.1000000000005
2016-06-03 17:00:00,632.9000000000004
2016-06-03 18:00:00,635.4000000000004
2016-06-03 19:00:00,636.3000000000005
2016-06-03 20:00:00,636.0000000000003
2016-06-06 05:00:00,649.6000000000005
2016-06-06 13:00:00,643.8000000000005
2016-06-06 14:00:00,645.7000000000004
2016-06-06 15:00:00,648.1000000000005
2016-06-06 16:00:00,644.2000000000004
2016-06-06 17:00:00,646.8000000000005
2016-06-06 18:00:00,649.0000000000003
2016-06-06 19:00:00,649.8000000000005
2016-06-06 20:00:00,649.5000000000003
2016-06-07 05:00:00,665.0000000000003
2016-06-07 13:00:00,655.9000000000004
2016-06-07 14:00:00,660.6000000000005
2016-06-07 15:00:00,662.7000000000004
2016-06-07 16:00:00,663.5000000000003
2016-06-07 17:00:00,664.8000000000005
2016-06-07 18:00:00,666.4000000000004
2016-06-07 19:00:00,665.0000000000003
2016-06-07 20:00:00,665.0000000000003
2016-06-08 05:00:00,663.5000000000003
2016-06-08 13:00:00,671.8000000000005
2016-06-08 14:00:00,666.6000000000005
2016-06-08 15:00:00,662.7000000000004
2016-06-08 16:00:00,664.6000000000005
2016-06-08 17:00:00,663.4000000000004
2016-06-08 18:00:00,663.7000000000004
2016-06-08 19:00:00,663.7000000000004
2016-06-08 20:00:00,663.8000000000005
2016-06-09 05:00:00,659.5000000000003
2016-06-09 13:00:00,658.0000000000003
2016-06-09 14:00:00,657.7000000000004
2016-06-09 15:00:00,659.3000000000005
2016-06-09 16:00:00,660.1000000000005
2016-06-09 17:00:00,659.5000000000003
2016-06-09 18:00:00,660.7000000000004
2016-06-09 19:00:00,659.5000000000003
2016-06-09 20:00:00,659.0000000000003
2016-06-10 05:00:00,644.6000000000005
2016-06-10 13:00:00,652.8000000000003
2016-06-10 19:00:00,642.7000000000004
2016-06-13 05:00:00,641.1000000000005
2016-06-13 13:00:00,642.8000000000003
2016-06-13 14:00:00,649.7000000000004
2016-06-13 16:00:00,645.3000000000003
2016-06-14 05:00:00,640.8000000000003
2016-06-14 13:00:00,641.2000000000004
2016-06-14 14:00:00,640.3000000000003
2016-06-14 15:00:00,635.0000000000003
2016-06-14 16:00:00,635.4000000000004
2016-06-14 17:00:00,635.4000000000004
2016-06-14 18:00:00,636.4000000000004
2016-06-14 19:00:00,639.9000000000004
2016-06-15 05:00:00,639.2000000000004
2016-06-15 13:00:00,635.1000000000005
2016-06-15 14:00:00,640.1000000000005
2016-06-15 15:00:00,644.2000000000004
2016-06-15 16:00:00,644.3000000000003
2016-06-15 17:00:00,645.1000000000005
2016-06-15 18:00:00,641.9000000000004
2016-06-15 19:00:00,639.4000000000004
2016-06-15 20:00:00,638.9000000000004
2016-06-16 05:00:00,635.8000000000003
2016-06-16 13:00:00,626.8000000000003
2016-06-16 14:00:00,627.8000000000003
2016-06-16 15:00:00,630.5000000000003
2016-06-16 16:00:00,634.8000000000003
2016-06-16 17:00:00,632.1000000000005
2016-06-16 18:00:00,635.6000000000005
2016-06-16 19:00:00,636.2000000000004
2016-06-17 05:00:00,642.6000000000005
2016-06-17 13:00:00,642.5000000000003
2016-06-17 14:00:00,642.0000000000003
2016-06-17 15:00:00,641.1000000000005
2016-06-17 16:00:00,640.7000000000004
2016-06-17 17:00:00,641.5000000000003
2016-06-17 18:00:00,641.7000000000004
2016-06-17 19:00:00,642.6000000000005
2016-06-17 20:00:00,641.0000000000003
2016-06-20 05:00:00,648.7000000000004
2016-06-20 13:00:00,650.5000000000003
2016-06-20 14:00:00,652.5000000000003
2016-06-20 15:00:00,651.5000000000003
2016-06-20 16:00:00,650.9000000000004
2016-06-20 17:00:00,651.4000000000004
2016-06-20 18:00:00,650.8000000000003
2016-06-20 19:00:00,648.4000000000004
2016-06-20 20:00:00,647.1000000000005
2016-06-21 05:00:00,656.4000000000004
2016-06-21 13:00:00,647.7000000000004
2016-06-21 14:00:00,652.2000000000004
2016-06-21 15:00:00,652.7000000000004
2016-06-21 16:00:00,654.0000000000003
2016-06-21 17:00:00,654.9000000000004
2016-06-21 18:00:00,657.0000000000003
2016-06-21 19:00:00,656.2000000000004
2016-06-21 20:00:00,656.9000000000004
2016-06-22 05:00:00,652.6000000000005
2016-06-22 13:00:00,656.8000000000003
2016-06-22 14:00:00,656.4000000000004
2016-06-22 15:00:00,653.9000000000004
2016-06-22 16:00:00,653.7000000000004
2016-06-22 17:00:00,653.7000000000004
2016-06-22 18:00:00,655.0000000000003
2016-06-22 19:00:00,652.7000000000004
2016-06-22 20:00:00,652.6000000000005
2016-06-23 05:00:00,664.2000000000004
2016-06-23 12:00:00,658.7000000000004
2016-06-23 13:00:00,657.8000000000003
2016-06-23 14:00:00,660.3000000000003
2016-06-23 15:00:00,661.2000000000004
2016-06-23 16:00:00,660.3000000000003
2016-06-23 17:00:00,660.1000000000005
2016-06-23 18:00:00,661.9000000000004
2016-06-23 19:00:00,663.5000000000003
2016-06-23 20:00:00,663.8000000000003
2016-06-24 05:00:00,639.1000000000005
2016-06-24 13:00:00,648.3000000000003
2016-06-24 14:00:00,645.8000000000003
2016-06-24 15:00:00,644.7000000000004
2016-06-24 16:00:00,641.1000000000005
2016-06-24 17:00:00,645.0000000000003
2016-06-24 18:00:00,641.7000000000004
2016-06-24 19:00:00,639.1000000000005
2016-06-24 20:00:00,636.1000000000005
2016-06-27 05:00:00,619.9000000000004
2016-06-27 10:00:00,635.9000000000004
2016-06-27 13:00:00,628.7000000000004
2016-06-27 14:00:00,621.1000000000005
2016-06-27 15:00:00,621.6000000000005
2016-06-27 16:00:00,619.1000000000005
2016-06-27 17:00:00,617.0000000000003
2016-06-27 18:00:00,619.3000000000003
2016-06-27 19:00:00,619.9000000000004
2016-06-27 20:00:00,617.8000000000003
2016-06-28 05:00:00,637.3000000000003
2016-06-28 13:00:00,633.5000000000003
2016-06-28 14:00:00,630.6000000000005
2016-06-28 15:00:00,629.1000000000005
2016-06-28 16:00:00,632.3000000000003
2016-06-28 17:00:00,630.1000000000005
2016-06-28 18:00:00,636.9000000000004
2016-06-28 19:00:00,637.3000000000003
2016-06-29 05:00:00,650.7000000000004
2016-06-29 13:00:00,645.8000000000003
2016-06-29 14:00:00,649.8000000000003
2016-06-29 15:00:00,651.3000000000003
2016-06-29 16:00:00,652.1000000000005
2016-06-29 18:00:00,653.4000000000004
2016-06-29 19:00:00,650.7000000000004
2016-06-29 20:00:00,651.8000000000003
2016-06-30 05:00:00,655.7000000000004
2016-06-30 13:00:00,647.3000000000003
2016-06-30 14:00:00,653.3000000000003
2016-06-30 15:00:00,651.5000000000003
2016-06-30 16:00:00,654.7000000000004
2016-06-30 17:00:00,653.6000000000005
2016-06-30 18:00:00,655.1000000000005
2016-06-30 19:00:00,655.1000000000005
2016-06-30 20:00:00,655.2000000000004
2016-07-01 05:00:00,660.3000000000003
2016-07-01 13:00:00,659.0000000000003
2016-07-01 14:00:00,660.6000000000005
2016-07-01 15:00:00,659.1000000000005
2016-07-01 16:00:00,659.5000000000003
2016-07-01 17:00:00,658.4000000000004
2016-07-01 18:00:00,659.5000000000003
2016-07-01 19:00:00,661.0000000000003
2016-07-01 20:00:00,660.3000000000003
2016-07-05 05:00:00,646.0000000000003
2016-07-05 13:00:00,647.2000000000004
2016-07-05 14:00:00,644.4000000000004
2016-07-05 15:00:00,643.0000000000003
2016-07-05 16:00:00,642.1000000000005
2016-07-05 17:00:00,640.6000000000005
2016-07-05 18:00:00,642.9000000000004
2016-07-05 19:00:00,645.7000000000004
2016-07-05 20:00:00,647.0000000000003
2016-07-06 05:00:00,648.8000000000003
2016-07-06 13:00:00,643.0000000000003
2016-07-06 14:00:00,639.6000000000005
2016-07-06 15:00:00,644.5000000000003
2016-07-06 16:00:00,644.8000000000003
2016-07-06 17:00:00,645.0000000000003
2016-07-06 18:00:00,646.5000000000003
2016-07-06 19:00:00,648.8000000000003
2016-07-07 05:00:00,642.0000000000003
2016-07-07 13:00:00,655.0000000000003
2016-07-07 14:00:00,654.1000000000005
2016-07-07 15:00:00,647.2000000000004
2016-07-07 16:00:00,644.8000000000003
2016-07-07 17:00:00,640.6000000000005
2016-07-07 18:00:00,637.9000000000004
2016-07-07 19:00:00,640.1000000000005
2016-07-07 20:00:00,641.7000000000004
2016-07-08 05:00:00,651.0000000000003
2016-07-08 13:00:00,648.9000000000004
2016-07-08 14:00:00,646.3000000000003
2016-07-08 15:00:00,649.7000000000004
2016-07-08 16:00:00,648.8000000000003
2016-07-08 17:00:00,651.5000000000003
2016-07-08 18:00:00,652.3000000000003
2016-07-08 19:00:00,651.0000000000003
2016-07-11 05:00:00,652.2000000000004
2016-07-11 13:00:00,656.4000000000004
2016-07-11 14:00:00,655.0000000000003
2016-07-11 15:00:00,654.6000000000005
2016-07-11 16:00:00,654.7000000000004
2016-07-11 17:00:00,654.1000000000005
2016-07-11 18:00:00,655.0000000000003
2016-07-11 19:00:00,652.2000000000004
2016-07-11 20:00:00,652.1000000000005
2016-07-12 05:00:00,668.6000000000005
2016-07-12 13:00:00,664.0000000000003
2016-07-12 14:00:00,665.2000000000004
2016-07-12 15:00:00,670.5000000000003
2016-07-12 16:00:00,669.7000000000004
2016-07-12 17:00:00,670.0000000000003
2016-07-12 18:00:00,669.6000000000005
2016-07-12 19:00:00,668.6000000000005
2016-07-12 20:00:00,668.7000000000004
2016-07-13 05:00:00,663.1000000000005
2016-07-13 13:00:00,664.8000000000003
2016-07-13 14:00:00,660.5000000000003
2016-07-13 15:00:00,659.0000000000003
2016-07-13 16:00:00,659.0000000000003
2016-07-13 17:00:00,659.5000000000003
2016-07-13 18:00:00,661.9000000000004
2016-07-13 19:00:00,663.1000000000005
2016-07-13 20:00:00,663.0000000000003
2016-07-14 05:00:00,666.1000000000005
2016-07-14 13:00:00,668.0000000000003
2016-07-14 14:00:00,667.3000000000003
2016-07-14 15:00:00,665.9000000000004
2016-07-14 16:00:00,665.7000000000004
2016-07-14 17:00:00,665.2000000000004
2016-07-14 18:00:00,666.4000000000004
2016-07-14 19:00:00,666.0000000000003
2016-07-14 20:00:00,666.0000000000003
2016-07-15 05:00:00,666.3000000000003
2016-07-15 13:00:00,669.0000000000003
2016-07-15 14:00:00,666.7000000000004
2016-07-15 15:00:00,666.5000000000003
2016-07-15 16:00:00,666.6000000000005
2016-07-15 17:00:00,664.2000000000004
2016-07-15 18:00:00,664.8000000000003
2016-07-15 19:00:00,666.3000000000003
2016-07-15 20:00:00,665.0000000000003
2016-07-18 05:00:00,666.6000000000005
2016-07-18 13:00:00,662.1000000000005
2016-07-18 14:00:00,662.7000000000004
2016-07-18 15:00:00,664.6000000000005
2016-07-18 16:00:00,664.6000000000005
2016-07-18 17:00:00,664.8000000000003
2016-07-18 18:00:00,665.8000000000003
2016-07-18 19:00:00,666.7000000000004
2016-07-18 20:00:00,666.6000000000005
2016-07-19 05:00:00,662.9000000000004
2016-07-19 13:00:00,661.9000000000004
2016-07-19 14:00:00,663.7000000000004
2016-07-19 15:00:00,663.5000000000003
2016-07-19 16:00:00,662.8000000000003
2016-07-19 20:00:00,663.2000000000004
2016-07-20 05:00:00,661.8000000000003
2016-07-20 13:00:00,655.2000000000004
2016-07-20 14:00:00,662.7000000000004
2016-07-20 15:00:00,662.0000000000003
2016-07-20 16:00:00,664.0000000000003
2016-07-20 17:00:00,664.5000000000003
2016-07-20 19:00:00,661.8000000000003
2016-07-21 05:00:00,654.8000000000003
2016-07-21 13:00:00,663.3000000000003
2016-07-21 14:00:00,665.4000000000004
2016-07-21 15:00:00,660.0000000000003
2016-07-21 16:00:00,658.5000000000003
2016-07-21 17:00:00,658.1000000000005
2016-07-21 18:00:00,655.2000000000004
2016-07-21 19:00:00,654.8000000000003
2016-07-21 20:00:00,653.4000000000004
2016-07-22 05:00:00,656.9000000000004
2016-07-22 13:00:00,657.1000000000005
2016-07-22 14:00:00,656.2000000000004
2016-07-22 15:00:00,654.5000000000003
2016-07-22 16:00:00,654.7000000000004
2016-07-22 17:00:00,654.9000000000004
2016-07-22 19:00:00,656.4000000000004
2016-07-22 20:00:00,657.4000000000004
2016-07-25 05:00:00,643.5000000000003
2016-07-25 13:00:00,649.6000000000005
2016-07-25 14:00:00,644.8000000000003
2016-07-25 15:00:00,644.0000000000003
2016-07-25 16:00:00,642.6000000000005
2016-07-25 17:00:00,641.7000000000004
2016-07-25 18:00:00,642.2000000000004
2016-07-25 19:00:00,642.9000000000004
2016-07-26 05:00:00,647.2000000000004
2016-07-26 13:00:00,641.9000000000004
2016-07-26 14:00:00,639.7000000000004
2016-07-26 15:00:00,644.9000000000004
2016-07-26 16:00:00,645.1000000000005
2016-07-26 17:00:00,644.8000000000003
2016-07-26 18:00:00,646.1000000000005
2016-07-26 19:00:00,647.2000000000004
2016-07-26 20:00:00,647.2000000000004
2016-07-27 05:00:00,639.9000000000004
2016-07-27 13:00:00,650.6000000000005
2016-07-27 14:00:00,642.9000000000004
2016-07-27 15:00:00,640.6000000000005
2016-07-27 16:00:00,638.9000000000004
2016-07-27 17:00:00,640.3000000000003
2016-07-27 18:00:00,640.3000000000003
2016-07-27 19:00:00,639.9000000000004
2016-07-27 20:00:00,639.2000000000004
2016-07-28 05:00:00,640.8000000000003
2016-07-28 13:00:00,643.3000000000003
2016-07-28 14:00:00,636.5000000000003
2016-07-28 15:00:00,640.2000000000004
2016-07-28 16:00:00,639.1000000000005
2016-07-28 17:00:00,638.1000000000005
2016-07-28 18:00:00,640.5000000000003
2016-07-28 19:00:00,640.8000000000003
2016-07-29 05:00:00,648.1000000000005
2016-07-29 12:00:00,629.7000000000004
2016-07-29 13:00:00,633.5000000000003
2016-07-29 14:00:00,639.6000000000005
2016-07-29 15:00:00,641.9000000000004
2016-07-29 16:00:00,641.1000000000005
2016-07-29 17:00:00,645.7000000000004
2016-07-29 18:00:00,646.5000000000003
2016-07-29 19:00:00,647.7000000000004
2016-07-29 20:00:00,648.4000000000004
2016-08-01 05:00:00,625.0000000000003
2016-08-01 13:00:00,633.8000000000003
2016-08-01 14:00:00,631.7000000000004
2016-08-01 15:00:00,628.6000000000005
2016-08-01 16:00:00,626.7000000000004
2016-08-01 17:00:00,625.7000000000004
2016-08-01 18:00:00,625.4000000000004
2016-08-01 19:00:00,625.4000000000004
2016-08-01 20:00:00,625.7000000000004
2016-08-02 05:00:00,630.2000000000004
2016-08-02 13:00:00,631.5000000000003
2016-08-02 14:00:00,624.3000000000003
2016-08-02 15:00:00,623.1000000000005
2016-08-02 16:00:00,620.7000000000004
2016-08-02 17:00:00,620.8000000000003
2016-08-02 18:00:00,625.7000000000004
2016-08-02 19:00:00,630.2000000000004
2016-08-02 20:00:00,630.9000000000004
2016-08-03 05:00:00,643.5000000000003
2016-08-03 11:00:00,630.9000000000004
2016-08-03 12:00:00,630.9000000000004
2016-08-03 13:00:00,632.7000000000004
2016-08-03 14:00:00,637.9000000000004
2016-08-03 15:00:00,638.0000000000003
2016-08-03 16:00:00,640.5000000000003
2016-08-03 17:00:00,639.7000000000004
2016-08-03 18:00:00,639.6000000000005
2016-08-03 19:00:00,643.5000000000003
2016-08-03 20:00:00,642.9000000000004
2016-08-04 05:00:00,642.5000000000003
2016-08-04 13:00:00,640.7000000000004
2016-08-04 14:00:00,642.7000000000004
2016-08-04 15:00:00,647.1000000000005
2016-08-04 16:00:00,646.1000000000005
2016-08-04 17:00:00,644.5000000000003
2016-08-04 18:00:00,642.0000000000003
2016-08-04 19:00:00,641.9000000000004
2016-08-04 20:00:00,642.0000000000003
2016-08-05 05:00:00,648.9000000000004
2016-08-05 13:00:00,644.0000000000003
2016-08-05 14:00:00,644.0000000000003
2016-08-05 15:00:00,646.8000000000003
2016-08-05 16:00:00,646.9000000000004
2016-08-05 17:00:00,647.9000000000004
2016-08-05 18:00:00,649.1000000000005
2016-08-05 19:00:00,648.9000000000004
2016-08-05 20:00:00,648.7000000000004
2016-08-08 05:00:00,657.7000000000004
2016-08-08 13:00:00,657.9000000000004
2016-08-08 14:00:00,660.4000000000004
2016-08-08 15:00:00,661.1000000000005
2016-08-08 16:00:00,660.4000000000004
2016-08-08 17:00:00,661.8000000000003
2016-08-08 18:00:00,658.6000000000005
2016-08-08 19:00:00,657.6000000000005
2016-08-08 20:00:00,657.4000000000004
2016-08-09 05:00:00,654.1000000000005
2016-08-09 13:00:00,657.0000000000003
2016-08-09 14:00:00,656.6000000000005
2016-08-09 15:00:00,656.4000000000004
2016-08-09 16:00:00,653.6000000000005
2016-08-09 17:00:00,653.5000000000003
2016-08-09 18:00:00,652.6000000000005
2016-08-09 19:00:00,653.8000000000003
2016-08-09 20:00:00,654.1000000000005
2016-08-10 05:00:00,647.0000000000003
2016-08-10 13:00:00,654.0000000000003
2016-08-10 14:00:00,654.7000000000004
2016-08-10 15:00:00,650.5000000000003
2016-08-10 16:00:00,650.4000000000004
2016-08-10 17:00:00,650.8000000000003
2016-08-10 18:00:00,646.8000000000003
2016-08-10 19:00:00,647.0000000000003
2016-08-11 05:00:00,656.8000000000003
2016-08-11 13:00:00,651.2000000000004
2016-08-11 14:00:00,656.4000000000004
2016-08-11 15:00:00,657.5000000000003
2016-08-11 16:00:00,658.5000000000003
2016-08-11 17:00:00,658.4000000000004
2016-08-11 18:00:00,657.5000000000003
2016-08-11 19:00:00,657.2000000000004
2016-08-11 20:00:00,656.2000000000004
2016-08-12 05:00:00,660.4000000000004
2016-08-12 13:00:00,659.8000000000003
2016-08-12 14:00:00,660.8000000000003
2016-08-12 15:00:00,662.3000000000003
2016-08-12 16:00:00,660.2000000000004
2016-08-12 17:00:00,660.8000000000003
2016-08-12 19:00:00,660.4000000000004
2016-08-12 20:00:00,660.6000000000005
2016-08-15 05:00:00,664.8000000000003
2016-08-15 13:00:00,663.4000000000004
2016-08-15 14:00:00,667.6000000000005
2016-08-15 15:00:00,665.5000000000003
2016-08-15 16:00:00,666.3000000000003
2016-08-15 17:00:00,666.8000000000003
2016-08-15 18:00:00,667.2000000000004
2016-08-15 19:00:00,666.0000000000003
2016-08-16 05:00:00,667.3000000000003
2016-08-16 13:00:00,664.8000000000003
2016-08-16 14:00:00,663.9000000000004
2016-08-16 15:00:00,666.7000000000004
2016-08-16 16:00:00,667.7000000000004
2016-08-16 17:00:00,668.2000000000004
2016-08-16 18:00:00,669.0000000000003
2016-08-16 19:00:00,667.6000000000005
2016-08-16 20:00:00,667.8000000000003
2016-08-17 05:00:00,669.2000000000004
2016-08-17 13:00:00,664.0000000000003
2016-08-17 14:00:00,666.4000000000004
2016-08-17 15:00:00,666.0000000000003
2016-08-17 16:00:00,667.6000000000005
2016-08-17 17:00:00,667.4000000000004
2016-08-17 18:00:00,668.1000000000005
2016-08-17 19:00:00,669.6000000000005
2016-08-17 20:00:00,668.9000000000004
2016-08-18 05:00:00,682.8000000000003
2016-08-18 13:00:00,673.9000000000004
2016-08-18 14:00:00,676.4000000000004
2016-08-18 15:00:00,678.6000000000005
2016-08-18 16:00:00,678.9000000000004
2016-08-18 17:00:00,680.2000000000004
2016-08-18 18:00:00,680.4000000000004
2016-08-18 19:00:00,682.8000000000003
2016-08-18 20:00:00,683.1000000000005
2016-08-19 05:00:00,677.9000000000004
2016-08-19 13:00:00,677.5000000000003
2016-08-19 14:00:00,677.6000000000005
2016-08-19 15:00:00,675.7000000000004
2016-08-19 16:00:00,677.2000000000004
2016-08-19 17:00:00,676.9000000000004
2016-08-19 18:00:00,679.1000000000005
2016-08-19 19:00:00,677.9000000000004
2016-08-19 20:00:00,678.4000000000004
2016-08-22 05:00:00,671.0000000000003
2016-08-22 13:00:00,668.5000000000003
2016-08-22 14:00:00,671.6000000000005
2016-08-22 15:00:00,668.6000000000005
2016-08-22 16:00:00,670.4000000000004
2016-08-22 17:00:00,670.1000000000005
2016-08-22 18:00:00,669.5000000000003
2016-08-22 19:00:00,671.0000000000003
2016-08-22 20:00:00,670.6000000000005
2016-08-23 05:00:00,674.5000000000003
2016-08-23 13:00:00,672.4000000000004
2016-08-23 14:00:00,675.6000000000005
2016-08-23 15:00:00,673.3000000000003
2016-08-23 16:00:00,674.8000000000003
2016-08-23 17:00:00,674.8000000000003
2016-08-23 18:00:00,674.4000000000004
2016-08-23 19:00:00,674.5000000000003
2016-08-23 20:00:00,674.3000000000003
2016-08-24 05:00:00,672.1000000000005
2016-08-24 13:00:00,674.6000000000005
2016-08-24 14:00:00,672.2000000000004
2016-08-24 15:00:00,673.1000000000005
2016-08-24 16:00:00,675.0000000000003
2016-08-24 17:00:00,674.1000000000005
2016-08-24 18:00:00,672.5000000000003
2016-08-24 19:00:00,672.0000000000003
2016-08-24 20:00:00,671.6000000000005
2016-08-25 05:00:00,669.9000000000004
2016-08-25 13:00:00,671.2000000000004
2016-08-25 14:00:00,669.1000000000005
2016-08-25 15:00:00,670.7000000000004
2016-08-25 16:00:00,671.0000000000003
2016-08-25 17:00:00,669.0000000000003
2016-08-25 18:00:00,669.7000000000004
2016-08-25 19:00:00,668.9000000000004
2016-08-25 20:00:00,670.9000000000004
2016-08-26 05:00:00,667.5000000000003
2016-08-26 13:00:00,672.5000000000003
2016-08-26 14:00:00,673.7000000000004
2016-08-26 15:00:00,669.5000000000003
2016-08-26 16:00:00,667.4000000000004
2016-08-26 17:00:00,664.8000000000003
2016-08-26 18:00:00,664.1000000000005
2016-08-26 19:00:00,667.6000000000005
2016-08-26 20:00:00,667.4000000000004
2016-08-29 05:00:00,672.4000000000004
2016-08-29 13:00:00,667.6000000000005
2016-08-29 14:00:00,668.6000000000005
2016-08-29 15:00:00,671.1000000000005
2016-08-29 16:00:00,671.5000000000003
2016-08-29 17:00:00,672.5000000000003
2016-08-29 18:00:00,672.2000000000004
2016-08-29 19:00:00,672.4000000000004
2016-08-29 20:00:00,672.5000000000003
2016-08-30 05:00:00,669.3000000000003
2016-08-30 13:00:00,675.2000000000004
2016-08-30 14:00:00,670.5000000000003
2016-08-30 15:00:00,672.0000000000003
2016-08-30 16:00:00,671.0000000000003
2016-08-30 17:00:00,669.6000000000005
2016-08-30 18:00:00,669.4000000000004
2016-08-30 19:00:00,668.9000000000004
2016-08-30 20:00:00,669.6000000000005
2016-08-31 05:00:00,659.0000000000003
2016-08-31 13:00:00,663.5000000000003
2016-08-31 14:00:00,657.6000000000005
2016-08-31 15:00:00,659.1000000000005
2016-08-31 16:00:00,657.0000000000003
2016-08-31 17:00:00,656.1000000000005
2016-08-31 18:00:00,655.9000000000004
2016-08-31 19:00:00,659.0000000000003
2016-08-31 20:00:00,658.4000000000004
2016-09-01 05:00:00,656.7000000000004
2016-09-01 13:00:00,654.3000000000003
2016-09-01 14:00:00,652.9000000000004
2016-09-01 15:00:00,651.8000000000003
2016-09-01 16:00:00,654.6000000000005
2016-09-01 17:00:00,653.4000000000004
2016-09-01 18:00:00,652.6000000000005
2016-09-01 19:00:00,656.7000000000004
2016-09-01 20:00:00,656.9000000000004
2016-09-02 05:00:00,663.7000000000004
2016-09-02 13:00:00,663.7000000000004
2016-09-02 14:00:00,662.8000000000003
2016-09-02 15:00:00,663.8000000000003
2016-09-02 16:00:00,664.4000000000004
2016-09-02 17:00:00,663.9000000000004
2016-09-02 18:00:00,664.3000000000003
2016-09-02 19:00:00,663.4000000000004
2016-09-06 05:00:00,671.3000000000003
2016-09-06 13:00:00,669.1000000000005
2016-09-06 14:00:00,668.8000000000003
2016-09-06 15:00:00,672.0000000000003
2016-09-06 16:00:00,672.7000000000004
2016-09-06 17:00:00,674.6000000000005
2016-09-06 18:00:00,674.2000000000004
2016-09-06 19:00:00,674.5000000000003
2016-09-06 20:00:00,675.6000000000005
2016-09-07 05:00:00,678.7000000000004
2016-09-07 13:00:00,676.8000000000003
2016-09-07 14:00:00,675.8000000000003
2016-09-07 15:00:00,679.1000000000005
2016-09-07 16:00:00,677.5000000000003
2016-09-07 17:00:00,678.5000000000003
2016-09-07 18:00:00,678.9000000000004
2016-09-07 19:00:00,678.7000000000004
2016-09-07 20:00:00,679.4000000000004
2016-09-08 05:00:00,692.1000000000005
2016-09-08 13:00:00,682.8000000000003
2016-09-08 14:00:00,684.5000000000003
2016-09-08 15:00:00,688.7000000000004
2016-09-08 16:00:00,691.7000000000004
2016-09-08 17:00:00,691.1000000000005
2016-09-08 18:00:00,692.3000000000003
2016-09-08 19:00:00,692.1000000000005
2016-09-08 20:00:00,691.5000000000003
2016-09-09 05:00:00,671.2000000000004
2016-09-09 11:00:00,688.7000000000004
2016-09-09 12:00:00,687.5000000000003
2016-09-09 13:00:00,681.1000000000005
2016-09-09 14:00:00,679.0000000000003
2016-09-09 15:00:00,677.4000000000004
2016-09-09 16:00:00,676.9000000000004
2016-09-09 17:00:00,675.8000000000003
2016-09-09 18:00:00,674.8000000000003
2016-09-09 19:00:00,672.3000000000003
2016-09-09 20:00:00,669.5000000000003
2016-09-12 05:00:00,678.1000000000005
2016-09-13 05:00:00,667.0000000000003
2016-09-14 05:00:00,653.0000000000003
2016-09-15 05:00:00,655.8000000000005
2016-09-16 05:00:00,651.6000000000005
2016-09-19 05:00:00,651.2000000000004
2016-09-19 13:00:00,654.9000000000004
2016-09-19 14:00:00,657.8000000000005
2016-09-19 15:00:00,657.7000000000004
2016-09-19 16:00:00,654.2000000000004
2016-09-19 17:00:00,654.4000000000004
2016-09-19 18:00:00,655.2000000000004
2016-09-19 19:00:00,651.6000000000005
2016-09-19 20:00:00,651.2000000000004
2016-09-20 05:00:00,646.9000000000004
2016-09-20 12:00:00,651.7000000000004
2016-09-20 13:00:00,650.3000000000005
2016-09-20 14:00:00,651.1000000000005
2016-09-20 15:00:00,652.8000000000005
2016-09-20 16:00:00,649.1000000000005
2016-09-20 17:00:00,648.4000000000004
2016-09-20 18:00:00,649.0000000000003
2016-09-20 19:00:00,646.9000000000004
2016-09-21 05:00:00,661.5000000000003
2016-09-21 13:00:00,651.6000000000005
2016-09-21 14:00:00,653.6000000000005
2016-09-21 15:00:00,655.8000000000005
2016-09-21 16:00:00,654.6000000000005
2016-09-21 17:00:00,655.9000000000004
2016-09-21 18:00:00,657.7000000000004
2016-09-21 19:00:00,661.4000000000004
2016-09-21 20:00:00,661.4000000000004
2016-09-22 05:00:00,662.5000000000003
2016-09-22 13:00:00,669.2000000000004
2016-09-22 14:00:00,663.6000000000005
2016-09-22 15:00:00,663.6000000000005
2016-09-22 16:00:00,664.7000000000004
2016-09-22 17:00:00,663.8000000000005
2016-09-22 18:00:00,662.0000000000003
2016-09-22 19:00:00,662.5000000000003
2016-09-23 05:00:00,653.4000000000004
2016-09-23 13:00:00,664.3000000000005
2016-09-23 14:00:00,662.2000000000004
2016-09-23 15:00:00,655.4000000000004
2016-09-23 16:00:00,652.6000000000005
2016-09-23 17:00:00,649.7000000000004
2016-09-23 18:00:00,652.9000000000004
2016-09-23 19:00:00,654.1000000000005
2016-09-23 20:00:00,654.2000000000004
2016-09-26 05:00:00,650.1000000000005
2016-09-26 13:00:00,652.3000000000005
2016-09-26 14:00:00,658.5000000000003
2016-09-26 15:00:00,655.4000000000004
2016-09-26 16:00:00,654.2000000000004
2016-09-26 17:00:00,654.2000000000004
2016-09-26 18:00:00,651.4000000000004
2016-09-26 19:00:00,650.2000000000004
2016-09-27 05:00:00,645.8000000000005
2016-09-27 13:00:00,642.2000000000004
2016-09-27 14:00:00,638.5000000000003
2016-09-27 15:00:00,643.6000000000005
2016-09-27 16:00:00,646.6000000000005
2016-09-27 17:00:00,645.3000000000005
2016-09-27 18:00:00,645.4000000000004
2016-09-27 19:00:00,644.9000000000004
2016-09-27 20:00:00,645.7000000000004
2016-09-28 05:00:00,674.5000000000003
2016-09-28 13:00:00,651.2000000000004
2016-09-28 14:00:00,645.4000000000004
2016-09-28 15:00:00,649.8000000000005
2016-09-28 16:00:00,653.8000000000005
2016-09-28 17:00:00,656.5000000000003
2016-09-28 18:00:00,672.6000000000005
2016-09-28 19:00:00,675.1000000000005
2016-09-28 20:00:00,673.3000000000005
2016-09-29 05:00:00,673.8000000000005
2016-09-29 13:00:00,675.0000000000003
2016-09-29 14:00:00,676.8000000000005
2016-09-29 15:00:00,677.9000000000004
2016-09-29 16:00:00,674.4000000000004
2016-09-29 17:00:00,667.5000000000003
2016-09-29 18:00:00,676.6000000000005
2016-09-29 19:00:00,674.2000000000004
2016-09-29 20:00:00,674.9000000000004
2016-09-30 05:00:00,683.4000000000004
2016-09-30 13:00:00,677.0000000000003
2016-09-30 14:00:00,679.3000000000005
2016-09-30 15:00:00,682.7000000000004
2016-09-30 16:00:00,683.0000000000003
2016-09-30 17:00:00,684.9000000000004
2016-09-30 18:00:00,685.9000000000004
2016-09-30 19:00:00,684.0000000000003
2016-09-30 20:00:00,683.2000000000004
2016-10-03 05:00:00,682.1000000000005
2016-10-03 13:00:00,679.9000000000004
2016-10-03 14:00:00,679.9000000000004
2016-10-03 15:00:00,678.6000000000005
2016-10-03 16:00:00,679.0000000000003
2016-10-03 17:00:00,680.7000000000004
2016-10-03 18:00:00,681.7000000000004
2016-10-03 19:00:00,682.9000000000004
2016-10-03 20:00:00,682.4000000000004
2016-10-04 05:00:00,675.8000000000005
2016-10-04 13:00:00,680.7000000000004
2016-10-04 14:00:00,681.9000000000004
2016-10-04 15:00:00,680.2000000000004
2016-10-04 16:00:00,678.9000000000004
2016-10-04 17:00:00,675.3000000000005
2016-10-04 18:00:00,674.7000000000004
2016-10-04 19:00:00,675.8000000000005
2016-10-05 05:00:00,686.0000000000003
2016-10-05 13:00:00,683.6000000000005
2016-10-05 14:00:00,685.9000000000004
2016-10-05 15:00:00,687.6000000000005
2016-10-05 16:00:00,688.2000000000004
2016-10-05 17:00:00,688.0000000000003
2016-10-05 18:00:00,687.6000000000005
2016-10-05 19:00:00,686.9000000000004
2016-10-05 20:00:00,686.0000000000003
2016-10-06 05:00:00,687.1000000000005
2016-10-06 13:00:00,687.2000000000004
2016-10-06 14:00:00,683.2000000000004
2016-10-06 15:00:00,687.3000000000005
2016-10-06 16:00:00,686.9000000000004
2016-10-06 17:00:00,689.1000000000005
2016-10-06 18:00:00,687.3000000000005
2016-10-07 05:00:00,683.7000000000004
2016-10-07 13:00:00,686.4000000000004
2016-10-07 14:00:00,687.8000000000005
2016-10-07 15:00:00,682.6000000000005
2016-10-07 16:00:00,684.1000000000005
2016-10-07 17:00:00,686.2000000000004
2016-10-07 18:00:00,685.9000000000004
2016-10-07 19:00:00,684.7000000000004
2016-10-07 20:00:00,683.1000000000005
2016-10-10 05:00:00,694.8000000000005
2016-10-10 13:00:00,694.0000000000003
2016-10-10 14:00:00,695.7000000000004
2016-10-10 15:00:00,695.6000000000005
2016-10-10 16:00:00,694.5000000000003
2016-10-10 17:00:00,694.2000000000004
2016-10-10 18:00:00,693.1000000000005
2016-10-10 19:00:00,694.8000000000005
2016-10-10 20:00:00,694.1000000000005
2016-10-11 05:00:00,686.0000000000003
2016-10-11 13:00:00,688.4000000000004
2016-10-11 14:00:00,688.0000000000003
2016-10-11 15:00:00,684.8000000000005
2016-10-11 16:00:00,687.6000000000005
2016-10-11 17:00:00,683.4000000000004
2016-10-11 18:00:00,683.5000000000003
2016-10-11 19:00:00,685.7000000000004
2016-10-11 20:00:00,687.3000000000005
2016-10-12 05:00:00,683.0000000000003
2016-10-12 13:00:00,680.4000000000004
2016-10-12 14:00:00,681.2000000000004
2016-10-12 15:00:00,681.6000000000005
2016-10-12 16:00:00,684.2000000000004
2016-10-12 17:00:00,683.6000000000005
2016-10-12 18:00:00,683.1000000000005
2016-10-12 19:00:00,683.4000000000004
2016-10-13 05:00:00,678.7000000000004
2016-10-13 13:00:00,672.7000000000004
2016-10-13 14:00:00,674.7000000000004
2016-10-13 15:00:00,677.3000000000005
2016-10-13 16:00:00,680.0000000000003
2016-10-13 17:00:00,681.8000000000005
2016-10-13 18:00:00,682.4000000000004
2016-10-13 19:00:00,680.3000000000005
2016-10-13 20:00:00,679.0000000000003
2016-10-14 05:00:00,675.3000000000005
2016-10-14 13:00:00,684.6000000000005
2016-10-14 14:00:00,679.0000000000003
2016-10-14 15:00:00,676.8000000000005
2016-10-14 16:00:00,675.9000000000004
2016-10-14 17:00:00,678.5000000000003
2016-10-14 18:00:00,675.9000000000004
2016-10-14 19:00:00,676.8000000000005
2016-10-14 20:00:00,675.5000000000003
2016-10-17 05:00:00,671.4000000000004
2016-10-17 13:00:00,669.8000000000005
2016-10-17 14:00:00,671.0000000000003
2016-10-17 15:00:00,671.3000000000005
2016-10-17 16:00:00,669.8000000000005
2016-10-17 17:00:00,668.0000000000003
2016-10-17 18:00:00,670.6000000000005
2016-10-17 19:00:00,671.6000000000005
2016-10-17 20:00:00,672.9000000000004
2016-10-18 05:00:00,674.7000000000004
2016-10-18 13:00:00,675.0000000000003
2016-10-18 14:00:00,671.7000000000004
2016-10-18 15:00:00,673.1000000000005
2016-10-18 16:00:00,672.5000000000003
2016-10-18 17:00:00,672.8000000000005
2016-10-18 18:00:00,673.8000000000005
2016-10-18 19:00:00,674.7000000000004
2016-10-18 20:00:00,673.9000000000004
2016-10-19 05:00:00,684.3000000000005
2016-10-19 13:00:00,680.2000000000004
2016-10-19 14:00:00,684.2000000000004
2016-10-19 15:00:00,687.4000000000004
2016-10-19 16:00:00,688.6000000000005
2016-10-19 17:00:00,689.0000000000003
2016-10-19 18:00:00,686.8000000000005
2016-10-19 19:00:00,684.5000000000003
2016-10-19 20:00:00,684.4000000000004
2016-10-20 05:00:00,684.0000000000003
2016-10-20 13:00:00,680.7000000000004
2016-10-20 14:00:00,676.8000000000005
2016-10-20 15:00:00,681.0000000000003
2016-10-20 16:00:00,685.6000000000005
2016-10-20 17:00:00,682.4000000000004
2016-10-20 18:00:00,683.9000000000004
2016-10-20 19:00:00,684.1000000000005
2016-10-20 20:00:00,684.0000000000003
2016-10-21 05:00:00,679.2000000000004
2016-10-21 13:00:00,676.6000000000005
2016-10-21 14:00:00,677.4000000000004
2016-10-21 15:00:00,677.0000000000003
2016-10-21 16:00:00,677.1000000000005
2016-10-21 17:00:00,677.3000000000005
2016-10-21 18:00:00,679.2000000000004
2016-10-21 19:00:00,679.2000000000004
2016-10-24 05:00:00,676.8000000000005
2016-10-24 13:00:00,680.3000000000005
2016-10-24 14:00:00,677.2000000000004
2016-10-24 15:00:00,676.9000000000004
2016-10-24 16:00:00,669.5000000000003
2016-10-24 17:00:00,672.5000000000003
2016-10-24 18:00:00,675.9000000000004
2016-10-24 19:00:00,675.9000000000004
2016-10-25 05:00:00,672.3000000000005
2016-10-25 13:00:00,681.0000000000003
2016-10-25 14:00:00,675.9000000000004
2016-10-25 15:00:00,674.8000000000005
2016-10-25 16:00:00,675.4000000000004
2016-10-25 17:00:00,675.1000000000005
2016-10-25 18:00:00,673.6000000000005
2016-10-25 19:00:00,672.3000000000005
2016-10-25 20:00:00,672.5000000000003
2016-10-26 05:00:00,674.9000000000004
2016-10-26 13:00:00,667.2000000000004
2016-10-26 14:00:00,674.3000000000005
2016-10-26 15:00:00,672.7000000000004
2016-10-26 16:00:00,670.4000000000004
2016-10-26 17:00:00,669.7000000000004
2016-10-26 18:00:00,672.4000000000004
2016-10-26 19:00:00,674.9000000000004
2016-10-26 20:00:00,674.5000000000003
2016-10-27 05:00:00,672.5000000000003
2016-10-27 13:00:00,677.1000000000005
2016-10-27 14:00:00,675.8000000000005
2016-10-27 15:00:00,678.0000000000003
2016-10-27 16:00:00,677.8000000000005
2016-10-27 17:00:00,675.7000000000004
2016-10-27 18:00:00,674.9000000000004
2016-10-27 19:00:00,672.4000000000004
2016-10-28 05:00:00,670.2000000000004
2016-10-28 13:00:00,673.7000000000004
2016-10-28 14:00:00,677.5000000000003
2016-10-28 15:00:00,680.4000000000004
2016-10-28 16:00:00,677.8000000000005
2016-10-28 17:00:00,667.5000000000003
2016-10-28 18:00:00,672.5000000000003
2016-10-28 19:00:00,670.5000000000003
2016-10-28 20:00:00,671.8000000000005
2016-10-31 05:00:00,662.6000000000005
2016-10-31 13:00:00,669.8000000000005
2016-10-31 14:00:00,663.9000000000004
2016-10-31 15:00:00,667.5000000000003
2016-10-31 16:00:00,665.5000000000003
2016-10-31 17:00:00,664.4000000000004
2016-10-31 18:00:00,662.7000000000004
2016-10-31 19:00:00,662.7000000000004
2016-10-31 20:00:00,663.5000000000003
2016-11-01 05:00:00,664.3000000000005
2016-11-01 13:00:00,665.1000000000005
2016-11-01 14:00:00,663.2000000000004
2016-11-01 15:00:00,661.1000000000005
2016-11-01 16:00:00,659.3000000000005
2016-11-01 17:00:00,658.3000000000005
2016-11-01 18:00:00,661.1000000000005
2016-11-01 19:00:00,662.7000000000004
2016-11-02 05:00:00,654.6000000000005
2016-11-02 13:00:00,657.1000000000005
2016-11-02 14:00:00,647.5000000000003
2016-11-02 15:00:00,653.1000000000005
2016-11-02 16:00:00,653.7000000000004
2016-11-02 17:00:00,652.6000000000005
2016-11-02 18:00:00,655.3000000000005
2016-11-02 19:00:00,654.6000000000005
2016-11-02 20:00:00,655.0000000000003
2016-11-03 05:00:00,657.3000000000005
2016-11-03 11:00:00,659.1000000000005
2016-11-03 13:00:00,657.1000000000005
2016-11-03 14:00:00,656.5000000000003
2016-11-03 15:00:00,656.9000000000004
2016-11-03 16:00:00,652.5000000000003
2016-11-03 17:00:00,654.4000000000004
2016-11-03 18:00:00,656.7000000000004
2016-11-03 19:00:00,657.3000000000005
2016-11-03 20:00:00,658.4000000000004
2016-11-04 05:00:00,654.1000000000005
2016-11-04 13:00:00,650.2000000000004
2016-11-04 14:00:00,657.0000000000003
2016-11-04 15:00:00,655.4000000000004
2016-11-04 16:00:00,657.6000000000005
2016-11-04 17:00:00,658.1000000000005
2016-11-04 18:00:00,656.2000000000004
2016-11-04 19:00:00,654.6000000000005
2016-11-07 06:00:00,668.7000000000004
2016-11-07 14:00:00,664.9000000000004
2016-11-07 15:00:00,664.5000000000003
2016-11-07 16:00:00,666.5000000000003
2016-11-07 17:00:00,665.7000000000004
2016-11-07 18:00:00,667.2000000000004
2016-11-07 19:00:00,667.8000000000005
2016-11-07 20:00:00,668.7000000000004
2016-11-07 21:00:00,669.5000000000003
2016-11-08 06:00:00,669.8000000000005
2016-11-08 14:00:00,665.5000000000003
2016-11-08 15:00:00,669.9000000000004
2016-11-08 16:00:00,670.7000000000004
2016-11-08 17:00:00,673.1000000000005
2016-11-08 18:00:00,672.9000000000004
2016-11-08 19:00:00,668.3000000000005
2016-11-08 20:00:00,672.1000000000005
2016-11-08 21:00:00,670.2000000000004
2016-11-09 06:00:00,681.7000000000004
2016-11-09 13:00:00,665.4000000000004
2016-11-09 14:00:00,670.4000000000004
2016-11-09 15:00:00,670.3000000000005
2016-11-09 16:00:00,679.9000000000004
2016-11-09 17:00:00,679.5000000000003
2016-11-09 18:00:00,680.7000000000004
2016-11-09 19:00:00,684.0000000000003
2016-11-09 20:00:00,681.9000000000004
2016-11-09 21:00:00,682.0000000000003
2016-11-10 06:00:00,683.9000000000004
2016-11-10 14:00:00,682.9000000000004
2016-11-10 15:00:00,682.7000000000004
2016-11-10 16:00:00,684.4000000000004
2016-11-10 17:00:00,687.9000000000004
2016-11-10 18:00:00,688.4000000000004
2016-11-10 19:00:00,684.5000000000003
2016-11-10 20:00:00,684.2000000000004
2016-11-10 21:00:00,684.4000000000004
2016-11-11 06:00:00,671.7000000000004
2016-11-11 13:00:00,682.2000000000004
2016-11-11 14:00:00,671.9000000000004
2016-11-11 15:00:00,667.4000000000004
2016-11-11 16:00:00,669.7000000000004
2016-11-11 17:00:00,672.0000000000003
2016-11-11 18:00:00,671.8000000000005
2016-11-11 19:00:00,669.8000000000005
2016-11-11 20:00:00,671.2000000000004
2016-11-14 06:00:00,675.5000000000003
2016-11-14 14:00:00,670.2000000000004
2016-11-14 15:00:00,669.0000000000003
2016-11-14 16:00:00,665.8000000000005
2016-11-14 17:00:00,667.2000000000004
2016-11-14 18:00:00,674.4000000000004
2016-11-14 19:00:00,673.1000000000005
2016-11-14 20:00:00,675.6000000000005
2016-11-15 06:00:00,694.9000000000004
2016-11-15 14:00:00,689.9000000000004
2016-11-15 15:00:00,689.7000000000004
2016-11-15 16:00:00,692.2000000000004
2016-11-15 17:00:00,691.6000000000005
2016-11-15 18:00:00,691.2000000000004
2016-11-15 19:00:00,693.4000000000004
2016-11-15 20:00:00,694.9000000000004
2016-11-15 21:00:00,694.4000000000004
2016-11-16 06:00:00,690.0000000000003
2016-11-16 14:00:00,691.0000000000003
2016-11-16 15:00:00,694.0000000000003
2016-11-16 16:00:00,691.2000000000004
2016-11-16 17:00:00,690.6000000000005
2016-11-16 18:00:00,688.7000000000004
2016-11-16 19:00:00,688.5000000000003
2016-11-16 20:00:00,688.9000000000004
2016-11-16 21:00:00,689.8000000000005
2016-11-17 06:00:00,685.3000000000005
2016-11-17 14:00:00,698.0000000000003
2016-11-17 15:00:00,692.6000000000005
2016-11-17 16:00:00,691.8000000000005
2016-11-17 17:00:00,687.6000000000005
2016-11-17 18:00:00,686.1000000000005
2016-11-17 19:00:00,685.1000000000005
2016-11-17 20:00:00,685.3000000000005
2016-11-17 21:00:00,684.5000000000003
2016-11-18 06:00:00,688.1000000000005
2016-11-18 14:00:00,687.5000000000003
2016-11-18 15:00:00,686.0000000000003
2016-11-18 16:00:00,688.9000000000004
2016-11-18 17:00:00,690.9000000000004
2016-11-18 18:00:00,691.3000000000005
2016-11-18 19:00:00,689.5000000000003
2016-11-18 20:00:00,688.2000000000004
2016-11-21 06:00:00,705.0000000000003
2016-11-21 14:00:00,702.8000000000005
2016-11-21 15:00:00,704.4000000000004
2016-11-21 16:00:00,701.3000000000005
2016-11-21 17:00:00,703.5000000000003
2016-11-21 18:00:00,704.3000000000005
2016-11-21 19:00:00,703.5000000000003
2016-11-21 20:00:00,705.0000000000003
2016-11-22 06:00:00,704.9000000000004
2016-11-22 14:00:00,705.8000000000005
2016-11-22 15:00:00,703.0000000000003
2016-11-22 16:00:00,697.0000000000003
2016-11-22 17:00:00,698.3000000000005
2016-11-22 18:00:00,699.3000000000005
2016-11-22 19:00:00,703.7000000000004
2016-11-22 20:00:00,704.9000000000004
2016-11-22 21:00:00,704.6000000000005
2016-11-23 06:00:00,707.8000000000005
2016-11-23 14:00:00,703.8000000000005
2016-11-23 15:00:00,707.5000000000003
2016-11-23 16:00:00,708.5000000000003
2016-11-23 17:00:00,708.5000000000003
2016-11-23 18:00:00,707.5000000000003
2016-11-23 19:00:00,707.6000000000005
2016-11-23 20:00:00,707.8000000000005
2016-11-25 06:00:00,704.3000000000005
2016-11-25 14:00:00,704.5000000000003
2016-11-25 15:00:00,703.3000000000005
2016-11-25 16:00:00,700.7000000000004
2016-11-25 17:00:00,704.3000000000005
2016-11-28 06:00:00,693.9000000000004
2016-11-28 14:00:00,701.7000000000004
2016-11-28 15:00:00,699.6000000000005
2016-11-28 16:00:00,701.4000000000004
2016-11-28 17:00:00,700.6000000000005
2016-11-28 18:00:00,701.3000000000005
2016-11-28 19:00:00,698.4000000000004
2016-11-28 20:00:00,693.9000000000004
2016-11-29 06:00:00,685.2000000000004
2016-11-29 14:00:00,680.0000000000003
2016-11-29 15:00:00,681.5000000000003
2016-11-29 16:00:00,682.6000000000005
2016-11-29 17:00:00,684.0000000000003
2016-11-29 18:00:00,686.7000000000004
2016-11-29 19:00:00,687.6000000000005
2016-11-29 20:00:00,685.0000000000003
2016-11-29 21:00:00,685.1000000000005
2016-11-30 06:00:00,722.0000000000003
2016-11-30 14:00:00,714.5000000000003
2016-11-30 15:00:00,713.4000000000004
2016-11-30 16:00:00,721.7000000000004
2016-11-30 17:00:00,722.7000000000004
2016-11-30 18:00:00,727.5000000000003
2016-11-30 19:00:00,722.9000000000004
2016-11-30 20:00:00,723.4000000000004
2016-11-30 21:00:00,721.4000000000004
2016-12-01 06:00:00,724.0000000000003
2016-12-01 14:00:00,729.2000000000004
2016-12-01 15:00:00,731.7000000000004
2016-12-01 16:00:00,735.8000000000005
2016-12-01 17:00:00,735.1000000000005
2016-12-01 18:00:00,730.7000000000004
2016-12-01 19:00:00,726.3000000000005
2016-12-01 20:00:00,724.0000000000003
2016-12-01 21:00:00,724.7000000000004
2016-12-02 06:00:00,725.1000000000005
2016-12-02 13:00:00,721.7000000000004
2016-12-02 14:00:00,723.6000000000005
2016-12-02 15:00:00,726.5000000000003
2016-12-02 16:00:00,728.0000000000003
2016-12-02 17:00:00,727.1000000000005
2016-12-02 18:00:00,725.0000000000003
2016-12-02 19:00:00,727.0000000000003
2016-12-02 20:00:00,725.1000000000005
2016-12-02 21:00:00,725.4000000000004
2016-12-05 06:00:00,731.7000000000004
2016-12-05 14:00:00,733.2000000000004
2016-12-05 15:00:00,736.1000000000005
2016-12-05 16:00:00,735.7000000000004
2016-12-05 17:00:00,736.1000000000005
2016-12-05 18:00:00,735.7000000000004
2016-12-05 19:00:00,732.6000000000005
2016-12-05 20:00:00,731.2000000000004
2016-12-05 21:00:00,732.0000000000003
2016-12-06 06:00:00,730.4000000000004
2016-12-06 14:00:00,726.2000000000004
2016-12-06 15:00:00,727.7000000000004
2016-12-06 16:00:00,728.7000000000004
2016-12-06 17:00:00,732.2000000000004
2016-12-06 18:00:00,731.8000000000005
2016-12-06 19:00:00,731.6000000000005
2016-12-06 20:00:00,730.4000000000004
2016-12-06 21:00:00,731.0000000000003
2016-12-07 06:00:00,736.2000000000004
2016-12-07 14:00:00,733.9000000000004
2016-12-07 15:00:00,729.9000000000004
2016-12-07 16:00:00,730.9000000000004
2016-12-07 17:00:00,731.7000000000004
2016-12-07 18:00:00,736.2000000000004
2016-12-07 19:00:00,731.0000000000003
2016-12-07 20:00:00,736.2000000000004
2016-12-07 21:00:00,735.3000000000005
2016-12-08 06:00:00,740.0000000000003
2016-12-08 14:00:00,738.8000000000005
2016-12-08 15:00:00,735.6000000000005
2016-12-08 16:00:00,734.6000000000005
2016-12-08 17:00:00,740.1000000000005
2016-12-08 18:00:00,740.3000000000005
2016-12-08 19:00:00,739.2000000000004
2016-12-08 20:00:00,740.0000000000003
2016-12-09 06:00:00,739.6000000000005
2016-12-09 14:00:00,741.4000000000004
2016-12-09 15:00:00,743.0000000000003
2016-12-09 16:00:00,739.3000000000005
2016-12-09 17:00:00,739.3000000000005
2016-12-09 18:00:00,741.9000000000004
2016-12-09 19:00:00,741.0000000000003
2016-12-09 20:00:00,741.0000000000003
2016-12-12 06:00:00,744.4000000000004
2016-12-12 14:00:00,756.0000000000006
2016-12-12 15:00:00,754.7000000000004
2016-12-12 16:00:00,749.3000000000005
2016-12-12 17:00:00,751.6000000000005
2016-12-12 18:00:00,748.8000000000005
2016-12-12 19:00:00,743.9000000000004
2016-12-12 20:00:00,746.2000000000004
2016-12-12 21:00:00,745.8000000000005
2016-12-13 06:00:00,755.5000000000006
2016-12-13 14:00:00,748.3000000000005
2016-12-13 15:00:00,750.7000000000004
2016-12-13 16:00:00,752.3000000000005
2016-12-13 17:00:00,757.4000000000004
2016-12-13 18:00:00,759.3000000000005
2016-12-13 19:00:00,757.3000000000005
2016-12-13 20:00:00,755.5000000000006
2016-12-14 06:00:00,738.1000000000005
2016-12-14 14:00:00,748.4000000000004
2016-12-14 15:00:00,751.3000000000005
2016-12-14 16:00:00,751.0000000000006
2016-12-14 17:00:00,749.4000000000004
2016-12-14 18:00:00,749.9000000000004
2016-12-14 19:00:00,742.8000000000005
2016-12-14 20:00:00,738.3000000000005
2016-12-14 21:00:00,740.0000000000006
2016-12-15 06:00:00,746.6000000000005
2016-12-15 14:00:00,737.8000000000005
2016-12-15 15:00:00,741.7000000000004
2016-12-15 16:00:00,739.2000000000004
2016-12-15 17:00:00,741.0000000000006
2016-12-15 18:00:00,739.5000000000006
2016-12-15 20:00:00,741.0000000000006
2016-12-16 06:00:00,745.5000000000006
2016-12-16 13:00:00,740.5000000000006
2016-12-16 14:00:00,744.1000000000005
2016-12-16 15:00:00,744.8000000000005
2016-12-16 16:00:00,744.2000000000004
2016-12-16 17:00:00,743.3000000000005
2016-12-16 19:00:00,743.4000000000004
2016-12-16 20:00:00,745.6000000000005
2016-12-19 06:00:00,742.3000000000005
2016-12-19 14:00:00,743.9000000000004
2016-12-19 15:00:00,743.7000000000004
2016-12-19 16:00:00,742.0000000000006
2016-12-19 17:00:00,743.5000000000006
2016-12-19 18:00:00,742.3000000000005
2016-12-19 19:00:00,742.8000000000005
2016-12-19 20:00:00,741.6000000000005
2016-12-19 21:00:00,741.4000000000004
2016-12-20 06:00:00,740.3000000000005
2016-12-20 14:00:00,745.6000000000005
2016-12-20 15:00:00,743.9000000000004
2016-12-20 16:00:00,743.0000000000006
2016-12-20 17:00:00,743.1000000000005
2016-12-20 18:00:00,743.1000000000005
2016-12-20 20:00:00,740.3000000000005
2016-12-20 21:00:00,740.3000000000005
2016-12-21 06:00:00,742.3000000000005
2016-12-21 14:00:00,743.2000000000004
2016-12-21 15:00:00,742.4000000000004
2016-12-21 16:00:00,745.0000000000006
2016-12-21 17:00:00,743.3000000000005
2016-12-21 19:00:00,744.6000000000005
2016-12-21 20:00:00,742.3000000000005
2016-12-21 21:00:00,742.3000000000005
2016-12-22 06:00:00,745.5000000000006
2016-12-22 14:00:00,743.9000000000004
2016-12-22 15:00:00,744.5000000000006
2016-12-22 16:00:00,746.2000000000004
2016-12-22 17:00:00,745.0000000000006
2016-12-22 18:00:00,745.5000000000006
2016-12-22 19:00:00,745.9000000000004
2016-12-22 20:00:00,743.9000000000004
2016-12-23 06:00:00,744.0000000000006
2016-12-23 14:00:00,744.2000000000004
2016-12-23 15:00:00,745.1000000000005
2016-12-23 16:00:00,744.4000000000004
2016-12-23 17:00:00,743.9000000000004
2016-12-23 18:00:00,743.8000000000005
2016-12-23 19:00:00,743.0000000000006
2016-12-23 20:00:00,743.9000000000004
2016-12-27 06:00:00,746.0000000000006
2016-12-27 14:00:00,746.9000000000004
2016-12-27 15:00:00,747.0000000000006
2016-12-27 16:00:00,747.2000000000004
2016-12-27 17:00:00,747.7000000000004
2016-12-27 18:00:00,745.8000000000005
2016-12-27 19:00:00,745.1000000000005
2016-12-27 20:00:00,746.0000000000006
2016-12-28 06:00:00,738.0000000000006
2016-12-28 14:00:00,744.8000000000005
2016-12-28 15:00:00,742.6000000000005
2016-12-28 16:00:00,742.9000000000004
2016-12-28 17:00:00,740.4000000000004
2016-12-28 18:00:00,738.8000000000005
2016-12-28 19:00:00,738.0000000000006
2016-12-28 20:00:00,738.0000000000006
2016-12-29 06:00:00,737.4000000000004
2016-12-29 14:00:00,738.1000000000005
2016-12-29 15:00:00,736.9000000000004
2016-12-29 16:00:00,735.1000000000005
2016-12-29 17:00:00,734.0000000000006
2016-12-29 18:00:00,734.5000000000006
2016-12-29 19:00:00,734.5000000000006
2016-12-29 20:00:00,735.5000000000006
2016-12-30 06:00:00,733.6000000000005
2016-12-30 14:00:00,735.3000000000005
2016-12-30 15:00:00,735.5000000000006
2016-12-30 16:00:00,739.1000000000005
2016-12-30 17:00:00,735.7000000000004
2016-12-30 18:00:00,734.7000000000004
2016-12-30 19:00:00,732.9000000000004
2016-12-30 20:00:00,733.9000000000004
2016-12-30 21:00:00,733.4000000000004
2017-01-03 06:00:00,742.3000000000005
2017-01-03 13:00:00,741.4000000000004
2017-01-03 14:00:00,746.6000000000005
2017-01-03 15:00:00,744.6000000000005
2017-01-03 16:00:00,736.7000000000004
2017-01-03 17:00:00,736.6000000000005
2017-01-03 18:00:00,737.8000000000005
2017-01-03 19:00:00,738.3000000000005
2017-01-03 20:00:00,742.4000000000004
2017-01-03 21:00:00,742.2000000000004
2017-01-04 06:00:00,739.9000000000004
2017-01-04 14:00:00,741.2000000000004
2017-01-04 15:00:00,739.8000000000005
2017-01-04 16:00:00,741.4000000000004
2017-01-04 17:00:00,741.3000000000005
2017-01-04 18:00:00,740.2000000000004
2017-01-04 19:00:00,740.0000000000006
2017-01-04 20:00:00,739.9000000000004
2017-01-04 21:00:00,740.2000000000004
2017-01-05 06:00:00,739.4000000000004
2017-01-05 14:00:00,741.8000000000005
2017-01-05 15:00:00,741.0000000000006
2017-01-05 16:00:00,736.0000000000006
2017-01-05 17:00:00,737.2000000000004
2017-01-05 18:00:00,738.8000000000005
2017-01-05 19:00:00,739.4000000000004
2017-01-05 20:00:00,739.4000000000004
2017-01-05 21:00:00,738.8000000000005
2017-01-06 06:00:00,739.2000000000004
2017-01-06 14:00:00,738.3000000000005
2017-01-06 15:00:00,737.2000000000004
2017-01-06 16:00:00,740.7000000000004
2017-01-06 17:00:00,740.9000000000004
2017-01-06 18:00:00,739.7000000000004
2017-01-06 19:00:00,739.7000000000004
2017-01-06 20:00:00,739.6000000000005
2017-01-09 06:00:00,728.1000000000005
2017-01-09 14:00:00,731.9000000000004
2017-01-09 15:00:00,732.8000000000005
2017-01-09 16:00:00,728.6000000000005
2017-01-09 17:00:00,729.9000000000004
2017-01-09 18:00:00,728.9000000000004
2017-01-09 19:00:00,727.4000000000004
2017-01-09 20:00:00,728.1000000000005
2017-01-09 21:00:00,728.5000000000006
2017-01-10 06:00:00,720.8000000000005
2017-01-10 14:00:00,723.4000000000004
2017-01-10 15:00:00,725.8000000000005
2017-01-10 17:00:00,726.8000000000005
2017-01-10 18:00:00,723.8000000000005
2017-01-10 19:00:00,721.9000000000004
2017-01-10 20:00:00,721.5000000000006
2017-01-10 21:00:00,720.1000000000005
2017-01-11 06:00:00,729.2000000000004
2017-01-11 14:00:00,725.3000000000005
2017-01-11 15:00:00,724.2000000000004
2017-01-11 16:00:00,728.3000000000005
2017-01-11 17:00:00,728.2000000000004
2017-01-11 18:00:00,730.0000000000006
2017-01-11 19:00:00,727.9000000000004
2017-01-11 20:00:00,729.6000000000005
2017-01-11 21:00:00,729.0000000000006
2017-01-12 06:00:00,725.7000000000004
2017-01-12 14:00:00,727.9000000000004
2017-01-12 15:00:00,723.9000000000004
2017-01-12 16:00:00,724.2000000000004
2017-01-12 17:00:00,724.1000000000005
2017-01-12 18:00:00,725.8000000000005
2017-01-12 19:00:00,726.5000000000006
2017-01-12 20:00:00,725.7000000000004
2017-01-12 21:00:00,724.5000000000006
2017-01-13 06:00:00,723.2000000000004
2017-01-13 14:00:00,724.3000000000005
2017-01-13 15:00:00,725.8000000000005
2017-01-13 16:00:00,725.5000000000006
2017-01-13 17:00:00,723.8000000000005
2017-01-13 18:00:00,724.4000000000004
2017-01-13 19:00:00,724.3000000000005
2017-01-13 20:00:00,723.2000000000004
2017-01-13 21:00:00,723.6000000000005
2017-01-17 06:00:00,728.0000000000006
2017-01-17 14:00:00,727.1000000000005
2017-01-17 15:00:00,726.5000000000006
2017-01-17 16:00:00,726.9000000000004
2017-01-17 17:00:00,728.3000000000005
2017-01-17 18:00:00,729.7000000000004
2017-01-17 19:00:00,727.4000000000004
2017-01-17 20:00:00,728.0000000000006
2017-01-17 21:00:00,728.0000000000006
2017-01-18 06:00:00,726.3000000000005
2017-01-18 14:00:00,724.7000000000004
2017-01-18 15:00:00,725.2000000000004
2017-01-18 16:00:00,727.3000000000005
2017-01-18 17:00:00,726.4000000000004
2017-01-18 18:00:00,724.7000000000004
2017-01-18 19:00:00,724.3000000000005
2017-01-18 20:00:00,725.8000000000005
2017-01-18 21:00:00,726.1000000000005
2017-01-19 06:00:00,722.3000000000005
2017-01-19 14:00:00,724.6000000000005
2017-01-19 15:00:00,722.6000000000005
2017-01-19 16:00:00,722.3000000000005
2017-01-19 17:00:00,723.2000000000004
2017-01-19 18:00:00,724.2000000000004
2017-01-19 19:00:00,721.7000000000004
2017-01-19 20:00:00,721.8000000000005
2017-01-19 21:00:00,722.5000000000006
2017-01-20 06:00:00,725.1000000000005
2017-01-20 14:00:00,727.5000000000006
2017-01-20 15:00:00,728.7000000000004
2017-01-20 16:00:00,728.1000000000005
2017-01-20 17:00:00,723.7000000000004
2017-01-20 18:00:00,724.6000000000005
2017-01-20 19:00:00,723.7000000000004
2017-01-20 20:00:00,724.7000000000004
2017-01-23 06:00:00,717.0000000000006
2017-01-23 14:00:00,721.3000000000005
2017-01-23 15:00:00,718.0000000000006
2017-01-23 16:00:00,715.6000000000005
2017-01-23 17:00:00,715.3000000000005
2017-01-23 18:00:00,716.7000000000004
2017-01-23 19:00:00,715.8000000000005
2017-01-23 20:00:00,717.0000000000006
2017-01-23 21:00:00,716.7000000000004
2017-01-24 06:00:00,729.4000000000004
2017-01-24 14:00:00,720.7000000000004
2017-01-24 15:00:00,719.2000000000004
2017-01-24 16:00:00,722.3000000000005
2017-01-24 17:00:00,725.9000000000004
2017-01-24 18:00:00,726.5000000000006
2017-01-24 19:00:00,727.1000000000005
2017-01-24 20:00:00,725.1000000000005
2017-01-24 21:00:00,724.0000000000006
2017-01-25 06:00:00,729.4000000000004
2017-01-25 14:00:00,729.3000000000005
2017-01-25 15:00:00,730.3000000000005
2017-01-25 17:00:00,729.2000000000004
2017-01-25 18:00:00,728.9000000000004
2017-01-25 19:00:00,728.3000000000005
2017-01-25 20:00:00,729.4000000000004
2017-01-26 06:00:00,729.5000000000006
2017-01-26 14:00:00,730.7000000000004
2017-01-26 15:00:00,730.0000000000006
2017-01-26 16:00:00,730.2000000000004
2017-01-26 17:00:00,729.3000000000005
2017-01-26 18:00:00,730.7000000000004
2017-01-26 19:00:00,730.7000000000004
2017-01-26 20:00:00,729.4000000000004
2017-01-26 21:00:00,730.1000000000005
2017-01-27 06:00:00,721.9000000000004
2017-01-27 14:00:00,724.1000000000005
2017-01-27 15:00:00,722.5000000000006
2017-01-27 16:00:00,722.7000000000004
2017-01-27 17:00:00,720.4000000000004
2017-01-27 18:00:00,720.5000000000006
2017-01-27 19:00:00,721.7000000000004
2017-01-27 20:00:00,721.3000000000005
2017-01-30 06:00:00,708.2000000000004
2017-01-30 14:00:00,711.3000000000005
2017-01-30 15:00:00,704.3000000000005
2017-01-30 16:00:00,707.1000000000005
2017-01-30 17:00:00,705.9000000000004
2017-01-30 18:00:00,705.3000000000005
2017-01-30 19:00:00,705.3000000000005
2017-01-30 20:00:00,708.2000000000004
2017-01-30 21:00:00,706.9000000000004
2017-01-31 06:00:00,707.8000000000005
2017-01-31 13:00:00,705.2000000000004
2017-01-31 14:00:00,703.6000000000005
2017-01-31 15:00:00,701.4000000000004
2017-01-31 16:00:00,702.1000000000005
2017-01-31 17:00:00,705.0000000000006
2017-01-31 18:00:00,702.8000000000005
2017-01-31 19:00:00,705.2000000000004
2017-01-31 20:00:00,706.3000000000005
2017-02-01 06:00:00,702.4000000000004
2017-02-01 14:00:00,705.5000000000006
2017-02-01 15:00:00,701.8000000000005
2017-02-01 16:00:00,699.4000000000004
2017-02-01 17:00:00,699.2000000000004
2017-02-01 18:00:00,699.2000000000004
2017-02-01 19:00:00,700.1000000000005
2017-02-01 20:00:00,703.0000000000006
2017-02-02 06:00:00,706.9000000000004
2017-02-02 14:00:00,698.3000000000005
2017-02-02 15:00:00,702.7000000000004
2017-02-02 16:00:00,704.2000000000004
2017-02-02 17:00:00,705.9000000000004
2017-02-02 18:00:00,706.9000000000004
2017-02-02 19:00:00,703.4000000000004
2017-02-02 20:00:00,706.7000000000004
2017-02-03 06:00:00,713.4000000000004
2017-02-03 14:00:00,707.8000000000005
2017-02-03 15:00:00,713.7000000000004
2017-02-03 16:00:00,712.9000000000004
2017-02-03 17:00:00,712.9000000000004
2017-02-03 18:00:00,712.9000000000004
2017-02-03 19:00:00,713.1000000000005
2017-02-03 20:00:00,714.0000000000006
2017-02-06 06:00:00,707.1000000000005
2017-02-06 14:00:00,710.6000000000005
2017-02-06 15:00:00,709.9000000000004
2017-02-06 16:00:00,708.0000000000006
2017-02-06 17:00:00,706.8000000000005
2017-02-06 18:00:00,706.5000000000006
2017-02-06 19:00:00,706.9000000000004
2017-02-06 20:00:00,706.6000000000005
2017-02-07 06:00:00,696.6000000000005
2017-02-07 14:00:00,703.8000000000005
2017-02-07 15:00:00,702.4000000000004
2017-02-07 16:00:00,697.3000000000005
2017-02-07 17:00:00,693.5000000000006
2017-02-07 18:00:00,696.6000000000005
2017-02-07 19:00:00,697.3000000000005
2017-02-07 20:00:00,696.4000000000004
2017-02-07 21:00:00,696.8000000000005
2017-02-08 06:00:00,698.8000000000005
2017-02-08 14:00:00,686.8000000000005
2017-02-08 15:00:00,697.7000000000004
2017-02-08 16:00:00,696.0000000000006
2017-02-08 17:00:00,696.9000000000004
2017-02-08 18:00:00,697.7000000000004
2017-02-08 19:00:00,698.4000000000004
2017-02-08 20:00:00,698.7000000000004
2017-02-08 21:00:00,698.3000000000005
2017-02-09 06:00:00,706.8000000000005
2017-02-09 13:00:00,701.9000000000004
2017-02-09 14:00:00,704.6000000000005
2017-02-09 15:00:00,708.0000000000006
2017-02-09 16:00:00,705.9000000000004
2017-02-09 17:00:00,706.2000000000004
2017-02-09 18:00:00,706.8000000000005
2017-02-09 19:00:00,707.6000000000005
2017-02-09 20:00:00,707.0000000000006
2017-02-10 06:00:00,712.0000000000006
2017-02-10 14:00:00,714.7000000000004
2017-02-10 15:00:00,712.8000000000005
2017-02-10 16:00:00,713.1000000000005
2017-02-10 17:00:00,714.1000000000005
2017-02-10 18:00:00,712.8000000000005
2017-02-10 19:00:00,711.6000000000005
2017-02-10 20:00:00,712.0000000000006
2017-02-13 06:00:00,713.1000000000005
2017-02-13 14:00:00,710.9000000000004
2017-02-13 15:00:00,710.4000000000004
2017-02-13 16:00:00,709.9000000000004
2017-02-13 17:00:00,710.5000000000006
2017-02-13 18:00:00,713.1000000000005
2017-02-13 19:00:00,713.1000000000005
2017-02-13 20:00:00,713.1000000000005
2017-02-14 06:00:00,715.9000000000004
2017-02-14 14:00:00,710.4000000000004
2017-02-14 15:00:00,708.1000000000005
2017-02-14 16:00:00,708.1000000000005
2017-02-14 17:00:00,711.7000000000004
2017-02-14 18:00:00,713.1000000000005
2017-02-14 19:00:00,712.5000000000006
2017-02-14 20:00:00,715.7000000000004
2017-02-14 21:00:00,716.2000000000004
2017-02-15 06:00:00,712.6000000000005
2017-02-15 14:00:00,713.7000000000004
2017-02-15 15:00:00,715.0000000000006
2017-02-15 16:00:00,711.4000000000004
2017-02-15 17:00:00,712.1000000000005
2017-02-15 18:00:00,712.9000000000004
2017-02-15 19:00:00,712.4000000000004
2017-02-15 20:00:00,712.6000000000005
2017-02-15 21:00:00,713.7000000000004
2017-02-16 06:00:00,702.6000000000005
2017-02-16 14:00:00,713.6000000000005
2017-02-16 15:00:00,706.5000000000006
2017-02-16 16:00:00,706.0000000000006
2017-02-16 17:00:00,706.2000000000004
2017-02-16 18:00:00,704.1000000000005
2017-02-16 19:00:00,703.5000000000006
2017-02-16 20:00:00,702.6000000000005
2017-02-16 21:00:00,702.5000000000006
2017-02-17 06:00:00,698.6000000000005
2017-02-17 14:00:00,699.8000000000005
2017-02-17 15:00:00,697.4000000000004
2017-02-17 16:00:00,697.6000000000005
2017-02-17 17:00:00,697.2000000000004
2017-02-17 18:00:00,697.5000000000006
2017-02-17 19:00:00,697.7000000000004
2017-02-17 20:00:00,698.3000000000005
2017-02-17 21:00:00,698.6000000000005
2017-02-21 06:00:00,703.8000000000005
2017-02-21 14:00:00,703.7000000000004
2017-02-21 15:00:00,706.6000000000005
2017-02-21 16:00:00,706.5000000000006
2017-02-21 17:00:00,706.3000000000005
2017-02-21 18:00:00,704.7000000000004
2017-02-21 19:00:00,704.9000000000004
2017-02-21 20:00:00,703.7000000000004
2017-02-21 21:00:00,702.7000000000004
2017-02-22 06:00:00,692.3000000000005
2017-02-22 14:00:00,698.2000000000004
2017-02-22 15:00:00,699.7000000000004
2017-02-22 16:00:00,697.6000000000005
2017-02-22 17:00:00,697.1000000000005
2017-02-22 18:00:00,696.6000000000005
2017-02-22 19:00:00,693.0000000000006
2017-02-22 20:00:00,692.4000000000004
2017-02-23 06:00:00,695.0000000000006
2017-02-23 14:00:00,698.1000000000005
2017-02-23 15:00:00,695.8000000000005
2017-02-23 16:00:00,692.4000000000004
2017-02-23 17:00:00,694.1000000000005
2017-02-23 18:00:00,694.4000000000004
2017-02-23 19:00:00,695.8000000000005
2017-02-23 20:00:00,694.7000000000004
2017-02-23 21:00:00,695.8000000000005
2017-02-24 06:00:00,688.5000000000006
2017-02-24 14:00:00,690.5000000000006
2017-02-24 15:00:00,691.3000000000005
2017-02-24 16:00:00,689.9000000000004
2017-02-24 17:00:00,689.3000000000005
2017-02-24 18:00:00,688.0000000000006
2017-02-24 19:00:00,685.8000000000005
2017-02-24 20:00:00,687.7000000000004
2017-02-24 21:00:00,688.2000000000004
2017-02-27 06:00:00,694.7000000000004
2017-02-27 12:00:00,689.5000000000006
2017-02-27 14:00:00,692.1000000000005
2017-02-27 15:00:00,695.8000000000005
2017-02-27 16:00:00,694.7000000000004
2017-02-27 17:00:00,694.8000000000005
2017-02-27 18:00:00,695.8000000000005
2017-02-27 19:00:00,697.7000000000004
2017-02-27 20:00:00,694.5000000000006
2017-02-27 21:00:00,694.5000000000006
2017-02-28 06:00:00,693.3000000000005
2017-02-28 14:00:00,692.0000000000006
2017-02-28 15:00:00,694.2000000000004
2017-02-28 16:00:00,692.7000000000004
2017-02-28 17:00:00,691.2000000000004
2017-02-28 18:00:00,693.1000000000005
2017-02-28 19:00:00,691.4000000000004
2017-02-28 20:00:00,693.3000000000005
2017-02-28 21:00:00,692.6000000000005
2017-03-01 06:00:00,707.2000000000004
2017-03-01 14:00:00,701.3000000000005
2017-03-01 15:00:00,704.8000000000005
2017-03-01 16:00:00,707.3000000000005
2017-03-01 17:00:00,707.3000000000005
2017-03-01 18:00:00,708.0000000000006
2017-03-01 19:00:00,708.9000000000004
2017-03-01 20:00:00,707.2000000000004
2017-03-01 21:00:00,706.5000000000006
2017-03-02 06:00:00,699.7000000000004
2017-03-02 14:00:00,705.0000000000006
2017-03-02 15:00:00,704.7000000000004
2017-03-02 16:00:00,703.5000000000006
2017-03-02 17:00:00,703.2000000000004
2017-03-02 18:00:00,702.3000000000005
2017-03-02 19:00:00,702.1000000000005
2017-03-02 20:00:00,700.1000000000005
2017-03-02 21:00:00,699.8000000000005
2017-03-03 06:00:00,698.0000000000006
2017-03-03 14:00:00,700.1000000000005
2017-03-03 15:00:00,703.4000000000004
2017-03-03 16:00:00,701.7000000000004
2017-03-03 17:00:00,700.9000000000004
2017-03-03 18:00:00,699.1000000000005
2017-03-03 19:00:00,698.8000000000005
2017-03-03 20:00:00,697.7000000000004
2017-03-03 21:00:00,697.9000000000004
2017-03-06 06:00:00,700.4000000000004
2017-03-06 14:00:00,696.5000000000006
2017-03-06 15:00:00,697.0000000000006
2017-03-06 16:00:00,697.3000000000005
2017-03-06 17:00:00,698.2000000000004
2017-03-06 18:00:00,699.5000000000006
2017-03-06 19:00:00,699.1000000000005
2017-03-06 20:00:00,700.5000000000006
2017-03-07 06:00:00,693.3000000000005
2017-03-07 14:00:00,696.8000000000005
2017-03-07 15:00:00,694.9000000000004
2017-03-07 16:00:00,694.8000000000005
2017-03-07 17:00:00,694.7000000000004
2017-03-07 18:00:00,694.2000000000004
2017-03-07 19:00:00,694.6000000000005
2017-03-07 20:00:00,692.7000000000004
2017-03-08 06:00:00,675.2000000000004
2017-03-08 14:00:00,690.9000000000004
2017-03-08 15:00:00,692.2000000000004
2017-03-08 16:00:00,685.9000000000004
2017-03-08 17:00:00,682.3000000000005
2017-03-08 18:00:00,679.3000000000005
2017-03-08 19:00:00,681.3000000000005
2017-03-08 20:00:00,675.2000000000004
2017-03-09 06:00:00,679.1000000000005
2017-03-09 14:00:00,671.1000000000005
2017-03-09 15:00:00,671.1000000000005
2017-03-09 16:00:00,670.4000000000004
2017-03-09 17:00:00,668.6000000000005
2017-03-09 18:00:00,668.7000000000004
2017-03-09 19:00:00,670.5000000000006
2017-03-09 20:00:00,678.4000000000004
2017-03-09 21:00:00,677.9000000000004
2017-03-10 06:00:00,675.7000000000004
2017-03-10 14:00:00,681.0000000000003
2017-03-10 15:00:00,676.8000000000003
2017-03-10 16:00:00,678.5000000000003
2017-03-10 17:00:00,675.8000000000003
2017-03-10 18:00:00,678.6000000000005
2017-03-10 19:00:00,678.6000000000005
2017-03-10 20:00:00,677.9000000000004
2017-03-13 05:00:00,679.5000000000003
2017-03-13 13:00:00,679.4000000000004
2017-03-13 14:00:00,678.9000000000004
2017-03-13 15:00:00,678.3000000000003
2017-03-13 16:00:00,678.2000000000004
2017-03-13 17:00:00,678.2000000000004
2017-03-13 18:00:00,677.1000000000005
2017-03-13 19:00:00,678.9000000000004
2017-03-13 20:00:00,679.0000000000003
2017-03-14 05:00:00,669.3000000000003
2017-03-14 13:00:00,665.9000000000004
2017-03-14 14:00:00,666.4000000000004
2017-03-14 15:00:00,670.3000000000003
2017-03-14 17:00:00,668.6000000000005
2017-03-14 18:00:00,670.4000000000004
2017-03-14 19:00:00,671.7000000000004
2017-03-15 05:00:00,686.3000000000003
2017-03-15 13:00:00,673.9000000000004
2017-03-15 14:00:00,678.2000000000004
2017-03-15 15:00:00,678.1000000000005
2017-03-15 16:00:00,679.0000000000003
2017-03-15 17:00:00,679.6000000000005
2017-03-15 18:00:00,684.7000000000004
2017-03-15 19:00:00,686.8000000000003
2017-03-16 05:00:00,681.6000000000005
2017-03-16 13:00:00,682.3000000000003
2017-03-16 14:00:00,681.5000000000003
2017-03-16 15:00:00,682.8000000000003
2017-03-16 16:00:00,683.0000000000003
2017-03-16 17:00:00,684.2000000000004
2017-03-16 18:00:00,682.7000000000004
2017-03-16 19:00:00,681.1000000000005
2017-03-16 20:00:00,681.4000000000004
2017-03-17 05:00:00,680.8000000000003
2017-03-17 13:00:00,684.8000000000003
2017-03-17 14:00:00,684.3000000000003
2017-03-17 15:00:00,683.5000000000003
2017-03-17 16:00:00,682.3000000000003
2017-03-17 17:00:00,680.9000000000004
2017-03-17 18:00:00,682.3000000000003
2017-03-17 19:00:00,681.2000000000004
2017-03-17 20:00:00,681.6000000000005
2017-03-20 05:00:00,680.0000000000003
2017-03-20 13:00:00,675.5000000000003
2017-03-20 14:00:00,677.6000000000005
2017-03-20 15:00:00,677.6000000000005
2017-03-20 16:00:00,677.5000000000003
2017-03-20 17:00:00,676.0000000000003
2017-03-20 18:00:00,675.7000000000004
2017-03-20 19:00:00,679.8000000000003
2017-03-21 05:00:00,674.6000000000005
2017-03-21 13:00:00,681.0000000000003
2017-03-21 14:00:00,676.9000000000004
2017-03-21 15:00:00,677.3000000000003
2017-03-21 16:00:00,675.2000000000004
2017-03-21 17:00:00,672.6000000000005
2017-03-21 18:00:00,675.9000000000004
2017-03-21 19:00:00,673.9000000000004
2017-03-21 20:00:00,675.0000000000003
2017-03-22 05:00:00,673.7000000000004
2017-03-22 13:00:00,673.0000000000003
2017-03-22 14:00:00,672.1000000000005
2017-03-22 15:00:00,671.3000000000003
2017-03-22 16:00:00,670.8000000000003
2017-03-22 17:00:00,673.5000000000003
2017-03-22 18:00:00,673.8000000000003
2017-03-22 19:00:00,673.7000000000004
2017-03-22 20:00:00,673.4000000000004
2017-03-23 05:00:00,671.0000000000003
2017-03-23 13:00:00,672.0000000000003
2017-03-23 14:00:00,672.7000000000004
2017-03-23 15:00:00,674.6000000000005
2017-03-23 16:00:00,675.0000000000003
2017-03-23 17:00:00,674.1000000000005
2017-03-23 18:00:00,674.5000000000003
2017-03-23 19:00:00,671.4000000000004
2017-03-24 05:00:00,668.0000000000003
2017-03-24 13:00:00,671.9000000000004
2017-03-24 14:00:00,672.0000000000003
2017-03-24 15:00:00,671.1000000000005
2017-03-24 16:00:00,670.2000000000004
2017-03-24 17:00:00,670.1000000000005
2017-03-24 18:00:00,670.9000000000004
2017-03-24 19:00:00,668.4000000000004
2017-03-24 20:00:00,668.8000000000003
2017-03-27 05:00:00,665.2000000000004
2017-03-27 13:00:00,663.1000000000005
2017-03-27 14:00:00,663.8000000000003
2017-03-27 15:00:00,664.5000000000003
2017-03-27 16:00:00,664.5000000000003
2017-03-27 17:00:00,663.7000000000004
2017-03-27 18:00:00,664.1000000000005
2017-03-27 19:00:00,665.2000000000004
2017-03-28 05:00:00,674.6000000000005
2017-03-28 13:00:00,664.5000000000003
2017-03-28 14:00:00,670.5000000000003
2017-03-28 15:00:00,672.2000000000004
2017-03-28 16:00:00,672.5000000000003
2017-03-28 17:00:00,673.2000000000004
2017-03-28 18:00:00,672.9000000000004
2017-03-28 19:00:00,674.6000000000005
2017-03-28 20:00:00,673.8000000000003
2017-03-29 05:00:00,684.4000000000004
2017-03-29 13:00:00,673.7000000000004
2017-03-29 14:00:00,682.5000000000003
2017-03-29 15:00:00,683.4000000000004
2017-03-29 16:00:00,682.9000000000004
2017-03-29 17:00:00,684.5000000000003
2017-03-29 18:00:00,684.4000000000004
2017-03-29 19:00:00,684.5000000000003
2017-03-29 20:00:00,684.6000000000005
2017-03-30 05:00:00,684.0000000000003
2017-03-30 13:00:00,684.3000000000003
2017-03-30 14:00:00,687.4000000000004
2017-03-30 15:00:00,688.3000000000003
2017-03-30 16:00:00,685.4000000000004
2017-03-30 17:00:00,685.4000000000004
2017-03-30 18:00:00,685.4000000000004
2017-03-30 19:00:00,683.7000000000004
2017-03-30 20:00:00,684.0000000000003
2017-03-31 05:00:00,681.6000000000005
2017-03-31 13:00:00,684.8000000000003
2017-03-31 14:00:00,680.3000000000003
2017-03-31 15:00:00,680.1000000000005
2017-03-31 16:00:00,681.0000000000003
2017-03-31 17:00:00,682.3000000000003
2017-03-31 18:00:00,681.7000000000004
2017-03-31 19:00:00,682.1000000000005
2017-03-31 20:00:00,681.4000000000004
2017-04-03 05:00:00,679.6000000000005
2017-04-03 13:00:00,679.6000000000005
2017-04-03 14:00:00,675.9000000000004
2017-04-03 15:00:00,674.5000000000003
2017-04-03 16:00:00,677.1000000000005
2017-04-03 17:00:00,677.9000000000004
2017-04-03 18:00:00,679.3000000000003
2017-04-03 19:00:00,680.4000000000004
2017-04-03 20:00:00,680.3000000000003
2017-04-04 05:00:00,684.9000000000004
2017-04-04 13:00:00,677.6000000000005
2017-04-04 14:00:00,676.7000000000004
2017-04-04 15:00:00,682.2000000000004
2017-04-04 16:00:00,682.4000000000004
2017-04-04 17:00:00,682.2000000000004
2017-04-04 18:00:00,683.9000000000004
2017-04-04 19:00:00,684.5000000000003
2017-04-04 20:00:00,685.1000000000005
2017-04-05 05:00:00,682.4000000000004
2017-04-05 13:00:00,694.3000000000003
2017-04-05 14:00:00,691.8000000000003
2017-04-05 15:00:00,689.8000000000003
2017-04-05 16:00:00,690.3000000000003
2017-04-05 17:00:00,691.9000000000004
2017-04-05 18:00:00,688.3000000000003
2017-04-05 19:00:00,682.7000000000004
2017-04-06 05:00:00,688.2000000000004
2017-04-06 13:00:00,686.5000000000003
2017-04-06 14:00:00,688.0000000000003
2017-04-06 15:00:00,687.9000000000004
2017-04-06 16:00:00,687.7000000000004
2017-04-06 17:00:00,688.4000000000004
2017-04-06 18:00:00,685.9000000000004
2017-04-06 19:00:00,687.6000000000005
2017-04-07 05:00:00,685.5000000000003
2017-04-07 13:00:00,685.3000000000003
2017-04-07 14:00:00,687.3000000000003
2017-04-07 15:00:00,686.9000000000004
2017-04-07 16:00:00,688.6000000000005
2017-04-07 17:00:00,689.9000000000004
2017-04-07 18:00:00,687.7000000000004
2017-04-07 19:00:00,685.9000000000004
2017-04-10 05:00:00,691.0000000000003
2017-04-10 13:00:00,690.9000000000004
2017-04-10 14:00:00,693.0000000000003
2017-04-10 15:00:00,691.4000000000004
2017-04-10 16:00:00,692.9000000000004
2017-04-10 17:00:00,693.7000000000004
2017-04-10 18:00:00,693.2000000000004
2017-04-10 19:00:00,691.1000000000005
2017-04-11 05:00:00,690.4000000000004
2017-04-11 13:00:00,686.6000000000005
2017-04-11 14:00:00,684.2000000000004
2017-04-11 15:00:00,685.8000000000003
2017-04-11 16:00:00,687.7000000000004
2017-04-11 17:00:00,687.8000000000003
2017-04-11 18:00:00,690.1000000000005
2017-04-11 19:00:00,689.9000000000004
2017-04-12 05:00:00,687.3000000000003
2017-04-12 13:00:00,690.8000000000003
2017-04-12 14:00:00,690.6000000000005
2017-04-12 15:00:00,687.1000000000005
2017-04-12 16:00:00,687.6000000000005
2017-04-12 17:00:00,689.4000000000004
2017-04-12 18:00:00,686.8000000000003
2017-04-12 19:00:00,688.0000000000003
2017-04-12 20:00:00,687.9000000000004
2017-04-13 05:00:00,674.7000000000004
2017-04-13 13:00:00,684.4000000000004
2017-04-13 14:00:00,683.5000000000003
2017-04-13 15:00:00,683.0000000000003
2017-04-13 16:00:00,681.1000000000005
2017-04-13 17:00:00,678.0000000000003
2017-04-13 18:00:00,678.2000000000004
2017-04-13 19:00:00,674.5000000000003
2017-04-13 20:00:00,674.5000000000003
2017-04-17 05:00:00,676.1000000000005
2017-04-17 13:00:00,673.5000000000003
2017-04-17 14:00:00,674.4000000000004
2017-04-17 15:00:00,675.2000000000004
2017-04-17 16:00:00,674.3000000000003
2017-04-17 17:00:00,674.3000000000003
2017-04-17 18:00:00,673.3000000000003
2017-04-17 19:00:00,674.9000000000004
2017-04-17 20:00:00,675.5000000000003
2017-04-18 05:00:00,669.4000000000004
2017-04-18 13:00:00,676.0000000000003
2017-04-18 14:00:00,673.9000000000004
2017-04-18 15:00:00,668.8000000000003
2017-04-18 16:00:00,670.3000000000003
2017-04-18 17:00:00,673.0000000000003
2017-04-18 18:00:00,671.6000000000005
2017-04-18 19:00:00,669.4000000000004
2017-04-19 05:00:00,659.8000000000003
2017-04-19 13:00:00,670.9000000000004
2017-04-19 14:00:00,667.4000000000004
2017-04-19 15:00:00,664.2000000000004
2017-04-19 16:00:00,664.8000000000003
2017-04-19 17:00:00,662.1000000000005
2017-04-19 18:00:00,659.1000000000005
2017-04-19 19:00:00,659.1000000000005
2017-04-20 05:00:00,662.0000000000003
2017-04-20 13:00:00,662.5000000000003
2017-04-20 14:00:00,664.1000000000005
2017-04-20 15:00:00,665.5000000000003
2017-04-20 16:00:00,666.3000000000003
2017-04-20 17:00:00,666.5000000000003
2017-04-20 18:00:00,665.4000000000004
2017-04-20 19:00:00,662.7000000000004
2017-04-21 05:00:00,659.3000000000003
2017-04-21 13:00:00,658.3000000000003
2017-04-21 14:00:00,657.0000000000003
2017-04-21 15:00:00,660.3000000000003
2017-04-21 16:00:00,658.9000000000004
2017-04-21 17:00:00,660.1000000000005
2017-04-21 18:00:00,660.9000000000004
2017-04-21 19:00:00,659.6000000000005
2017-04-24 05:00:00,662.5000000000003
2017-04-24 13:00:00,662.8000000000003
2017-04-24 14:00:00,662.3000000000003
2017-04-24 15:00:00,661.9000000000004
2017-04-24 16:00:00,663.7000000000004
2017-04-24 17:00:00,663.8000000000003
2017-04-24 18:00:00,664.3000000000003
2017-04-24 19:00:00,662.5000000000003
2017-04-25 05:00:00,669.0000000000003
2017-04-25 13:00:00,665.8000000000003
2017-04-25 14:00:00,666.2000000000004
2017-04-25 15:00:00,666.6000000000005
2017-04-25 16:00:00,665.7000000000004
2017-04-25 17:00:00,666.8000000000003
2017-04-25 18:00:00,667.2000000000004
2017-04-25 19:00:00,669.0000000000003
2017-04-26 05:00:00,666.7000000000004
2017-04-26 13:00:00,668.7000000000004
2017-04-26 14:00:00,674.6000000000005
2017-04-26 15:00:00,671.3000000000003
2017-04-26 16:00:00,671.5000000000003
2017-04-26 17:00:00,670.7000000000004
2017-04-26 18:00:00,669.8000000000003
2017-04-26 19:00:00,666.9000000000004
2017-04-27 05:00:00,658.5000000000003
2017-04-27 13:00:00,659.8000000000003
2017-04-27 14:00:00,653.8000000000003
2017-04-27 15:00:00,652.7000000000004
2017-04-27 16:00:00,657.5000000000003
2017-04-27 17:00:00,658.0000000000003
2017-04-27 18:00:00,658.6000000000005
2017-04-27 19:00:00,658.5000000000003
2017-04-28 05:00:00,659.5000000000003
2017-04-28 13:00:00,663.3000000000003
2017-04-28 14:00:00,662.2000000000004
2017-04-28 15:00:00,658.9000000000004
2017-04-28 16:00:00,659.2000000000004
2017-04-28 17:00:00,661.2000000000004
2017-04-28 18:00:00,662.0000000000003
2017-04-28 19:00:00,659.5000000000003
2017-05-01 05:00:00,657.9000000000004
2017-05-01 13:00:00,659.3000000000003
2017-05-01 14:00:00,658.1000000000005
2017-05-01 15:00:00,660.6000000000005
2017-05-01 16:00:00,657.8000000000003
2017-05-01 17:00:00,658.5000000000003
2017-05-01 18:00:00,658.6000000000005
2017-05-01 19:00:00,658.5000000000003
2017-05-02 05:00:00,653.9000000000004
2017-05-02 13:00:00,659.1000000000005
2017-05-02 14:00:00,659.0000000000003
2017-05-02 15:00:00,656.0000000000003
2017-05-02 16:00:00,657.2000000000004
2017-05-02 17:00:00,656.0000000000003
2017-05-02 18:00:00,652.3000000000003
2017-05-02 19:00:00,653.8000000000003
2017-05-03 05:00:00,656.0000000000003
2017-05-03 13:00:00,655.1000000000005
2017-05-03 14:00:00,652.2000000000004
2017-05-03 15:00:00,654.2000000000004
2017-05-03 16:00:00,653.4000000000004
2017-05-03 17:00:00,653.5000000000003
2017-05-03 18:00:00,657.7000000000004
2017-05-03 19:00:00,656.0000000000003
2017-05-04 05:00:00,643.2000000000004
2017-05-04 13:00:00,645.4000000000004
2017-05-04 14:00:00,645.3000000000003
2017-05-04 15:00:00,641.4000000000004
2017-05-04 16:00:00,641.4000000000004
2017-05-04 17:00:00,641.7000000000004
2017-05-04 18:00:00,642.3000000000003
2017-05-04 19:00:00,642.8000000000003
2017-05-05 05:00:00,654.3000000000003
2017-05-05 13:00:00,646.2000000000004
2017-05-05 14:00:00,651.2000000000004
2017-05-05 15:00:00,650.4000000000004
2017-05-05 16:00:00,648.7000000000004
2017-05-05 17:00:00,650.5000000000003
2017-05-05 18:00:00,651.8000000000003
2017-05-05 19:00:00,655.0000000000003
2017-05-08 05:00:00,659.1000000000005
2017-05-08 13:00:00,658.0000000000003
2017-05-08 14:00:00,656.3000000000003
2017-05-08 15:00:00,655.8000000000003
2017-05-08 16:00:00,657.1000000000005
2017-05-08 17:00:00,658.1000000000005
2017-05-08 18:00:00,658.0000000000003
2017-05-08 19:00:00,659.1000000000005
2017-05-09 05:00:00,652.9000000000004
2017-05-09 13:00:00,655.3000000000003
2017-05-09 14:00:00,656.5000000000003
2017-05-09 15:00:00,655.7000000000004
2017-05-09 16:00:00,652.8000000000003
2017-05-09 17:00:00,653.4000000000004
2017-05-09 18:00:00,654.5000000000003
2017-05-09 19:00:00,652.9000000000004
2017-05-10 05:00:00,662.6000000000005
2017-05-10 13:00:00,660.0000000000003
2017-05-10 14:00:00,664.4000000000004
2017-05-10 15:00:00,663.3000000000003
2017-05-10 16:00:00,662.4000000000004
2017-05-10 17:00:00,663.3000000000003
2017-05-10 18:00:00,663.3000000000003
2017-05-10 19:00:00,662.6000000000005
2017-05-11 05:00:00,660.5000000000003
2017-05-11 13:00:00,661.0000000000003
2017-05-11 14:00:00,661.9000000000004
2017-05-11 15:00:00,661.7000000000004
2017-05-11 16:00:00,661.5000000000003
2017-05-11 17:00:00,661.7000000000004
2017-05-11 18:00:00,661.7000000000004
2017-05-11 19:00:00,660.5000000000003
2017-05-12 05:00:00,658.0000000000003
2017-05-12 13:00:00,660.6000000000005
2017-05-12 14:00:00,657.6000000000005
2017-05-12 15:00:00,660.1000000000005
2017-05-12 16:00:00,657.2000000000004
2017-05-12 17:00:00,657.3000000000003
2017-05-12 18:00:00,658.4000000000004
2017-05-12 19:00:00,658.0000000000003
2017-05-15 05:00:00,663.3000000000003
2017-05-15 10:00:00,668.4000000000004
2017-05-15 11:00:00,668.4000000000004
2017-05-15 12:00:00,668.0000000000003
2017-05-15 13:00:00,668.3000000000003
2017-05-15 14:00:00,667.1000000000005
2017-05-15 15:00:00,667.2000000000004
2017-05-15 16:00:00,666.0000000000003
2017-05-15 17:00:00,665.1000000000005
2017-05-15 18:00:00,661.7000000000004
2017-05-15 19:00:00,664.4000000000004
2017-05-16 05:00:00,659.8000000000003
2017-05-16 13:00:00,664.4000000000004
2017-05-16 14:00:00,662.0000000000003
2017-05-16 15:00:00,661.5000000000003
2017-05-16 16:00:00,659.4000000000004
2017-05-16 17:00:00,658.9000000000004
2017-05-16 18:00:00,658.2000000000004
2017-05-16 19:00:00,659.5000000000003
2017-05-17 05:00:00,653.7000000000004
2017-05-17 13:00:00,655.6000000000005
2017-05-17 14:00:00,657.5000000000003
2017-05-17 15:00:00,660.3000000000003
2017-05-17 16:00:00,659.3000000000003
2017-05-17 17:00:00,657.3000000000003
2017-05-17 18:00:00,655.4000000000004
2017-05-17 19:00:00,653.7000000000004
2017-05-18 05:00:00,652.4000000000004
2017-05-18 13:00:00,647.9000000000004
2017-05-18 14:00:00,652.2000000000004
2017-05-18 15:00:00,654.9000000000004
2017-05-18 16:00:00,653.2000000000004
2017-05-18 17:00:00,652.9000000000004
2017-05-18 18:00:00,655.2000000000004
2017-05-18 19:00:00,652.4000000000004
2017-05-19 05:00:00,661.2000000000004
2017-05-19 13:00:00,658.7000000000004
2017-05-19 14:00:00,660.3000000000003
2017-05-19 15:00:00,660.3000000000003
2017-05-19 16:00:00,660.9000000000004
2017-05-19 17:00:00,661.5000000000003
2017-05-19 18:00:00,662.5000000000003
2017-05-19 19:00:00,661.0000000000003
2017-05-22 05:00:00,659.8000000000003
2017-05-22 13:00:00,663.2000000000004
2017-05-22 14:00:00,659.3000000000003
2017-05-22 15:00:00,657.9000000000004
2017-05-22 16:00:00,661.2000000000004
2017-05-22 17:00:00,660.4000000000004
2017-05-22 18:00:00,660.4000000000004
2017-05-22 19:00:00,660.0000000000003
2017-05-23 05:00:00,660.8000000000003
2017-05-23 13:00:00,659.5000000000003
2017-05-23 14:00:00,660.5000000000003
2017-05-23 15:00:00,661.8000000000003
2017-05-23 17:00:00,660.9000000000004
2017-05-23 18:00:00,661.2000000000004
2017-05-23 19:00:00,660.8000000000003
2017-05-24 05:00:00,657.8000000000003
2017-05-24 13:00:00,659.9000000000004
2017-05-24 14:00:00,660.5000000000003
2017-05-24 15:00:00,658.0000000000003
2017-05-24 16:00:00,657.4000000000004
2017-05-24 17:00:00,655.9000000000004
2017-05-24 18:00:00,656.6000000000005
2017-05-24 19:00:00,657.8000000000003
2017-05-25 05:00:00,644.9000000000004
2017-05-25 13:00:00,661.2000000000004
2017-05-25 14:00:00,656.9000000000004
2017-05-25 15:00:00,648.7000000000004
2017-05-25 16:00:00,648.4000000000004
2017-05-25 17:00:00,646.3000000000003
2017-05-25 18:00:00,643.2000000000004
2017-05-25 19:00:00,644.9000000000004
2017-05-26 05:00:00,645.7000000000004
2017-05-26 12:00:00,642.4000000000004
2017-05-26 13:00:00,646.2000000000004
2017-05-26 14:00:00,642.8000000000003
2017-05-26 15:00:00,644.3000000000003
2017-05-26 16:00:00,645.6000000000005
2017-05-26 17:00:00,645.5000000000003
2017-05-26 18:00:00,645.9000000000004
2017-05-26 19:00:00,645.7000000000004
2017-05-30 05:00:00,637.4000000000004
2017-05-30 13:00:00,640.6000000000005
2017-05-30 14:00:00,639.4000000000004
2017-05-30 15:00:00,638.4000000000004
2017-05-30 16:00:00,639.7000000000004
2017-05-30 17:00:00,639.4000000000004
2017-05-30 18:00:00,639.7000000000004
2017-05-30 19:00:00,637.4000000000004
2017-05-31 05:00:00,634.1000000000005
2017-05-31 13:00:00,635.6000000000005
2017-05-31 14:00:00,635.6000000000005
2017-05-31 15:00:00,633.6000000000005
2017-05-31 16:00:00,634.6000000000005
2017-05-31 17:00:00,633.8000000000003
2017-05-31 18:00:00,633.5000000000003
2017-05-31 19:00:00,634.2000000000004
2017-06-01 05:00:00,638.8000000000003
2017-06-01 13:00:00,634.3000000000003
2017-06-01 14:00:00,637.6000000000005
2017-06-01 15:00:00,637.7000000000004
2017-06-01 16:00:00,639.8000000000003
2017-06-01 17:00:00,640.1000000000005
2017-06-01 18:00:00,638.1000000000005
2017-06-01 19:00:00,638.8000000000003
2017-06-02 05:00:00,630.9000000000004
2017-06-02 13:00:00,633.0000000000003
2017-06-02 14:00:00,630.3000000000003
2017-06-02 15:00:00,630.6000000000005
2017-06-02 16:00:00,632.5000000000003
2017-06-02 17:00:00,631.8000000000003
2017-06-02 18:00:00,631.3000000000003
2017-06-02 19:00:00,630.6000000000005
2017-06-02 20:00:00,630.0000000000003
2017-06-05 05:00:00,631.9000000000004
2017-06-05 13:00:00,632.0000000000003
2017-06-05 14:00:00,631.0000000000003
2017-06-05 15:00:00,631.0000000000003
2017-06-05 16:00:00,633.4000000000004
2017-06-05 17:00:00,633.9000000000004
2017-06-05 18:00:00,633.8000000000003
2017-06-05 19:00:00,631.9000000000004
2017-06-06 05:00:00,640.0000000000003
2017-06-06 13:00:00,632.7000000000004
2017-06-06 14:00:00,632.0000000000003
2017-06-06 15:00:00,634.2000000000004
2017-06-06 16:00:00,636.5000000000003
2017-06-06 17:00:00,636.9000000000004
2017-06-06 18:00:00,639.4000000000004
2017-06-06 19:00:00,640.0000000000003
2017-06-07 05:00:00,630.2000000000004
2017-06-07 13:00:00,639.7000000000004
2017-06-07 14:00:00,630.9000000000004
2017-06-07 15:00:00,627.0000000000003
2017-06-07 16:00:00,627.0000000000003
2017-06-07 17:00:00,627.5000000000003
2017-06-07 18:00:00,629.1000000000005
2017-06-07 19:00:00,629.6000000000005
2017-06-08 05:00:00,628.4000000000004
2017-06-08 13:00:00,630.4000000000004
2017-06-08 14:00:00,631.7000000000004
2017-06-08 15:00:00,630.3000000000003
2017-06-08 16:00:00,632.8000000000003
2017-06-08 17:00:00,630.6000000000005
2017-06-08 18:00:00,630.1000000000005
2017-06-08 19:00:00,628.4000000000004
2017-06-09 05:00:00,644.9000000000004
2017-06-09 13:00:00,632.1000000000005
2017-06-09 14:00:00,631.9000000000004
2017-06-09 15:00:00,640.4000000000004
2017-06-09 16:00:00,642.5000000000003
2017-06-09 17:00:00,642.5000000000003
2017-06-09 18:00:00,641.4000000000004
2017-06-09 19:00:00,644.9000000000004
2017-06-12 05:00:00,649.5000000000003
2017-06-12 14:00:00,651.0000000000003
2017-06-12 15:00:00,651.1000000000003
2017-06-12 16:00:00,648.4000000000004
2017-06-12 17:00:00,649.4000000000004
2017-06-12 18:00:00,649.0000000000003
2017-06-12 19:00:00,649.5000000000003
2017-06-13 05:00:00,654.1000000000003
2017-06-13 13:00:00,649.3000000000003
2017-06-13 14:00:00,650.8000000000003
2017-06-13 15:00:00,651.8000000000003
2017-06-13 16:00:00,650.6000000000003
2017-06-13 17:00:00,652.3000000000003
2017-06-13 18:00:00,653.5000000000003
2017-06-13 19:00:00,654.1000000000003
2017-06-14 05:00:00,641.3000000000003
2017-06-14 13:00:00,645.9000000000004
2017-06-14 14:00:00,638.9000000000004
2017-06-14 15:00:00,637.5000000000003
2017-06-14 16:00:00,639.3000000000003
2017-06-14 17:00:00,639.2000000000004
2017-06-14 18:00:00,639.6000000000003
2017-06-14 19:00:00,641.0000000000003
2017-06-14 20:00:00,640.4000000000004
2017-06-15 05:00:00,636.3000000000003
2017-06-15 13:00:00,641.5000000000003
2017-06-15 14:00:00,637.5000000000003
2017-06-15 15:00:00,638.7000000000004
2017-06-15 16:00:00,638.0000000000003
2017-06-15 17:00:00,637.1000000000003
2017-06-15 18:00:00,634.9000000000004
2017-06-15 19:00:00,636.3000000000003
2017-06-16 05:00:00,647.2000000000004
2017-06-16 13:00:00,637.1000000000003
2017-06-16 14:00:00,640.5000000000003
2017-06-16 15:00:00,642.0000000000003
2017-06-16 16:00:00,641.6000000000003
2017-06-16 17:00:00,642.2000000000004
2017-06-16 18:00:00,644.0000000000003
2017-06-16 19:00:00,647.0000000000003
2017-06-19 05:00:00,643.4000000000004
2017-06-19 13:00:00,646.9000000000004
2017-06-19 14:00:00,646.4000000000004
2017-06-19 15:00:00,645.4000000000004
2017-06-19 16:00:00,645.5000000000003
2017-06-19 17:00:00,645.1000000000003
2017-06-19 18:00:00,643.6000000000003
2017-06-19 19:00:00,643.4000000000004
2017-06-20 05:00:00,634.9000000000004
2017-06-20 13:00:00,628.4000000000004
2017-06-20 14:00:00,629.6000000000003
2017-06-20 15:00:00,633.4000000000004
2017-06-20 16:00:00,631.5000000000003
2017-06-20 17:00:00,633.7000000000004
2017-06-20 18:00:00,636.5000000000003
2017-06-20 19:00:00,634.9000000000004
2017-06-21 05:00:00,623.9000000000004
2017-06-21 13:00:00,631.4000000000004
2017-06-21 14:00:00,632.7000000000004
2017-06-21 15:00:00,628.0000000000003
2017-06-21 16:00:00,623.5000000000003
2017-06-21 17:00:00,621.8000000000003
2017-06-21 18:00:00,624.8000000000003
2017-06-21 19:00:00,623.9000000000004
2017-06-22 05:00:00,623.5000000000003
2017-06-22 13:00:00,625.5000000000003
2017-06-22 14:00:00,628.1000000000003
2017-06-22 15:00:00,625.8000000000003
2017-06-22 16:00:00,625.9000000000004
2017-06-22 17:00:00,624.8000000000003
2017-06-22 18:00:00,625.9000000000004
2017-06-22 19:00:00,623.6000000000003
2017-06-23 05:00:00,628.5000000000003
2017-06-23 13:00:00,625.6000000000003
2017-06-23 14:00:00,627.9000000000004
2017-06-23 15:00:00,627.5000000000003
2017-06-23 16:00:00,626.6000000000003
2017-06-23 17:00:00,625.8000000000003
2017-06-23 18:00:00,626.0000000000003
2017-06-23 19:00:00,627.4000000000004
2017-06-26 02:00:00,629.1000000000003
2017-06-26 05:00:00,626.7000000000004
2017-06-26 07:00:00,629.1000000000003
2017-06-26 08:00:00,629.1000000000003
2017-06-26 13:00:00,628.0000000000003
2017-06-26 14:00:00,625.8000000000003
2017-06-26 15:00:00,629.9000000000004
2017-06-26 16:00:00,628.6000000000003
2017-06-26 17:00:00,627.0000000000003
2017-06-26 18:00:00,626.8000000000003
2017-06-26 19:00:00,626.8000000000003
2017-06-27 05:00:00,625.9000000000004
2017-06-27 11:00:00,629.3000000000003
2017-06-27 13:00:00,627.2000000000004
2017-06-27 14:00:00,630.6000000000003
2017-06-27 15:00:00,630.2000000000004
2017-06-27 16:00:00,628.7000000000004
2017-06-27 17:00:00,628.9000000000004
2017-06-27 18:00:00,628.2000000000004
2017-06-27 19:00:00,626.0000000000003
2017-06-27 20:00:00,625.2000000000004
2017-06-28 05:00:00,629.2000000000004
2017-06-28 13:00:00,627.6000000000003
2017-06-28 14:00:00,630.1000000000003
2017-06-28 15:00:00,630.4000000000004
2017-06-28 16:00:00,631.5000000000003
2017-06-28 17:00:00,632.4000000000004
2017-06-28 18:00:00,632.7000000000004
2017-06-28 19:00:00,629.2000000000004
2017-06-29 05:00:00,630.3000000000003
2017-06-29 13:00:00,633.9000000000004
2017-06-29 14:00:00,635.0000000000003
2017-06-29 15:00:00,633.1000000000003
2017-06-29 16:00:00,632.7000000000004
2017-06-29 17:00:00,631.5000000000003
2017-06-29 18:00:00,631.1000000000003
2017-06-29 19:00:00,629.5000000000003
2017-06-30 05:00:00,633.4000000000004
2017-06-30 13:00:00,632.8000000000003
2017-06-30 14:00:00,630.7000000000004
2017-06-30 15:00:00,632.7000000000004
2017-06-30 16:00:00,631.4000000000004
2017-06-30 17:00:00,635.0000000000003
2017-06-30 18:00:00,634.7000000000004
2017-06-30 19:00:00,633.7000000000004
2017-07-03 05:00:00,647.2000000000004
2017-07-03 13:00:00,640.3000000000003
2017-07-03 14:00:00,646.8000000000003
2017-07-03 15:00:00,647.5000000000003
2017-07-03 16:00:00,647.1000000000003
2017-07-05 05:00:00,632.7000000000004
2017-07-05 13:00:00,639.0000000000003
2017-07-05 14:00:00,632.4000000000004
2017-07-05 15:00:00,634.4000000000004
2017-07-05 16:00:00,635.3000000000003
2017-07-05 17:00:00,632.7000000000004
2017-07-05 18:00:00,630.2000000000004
2017-07-05 19:00:00,632.6000000000003
2017-07-06 05:00:00,625.0000000000003
2017-07-06 13:00:00,632.7000000000004
2017-07-06 14:00:00,627.8000000000003
2017-07-06 15:00:00,629.6000000000003
2017-07-06 16:00:00,630.5000000000003
2017-07-06 17:00:00,626.6000000000003
2017-07-06 18:00:00,625.9000000000004
2017-07-06 19:00:00,625.0000000000003
2017-07-07 05:00:00,624.0000000000003
2017-07-07 13:00:00,621.7000000000004
2017-07-07 14:00:00,619.3000000000003
2017-07-07 15:00:00,620.9000000000004
2017-07-07 16:00:00,621.8000000000003
2017-07-07 17:00:00,620.9000000000004
2017-07-07 18:00:00,621.4000000000004
2017-07-07 19:00:00,623.9000000000004
2017-07-10 05:00:00,625.9000000000004
2017-07-10 13:00:00,624.5000000000003
2017-07-10 14:00:00,624.3000000000003
2017-07-10 15:00:00,624.7000000000004
2017-07-10 16:00:00,626.7000000000004
2017-07-10 17:00:00,625.8000000000003
2017-07-10 18:00:00,625.9000000000004
2017-07-10 19:00:00,625.9000000000004
2017-07-11 05:00:00,629.6000000000003
2017-07-11 13:00:00,625.2000000000004
2017-07-11 14:00:00,629.5000000000003
2017-07-11 15:00:00,630.2000000000004
2017-07-11 16:00:00,629.9000000000004
2017-07-11 17:00:00,630.7000000000004
2017-07-11 18:00:00,630.0000000000003
2017-07-11 19:00:00,629.5000000000003
2017-07-12 05:00:00,631.0000000000003
2017-07-12 13:00:00,636.7000000000004
2017-07-12 14:00:00,630.9000000000004
2017-07-12 15:00:00,633.4000000000004
2017-07-12 16:00:00,633.7000000000004
2017-07-12 17:00:00,632.5000000000003
2017-07-12 18:00:00,631.0000000000003
2017-07-12 19:00:00,631.0000000000003
2017-07-13 05:00:00,633.9000000000004
2017-07-13 13:00:00,629.5000000000003
2017-07-13 14:00:00,630.8000000000003
2017-07-13 15:00:00,631.0000000000003
2017-07-13 16:00:00,630.6000000000003
2017-07-13 17:00:00,631.3000000000003
2017-07-13 18:00:00,632.6000000000003
2017-07-13 19:00:00,634.0000000000003
2017-07-14 05:00:00,637.8000000000003
2017-07-14 13:00:00,637.2000000000004
2017-07-14 14:00:00,637.0000000000003
2017-07-14 15:00:00,635.1000000000003
2017-07-14 16:00:00,636.2000000000004
2017-07-14 17:00:00,637.5000000000003
2017-07-14 18:00:00,637.5000000000003
2017-07-14 19:00:00,638.3000000000003
2017-07-17 05:00:00,636.8000000000003
2017-07-17 13:00:00,639.6000000000003
2017-07-17 15:00:00,639.0000000000003
2017-07-17 16:00:00,639.6000000000003
2017-07-17 17:00:00,638.8000000000003
2017-07-17 18:00:00,638.5000000000003
2017-07-17 19:00:00,636.8000000000003
2017-07-18 05:00:00,633.8000000000003
2017-07-18 13:00:00,637.4000000000004
2017-07-18 14:00:00,636.0000000000003
2017-07-18 15:00:00,634.5000000000003
2017-07-18 16:00:00,633.7000000000004
2017-07-18 17:00:00,631.8000000000003
2017-07-18 18:00:00,633.1000000000003
2017-07-18 19:00:00,633.6000000000003
2017-07-18 20:00:00,633.8000000000003
2017-07-19 05:00:00,643.4000000000004
2017-07-19 13:00:00,635.6000000000003
2017-07-19 14:00:00,637.3000000000003
2017-07-19 15:00:00,637.6000000000003
2017-07-19 16:00:00,640.6000000000003
2017-07-19 17:00:00,642.3000000000003
2017-07-19 18:00:00,642.0000000000003
2017-07-19 19:00:00,643.2000000000004
2017-07-20 05:00:00,641.3000000000003
2017-07-20 13:00:00,649.2000000000004
2017-07-20 14:00:00,645.3000000000003
2017-07-20 15:00:00,642.0000000000003
2017-07-20 16:00:00,643.9000000000004
2017-07-20 17:00:00,644.2000000000004
2017-07-20 18:00:00,644.0000000000003
2017-07-20 19:00:00,641.3000000000003
2017-07-21 05:00:00,635.4000000000004
2017-07-21 13:00:00,637.4000000000004
2017-07-21 14:00:00,636.6000000000003
2017-07-21 15:00:00,636.6000000000003
2017-07-21 16:00:00,635.6000000000003
2017-07-21 17:00:00,636.5000000000003
2017-07-21 18:00:00,636.0000000000003
2017-07-21 19:00:00,635.3000000000003
2017-07-24 05:00:00,633.2000000000004
2017-07-24 13:00:00,634.2000000000004
2017-07-24 14:00:00,635.8000000000003
2017-07-24 15:00:00,634.0000000000003
2017-07-24 16:00:00,633.8000000000003
2017-07-24 17:00:00,632.7000000000004
2017-07-24 18:00:00,633.4000000000004
2017-07-24 19:00:00,633.6000000000003
2017-07-25 05:00:00,642.0000000000003
2017-07-25 13:00:00,643.8000000000003
2017-07-25 14:00:00,644.7000000000004
2017-07-25 15:00:00,645.0000000000003
2017-07-25 16:00:00,645.8000000000003
2017-07-25 17:00:00,643.0000000000003
2017-07-25 18:00:00,643.8000000000003
2017-07-25 19:00:00,642.0000000000003
2017-07-25 20:00:00,641.9000000000004
2017-07-26 05:00:00,642.1000000000003
2017-07-26 13:00:00,642.5000000000003
2017-07-26 14:00:00,645.3000000000003
2017-07-26 15:00:00,650.0000000000003
2017-07-26 16:00:00,648.6000000000003
2017-07-26 17:00:00,645.2000000000004
2017-07-26 18:00:00,645.4000000000004
2017-07-26 19:00:00,642.1000000000003
2017-07-27 05:00:00,649.3000000000003
2017-07-27 13:00:00,641.0000000000003
2017-07-27 14:00:00,642.9000000000004
2017-07-27 15:00:00,643.0000000000003
2017-07-27 16:00:00,645.5000000000003
2017-07-27 17:00:00,646.5000000000003
2017-07-27 18:00:00,646.9000000000004
2017-07-27 19:00:00,649.7000000000004
2017-07-28 05:00:00,648.6000000000003
2017-07-28 13:00:00,649.1000000000003
2017-07-28 14:00:00,652.7000000000004
2017-07-28 15:00:00,648.2000000000004
2017-07-28 16:00:00,647.7000000000004
2017-07-28 17:00:00,647.7000000000004
2017-07-28 18:00:00,647.6000000000003
2017-07-28 19:00:00,648.6000000000003
2017-07-31 05:00:00,650.2000000000004
2017-07-31 13:00:00,648.3000000000003
2017-07-31 14:00:00,647.2000000000004
2017-07-31 15:00:00,647.9000000000004
2017-07-31 16:00:00,649.6000000000003
2017-07-31 17:00:00,651.0000000000003
2017-07-31 18:00:00,652.2000000000004
2017-07-31 19:00:00,650.2000000000004
2017-08-01 05:00:00,649.7000000000004
2017-08-01 11:00:00,650.3000000000003
2017-08-01 13:00:00,649.0000000000003
2017-08-01 14:00:00,652.9000000000004
2017-08-01 15:00:00,648.6000000000003
2017-08-01 16:00:00,648.6000000000003
2017-08-01 17:00:00,648.8000000000003
2017-08-01 18:00:00,649.3000000000003
2017-08-01 19:00:00,649.6000000000003
2017-08-02 05:00:00,646.6000000000003
2017-08-02 13:00:00,644.3000000000003
2017-08-02 14:00:00,641.9000000000004
2017-08-02 15:00:00,646.0000000000003
2017-08-02 16:00:00,646.7000000000004
2017-08-02 17:00:00,647.0000000000003
2017-08-02 18:00:00,647.7000000000004
2017-08-02 19:00:00,646.8000000000003
2017-08-03 05:00:00,637.3000000000003
2017-08-03 13:00:00,644.2000000000004
2017-08-03 14:00:00,641.9000000000004
2017-08-03 15:00:00,642.7000000000004
2017-08-03 16:00:00,638.7000000000004
2017-08-03 17:00:00,637.6000000000003
2017-08-03 18:00:00,635.0000000000003
2017-08-03 19:00:00,637.3000000000003
2017-08-04 05:00:00,639.6000000000003
2017-08-04 13:00:00,638.7000000000004
2017-08-04 14:00:00,638.2000000000004
2017-08-04 15:00:00,638.8000000000003
2017-08-04 16:00:00,640.6000000000003
2017-08-04 17:00:00,639.7000000000004
2017-08-04 18:00:00,640.2000000000004
2017-08-04 19:00:00,639.8000000000003
2017-08-04 20:00:00,639.7000000000004
2017-08-07 05:00:00,633.9000000000004
2017-08-07 13:00:00,636.3000000000003
2017-08-07 14:00:00,634.4000000000004
2017-08-07 15:00:00,634.7000000000004
2017-08-07 16:00:00,634.3000000000003
2017-08-07 17:00:00,633.8000000000003
2017-08-07 18:00:00,633.9000000000004
2017-08-07 19:00:00,633.9000000000004
2017-08-07 20:00:00,634.5000000000003
2017-08-08 05:00:00,633.3000000000003
2017-08-08 13:00:00,633.3000000000003
2017-08-08 14:00:00,637.1000000000003
2017-08-08 15:00:00,636.8000000000003
2017-08-08 16:00:00,634.6000000000003
2017-08-08 17:00:00,634.1000000000003
2017-08-08 18:00:00,633.5000000000003
2017-08-08 19:00:00,633.3000000000003
2017-08-09 05:00:00,633.7000000000004
2017-08-09 13:00:00,636.9000000000004
2017-08-09 14:00:00,634.2000000000004
2017-08-09 15:00:00,632.7000000000004
2017-08-09 16:00:00,632.2000000000004
2017-08-09 17:00:00,632.0000000000003
2017-08-09 18:00:00,632.3000000000003
2017-08-09 19:00:00,633.7000000000004
2017-08-10 05:00:00,626.8000000000003
2017-08-10 13:00:00,635.0000000000003
2017-08-10 14:00:00,634.1000000000003
2017-08-10 15:00:00,632.0000000000003
2017-08-10 16:00:00,630.1000000000003
2017-08-10 17:00:00,628.5000000000003
2017-08-10 18:00:00,629.2000000000004
2017-08-10 19:00:00,627.1000000000003
2017-08-11 05:00:00,622.2000000000004
2017-08-11 13:00:00,625.2000000000004
2017-08-11 14:00:00,624.4000000000004
2017-08-11 15:00:00,623.2000000000004
2017-08-11 16:00:00,623.2000000000004
2017-08-11 17:00:00,623.6000000000003
2017-08-11 18:00:00,622.9000000000004
2017-08-11 19:00:00,622.2000000000004
2017-08-14 05:00:00,620.4000000000004
2017-08-14 13:00:00,624.3000000000003
2017-08-14 14:00:00,625.4000000000004
2017-08-14 15:00:00,624.9000000000004
2017-08-14 16:00:00,622.6000000000003
2017-08-14 17:00:00,621.6000000000003
2017-08-14 18:00:00,620.2000000000004
2017-08-14 19:00:00,620.4000000000004
2017-08-15 05:00:00,617.9000000000004
2017-08-15 13:00:00,615.8000000000003
2017-08-15 14:00:00,615.6000000000003
2017-08-15 15:00:00,615.4000000000004
2017-08-15 16:00:00,614.8000000000003
2017-08-15 17:00:00,617.7000000000004
2017-08-15 18:00:00,617.3000000000003
2017-08-15 19:00:00,617.9000000000004
2017-08-16 05:00:00,611.7000000000004
2017-08-16 13:00:00,618.6000000000003
2017-08-16 14:00:00,618.0000000000003
2017-08-16 15:00:00,615.2000000000004
2017-08-16 16:00:00,613.6000000000003
2017-08-16 17:00:00,611.8000000000003
2017-08-16 18:00:00,611.7000000000004
2017-08-16 19:00:00,611.6000000000003
2017-08-16 20:00:00,611.9000000000004
2017-08-17 05:00:00,602.9000000000004
2017-08-17 13:00:00,610.3000000000003
2017-08-17 14:00:00,609.1000000000003
2017-08-17 15:00:00,607.6000000000003
2017-08-17 16:00:00,606.2000000000004
2017-08-17 17:00:00,606.7000000000004
2017-08-17 18:00:00,605.9000000000004
2017-08-17 19:00:00,602.9000000000004
2017-08-18 05:00:00,606.3000000000003
2017-08-18 13:00:00,602.9000000000004
2017-08-18 14:00:00,601.6000000000003
2017-08-18 15:00:00,606.2000000000004
2017-08-18 16:00:00,608.7000000000004
2017-08-18 17:00:00,606.8000000000003
2017-08-18 18:00:00,607.2000000000004
2017-08-18 19:00:00,606.3000000000003
2017-08-21 05:00:00,602.7000000000004
2017-08-21 13:00:00,603.2000000000004
2017-08-21 14:00:00,603.3000000000003
2017-08-21 15:00:00,602.3000000000003
2017-08-21 16:00:00,603.0000000000003
2017-08-21 17:00:00,601.0000000000003
2017-08-21 18:00:00,602.0000000000003
2017-08-21 19:00:00,602.6000000000003
2017-08-22 05:00:00,606.8000000000003
2017-08-22 13:00:00,607.4000000000004
2017-08-22 14:00:00,607.3000000000003
2017-08-22 15:00:00,606.4000000000004
2017-08-22 16:00:00,606.7000000000004
2017-08-22 17:00:00,607.4000000000004
2017-08-22 18:00:00,606.8000000000003
2017-08-22 19:00:00,606.5000000000003
2017-08-22 20:00:00,606.9000000000004
2017-08-23 05:00:00,609.5000000000003
2017-08-23 13:00:00,606.3000000000003
2017-08-23 14:00:00,609.2000000000004
2017-08-23 15:00:00,611.9000000000004
2017-08-23 16:00:00,610.5000000000003
2017-08-23 17:00:00,611.8000000000003
2017-08-23 18:00:00,610.3000000000003
2017-08-23 19:00:00,609.6000000000003
2017-08-24 05:00:00,609.6000000000003
2017-08-24 13:00:00,607.6000000000003
2017-08-24 14:00:00,609.6000000000003
2017-08-24 15:00:00,608.4000000000004
2017-08-24 16:00:00,610.3000000000003
2017-08-24 17:00:00,610.8000000000003
2017-08-24 18:00:00,610.6000000000003
2017-08-24 19:00:00,609.7000000000004
2017-08-24 20:00:00,610.2000000000004
2017-08-25 05:00:00,612.6000000000003
2017-08-25 13:00:00,612.8000000000003
2017-08-25 14:00:00,612.8000000000003
2017-08-25 15:00:00,613.3000000000003
2017-08-25 16:00:00,613.5000000000003
2017-08-25 17:00:00,613.6000000000003
2017-08-25 18:00:00,614.0000000000003
2017-08-25 19:00:00,613.0000000000003
2017-08-25 20:00:00,612.5000000000003
2017-08-28 05:00:00,609.6000000000003
2017-08-28 13:00:00,611.8000000000003
2017-08-28 14:00:00,608.9000000000004
2017-08-28 15:00:00,607.5000000000003
2017-08-28 16:00:00,606.7000000000004
2017-08-28 17:00:00,607.4000000000004
2017-08-28 18:00:00,608.1000000000003
2017-08-28 19:00:00,609.6000000000003
2017-08-29 05:00:00,608.6000000000003
2017-08-29 13:00:00,606.1000000000003
2017-08-29 14:00:00,605.3000000000003
2017-08-29 15:00:00,605.7000000000004
2017-08-29 16:00:00,606.7000000000004
2017-08-29 17:00:00,608.3000000000003
2017-08-29 18:00:00,609.2000000000004
2017-08-29 19:00:00,608.6000000000003
2017-08-30 05:00:00,609.0000000000003
2017-08-30 13:00:00,606.3000000000003
2017-08-30 14:00:00,607.0000000000003
2017-08-30 15:00:00,610.4000000000004
2017-08-30 16:00:00,609.6000000000003
2017-08-30 17:00:00,608.5000000000003
2017-08-30 18:00:00,608.2000000000004
2017-08-30 19:00:00,608.9000000000004
2017-08-31 05:00:00,612.3000000000003
2017-08-31 13:00:00,610.4000000000004
2017-08-31 14:00:00,612.9000000000004
2017-08-31 15:00:00,612.5000000000003
2017-08-31 16:00:00,613.1000000000003
2017-08-31 17:00:00,613.5000000000003
2017-08-31 18:00:00,613.0000000000003
2017-08-31 19:00:00,612.3000000000003
2017-08-31 20:00:00,612.3000000000003
2017-09-01 05:00:00,618.3000000000003
2017-09-01 13:00:00,613.2000000000004
2017-09-01 14:00:00,618.3000000000003
2017-09-01 15:00:00,616.6000000000003
2017-09-01 16:00:00,617.9000000000004
2017-09-01 17:00:00,619.4000000000004
2017-09-01 18:00:00,619.2000000000004
2017-09-01 19:00:00,619.2000000000004
2017-09-05 05:00:00,621.7000000000004
2017-09-05 13:00:00,621.8000000000003
2017-09-05 14:00:00,621.6000000000003
2017-09-05 15:00:00,622.4000000000004
2017-09-05 16:00:00,618.7000000000004
2017-09-05 17:00:00,619.1000000000003
2017-09-05 18:00:00,620.2000000000004
2017-09-05 19:00:00,621.7000000000004
2017-09-05 20:00:00,621.4000000000004
2017-09-06 05:00:00,631.7000000000004
2017-09-06 13:00:00,630.4000000000004
2017-09-06 14:00:00,631.3000000000003
2017-09-06 15:00:00,631.4000000000004
2017-09-06 16:00:00,633.0000000000003
2017-09-06 17:00:00,632.3000000000003
2017-09-06 18:00:00,632.5000000000003
2017-09-06 19:00:00,631.7000000000004
2017-09-07 05:00:00,633.2000000000004
2017-09-07 13:00:00,631.7000000000004
2017-09-07 14:00:00,631.6000000000003
2017-09-07 15:00:00,630.5000000000003
2017-09-07 16:00:00,633.5000000000003
2017-09-07 17:00:00,631.9000000000004
2017-09-07 18:00:00,633.1000000000003
2017-09-07 19:00:00,633.2000000000004
2017-09-08 05:00:00,626.1000000000003
2017-09-08 13:00:00,629.5000000000003
2017-09-08 14:00:00,625.7000000000004
2017-09-08 15:00:00,627.2000000000004
2017-09-08 16:00:00,626.7000000000004
2017-09-08 17:00:00,624.1000000000003
2017-09-08 18:00:00,625.3000000000003
2017-09-08 19:00:00,625.8000000000003
2017-09-11 05:00:00,632.6000000000003
2017-09-11 13:00:00,628.2000000000002
2017-09-11 14:00:00,630.6000000000003
2017-09-11 16:00:00,632.8000000000003
2017-09-11 17:00:00,633.3000000000003
2017-09-11 18:00:00,632.3000000000003
2017-09-12 05:00:00,636.2000000000002
2017-09-12 13:00:00,635.5000000000003
2017-09-12 14:00:00,636.1000000000003
2017-09-12 15:00:00,637.1000000000003
2017-09-12 16:00:00,636.5000000000003
2017-09-12 17:00:00,637.1000000000003
2017-09-12 18:00:00,636.7000000000002
2017-09-12 19:00:00,636.2000000000002
2017-09-13 05:00:00,644.6000000000003
2017-09-13 13:00:00,642.5000000000003
2017-09-13 14:00:00,641.4000000000002
2017-09-13 15:00:00,643.7000000000002
2017-09-13 16:00:00,641.8000000000003
2017-09-13 17:00:00,644.2000000000002
2017-09-13 18:00:00,644.2000000000002
2017-09-13 19:00:00,644.6000000000003
2017-09-14 05:00:00,647.7000000000002
2017-09-14 13:00:00,649.8000000000003
2017-09-14 14:00:00,651.2000000000002
2017-09-14 15:00:00,646.9000000000002
2017-09-14 16:00:00,647.1000000000003
2017-09-14 17:00:00,648.3000000000003
2017-09-14 18:00:00,648.6000000000003
2017-09-14 19:00:00,647.7000000000002
2017-09-15 05:00:00,649.3000000000003
2017-09-15 13:00:00,647.7000000000002
2017-09-15 14:00:00,646.7000000000002
2017-09-15 15:00:00,646.5000000000003
2017-09-15 16:00:00,646.6000000000003
2017-09-15 17:00:00,648.2000000000002
2017-09-15 18:00:00,648.4000000000002
2017-09-15 19:00:00,649.3000000000003
2017-09-18 05:00:00,652.3000000000003
2017-09-18 13:00:00,651.4000000000002
2017-09-18 14:00:00,651.1000000000003
2017-09-18 15:00:00,648.7000000000002
2017-09-18 16:00:00,650.2000000000002
2017-09-18 17:00:00,651.5000000000003
2017-09-18 18:00:00,651.4000000000002
2017-09-18 19:00:00,652.3000000000003
2017-09-19 05:00:00,654.9000000000002
2017-09-19 13:00:00,654.7000000000002
2017-09-19 14:00:00,654.3000000000003
2017-09-19 15:00:00,655.8000000000003
2017-09-19 16:00:00,652.9000000000002
2017-09-19 17:00:00,652.9000000000002
2017-09-19 18:00:00,654.3000000000003
2017-09-19 19:00:00,655.0000000000003
2017-09-20 05:00:00,659.7000000000002
2017-09-20 13:00:00,659.1000000000003
2017-09-20 14:00:00,658.4000000000002
2017-09-20 15:00:00,660.6000000000003
2017-09-20 16:00:00,659.7000000000002
2017-09-20 17:00:00,661.1000000000003
2017-09-20 18:00:00,659.8000000000003
2017-09-20 19:00:00,659.6000000000003
2017-09-21 05:00:00,659.5000000000003
2017-09-21 13:00:00,658.0000000000003
2017-09-21 14:00:00,660.7000000000002
2017-09-21 15:00:00,659.1000000000003
2017-09-21 16:00:00,659.9000000000002
2017-09-21 17:00:00,660.0000000000003
2017-09-21 18:00:00,659.0000000000003
2017-09-21 19:00:00,659.3000000000003
2017-09-22 05:00:00,663.1000000000003
2017-09-22 13:00:00,660.5000000000003
2017-09-22 14:00:00,663.3000000000003
2017-09-22 15:00:00,663.4000000000002
2017-09-22 16:00:00,661.5000000000003
2017-09-22 17:00:00,661.3000000000003
2017-09-22 18:00:00,662.4000000000002
2017-09-22 19:00:00,663.4000000000002
2017-09-25 05:00:00,673.1000000000003
2017-09-25 13:00:00,670.4000000000002
2017-09-25 14:00:00,670.7000000000002
2017-09-25 15:00:00,671.2000000000002
2017-09-25 16:00:00,672.9000000000002
2017-09-25 17:00:00,674.3000000000003
2017-09-25 18:00:00,673.2000000000002
2017-09-25 19:00:00,673.1000000000003
2017-09-26 05:00:00,672.4000000000002
2017-09-26 13:00:00,672.2000000000002
2017-09-26 14:00:00,672.0000000000003
2017-09-26 15:00:00,672.7000000000002
2017-09-26 16:00:00,672.7000000000002
2017-09-26 17:00:00,673.4000000000002
2017-09-26 18:00:00,673.2000000000002
2017-09-26 19:00:00,672.4000000000002
2017-09-27 05:00:00,675.2000000000002
2017-09-27 13:00:00,672.2000000000002
2017-09-27 14:00:00,670.9000000000002
2017-09-27 15:00:00,671.7000000000002
2017-09-27 16:00:00,673.3000000000003
2017-09-27 17:00:00,672.2000000000002
2017-09-27 18:00:00,673.9000000000002
2017-09-27 19:00:00,675.2000000000002
2017-09-28 05:00:00,675.8000000000003
2017-09-28 13:00:00,677.2000000000002
2017-09-28 14:00:00,676.4000000000002
2017-09-28 15:00:00,674.9000000000002
2017-09-28 16:00:00,675.8000000000003
2017-09-28 17:00:00,676.0000000000003
2017-09-28 18:00:00,676.0000000000003
2017-09-28 19:00:00,675.5000000000003
2017-09-29 05:00:00,675.7000000000002
2017-09-29 13:00:00,672.5000000000003
2017-09-29 14:00:00,673.0000000000003
2017-09-29 15:00:00,673.1000000000003
2017-09-29 16:00:00,674.5000000000003
2017-09-29 17:00:00,674.3000000000003
2017-09-29 18:00:00,674.6000000000003
2017-09-29 19:00:00,675.7000000000002
2017-09-29 20:00:00,675.4000000000002
2017-10-02 05:00:00,675.4000000000002
2017-10-02 13:00:00,669.9000000000002
2017-10-02 14:00:00,672.6000000000003
2017-10-02 15:00:00,672.0000000000003
2017-10-02 16:00:00,674.6000000000003
2017-10-02 17:00:00,675.3000000000003
2017-10-02 18:00:00,674.1000000000003
2017-10-02 19:00:00,675.3000000000003
2017-10-03 05:00:00,674.9000000000002
2017-10-03 13:00:00,675.8000000000003
2017-10-03 14:00:00,674.2000000000002
2017-10-03 15:00:00,674.8000000000003
2017-10-03 16:00:00,676.0000000000003
2017-10-03 17:00:00,676.7000000000002
2017-10-03 18:00:00,675.7000000000002
2017-10-03 19:00:00,675.0000000000003
2017-10-03 20:00:00,674.8000000000003
2017-10-04 05:00:00,674.3000000000003
2017-10-04 13:00:00,673.1000000000003
2017-10-04 14:00:00,674.4000000000002
2017-10-04 15:00:00,675.4000000000002
2017-10-04 16:00:00,672.7000000000002
2017-10-04 17:00:00,673.4000000000002
2017-10-04 19:00:00,674.4000000000002
2017-10-05 05:00:00,677.1000000000003
2017-10-05 13:00:00,676.1000000000003
2017-10-05 14:00:00,677.7000000000002
2017-10-05 15:00:00,677.6000000000003
2017-10-05 16:00:00,676.7000000000002
2017-10-05 17:00:00,677.2000000000002
2017-10-05 19:00:00,677.2000000000002
2017-10-06 05:00:00,671.1000000000003
2017-10-06 13:00:00,672.0000000000003
2017-10-06 14:00:00,670.7000000000002
2017-10-06 15:00:00,670.7000000000002
2017-10-06 16:00:00,669.5000000000003
2017-10-06 17:00:00,670.4000000000002
2017-10-06 18:00:00,670.0000000000003
2017-10-06 19:00:00,671.1000000000003
2017-10-09 05:00:00,672.8000000000003
2017-10-09 13:00:00,673.0000000000003
2017-10-09 14:00:00,672.8000000000003
2017-10-09 15:00:00,672.6000000000003
2017-10-09 16:00:00,672.3000000000003
2017-10-09 17:00:00,672.7000000000002
2017-10-09 18:00:00,672.9000000000002
2017-10-09 19:00:00,672.6000000000003
2017-10-10 05:00:00,673.5000000000003
2017-10-10 13:00:00,679.7000000000002
2017-10-10 14:00:00,677.4000000000002
2017-10-10 15:00:00,676.7000000000002
2017-10-10 16:00:00,676.6000000000003
2017-10-10 17:00:00,676.0000000000003
2017-10-10 18:00:00,674.5000000000003
2017-10-10 19:00:00,673.5000000000003
2017-10-11 05:00:00,674.9000000000002
2017-10-11 13:00:00,670.0000000000003
2017-10-11 14:00:00,673.5000000000003
2017-10-11 15:00:00,674.0000000000003
2017-10-11 16:00:00,674.2000000000002
2017-10-11 17:00:00,673.4000000000002
2017-10-11 18:00:00,673.8000000000003
2017-10-11 19:00:00,674.7000000000002
2017-10-12 05:00:00,672.1000000000003
2017-10-12 13:00:00,669.9000000000002
2017-10-12 14:00:00,670.6000000000003
2017-10-12 15:00:00,672.0000000000003
2017-10-12 16:00:00,670.8000000000003
2017-10-12 17:00:00,671.9000000000002
2017-10-12 18:00:00,671.6000000000003
2017-10-12 19:00:00,671.9000000000002
2017-10-13 05:00:00,671.8000000000003
2017-10-13 13:00:00,674.7000000000002
2017-10-13 14:00:00,674.0000000000003
2017-10-13 15:00:00,673.8000000000003
2017-10-13 16:00:00,674.3000000000003
2017-10-13 17:00:00,673.9000000000002
2017-10-13 18:00:00,673.9000000000002
2017-10-13 19:00:00,671.9000000000002
2017-10-16 05:00:00,673.2000000000002
2017-10-16 13:00:00,676.4000000000002
2017-10-16 14:00:00,673.9000000000002
2017-10-16 15:00:00,672.2000000000002
2017-10-16 16:00:00,673.7000000000002
2017-10-16 17:00:00,674.0000000000003
2017-10-16 18:00:00,673.9000000000002
2017-10-16 19:00:00,673.2000000000002
2017-10-17 05:00:00,673.9000000000002
2017-10-17 13:00:00,673.9000000000002
2017-10-17 14:00:00,671.6000000000003
2017-10-17 15:00:00,670.5000000000003
2017-10-17 16:00:00,672.3000000000003
2017-10-17 18:00:00,672.9000000000002
2017-10-17 19:00:00,673.6000000000003
2017-10-18 05:00:00,668.8000000000003
2017-10-18 13:00:00,675.5000000000003
2017-10-18 14:00:00,671.5000000000003
2017-10-18 15:00:00,670.3000000000003
2017-10-18 16:00:00,669.6000000000003
2017-10-18 17:00:00,669.3000000000003
2017-10-18 18:00:00,669.0000000000003
2017-10-18 19:00:00,668.8000000000003
2017-10-19 05:00:00,666.5000000000003
2017-10-19 13:00:00,668.0000000000003
2017-10-19 14:00:00,668.5000000000003
2017-10-19 16:00:00,666.5000000000003
2017-10-19 18:00:00,666.8000000000003
2017-10-19 19:00:00,666.2000000000002
2017-10-20 05:00:00,668.2000000000002
2017-10-20 13:00:00,665.2000000000002
2017-10-20 14:00:00,667.9000000000002
2017-10-20 15:00:00,667.4000000000002
2017-10-20 16:00:00,665.7000000000002
2017-10-20 17:00:00,666.7000000000002
2017-10-20 18:00:00,667.6000000000003
2017-10-20 19:00:00,668.2000000000002
2017-10-23 05:00:00,663.9000000000002
2017-10-23 13:00:00,669.8000000000003
2017-10-23 14:00:00,667.6000000000003
2017-10-23 15:00:00,666.2000000000002
2017-10-23 16:00:00,666.2000000000002
2017-10-23 17:00:00,666.0000000000003
2017-10-23 18:00:00,665.2000000000002
2017-10-23 19:00:00,663.9000000000002
2017-10-23 20:00:00,664.5000000000003
2017-10-24 05:00:00,665.7000000000002
2017-10-24 13:00:00,668.4000000000002
2017-10-24 14:00:00,666.0000000000003
2017-10-24 15:00:00,667.3000000000003
2017-10-24 16:00:00,665.2000000000002
2017-10-24 17:00:00,667.2000000000002
2017-10-24 18:00:00,666.1000000000003
2017-10-24 19:00:00,665.6000000000003
2017-10-25 05:00:00,661.2000000000002
2017-10-25 13:00:00,666.1000000000003
2017-10-25 14:00:00,663.6000000000003
2017-10-25 15:00:00,660.0000000000003
2017-10-25 16:00:00,660.5000000000003
2017-10-25 17:00:00,661.5000000000003
2017-10-25 18:00:00,659.9000000000002
2017-10-25 19:00:00,661.2000000000002
2017-10-25 20:00:00,660.2000000000002
2017-10-26 05:00:00,662.4000000000002
2017-10-26 13:00:00,659.0000000000003
2017-10-26 14:00:00,660.4000000000002
2017-10-26 15:00:00,662.6000000000003
2017-10-26 16:00:00,660.8000000000003
2017-10-26 17:00:00,661.8000000000003
2017-10-26 18:00:00,663.0000000000003
2017-10-26 19:00:00,662.8000000000003
2017-10-26 20:00:00,664.2000000000002
2017-10-27 05:00:00,663.9000000000002
2017-10-27 13:00:00,658.0000000000003
2017-10-27 14:00:00,661.4000000000002
2017-10-27 15:00:00,665.4000000000002
2017-10-27 16:00:00,663.0000000000003
2017-10-27 17:00:00,663.3000000000003
2017-10-27 18:00:00,663.0000000000003
2017-10-27 19:00:00,663.2000000000002
2017-10-27 20:00:00,663.8000000000003
2017-10-30 05:00:00,666.8000000000003
2017-10-30 13:00:00,667.8000000000003
2017-10-30 14:00:00,667.9000000000002
2017-10-30 15:00:00,667.8000000000003
2017-10-30 16:00:00,665.2000000000002
2017-10-30 17:00:00,667.1000000000003
2017-10-30 18:00:00,668.2000000000002
2017-10-30 19:00:00,666.8000000000003
2017-10-31 05:00:00,669.4000000000002
2017-10-31 13:00:00,664.7000000000002
2017-10-31 14:00:00,665.5000000000003
2017-10-31 15:00:00,668.0000000000003
2017-10-31 16:00:00,668.7000000000002
2017-10-31 17:00:00,669.4000000000002
2017-10-31 18:00:00,669.2000000000002
2017-10-31 19:00:00,669.3000000000003
2017-11-01 05:00:00,676.9000000000002
2017-11-01 13:00:00,680.1000000000003
2017-11-01 14:00:00,676.7000000000002
2017-11-01 15:00:00,675.5000000000003
2017-11-01 16:00:00,676.3000000000003
2017-11-01 17:00:00,673.7000000000002
2017-11-01 18:00:00,675.4000000000002
2017-11-01 19:00:00,676.7000000000002
2017-11-02 05:00:00,674.6000000000003
2017-11-02 13:00:00,674.5000000000003
2017-11-02 14:00:00,674.4000000000002
2017-11-02 15:00:00,674.8000000000003
2017-11-02 16:00:00,675.1000000000003
2017-11-02 17:00:00,673.8000000000003
2017-11-02 18:00:00,670.9000000000002
2017-11-02 19:00:00,674.9000000000002
2017-11-03 05:00:00,676.8000000000003
2017-11-03 13:00:00,675.2000000000002
2017-11-03 14:00:00,674.2000000000002
2017-11-03 15:00:00,675.9000000000002
2017-11-03 16:00:00,675.6000000000003
2017-11-03 17:00:00,677.2000000000002
2017-11-03 18:00:00,678.7000000000002
2017-11-03 19:00:00,677.2000000000002
2017-11-03 20:00:00,677.2000000000002
2017-11-06 06:00:00,692.8000000000003
2017-11-06 14:00:00,682.2000000000002
2017-11-06 15:00:00,684.1000000000003
2017-11-06 16:00:00,688.8000000000003
2017-11-06 17:00:00,689.5000000000003
2017-11-06 18:00:00,691.4000000000002
2017-11-06 19:00:00,690.9000000000002
2017-11-06 20:00:00,693.4000000000002
2017-11-07 06:00:00,691.4000000000002
2017-11-07 14:00:00,692.5000000000003
2017-11-07 15:00:00,692.1000000000003
2017-11-07 16:00:00,690.6000000000003
2017-11-07 17:00:00,690.0000000000003
2017-11-07 18:00:00,690.7000000000002
2017-11-07 19:00:00,690.1000000000003
2017-11-07 20:00:00,690.8000000000003
2017-11-08 06:00:00,688.3000000000003
2017-11-08 14:00:00,686.2000000000002
2017-11-08 15:00:00,684.5000000000003
2017-11-08 16:00:00,689.0000000000003
2017-11-08 17:00:00,688.2000000000002
2017-11-08 18:00:00,688.6000000000003
2017-11-08 19:00:00,689.0000000000003
2017-11-08 20:00:00,687.8000000000003
2017-11-09 06:00:00,690.4000000000002
2017-11-09 14:00:00,684.8000000000003
2017-11-09 15:00:00,688.2000000000002
2017-11-09 16:00:00,685.4000000000002
2017-11-09 17:00:00,688.0000000000003
2017-11-09 18:00:00,688.4000000000002
2017-11-09 19:00:00,689.9000000000002
2017-11-09 20:00:00,690.4000000000002
2017-11-09 21:00:00,690.4000000000002
2017-11-10 06:00:00,686.6000000000003
2017-11-10 14:00:00,687.4000000000002
2017-11-10 15:00:00,686.6000000000003
2017-11-10 16:00:00,684.1000000000003
2017-11-10 17:00:00,683.9000000000002
2017-11-10 18:00:00,684.2000000000002
2017-11-10 19:00:00,685.9000000000002
2017-11-10 20:00:00,686.7000000000002
2017-11-13 06:00:00,682.5000000000003
2017-11-13 14:00:00,684.6000000000003
2017-11-13 15:00:00,685.0000000000003
2017-11-13 16:00:00,682.4000000000002
2017-11-13 17:00:00,683.6000000000003
2017-11-13 18:00:00,682.9000000000002
2017-11-13 19:00:00,682.8000000000003
2017-11-13 20:00:00,682.5000000000003
2017-11-14 06:00:00,671.2000000000002
2017-11-14 14:00:00,677.2000000000002
2017-11-14 15:00:00,675.5000000000003
2017-11-14 16:00:00,673.5000000000003
2017-11-14 17:00:00,673.2000000000002
2017-11-14 18:00:00,672.6000000000003
2017-11-14 19:00:00,673.3000000000003
2017-11-14 20:00:00,671.2000000000002
2017-11-15 06:00:00,663.0000000000003
2017-11-15 09:00:00,668.3000000000003
2017-11-15 14:00:00,660.8000000000003
2017-11-15 15:00:00,664.7000000000002
2017-11-15 16:00:00,665.3000000000003
2017-11-15 17:00:00,665.1000000000003
2017-11-15 18:00:00,665.2000000000002
2017-11-15 19:00:00,664.1000000000003
2017-11-15 20:00:00,663.0000000000003
2017-11-16 06:00:00,660.1000000000003
2017-11-16 14:00:00,659.1000000000003
2017-11-16 15:00:00,661.0000000000003
2017-11-16 16:00:00,660.8000000000003
2017-11-16 17:00:00,660.7000000000002
2017-11-16 18:00:00,660.8000000000003
2017-11-16 19:00:00,660.4000000000002
2017-11-16 20:00:00,660.1000000000003
2017-11-16 21:00:00,660.2000000000002
2017-11-17 06:00:00,663.6000000000003
2017-11-17 14:00:00,662.2000000000002
2017-11-17 15:00:00,662.6000000000003
2017-11-17 16:00:00,664.0000000000003
2017-11-17 17:00:00,664.3000000000003
2017-11-17 18:00:00,664.0000000000003
2017-11-17 19:00:00,663.9000000000002
2017-11-17 20:00:00,663.6000000000003
2017-11-20 06:00:00,662.1000000000003
2017-11-20 14:00:00,660.5000000000003
2017-11-20 15:00:00,661.7000000000002
2017-11-20 16:00:00,662.3000000000003
2017-11-20 17:00:00,662.5000000000003
2017-11-20 18:00:00,661.9000000000002
2017-11-20 19:00:00,662.8000000000003
2017-11-20 20:00:00,662.0000000000003
2017-11-21 06:00:00,663.2000000000002
2017-11-21 14:00:00,665.8000000000003
2017-11-21 15:00:00,666.0000000000003
2017-11-21 16:00:00,664.7000000000002
2017-11-21 17:00:00,663.5000000000003
2017-11-21 18:00:00,663.2000000000002
2017-11-21 19:00:00,662.9000000000002
2017-11-21 20:00:00,663.2000000000002
2017-11-22 06:00:00,666.6000000000003
2017-11-22 14:00:00,668.1000000000003
2017-11-22 15:00:00,666.9000000000002
2017-11-22 16:00:00,667.3000000000003
2017-11-22 17:00:00,666.4000000000002
2017-11-22 18:00:00,667.1000000000003
2017-11-22 19:00:00,667.1000000000003
2017-11-22 20:00:00,666.6000000000003
2017-11-24 06:00:00,668.0000000000003
2017-11-24 14:00:00,669.4000000000002
2017-11-24 15:00:00,668.7000000000002
2017-11-24 16:00:00,669.1000000000003
2017-11-24 17:00:00,668.2000000000002
2017-11-24 18:00:00,669.9000000000002
2017-11-27 06:00:00,661.1000000000003
2017-11-27 14:00:00,661.8000000000003
2017-11-27 15:00:00,661.7000000000002
2017-11-27 16:00:00,660.5000000000003
2017-11-27 17:00:00,660.7000000000002
2017-11-27 18:00:00,661.9000000000002
2017-11-27 19:00:00,661.8000000000003
2017-11-27 20:00:00,661.4000000000002
2017-11-28 06:00:00,666.4000000000002
2017-11-28 14:00:00,665.4000000000002
2017-11-28 15:00:00,665.3000000000003
2017-11-28 16:00:00,664.3000000000003
2017-11-28 17:00:00,664.3000000000003
2017-11-28 18:00:00,665.7000000000002
2017-11-28 19:00:00,666.6000000000003
2017-11-28 20:00:00,666.4000000000002
2017-11-29 06:00:00,669.8000000000003
2017-11-29 14:00:00,667.3000000000003
2017-11-29 15:00:00,670.4000000000002
2017-11-29 16:00:00,668.2000000000002
2017-11-29 17:00:00,667.6000000000003
2017-11-29 18:00:00,666.6000000000003
2017-11-29 19:00:00,669.1000000000003
2017-11-29 20:00:00,669.8000000000003
2017-11-30 06:00:00,680.8000000000003
2017-11-30 14:00:00,679.7000000000002
2017-11-30 15:00:00,678.0000000000003
2017-11-30 16:00:00,676.3000000000003
2017-11-30 17:00:00,678.5000000000003
2017-11-30 18:00:00,677.2000000000002
2017-11-30 19:00:00,680.2000000000002
2017-11-30 20:00:00,680.7000000000002
2017-11-30 21:00:00,680.8000000000003
2017-12-01 06:00:00,686.4000000000002
2017-12-01 14:00:00,690.3000000000003
2017-12-01 15:00:00,690.6000000000003
2017-12-01 16:00:00,685.9000000000002
2017-12-01 17:00:00,687.3000000000003
2017-12-01 18:00:00,686.7000000000002
2017-12-01 19:00:00,685.5000000000003
2017-12-01 20:00:00,686.2000000000002
2017-12-04 06:00:00,686.4000000000002
2017-12-04 14:00:00,690.2000000000002
2017-12-04 15:00:00,691.5000000000003
2017-12-04 16:00:00,695.0000000000003
2017-12-04 17:00:00,693.2000000000002
2017-12-04 18:00:00,691.5000000000003
2017-12-04 19:00:00,688.6000000000003
2017-12-04 20:00:00,686.4000000000002
2017-12-05 06:00:00,682.8000000000003
2017-12-05 14:00:00,686.3000000000003
2017-12-05 15:00:00,686.8000000000003
2017-12-05 16:00:00,685.2000000000002
2017-12-05 17:00:00,686.0000000000003
2017-12-05 18:00:00,685.6000000000003
2017-12-05 19:00:00,683.5000000000003
2017-12-05 20:00:00,682.8000000000003
2017-12-06 06:00:00,673.6000000000003
2017-12-06 14:00:00,679.1000000000003
2017-12-06 15:00:00,678.6000000000003
2017-12-06 16:00:00,673.6000000000003
2017-12-06 17:00:00,674.3000000000003
2017-12-06 18:00:00,675.3000000000003
2017-12-06 19:00:00,673.8000000000003
2017-12-06 20:00:00,672.9000000000002
2017-12-07 06:00:00,675.5000000000003
2017-12-07 14:00:00,675.7000000000002
2017-12-07 15:00:00,675.0000000000003
2017-12-07 16:00:00,675.2000000000002
2017-12-07 17:00:00,674.8000000000003
2017-12-07 18:00:00,675.5000000000003
2017-12-07 19:00:00,675.0000000000003
2017-12-07 20:00:00,675.7000000000002
2017-12-07 21:00:00,675.6000000000003
2017-12-08 06:00:00,681.7000000000002
2017-12-08 14:00:00,678.3000000000003
2017-12-08 15:00:00,680.2000000000002
2017-12-08 16:00:00,680.9000000000002
2017-12-08 17:00:00,680.6000000000003
2017-12-08 18:00:00,681.1000000000003
2017-12-08 19:00:00,681.2000000000002
2017-12-08 20:00:00,681.3000000000003
2017-12-08 21:00:00,681.3000000000003
2017-12-11 06:00:00,686.8000000000003
2017-12-11 14:00:00,687.0000000000003
2017-12-11 15:00:00,687.5000000000003
2017-12-11 17:00:00,687.3000000000003
2017-12-11 19:00:00,687.0000000000003
2017-12-12 06:00:00,684.9000000000002
2017-12-12 14:00:00,684.3000000000003
2017-12-12 15:00:00,687.7000000000002
2017-12-12 16:00:00,687.8000000000003
2017-12-12 17:00:00,684.9000000000002
2017-12-12 18:00:00,686.5000000000003
2017-12-12 19:00:00,685.7000000000002
2017-12-12 20:00:00,685.0000000000003
2017-12-13 06:00:00,683.7000000000002
2017-12-13 14:00:00,683.9000000000002
2017-12-13 15:00:00,683.5000000000003
2017-12-13 16:00:00,685.0000000000003
2017-12-13 17:00:00,684.3000000000003
2017-12-13 18:00:00,685.8000000000003
2017-12-13 19:00:00,684.4000000000002
2017-12-13 20:00:00,683.7000000000002
2017-12-14 06:00:00,681.3000000000003
2017-12-14 14:00:00,685.6000000000003
2017-12-14 15:00:00,682.9000000000002
2017-12-14 16:00:00,683.7000000000002
2017-12-14 17:00:00,683.2000000000002
2017-12-14 18:00:00,684.3000000000003
2017-12-14 19:00:00,683.0000000000003
2017-12-14 20:00:00,681.8000000000003
2017-12-14 21:00:00,687.4000000000002
2017-12-15 06:00:00,680.4000000000002
2017-12-15 14:00:00,684.6000000000003
2017-12-15 15:00:00,683.9000000000002
2017-12-15 16:00:00,683.0000000000003
2017-12-15 17:00:00,681.2000000000002
2017-12-15 18:00:00,681.2000000000002
2017-12-15 19:00:00,682.1000000000003
2017-12-15 20:00:00,680.3000000000003
2017-12-18 06:00:00,685.8000000000003
2017-12-18 14:00:00,685.5000000000003
2017-12-18 15:00:00,687.5000000000003
2017-12-18 16:00:00,688.3000000000003
2017-12-18 17:00:00,686.8000000000003
2017-12-18 20:00:00,686.4000000000002
2017-12-19 06:00:00,687.1000000000003
2017-12-19 14:00:00,688.7000000000002
2017-12-19 15:00:00,690.4000000000002
2017-12-19 16:00:00,688.6000000000003
2017-12-19 17:00:00,689.7000000000002
2017-12-19 18:00:00,688.3000000000003
2017-12-19 19:00:00,687.6000000000003
2017-12-19 20:00:00,687.2000000000002
2017-12-20 06:00:00,696.6000000000003
2017-12-20 14:00:00,688.2000000000002
2017-12-20 15:00:00,689.7000000000002
2017-12-20 16:00:00,694.3000000000003
2017-12-20 17:00:00,693.1000000000003
2017-12-20 18:00:00,695.9000000000002
2017-12-20 19:00:00,695.4000000000002
2017-12-20 20:00:00,697.4000000000002
2017-12-21 06:00:00,711.5000000000003
2017-12-21 14:00:00,700.9000000000002
2017-12-21 15:00:00,707.2000000000002
2017-12-21 16:00:00,710.1000000000003
2017-12-21 17:00:00,711.3000000000003
2017-12-21 18:00:00,712.1000000000003
2017-12-21 19:00:00,712.4000000000002
2017-12-21 20:00:00,711.5000000000003
2017-12-22 06:00:00,713.0000000000003
2017-12-22 14:00:00,712.9000000000002
2017-12-22 15:00:00,712.1000000000003
2017-12-22 16:00:00,715.8000000000003
2017-12-22 17:00:00,715.3000000000003
2017-12-22 18:00:00,713.8000000000003
2017-12-22 19:00:00,713.6000000000003
2017-12-22 20:00:00,713.0000000000003
2017-12-26 06:00:00,719.4000000000002
2017-12-26 14:00:00,714.4000000000002
2017-12-26 15:00:00,718.7000000000002
2017-12-26 16:00:00,720.0000000000003
2017-12-26 17:00:00,719.4000000000002
2017-12-26 18:00:00,719.4000000000002
2017-12-26 19:00:00,719.5000000000003
2017-12-26 20:00:00,719.4000000000002
2017-12-27 06:00:00,716.9000000000002
2017-12-27 14:00:00,718.4000000000002
2017-12-27 15:00:00,717.0000000000003
2017-12-27 16:00:00,717.4000000000002
2017-12-27 17:00:00,715.7000000000002
2017-12-27 18:00:00,716.7000000000002
2017-12-27 19:00:00,717.5000000000003
2017-12-27 20:00:00,716.7000000000002
2017-12-28 06:00:00,717.7000000000002
2017-12-28 14:00:00,717.1000000000003
2017-12-28 15:00:00,716.2000000000002
2017-12-28 16:00:00,715.9000000000002
2017-12-28 18:00:00,717.0000000000003
2017-12-28 19:00:00,716.7000000000002
2017-12-28 20:00:00,717.8000000000003
2017-12-28 21:00:00,717.9000000000002
2017-12-29 06:00:00,715.7000000000002
2017-12-29 14:00:00,715.8000000000003
2017-12-29 15:00:00,716.2000000000002
2017-12-29 16:00:00,717.0000000000003
2017-12-29 17:00:00,717.9000000000002
2017-12-29 18:00:00,717.3000000000003
2017-12-29 19:00:00,716.9000000000002
2017-12-29 20:00:00,715.7000000000002
2018-01-02 06:00:00,727.8000000000003
2018-01-02 12:00:00,722.0000000000003
2018-01-02 14:00:00,719.4000000000002
2018-01-02 15:00:00,721.5000000000003
2018-01-02 16:00:00,722.6000000000003
2018-01-02 17:00:00,725.2000000000002
2018-01-02 18:00:00,726.0000000000003
2018-01-02 19:00:00,726.6000000000003
2018-01-02 20:00:00,728.0000000000003
2018-01-03 06:00:00,738.7000000000002
2018-01-03 11:00:00,727.8000000000003
2018-01-03 14:00:00,731.5000000000003
2018-01-03 15:00:00,734.0000000000003
2018-01-03 16:00:00,734.7000000000002
2018-01-03 17:00:00,738.6000000000003
2018-01-03 18:00:00,738.9000000000002
2018-01-03 19:00:00,739.7000000000002
2018-01-03 20:00:00,739.3000000000003
2018-01-04 06:00:00,743.4000000000002
2018-01-04 14:00:00,739.4000000000002
2018-01-04 15:00:00,739.8000000000003
2018-01-04 16:00:00,741.7000000000002
2018-01-04 17:00:00,741.4000000000002
2018-01-04 18:00:00,740.3000000000003
2018-01-04 19:00:00,741.7000000000002
2018-01-04 20:00:00,743.4000000000002
2018-01-05 06:00:00,743.1000000000003
2018-01-05 14:00:00,741.3000000000003
2018-01-05 15:00:00,737.4000000000002
2018-01-05 16:00:00,738.4000000000002
2018-01-05 17:00:00,738.6000000000003
2018-01-05 18:00:00,739.8000000000003
2018-01-05 19:00:00,740.6000000000003
2018-01-05 20:00:00,743.1000000000003
2018-01-05 21:00:00,742.7000000000002
2018-01-08 06:00:00,747.5000000000003
2018-01-08 14:00:00,741.9000000000002
2018-01-08 15:00:00,740.8000000000003
2018-01-08 16:00:00,741.7000000000002
2018-01-08 17:00:00,742.4000000000002
2018-01-08 18:00:00,745.8000000000003
2018-01-08 19:00:00,746.7000000000002
2018-01-08 20:00:00,747.6000000000003
2018-01-09 06:00:00,745.0000000000003
2018-01-09 14:00:00,746.2000000000002
2018-01-09 15:00:00,745.7000000000002
2018-01-09 16:00:00,746.7000000000002
2018-01-09 17:00:00,748.3000000000003
2018-01-09 18:00:00,748.4000000000002
2018-01-09 19:00:00,746.8000000000003
2018-01-09 20:00:00,744.7000000000002
2018-01-10 06:00:00,744.7000000000002
2018-01-10 14:00:00,747.1000000000003
2018-01-10 15:00:00,744.7000000000002
2018-01-10 16:00:00,746.8000000000003
2018-01-10 17:00:00,746.9000000000002
2018-01-10 18:00:00,747.2000000000002
2018-01-10 19:00:00,746.6000000000003
2018-01-10 20:00:00,744.7000000000002
2018-01-11 06:00:00,759.6000000000003
2018-01-11 14:00:00,751.8000000000003
2018-01-11 15:00:00,755.8000000000003
2018-01-11 16:00:00,759.1000000000003
2018-01-11 17:00:00,761.7000000000002
2018-01-11 18:00:00,761.7000000000002
2018-01-11 19:00:00,760.1000000000003
2018-01-11 20:00:00,759.8000000000003
2018-01-12 06:00:00,767.0000000000003
2018-01-12 14:00:00,765.5000000000003
2018-01-12 15:00:00,764.8000000000003
2018-01-12 16:00:00,764.4000000000002
2018-01-12 17:00:00,765.6000000000003
2018-01-12 18:00:00,766.1000000000003
2018-01-12 19:00:00,765.7000000000002
2018-01-12 20:00:00,767.0000000000003
2018-01-16 06:00:00,757.2000000000002
2018-01-16 14:00:00,766.2000000000002
2018-01-16 15:00:00,763.9000000000002
2018-01-16 16:00:00,762.3000000000003
2018-01-16 17:00:00,761.6000000000003
2018-01-16 18:00:00,760.5000000000003
2018-01-16 19:00:00,757.9000000000002
2018-01-16 20:00:00,757.2000000000002
2018-01-17 06:00:00,763.6000000000003
2018-01-17 14:00:00,756.9000000000002
2018-01-17 15:00:00,759.2000000000002
2018-01-17 16:00:00,762.2000000000002
2018-01-17 17:00:00,763.7000000000002
2018-01-17 18:00:00,764.1000000000003
2018-01-17 19:00:00,766.6000000000003
2018-01-17 20:00:00,763.6000000000003
2018-01-18 06:00:00,758.2000000000002
2018-01-18 14:00:00,762.1000000000003
2018-01-18 15:00:00,756.5000000000003
2018-01-18 16:00:00,759.6000000000003
2018-01-18 17:00:00,761.6000000000003
2018-01-18 18:00:00,761.0000000000003
2018-01-18 19:00:00,760.2000000000002
2018-01-18 20:00:00,758.2000000000002
2018-01-19 06:00:00,757.1000000000003
2018-01-19 13:00:00,756.5000000000003
2018-01-19 14:00:00,753.2000000000002
2018-01-19 15:00:00,755.3000000000003
2018-01-19 16:00:00,753.3000000000003
2018-01-19 17:00:00,754.5000000000003
2018-01-19 18:00:00,754.5000000000003
2018-01-19 19:00:00,756.0000000000003
2018-01-19 20:00:00,757.2000000000002
2018-01-22 06:00:00,773.5000000000003
2018-01-22 14:00:00,761.6000000000003
2018-01-22 15:00:00,764.5000000000003
2018-01-22 16:00:00,767.9000000000002
2018-01-22 17:00:00,767.8000000000003
2018-01-22 18:00:00,770.6000000000003
2018-01-22 19:00:00,770.2000000000002
2018-01-22 20:00:00,773.5000000000003
2018-01-23 06:00:00,772.4000000000002
2018-01-23 14:00:00,772.4000000000002
2018-01-23 15:00:00,772.4000000000002
2018-01-23 16:00:00,771.5000000000003
2018-01-23 17:00:00,771.8000000000003
2018-01-23 18:00:00,772.0000000000003
2018-01-23 19:00:00,773.1000000000003
2018-01-23 20:00:00,772.4000000000002
2018-01-24 06:00:00,770.5000000000003
2018-01-24 14:00:00,772.4000000000002
2018-01-24 15:00:00,774.5000000000003
2018-01-24 16:00:00,769.3000000000003
2018-01-24 17:00:00,768.5000000000003
2018-01-24 18:00:00,772.4000000000002
2018-01-24 19:00:00,772.1000000000003
2018-01-24 20:00:00,770.5000000000003
2018-01-25 06:00:00,764.0000000000003
2018-01-25 14:00:00,768.6000000000003
2018-01-25 15:00:00,765.5000000000003
2018-01-25 16:00:00,768.9000000000002
2018-01-25 17:00:00,767.9000000000002
2018-01-25 18:00:00,767.9000000000002
2018-01-25 19:00:00,764.4000000000002
2018-01-25 20:00:00,763.8000000000003
2018-01-26 06:00:00,768.2000000000002
2018-01-26 14:00:00,769.2000000000002
2018-01-26 15:00:00,769.0000000000003
2018-01-26 16:00:00,767.0000000000003
2018-01-26 17:00:00,769.2000000000002
2018-01-26 18:00:00,767.8000000000003
2018-01-26 19:00:00,767.0000000000003
2018-01-26 20:00:00,767.2000000000002
2018-01-29 06:00:00,756.7000000000002
2018-01-29 14:00:00,766.7000000000002
2018-01-29 15:00:00,764.2000000000002
2018-01-29 16:00:00,762.0000000000003
2018-01-29 17:00:00,762.0000000000003
2018-01-29 18:00:00,761.6000000000003
2018-01-29 19:00:00,761.4000000000002
2018-01-29 20:00:00,756.7000000000002
2018-01-30 06:00:00,740.6000000000003
2018-01-30 14:00:00,745.9000000000002
2018-01-30 15:00:00,743.8000000000003
2018-01-30 16:00:00,743.3000000000003
2018-01-30 17:00:00,740.9000000000002
2018-01-30 18:00:00,741.9000000000002
2018-01-30 19:00:00,742.2000000000002
2018-01-30 20:00:00,740.8000000000003
2018-01-30 21:00:00,739.3000000000003
2018-01-31 06:00:00,741.2000000000002
2018-01-31 14:00:00,742.7000000000002
2018-01-31 15:00:00,738.3000000000003
2018-01-31 16:00:00,740.7000000000002
2018-01-31 17:00:00,739.0000000000003
2018-01-31 18:00:00,740.2000000000002
2018-01-31 19:00:00,737.9000000000002
2018-01-31 20:00:00,741.2000000000002
2018-02-01 06:00:00,748.8000000000003
2018-02-01 14:00:00,743.7000000000002
2018-02-01 15:00:00,739.7000000000002
2018-02-01 16:00:00,743.1000000000003
2018-02-01 17:00:00,743.9000000000002
2018-02-01 18:00:00,745.6000000000003
2018-02-01 19:00:00,746.4000000000002
2018-02-01 20:00:00,748.8000000000003
2018-02-02 06:00:00,716.0000000000003
2018-02-02 13:00:00,739.3000000000003
2018-02-02 14:00:00,728.9000000000002
2018-02-02 15:00:00,724.2000000000002
2018-02-02 16:00:00,722.7000000000002
2018-02-02 17:00:00,722.5000000000003
2018-02-02 18:00:00,722.5000000000003
2018-02-02 19:00:00,716.5000000000003
2018-02-02 20:00:00,715.9000000000002
2018-02-05 06:00:00,686.6000000000003
2018-02-05 14:00:00,707.8000000000003
2018-02-05 15:00:00,713.7000000000002
2018-02-05 16:00:00,708.1000000000003
2018-02-05 17:00:00,701.7000000000002
2018-02-05 18:00:00,701.4000000000002
2018-02-05 19:00:00,692.2000000000002
2018-02-05 20:00:00,686.6000000000003
2018-02-06 06:00:00,690.1000000000003
2018-02-06 14:00:00,690.8000000000003
2018-02-06 15:00:00,681.5000000000003
2018-02-06 16:00:00,680.7000000000002
2018-02-06 17:00:00,681.9000000000002
2018-02-06 18:00:00,681.0000000000003
2018-02-06 19:00:00,682.3000000000003
2018-02-06 20:00:00,691.3000000000003
2018-02-07 06:00:00,679.8000000000003
2018-02-07 14:00:00,699.5000000000003
2018-02-07 15:00:00,695.0000000000003
2018-02-07 16:00:00,691.0000000000003
2018-02-07 17:00:00,686.5000000000003
2018-02-07 18:00:00,683.0000000000003
2018-02-07 19:00:00,683.4000000000002
2018-02-07 20:00:00,680.2000000000002
2018-02-07 21:00:00,679.7000000000002
2018-02-08 06:00:00,658.7000000000002
2018-02-08 14:00:00,681.1000000000003
2018-02-08 15:00:00,672.9000000000002
2018-02-08 16:00:00,673.2000000000002
2018-02-08 17:00:00,667.2000000000002
2018-02-08 18:00:00,673.9000000000002
2018-02-08 19:00:00,668.4000000000002
2018-02-08 20:00:00,659.8000000000003
2018-02-09 06:00:00,657.8000000000003
2018-02-09 14:00:00,664.1000000000003
2018-02-09 15:00:00,654.6000000000003
2018-02-09 16:00:00,647.6000000000003
2018-02-09 17:00:00,643.9000000000002
2018-02-09 18:00:00,642.5000000000003
2018-02-09 19:00:00,649.0000000000003
2018-02-09 20:00:00,657.9000000000002
2018-02-09 21:00:00,658.3000000000003
2018-02-12 06:00:00,668.3000000000003
2018-02-12 14:00:00,668.8000000000003
2018-02-12 15:00:00,667.8000000000003
2018-02-12 16:00:00,667.4000000000002
2018-02-12 17:00:00,669.7000000000002
2018-02-12 18:00:00,673.5000000000003
2018-02-12 19:00:00,670.2000000000002
2018-02-12 20:00:00,668.7000000000002
2018-02-13 06:00:00,665.5000000000003
2018-02-13 14:00:00,663.6000000000003
2018-02-13 15:00:00,664.5000000000003
2018-02-13 16:00:00,666.0000000000003
2018-02-13 17:00:00,665.8000000000003
2018-02-13 18:00:00,667.2000000000002
2018-02-13 19:00:00,666.4000000000002
2018-02-13 20:00:00,665.6000000000003
2018-02-14 06:00:00,675.3000000000003
2018-02-14 14:00:00,659.5000000000003
2018-02-14 15:00:00,665.8000000000003
2018-02-14 16:00:00,665.1000000000003
2018-02-14 17:00:00,668.0000000000003
2018-02-14 18:00:00,675.0000000000003
2018-02-14 19:00:00,675.8000000000003
2018-02-14 20:00:00,676.0000000000003
2018-02-15 06:00:00,673.4000000000002
2018-02-15 14:00:00,671.7000000000002
2018-02-15 15:00:00,666.1000000000003
2018-02-15 16:00:00,668.5000000000003
2018-02-15 17:00:00,668.3000000000003
2018-02-15 18:00:00,668.7000000000002
2018-02-15 19:00:00,671.8000000000003
2018-02-15 20:00:00,673.4000000000002
2018-02-16 06:00:00,671.8000000000003
2018-02-16 14:00:00,670.3000000000003
2018-02-16 15:00:00,671.3000000000003
2018-02-16 16:00:00,677.1000000000003
2018-02-16 17:00:00,674.1000000000003
2018-02-16 18:00:00,671.8000000000003
2018-02-16 19:00:00,672.6000000000003
2018-02-16 20:00:00,673.1000000000003
2018-02-16 21:00:00,673.4000000000002
2018-02-20 06:00:00,668.2000000000002
2018-02-20 14:00:00,670.4000000000002
2018-02-20 15:00:00,671.1000000000003
2018-02-20 16:00:00,674.0000000000003
2018-02-20 17:00:00,673.0000000000003
2018-02-20 18:00:00,671.6000000000003
2018-02-20 19:00:00,668.3000000000003
2018-02-20 20:00:00,668.0000000000003
2018-02-21 06:00:00,656.8000000000003
2018-02-21 14:00:00,667.3000000000003
2018-02-21 15:00:00,671.5000000000003
2018-02-21 16:00:00,667.1000000000003
2018-02-21 17:00:00,667.2000000000002
2018-02-21 18:00:00,667.0000000000003
2018-02-21 19:00:00,663.3000000000003
2018-02-21 20:00:00,657.0000000000003
2018-02-22 06:00:00,663.7000000000002
2018-02-22 14:00:00,660.9000000000002
2018-02-22 15:00:00,663.4000000000002
2018-02-22 16:00:00,672.5000000000003
2018-02-22 17:00:00,670.6000000000003
2018-02-22 18:00:00,668.6000000000003
2018-02-22 19:00:00,665.7000000000002
2018-02-22 20:00:00,663.7000000000002
2018-02-23 06:00:00,678.5000000000003
2018-02-23 14:00:00,671.6000000000003
2018-02-23 15:00:00,670.0000000000003
2018-02-23 16:00:00,673.8000000000003
2018-02-23 17:00:00,673.2000000000002
2018-02-23 18:00:00,673.3000000000003
2018-02-23 19:00:00,676.6000000000003
2018-02-23 20:00:00,678.5000000000003
2018-02-26 06:00:00,682.4000000000002
2018-02-26 12:00:00,683.3000000000003
2018-02-26 14:00:00,679.7000000000002
2018-02-26 15:00:00,678.8000000000003
2018-02-26 16:00:00,679.4000000000002
2018-02-26 17:00:00,682.8000000000003
2018-02-26 18:00:00,681.9000000000002
2018-02-26 19:00:00,681.8000000000003
2018-02-26 20:00:00,682.3000000000003
2018-02-27 06:00:00,673.7000000000002
2018-02-27 14:00:00,688.1000000000003
2018-02-27 15:00:00,682.5000000000003
2018-02-27 16:00:00,681.2000000000002
2018-02-27 17:00:00,685.2000000000002
2018-02-27 18:00:00,682.6000000000003
2018-02-27 19:00:00,679.2000000000002
2018-02-27 20:00:00,673.7000000000002
2018-02-28 06:00:00,657.8000000000003
2018-02-28 14:00:00,677.4000000000002
2018-02-28 15:00:00,670.5000000000003
2018-02-28 16:00:00,669.3000000000003
2018-02-28 17:00:00,671.3000000000003
2018-02-28 18:00:00,668.3000000000003
2018-02-28 19:00:00,664.4000000000002
2018-02-28 20:00:00,657.6000000000003
2018-02-28 21:00:00,656.9000000000002
2018-03-01 06:00:00,656.2000000000002
2018-03-01 14:00:00,659.5000000000003
2018-03-01 15:00:00,660.7000000000002
2018-03-01 16:00:00,664.4000000000002
2018-03-01 17:00:00,659.9000000000002
2018-03-01 18:00:00,654.7000000000002
2018-03-01 19:00:00,654.5000000000003
2018-03-01 20:00:00,656.0000000000003
2018-03-02 06:00:00,659.7000000000002
2018-03-02 14:00:00,648.8000000000003
2018-03-02 15:00:00,648.7000000000002
2018-03-02 16:00:00,654.7000000000002
2018-03-02 17:00:00,656.3000000000003
2018-03-02 18:00:00,654.8000000000003
2018-03-02 19:00:00,656.5000000000003
2018-03-02 20:00:00,660.2000000000002
2018-03-05 06:00:00,666.5000000000003
2018-03-05 14:00:00,659.9000000000002
2018-03-05 15:00:00,662.7000000000002
2018-03-05 16:00:00,665.2000000000002
2018-03-05 17:00:00,666.8000000000003
2018-03-05 18:00:00,664.7000000000002
2018-03-05 19:00:00,667.5000000000003
2018-03-05 20:00:00,666.4000000000002
2018-03-06 06:00:00,666.5000000000003
2018-03-06 14:00:00,670.5000000000003
2018-03-06 15:00:00,666.8000000000003
2018-03-06 16:00:00,665.8000000000003
2018-03-06 17:00:00,667.9000000000002
2018-03-06 18:00:00,667.9000000000002
2018-03-06 19:00:00,669.1000000000003
2018-03-06 20:00:00,666.1000000000003
2018-03-07 06:00:00,661.5000000000003
2018-03-07 13:00:00,668.4000000000002
2018-03-07 14:00:00,663.0000000000003
2018-03-07 15:00:00,665.0000000000003
2018-03-07 16:00:00,657.8000000000003
2018-03-07 17:00:00,657.9000000000002
2018-03-07 18:00:00,657.3000000000003
2018-03-07 19:00:00,657.3000000000003
2018-03-07 20:00:00,661.5000000000003
2018-03-08 06:00:00,661.3000000000003
2018-03-08 14:00:00,662.6000000000003
2018-03-08 15:00:00,659.5000000000003
2018-03-08 16:00:00,658.5000000000003
2018-03-08 17:00:00,657.8000000000003
2018-03-08 18:00:00,657.8000000000003
2018-03-08 19:00:00,658.7000000000002
2018-03-08 20:00:00,661.3000000000003
2018-03-09 06:00:00,674.2000000000002
2018-03-09 13:00:00,666.3000000000003
2018-03-09 14:00:00,670.6000000000003
2018-03-09 15:00:00,671.9000000000002
2018-03-09 16:00:00,672.9000000000002
2018-03-09 17:00:00,672.1000000000003
2018-03-09 18:00:00,672.4000000000002
2018-03-09 19:00:00,673.1000000000003
2018-03-09 20:00:00,674.0000000000003
2018-03-12 05:00:00,673.8000000000003
2018-03-12 11:00:00,675.4000000000002
2018-03-12 13:00:00,677.2000000000004
2018-03-12 14:00:00,672.4000000000002
2018-03-12 15:00:00,672.0000000000003
2018-03-12 16:00:00,673.0000000000003
2018-03-12 17:00:00,673.3000000000003
2018-03-12 18:00:00,673.3000000000003
2018-03-12 19:00:00,674.3000000000003
2018-03-13 05:00:00,669.2000000000004
2018-03-13 13:00:00,677.9000000000002
2018-03-13 14:00:00,671.5000000000003
2018-03-13 15:00:00,672.6000000000003
2018-03-13 16:00:00,673.3000000000003
2018-03-13 17:00:00,670.1000000000003
2018-03-13 18:00:00,669.6000000000003
2018-03-13 19:00:00,667.9000000000002
2018-03-14 05:00:00,664.3000000000003
2018-03-14 13:00:00,672.0000000000003
2018-03-14 14:00:00,670.0000000000003
2018-03-14 15:00:00,667.4000000000002
2018-03-14 16:00:00,665.7000000000004
2018-03-14 17:00:00,667.6000000000003
2018-03-14 18:00:00,666.6000000000003
2018-03-14 19:00:00,664.3000000000003
2018-03-14 20:00:00,663.8000000000003
2018-03-15 05:00:00,661.7000000000004
2018-03-15 13:00:00,668.3000000000003
2018-03-15 14:00:00,668.0000000000003
2018-03-15 15:00:00,657.0000000000003
2018-03-15 16:00:00,660.5000000000003
2018-03-15 17:00:00,658.1000000000003
2018-03-15 18:00:00,658.7000000000004
2018-03-15 19:00:00,662.2000000000004
2018-03-16 05:00:00,667.3000000000003
2018-03-16 13:00:00,661.1000000000003
2018-03-16 14:00:00,665.3000000000003
2018-03-16 15:00:00,668.4000000000002
2018-03-16 16:00:00,670.1000000000003
2018-03-16 17:00:00,668.7000000000004
2018-03-16 18:00:00,667.7000000000004
2018-03-16 19:00:00,667.2000000000004
2018-03-19 05:00:00,656.6000000000003
2018-03-19 13:00:00,660.1000000000003
2018-03-19 14:00:00,659.1000000000003
2018-03-19 15:00:00,658.1000000000003
2018-03-19 16:00:00,655.2000000000004
2018-03-19 17:00:00,656.2000000000004
2018-03-19 18:00:00,654.7000000000004
2018-03-19 19:00:00,656.5000000000003
2018-03-20 05:00:00,661.5000000000003
2018-03-20 12:00:00,660.5000000000003
2018-03-20 13:00:00,661.4000000000002
2018-03-20 14:00:00,663.1000000000003
2018-03-20 15:00:00,664.9000000000002
2018-03-20 16:00:00,662.5000000000003
2018-03-20 17:00:00,662.0000000000003
2018-03-20 18:00:00,662.8000000000003
2018-03-20 19:00:00,661.7000000000004
2018-03-21 05:00:00,679.4000000000002
2018-03-21 13:00:00,670.1000000000003
2018-03-21 14:00:00,676.5000000000003
2018-03-21 15:00:00,678.7000000000004
2018-03-21 16:00:00,680.1000000000003
2018-03-21 17:00:00,679.1000000000003
2018-03-21 18:00:00,678.0000000000003
2018-03-21 19:00:00,680.1000000000003
2018-03-22 05:00:00,665.4000000000002
2018-03-22 13:00:00,671.5000000000003
2018-03-22 14:00:00,670.0000000000003
2018-03-22 15:00:00,668.2000000000004
2018-03-22 16:00:00,671.5000000000003
2018-03-22 17:00:00,672.2000000000004
2018-03-22 18:00:00,669.4000000000002
2018-03-22 19:00:00,665.4000000000002
2018-03-23 05:00:00,661.4000000000002
2018-03-23 13:00:00,669.3000000000003
2018-03-23 14:00:00,674.8000000000003
2018-03-23 15:00:00,671.8000000000003
2018-03-23 16:00:00,669.8000000000003
2018-03-23 17:00:00,672.0000000000003
2018-03-23 18:00:00,665.1000000000003
2018-03-23 19:00:00,661.5000000000003
2018-03-26 05:00:00,673.2000000000004
2018-03-26 13:00:00,669.6000000000003
2018-03-26 14:00:00,664.6000000000003
2018-03-26 15:00:00,664.5000000000003
2018-03-26 16:00:00,664.2000000000004
2018-03-26 17:00:00,666.2000000000004
2018-03-26 18:00:00,668.6000000000003
2018-03-26 19:00:00,673.0000000000003
2018-03-27 05:00:00,667.2000000000004
2018-03-27 13:00:00,673.4000000000002
2018-03-27 14:00:00,672.5000000000003
2018-03-27 15:00:00,675.8000000000003
2018-03-27 16:00:00,677.7000000000004
2018-03-27 17:00:00,675.1000000000003
2018-03-27 18:00:00,670.9000000000002
2018-03-27 19:00:00,665.3000000000003
2018-03-27 20:00:00,666.8000000000003
2018-03-28 05:00:00,653.9000000000002
2018-03-28 13:00:00,661.4000000000002
2018-03-28 14:00:00,661.9000000000002
2018-03-28 15:00:00,658.8000000000003
2018-03-28 16:00:00,658.3000000000003
2018-03-28 17:00:00,658.8000000000003
2018-03-28 18:00:00,655.9000000000002
2018-03-28 19:00:00,653.9000000000002
2018-03-29 05:00:00,667.6000000000003
2018-03-29 13:00:00,659.0000000000003
2018-03-29 14:00:00,663.5000000000003
2018-03-29 15:00:00,664.7000000000004
2018-03-29 16:00:00,663.7000000000004
2018-03-29 17:00:00,666.7000000000004
2018-03-29 18:00:00,667.4000000000002
2018-03-29 19:00:00,667.8000000000003
2018-03-29 20:00:00,667.0000000000003
2018-04-02 05:00:00,653.1000000000003
2018-04-02 13:00:00,662.2000000000004
2018-04-02 14:00:00,657.1000000000003
2018-04-02 15:00:00,648.8000000000003
2018-04-02 16:00:00,649.1000000000003
2018-04-02 17:00:00,643.3000000000003
2018-04-02 18:00:00,646.0000000000003
2018-04-02 19:00:00,653.1000000000003
2018-04-03 05:00:00,667.6000000000003
2018-04-03 11:00:00,656.0000000000003
2018-04-03 12:00:00,652.6000000000003
2018-04-03 13:00:00,654.4000000000002
2018-04-03 14:00:00,655.5000000000003
2018-04-03 15:00:00,656.0000000000003
2018-04-03 16:00:00,656.4000000000002
2018-04-03 17:00:00,659.9000000000002
2018-04-03 18:00:00,662.4000000000002
2018-04-03 19:00:00,667.4000000000002
2018-04-03 20:00:00,668.0000000000003
2018-04-04 05:00:00,666.6000000000003
2018-04-04 13:00:00,656.1000000000003
2018-04-04 14:00:00,661.0000000000003
2018-04-04 15:00:00,659.3000000000003
2018-04-04 16:00:00,661.3000000000003
2018-04-04 17:00:00,658.1000000000003
2018-04-04 18:00:00,664.8000000000003
2018-04-04 19:00:00,666.6000000000003
2018-04-05 05:00:00,678.9000000000002
2018-04-05 13:00:00,676.1000000000003
2018-04-05 14:00:00,674.6000000000003
2018-04-05 15:00:00,680.7000000000004
2018-04-05 16:00:00,681.8000000000003
2018-04-05 17:00:00,677.2000000000004
2018-04-05 18:00:00,681.1000000000003
2018-04-05 19:00:00,679.0000000000003
2018-04-05 20:00:00,678.6000000000003
2018-04-06 05:00:00,666.3000000000003
2018-04-06 13:00:00,675.3000000000003
2018-04-06 14:00:00,671.4000000000002
2018-04-06 15:00:00,671.4000000000002
2018-04-06 16:00:00,671.7000000000004
2018-04-06 17:00:00,664.2000000000004
2018-04-06 18:00:00,658.9000000000002
2018-04-06 19:00:00,666.3000000000003
2018-04-06 20:00:00,666.5000000000003
2018-04-09 05:00:00,669.0000000000003
2018-04-09 13:00:00,671.7000000000004
2018-04-09 14:00:00,674.0000000000003
2018-04-09 15:00:00,673.5000000000003
2018-04-09 16:00:00,676.6000000000003
2018-04-09 17:00:00,676.5000000000003
2018-04-09 18:00:00,675.1000000000003
2018-04-09 19:00:00,669.0000000000003
2018-04-10 05:00:00,692.0000000000003
2018-04-10 13:00:00,684.0000000000003
2018-04-10 14:00:00,689.6000000000003
2018-04-10 15:00:00,693.3000000000003
2018-04-10 16:00:00,693.6000000000003
2018-04-10 17:00:00,693.1000000000003
2018-04-10 18:00:00,697.5000000000003
2018-04-10 19:00:00,692.2000000000004
2018-04-11 05:00:00,699.4000000000002
2018-04-11 13:00:00,695.9000000000002
2018-04-11 14:00:00,697.4000000000002
2018-04-11 15:00:00,699.1000000000003
2018-04-11 16:00:00,699.3000000000003
2018-04-11 17:00:00,698.2000000000004
2018-04-11 18:00:00,698.1000000000003
2018-04-11 19:00:00,699.4000000000002
2018-04-12 05:00:00,699.6000000000003
2018-04-12 13:00:00,704.9000000000002
2018-04-12 14:00:00,697.8000000000003
2018-04-12 15:00:00,697.8000000000003
2018-04-12 16:00:00,700.4000000000002
2018-04-12 17:00:00,699.2000000000004
2018-04-12 18:00:00,702.2000000000004
2018-04-12 19:00:00,699.7000000000004
2018-04-13 05:00:00,707.3000000000003
2018-04-13 13:00:00,703.5000000000003
2018-04-13 14:00:00,704.0000000000003
2018-04-13 15:00:00,706.9000000000002
2018-04-13 16:00:00,706.5000000000003
2018-04-13 17:00:00,708.5000000000003
2018-04-13 18:00:00,707.2000000000004
2018-04-13 19:00:00,707.3000000000003
2018-04-16 03:00:00,707.3000000000003
2018-04-16 05:00:00,714.5000000000003
2018-04-16 12:00:00,710.0000000000003
2018-04-16 13:00:00,709.6000000000003
2018-04-16 14:00:00,712.6000000000003
2018-04-16 15:00:00,713.6000000000003
2018-04-16 16:00:00,717.3000000000003
2018-04-16 17:00:00,714.6000000000003
2018-04-16 18:00:00,715.4000000000002
2018-04-16 19:00:00,714.5000000000003
2018-04-17 05:00:00,717.4000000000002
2018-04-17 13:00:00,714.9000000000002
2018-04-17 14:00:00,714.9000000000002
2018-04-17 15:00:00,714.5000000000003
2018-04-17 16:00:00,715.7000000000004
2018-04-17 17:00:00,716.1000000000003
2018-04-17 18:00:00,718.0000000000003
2018-04-17 19:00:00,717.6000000000003
2018-04-18 04:00:00,717.4000000000002
2018-04-18 05:00:00,728.7000000000004
2018-04-18 11:00:00,717.4000000000002
2018-04-18 13:00:00,726.7000000000004
2018-04-18 14:00:00,728.2000000000004
2018-04-18 15:00:00,728.4000000000002
2018-04-18 16:00:00,730.5000000000003
2018-04-18 17:00:00,731.9000000000002
2018-04-18 18:00:00,734.2000000000004
2018-04-18 19:00:00,728.7000000000004
2018-04-18 20:00:00,728.5000000000003
2018-04-19 05:00:00,729.5000000000003
2018-04-19 13:00:00,726.0000000000003
2018-04-19 14:00:00,731.0000000000003
2018-04-19 15:00:00,730.2000000000004
2018-04-19 16:00:00,727.4000000000002
2018-04-19 17:00:00,727.1000000000003
2018-04-19 18:00:00,729.7000000000004
2018-04-19 19:00:00,728.9000000000002
2018-04-19 20:00:00,729.1000000000003
2018-04-20 05:00:00,725.7000000000004
2018-04-20 13:00:00,723.3000000000003
2018-04-20 14:00:00,722.6000000000003
2018-04-20 15:00:00,725.6000000000003
2018-04-20 16:00:00,725.1000000000003
2018-04-20 17:00:00,726.7000000000004
2018-04-20 18:00:00,724.9000000000002
2018-04-20 19:00:00,725.3000000000003
2018-04-23 05:00:00,730.1000000000003
2018-04-23 13:00:00,721.4000000000002
2018-04-23 14:00:00,723.3000000000003
2018-04-23 15:00:00,725.3000000000003
2018-04-23 16:00:00,724.5000000000003
2018-04-23 18:00:00,724.7000000000004
2018-04-23 19:00:00,729.7000000000004
2018-04-24 05:00:00,722.2000000000004
2018-04-24 13:00:00,734.3000000000003
2018-04-24 14:00:00,734.1000000000003
2018-04-24 15:00:00,731.4000000000002
2018-04-24 16:00:00,729.0000000000003
2018-04-24 17:00:00,720.0000000000003
2018-04-24 18:00:00,722.2000000000004
2018-04-24 19:00:00,721.3000000000003
2018-04-25 05:00:00,727.7000000000004
2018-04-25 13:00:00,717.7000000000004
2018-04-25 14:00:00,719.7000000000004
2018-04-25 15:00:00,722.0000000000003
2018-04-25 16:00:00,723.0000000000003
2018-04-25 17:00:00,726.5000000000003
2018-04-25 18:00:00,728.8000000000003
2018-04-25 19:00:00,727.7000000000004
2018-04-26 05:00:00,739.1000000000003
2018-04-26 13:00:00,733.6000000000003
2018-04-26 14:00:00,735.0000000000003
2018-04-26 15:00:00,734.9000000000002
2018-04-26 16:00:00,734.5000000000003
2018-04-26 17:00:00,735.3000000000003
2018-04-26 18:00:00,737.1000000000003
2018-04-26 19:00:00,738.2000000000004
2018-04-27 05:00:00,731.3000000000003
2018-04-27 13:00:00,730.6000000000003
2018-04-27 14:00:00,728.6000000000003
2018-04-27 15:00:00,731.3000000000003
2018-04-27 16:00:00,733.9000000000002
2018-04-27 17:00:00,732.6000000000003
2018-04-27 18:00:00,731.8000000000003
2018-04-27 19:00:00,730.6000000000003
2018-04-30 05:00:00,730.6000000000003
2018-04-30 13:00:00,734.3000000000003
2018-04-30 14:00:00,735.8000000000003
2018-04-30 15:00:00,732.4000000000002
2018-04-30 16:00:00,732.8000000000003
2018-04-30 17:00:00,736.9000000000002
2018-04-30 18:00:00,733.3000000000003
2018-04-30 19:00:00,730.7000000000004
2018-04-30 20:00:00,731.4000000000002
2018-05-01 05:00:00,725.9000000000002
2018-05-01 13:00:00,723.3000000000003
2018-05-01 14:00:00,718.2000000000004
2018-05-01 15:00:00,722.1000000000003
2018-05-01 16:00:00,722.5000000000003
2018-05-01 17:00:00,720.9000000000002
2018-05-01 18:00:00,724.2000000000004
2018-05-01 19:00:00,725.9000000000002
2018-05-01 20:00:00,725.1000000000003
2018-05-02 05:00:00,729.3000000000003
2018-05-02 13:00:00,728.6000000000003
2018-05-02 14:00:00,731.5000000000003
2018-05-02 15:00:00,730.1000000000003
2018-05-02 16:00:00,730.7000000000004
2018-05-02 17:00:00,731.4000000000002
2018-05-02 18:00:00,733.5000000000003
2018-05-02 19:00:00,728.7000000000004
2018-05-02 20:00:00,728.9000000000002
2018-05-03 05:00:00,727.5000000000003
2018-05-03 13:00:00,725.8000000000003
2018-05-03 14:00:00,719.9000000000002
2018-05-03 15:00:00,721.3000000000003
2018-05-03 16:00:00,726.1000000000003
2018-05-03 17:00:00,727.6000000000003
2018-05-03 18:00:00,726.1000000000003
2018-05-03 19:00:00,725.9000000000002
2018-05-03 20:00:00,727.0000000000003
2018-05-04 05:00:00,730.9000000000002
2018-05-04 13:00:00,724.3000000000003
2018-05-04 14:00:00,727.2000000000004
2018-05-04 15:00:00,730.1000000000003
2018-05-04 16:00:00,732.4000000000002
2018-05-04 17:00:00,731.9000000000002
2018-05-04 18:00:00,731.2000000000004
2018-05-04 19:00:00,730.6000000000003
2018-05-07 05:00:00,731.7000000000004
2018-05-07 13:00:00,746.5000000000003
2018-05-07 14:00:00,746.4000000000002
2018-05-07 15:00:00,746.1000000000003
2018-05-07 16:00:00,745.8000000000003
2018-05-07 17:00:00,743.8000000000003
2018-05-07 18:00:00,735.4000000000002
2018-05-07 19:00:00,732.0000000000003
2018-05-08 05:00:00,737.2000000000004
2018-05-08 13:00:00,725.4000000000002
2018-05-08 14:00:00,725.9000000000002
2018-05-08 15:00:00,729.0000000000003
2018-05-08 16:00:00,726.2000000000004
2018-05-08 17:00:00,725.8000000000003
2018-05-08 18:00:00,733.1000000000003
2018-05-08 19:00:00,737.2000000000004
2018-05-09 05:00:00,752.6000000000003
2018-05-09 08:00:00,744.0000000000003
2018-05-09 13:00:00,754.7000000000004
2018-05-09 14:00:00,753.6000000000003
2018-05-09 15:00:00,751.5000000000003
2018-05-09 16:00:00,755.7000000000004
2018-05-09 17:00:00,755.7000000000004
2018-05-09 18:00:00,755.5000000000003
2018-05-09 19:00:00,752.6000000000003
2018-05-10 05:00:00,759.0000000000003
2018-05-10 12:00:00,756.2000000000004
2018-05-10 13:00:00,755.1000000000003
2018-05-10 14:00:00,753.9000000000002
2018-05-10 15:00:00,758.4000000000002
2018-05-10 16:00:00,757.3000000000003
2018-05-10 17:00:00,756.7000000000004
2018-05-10 18:00:00,759.6000000000003
2018-05-10 19:00:00,759.0000000000003
2018-05-11 05:00:00,759.8000000000003
2018-05-11 13:00:00,760.9000000000002
2018-05-11 14:00:00,763.2000000000004
2018-05-11 15:00:00,763.0000000000003
2018-05-11 16:00:00,763.9000000000002
2018-05-11 17:00:00,763.1000000000003
2018-05-11 18:00:00,760.1000000000003
2018-05-11 19:00:00,759.9000000000002
2018-05-14 05:00:00,765.2000000000004
2018-05-14 13:00:00,768.0000000000003
2018-05-14 14:00:00,765.0000000000003
2018-05-14 15:00:00,766.5000000000003
2018-05-14 16:00:00,765.8000000000003
2018-05-14 17:00:00,765.5000000000003
2018-05-14 18:00:00,765.1000000000003
2018-05-14 19:00:00,765.0000000000003
2018-05-15 05:00:00,765.2000000000004
2018-05-15 13:00:00,760.3000000000003
2018-05-15 14:00:00,763.6000000000003
2018-05-15 15:00:00,763.1000000000003
2018-05-15 16:00:00,764.7000000000004
2018-05-15 17:00:00,763.2000000000004
2018-05-15 18:00:00,763.8000000000003
2018-05-15 19:00:00,765.4000000000002
2018-05-15 20:00:00,764.1000000000003
2018-05-16 05:00:00,768.1000000000003
2018-05-16 13:00:00,762.7000000000004
2018-05-16 14:00:00,763.6000000000003
2018-05-16 15:00:00,763.4000000000002
2018-05-16 16:00:00,767.5000000000003
2018-05-16 17:00:00,767.0000000000003
2018-05-16 18:00:00,767.3000000000003
2018-05-16 19:00:00,768.1000000000003
2018-05-17 05:00:00,779.8000000000003
2018-05-17 12:00:00,770.9000000000002
2018-05-17 13:00:00,774.7000000000004
2018-05-17 14:00:00,779.6000000000003
2018-05-17 15:00:00,778.8000000000003
2018-05-17 16:00:00,778.9000000000002
2018-05-17 17:00:00,776.7000000000004
2018-05-17 18:00:00,779.0000000000003
2018-05-17 19:00:00,779.5000000000003
2018-05-18 05:00:00,773.6000000000003
2018-05-18 13:00:00,776.6000000000003
2018-05-18 14:00:00,773.7000000000004
2018-05-18 15:00:00,775.6000000000003
2018-05-18 16:00:00,773.6000000000003
2018-05-18 17:00:00,774.5000000000003
2018-05-18 18:00:00,774.4000000000002
2018-05-18 19:00:00,773.3000000000003
2018-05-21 05:00:00,780.6000000000003
2018-05-21 13:00:00,776.3000000000003
2018-05-21 14:00:00,776.7000000000004
2018-05-21 15:00:00,779.1000000000003
2018-05-21 16:00:00,779.6000000000003
2018-05-21 17:00:00,779.5000000000003
2018-05-21 18:00:00,779.5000000000003
2018-05-21 19:00:00,780.7000000000004
2018-05-22 05:00:00,770.7000000000004
2018-05-22 13:00:00,779.3000000000003
2018-05-22 14:00:00,783.2000000000004
2018-05-22 15:00:00,785.9000000000002
2018-05-22 16:00:00,783.2000000000004
2018-05-22 17:00:00,781.2000000000004
2018-05-22 18:00:00,773.4000000000002
2018-05-22 19:00:00,771.1000000000003
2018-05-23 05:00:00,770.6000000000003
2018-05-23 13:00:00,764.9000000000002
2018-05-23 14:00:00,761.6000000000003
2018-05-23 15:00:00,767.4000000000002
2018-05-23 16:00:00,766.7000000000004
2018-05-23 17:00:00,767.3000000000003
2018-05-23 18:00:00,770.1000000000003
2018-05-23 19:00:00,770.0000000000003
2018-05-24 05:00:00,758.0000000000003
2018-05-24 13:00:00,760.0000000000003
2018-05-24 14:00:00,754.3000000000003
2018-05-24 15:00:00,757.8000000000003
2018-05-24 16:00:00,758.6000000000003
2018-05-24 17:00:00,759.7000000000004
2018-05-24 18:00:00,758.3000000000003
2018-05-24 19:00:00,757.8000000000003
2018-05-25 05:00:00,737.0000000000003
2018-05-25 11:00:00,749.6000000000003
2018-05-25 13:00:00,734.1000000000003
2018-05-25 14:00:00,733.2000000000004
2018-05-25 15:00:00,731.8000000000003
2018-05-25 16:00:00,732.3000000000003
2018-05-25 17:00:00,734.2000000000004
2018-05-25 18:00:00,733.6000000000003
2018-05-25 19:00:00,737.0000000000003
2018-05-29 05:00:00,734.6000000000003
2018-05-29 12:00:00,732.6000000000003
2018-05-29 13:00:00,736.7000000000004
2018-05-29 14:00:00,735.9000000000002
2018-05-29 15:00:00,731.0000000000003
2018-05-29 16:00:00,731.5000000000003
2018-05-29 17:00:00,731.8000000000003
2018-05-29 18:00:00,731.6000000000003
2018-05-29 19:00:00,734.8000000000003
2018-05-30 05:00:00,758.0000000000003
2018-05-30 13:00:00,745.2000000000004
2018-05-30 14:00:00,755.2000000000004
2018-05-30 15:00:00,756.7000000000004
2018-05-30 16:00:00,757.3000000000003
2018-05-30 17:00:00,760.4000000000002
2018-05-30 18:00:00,759.6000000000003
2018-05-30 19:00:00,758.5000000000003
2018-05-31 05:00:00,750.9000000000002
2018-05-31 13:00:00,753.6000000000003
2018-05-31 14:00:00,755.3000000000003
2018-05-31 15:00:00,751.7000000000004
2018-05-31 16:00:00,753.9000000000002
2018-05-31 17:00:00,751.4000000000002
2018-05-31 18:00:00,751.7000000000004
2018-05-31 19:00:00,750.9000000000002
2018-06-01 05:00:00,755.3000000000003
2018-06-01 13:00:00,756.5000000000003
2018-06-01 14:00:00,756.5000000000003
2018-06-01 15:00:00,757.9000000000002
2018-06-01 16:00:00,755.1000000000003
2018-06-01 17:00:00,754.6000000000003
2018-06-01 18:00:00,753.9000000000002
2018-06-01 19:00:00,755.3000000000003
2018-06-04 05:00:00,747.9000000000002
2018-06-04 13:00:00,761.9000000000002
2018-06-04 14:00:00,757.0000000000003
2018-06-04 15:00:00,752.7000000000004
2018-06-04 16:00:00,752.0000000000003
2018-06-04 17:00:00,748.5000000000003
2018-06-04 18:00:00,747.0000000000003
2018-06-04 19:00:00,748.2000000000004
2018-06-05 05:00:00,746.0000000000003
2018-06-05 13:00:00,745.5000000000003
2018-06-05 14:00:00,745.0000000000003
2018-06-05 15:00:00,748.7000000000004
2018-06-05 16:00:00,750.0000000000003
2018-06-05 17:00:00,749.0000000000003
2018-06-05 18:00:00,747.7000000000004
2018-06-05 19:00:00,746.0000000000003
2018-06-06 05:00:00,749.6000000000003
2018-06-06 13:00:00,749.5000000000003
2018-06-06 14:00:00,745.3000000000003
2018-06-06 15:00:00,746.5000000000003
2018-06-06 16:00:00,744.9000000000002
2018-06-06 17:00:00,746.7000000000004
2018-06-06 18:00:00,748.6000000000003
2018-06-06 19:00:00,749.6000000000003
2018-06-07 05:00:00,761.9000000000002
2018-06-07 13:00:00,760.0000000000003
2018-06-07 14:00:00,760.3000000000003
2018-06-07 15:00:00,764.0000000000003
2018-06-07 16:00:00,764.0000000000003
2018-06-07 17:00:00,760.4000000000002
2018-06-07 18:00:00,762.8000000000003
2018-06-07 19:00:00,761.9000000000002
2018-06-07 20:00:00,762.0000000000003
2018-06-08 05:00:00,760.7000000000004
2018-06-08 13:00:00,761.4000000000002
2018-06-08 14:00:00,757.6000000000003
2018-06-08 15:00:00,759.5000000000003
2018-06-08 16:00:00,758.4000000000002
2018-06-08 17:00:00,758.6000000000003
2018-06-08 18:00:00,758.4000000000002
2018-06-08 19:00:00,760.0000000000003
2018-06-08 20:00:00,759.9000000000002
2018-06-11 05:00:00,763.5000000000003
2018-06-11 13:00:00,759.7000000000002
2018-06-11 14:00:00,759.2000000000002
2018-06-11 15:00:00,763.0000000000003
2018-06-11 16:00:00,764.6000000000003
2018-06-11 17:00:00,765.4000000000002
2018-06-11 18:00:00,766.4000000000002
2018-06-11 19:00:00,764.7000000000002
2018-06-12 05:00:00,757.7000000000002
2018-06-12 13:00:00,763.3000000000003
2018-06-12 14:00:00,764.4000000000002
2018-06-12 15:00:00,762.1000000000003
2018-06-12 16:00:00,762.7000000000002
2018-06-12 17:00:00,756.5000000000003
2018-06-12 18:00:00,756.7000000000002
2018-06-12 19:00:00,758.0000000000003
2018-06-13 05:00:00,754.5000000000003
2018-06-13 13:00:00,753.4000000000002
2018-06-13 14:00:00,756.7000000000002
2018-06-13 15:00:00,757.2000000000002
2018-06-13 16:00:00,754.1000000000003
2018-06-13 17:00:00,755.7000000000002
2018-06-13 18:00:00,757.4000000000002
2018-06-13 19:00:00,755.1000000000003
2018-06-14 05:00:00,753.3000000000003
2018-06-14 13:00:00,757.7000000000002
2018-06-14 14:00:00,754.1000000000003
2018-06-14 15:00:00,755.9000000000002
2018-06-14 16:00:00,754.6000000000003
2018-06-14 17:00:00,756.1000000000003
2018-06-14 18:00:00,753.1000000000003
2018-06-14 19:00:00,753.4000000000002
2018-06-14 20:00:00,753.7000000000002
2018-06-15 05:00:00,736.2000000000002
2018-06-15 13:00:00,745.1000000000003
2018-06-15 14:00:00,740.4000000000002
2018-06-15 15:00:00,737.5000000000003
2018-06-15 16:00:00,739.5000000000003
2018-06-15 17:00:00,737.5000000000003
2018-06-15 18:00:00,740.0000000000003
2018-06-15 19:00:00,734.5000000000003
2018-06-18 05:00:00,744.8000000000003
2018-06-18 13:00:00,747.0000000000003
2018-06-18 14:00:00,745.4000000000002
2018-06-18 15:00:00,746.9000000000002
2018-06-18 16:00:00,747.3000000000003
2018-06-18 17:00:00,748.9000000000002
2018-06-18 18:00:00,743.7000000000002
2018-06-18 19:00:00,744.6000000000003
2018-06-19 02:00:00,743.0000000000003
2018-06-19 04:00:00,743.0000000000003
2018-06-19 05:00:00,742.7000000000002
2018-06-19 08:00:00,743.0000000000003
2018-06-19 09:00:00,743.0000000000003
2018-06-19 13:00:00,740.2000000000002
2018-06-19 14:00:00,742.8000000000003
2018-06-19 15:00:00,742.9000000000002
2018-06-19 16:00:00,742.7000000000002
2018-06-19 17:00:00,741.9000000000002
2018-06-19 18:00:00,744.2000000000002
2018-06-19 19:00:00,742.6000000000003
2018-06-20 05:00:00,745.8000000000003
2018-06-20 13:00:00,744.5000000000003
2018-06-20 14:00:00,741.8000000000003
2018-06-20 15:00:00,745.8000000000003
2018-06-20 16:00:00,743.6000000000003
2018-06-20 17:00:00,746.8000000000003
2018-06-20 18:00:00,744.4000000000002
2018-06-20 19:00:00,746.3000000000003
2018-06-21 05:00:00,731.2000000000002
2018-06-21 13:00:00,737.5000000000003
2018-06-21 14:00:00,738.8000000000003
2018-06-21 15:00:00,736.5000000000003
2018-06-21 16:00:00,732.6000000000003
2018-06-21 17:00:00,734.3000000000003
2018-06-21 18:00:00,730.0000000000003
2018-06-21 19:00:00,731.5000000000003
2018-06-22 05:00:00,746.9000000000002
2018-06-22 12:00:00,746.3000000000003
2018-06-22 13:00:00,752.0000000000003
2018-06-22 14:00:00,752.4000000000002
2018-06-22 15:00:00,753.9000000000002
2018-06-22 16:00:00,752.2000000000002
2018-06-22 17:00:00,751.2000000000002
2018-06-22 18:00:00,750.3000000000003
2018-06-22 19:00:00,746.6000000000003
2018-06-25 05:00:00,730.9000000000002
2018-06-25 13:00:00,736.1000000000003
2018-06-25 14:00:00,732.6000000000003
2018-06-25 15:00:00,730.9000000000002
2018-06-25 16:00:00,732.1000000000003
2018-06-25 17:00:00,732.2000000000002
2018-06-25 18:00:00,727.4000000000002
2018-06-25 19:00:00,730.8000000000003
2018-06-26 05:00:00,740.7000000000002
2018-06-26 13:00:00,732.8000000000003
2018-06-26 14:00:00,731.1000000000003
2018-06-26 15:00:00,738.2000000000002
2018-06-26 16:00:00,739.4000000000002
2018-06-26 17:00:00,740.1000000000003
2018-06-26 18:00:00,739.8000000000003
2018-06-26 19:00:00,740.3000000000003
2018-06-27 05:00:00,751.2000000000002
2018-06-27 13:00:00,755.5000000000003
2018-06-27 14:00:00,757.9000000000002
2018-06-27 15:00:00,752.2000000000002
2018-06-27 16:00:00,753.3000000000003
2018-06-27 17:00:00,753.0000000000003
2018-06-27 18:00:00,750.9000000000002
2018-06-27 19:00:00,751.2000000000002
2018-06-28 05:00:00,749.9000000000002
2018-06-28 13:00:00,746.2000000000002
2018-06-28 14:00:00,750.4000000000002
2018-06-28 15:00:00,748.4000000000002
2018-06-28 16:00:00,748.7000000000002
2018-06-28 17:00:00,750.4000000000002
2018-06-28 18:00:00,750.4000000000002
2018-06-28 19:00:00,749.6000000000003
2018-06-28 20:00:00,750.8000000000003
2018-06-29 05:00:00,754.8000000000003
2018-06-29 13:00:00,761.0000000000003
2018-06-29 14:00:00,761.3000000000003
2018-06-29 15:00:00,758.5000000000003
2018-06-29 16:00:00,758.9000000000002
2018-06-29 17:00:00,757.9000000000002
2018-06-29 18:00:00,758.7000000000002
2018-06-29 19:00:00,754.8000000000003
2018-07-02 05:00:00,742.7000000000002
2018-07-02 12:00:00,748.7000000000002
2018-07-02 13:00:00,743.7000000000002
2018-07-02 14:00:00,744.5000000000003
2018-07-02 15:00:00,744.0000000000003
2018-07-02 16:00:00,743.9000000000002
2018-07-02 17:00:00,741.4000000000002
2018-07-02 18:00:00,740.5000000000003
2018-07-02 19:00:00,742.9000000000002
2018-07-03 05:00:00,748.1000000000003
2018-07-03 13:00:00,756.2000000000002
2018-07-03 14:00:00,750.2000000000002
2018-07-03 15:00:00,750.1000000000003
2018-07-03 16:00:00,746.7000000000002
2018-07-03 17:00:00,746.4000000000002
2018-07-05 05:00:00,746.5000000000003
2018-07-05 13:00:00,749.4000000000002
2018-07-05 14:00:00,747.9000000000002
2018-07-05 15:00:00,749.5000000000003
2018-07-05 16:00:00,746.9000000000002
2018-07-05 17:00:00,747.3000000000003
2018-07-05 18:00:00,746.6000000000003
2018-07-05 19:00:00,746.5000000000003
2018-07-06 05:00:00,751.8000000000003
2018-07-06 13:00:00,748.3000000000003
2018-07-06 14:00:00,751.1000000000003
2018-07-06 15:00:00,751.3000000000003
2018-07-06 16:00:00,752.5000000000003
2018-07-06 17:00:00,753.0000000000003
2018-07-06 18:00:00,752.4000000000002
2018-07-06 19:00:00,751.8000000000003
2018-07-09 05:00:00,762.2000000000002
2018-07-09 13:00:00,758.4000000000002
2018-07-09 14:00:00,760.8000000000003
2018-07-09 15:00:00,759.7000000000002
2018-07-09 16:00:00,762.5000000000003
2018-07-09 17:00:00,761.9000000000002
2018-07-09 18:00:00,762.8000000000003
2018-07-09 19:00:00,762.2000000000002
2018-07-10 05:00:00,768.7000000000002
2018-07-10 13:00:00,773.9000000000002
2018-07-10 14:00:00,769.2000000000002
2018-07-10 15:00:00,768.6000000000003
2018-07-10 16:00:00,767.8000000000003
2018-07-10 17:00:00,767.1000000000003
2018-07-10 18:00:00,768.5000000000003
2018-07-10 19:00:00,768.5000000000003
2018-07-11 05:00:00,751.8000000000003
2018-07-11 13:00:00,762.4000000000002
2018-07-11 14:00:00,759.2000000000002
2018-07-11 15:00:00,754.7000000000002
2018-07-11 16:00:00,754.5000000000003
2018-07-11 17:00:00,751.6000000000003
2018-07-11 18:00:00,752.4000000000002
2018-07-11 19:00:00,751.8000000000003
2018-07-12 05:00:00,752.9000000000002
2018-07-12 13:00:00,753.9000000000002
2018-07-12 14:00:00,749.9000000000002
2018-07-12 15:00:00,750.4000000000002
2018-07-12 16:00:00,751.8000000000003
2018-07-12 17:00:00,752.4000000000002
2018-07-12 18:00:00,751.3000000000003
2018-07-12 19:00:00,752.4000000000002
2018-07-12 20:00:00,752.6000000000003
2018-07-13 05:00:00,756.8000000000003
2018-07-13 13:00:00,753.8000000000003
2018-07-13 14:00:00,757.8000000000003
2018-07-13 15:00:00,758.6000000000003
2018-07-13 16:00:00,759.7000000000002
2018-07-13 17:00:00,761.4000000000002
2018-07-13 18:00:00,757.2000000000002
2018-07-13 19:00:00,756.8000000000003
2018-07-16 05:00:00,748.2000000000002
2018-07-16 13:00:00,747.9000000000002
2018-07-16 14:00:00,742.0000000000003
2018-07-16 15:00:00,744.3000000000003
2018-07-16 16:00:00,746.2000000000002
2018-07-16 17:00:00,746.4000000000002
2018-07-16 18:00:00,745.9000000000002
2018-07-16 19:00:00,748.2000000000002
2018-07-17 05:00:00,744.7000000000002
2018-07-17 13:00:00,741.5000000000003
2018-07-17 14:00:00,744.2000000000002
2018-07-17 15:00:00,746.0000000000003
2018-07-17 16:00:00,748.3000000000003
2018-07-17 17:00:00,749.0000000000003
2018-07-17 18:00:00,746.1000000000003
2018-07-17 19:00:00,744.8000000000003
2018-07-18 05:00:00,744.9000000000002
2018-07-18 13:00:00,735.1000000000003
2018-07-18 14:00:00,739.7000000000002
2018-07-18 15:00:00,741.7000000000002
2018-07-18 16:00:00,745.5000000000003
2018-07-18 17:00:00,744.0000000000003
2018-07-18 18:00:00,745.6000000000003
2018-07-18 19:00:00,745.0000000000003
2018-07-19 05:00:00,745.0000000000003
2018-07-19 13:00:00,747.0000000000003
2018-07-19 14:00:00,744.2000000000002
2018-07-19 15:00:00,743.0000000000003
2018-07-19 16:00:00,743.2000000000002
2018-07-19 17:00:00,746.9000000000002
2018-07-19 18:00:00,746.1000000000003
2018-07-19 19:00:00,745.1000000000003
2018-07-20 05:00:00,742.5000000000003
2018-07-20 13:00:00,746.5000000000003
2018-07-20 14:00:00,742.2000000000002
2018-07-20 15:00:00,741.1000000000003
2018-07-20 16:00:00,741.8000000000003
2018-07-20 17:00:00,743.3000000000003
2018-07-20 18:00:00,742.6000000000003
2018-07-20 19:00:00,742.5000000000003
2018-07-20 20:00:00,742.8000000000003
2018-07-23 05:00:00,738.6000000000003
2018-07-23 13:00:00,743.7000000000002
2018-07-23 14:00:00,739.3000000000003
2018-07-23 15:00:00,741.1000000000003
2018-07-23 16:00:00,740.3000000000003
2018-07-23 17:00:00,741.0000000000003
2018-07-23 18:00:00,740.9000000000002
2018-07-23 19:00:00,738.6000000000003
2018-07-24 05:00:00,748.9000000000002
2018-07-24 13:00:00,747.9000000000002
2018-07-24 14:00:00,751.6000000000003
2018-07-24 15:00:00,749.8000000000003
2018-07-24 16:00:00,749.1000000000003
2018-07-24 17:00:00,748.1000000000003
2018-07-24 18:00:00,748.6000000000003
2018-07-24 19:00:00,748.5000000000003
2018-07-25 05:00:00,755.0000000000003
2018-07-25 13:00:00,749.0000000000003
2018-07-25 14:00:00,749.9000000000002
2018-07-25 15:00:00,753.8000000000003
2018-07-25 16:00:00,754.1000000000003
2018-07-25 17:00:00,753.2000000000002
2018-07-25 18:00:00,752.9000000000002
2018-07-25 19:00:00,755.0000000000003
2018-07-26 05:00:00,763.9000000000002
2018-07-26 13:00:00,759.3000000000003
2018-07-26 14:00:00,759.5000000000003
2018-07-26 15:00:00,762.7000000000002
2018-07-26 16:00:00,761.9000000000002
2018-07-26 17:00:00,763.3000000000003
2018-07-26 18:00:00,763.9000000000002
2018-07-26 19:00:00,763.9000000000002
2018-07-27 05:00:00,760.0000000000003
2018-07-27 13:00:00,757.4000000000002
2018-07-27 14:00:00,758.6000000000003
2018-07-27 15:00:00,763.3000000000003
2018-07-27 16:00:00,758.9000000000002
2018-07-27 17:00:00,758.2000000000002
2018-07-27 18:00:00,756.8000000000003
2018-07-27 19:00:00,759.4000000000002
2018-07-30 05:00:00,766.7000000000002
2018-07-30 13:00:00,767.5000000000003
2018-07-30 14:00:00,766.7000000000002
2018-07-30 15:00:00,766.2000000000002
2018-07-30 16:00:00,766.9000000000002
2018-07-30 17:00:00,767.8000000000003
2018-07-30 18:00:00,767.2000000000002
2018-07-30 19:00:00,766.9000000000002
2018-07-31 05:00:00,764.3000000000003
2018-07-31 13:00:00,765.6000000000003
2018-07-31 14:00:00,764.4000000000002
2018-07-31 15:00:00,767.3000000000003
2018-07-31 16:00:00,769.2000000000002
2018-07-31 17:00:00,766.8000000000003
2018-07-31 18:00:00,765.9000000000002
2018-07-31 19:00:00,764.3000000000003
2018-08-01 05:00:00,754.0000000000003
2018-08-01 13:00:00,751.7000000000002
2018-08-01 14:00:00,755.3000000000003
2018-08-01 15:00:00,751.6000000000003
2018-08-01 16:00:00,752.2000000000002
2018-08-01 17:00:00,752.6000000000003
2018-08-01 18:00:00,753.0000000000003
2018-08-01 19:00:00,754.1000000000003
2018-08-02 05:00:00,749.6000000000003
2018-08-02 13:00:00,746.2000000000002
2018-08-02 14:00:00,745.6000000000003
2018-08-02 15:00:00,749.2000000000002
2018-08-02 16:00:00,750.0000000000003
2018-08-02 17:00:00,750.5000000000003
2018-08-02 18:00:00,748.6000000000003
2018-08-02 19:00:00,749.4000000000002
2018-08-03 05:00:00,746.1000000000003
2018-08-03 13:00:00,747.8000000000003
2018-08-03 14:00:00,745.0000000000003
2018-08-03 15:00:00,742.2000000000002
2018-08-03 16:00:00,743.6000000000003
2018-08-03 17:00:00,744.6000000000003
2018-08-03 18:00:00,744.4000000000002
2018-08-03 19:00:00,746.1000000000003
2018-08-06 05:00:00,748.6000000000003
2018-08-06 13:00:00,744.8000000000003
2018-08-06 14:00:00,748.6000000000003
2018-08-06 15:00:00,750.2000000000002
2018-08-06 16:00:00,750.3000000000003
2018-08-06 17:00:00,748.8000000000003
2018-08-06 18:00:00,749.5000000000003
2018-08-06 19:00:00,748.3000000000003
2018-08-07 05:00:00,754.0000000000003
2018-08-07 13:00:00,754.9000000000002
2018-08-07 14:00:00,757.4000000000002
2018-08-07 15:00:00,757.2000000000002
2018-08-07 16:00:00,757.3000000000003
2018-08-07 17:00:00,756.7000000000002
2018-08-07 18:00:00,756.0000000000003
2018-08-07 19:00:00,753.7000000000002
2018-08-08 05:00:00,748.1000000000003
2018-08-08 13:00:00,748.2000000000002
2018-08-08 14:00:00,748.4000000000002
2018-08-08 15:00:00,744.9000000000002
2018-08-08 16:00:00,745.8000000000003
2018-08-08 17:00:00,746.3000000000003
2018-08-08 18:00:00,747.2000000000002
2018-08-08 19:00:00,748.3000000000003
2018-08-08 20:00:00,747.9000000000002
2018-08-09 05:00:00,741.1000000000003
2018-08-09 13:00:00,744.3000000000003
2018-08-09 14:00:00,744.0000000000003
2018-08-09 15:00:00,741.7000000000002
2018-08-09 16:00:00,741.9000000000002
2018-08-09 17:00:00,741.7000000000002
2018-08-09 18:00:00,740.6000000000003
2018-08-09 19:00:00,740.8000000000003
2018-08-10 05:00:00,745.5000000000003
2018-08-10 13:00:00,739.2000000000002
2018-08-10 14:00:00,741.8000000000003
2018-08-10 15:00:00,742.4000000000002
2018-08-10 16:00:00,743.2000000000002
2018-08-10 17:00:00,742.5000000000003
2018-08-10 18:00:00,742.6000000000003
2018-08-10 19:00:00,745.5000000000003
2018-08-13 05:00:00,735.7000000000002
2018-08-13 13:00:00,744.6000000000003
2018-08-13 14:00:00,744.3000000000003
2018-08-13 15:00:00,740.6000000000003
2018-08-13 16:00:00,737.1000000000003
2018-08-13 17:00:00,737.4000000000002
2018-08-13 18:00:00,739.1000000000003
2018-08-13 19:00:00,736.1000000000003
2018-08-14 05:00:00,737.5000000000003
2018-08-14 13:00:00,740.8000000000003
2018-08-14 14:00:00,741.4000000000002
2018-08-14 15:00:00,736.7000000000002
2018-08-14 16:00:00,735.7000000000002
2018-08-14 17:00:00,737.5000000000003
2018-08-14 18:00:00,737.5000000000003
2018-08-14 19:00:00,738.0000000000003
2018-08-14 20:00:00,736.8000000000003
2018-08-15 05:00:00,711.0000000000003
2018-08-15 13:00:00,720.7000000000002
2018-08-15 14:00:00,711.0000000000003
2018-08-15 15:00:00,714.9000000000002
2018-08-15 16:00:00,716.1000000000003
2018-08-15 17:00:00,713.2000000000002
2018-08-15 18:00:00,711.1000000000003
2018-08-15 19:00:00,711.0000000000003
2018-08-16 05:00:00,716.3000000000003
2018-08-16 13:00:00,714.6000000000003
2018-08-16 14:00:00,716.4000000000002
2018-08-16 15:00:00,718.6000000000003
2018-08-16 16:00:00,719.1000000000003
2018-08-16 17:00:00,718.7000000000002
2018-08-16 18:00:00,718.0000000000003
2018-08-16 19:00:00,716.4000000000002
2018-08-17 05:00:00,718.0000000000003
2018-08-17 13:00:00,718.5000000000003
2018-08-17 14:00:00,716.4000000000002
2018-08-17 15:00:00,716.9000000000002
2018-08-17 16:00:00,715.7000000000002
2018-08-17 17:00:00,716.6000000000003
2018-08-17 18:00:00,719.4000000000002
2018-08-17 19:00:00,718.6000000000003
2018-08-20 05:00:00,722.9000000000002
2018-08-20 13:00:00,719.7000000000002
2018-08-20 14:00:00,722.9000000000002
2018-08-20 15:00:00,724.0000000000003
2018-08-20 16:00:00,724.8000000000003
2018-08-20 17:00:00,724.5000000000003
2018-08-20 18:00:00,724.0000000000003
2018-08-20 19:00:00,722.9000000000002
2018-08-21 05:00:00,727.3000000000003
2018-08-21 13:00:00,730.7000000000002
2018-08-21 14:00:00,731.9000000000002
2018-08-21 15:00:00,732.3000000000003
2018-08-21 16:00:00,731.8000000000003
2018-08-21 17:00:00,732.4000000000002
2018-08-21 18:00:00,729.8000000000003
2018-08-21 19:00:00,727.3000000000003
2018-08-22 05:00:00,735.8000000000003
2018-08-22 13:00:00,734.5000000000003
2018-08-22 14:00:00,736.1000000000003
2018-08-22 15:00:00,736.3000000000003
2018-08-22 16:00:00,736.3000000000003
2018-08-22 17:00:00,736.2000000000002
2018-08-22 18:00:00,735.9000000000002
2018-08-22 19:00:00,736.2000000000002
2018-08-23 05:00:00,732.0000000000003
2018-08-23 13:00:00,730.6000000000003
2018-08-23 14:00:00,731.9000000000002
2018-08-23 15:00:00,730.7000000000002
2018-08-23 16:00:00,732.4000000000002
2018-08-23 17:00:00,731.2000000000002
2018-08-23 18:00:00,731.2000000000002
2018-08-23 19:00:00,732.0000000000003
2018-08-24 05:00:00,737.4000000000002
2018-08-24 13:00:00,738.2000000000002
2018-08-24 14:00:00,740.0000000000003
2018-08-24 15:00:00,740.5000000000003
2018-08-24 16:00:00,738.9000000000002
2018-08-24 17:00:00,738.1000000000003
2018-08-24 18:00:00,737.7000000000002
2018-08-24 19:00:00,737.4000000000002
2018-08-27 05:00:00,743.2000000000002
2018-08-27 13:00:00,743.0000000000003
2018-08-27 14:00:00,742.1000000000003
2018-08-27 15:00:00,741.3000000000003
2018-08-27 16:00:00,741.9000000000002
2018-08-27 17:00:00,742.3000000000003
2018-08-27 18:00:00,743.0000000000003
2018-08-27 19:00:00,742.8000000000003
2018-08-27 20:00:00,741.8000000000003
2018-08-28 05:00:00,739.7000000000002
2018-08-28 13:00:00,746.6000000000003
2018-08-28 14:00:00,746.2000000000002
2018-08-28 15:00:00,741.4000000000002
2018-08-28 16:00:00,740.2000000000002
2018-08-28 17:00:00,740.7000000000002
2018-08-28 18:00:00,740.2000000000002
2018-08-28 19:00:00,739.6000000000003
2018-08-29 05:00:00,744.2000000000002
2018-08-29 13:00:00,741.0000000000003
2018-08-29 14:00:00,743.4000000000002
2018-08-29 15:00:00,745.1000000000003
2018-08-29 16:00:00,746.5000000000003
2018-08-29 17:00:00,745.8000000000003
2018-08-29 18:00:00,745.3000000000003
2018-08-29 19:00:00,744.4000000000002
2018-08-30 05:00:00,741.7000000000002
2018-08-30 13:00:00,743.8000000000003
2018-08-30 14:00:00,743.5000000000003
2018-08-30 15:00:00,738.9000000000002
2018-08-30 16:00:00,738.6000000000003
2018-08-30 17:00:00,741.9000000000002
2018-08-30 18:00:00,742.1000000000003
2018-08-30 19:00:00,741.5000000000003
2018-08-31 05:00:00,736.5000000000003
2018-08-31 13:00:00,735.3000000000003
2018-08-31 14:00:00,736.9000000000002
2018-08-31 15:00:00,734.5000000000003
2018-08-31 16:00:00,734.2000000000002
2018-08-31 17:00:00,735.6000000000003
2018-08-31 18:00:00,734.2000000000002
2018-08-31 19:00:00,736.4000000000002
2018-09-04 05:00:00,734.4000000000002
2018-09-04 13:00:00,737.8000000000003
2018-09-04 14:00:00,737.1000000000003
2018-09-04 15:00:00,732.7000000000002
2018-09-04 16:00:00,733.3000000000003
2018-09-04 17:00:00,736.4000000000002
2018-09-04 18:00:00,735.2000000000002
2018-09-04 19:00:00,734.5000000000003
2018-09-05 05:00:00,733.4000000000002
2018-09-05 13:00:00,727.2000000000002
2018-09-05 14:00:00,725.4000000000002
2018-09-05 15:00:00,729.5000000000003
2018-09-05 16:00:00,730.8000000000003
2018-09-05 17:00:00,732.7000000000002
2018-09-05 18:00:00,731.9000000000002
2018-09-05 19:00:00,733.6000000000003
2018-09-06 05:00:00,719.4000000000002
2018-09-06 13:00:00,732.2000000000002
2018-09-06 14:00:00,727.1000000000003
2018-09-06 15:00:00,723.1000000000003
2018-09-06 16:00:00,722.3000000000003
2018-09-06 17:00:00,721.0000000000003
2018-09-06 18:00:00,720.8000000000003
2018-09-06 19:00:00,719.4000000000002
2018-09-07 05:00:00,719.1000000000003
2018-09-07 13:00:00,715.2000000000002
2018-09-07 14:00:00,717.1000000000003
2018-09-07 15:00:00,718.9000000000002
2018-09-07 16:00:00,715.9000000000002
2018-09-07 17:00:00,715.6000000000003
2018-09-07 18:00:00,717.2000000000002
2018-09-07 19:00:00,719.1000000000003
2018-09-10 05:00:00,718.8000000000003
2018-09-10 13:00:00,724.1000000000003
2018-09-10 14:00:00,721.4000000000002
2018-09-10 15:00:00,720.7000000000002
2018-09-10 16:00:00,721.3000000000003
2018-09-10 17:00:00,720.3000000000003
2018-09-10 18:00:00,720.3000000000003
2018-09-10 19:00:00,719.5000000000003
2018-09-11 05:00:00,726.1000000000003
2018-09-12 05:00:00,729.9000000000002
2018-09-13 05:00:00,730.0000000000003
2018-09-13 14:00:00,726.7000000000002
2018-09-13 15:00:00,727.4000000000002
2018-09-13 16:00:00,730.5000000000003
2018-09-14 05:00:00,734.1000000000003
2018-09-14 14:00:00,730.7000000000002
2018-09-14 16:00:00,733.4000000000002
2018-09-14 17:00:00,732.9000000000002
2018-09-14 18:00:00,733.4000000000002
2018-09-14 19:00:00,734.2000000000002
2018-09-17 05:00:00,735.3000000000003
2018-09-17 13:00:00,737.5000000000003
2018-09-17 14:00:00,738.2000000000002
2018-09-17 15:00:00,737.9000000000002
2018-09-17 16:00:00,736.5000000000003
2018-09-17 17:00:00,735.7000000000002
2018-09-17 18:00:00,734.1000000000003
2018-09-17 19:00:00,734.7000000000002
2018-09-18 05:00:00,740.4000000000002
2018-09-18 13:00:00,744.3000000000003
2018-09-18 14:00:00,743.2000000000002
2018-09-18 15:00:00,742.0000000000003
2018-09-18 16:00:00,741.2000000000002
2018-09-18 17:00:00,740.8000000000003
2018-09-18 18:00:00,740.6000000000003
2018-09-18 19:00:00,740.4000000000002
2018-09-19 05:00:00,742.8000000000003
2018-09-19 13:00:00,742.9000000000002
2018-09-19 14:00:00,744.4000000000002
2018-09-19 15:00:00,744.1000000000003
2018-09-19 16:00:00,744.9000000000002
2018-09-19 17:00:00,744.4000000000002
2018-09-19 18:00:00,744.1000000000003
2018-09-19 19:00:00,742.8000000000003
2018-09-20 05:00:00,742.6000000000003
2018-09-20 13:00:00,744.0000000000003
2018-09-20 14:00:00,743.9000000000002
2018-09-20 15:00:00,742.5000000000003
2018-09-20 16:00:00,744.5000000000003
2018-09-20 17:00:00,743.1000000000003
2018-09-20 18:00:00,742.3000000000003
2018-09-20 19:00:00,742.9000000000002
2018-09-21 05:00:00,747.9000000000002
2018-09-21 13:00:00,746.5000000000003
2018-09-21 14:00:00,746.6000000000003
2018-09-21 15:00:00,745.4000000000002
2018-09-21 16:00:00,746.1000000000003
2018-09-21 17:00:00,745.6000000000003
2018-09-21 18:00:00,745.8000000000003
2018-09-21 19:00:00,747.6000000000003
2018-09-24 05:00:00,759.0000000000003
2018-09-24 13:00:00,760.7000000000002
2018-09-24 14:00:00,755.9000000000002
2018-09-24 15:00:00,757.2000000000002
2018-09-24 16:00:00,758.5000000000003
2018-09-24 17:00:00,758.4000000000002
2018-09-24 18:00:00,759.4000000000002
2018-09-24 19:00:00,758.9000000000002
2018-09-25 05:00:00,763.3000000000003
2018-09-25 13:00:00,764.1000000000003
2018-09-25 14:00:00,766.3000000000003
2018-09-25 15:00:00,763.6000000000003
2018-09-25 16:00:00,766.0000000000003
2018-09-25 17:00:00,763.7000000000002
2018-09-25 18:00:00,764.6000000000003
2018-09-25 19:00:00,763.3000000000003
2018-09-26 05:00:00,755.5000000000003
2018-09-26 13:00:00,761.5000000000003
2018-09-26 14:00:00,762.0000000000003
2018-09-26 15:00:00,760.4000000000002
2018-09-26 16:00:00,761.9000000000002
2018-09-26 17:00:00,760.1000000000003
2018-09-26 18:00:00,759.1000000000003
2018-09-26 19:00:00,755.8000000000003
2018-09-27 05:00:00,755.8000000000003
2018-09-27 13:00:00,755.9000000000002
2018-09-27 14:00:00,758.6000000000003
2018-09-27 15:00:00,758.3000000000003
2018-09-27 16:00:00,759.0000000000003
2018-09-27 17:00:00,757.6000000000003
2018-09-27 18:00:00,756.9000000000002
2018-09-27 19:00:00,755.8000000000003
2018-09-28 05:00:00,753.9000000000002
2018-09-28 13:00:00,756.6000000000003
2018-09-28 14:00:00,761.1000000000003
2018-09-28 15:00:00,761.3000000000003
2018-09-28 16:00:00,760.6000000000003
2018-09-28 17:00:00,758.6000000000003
2018-09-28 18:00:00,756.6000000000003
2018-09-28 19:00:00,754.2000000000002
2018-10-01 05:00:00,765.2000000000002
2018-10-01 12:00:00,756.6000000000003
2018-10-01 13:00:00,761.6000000000003
2018-10-01 14:00:00,762.0000000000003
2018-10-01 15:00:00,766.3000000000003
2018-10-01 16:00:00,765.6000000000003
2018-10-01 17:00:00,765.0000000000003
2018-10-01 18:00:00,766.6000000000003
2018-10-01 19:00:00,765.2000000000002
2018-10-02 05:00:00,766.2000000000002
2018-10-02 13:00:00,763.4000000000002
2018-10-02 14:00:00,764.0000000000003
2018-10-02 15:00:00,766.9000000000002
2018-10-02 16:00:00,768.0000000000003
2018-10-02 17:00:00,766.8000000000003
2018-10-02 18:00:00,766.9000000000002
2018-10-02 19:00:00,766.2000000000002
2018-10-03 05:00:00,772.6000000000003
2018-10-03 13:00:00,768.8000000000003
2018-10-03 14:00:00,770.8000000000003
2018-10-03 15:00:00,770.9000000000002
2018-10-03 16:00:00,771.6000000000003
2018-10-03 17:00:00,772.6000000000003
2018-10-03 18:00:00,771.6000000000003
2018-10-03 19:00:00,772.5000000000003
2018-10-04 05:00:00,768.3000000000003
2018-10-04 13:00:00,770.2000000000002
2018-10-04 14:00:00,772.2000000000002
2018-10-04 15:00:00,768.7000000000002
2018-10-04 16:00:00,767.6000000000003
2018-10-04 17:00:00,765.4000000000002
2018-10-04 18:00:00,767.6000000000003
2018-10-04 19:00:00,768.2000000000002
2018-10-05 05:00:00,768.0000000000003
2018-10-05 13:00:00,765.7000000000002
2018-10-05 14:00:00,768.0000000000003
2018-10-05 15:00:00,766.1000000000003
2018-10-05 16:00:00,766.6000000000003
2018-10-05 17:00:00,766.2000000000002
2018-10-05 18:00:00,766.7000000000002
2018-10-05 19:00:00,768.0000000000003
2018-10-08 05:00:00,768.0000000000003
2018-10-08 13:00:00,765.8000000000003
2018-10-08 14:00:00,764.3000000000003
2018-10-08 15:00:00,762.8000000000003
2018-10-08 16:00:00,762.4000000000002
2018-10-08 17:00:00,764.4000000000002
2018-10-08 18:00:00,767.3000000000003
2018-10-08 19:00:00,767.5000000000003
2018-10-09 05:00:00,775.3000000000003
2018-10-09 13:00:00,771.9000000000002
2018-10-09 14:00:00,771.8000000000003
2018-10-09 15:00:00,772.8000000000003
2018-10-09 16:00:00,775.5000000000003
2018-10-09 17:00:00,778.2000000000002
2018-10-09 18:00:00,777.6000000000003
2018-10-09 19:00:00,775.3000000000003
2018-10-10 05:00:00,746.9000000000002
2018-10-10 13:00:00,769.6000000000003
2018-10-10 14:00:00,761.7000000000002
2018-10-10 15:00:00,758.6000000000003
2018-10-10 16:00:00,759.5000000000003
2018-10-10 17:00:00,758.6000000000003
2018-10-10 18:00:00,752.9000000000002
2018-10-10 19:00:00,746.7000000000002
2018-10-10 20:00:00,748.4000000000002
2018-10-11 05:00:00,723.3000000000003
2018-10-11 13:00:00,739.8000000000003
2018-10-11 14:00:00,732.7000000000002
2018-10-11 15:00:00,732.9000000000002
2018-10-11 16:00:00,735.1000000000003
2018-10-11 17:00:00,732.2000000000002
2018-10-11 18:00:00,722.7000000000002
2018-10-11 19:00:00,723.3000000000003
2018-10-11 20:00:00,723.8000000000003
2018-10-12 05:00:00,725.7000000000002
2018-10-12 13:00:00,732.1000000000003
2018-10-12 14:00:00,728.0000000000003
2018-10-12 15:00:00,724.5000000000003
2018-10-12 16:00:00,719.0000000000003
2018-10-12 17:00:00,717.4000000000002
2018-10-12 18:00:00,719.9000000000002
2018-10-12 19:00:00,725.7000000000002
2018-10-15 05:00:00,719.6000000000003
2018-10-15 13:00:00,721.5000000000003
2018-10-15 14:00:00,722.0000000000003
2018-10-15 15:00:00,720.0000000000003
2018-10-15 16:00:00,721.5000000000003
2018-10-15 17:00:00,723.8000000000003
2018-10-15 18:00:00,724.7000000000002
2018-10-15 19:00:00,719.6000000000003
2018-10-16 05:00:00,725.5000000000003
2018-10-16 13:00:00,722.4000000000002
2018-10-16 14:00:00,724.6000000000003
2018-10-16 15:00:00,723.8000000000003
2018-10-16 16:00:00,723.0000000000003
2018-10-16 17:00:00,723.4000000000002
2018-10-16 18:00:00,724.0000000000003
2018-10-16 19:00:00,725.4000000000002
2018-10-17 05:00:00,720.2000000000002
2018-10-17 13:00:00,722.8000000000003
2018-10-17 14:00:00,717.0000000000003
2018-10-17 15:00:00,716.5000000000003
2018-10-17 16:00:00,719.2000000000002
2018-10-17 17:00:00,719.0000000000003
2018-10-17 18:00:00,719.1000000000003
2018-10-17 19:00:00,720.2000000000002
2018-10-18 05:00:00,716.5000000000003
2018-10-18 13:00:00,715.6000000000003
2018-10-18 14:00:00,723.0000000000003
2018-10-18 15:00:00,717.7000000000002
2018-10-18 16:00:00,718.7000000000002
2018-10-18 17:00:00,714.8000000000003
2018-10-18 18:00:00,716.6000000000003
2018-10-18 19:00:00,716.7000000000002
2018-10-19 05:00:00,710.0000000000003
2018-10-19 12:00:00,716.0000000000003
2018-10-19 13:00:00,718.7000000000002
2018-10-19 14:00:00,717.0000000000003
2018-10-19 15:00:00,717.6000000000003
2018-10-19 16:00:00,714.5000000000003
2018-10-19 17:00:00,713.7000000000002
2018-10-19 18:00:00,711.6000000000003
2018-10-19 19:00:00,709.8000000000003
2018-10-22 05:00:00,701.9000000000002
2018-10-22 13:00:00,703.4000000000002
2018-10-22 14:00:00,702.3000000000003
2018-10-22 15:00:00,700.3000000000003
2018-10-22 16:00:00,699.4000000000002
2018-10-22 17:00:00,699.8000000000003
2018-10-22 18:00:00,703.0000000000003
2018-10-22 19:00:00,701.9000000000002
2018-10-23 05:00:00,683.0000000000003
2018-10-23 13:00:00,682.9000000000002
2018-10-23 14:00:00,678.0000000000003
2018-10-23 15:00:00,674.5000000000003
2018-10-23 16:00:00,678.8000000000003
2018-10-23 17:00:00,676.5000000000003
2018-10-23 18:00:00,684.2000000000002
2018-10-23 19:00:00,682.9000000000002
2018-10-24 05:00:00,656.2000000000002
2018-10-24 13:00:00,681.8000000000003
2018-10-24 14:00:00,673.9000000000002
2018-10-24 15:00:00,675.2000000000002
2018-10-24 16:00:00,673.2000000000002
2018-10-24 17:00:00,668.8000000000003
2018-10-24 18:00:00,667.0000000000003
2018-10-24 19:00:00,656.3000000000003
2018-10-25 05:00:00,663.5000000000003
2018-10-25 13:00:00,664.4000000000002
2018-10-25 14:00:00,662.4000000000002
2018-10-25 15:00:00,663.4000000000002
2018-10-25 16:00:00,663.6000000000003
2018-10-25 17:00:00,663.9000000000002
2018-10-25 18:00:00,667.0000000000003
2018-10-25 19:00:00,663.8000000000003
2018-10-26 05:00:00,658.9000000000002
2018-10-26 13:00:00,655.2000000000002
2018-10-26 14:00:00,650.4000000000002
2018-10-26 15:00:00,659.3000000000003
2018-10-26 16:00:00,662.8000000000003
2018-10-26 17:00:00,662.1000000000003
2018-10-26 18:00:00,654.0000000000003
2018-10-26 19:00:00,658.9000000000002
2018-10-29 05:00:00,645.7000000000002
2018-10-29 13:00:00,660.6000000000003
2018-10-29 14:00:00,661.2000000000002
2018-10-29 15:00:00,659.8000000000003
2018-10-29 16:00:00,656.1000000000003
2018-10-29 17:00:00,657.2000000000002
2018-10-29 18:00:00,649.9000000000002
2018-10-29 19:00:00,645.8000000000003
2018-10-30 05:00:00,661.2000000000002
2018-10-30 13:00:00,654.0000000000003
2018-10-30 14:00:00,647.7000000000002
2018-10-30 15:00:00,653.1000000000003
2018-10-30 16:00:00,651.7000000000002
2018-10-30 17:00:00,652.0000000000003
2018-10-30 18:00:00,658.4000000000002
2018-10-30 19:00:00,661.4000000000002
2018-10-31 05:00:00,664.6000000000003
2018-10-31 13:00:00,669.6000000000003
2018-10-31 14:00:00,673.1000000000003
2018-10-31 15:00:00,673.7000000000002
2018-10-31 16:00:00,672.4000000000002
2018-10-31 17:00:00,670.4000000000002
2018-10-31 18:00:00,669.6000000000003
2018-10-31 19:00:00,664.6000000000003
2018-10-31 20:00:00,664.6000000000003
2018-11-01 05:00:00,670.4000000000002
2018-11-01 13:00:00,669.5000000000003
2018-11-01 14:00:00,673.2000000000002
2018-11-01 15:00:00,663.5000000000003
2018-11-01 16:00:00,666.8000000000003
2018-11-01 17:00:00,665.1000000000003
2018-11-01 18:00:00,665.5000000000003
2018-11-01 19:00:00,670.9000000000002
2018-11-02 05:00:00,669.2000000000002
2018-11-02 13:00:00,678.9000000000002
2018-11-02 14:00:00,674.8000000000003
2018-11-02 15:00:00,671.0000000000003
2018-11-02 16:00:00,663.6000000000003
2018-11-02 17:00:00,666.9000000000002
2018-11-02 18:00:00,670.2000000000002
2018-11-02 19:00:00,669.5000000000003
2018-11-05 06:00:00,681.3000000000003
2018-11-05 14:00:00,679.3000000000003
2018-11-05 15:00:00,679.8000000000003
2018-11-05 16:00:00,679.5000000000003
2018-11-05 17:00:00,677.4000000000002
2018-11-05 18:00:00,682.0000000000003
2018-11-05 19:00:00,681.7000000000002
2018-11-05 20:00:00,681.1000000000003
2018-11-06 06:00:00,683.7000000000002
2018-11-06 14:00:00,681.7000000000002
2018-11-06 15:00:00,682.4000000000002
2018-11-06 16:00:00,676.0000000000003
2018-11-06 17:00:00,677.7000000000002
2018-11-06 18:00:00,682.3000000000003
2018-11-06 19:00:00,681.9000000000002
2018-11-06 20:00:00,683.8000000000003
2018-11-07 06:00:00,695.2000000000002
2018-11-07 14:00:00,691.1000000000003
2018-11-07 15:00:00,686.1000000000003
2018-11-07 16:00:00,688.8000000000003
2018-11-07 17:00:00,689.0000000000003
2018-11-07 18:00:00,689.5000000000003
2018-11-07 19:00:00,693.1000000000003
2018-11-07 20:00:00,695.0000000000003
2018-11-08 06:00:00,679.3000000000003
2018-11-08 14:00:00,691.9000000000002
2018-11-08 15:00:00,690.0000000000003
2018-11-08 16:00:00,689.0000000000003
2018-11-08 17:00:00,686.4000000000002
2018-11-08 18:00:00,687.4000000000002
2018-11-08 19:00:00,680.6000000000003
2018-11-08 20:00:00,679.3000000000003
2018-11-09 06:00:00,679.0000000000003
2018-11-09 14:00:00,667.6000000000003
2018-11-09 15:00:00,675.6000000000003
2018-11-09 16:00:00,676.0000000000003
2018-11-09 17:00:00,676.7000000000002
2018-11-09 18:00:00,675.8000000000003
2018-11-09 19:00:00,679.1000000000003
2018-11-09 20:00:00,678.6000000000003
2018-11-12 06:00:00,663.6000000000003
2018-11-12 12:00:00,680.1000000000003
2018-11-12 13:00:00,681.8000000000003
2018-11-12 14:00:00,676.2000000000002
2018-11-12 15:00:00,675.4000000000002
2018-11-12 16:00:00,670.3000000000003
2018-11-12 17:00:00,670.6000000000003
2018-11-12 18:00:00,669.1000000000003
2018-11-12 19:00:00,669.1000000000003
2018-11-12 20:00:00,663.4000000000002
2018-11-13 06:00:00,647.5000000000003
2018-11-13 14:00:00,660.3000000000003
2018-11-13 15:00:00,659.0000000000003
2018-11-13 16:00:00,662.9000000000002
2018-11-13 17:00:00,656.9000000000002
2018-11-13 18:00:00,650.6000000000003
2018-11-13 19:00:00,646.7000000000002
2018-11-13 20:00:00,647.5000000000003
2018-11-14 06:00:00,646.6000000000003
2018-11-14 14:00:00,657.2000000000002
2018-11-14 15:00:00,651.7000000000002
2018-11-14 16:00:00,647.2000000000002
2018-11-14 17:00:00,647.4000000000002
2018-11-14 18:00:00,644.0000000000003
2018-11-14 19:00:00,647.5000000000003
2018-11-14 20:00:00,646.8000000000003
2018-11-15 06:00:00,656.9000000000002
2018-11-15 14:00:00,645.8000000000003
2018-11-15 15:00:00,647.0000000000003
2018-11-15 16:00:00,650.8000000000003
2018-11-15 17:00:00,649.8000000000003
2018-11-15 18:00:00,656.2000000000002
2018-11-15 19:00:00,655.4000000000002
2018-11-15 20:00:00,657.7000000000002
2018-11-16 06:00:00,664.7000000000002
2018-11-16 14:00:00,663.4000000000002
2018-11-16 15:00:00,664.6000000000003
2018-11-16 16:00:00,662.1000000000003
2018-11-16 17:00:00,663.4000000000002
2018-11-16 18:00:00,661.8000000000003
2018-11-16 19:00:00,664.3000000000003
2018-11-16 20:00:00,665.0000000000003
2018-11-19 06:00:00,664.3000000000003
2018-11-19 14:00:00,661.1000000000003
2018-11-19 15:00:00,665.5000000000003
2018-11-19 16:00:00,660.4000000000002
2018-11-19 17:00:00,663.0000000000003
2018-11-19 18:00:00,661.5000000000003
2018-11-19 19:00:00,663.6000000000003
2018-11-19 20:00:00,664.5000000000003
2018-11-20 06:00:00,642.5000000000003
2018-11-20 14:00:00,646.9000000000002
2018-11-20 15:00:00,651.5000000000003
2018-11-20 16:00:00,648.7000000000002
2018-11-20 17:00:00,646.4000000000002
2018-11-20 18:00:00,642.0000000000003
2018-11-20 19:00:00,640.2000000000002
2018-11-20 20:00:00,642.6000000000003
2018-11-21 06:00:00,652.8000000000003
2018-11-21 14:00:00,649.7000000000002
2018-11-21 15:00:00,649.6000000000003
2018-11-21 16:00:00,657.6000000000003
2018-11-21 17:00:00,657.9000000000002
2018-11-21 18:00:00,657.7000000000002
2018-11-21 19:00:00,656.1000000000003
2018-11-21 20:00:00,652.8000000000003
2018-11-23 06:00:00,630.6000000000003
2018-11-23 14:00:00,632.5000000000003
2018-11-23 15:00:00,628.0000000000003
2018-11-23 16:00:00,628.7000000000002
2018-11-23 17:00:00,630.5000000000003
2018-11-26 06:00:00,641.2000000000002
2018-11-26 14:00:00,640.2000000000002
2018-11-26 15:00:00,644.9000000000002
2018-11-26 16:00:00,641.6000000000003
2018-11-26 17:00:00,639.9000000000002
2018-11-26 18:00:00,641.3000000000003
2018-11-26 19:00:00,640.7000000000002
2018-11-26 20:00:00,641.3000000000003
2018-11-27 06:00:00,639.3000000000003
2018-11-27 14:00:00,638.2000000000002
2018-11-27 15:00:00,641.7000000000002
2018-11-27 16:00:00,641.9000000000002
2018-11-27 17:00:00,637.0000000000003
2018-11-27 18:00:00,636.6000000000003
2018-11-27 19:00:00,640.8000000000003
2018-11-27 20:00:00,639.1000000000003
2018-11-28 06:00:00,650.4000000000002
2018-11-28 14:00:00,638.3000000000003
2018-11-28 15:00:00,637.4000000000002
2018-11-28 16:00:00,642.1000000000003
2018-11-28 17:00:00,647.9000000000002
2018-11-28 18:00:00,649.8000000000003
2018-11-28 19:00:00,646.8000000000003
2018-11-28 20:00:00,650.4000000000002
2018-11-29 06:00:00,654.9000000000002
2018-11-29 14:00:00,652.6000000000003
2018-11-29 15:00:00,650.2000000000002
2018-11-29 16:00:00,655.0000000000003
2018-11-29 17:00:00,656.0000000000003
2018-11-29 18:00:00,657.1000000000003
2018-11-29 19:00:00,659.3000000000003
2018-11-29 20:00:00,654.9000000000002
2018-11-30 06:00:00,652.8000000000003
2018-11-30 14:00:00,647.5000000000003
2018-11-30 15:00:00,648.2000000000002
2018-11-30 16:00:00,654.0000000000003
2018-11-30 17:00:00,650.0000000000003
2018-11-30 18:00:00,653.1000000000003
2018-11-30 19:00:00,651.4000000000002
2018-11-30 20:00:00,652.7000000000002
2018-12-03 06:00:00,667.7000000000002
2018-12-03 14:00:00,667.7000000000002
2018-12-03 15:00:00,661.8000000000003
2018-12-03 16:00:00,662.2000000000002
2018-12-03 17:00:00,664.9000000000002
2018-12-03 18:00:00,666.1000000000003
2018-12-03 19:00:00,666.3000000000003
2018-12-03 20:00:00,667.8000000000003
2018-12-04 06:00:00,648.4000000000002
2018-12-04 14:00:00,667.0000000000003
2018-12-04 15:00:00,665.2000000000002
2018-12-04 16:00:00,662.7000000000002
2018-12-04 17:00:00,658.0000000000003
2018-12-04 18:00:00,654.9000000000002
2018-12-04 19:00:00,657.9000000000002
2018-12-04 20:00:00,648.7000000000002
2018-12-06 06:00:00,636.2000000000002
2018-12-06 14:00:00,629.4000000000002
2018-12-06 15:00:00,628.1000000000003
2018-12-06 16:00:00,626.5000000000003
2018-12-06 17:00:00,626.5000000000003
2018-12-06 18:00:00,629.9000000000002
2018-12-06 19:00:00,628.9000000000002
2018-12-06 20:00:00,636.3000000000003
2018-12-07 06:00:00,632.7000000000002
2018-12-07 14:00:00,653.4000000000002
2018-12-07 15:00:00,649.1000000000003
2018-12-07 16:00:00,642.9000000000002
2018-12-07 17:00:00,644.2000000000002
2018-12-07 18:00:00,637.1000000000003
2018-12-07 19:00:00,631.9000000000002
2018-12-07 20:00:00,632.7000000000002
2018-12-10 06:00:00,622.4000000000002
2018-12-10 14:00:00,623.3000000000003
2018-12-10 15:00:00,615.0000000000003
2018-12-10 16:00:00,611.6000000000003
2018-12-10 17:00:00,617.8000000000003
2018-12-10 18:00:00,619.2000000000002
2018-12-10 19:00:00,618.1000000000003
2018-12-10 20:00:00,622.4000000000002
2018-12-10 21:00:00,623.2000000000002
2018-12-11 06:00:00,621.6000000000003
2018-12-12 06:00:00,624.5000000000003
2018-12-12 15:00:00,632.6000000000003
2018-12-12 20:00:00,626.3000000000003
2018-12-13 06:00:00,626.6000000000003
2018-12-13 14:00:00,621.3000000000003
2018-12-13 15:00:00,625.4000000000002
2018-12-13 16:00:00,626.1000000000003
2018-12-13 19:00:00,622.1000000000003
2018-12-13 20:00:00,626.6000000000003
2018-12-14 06:00:00,611.2000000000002
2018-12-14 14:00:00,622.9000000000002
2018-12-14 15:00:00,620.9000000000002
2018-12-14 16:00:00,616.4000000000002
2018-12-14 17:00:00,614.4000000000002
2018-12-14 18:00:00,611.7000000000002
2018-12-14 19:00:00,610.8000000000003
2018-12-14 20:00:00,611.7000000000002
2018-12-17 06:00:00,600.0000000000003
2018-12-17 14:00:00,608.8000000000003
2018-12-17 15:00:00,610.3000000000003
2018-12-17 16:00:00,612.8000000000003
2018-12-17 17:00:00,607.6000000000003
2018-12-17 18:00:00,605.1000000000003
2018-12-17 19:00:00,600.9000000000002
2018-12-17 20:00:00,596.9000000000002
2018-12-18 06:00:00,585.8000000000003
2018-12-18 14:00:00,598.6000000000003
2018-12-18 15:00:00,594.8000000000003
2018-12-18 16:00:00,591.7000000000002
2018-12-18 17:00:00,593.4000000000002
2018-12-18 18:00:00,589.3000000000003
2018-12-18 19:00:00,582.6000000000003
2018-12-18 20:00:00,586.5000000000003
2018-12-19 06:00:00,579.0000000000003
2018-12-19 14:00:00,590.9000000000002
2018-12-19 15:00:00,594.5000000000003
2018-12-19 16:00:00,593.3000000000003
2018-12-19 17:00:00,595.1000000000003
2018-12-19 18:00:00,597.0000000000003
2018-12-19 19:00:00,579.1000000000003
2018-12-19 20:00:00,578.1000000000003
2018-12-20 06:00:00,560.5000000000003
2018-12-20 14:00:00,575.7000000000002
2018-12-20 15:00:00,576.0000000000003
2018-12-20 16:00:00,566.7000000000002
2018-12-20 17:00:00,567.2000000000002
2018-12-20 18:00:00,561.7000000000002
2018-12-20 19:00:00,564.8000000000003
2018-12-20 20:00:00,561.0000000000003
2018-12-21 06:00:00,555.6000000000003
2018-12-21 14:00:00,562.3000000000003
2018-12-21 15:00:00,567.5000000000003
2018-12-21 16:00:00,563.6000000000003
2018-12-21 17:00:00,557.3000000000003
2018-12-21 18:00:00,557.3000000000003
2018-12-21 19:00:00,555.3000000000003
2018-12-21 20:00:00,554.8000000000003
2018-12-24 06:00:00,532.6000000000003
2018-12-24 14:00:00,544.5000000000003
2018-12-24 15:00:00,544.6000000000003
2018-12-24 16:00:00,536.7000000000002
2018-12-24 17:00:00,532.6000000000003
2018-12-26 06:00:00,566.1000000000003
2018-12-26 14:00:00,530.4000000000002
2018-12-26 15:00:00,532.7000000000002
2018-12-26 16:00:00,543.4000000000002
2018-12-26 17:00:00,550.6000000000003
2018-12-26 18:00:00,552.3000000000003
2018-12-26 19:00:00,555.2000000000002
2018-12-26 20:00:00,566.0000000000003
2018-12-27 06:00:00,568.7000000000002
2018-12-27 14:00:00,555.3000000000003
2018-12-27 15:00:00,552.4000000000002
2018-12-27 16:00:00,554.7000000000002
2018-12-27 17:00:00,553.5000000000003
2018-12-27 18:00:00,549.4000000000002
2018-12-27 19:00:00,554.0000000000003
2018-12-27 20:00:00,568.7000000000002
2018-12-28 06:00:00,564.7000000000002
2018-12-28 14:00:00,569.7000000000002
2018-12-28 15:00:00,563.2000000000002
2018-12-28 16:00:00,567.0000000000003
2018-12-28 17:00:00,564.4000000000002
2018-12-28 18:00:00,565.3000000000003
2018-12-28 19:00:00,571.9000000000002
2018-12-28 20:00:00,564.6000000000003
2018-12-31 06:00:00,566.1000000000003
2018-12-31 14:00:00,568.8000000000003
2018-12-31 15:00:00,562.6000000000003
2018-12-31 16:00:00,565.0000000000003
2018-12-31 17:00:00,565.4000000000002
2018-12-31 18:00:00,563.4000000000002
2018-12-31 19:00:00,565.3000000000003
2018-12-31 20:00:00,566.6000000000003
2019-01-02 06:00:00,579.6000000000003
2019-01-02 14:00:00,559.7000000000002
2019-01-02 15:00:00,575.1000000000003
2019-01-02 16:00:00,579.7000000000002
2019-01-02 17:00:00,581.5000000000003
2019-01-02 18:00:00,579.9000000000002
2019-01-02 19:00:00,578.2000000000002
2019-01-02 20:00:00,579.9000000000002
2019-01-03 06:00:00,572.5000000000003
2019-01-03 13:00:00,579.3000000000003
2019-01-03 14:00:00,574.7000000000002
2019-01-03 15:00:00,569.0000000000003
2019-01-03 16:00:00,578.2000000000002
2019-01-03 17:00:00,579.6000000000003
2019-01-03 18:00:00,573.7000000000002
2019-01-03 19:00:00,573.8000000000003
2019-01-03 20:00:00,572.7000000000002
2019-01-04 06:00:00,593.6000000000003
2019-01-04 14:00:00,587.7000000000002
2019-01-04 15:00:00,589.4000000000002
2019-01-04 16:00:00,586.6000000000003
2019-01-04 17:00:00,590.4000000000002
2019-01-04 18:00:00,588.7000000000002
2019-01-04 19:00:00,590.4000000000002
2019-01-04 20:00:00,593.6000000000003
2019-01-07 06:00:00,602.2000000000002
2019-01-07 14:00:00,593.5000000000003
2019-01-07 15:00:00,602.8000000000003
2019-01-07 16:00:00,604.6000000000003
2019-01-07 17:00:00,605.9000000000002
2019-01-07 18:00:00,602.1000000000003
2019-01-07 19:00:00,601.6000000000003
2019-01-07 20:00:00,602.2000000000002
2019-01-08 06:00:00,607.0000000000003
2019-01-08 14:00:00,608.7000000000002
2019-01-08 15:00:00,603.8000000000003
2019-01-08 16:00:00,608.8000000000003
2019-01-08 17:00:00,605.9000000000002
2019-01-08 18:00:00,609.0000000000003
2019-01-08 19:00:00,608.8000000000003
2019-01-08 20:00:00,607.1000000000003
2019-01-09 06:00:00,616.9000000000002
2019-01-09 14:00:00,614.2000000000002
2019-01-09 15:00:00,609.1000000000003
2019-01-09 16:00:00,617.6000000000003
2019-01-09 17:00:00,616.8000000000003
2019-01-09 18:00:00,617.2000000000002
2019-01-09 19:00:00,615.3000000000003
2019-01-09 20:00:00,616.9000000000002
2019-01-10 06:00:00,618.6000000000003
2019-01-10 14:00:00,610.4000000000002
2019-01-10 15:00:00,614.3000000000003
2019-01-10 16:00:00,616.7000000000002
2019-01-10 17:00:00,614.1000000000003
2019-01-10 18:00:00,612.2000000000002
2019-01-10 19:00:00,615.8000000000003
2019-01-10 20:00:00,618.6000000000003
2019-01-11 06:00:00,614.5000000000003
2019-01-11 14:00:00,611.9000000000002
2019-01-11 15:00:00,613.0000000000003
2019-01-11 16:00:00,613.7000000000002
2019-01-11 17:00:00,616.2000000000002
2019-01-11 18:00:00,615.7000000000002
2019-01-11 19:00:00,613.1000000000003
2019-01-11 20:00:00,614.5000000000003
2019-01-14 06:00:00,613.9000000000002
2019-01-14 14:00:00,612.1000000000003
2019-01-14 15:00:00,612.2000000000002
2019-01-14 16:00:00,610.7000000000002
2019-01-14 17:00:00,613.4000000000002
2019-01-14 18:00:00,615.5000000000003
2019-01-14 19:00:00,613.1000000000003
2019-01-14 20:00:00,613.9000000000002
2019-01-15 06:00:00,614.7000000000002
2019-01-15 14:00:00,617.4000000000002
2019-01-15 15:00:00,616.8000000000003
2019-01-15 16:00:00,616.1000000000003
2019-01-15 17:00:00,616.9000000000002
2019-01-15 18:00:00,615.0000000000003
2019-01-15 19:00:00,614.9000000000002
2019-01-15 20:00:00,614.8000000000003
2019-01-16 06:00:00,614.5000000000003
2019-01-16 14:00:00,615.8000000000003
2019-01-16 15:00:00,614.5000000000003
2019-01-16 16:00:00,614.4000000000002
2019-01-16 17:00:00,614.0000000000003
2019-01-16 18:00:00,616.4000000000002
2019-01-16 19:00:00,617.1000000000003
2019-01-16 20:00:00,614.5000000000003
2019-01-17 06:00:00,619.9000000000002
2019-01-17 14:00:00,611.5000000000003
2019-01-17 15:00:00,610.4000000000002
2019-01-17 16:00:00,614.5000000000003
2019-01-17 17:00:00,615.3000000000003
2019-01-17 18:00:00,616.5000000000003
2019-01-17 19:00:00,618.2000000000002
2019-01-17 20:00:00,619.9000000000002
2019-01-18 06:00:00,633.1000000000003
2019-01-18 13:00:00,624.5000000000003
2019-01-18 14:00:00,625.6000000000003
2019-01-18 15:00:00,629.9000000000002
2019-01-18 16:00:00,629.8000000000003
2019-01-18 17:00:00,629.0000000000003
2019-01-18 18:00:00,629.8000000000003
2019-01-18 19:00:00,631.0000000000003
2019-01-18 20:00:00,632.7000000000002
2019-01-22 06:00:00,617.5000000000003
2019-01-22 14:00:00,623.4000000000002
2019-01-22 15:00:00,619.8000000000003
2019-01-22 16:00:00,618.4000000000002
2019-01-22 17:00:00,622.0000000000003
2019-01-22 18:00:00,619.9000000000002
2019-01-22 19:00:00,618.7000000000002
2019-01-22 20:00:00,617.5000000000003
2019-01-23 06:00:00,612.1000000000003
2019-01-23 14:00:00,617.7000000000002
2019-01-23 15:00:00,615.8000000000003
2019-01-23 16:00:00,609.2000000000002
2019-01-23 17:00:00,610.7000000000002
2019-01-23 18:00:00,611.5000000000003
2019-01-23 19:00:00,609.6000000000003
2019-01-23 20:00:00,612.2000000000002
2019-01-24 06:00:00,615.3000000000003
2019-01-24 14:00:00,609.6000000000003
2019-01-24 15:00:00,615.0000000000003
2019-01-24 16:00:00,619.7000000000002
2019-01-24 17:00:00,616.4000000000002
2019-01-24 18:00:00,615.7000000000002
2019-01-24 19:00:00,615.3000000000003
2019-01-24 20:00:00,615.3000000000003
2019-01-25 06:00:00,623.0000000000003
2019-01-25 14:00:00,622.9000000000002
2019-01-25 15:00:00,625.2000000000002
2019-01-25 16:00:00,625.7000000000002
2019-01-25 17:00:00,623.5000000000003
2019-01-25 18:00:00,626.5000000000003
2019-01-25 19:00:00,624.0000000000003
2019-01-25 20:00:00,623.0000000000003
2019-01-25 21:00:00,623.6000000000003
2019-01-28 06:00:00,616.7000000000002
2019-01-28 07:00:00,621.8000000000003
2019-01-28 08:00:00,621.8000000000003
2019-01-28 14:00:00,613.4000000000002
2019-01-28 15:00:00,615.2000000000002
2019-01-28 16:00:00,611.4000000000002
2019-01-28 17:00:00,612.8000000000003
2019-01-28 18:00:00,615.4000000000002
2019-01-28 19:00:00,616.5000000000003
2019-01-28 20:00:00,616.9000000000002
2019-01-29 06:00:00,618.9000000000002
2019-01-29 14:00:00,621.7000000000002
2019-01-29 15:00:00,619.0000000000003
2019-01-29 16:00:00,620.6000000000003
2019-01-29 17:00:00,619.4000000000002
2019-01-29 18:00:00,621.1000000000003
2019-01-29 19:00:00,620.8000000000003
2019-01-29 20:00:00,618.9000000000002
2019-01-30 06:00:00,627.4000000000002
2019-01-30 14:00:00,621.8000000000003
2019-01-30 15:00:00,620.7000000000002
2019-01-30 16:00:00,624.3000000000003
2019-01-30 17:00:00,622.8000000000003
2019-01-30 18:00:00,622.1000000000003
2019-01-30 19:00:00,629.4000000000002
2019-01-30 20:00:00,627.3000000000003
2019-01-30 21:00:00,627.7000000000002
2019-01-31 06:00:00,632.0000000000003
2019-01-31 14:00:00,630.1000000000003
2019-01-31 15:00:00,633.5000000000003
2019-01-31 16:00:00,631.9000000000002
2019-01-31 17:00:00,628.1000000000003
2019-01-31 18:00:00,628.1000000000003
2019-01-31 19:00:00,628.8000000000003
2019-01-31 20:00:00,632.4000000000002
2019-02-01 06:00:00,642.7000000000002
2019-02-01 14:00:00,638.3000000000003
2019-02-01 15:00:00,642.3000000000003
2019-02-01 16:00:00,644.0000000000003
2019-02-01 17:00:00,644.8000000000003
2019-02-01 18:00:00,644.1000000000003
2019-02-01 19:00:00,641.4000000000002
2019-02-01 20:00:00,642.7000000000002
2019-02-04 06:00:00,644.2000000000002
2019-02-04 14:00:00,637.4000000000002
2019-02-04 15:00:00,636.9000000000002
2019-02-04 16:00:00,639.8000000000003
2019-02-04 17:00:00,640.4000000000002
2019-02-04 18:00:00,641.6000000000003
2019-02-04 19:00:00,642.8000000000003
2019-02-04 20:00:00,644.4000000000002
2019-02-05 06:00:00,645.2000000000002
2019-02-05 14:00:00,644.5000000000003
2019-02-05 15:00:00,646.0000000000003
2019-02-05 16:00:00,644.1000000000003
2019-02-05 17:00:00,642.6000000000003
2019-02-05 18:00:00,643.6000000000003
2019-02-05 19:00:00,643.8000000000003
2019-02-05 20:00:00,645.4000000000002
2019-02-05 21:00:00,645.0000000000003
2019-02-06 06:00:00,640.4000000000002
2019-02-06 14:00:00,640.7000000000002
2019-02-06 15:00:00,643.3000000000003
2019-02-06 16:00:00,642.9000000000002
2019-02-06 17:00:00,643.4000000000002
2019-02-06 18:00:00,642.3000000000003
2019-02-06 19:00:00,641.4000000000002
2019-02-06 20:00:00,640.4000000000002
2019-02-07 06:00:00,625.9000000000002
2019-02-07 14:00:00,633.6000000000003
2019-02-07 15:00:00,629.1000000000003
2019-02-07 16:00:00,620.9000000000002
2019-02-07 17:00:00,621.5000000000003
2019-02-07 18:00:00,623.8000000000003
2019-02-07 19:00:00,624.7000000000002
2019-02-07 20:00:00,625.9000000000002
2019-02-08 06:00:00,622.3000000000003
2019-02-08 14:00:00,621.8000000000003
2019-02-08 15:00:00,618.6000000000003
2019-02-08 16:00:00,614.3000000000003
2019-02-08 17:00:00,614.0000000000003
2019-02-08 18:00:00,618.5000000000003
2019-02-08 19:00:00,620.6000000000003
2019-02-08 20:00:00,622.3000000000003
2019-02-11 06:00:00,626.2000000000002
2019-02-11 14:00:00,620.5000000000003
2019-02-11 15:00:00,622.5000000000003
2019-02-11 16:00:00,624.1000000000003
2019-02-11 17:00:00,625.7000000000002
2019-02-11 18:00:00,625.4000000000002
2019-02-11 19:00:00,625.7000000000002
2019-02-11 20:00:00,626.2000000000002
2019-02-12 06:00:00,634.1000000000003
2019-02-12 14:00:00,636.5000000000003
2019-02-12 15:00:00,633.8000000000003
2019-02-12 16:00:00,632.5000000000003
2019-02-12 17:00:00,633.2000000000002
2019-02-12 18:00:00,634.7000000000002
2019-02-12 19:00:00,633.7000000000002
2019-02-12 20:00:00,634.1000000000003
2019-02-13 06:00:00,642.2000000000002
2019-02-13 14:00:00,642.6000000000003
2019-02-13 15:00:00,644.8000000000003
2019-02-13 16:00:00,641.3000000000003
2019-02-13 17:00:00,641.3000000000003
2019-02-13 18:00:00,638.6000000000003
2019-02-13 19:00:00,638.6000000000003
2019-02-13 20:00:00,642.3000000000003
2019-02-14 06:00:00,644.3000000000003
2019-02-14 14:00:00,642.8000000000003
2019-02-14 15:00:00,645.7000000000002
2019-02-14 16:00:00,643.8000000000003
2019-02-14 17:00:00,646.6000000000003
2019-02-14 18:00:00,646.0000000000003
2019-02-14 19:00:00,646.1000000000003
2019-02-14 20:00:00,644.0000000000003
2019-02-15 06:00:00,654.5000000000003
2019-02-15 14:00:00,653.3000000000003
2019-02-15 15:00:00,651.4000000000002
2019-02-15 16:00:00,652.9000000000002
2019-02-15 17:00:00,651.4000000000002
2019-02-15 18:00:00,650.5000000000003
2019-02-15 19:00:00,653.2000000000002
2019-02-15 20:00:00,654.8000000000003
2019-02-19 06:00:00,656.7000000000002
2019-02-19 14:00:00,654.2000000000002
2019-02-19 15:00:00,651.3000000000003
2019-02-19 16:00:00,656.6000000000003
2019-02-19 17:00:00,656.6000000000003
2019-02-19 18:00:00,657.2000000000002
2019-02-19 19:00:00,657.7000000000002
2019-02-19 20:00:00,656.7000000000002
2019-02-19 21:00:00,657.1000000000003
2019-02-20 06:00:00,658.6000000000003
2019-02-20 14:00:00,656.9000000000002
2019-02-20 15:00:00,659.9000000000002
2019-02-20 16:00:00,662.0000000000003
2019-02-20 17:00:00,660.3000000000003
2019-02-20 18:00:00,662.0000000000003
2019-02-20 19:00:00,661.4000000000002
2019-02-20 20:00:00,658.6000000000003
2019-02-21 06:00:00,648.7000000000002
2019-02-21 12:00:00,657.2000000000002
2019-02-21 14:00:00,656.8000000000003
2019-02-21 15:00:00,653.8000000000003
2019-02-21 16:00:00,650.9000000000002
2019-02-21 17:00:00,650.0000000000003
2019-02-21 19:00:00,647.6000000000003
2019-02-21 20:00:00,648.7000000000002
2019-02-22 06:00:00,650.4000000000002
2019-02-22 14:00:00,654.3000000000003
2019-02-22 15:00:00,648.7000000000002
2019-02-22 16:00:00,650.2000000000002
2019-02-22 17:00:00,652.2000000000002
2019-02-22 18:00:00,652.0000000000003
2019-02-22 19:00:00,649.7000000000002
2019-02-22 20:00:00,650.5000000000003
2019-02-25 06:00:00,651.8000000000003
2019-02-25 14:00:00,653.6000000000003
2019-02-25 15:00:00,652.5000000000003
2019-02-25 16:00:00,651.5000000000003
2019-02-25 17:00:00,652.8000000000003
2019-02-25 18:00:00,651.8000000000003
2019-02-25 19:00:00,652.8000000000003
2019-02-25 20:00:00,651.8000000000003
2019-02-26 06:00:00,649.8000000000003
2019-02-26 14:00:00,652.1000000000003
2019-02-26 15:00:00,652.7000000000002
2019-02-26 16:00:00,654.3000000000003
2019-02-26 17:00:00,651.5000000000003
2019-02-26 20:00:00,649.8000000000003
2019-02-26 21:00:00,649.8000000000003
2019-02-27 06:00:00,651.8000000000003
2019-02-27 14:00:00,650.3000000000003
2019-02-27 15:00:00,655.4000000000002
2019-02-27 16:00:00,655.1000000000003
2019-02-27 17:00:00,654.1000000000003
2019-02-27 19:00:00,654.2000000000002
2019-02-27 20:00:00,651.8000000000003
2019-02-28 06:00:00,645.7000000000002
2019-02-28 14:00:00,646.2000000000002
2019-02-28 15:00:00,642.4000000000002
2019-02-28 16:00:00,644.3000000000003
2019-02-28 17:00:00,645.2000000000002
2019-02-28 18:00:00,645.7000000000002
2019-02-28 20:00:00,645.2000000000002
2019-02-28 21:00:00,645.3000000000003
2019-03-01 06:00:00,657.3000000000003
2019-03-01 14:00:00,653.6000000000003
2019-03-01 15:00:00,653.0000000000003
2019-03-01 16:00:00,652.5000000000003
2019-03-01 17:00:00,653.2000000000002
2019-03-01 18:00:00,652.0000000000003
2019-03-01 19:00:00,653.6000000000003
2019-03-01 20:00:00,657.3000000000003
2019-03-04 06:00:00,658.1000000000003
2019-03-04 14:00:00,659.9000000000002
2019-03-04 15:00:00,658.7000000000002
2019-03-04 16:00:00,654.5000000000003
2019-03-04 17:00:00,650.5000000000003
2019-03-04 18:00:00,651.1000000000003
2019-03-04 19:00:00,654.5000000000003
2019-03-04 20:00:00,658.1000000000003
2019-03-05 06:00:00,656.4000000000002
2019-03-05 13:00:00,658.6000000000003
2019-03-05 14:00:00,655.5000000000003
2019-03-05 15:00:00,651.9000000000002
2019-03-05 16:00:00,654.9000000000002
2019-03-05 18:00:00,655.7000000000002
2019-03-05 19:00:00,655.7000000000002
2019-03-05 20:00:00,656.2000000000002
2019-03-06 06:00:00,647.9000000000002
2019-03-06 14:00:00,647.9000000000002
2019-03-06 15:00:00,648.7000000000002
2019-03-06 16:00:00,646.5000000000003
2019-03-06 17:00:00,644.9000000000002
2019-03-06 18:00:00,646.7000000000002
2019-03-06 19:00:00,644.9000000000002
2019-03-06 20:00:00,647.9000000000002
2019-03-07 06:00:00,643.8000000000003
2019-03-07 14:00:00,642.9000000000002
2019-03-07 15:00:00,645.0000000000003
2019-03-07 16:00:00,644.3000000000003
2019-03-07 17:00:00,645.3000000000003
2019-03-07 18:00:00,644.5000000000003
2019-03-07 19:00:00,643.1000000000003
2019-03-07 20:00:00,644.0000000000003
2019-03-08 06:00:00,631.4000000000002
2019-03-08 14:00:00,628.0000000000003
2019-03-08 15:00:00,631.3000000000003
2019-03-08 16:00:00,628.2000000000002
2019-03-08 17:00:00,629.3000000000003
2019-03-08 18:00:00,628.7000000000002
2019-03-08 19:00:00,631.8000000000003
2019-03-08 20:00:00,631.4000000000002
2019-03-11 05:00:00,641.3000000000003
2019-03-11 14:00:00,639.9000000000002
2019-03-11 15:00:00,642.2000000000002
2019-03-11 16:00:00,641.9000000000002
2019-03-11 18:00:00,641.3000000000003
2019-03-11 19:00:00,641.3000000000003
2019-03-12 05:00:00,645.0000000000001
2019-03-12 12:00:00,642.2000000000002
2019-03-12 13:00:00,644.5000000000001
2019-03-12 14:00:00,647.0000000000001
2019-03-12 15:00:00,647.8000000000003
2019-03-12 16:00:00,646.3000000000003
2019-03-12 17:00:00,646.0000000000001
2019-03-12 18:00:00,646.1000000000003
2019-03-12 19:00:00,645.0000000000001
2019-03-13 05:00:00,652.4000000000002
2019-03-13 13:00:00,648.8000000000003
2019-03-13 14:00:00,648.9000000000002
2019-03-13 15:00:00,648.2000000000002
2019-03-13 16:00:00,648.7000000000002
2019-03-13 17:00:00,649.8000000000003
2019-03-13 18:00:00,650.9000000000002
2019-03-13 19:00:00,652.1000000000003
2019-03-14 05:00:00,653.1000000000003
2019-03-14 13:00:00,656.0000000000001
2019-03-14 14:00:00,653.4000000000002
2019-03-14 15:00:00,654.0000000000001
2019-03-14 16:00:00,654.6000000000003
2019-03-14 17:00:00,653.2000000000002
2019-03-14 18:00:00,653.7000000000002
2019-03-14 19:00:00,652.9000000000002
2019-03-15 05:00:00,652.1000000000003
2019-03-15 13:00:00,652.6000000000003
2019-03-15 14:00:00,652.2000000000002
2019-03-15 15:00:00,653.0000000000001
2019-03-15 16:00:00,653.8000000000003
2019-03-15 17:00:00,652.4000000000002
2019-03-15 18:00:00,653.1000000000003
2019-03-15 19:00:00,652.1000000000003
2019-03-18 05:00:00,661.6000000000003
2019-03-18 13:00:00,657.5000000000001
2019-03-18 14:00:00,659.2000000000002
2019-03-18 15:00:00,659.5000000000001
2019-03-18 16:00:00,660.8000000000003
2019-03-18 17:00:00,661.4000000000002
2019-03-18 18:00:00,661.3000000000003
2019-03-18 19:00:00,661.6000000000003
2019-03-19 05:00:00,659.6000000000003
2019-03-19 13:00:00,665.1000000000003
2019-03-19 14:00:00,663.5000000000001
2019-03-19 15:00:00,664.6000000000003
2019-03-19 16:00:00,665.3000000000003
2019-03-19 17:00:00,664.1000000000003
2019-03-19 18:00:00,662.4000000000002
2019-03-19 19:00:00,659.6000000000003
2019-03-20 05:00:00,666.3000000000003
2019-03-20 13:00:00,659.9000000000002
2019-03-20 14:00:00,662.6000000000003
2019-03-20 15:00:00,663.9000000000002
2019-03-20 16:00:00,662.2000000000002
2019-03-20 17:00:00,662.3000000000003
2019-03-20 18:00:00,670.5000000000001
2019-03-20 19:00:00,666.3000000000003
2019-03-21 05:00:00,670.3000000000003
2019-03-21 13:00:00,663.6000000000003
2019-03-21 14:00:00,667.0000000000001
2019-03-21 15:00:00,669.7000000000002
2019-03-21 16:00:00,666.1000000000003
2019-03-21 17:00:00,668.9000000000002
2019-03-21 18:00:00,670.6000000000003
2019-03-21 19:00:00,670.5000000000001
2019-03-22 05:00:00,652.4000000000002
2019-03-22 13:00:00,659.4000000000002
2019-03-22 14:00:00,654.3000000000003
2019-03-22 15:00:00,650.5000000000001
2019-03-22 16:00:00,651.8000000000003
2019-03-22 17:00:00,653.4000000000002
2019-03-22 18:00:00,658.3000000000003
2019-03-22 19:00:00,653.1000000000003
2019-03-22 20:00:00,652.4000000000002
2019-03-25 05:00:00,652.6000000000003
2019-03-25 13:00:00,646.4000000000002
2019-03-25 14:00:00,650.1000000000003
2019-03-25 15:00:00,650.4000000000002
2019-03-25 16:00:00,651.8000000000003
2019-03-25 17:00:00,652.7000000000002
2019-03-25 18:00:00,650.1000000000003
2019-03-25 19:00:00,652.5000000000001
2019-03-26 05:00:00,662.0000000000001
2019-03-26 13:00:00,665.0000000000001
2019-03-26 14:00:00,663.5000000000001
2019-03-26 15:00:00,662.7000000000002
2019-03-26 16:00:00,662.7000000000002
2019-03-26 17:00:00,659.7000000000002
2019-03-26 18:00:00,658.2000000000002
2019-03-26 19:00:00,662.0000000000001
2019-03-27 05:00:00,657.3000000000003
2019-03-27 13:00:00,659.6000000000003
2019-03-27 14:00:00,658.7000000000002
2019-03-27 15:00:00,652.2000000000002
2019-03-27 16:00:00,656.1000000000003
2019-03-27 18:00:00,657.8000000000003
2019-03-27 19:00:00,657.3000000000003
2019-03-28 05:00:00,659.4000000000002
2019-03-28 13:00:00,656.6000000000003
2019-03-28 14:00:00,657.9000000000002
2019-03-28 15:00:00,654.7000000000002
2019-03-28 16:00:00,655.8000000000003
2019-03-28 17:00:00,656.7000000000002
2019-03-28 18:00:00,656.8000000000003
2019-03-28 19:00:00,659.4000000000002
2019-03-29 05:00:00,658.2000000000002
2019-03-29 13:00:00,664.6000000000003
2019-03-29 14:00:00,657.7000000000002
2019-03-29 15:00:00,658.2000000000002
2019-03-29 16:00:00,658.4000000000002
2019-03-29 18:00:00,657.3000000000003
2019-03-29 19:00:00,658.2000000000002
2019-04-01 05:00:00,667.6000000000003
2019-04-01 13:00:00,663.5000000000001
2019-04-01 14:00:00,666.2000000000002
2019-04-01 15:00:00,665.1000000000003
2019-04-01 16:00:00,667.7000000000002
2019-04-01 17:00:00,667.2000000000002
2019-04-01 18:00:00,666.8000000000003
2019-04-01 19:00:00,667.6000000000003
2019-04-02 05:00:00,662.4000000000002
2019-04-02 13:00:00,669.1000000000003
2019-04-02 14:00:00,662.2000000000002
2019-04-02 15:00:00,662.9000000000002
2019-04-02 16:00:00,662.5000000000001
2019-04-02 17:00:00,661.9000000000002
2019-04-02 18:00:00,662.2000000000002
2019-04-02 19:00:00,662.4000000000002
2019-04-03 01:00:00,663.7000000000002
2019-04-03 05:00:00,655.8000000000003
2019-04-03 13:00:00,663.1000000000003
2019-04-03 14:00:00,663.3000000000003
2019-04-03 15:00:00,661.3000000000003
2019-04-03 16:00:00,657.9000000000002
2019-04-03 17:00:00,656.5000000000001
2019-04-03 18:00:00,656.0000000000001
2019-04-03 19:00:00,655.9000000000002
2019-04-04 05:00:00,660.7000000000002
2019-04-04 13:00:00,655.7000000000002
2019-04-04 14:00:00,654.2000000000002
2019-04-04 15:00:00,657.9000000000002
2019-04-04 16:00:00,659.0000000000001
2019-04-04 17:00:00,660.0000000000001
2019-04-04 18:00:00,659.6000000000003
2019-04-04 19:00:00,660.7000000000002
2019-04-05 05:00:00,673.1000000000003
2019-04-05 13:00:00,665.3000000000003
2019-04-05 14:00:00,668.4000000000002
2019-04-05 15:00:00,671.2000000000002
2019-04-05 16:00:00,670.5000000000001
2019-04-05 17:00:00,672.2000000000002
2019-04-05 18:00:00,672.1000000000003
2019-04-05 19:00:00,673.1000000000003
2019-04-08 05:00:00,676.0000000000001
2019-04-08 13:00:00,675.9000000000002
2019-04-08 14:00:00,676.6000000000003
2019-04-08 15:00:00,675.4000000000002
2019-04-08 16:00:00,675.8000000000003
2019-04-08 17:00:00,675.5000000000001
2019-04-08 18:00:00,674.5000000000001
2019-04-08 19:00:00,676.2000000000002
2019-04-09 05:00:00,667.3000000000003
2019-04-09 13:00:00,667.9000000000002
2019-04-09 14:00:00,666.8000000000003
2019-04-09 15:00:00,669.0000000000001
2019-04-09 16:00:00,670.2000000000002
2019-04-09 17:00:00,668.9000000000002
2019-04-09 18:00:00,666.6000000000003
2019-04-09 19:00:00,666.8000000000003
2019-04-10 05:00:00,669.9000000000002
2019-04-10 13:00:00,670.4000000000002
2019-04-10 14:00:00,670.1000000000003
2019-04-10 15:00:00,671.4000000000002
2019-04-10 16:00:00,672.6000000000003
2019-04-10 17:00:00,671.7000000000002
2019-04-10 18:00:00,671.4000000000002
2019-04-10 19:00:00,669.9000000000002
2019-04-11 05:00:00,670.2000000000002
2019-04-11 13:00:00,671.4000000000002
2019-04-11 14:00:00,671.8000000000003
2019-04-11 15:00:00,666.7000000000002
2019-04-11 16:00:00,666.9000000000002
2019-04-11 17:00:00,668.2000000000002
2019-04-11 18:00:00,668.5000000000001
2019-04-11 19:00:00,670.2000000000002
2019-04-12 05:00:00,672.1000000000003
2019-04-12 13:00:00,675.3000000000003
2019-04-12 14:00:00,672.3000000000003
2019-04-12 15:00:00,671.9000000000002
2019-04-12 16:00:00,674.4000000000002
2019-04-12 17:00:00,675.6000000000003
2019-04-12 18:00:00,671.1000000000003
2019-04-12 19:00:00,671.1000000000003
2019-04-12 20:00:00,672.1000000000003
2019-04-15 05:00:00,668.0000000000001
2019-04-15 13:00:00,669.2000000000002
2019-04-15 14:00:00,669.6000000000003
2019-04-15 16:00:00,669.9000000000002
2019-04-15 17:00:00,671.1000000000003
2019-04-15 18:00:00,668.0000000000001
2019-04-15 19:00:00,668.1000000000003
2019-04-16 05:00:00,671.9000000000002
2019-04-16 13:00:00,668.7000000000002
2019-04-16 14:00:00,668.7000000000002
2019-04-16 15:00:00,670.7000000000002
2019-04-16 16:00:00,671.6000000000003
2019-04-16 17:00:00,670.7000000000002
2019-04-16 18:00:00,672.4000000000002
2019-04-16 19:00:00,671.9000000000002
2019-04-16 20:00:00,671.1000000000003
2019-04-17 05:00:00,671.4000000000002
2019-04-17 13:00:00,676.8000000000003
2019-04-17 14:00:00,675.2000000000002
2019-04-17 15:00:00,674.0000000000001
2019-04-17 16:00:00,673.3000000000003
2019-04-17 17:00:00,675.5000000000001
2019-04-17 18:00:00,671.5000000000001
2019-04-17 19:00:00,671.4000000000002
2019-04-18 05:00:00,668.0000000000001
2019-04-18 11:00:00,667.5000000000001
2019-04-18 13:00:00,674.3000000000003
2019-04-18 14:00:00,667.5000000000001
2019-04-18 15:00:00,668.5000000000001
2019-04-18 16:00:00,669.0000000000001
2019-04-18 17:00:00,668.9000000000002
2019-04-18 18:00:00,668.9000000000002
2019-04-18 19:00:00,668.0000000000001
2019-04-22 05:00:00,681.8000000000003
2019-04-22 13:00:00,673.7000000000002
2019-04-22 14:00:00,676.6000000000003
2019-04-22 15:00:00,679.7000000000002
2019-04-22 16:00:00,682.3000000000003
2019-04-22 17:00:00,681.5000000000001
2019-04-22 18:00:00,681.1000000000003
2019-04-22 19:00:00,681.8000000000003
2019-04-23 05:00:00,681.6000000000003
2019-04-23 13:00:00,678.9000000000002
2019-04-23 14:00:00,681.5000000000001
2019-04-23 15:00:00,680.6000000000003
2019-04-23 16:00:00,682.8000000000003
2019-04-23 17:00:00,681.7000000000002
2019-04-23 18:00:00,682.6000000000003
2019-04-23 19:00:00,681.6000000000003
2019-04-24 05:00:00,668.9000000000002
2019-04-24 13:00:00,676.6000000000003
2019-04-24 14:00:00,674.1000000000003
2019-04-24 15:00:00,673.6000000000003
2019-04-24 16:00:00,672.9000000000002
2019-04-24 17:00:00,671.7000000000002
2019-04-24 18:00:00,671.0000000000001
2019-04-24 19:00:00,669.0000000000001
2019-04-25 05:00:00,666.5000000000001
2019-04-25 13:00:00,668.3000000000003
2019-04-25 14:00:00,668.1000000000003
2019-04-25 15:00:00,669.7000000000002
2019-04-25 16:00:00,669.9000000000002
2019-04-25 17:00:00,670.7000000000002
2019-04-25 18:00:00,668.2000000000002
2019-04-25 19:00:00,666.5000000000001
2019-04-26 05:00:00,658.7000000000002
2019-04-26 10:00:00,659.2000000000002
2019-04-26 13:00:00,660.5000000000001
2019-04-26 14:00:00,654.3000000000003
2019-04-26 15:00:00,655.7000000000002
2019-04-26 16:00:00,654.9000000000002
2019-04-26 17:00:00,653.7000000000002
2019-04-26 18:00:00,654.7000000000002
2019-04-26 19:00:00,658.7000000000002
2019-04-29 05:00:00,657.8000000000003
2019-04-29 13:00:00,656.5000000000001
2019-04-29 14:00:00,657.3000000000003
2019-04-29 15:00:00,656.2000000000002
2019-04-29 16:00:00,659.5000000000001
2019-04-29 17:00:00,660.7000000000002
2019-04-29 18:00:00,658.1000000000003
2019-04-29 19:00:00,657.7000000000002
2019-04-30 05:00:00,657.6000000000003
2019-04-30 13:00:00,660.7000000000002
2019-04-30 14:00:00,658.4000000000002
2019-04-30 15:00:00,659.3000000000003
2019-04-30 16:00:00,657.7000000000002
2019-04-30 17:00:00,658.9000000000002
2019-04-30 18:00:00,657.0000000000001
2019-04-30 19:00:00,657.6000000000003
2019-04-30 20:00:00,657.5000000000001
2019-05-01 05:00:00,643.2000000000002
2019-05-01 13:00:00,655.8000000000003
2019-05-01 14:00:00,651.0000000000001
2019-05-01 15:00:00,653.2000000000002
2019-05-01 16:00:00,650.5000000000001
2019-05-01 17:00:00,650.9000000000002
2019-05-01 18:00:00,650.0000000000001
2019-05-01 19:00:00,643.0000000000001
2019-05-02 05:00:00,631.7000000000002
2019-05-02 12:00:00,641.2000000000002
2019-05-02 13:00:00,639.6000000000003
2019-05-02 14:00:00,638.4000000000002
2019-05-02 15:00:00,634.0000000000001
2019-05-02 16:00:00,635.2000000000002
2019-05-02 17:00:00,634.4000000000002
2019-05-02 18:00:00,633.2000000000002
2019-05-02 19:00:00,631.6000000000003
2019-05-03 05:00:00,637.2000000000002
2019-05-03 13:00:00,639.5000000000001
2019-05-03 14:00:00,639.1000000000003
2019-05-03 15:00:00,639.3000000000003
2019-05-03 16:00:00,641.1000000000003
2019-05-03 17:00:00,640.4000000000002
2019-05-03 18:00:00,642.4000000000002
2019-05-03 19:00:00,637.2000000000002
2019-05-06 05:00:00,637.1000000000003
2019-05-06 13:00:00,636.9000000000002
2019-05-06 14:00:00,637.4000000000002
2019-05-06 15:00:00,636.0000000000001
2019-05-06 16:00:00,636.5000000000001
2019-05-06 17:00:00,639.3000000000003
2019-05-06 18:00:00,639.6000000000003
2019-05-06 19:00:00,637.1000000000003
2019-05-06 20:00:00,637.3000000000003
2019-05-07 05:00:00,632.4000000000002
2019-05-07 13:00:00,627.0000000000001
2019-05-07 14:00:00,625.7000000000002
2019-05-07 15:00:00,625.6000000000003
2019-05-07 16:00:00,629.3000000000003
2019-05-07 17:00:00,626.3000000000003
2019-05-07 18:00:00,628.7000000000002
2019-05-07 19:00:00,632.2000000000002
2019-05-07 20:00:00,632.1000000000003
2019-05-08 05:00:00,632.1000000000003
2019-05-08 13:00:00,632.6000000000003
2019-05-08 14:00:00,633.1000000000003
2019-05-08 15:00:00,634.3000000000003
2019-05-08 16:00:00,632.5000000000001
2019-05-08 17:00:00,633.2000000000002
2019-05-08 18:00:00,634.3000000000003
2019-05-08 19:00:00,632.8000000000003
2019-05-09 05:00:00,632.5000000000001
2019-05-09 13:00:00,628.6000000000003
2019-05-09 14:00:00,626.3000000000003
2019-05-09 15:00:00,627.7000000000002
2019-05-09 16:00:00,630.8000000000003
2019-05-09 17:00:00,632.4000000000002
2019-05-09 18:00:00,633.0000000000001
2019-05-09 19:00:00,632.2000000000002
2019-05-10 05:00:00,635.2000000000002
2019-05-10 13:00:00,629.4000000000002
2019-05-10 14:00:00,626.1000000000003
2019-05-10 15:00:00,626.4000000000002
2019-05-10 16:00:00,630.2000000000002
2019-05-10 17:00:00,630.8000000000003
2019-05-10 18:00:00,632.0000000000001
2019-05-10 19:00:00,635.2000000000002
2019-05-13 05:00:00,624.7000000000002
2019-05-13 12:00:00,628.9000000000002
2019-05-13 13:00:00,629.0000000000001
2019-05-13 14:00:00,629.0000000000001
2019-05-13 15:00:00,622.8000000000003
2019-05-13 16:00:00,621.1000000000003
2019-05-13 17:00:00,623.3000000000003
2019-05-13 18:00:00,625.6000000000003
2019-05-13 19:00:00,624.6000000000003
2019-05-14 05:00:00,632.2000000000002
2019-05-14 13:00:00,631.3000000000003
2019-05-14 14:00:00,631.7000000000002
2019-05-14 15:00:00,635.8000000000003
2019-05-14 16:00:00,635.0000000000001
2019-05-14 17:00:00,634.8000000000003
2019-05-14 18:00:00,632.5000000000001
2019-05-14 19:00:00,632.2000000000002
2019-05-14 20:00:00,632.1000000000003
2019-05-15 05:00:00,635.1000000000003
2019-05-15 13:00:00,627.8000000000003
2019-05-15 14:00:00,631.6000000000003
2019-05-15 15:00:00,633.0000000000001
2019-05-15 16:00:00,634.0000000000001
2019-05-15 17:00:00,633.7000000000002
2019-05-15 18:00:00,634.9000000000002
2019-05-15 19:00:00,634.9000000000002
2019-05-16 05:00:00,638.6000000000003
2019-05-16 13:00:00,639.6000000000003
2019-05-16 14:00:00,639.6000000000003
2019-05-16 15:00:00,640.3000000000003
2019-05-16 16:00:00,638.8000000000003
2019-05-16 17:00:00,638.2000000000002
2019-05-16 18:00:00,639.2000000000002
2019-05-16 19:00:00,638.6000000000003
2019-05-17 05:00:00,632.0000000000001
2019-05-17 13:00:00,633.0000000000001
2019-05-17 14:00:00,636.1000000000003
2019-05-17 15:00:00,635.4000000000002
2019-05-17 16:00:00,634.8000000000003
2019-05-17 17:00:00,634.8000000000003
2019-05-17 18:00:00,634.1000000000003
2019-05-17 19:00:00,632.0000000000001
2019-05-20 05:00:00,632.6000000000003
2019-05-20 13:00:00,633.8000000000003
2019-05-20 14:00:00,633.6000000000003
2019-05-20 15:00:00,632.3000000000003
2019-05-20 16:00:00,632.5000000000001
2019-05-20 17:00:00,631.8000000000003
2019-05-20 18:00:00,632.2000000000002
2019-05-20 19:00:00,632.3000000000003
2019-05-21 05:00:00,639.4000000000002
2019-05-21 13:00:00,637.7000000000002
2019-05-21 14:00:00,640.6000000000003
2019-05-21 15:00:00,638.3000000000003
2019-05-21 16:00:00,639.7000000000002
2019-05-21 17:00:00,640.0000000000001
2019-05-21 18:00:00,639.9000000000002
2019-05-21 19:00:00,639.4000000000002
2019-05-22 05:00:00,629.2000000000002
2019-05-22 13:00:00,635.9000000000002
2019-05-22 14:00:00,632.7000000000002
2019-05-22 15:00:00,631.7000000000002
2019-05-22 16:00:00,628.4000000000002
2019-05-22 17:00:00,628.4000000000002
2019-05-22 18:00:00,628.4000000000002
2019-05-22 19:00:00,629.2000000000002
2019-05-22 20:00:00,629.1000000000003
2019-05-23 05:00:00,608.4000000000002
2019-05-23 11:00:00,622.5000000000001
2019-05-23 13:00:00,608.3000000000003
2019-05-23 14:00:00,610.7000000000002
2019-05-23 15:00:00,605.8000000000003
2019-05-23 16:00:00,605.2000000000002
2019-05-23 17:00:00,604.9000000000002
2019-05-23 18:00:00,604.3000000000003
2019-05-23 19:00:00,608.2000000000002
2019-05-24 05:00:00,609.0000000000001
2019-05-24 13:00:00,609.7000000000002
2019-05-24 14:00:00,605.9000000000002
2019-05-24 15:00:00,607.3000000000003
2019-05-24 16:00:00,607.6000000000003
2019-05-24 17:00:00,608.3000000000003
2019-05-24 18:00:00,607.3000000000003
2019-05-24 19:00:00,608.9000000000002
2019-05-28 05:00:00,603.2000000000002
2019-05-28 13:00:00,608.4000000000002
2019-05-28 14:00:00,607.5000000000001
2019-05-28 15:00:00,607.7000000000002
2019-05-28 16:00:00,607.4000000000002
2019-05-28 17:00:00,608.4000000000002
2019-05-28 18:00:00,605.4000000000002
2019-05-28 19:00:00,603.0000000000001
2019-05-28 20:00:00,602.5000000000001
2019-05-29 05:00:00,599.3000000000003
2019-05-29 13:00:00,595.2000000000002
2019-05-29 14:00:00,597.3000000000003
2019-05-29 15:00:00,593.2000000000002
2019-05-29 16:00:00,593.1000000000003
2019-05-29 17:00:00,596.4000000000002
2019-05-29 19:00:00,599.3000000000003
2019-05-29 20:00:00,598.0000000000001
2019-05-30 05:00:00,591.1000000000003
2019-05-30 13:00:00,596.7000000000002
2019-05-30 14:00:00,593.9000000000002
2019-05-30 15:00:00,590.9000000000002
2019-05-30 16:00:00,593.0000000000001
2019-05-30 17:00:00,590.4000000000002
2019-05-30 18:00:00,591.3000000000003
2019-05-30 19:00:00,590.8000000000003
2019-05-31 05:00:00,581.3000000000003
2019-05-31 13:00:00,584.7000000000002
2019-05-31 14:00:00,586.9000000000002
2019-05-31 15:00:00,586.0000000000001
2019-05-31 18:00:00,582.4000000000002
2019-05-31 19:00:00,581.3000000000003
2019-06-03 05:00:00,589.2000000000002
2019-06-03 13:00:00,586.5000000000001
2019-06-03 14:00:00,589.2000000000002
2019-06-03 15:00:00,585.9000000000002
2019-06-03 16:00:00,586.3000000000003
2019-06-03 17:00:00,586.7000000000002
2019-06-03 18:00:00,589.1000000000003
2019-06-03 19:00:00,589.2000000000002
2019-06-04 05:00:00,599.1000000000003
2019-06-04 13:00:00,594.6000000000003
2019-06-04 14:00:00,596.4000000000002
2019-06-04 15:00:00,599.1000000000003
2019-06-04 16:00:00,598.3000000000003
2019-06-04 17:00:00,596.9000000000002
2019-06-04 18:00:00,596.9000000000002
2019-06-04 19:00:00,598.9000000000002
2019-06-05 05:00:00,592.2000000000002
2019-06-05 13:00:00,593.0000000000001
2019-06-05 14:00:00,588.6000000000003
2019-06-05 15:00:00,588.5000000000001
2019-06-05 16:00:00,591.7000000000002
2019-06-05 17:00:00,592.4000000000002
2019-06-05 18:00:00,593.0000000000001
2019-06-05 19:00:00,592.5000000000001
2019-06-06 05:00:00,602.7000000000002
2019-06-06 13:00:00,598.4000000000002
2019-06-06 14:00:00,598.5000000000001
2019-06-06 15:00:00,598.2000000000002
2019-06-06 16:00:00,599.8000000000003
2019-06-06 17:00:00,599.0000000000001
2019-06-06 18:00:00,601.6000000000003
2019-06-06 19:00:00,602.6000000000003
2019-06-06 20:00:00,603.3000000000003
2019-06-07 05:00:00,605.9000000000002
2019-06-07 13:00:00,605.1000000000003
2019-06-07 14:00:00,606.1000000000003
2019-06-07 15:00:00,605.8000000000003
2019-06-07 16:00:00,604.1000000000003
2019-06-07 17:00:00,606.3000000000003
2019-06-07 18:00:00,607.3000000000003
2019-06-07 19:00:00,606.1000000000003
2019-06-10 05:00:00,607.8000000000003
2019-06-10 13:00:00,608.6000000000003
2019-06-10 14:00:00,611.2000000000002
2019-06-10 15:00:00,609.8000000000003
2019-06-10 16:00:00,609.3000000000003
2019-06-10 17:00:00,608.0000000000001
2019-06-10 18:00:00,608.5000000000001
2019-06-10 19:00:00,607.8000000000003
2019-06-11 05:00:00,608.3000000000003
2019-06-12 05:00:00,598.3000000000003
2019-06-13 05:00:00,605.7000000000002
2019-06-13 14:00:00,605.0000000000003
2019-06-13 15:00:00,606.3000000000003
2019-06-13 16:00:00,604.6000000000003
2019-06-13 17:00:00,606.5000000000003
2019-06-13 18:00:00,606.2000000000002
2019-06-13 19:00:00,605.4000000000002
2019-06-14 05:00:00,601.5000000000003
2019-06-14 13:00:00,602.1000000000003
2019-06-14 14:00:00,602.2000000000002
2019-06-14 15:00:00,603.0000000000003
2019-06-14 16:00:00,601.3000000000003
2019-06-14 17:00:00,600.6000000000003
2019-06-14 18:00:00,601.0000000000003
2019-06-14 19:00:00,601.6000000000003
2019-06-17 05:00:00,606.5000000000003
2019-06-17 13:00:00,602.0000000000003
2019-06-17 14:00:00,605.2000000000002
2019-06-17 15:00:00,607.4000000000002
2019-06-17 16:00:00,607.4000000000002
2019-06-17 17:00:00,607.7000000000002
2019-06-17 18:00:00,606.7000000000002
2019-06-17 19:00:00,607.4000000000002
2019-06-18 05:00:00,615.5000000000003
2019-06-18 13:00:00,616.9000000000002
2019-06-18 14:00:00,618.7000000000002
2019-06-18 15:00:00,615.0000000000003
2019-06-18 16:00:00,614.2000000000002
2019-06-18 17:00:00,614.0000000000003
2019-06-18 18:00:00,616.3000000000003
2019-06-18 19:00:00,614.9000000000002
2019-06-19 05:00:00,614.4000000000002
2019-06-19 13:00:00,614.1000000000003
2019-06-19 14:00:00,616.5000000000003
2019-06-19 15:00:00,614.9000000000002
2019-06-19 16:00:00,614.2000000000002
2019-06-19 17:00:00,613.8000000000003
2019-06-19 18:00:00,614.6000000000003
2019-06-19 19:00:00,614.5000000000003
2019-06-20 05:00:00,628.3000000000003
2019-06-20 13:00:00,626.4000000000002
2019-06-20 14:00:00,628.1000000000003
2019-06-20 15:00:00,628.6000000000003
2019-06-20 16:00:00,626.4000000000002
2019-06-20 17:00:00,624.9000000000002
2019-06-20 18:00:00,627.0000000000003
2019-06-20 19:00:00,628.5000000000003
2019-06-20 20:00:00,627.9000000000002
2019-06-21 05:00:00,632.8000000000003
2019-06-21 13:00:00,631.1000000000003
2019-06-21 14:00:00,633.3000000000003
2019-06-21 15:00:00,634.3000000000003
2019-06-21 16:00:00,631.6000000000003
2019-06-21 17:00:00,631.9000000000002
2019-06-21 18:00:00,631.8000000000003
2019-06-21 19:00:00,632.8000000000003
2019-06-24 05:00:00,627.2000000000002
2019-06-24 13:00:00,629.5000000000003
2019-06-24 14:00:00,629.0000000000003
2019-06-24 15:00:00,627.9000000000002
2019-06-24 16:00:00,628.4000000000002
2019-06-24 17:00:00,627.3000000000003
2019-06-24 18:00:00,628.8000000000003
2019-06-24 19:00:00,627.2000000000002
2019-06-25 05:00:00,621.8000000000003
2019-06-25 13:00:00,626.0000000000003
2019-06-25 14:00:00,624.9000000000002
2019-06-25 15:00:00,624.2000000000002
2019-06-25 16:00:00,624.1000000000003
2019-06-25 17:00:00,623.8000000000003
2019-06-25 18:00:00,624.1000000000003
2019-06-25 19:00:00,621.8000000000003
2019-06-26 05:00:00,632.0000000000003
2019-06-26 13:00:00,630.0000000000003
2019-06-26 14:00:00,635.5000000000003
2019-06-26 15:00:00,635.2000000000002
2019-06-26 16:00:00,635.5000000000003
2019-06-26 17:00:00,633.3000000000003
2019-06-26 18:00:00,633.8000000000003
2019-06-26 19:00:00,632.3000000000003
2019-06-27 05:00:00,626.8000000000003
2019-06-27 13:00:00,632.2000000000002
2019-06-27 14:00:00,630.9000000000002
2019-06-27 15:00:00,629.5000000000003
2019-06-27 16:00:00,631.1000000000003
2019-06-27 17:00:00,630.5000000000003
2019-06-27 18:00:00,627.2000000000002
2019-06-27 19:00:00,627.2000000000002
2019-06-27 20:00:00,628.3000000000003
2019-06-28 05:00:00,634.3000000000003
2019-06-28 13:00:00,630.7000000000002
2019-06-28 14:00:00,629.0000000000003
2019-06-28 15:00:00,630.8000000000003
2019-06-28 16:00:00,631.8000000000003
2019-06-28 17:00:00,632.7000000000002
2019-06-28 18:00:00,630.1000000000003
2019-06-28 19:00:00,634.5000000000003
2019-06-30 22:00:00,637.0000000000003
2019-07-01 05:00:00,634.8000000000003
2019-07-01 06:00:00,639.1000000000003
2019-07-01 07:00:00,638.5000000000003
2019-07-01 13:00:00,641.8000000000003
2019-07-01 14:00:00,641.6000000000003
2019-07-01 15:00:00,638.2000000000002
2019-07-01 16:00:00,636.7000000000002
2019-07-01 17:00:00,635.3000000000003
2019-07-01 18:00:00,635.4000000000002
2019-07-01 19:00:00,635.1000000000003
2019-07-01 20:00:00,635.3000000000003
2019-07-02 05:00:00,623.3000000000003
2019-07-02 13:00:00,627.3000000000003
2019-07-02 14:00:00,624.8000000000003
2019-07-02 15:00:00,623.6000000000003
2019-07-02 16:00:00,623.4000000000002
2019-07-02 17:00:00,624.0000000000003
2019-07-02 18:00:00,622.5000000000003
2019-07-02 19:00:00,623.3000000000003
2019-07-02 20:00:00,625.1000000000003
2019-07-03 05:00:00,627.1000000000003
2019-07-03 12:00:00,625.7000000000002
2019-07-03 13:00:00,624.0000000000003
2019-07-03 14:00:00,623.6000000000003
2019-07-03 15:00:00,624.2000000000002
2019-07-03 16:00:00,626.6000000000003
2019-07-05 05:00:00,628.1000000000003
2019-07-05 14:00:00,623.5000000000003
2019-07-05 15:00:00,623.7000000000002
2019-07-05 16:00:00,625.3000000000003
2019-07-05 17:00:00,626.1000000000003
2019-07-05 18:00:00,627.3000000000003
2019-07-05 19:00:00,628.1000000000003
2019-07-08 05:00:00,628.3000000000003
2019-07-08 13:00:00,628.1000000000003
2019-07-08 14:00:00,628.8000000000003
2019-07-08 15:00:00,628.9000000000002
2019-07-08 16:00:00,629.3000000000003
2019-07-08 17:00:00,629.5000000000003
2019-07-08 18:00:00,628.6000000000003
2019-07-08 19:00:00,628.2000000000002
2019-07-09 05:00:00,629.0000000000003
2019-07-09 13:00:00,625.7000000000002
2019-07-09 14:00:00,628.2000000000002
2019-07-09 15:00:00,628.5000000000003
2019-07-09 16:00:00,629.0000000000003
2019-07-09 17:00:00,628.3000000000003
2019-07-09 18:00:00,628.1000000000003
2019-07-09 19:00:00,629.0000000000003
2019-07-10 05:00:00,637.8000000000003
2019-07-10 13:00:00,639.2000000000002
2019-07-10 14:00:00,634.6000000000003
2019-07-10 15:00:00,634.0000000000003
2019-07-10 16:00:00,635.3000000000003
2019-07-10 17:00:00,636.7000000000002
2019-07-10 18:00:00,637.8000000000003
2019-07-10 19:00:00,637.7000000000002
2019-07-11 05:00:00,638.7000000000002
2019-07-11 13:00:00,638.3000000000003
2019-07-11 14:00:00,634.6000000000003
2019-07-11 15:00:00,637.5000000000003
2019-07-11 16:00:00,637.7000000000002
2019-07-11 17:00:00,637.5000000000003
2019-07-11 18:00:00,636.3000000000003
2019-07-11 19:00:00,638.7000000000002
2019-07-12 05:00:00,641.7000000000002
2019-07-12 13:00:00,641.5000000000003
2019-07-12 14:00:00,641.6000000000003
2019-07-12 15:00:00,641.3000000000003
2019-07-12 16:00:00,642.1000000000003
2019-07-12 19:00:00,641.7000000000002
2019-07-15 05:00:00,635.1000000000003
2019-07-15 13:00:00,637.4000000000002
2019-07-15 14:00:00,639.6000000000003
2019-07-15 15:00:00,636.9000000000002
2019-07-15 16:00:00,635.5000000000003
2019-07-15 17:00:00,635.5000000000003
2019-07-15 18:00:00,634.7000000000002
2019-07-15 19:00:00,635.2000000000002
2019-07-16 05:00:00,628.1000000000003
2019-07-16 13:00:00,632.5000000000003
2019-07-16 14:00:00,633.9000000000002
2019-07-16 15:00:00,633.1000000000003
2019-07-16 16:00:00,630.1000000000003
2019-07-16 17:00:00,626.6000000000003
2019-07-16 18:00:00,628.1000000000003
2019-07-16 19:00:00,628.1000000000003
2019-07-17 05:00:00,620.6000000000003
2019-07-17 13:00:00,625.0000000000003
2019-07-17 14:00:00,622.5000000000003
2019-07-17 15:00:00,624.3000000000003
2019-07-17 17:00:00,622.9000000000002
2019-07-17 18:00:00,622.7000000000002
2019-07-17 19:00:00,620.6000000000003
2019-07-18 05:00:00,620.3000000000003
2019-07-18 08:00:00,617.6000000000003
2019-07-18 12:00:00,617.5000000000003
2019-07-18 13:00:00,619.7000000000002
2019-07-18 14:00:00,618.7000000000002
2019-07-18 15:00:00,614.4000000000002
2019-07-18 17:00:00,616.9000000000002
2019-07-18 18:00:00,618.4000000000002
2019-07-18 19:00:00,620.2000000000002
2019-07-19 05:00:00,624.0000000000003
2019-07-19 13:00:00,620.6000000000003
2019-07-19 14:00:00,621.7000000000002
2019-07-19 15:00:00,622.2000000000002
2019-07-19 17:00:00,622.4000000000002
2019-07-19 18:00:00,624.4000000000002
2019-07-19 19:00:00,623.6000000000003
2019-07-22 05:00:00,626.8000000000003
2019-07-22 12:00:00,626.0000000000003
2019-07-22 13:00:00,625.8000000000003
2019-07-22 14:00:00,622.4000000000002
2019-07-22 15:00:00,623.0000000000003
2019-07-22 16:00:00,623.6000000000003
2019-07-22 17:00:00,625.1000000000003
2019-07-22 18:00:00,625.2000000000002
2019-07-22 19:00:00,626.8000000000003
2019-07-23 05:00:00,628.2000000000002
2019-07-23 13:00:00,626.4000000000002
2019-07-23 14:00:00,628.1000000000003
2019-07-23 15:00:00,626.8000000000003
2019-07-23 16:00:00,628.1000000000003
2019-07-23 17:00:00,628.9000000000002
2019-07-23 18:00:00,628.1000000000003
2019-07-23 19:00:00,628.1000000000003
2019-07-24 05:00:00,630.9000000000002
2019-07-24 13:00:00,629.7000000000002
2019-07-24 14:00:00,633.9000000000002
2019-07-24 15:00:00,631.1000000000003
2019-07-24 16:00:00,632.1000000000003
2019-07-24 17:00:00,630.6000000000003
2019-07-24 18:00:00,631.6000000000003
2019-07-24 19:00:00,630.7000000000002
2019-07-25 05:00:00,623.3000000000003
2019-07-25 12:00:00,635.2000000000002
2019-07-25 13:00:00,626.5000000000003
2019-07-25 14:00:00,625.8000000000003
2019-07-25 15:00:00,623.1000000000003
2019-07-25 16:00:00,623.7000000000002
2019-07-25 17:00:00,624.1000000000003
2019-07-25 18:00:00,622.9000000000002
2019-07-25 19:00:00,623.4000000000002
2019-07-26 05:00:00,619.9000000000002
2019-07-26 13:00:00,621.3000000000003
2019-07-26 14:00:00,618.0000000000003
2019-07-26 15:00:00,620.0000000000003
2019-07-26 16:00:00,619.7000000000002
2019-07-26 17:00:00,619.2000000000002
2019-07-26 18:00:00,621.0000000000003
2019-07-26 19:00:00,621.3000000000003
2019-07-29 05:00:00,617.4000000000002
2019-07-29 13:00:00,617.8000000000003
2019-07-29 14:00:00,615.5000000000003
2019-07-29 15:00:00,616.1000000000003
2019-07-29 16:00:00,616.1000000000003
2019-07-29 17:00:00,616.5000000000003
2019-07-29 18:00:00,617.7000000000002
2019-07-29 19:00:00,617.4000000000002
2019-07-30 05:00:00,624.7000000000002
2019-07-30 13:00:00,616.5000000000003
2019-07-30 14:00:00,615.2000000000002
2019-07-30 15:00:00,618.1000000000003
2019-07-30 16:00:00,620.5000000000003
2019-07-30 17:00:00,623.9000000000002
2019-07-30 18:00:00,625.8000000000003
2019-07-30 19:00:00,624.7000000000002
2019-07-31 05:00:00,622.7000000000002
2019-07-31 13:00:00,624.8000000000003
2019-07-31 14:00:00,625.8000000000003
2019-07-31 15:00:00,629.9000000000002
2019-07-31 16:00:00,628.0000000000003
2019-07-31 17:00:00,628.3000000000003
2019-07-31 18:00:00,621.3000000000003
2019-07-31 19:00:00,622.0000000000003
2019-07-31 20:00:00,619.3000000000003
2019-08-01 05:00:00,607.7000000000002
2019-08-01 13:00:00,615.3000000000003
2019-08-01 14:00:00,616.6000000000003
2019-08-01 15:00:00,615.3000000000003
2019-08-01 16:00:00,617.0000000000003
2019-08-01 17:00:00,608.2000000000002
2019-08-01 18:00:00,606.9000000000002
2019-08-01 19:00:00,607.6000000000003
2019-08-02 05:00:00,598.4000000000002
2019-08-02 13:00:00,603.1000000000003
2019-08-02 14:00:00,593.7000000000002
2019-08-02 15:00:00,599.3000000000003
2019-08-02 16:00:00,601.7000000000002
2019-08-02 17:00:00,598.9000000000002
2019-08-02 18:00:00,598.7000000000002
2019-08-02 19:00:00,598.3000000000003
2019-08-05 05:00:00,580.6000000000003
2019-08-05 13:00:00,586.5000000000003
2019-08-05 14:00:00,584.6000000000003
2019-08-05 15:00:00,585.3000000000003
2019-08-05 16:00:00,581.1000000000003
2019-08-05 17:00:00,580.3000000000003
2019-08-05 18:00:00,578.7000000000002
2019-08-05 19:00:00,580.5000000000003
2019-08-06 05:00:00,579.5000000000003
2019-08-06 13:00:00,577.0000000000003
2019-08-06 14:00:00,578.5000000000003
2019-08-06 15:00:00,575.7000000000002
2019-08-06 16:00:00,574.7000000000002
2019-08-06 17:00:00,577.4000000000002
2019-08-06 18:00:00,578.1000000000003
2019-08-06 19:00:00,579.4000000000002
2019-08-07 05:00:00,575.1000000000003
2019-08-07 13:00:00,567.5000000000003
2019-08-07 14:00:00,568.7000000000002
2019-08-07 15:00:00,567.2000000000002
2019-08-07 16:00:00,569.7000000000002
2019-08-07 17:00:00,569.1000000000003
2019-08-07 18:00:00,572.4000000000002
2019-08-07 19:00:00,575.1000000000003
2019-08-08 05:00:00,591.8000000000003
2019-08-08 13:00:00,578.6000000000003
2019-08-08 14:00:00,582.8000000000003
2019-08-08 15:00:00,582.2000000000002
2019-08-08 16:00:00,585.3000000000003
2019-08-08 17:00:00,584.8000000000003
2019-08-08 18:00:00,586.8000000000003
2019-08-08 19:00:00,591.8000000000003
2019-08-09 05:00:00,585.0000000000003
2019-08-09 13:00:00,590.0000000000003
2019-08-09 14:00:00,586.1000000000003
2019-08-09 15:00:00,583.5000000000003
2019-08-09 16:00:00,589.9000000000002
2019-08-09 17:00:00,587.6000000000003
2019-08-09 18:00:00,585.9000000000002
2019-08-09 19:00:00,585.0000000000003
2019-08-09 20:00:00,584.7000000000002
2019-08-12 05:00:00,578.4000000000002
2019-08-12 13:00:00,580.2000000000002
2019-08-12 14:00:00,581.5000000000003
2019-08-12 15:00:00,578.5000000000003
2019-08-12 16:00:00,578.9000000000002
2019-08-12 17:00:00,577.7000000000002
2019-08-12 18:00:00,578.7000000000002
2019-08-12 19:00:00,578.5000000000003
2019-08-13 05:00:00,583.7000000000002
2019-08-13 13:00:00,582.8000000000003
2019-08-13 14:00:00,584.9000000000002
2019-08-13 15:00:00,587.5000000000003
2019-08-13 16:00:00,585.1000000000003
2019-08-13 17:00:00,584.9000000000002
2019-08-13 18:00:00,585.2000000000002
2019-08-13 19:00:00,583.8000000000003
2019-08-14 05:00:00,560.0000000000003
2019-08-14 12:00:00,573.7000000000002
2019-08-14 13:00:00,567.1000000000003
2019-08-14 14:00:00,564.8000000000003
2019-08-14 15:00:00,564.0000000000003
2019-08-14 16:00:00,560.4000000000002
2019-08-14 17:00:00,562.8000000000003
2019-08-14 18:00:00,561.4000000000002
2019-08-14 19:00:00,560.5000000000003
2019-08-14 20:00:00,560.1000000000003
2019-08-15 05:00:00,556.7000000000002
2019-08-15 13:00:00,558.2000000000002
2019-08-15 14:00:00,556.2000000000002
2019-08-15 15:00:00,556.9000000000002
2019-08-15 16:00:00,555.6000000000003
2019-08-15 17:00:00,550.7000000000002
2019-08-15 18:00:00,554.6000000000003
2019-08-15 19:00:00,556.6000000000003
2019-08-16 05:00:00,564.4000000000002
2019-08-16 13:00:00,559.2000000000002
2019-08-16 14:00:00,562.1000000000003
2019-08-16 15:00:00,563.3000000000003
2019-08-16 16:00:00,563.1000000000003
2019-08-16 17:00:00,563.6000000000003
2019-08-16 18:00:00,562.7000000000002
2019-08-16 19:00:00,564.1000000000003
2019-08-19 05:00:00,576.8000000000003
2019-08-19 13:00:00,573.8000000000003
2019-08-19 14:00:00,574.0000000000003
2019-08-19 15:00:00,574.5000000000003
2019-08-19 16:00:00,576.9000000000002
2019-08-19 17:00:00,576.9000000000002
2019-08-19 18:00:00,577.1000000000003
2019-08-19 19:00:00,576.8000000000003
2019-08-19 20:00:00,574.5000000000003
2019-08-20 05:00:00,571.0000000000003
2019-08-20 13:00:00,572.1000000000003
2019-08-20 14:00:00,571.0000000000003
2019-08-20 15:00:00,571.9000000000002
2019-08-20 16:00:00,573.4000000000002
2019-08-20 17:00:00,573.4000000000002
2019-08-20 18:00:00,573.0000000000003
2019-08-20 19:00:00,571.0000000000003
2019-08-20 20:00:00,571.5000000000003
2019-08-21 05:00:00,575.4000000000002
2019-08-21 13:00:00,577.0000000000003
2019-08-21 14:00:00,575.5000000000003
2019-08-21 15:00:00,575.0000000000003
2019-08-21 16:00:00,576.4000000000002
2019-08-21 17:00:00,575.8000000000003
2019-08-21 18:00:00,575.0000000000003
2019-08-21 19:00:00,575.5000000000003
2019-08-22 05:00:00,572.7000000000002
2019-08-22 13:00:00,577.7000000000002
2019-08-22 14:00:00,573.7000000000002
2019-08-22 15:00:00,575.6000000000003
2019-08-22 16:00:00,575.7000000000002
2019-08-22 18:00:00,574.9000000000002
2019-08-22 19:00:00,572.7000000000002
2019-08-23 05:00:00,552.4000000000002
2019-08-23 13:00:00,567.7000000000002
2019-08-23 14:00:00,568.6000000000003
2019-08-23 15:00:00,561.5000000000003
2019-08-23 16:00:00,559.5000000000003
2019-08-23 17:00:00,557.5000000000003
2019-08-23 18:00:00,556.0000000000003
2019-08-23 19:00:00,552.4000000000002
2019-08-23 20:00:00,554.3000000000003
2019-08-26 05:00:00,554.9000000000002
2019-08-26 13:00:00,555.3000000000003
2019-08-26 14:00:00,553.3000000000003
2019-08-26 15:00:00,556.7000000000002
2019-08-26 16:00:00,556.5000000000003
2019-08-26 17:00:00,556.6000000000003
2019-08-26 18:00:00,555.2000000000002
2019-08-26 19:00:00,555.6000000000003
2019-08-26 20:00:00,555.7000000000002
2019-08-27 05:00:00,551.9000000000002
2019-08-27 13:00:00,558.5000000000003
2019-08-27 14:00:00,556.5000000000003
2019-08-27 15:00:00,554.5000000000003
2019-08-27 16:00:00,549.1000000000003
2019-08-27 17:00:00,553.1000000000003
2019-08-27 18:00:00,550.7000000000002
2019-08-27 19:00:00,551.9000000000002
2019-08-28 05:00:00,559.8000000000003
2019-08-28 13:00:00,556.9000000000002
2019-08-28 14:00:00,559.5000000000003
2019-08-28 15:00:00,559.4000000000002
2019-08-28 16:00:00,560.7000000000002
2019-08-28 17:00:00,561.0000000000003
2019-08-28 18:00:00,561.4000000000002
2019-08-28 19:00:00,559.8000000000003
2019-08-28 20:00:00,559.6000000000003
2019-08-29 05:00:00,567.7000000000002
2019-08-29 13:00:00,568.2000000000002
2019-08-29 14:00:00,567.3000000000003
2019-08-29 15:00:00,569.6000000000003
2019-08-29 16:00:00,568.2000000000002
2019-08-29 17:00:00,566.8000000000003
2019-08-29 18:00:00,568.6000000000003
2019-08-29 19:00:00,567.6000000000003
2019-08-30 05:00:00,568.4000000000002
2019-08-30 13:00:00,571.1000000000003
2019-08-30 14:00:00,567.1000000000003
2019-08-30 15:00:00,566.3000000000003
2019-08-30 16:00:00,567.4000000000002
2019-08-30 17:00:00,568.1000000000003
2019-08-30 18:00:00,567.2000000000002
2019-08-30 19:00:00,568.0000000000003
2019-09-03 05:00:00,565.4000000000002
2019-09-03 13:00:00,560.7000000000002
2019-09-03 14:00:00,559.6000000000003
2019-09-03 15:00:00,560.5000000000003
2019-09-03 16:00:00,561.0000000000003
2019-09-03 17:00:00,562.8000000000003
2019-09-03 18:00:00,563.4000000000002
2019-09-03 19:00:00,565.2000000000002
2019-09-03 20:00:00,563.6000000000003
2019-09-04 05:00:00,573.5000000000003
2019-09-04 13:00:00,572.3000000000003
2019-09-04 14:00:00,574.5000000000003
2019-09-04 15:00:00,573.6000000000003
2019-09-04 16:00:00,574.2000000000002
2019-09-04 17:00:00,574.8000000000003
2019-09-04 18:00:00,574.4000000000002
2019-09-04 19:00:00,573.6000000000003
2019-09-05 05:00:00,580.9000000000002
2019-09-05 13:00:00,579.2000000000002
2019-09-05 14:00:00,581.1000000000003
2019-09-05 15:00:00,584.9000000000002
2019-09-05 16:00:00,581.6000000000003
2019-09-05 17:00:00,581.5000000000003
2019-09-05 18:00:00,580.2000000000002
2019-09-05 19:00:00,581.4000000000002
2019-09-05 20:00:00,580.5000000000003
2019-09-06 05:00:00,583.5000000000003
2019-09-06 13:00:00,578.8000000000003
2019-09-06 14:00:00,577.8000000000003
2019-09-06 16:00:00,582.0000000000003
2019-09-06 17:00:00,582.5000000000003
2019-09-06 18:00:00,583.4000000000002
2019-09-06 19:00:00,583.5000000000003
2019-09-06 20:00:00,583.7000000000002
2019-09-09 05:00:00,595.5000000000003
2019-09-09 13:00:00,590.0000000000003
2019-09-09 14:00:00,594.1000000000003
2019-09-09 15:00:00,595.9000000000002
2019-09-09 16:00:00,592.1000000000003
2019-09-09 17:00:00,592.8000000000003
2019-09-09 18:00:00,594.2000000000002
2019-09-09 19:00:00,595.5000000000003
2019-09-10 05:00:00,602.6000000000003
2019-09-10 13:00:00,604.0000000000003
2019-09-10 14:00:00,605.9000000000002
2019-09-10 15:00:00,610.5000000000003
2019-09-10 16:00:00,606.7000000000002
2019-09-10 17:00:00,603.9000000000002
2019-09-10 18:00:00,600.2000000000002
2019-09-10 19:00:00,602.6000000000003
2019-09-11 05:00:00,603.1000000000003
2019-09-12 05:00:00,598.4000000000004
2019-09-12 13:00:00,595.4000000000004
2019-09-12 14:00:00,598.4000000000004
2019-09-12 16:00:00,600.2000000000004
2019-09-12 17:00:00,600.4000000000004
2019-09-12 18:00:00,600.1000000000003
2019-09-12 19:00:00,599.1000000000003
2019-09-13 05:00:00,603.8000000000003
2019-09-13 13:00:00,601.1000000000003
2019-09-13 14:00:00,602.4000000000004
2019-09-13 16:00:00,602.2000000000004
2019-09-13 18:00:00,604.5000000000003
2019-09-13 19:00:00,604.0000000000003
2019-09-16 05:00:00,624.8000000000003
2019-09-16 12:00:00,634.1000000000003
2019-09-16 13:00:00,624.0000000000003
2019-09-16 14:00:00,617.5000000000003
2019-09-16 15:00:00,619.3000000000003
2019-09-16 16:00:00,622.9000000000004
2019-09-16 17:00:00,627.5000000000003
2019-09-16 18:00:00,627.8000000000003
2019-09-16 19:00:00,624.8000000000003
2019-09-17 05:00:00,615.4000000000004
2019-09-17 13:00:00,615.4000000000004
2019-09-17 14:00:00,615.7000000000004
2019-09-17 15:00:00,618.2000000000004
2019-09-17 16:00:00,619.6000000000003
2019-09-17 17:00:00,615.6000000000003
2019-09-17 18:00:00,614.7000000000004
2019-09-17 19:00:00,615.6000000000003
2019-09-18 05:00:00,612.3000000000003
2019-09-18 13:00:00,611.0000000000003
2019-09-18 14:00:00,611.7000000000004
2019-09-18 15:00:00,610.5000000000003
2019-09-18 16:00:00,609.3000000000003
2019-09-18 17:00:00,611.4000000000004
2019-09-18 18:00:00,609.4000000000004
2019-09-18 19:00:00,612.4000000000004
2019-09-19 05:00:00,610.3000000000003
2019-09-19 13:00:00,613.7000000000004
2019-09-19 14:00:00,612.0000000000003
2019-09-19 15:00:00,610.2000000000004
2019-09-19 16:00:00,611.1000000000003
2019-09-19 17:00:00,610.1000000000003
2019-09-19 18:00:00,610.2000000000004
2019-09-19 19:00:00,610.5000000000003
2019-09-19 20:00:00,610.7000000000004
2019-09-20 05:00:00,610.8000000000003
2019-09-20 13:00:00,611.1000000000003
2019-09-20 14:00:00,612.5000000000003
2019-09-20 15:00:00,610.9000000000004
2019-09-20 16:00:00,613.2000000000004
2019-09-20 17:00:00,611.4000000000004
2019-09-20 18:00:00,609.5000000000003
2019-09-20 19:00:00,610.7000000000004
2019-09-20 20:00:00,608.3000000000003
2019-09-23 05:00:00,611.4000000000004
2019-09-23 13:00:00,611.1000000000003
2019-09-23 14:00:00,610.0000000000003
2019-09-23 15:00:00,609.7000000000004
2019-09-23 16:00:00,610.2000000000004
2019-09-23 17:00:00,611.6000000000003
2019-09-23 18:00:00,612.0000000000003
2019-09-23 19:00:00,611.2000000000004
2019-09-24 05:00:00,600.9000000000004
2019-09-24 13:00:00,606.4000000000004
2019-09-24 14:00:00,603.6000000000003
2019-09-24 15:00:00,604.0000000000003
2019-09-24 16:00:00,598.8000000000003
2019-09-24 17:00:00,599.8000000000003
2019-09-24 18:00:00,600.7000000000004
2019-09-24 19:00:00,601.3000000000003
2019-09-25 05:00:00,602.4000000000004
2019-09-25 13:00:00,597.7000000000004
2019-09-25 14:00:00,601.8000000000003
2019-09-25 15:00:00,601.2000000000004
2019-09-25 16:00:00,601.5000000000003
2019-09-25 17:00:00,601.7000000000004
2019-09-25 18:00:00,602.6000000000003
2019-09-25 19:00:00,602.3000000000003
2019-09-26 05:00:00,594.4000000000004
2019-09-26 13:00:00,596.7000000000004
2019-09-26 14:00:00,592.3000000000003
2019-09-26 15:00:00,592.2000000000004
2019-09-26 16:00:00,594.2000000000004
2019-09-26 17:00:00,593.3000000000003
2019-09-26 18:00:00,594.3000000000003
2019-09-26 19:00:00,594.5000000000003
2019-09-26 20:00:00,594.5000000000003
2019-09-27 05:00:00,593.6000000000003
2019-09-27 13:00:00,594.9000000000004
2019-09-27 14:00:00,597.1000000000003
2019-09-27 15:00:00,595.3000000000003
2019-09-27 16:00:00,595.4000000000004
2019-09-27 17:00:00,593.6000000000003
2019-09-27 18:00:00,592.4000000000004
2019-09-27 19:00:00,593.7000000000004
2019-09-30 05:00:00,589.7000000000004
2019-09-30 13:00:00,591.3000000000003
2019-09-30 14:00:00,593.1000000000003
2019-09-30 16:00:00,591.9000000000004
2019-09-30 17:00:00,590.8000000000003
2019-09-30 18:00:00,590.0000000000003
2019-09-30 19:00:00,590.1000000000003
2019-10-01 05:00:00,576.0000000000003
2019-10-01 13:00:00,593.1000000000003
2019-10-01 14:00:00,586.3000000000003
2019-10-01 15:00:00,583.7000000000004
2019-10-01 16:00:00,581.0000000000003
2019-10-01 17:00:00,576.9000000000004
2019-10-01 18:00:00,578.6000000000003
2019-10-01 19:00:00,575.9000000000004
2019-10-02 05:00:00,560.4000000000004
2019-10-02 13:00:00,567.3000000000003
2019-10-02 14:00:00,566.8000000000003
2019-10-02 15:00:00,563.0000000000003
2019-10-02 16:00:00,561.4000000000004
2019-10-02 17:00:00,560.7000000000004
2019-10-02 18:00:00,561.0000000000003
2019-10-02 19:00:00,560.5000000000003
2019-10-02 20:00:00,560.5000000000003
2019-10-03 05:00:00,567.3000000000003
2019-10-03 11:00:00,559.2000000000004
2019-10-03 13:00:00,561.4000000000004
2019-10-03 14:00:00,557.6000000000003
2019-10-03 15:00:00,558.3000000000003
2019-10-03 16:00:00,563.3000000000003
2019-10-03 17:00:00,566.9000000000004
2019-10-03 18:00:00,566.4000000000004
2019-10-03 19:00:00,567.7000000000004
2019-10-04 05:00:00,570.8000000000003
2019-10-04 13:00:00,568.3000000000003
2019-10-04 14:00:00,565.7000000000004
2019-10-04 15:00:00,565.7000000000004
2019-10-04 16:00:00,565.3000000000003
2019-10-04 17:00:00,566.3000000000003
2019-10-04 18:00:00,567.2000000000004
2019-10-04 19:00:00,570.9000000000004
2019-10-07 05:00:00,565.5000000000003
2019-10-07 13:00:00,568.8000000000003
2019-10-07 14:00:00,571.9000000000004
2019-10-07 15:00:00,570.8000000000003
2019-10-07 16:00:00,570.8000000000003
2019-10-07 17:00:00,571.3000000000003
2019-10-07 18:00:00,567.3000000000003
2019-10-07 19:00:00,566.4000000000004
2019-10-08 05:00:00,555.1000000000003
2019-10-08 11:00:00,559.0000000000003
2019-10-08 12:00:00,559.4000000000004
2019-10-08 13:00:00,561.9000000000004
2019-10-08 14:00:00,559.9000000000004
2019-10-08 15:00:00,557.3000000000003
2019-10-08 16:00:00,558.5000000000003
2019-10-08 17:00:00,559.2000000000004
2019-10-08 18:00:00,559.8000000000003
2019-10-08 19:00:00,555.1000000000003
2019-10-09 05:00:00,560.3000000000003
2019-10-09 13:00:00,560.9000000000004
2019-10-09 14:00:00,560.0000000000003
2019-10-09 15:00:00,560.9000000000004
2019-10-09 16:00:00,560.3000000000003
2019-10-09 17:00:00,561.3000000000003
2019-10-09 18:00:00,562.5000000000003
2019-10-09 19:00:00,560.4000000000004
2019-10-10 05:00:00,567.9000000000004
2019-10-10 13:00:00,565.9000000000004
2019-10-10 14:00:00,566.7000000000004
2019-10-10 15:00:00,566.1000000000003
2019-10-10 16:00:00,564.7000000000004
2019-10-10 17:00:00,566.2000000000004
2019-10-10 18:00:00,567.7000000000004
2019-10-10 19:00:00,567.9000000000004
2019-10-11 05:00:00,576.1000000000003
2019-10-11 13:00:00,575.7000000000004
2019-10-11 14:00:00,576.5000000000003
2019-10-11 15:00:00,576.8000000000003
2019-10-11 16:00:00,578.1000000000003
2019-10-11 17:00:00,579.4000000000004
2019-10-11 18:00:00,579.9000000000004
2019-10-11 19:00:00,577.0000000000003
2019-10-14 05:00:00,575.3000000000003
2019-10-14 13:00:00,570.9000000000004
2019-10-14 14:00:00,569.2000000000004
2019-10-14 15:00:00,573.8000000000003
2019-10-14 16:00:00,576.3000000000003
2019-10-14 17:00:00,576.5000000000003
2019-10-14 18:00:00,575.2000000000004
2019-10-14 19:00:00,575.3000000000003
2019-10-15 05:00:00,577.7000000000004
2019-10-15 13:00:00,576.0000000000003
2019-10-15 14:00:00,580.2000000000004
2019-10-15 15:00:00,580.5000000000003
2019-10-15 16:00:00,582.1000000000003
2019-10-15 17:00:00,582.9000000000004
2019-10-15 18:00:00,579.3000000000003
2019-10-15 19:00:00,578.3000000000003
2019-10-16 05:00:00,569.5000000000003
2019-10-16 11:00:00,576.9000000000004
2019-10-16 13:00:00,577.6000000000003
2019-10-16 14:00:00,576.6000000000003
2019-10-16 15:00:00,575.6000000000003
2019-10-16 16:00:00,573.4000000000004
2019-10-16 17:00:00,572.7000000000004
2019-10-16 18:00:00,572.1000000000003
2019-10-16 19:00:00,569.6000000000003
2019-10-17 05:00:00,569.7000000000004
2019-10-17 13:00:00,570.8000000000003
2019-10-17 14:00:00,571.9000000000004
2019-10-17 15:00:00,568.6000000000003
2019-10-17 16:00:00,568.8000000000003
2019-10-17 17:00:00,569.6000000000003
2019-10-17 18:00:00,570.3000000000003
2019-10-17 19:00:00,569.7000000000004
2019-10-18 05:00:00,567.0000000000003
2019-10-18 13:00:00,572.1000000000003
2019-10-18 14:00:00,570.7000000000004
2019-10-18 15:00:00,569.2000000000004
2019-10-18 16:00:00,568.5000000000003
2019-10-18 17:00:00,568.6000000000003
2019-10-18 19:00:00,567.0000000000003
2019-10-21 05:00:00,577.3000000000003
2019-10-21 13:00:00,574.1000000000003
2019-10-21 14:00:00,571.8000000000003
2019-10-21 15:00:00,575.1000000000003
2019-10-21 16:00:00,576.2000000000004
2019-10-21 17:00:00,576.0000000000003
2019-10-21 18:00:00,576.6000000000003
2019-10-21 19:00:00,577.4000000000004
2019-10-22 05:00:00,585.0000000000003
2019-10-22 13:00:00,578.4000000000004
2019-10-22 14:00:00,582.2000000000004
2019-10-22 15:00:00,587.0000000000003
2019-10-22 16:00:00,588.4000000000004
2019-10-22 17:00:00,589.5000000000003
2019-10-22 18:00:00,587.7000000000004
2019-10-22 19:00:00,585.0000000000003
2019-10-22 20:00:00,584.5000000000003
2019-10-23 05:00:00,589.4000000000004
2019-10-23 13:00:00,583.7000000000004
2019-10-23 14:00:00,586.1000000000003
2019-10-23 15:00:00,587.2000000000004
2019-10-23 16:00:00,588.5000000000003
2019-10-23 17:00:00,589.1000000000003
2019-10-23 18:00:00,588.4000000000004
2019-10-23 19:00:00,589.4000000000004
2019-10-24 05:00:00,587.3000000000003
2019-10-24 13:00:00,588.9000000000004
2019-10-24 14:00:00,587.0000000000003
2019-10-24 15:00:00,586.9000000000004
2019-10-24 16:00:00,584.5000000000003
2019-10-24 17:00:00,585.7000000000004
2019-10-24 18:00:00,586.0000000000003
2019-10-24 19:00:00,587.0000000000003
2019-10-25 05:00:00,592.1000000000003
2019-10-25 13:00:00,587.8000000000003
2019-10-25 14:00:00,590.2000000000004
2019-10-25 15:00:00,592.5000000000003
2019-10-25 16:00:00,591.6000000000003
2019-10-25 17:00:00,592.6000000000003
2019-10-25 18:00:00,592.0000000000003
2019-10-25 19:00:00,592.1000000000003
2019-10-28 05:00:00,588.5000000000003
2019-10-28 13:00:00,595.4000000000004
2019-10-28 14:00:00,594.0000000000003
2019-10-28 15:00:00,591.0000000000003
2019-10-28 16:00:00,588.0000000000003
2019-10-28 17:00:00,589.5000000000003
2019-10-28 18:00:00,589.7000000000004
2019-10-28 19:00:00,588.4000000000004
2019-10-29 05:00:00,590.6000000000003
2019-10-29 13:00:00,588.4000000000004
2019-10-29 14:00:00,590.5000000000003
2019-10-29 15:00:00,592.0000000000003
2019-10-29 16:00:00,594.1000000000003
2019-10-29 17:00:00,595.4000000000004
2019-10-29 18:00:00,592.0000000000003
2019-10-29 19:00:00,590.6000000000003
2019-10-30 05:00:00,578.1000000000003
2019-10-30 08:00:00,589.5000000000003
2019-10-30 13:00:00,587.6000000000003
2019-10-30 14:00:00,586.0000000000003
2019-10-30 15:00:00,580.2000000000004
2019-10-30 16:00:00,581.0000000000003
2019-10-30 17:00:00,578.2000000000004
2019-10-30 18:00:00,577.2000000000004
2019-10-30 19:00:00,578.4000000000004
2019-10-30 20:00:00,578.2000000000004
2019-10-31 05:00:00,575.1000000000003
2019-10-31 13:00:00,572.2000000000004
2019-10-31 14:00:00,571.5000000000003
2019-10-31 15:00:00,574.0000000000003
2019-10-31 16:00:00,572.9000000000004
2019-10-31 17:00:00,571.5000000000003
2019-10-31 18:00:00,572.6000000000003
2019-10-31 19:00:00,575.3000000000003
2019-10-31 20:00:00,575.4000000000004
2019-11-01 05:00:00,589.4000000000004
2019-11-01 13:00:00,580.7000000000004
2019-11-01 14:00:00,586.1000000000003
2019-11-01 15:00:00,587.6000000000003
2019-11-01 16:00:00,586.3000000000003
2019-11-01 17:00:00,587.9000000000004
2019-11-01 18:00:00,588.9000000000004
2019-11-01 19:00:00,589.5000000000003
2019-11-01 20:00:00,589.7000000000004
2019-11-04 06:00:00,608.9000000000004
2019-11-04 14:00:00,601.3000000000003
2019-11-04 15:00:00,605.6000000000003
2019-11-04 16:00:00,610.0000000000003
2019-11-04 17:00:00,608.5000000000003
2019-11-04 18:00:00,609.1000000000003
2019-11-04 19:00:00,608.3000000000003
2019-11-04 20:00:00,608.9000000000004
2019-11-05 06:00:00,610.8000000000003
2019-11-05 14:00:00,612.8000000000003
2019-11-05 15:00:00,614.3000000000003
2019-11-05 16:00:00,609.1000000000003
2019-11-05 17:00:00,609.2000000000004
2019-11-05 18:00:00,609.5000000000003
2019-11-05 19:00:00,609.4000000000004
2019-11-05 20:00:00,610.8000000000003
2019-11-06 06:00:00,596.4000000000004
2019-11-06 14:00:00,605.3000000000003
2019-11-06 15:00:00,604.5000000000003
2019-11-06 16:00:00,598.8000000000003
2019-11-06 17:00:00,596.1000000000003
2019-11-06 18:00:00,596.4000000000004
2019-11-06 19:00:00,597.2000000000004
2019-11-06 20:00:00,596.6000000000003
2019-11-07 06:00:00,606.1000000000003
2019-11-07 14:00:00,603.8000000000003
2019-11-07 15:00:00,603.9000000000004
2019-11-07 16:00:00,602.3000000000003
2019-11-07 17:00:00,604.4000000000004
2019-11-07 18:00:00,604.1000000000003
2019-11-07 19:00:00,604.3000000000003
2019-11-07 20:00:00,606.1000000000003
2019-11-08 06:00:00,603.4000000000004
2019-11-08 14:00:00,597.0000000000003
2019-11-08 15:00:00,601.9000000000004
2019-11-08 16:00:00,602.8000000000003
2019-11-08 17:00:00,602.5000000000003
2019-11-08 18:00:00,602.5000000000003
2019-11-08 19:00:00,603.1000000000003
2019-11-08 20:00:00,603.5000000000003
2019-11-11 06:00:00,599.5000000000003
2019-11-11 14:00:00,597.9000000000004
2019-11-11 15:00:00,599.6000000000003
2019-11-11 16:00:00,600.4000000000004
2019-11-11 17:00:00,602.3000000000003
2019-11-11 18:00:00,601.8000000000003
2019-11-11 19:00:00,601.3000000000003
2019-11-11 20:00:00,599.5000000000003
2019-11-12 06:00:00,596.6000000000003
2019-11-12 14:00:00,602.2000000000004
2019-11-12 15:00:00,603.4000000000004
2019-11-12 16:00:00,599.8000000000003
2019-11-12 17:00:00,598.9000000000004
2019-11-12 18:00:00,599.1000000000003
2019-11-12 19:00:00,593.6000000000003
2019-11-12 20:00:00,596.3000000000003
2019-11-13 06:00:00,593.6000000000003
2019-11-13 14:00:00,593.7000000000004
2019-11-13 15:00:00,594.2000000000004
2019-11-13 16:00:00,594.2000000000004
2019-11-13 17:00:00,595.7000000000004
2019-11-13 18:00:00,593.0000000000003
2019-11-13 19:00:00,593.2000000000004
2019-11-13 20:00:00,593.6000000000003
2019-11-14 06:00:00,591.8000000000003
2019-11-14 14:00:00,594.8000000000003
2019-11-14 15:00:00,594.6000000000003
2019-11-14 16:00:00,591.2000000000004
2019-11-14 17:00:00,592.0000000000003
2019-11-14 18:00:00,590.2000000000004
2019-11-14 19:00:00,591.1000000000003
2019-11-14 20:00:00,591.8000000000003
2019-11-14 21:00:00,592.6000000000003
2019-11-15 06:00:00,597.1000000000003
2019-11-15 14:00:00,595.4000000000004
2019-11-15 15:00:00,594.7000000000004
2019-11-15 16:00:00,598.0000000000003
2019-11-15 17:00:00,598.5000000000003
2019-11-15 18:00:00,597.9000000000004
2019-11-15 19:00:00,596.9000000000004
2019-11-15 20:00:00,597.5000000000003
2019-11-15 21:00:00,597.2000000000004
2019-11-18 06:00:00,589.3000000000003
2019-11-18 14:00:00,588.8000000000003
2019-11-18 15:00:00,589.0000000000003
2019-11-18 16:00:00,588.2000000000004
2019-11-18 17:00:00,588.3000000000003
2019-11-18 18:00:00,587.4000000000004
2019-11-18 19:00:00,588.5000000000003
2019-11-18 20:00:00,589.4000000000004
2019-11-18 21:00:00,589.2000000000004
2019-11-19 06:00:00,580.4000000000004
2019-11-19 14:00:00,584.2000000000004
2019-11-19 15:00:00,583.4000000000004
2019-11-19 16:00:00,583.1000000000003
2019-11-19 17:00:00,582.8000000000003
2019-11-19 18:00:00,583.2000000000004
2019-11-19 19:00:00,582.7000000000004
2019-11-19 20:00:00,580.2000000000004
2019-11-20 01:00:00,578.2000000000004
2019-11-20 06:00:00,586.1000000000003
2019-11-20 13:00:00,580.2000000000004
2019-11-20 14:00:00,577.6000000000003
2019-11-20 15:00:00,579.6000000000003
2019-11-20 16:00:00,588.3000000000003
2019-11-20 17:00:00,586.1000000000003
2019-11-20 18:00:00,586.1000000000003
2019-11-20 19:00:00,586.4000000000004
2019-11-20 20:00:00,586.3000000000003
2019-11-20 21:00:00,588.4000000000004
2019-11-21 06:00:00,595.8000000000003
2019-11-21 10:00:00,583.5000000000003
2019-11-21 11:00:00,583.4000000000004
2019-11-21 12:00:00,583.4000000000004
2019-11-21 14:00:00,591.5000000000003
2019-11-21 15:00:00,588.4000000000004
2019-11-21 16:00:00,589.2000000000004
2019-11-21 17:00:00,592.3000000000003
2019-11-21 18:00:00,594.3000000000003
2019-11-21 19:00:00,595.1000000000003
2019-11-21 20:00:00,595.5000000000003
2019-11-21 21:00:00,595.3000000000003
2019-11-22 06:00:00,593.7000000000004
2019-11-22 14:00:00,598.7000000000004
2019-11-22 15:00:00,596.1000000000003
2019-11-22 16:00:00,593.0000000000003
2019-11-22 18:00:00,597.4000000000004
2019-11-22 19:00:00,596.0000000000003
2019-11-22 20:00:00,593.7000000000004
2019-11-25 06:00:00,594.6000000000003
2019-11-25 14:00:00,592.3000000000003
2019-11-25 15:00:00,593.4000000000004
2019-11-25 16:00:00,592.9000000000004
2019-11-25 18:00:00,593.8000000000003
2019-11-25 19:00:00,593.1000000000003
2019-11-25 20:00:00,594.7000000000004
2019-11-26 06:00:00,588.3000000000003
2019-11-26 14:00:00,593.8000000000003
2019-11-26 15:00:00,589.4000000000004
2019-11-26 16:00:00,589.6000000000003
2019-11-26 17:00:00,590.4000000000004
2019-11-26 18:00:00,587.8000000000003
2019-11-26 19:00:00,588.9000000000004
2019-11-26 20:00:00,588.4000000000004
2019-11-27 06:00:00,590.2000000000004
2019-11-27 13:00:00,592.2000000000004
2019-11-27 14:00:00,591.0000000000003
2019-11-27 15:00:00,586.6000000000003
2019-11-27 16:00:00,585.8000000000003
2019-11-27 17:00:00,586.0000000000003
2019-11-27 18:00:00,590.3000000000003
2019-11-27 19:00:00,590.6000000000003
2019-11-27 20:00:00,590.2000000000004
2019-11-29 06:00:00,584.2000000000004
2019-11-29 14:00:00,586.5000000000003
2019-11-29 15:00:00,584.8000000000003
2019-11-29 16:00:00,585.5000000000003
2019-11-29 17:00:00,584.3000000000003
2019-12-02 06:00:00,583.7000000000004
2019-12-02 14:00:00,589.7000000000004
2019-12-02 15:00:00,586.9000000000004
2019-12-02 16:00:00,586.1000000000003
2019-12-02 17:00:00,584.6000000000003
2019-12-02 18:00:00,585.3000000000003
2019-12-02 19:00:00,586.0000000000003
2019-12-02 20:00:00,583.9000000000004
2019-12-03 06:00:00,575.1000000000003
2019-12-03 14:00:00,575.8000000000003
2019-12-03 15:00:00,574.2000000000004
2019-12-03 16:00:00,575.9000000000004
2019-12-03 17:00:00,578.4000000000004
2019-12-03 18:00:00,577.6000000000003
2019-12-03 19:00:00,575.0000000000003
2019-12-03 20:00:00,575.1000000000003
2019-12-04 06:00:00,584.1000000000003
2019-12-04 13:00:00,579.8000000000003
2019-12-04 14:00:00,582.9000000000004
2019-12-04 15:00:00,584.7000000000004
2019-12-04 16:00:00,585.3000000000003
2019-12-04 17:00:00,585.0000000000003
2019-12-04 18:00:00,584.4000000000004
2019-12-04 19:00:00,583.5000000000003
2019-12-04 20:00:00,583.9000000000004
2019-12-05 06:00:00,581.1000000000003
2019-12-05 14:00:00,583.8000000000003
2019-12-05 15:00:00,583.5000000000003
2019-12-05 16:00:00,583.6000000000003
2019-12-05 17:00:00,580.3000000000003
2019-12-05 18:00:00,580.8000000000003
2019-12-05 19:00:00,579.7000000000004
2019-12-05 20:00:00,581.1000000000003
2019-12-06 06:00:00,592.6000000000003
2019-12-06 14:00:00,592.9000000000004
2019-12-06 15:00:00,590.2000000000004
2019-12-06 16:00:00,592.9000000000004
2019-12-06 17:00:00,593.1000000000003
2019-12-06 18:00:00,593.2000000000004
2019-12-06 19:00:00,592.5000000000003
2019-12-06 20:00:00,592.6000000000003
2019-12-09 06:00:00,591.6000000000003
2019-12-09 14:00:00,590.8000000000003
2019-12-09 15:00:00,592.9000000000004
2019-12-09 16:00:00,594.3000000000003
2019-12-09 17:00:00,593.2000000000004
2019-12-09 18:00:00,592.9000000000004
2019-12-09 19:00:00,591.9000000000004
2019-12-09 20:00:00,591.6000000000003
2019-12-10 06:00:00,592.9000000000004
2019-12-10 14:00:00,592.1000000000003
2019-12-10 15:00:00,594.3000000000003
2019-12-10 16:00:00,592.3000000000003
2019-12-10 17:00:00,591.3000000000003
2019-12-10 18:00:00,590.4000000000004
2019-12-10 19:00:00,592.0000000000003
2019-12-10 20:00:00,592.9000000000004
2019-12-11 06:00:00,592.0000000000003
2019-12-12 06:00:00,603.7000000000004
2019-12-12 15:00:00,602.6000000000003
2019-12-12 16:00:00,601.6000000000003
2019-12-12 18:00:00,602.4000000000002
2019-12-12 19:00:00,604.2000000000004
2019-12-12 20:00:00,603.6000000000003
2019-12-13 06:00:00,598.3000000000003
2019-12-13 14:00:00,602.4000000000002
2019-12-13 15:00:00,603.8000000000003
2019-12-13 16:00:00,602.2000000000004
2019-12-13 17:00:00,603.0000000000003
2019-12-13 18:00:00,601.4000000000002
2019-12-13 20:00:00,598.6000000000003
2019-12-16 06:00:00,606.8000000000003
2019-12-16 14:00:00,606.5000000000003
2019-12-16 15:00:00,608.1000000000003
2019-12-16 16:00:00,606.5000000000003
2019-12-16 17:00:00,607.1000000000003
2019-12-16 18:00:00,607.6000000000003
2019-12-16 19:00:00,607.3000000000003
2019-12-16 20:00:00,606.6000000000003
2019-12-17 06:00:00,607.3000000000003
2019-12-17 14:00:00,611.7000000000004
2019-12-17 15:00:00,610.3000000000003
2019-12-17 16:00:00,609.8000000000003
2019-12-17 17:00:00,610.0000000000003
2019-12-17 18:00:00,609.7000000000004
2019-12-17 19:00:00,606.3000000000003
2019-12-17 20:00:00,607.3000000000003
2019-12-18 06:00:00,609.2000000000004
2019-12-18 14:00:00,609.7000000000004
2019-12-18 15:00:00,611.7000000000004
2019-12-18 16:00:00,611.2000000000004
2019-12-18 17:00:00,611.6000000000003
2019-12-18 18:00:00,611.4000000000002
2019-12-18 19:00:00,609.8000000000003
2019-12-18 20:00:00,609.2000000000004
2019-12-19 06:00:00,609.0000000000003
2019-12-19 14:00:00,609.3000000000003
2019-12-19 15:00:00,609.2000000000004
2019-12-19 16:00:00,609.1000000000003
2019-12-19 17:00:00,609.1000000000003
2019-12-19 18:00:00,608.0000000000003
2019-12-19 19:00:00,608.9000000000002
2019-12-19 20:00:00,608.4000000000002
2019-12-20 06:00:00,614.4000000000002
2019-12-20 14:00:00,611.8000000000003
2019-12-20 15:00:00,611.7000000000004
2019-12-20 16:00:00,614.6000000000003
2019-12-20 17:00:00,615.0000000000003
2019-12-20 18:00:00,613.2000000000004
2019-12-20 19:00:00,613.4000000000002
2019-12-20 20:00:00,614.4000000000002
2019-12-20 21:00:00,614.0000000000003
2019-12-23 06:00:00,621.1000000000003
2019-12-23 14:00:00,615.8000000000003
2019-12-23 15:00:00,617.0000000000003
2019-12-23 16:00:00,618.2000000000004
2019-12-23 17:00:00,618.6000000000003
2019-12-23 18:00:00,618.9000000000002
2019-12-23 19:00:00,619.3000000000003
2019-12-23 20:00:00,621.1000000000003
2019-12-24 06:00:00,620.6000000000003
2019-12-24 14:00:00,623.2000000000004
2019-12-24 15:00:00,621.2000000000004
2019-12-24 16:00:00,620.0000000000003
2019-12-24 17:00:00,620.5000000000003
2019-12-26 06:00:00,620.1000000000003
2019-12-26 14:00:00,623.8000000000003
2019-12-26 15:00:00,624.9000000000002
2019-12-26 16:00:00,623.9000000000002
2019-12-26 17:00:00,623.5000000000003
2019-12-26 18:00:00,622.7000000000004
2019-12-26 19:00:00,620.9000000000002
2019-12-26 20:00:00,620.1000000000003
2019-12-27 06:00:00,617.4000000000002
2019-12-27 14:00:00,620.3000000000003
2019-12-27 15:00:00,620.4000000000002
2019-12-27 16:00:00,620.6000000000003
2019-12-27 17:00:00,620.8000000000003
2019-12-27 18:00:00,620.3000000000003
2019-12-27 19:00:00,620.3000000000003
2019-12-27 20:00:00,617.5000000000003
2019-12-30 06:00:00,615.3000000000003
2019-12-30 14:00:00,620.5000000000003
2019-12-30 15:00:00,620.2000000000004
2019-12-30 16:00:00,618.4000000000002
2019-12-30 17:00:00,618.7000000000004
2019-12-30 18:00:00,618.9000000000002
2019-12-30 19:00:00,617.3000000000003
2019-12-30 20:00:00,615.6000000000003
2019-12-31 06:00:00,619.9000000000002
2019-12-31 14:00:00,613.2000000000004
2019-12-31 15:00:00,615.0000000000003
2019-12-31 16:00:00,616.7000000000004
2019-12-31 17:00:00,617.3000000000003
2019-12-31 18:00:00,616.9000000000002
2019-12-31 19:00:00,616.1000000000003
2019-12-31 20:00:00,619.9000000000002
2020-01-02 06:00:00,624.4000000000002
2020-01-02 14:00:00,623.5000000000003
2020-01-02 15:00:00,623.5000000000003
2020-01-02 16:00:00,621.9000000000002
2020-01-02 17:00:00,623.6000000000003
2020-01-02 18:00:00,623.4000000000002
2020-01-02 19:00:00,623.4000000000002
2020-01-02 20:00:00,624.6000000000003
2020-01-03 06:00:00,623.0000000000003
2020-01-03 14:00:00,626.3000000000003
2020-01-03 15:00:00,622.9000000000002
2020-01-03 16:00:00,621.9000000000002
2020-01-03 17:00:00,620.7000000000004
2020-01-03 18:00:00,622.5000000000003
2020-01-03 19:00:00,622.4000000000002
2020-01-03 20:00:00,623.0000000000003
2020-01-06 06:00:00,627.5000000000003
2020-01-06 14:00:00,624.0000000000003
2020-01-06 15:00:00,625.0000000000003
2020-01-06 16:00:00,625.1000000000003
2020-01-06 17:00:00,624.7000000000004
2020-01-06 18:00:00,627.2000000000004
2020-01-06 19:00:00,630.3000000000003
2020-01-06 20:00:00,627.5000000000003
2020-01-07 06:00:00,626.0000000000003
2020-01-07 14:00:00,621.5000000000003
2020-01-07 15:00:00,622.8000000000003
2020-01-07 16:00:00,618.8000000000003
2020-01-07 17:00:00,619.1000000000003
2020-01-07 18:00:00,620.6000000000003
2020-01-07 19:00:00,622.9000000000002
2020-01-07 20:00:00,626.1000000000003
2020-01-08 06:00:00,615.7000000000004
2020-01-08 14:00:00,624.1000000000003
2020-01-08 15:00:00,619.0000000000003
2020-01-08 16:00:00,616.0000000000003
2020-01-08 17:00:00,617.3000000000003
2020-01-08 18:00:00,615.1000000000003
2020-01-08 19:00:00,616.7000000000004
2020-01-08 20:00:00,615.7000000000004
2020-01-09 06:00:00,619.7000000000004
2020-01-09 14:00:00,611.5000000000003
2020-01-09 15:00:00,611.5000000000003
2020-01-09 16:00:00,612.7000000000004
2020-01-09 17:00:00,614.4000000000002
2020-01-09 18:00:00,616.1000000000003
2020-01-09 19:00:00,620.0000000000003
2020-01-09 20:00:00,619.6000000000003
2020-01-10 06:00:00,615.9000000000002
2020-01-10 14:00:00,617.3000000000003
2020-01-10 15:00:00,618.1000000000003
2020-01-10 16:00:00,618.1000000000003
2020-01-10 17:00:00,618.1000000000003
2020-01-10 18:00:00,618.4000000000002
2020-01-10 19:00:00,617.4000000000002
2020-01-10 20:00:00,615.9000000000002
2020-01-13 06:00:00,616.0000000000003
2020-01-13 14:00:00,615.8000000000003
2020-01-13 15:00:00,615.5000000000003
2020-01-13 16:00:00,617.0000000000003
2020-01-13 17:00:00,614.4000000000002
2020-01-13 18:00:00,614.7000000000004
2020-01-13 19:00:00,615.8000000000003
2020-01-13 20:00:00,616.0000000000003
2020-01-14 06:00:00,616.5000000000003
2020-01-14 14:00:00,613.9000000000002
2020-01-14 15:00:00,613.1000000000003
2020-01-14 16:00:00,613.8000000000003
2020-01-14 17:00:00,615.5000000000003
2020-01-14 18:00:00,613.8000000000003
2020-01-14 19:00:00,615.2000000000004
2020-01-14 20:00:00,616.4000000000002
2020-01-15 06:00:00,612.1000000000003
2020-01-15 14:00:00,614.3000000000003
2020-01-15 15:00:00,610.8000000000003
2020-01-15 16:00:00,613.1000000000003
2020-01-15 17:00:00,612.0000000000003
2020-01-15 18:00:00,610.9000000000002
2020-01-15 19:00:00,611.7000000000004
2020-01-15 20:00:00,612.2000000000004
2020-01-16 06:00:00,612.5000000000003
2020-01-16 14:00:00,614.4000000000002
2020-01-16 15:00:00,614.5000000000003
2020-01-16 16:00:00,616.2000000000004
2020-01-16 17:00:00,614.2000000000004
2020-01-16 18:00:00,613.6000000000003
2020-01-16 19:00:00,612.7000000000004
2020-01-16 20:00:00,612.4000000000002
2020-01-17 06:00:00,608.2000000000004
2020-01-17 14:00:00,610.6000000000003
2020-01-17 15:00:00,610.0000000000003
2020-01-17 16:00:00,609.7000000000004
2020-01-17 17:00:00,609.4000000000002
2020-01-17 18:00:00,609.5000000000003
2020-01-17 19:00:00,607.9000000000002
2020-01-17 20:00:00,608.2000000000004
2020-01-21 06:00:00,596.8000000000003
2020-01-21 14:00:00,601.5000000000003
2020-01-21 15:00:00,603.5000000000003
2020-01-21 16:00:00,603.6000000000003
2020-01-21 17:00:00,602.0000000000003
2020-01-21 18:00:00,598.9000000000002
2020-01-21 19:00:00,598.9000000000002
2020-01-21 20:00:00,596.8000000000003
2020-01-22 06:00:00,591.3000000000003
2020-01-22 14:00:00,595.8000000000003
2020-01-22 15:00:00,595.1000000000003
2020-01-22 16:00:00,592.8000000000003
2020-01-22 17:00:00,590.9000000000002
2020-01-22 18:00:00,591.1000000000003
2020-01-22 19:00:00,591.2000000000004
2020-01-22 20:00:00,591.3000000000003
2020-01-23 06:00:00,588.6000000000003
2020-01-23 14:00:00,584.2000000000004
2020-01-23 15:00:00,584.2000000000004
2020-01-23 16:00:00,585.9000000000002
2020-01-23 17:00:00,586.1000000000003
2020-01-23 18:00:00,588.7000000000004
2020-01-23 19:00:00,589.2000000000004
2020-01-23 20:00:00,588.7000000000004
2020-01-24 06:00:00,581.8000000000003
2020-01-24 14:00:00,584.1000000000003
2020-01-24 15:00:00,581.8000000000003
2020-01-24 16:00:00,581.4000000000002
2020-01-24 17:00:00,580.5000000000003
2020-01-24 18:00:00,579.0000000000003
2020-01-24 19:00:00,581.1000000000003
2020-01-24 20:00:00,581.6000000000003
2020-01-27 06:00:00,565.5000000000003
2020-01-27 14:00:00,570.8000000000003
2020-01-27 15:00:00,566.7000000000004
2020-01-27 16:00:00,566.9000000000002
2020-01-27 17:00:00,568.2000000000004
2020-01-27 18:00:00,568.6000000000003
2020-01-27 19:00:00,566.7000000000004
2020-01-27 20:00:00,565.6000000000003
2020-01-28 06:00:00,567.8000000000003
2020-01-28 14:00:00,566.7000000000004
2020-01-28 15:00:00,569.1000000000003
2020-01-28 16:00:00,569.1000000000003
2020-01-28 17:00:00,569.7000000000004
2020-01-28 18:00:00,568.4000000000002
2020-01-28 19:00:00,569.9000000000002
2020-01-28 20:00:00,567.8000000000003
2020-01-29 06:00:00,561.8000000000003
2020-01-29 14:00:00,568.9000000000002
2020-01-29 15:00:00,567.5000000000003
2020-01-29 16:00:00,566.8000000000003
2020-01-29 17:00:00,565.5000000000003
2020-01-29 18:00:00,564.1000000000003
2020-01-29 19:00:00,563.2000000000004
2020-01-29 20:00:00,561.8000000000003
2020-01-30 06:00:00,566.5000000000003
2020-01-30 14:00:00,560.5000000000003
2020-01-30 15:00:00,555.1000000000003
2020-01-30 16:00:00,558.1000000000003
2020-01-30 17:00:00,556.3000000000003
2020-01-30 18:00:00,557.0000000000003
2020-01-30 19:00:00,559.7000000000004
2020-01-30 20:00:00,566.3000000000003
2020-01-31 06:00:00,549.2000000000004
2020-01-31 14:00:00,554.8000000000003
2020-01-31 15:00:00,549.5000000000003
2020-01-31 16:00:00,552.7000000000004
2020-01-31 17:00:00,548.2000000000004
2020-01-31 18:00:00,547.0000000000003
2020-01-31 19:00:00,547.8000000000003
2020-01-31 20:00:00,549.3000000000003
2020-02-03 06:00:00,541.4000000000002
2020-02-03 14:00:00,545.1000000000003
2020-02-03 15:00:00,545.0000000000003
2020-02-03 16:00:00,541.9000000000002
2020-02-03 17:00:00,543.3000000000003
2020-02-03 18:00:00,541.7000000000004
2020-02-03 19:00:00,541.5000000000003
2020-02-03 20:00:00,541.2000000000004
2020-02-04 06:00:00,543.3000000000003
2020-02-04 14:00:00,549.9000000000002
2020-02-04 15:00:00,548.2000000000004
2020-02-04 16:00:00,549.0000000000003
2020-02-04 17:00:00,546.3000000000003
2020-02-04 18:00:00,545.5000000000003
2020-02-04 19:00:00,544.9000000000002
2020-02-04 20:00:00,543.3000000000003
2020-02-04 21:00:00,543.1000000000003
2020-02-05 06:00:00,563.7000000000004
2020-02-05 14:00:00,557.1000000000003
2020-02-05 15:00:00,561.1000000000003
2020-02-05 16:00:00,563.2000000000004
2020-02-05 17:00:00,565.5000000000003
2020-02-05 18:00:00,564.2000000000004
2020-02-05 19:00:00,562.1000000000003
2020-02-05 20:00:00,563.9000000000002
2020-02-06 06:00:00,558.1000000000003
2020-02-06 13:00:00,565.4000000000002
2020-02-06 14:00:00,560.5000000000003
2020-02-06 15:00:00,560.3000000000003
2020-02-06 16:00:00,560.5000000000003
2020-02-06 17:00:00,559.1000000000003
2020-02-06 18:00:00,558.8000000000003
2020-02-06 19:00:00,559.9000000000002
2020-02-06 20:00:00,558.3000000000003
2020-02-07 06:00:00,554.3000000000003
2020-02-07 09:00:00,555.8000000000003
2020-02-07 14:00:00,553.4000000000002
2020-02-07 15:00:00,552.5000000000003
2020-02-07 16:00:00,555.4000000000002
2020-02-07 17:00:00,554.9000000000002
2020-02-07 18:00:00,554.7000000000004
2020-02-07 19:00:00,553.6000000000003
2020-02-07 20:00:00,554.4000000000002
2020-02-10 06:00:00,551.4000000000002
2020-02-10 10:00:00,553.5000000000003
2020-02-10 13:00:00,553.8000000000003
2020-02-10 14:00:00,549.6000000000003
2020-02-10 15:00:00,551.0000000000003
2020-02-10 16:00:00,549.2000000000004
2020-02-10 17:00:00,548.8000000000003
2020-02-10 18:00:00,548.1000000000003
2020-02-10 19:00:00,549.8000000000003
2020-02-10 20:00:00,551.6000000000003
2020-02-11 06:00:00,557.7000000000004
2020-02-11 14:00:00,557.6000000000003
2020-02-11 15:00:00,558.6000000000003
2020-02-11 16:00:00,557.0000000000003
2020-02-11 17:00:00,557.6000000000003
2020-02-11 18:00:00,556.7000000000004
2020-02-11 19:00:00,557.1000000000003
2020-02-11 20:00:00,557.6000000000003
2020-02-12 06:00:00,565.2000000000004
2020-02-12 14:00:00,567.3000000000003
2020-02-12 15:00:00,564.4000000000002
2020-02-12 16:00:00,563.0000000000003
2020-02-12 17:00:00,562.5000000000003
2020-02-12 18:00:00,563.5000000000003
2020-02-12 19:00:00,564.9000000000002
2020-02-12 20:00:00,565.2000000000004
2020-02-12 21:00:00,565.1000000000003
2020-02-13 06:00:00,563.2000000000004
2020-02-13 14:00:00,563.7000000000004
2020-02-13 15:00:00,560.0000000000003
2020-02-13 16:00:00,562.5000000000003
2020-02-13 17:00:00,563.3000000000003
2020-02-13 18:00:00,560.8000000000003
2020-02-13 19:00:00,561.9000000000002
2020-02-13 20:00:00,563.4000000000002
2020-02-14 06:00:00,560.1000000000003
2020-02-14 14:00:00,563.3000000000003
2020-02-14 15:00:00,561.1000000000003
2020-02-14 16:00:00,559.4000000000002
2020-02-14 17:00:00,559.0000000000003
2020-02-14 18:00:00,557.3000000000003
2020-02-14 19:00:00,557.7000000000004
2020-02-14 20:00:00,560.1000000000003
2020-02-18 06:00:00,555.6000000000003
2020-02-18 14:00:00,555.4000000000002
2020-02-18 15:00:00,553.9000000000002
2020-02-18 16:00:00,551.0000000000003
2020-02-18 17:00:00,552.4000000000002
2020-02-18 18:00:00,552.7000000000004
2020-02-18 19:00:00,555.9000000000002
2020-02-18 20:00:00,555.7000000000004
2020-02-18 21:00:00,556.4000000000002
2020-02-19 06:00:00,563.3000000000003
2020-02-19 14:00:00,559.2000000000004
2020-02-19 15:00:00,560.1000000000003
2020-02-19 16:00:00,560.3000000000003
2020-02-19 17:00:00,560.5000000000003
2020-02-19 18:00:00,562.6000000000003
2020-02-19 19:00:00,564.7000000000004
2020-02-19 20:00:00,563.3000000000003
2020-02-19 21:00:00,565.3000000000003
2020-02-20 06:00:00,562.4000000000002
2020-02-20 13:00:00,563.3000000000003
2020-02-20 14:00:00,565.6000000000003
2020-02-20 15:00:00,567.0000000000003
2020-02-20 16:00:00,562.9000000000002
2020-02-20 17:00:00,562.0000000000003
2020-02-20 18:00:00,562.4000000000002
2020-02-20 19:00:00,562.8000000000003
2020-02-20 20:00:00,562.5000000000003
2020-02-21 06:00:00,554.9000000000002
2020-02-21 14:00:00,552.5000000000003
2020-02-21 15:00:00,551.9000000000002
2020-02-21 16:00:00,553.5000000000003
2020-02-21 17:00:00,553.4000000000002
2020-02-21 18:00:00,554.1000000000003
2020-02-21 19:00:00,554.7000000000004
2020-02-21 20:00:00,554.9000000000002
2020-02-24 06:00:00,528.6000000000003
2020-02-24 14:00:00,534.5000000000003
2020-02-24 15:00:00,533.3000000000003
2020-02-24 16:00:00,530.4000000000002
2020-02-24 17:00:00,529.8000000000003
2020-02-24 18:00:00,529.8000000000003
2020-02-24 19:00:00,532.7000000000004
2020-02-24 20:00:00,528.7000000000004
2020-02-24 21:00:00,529.6000000000003
2020-02-25 06:00:00,505.3000000000003
2020-02-25 11:00:00,528.5000000000003
2020-02-25 14:00:00,525.1000000000003
2020-02-25 15:00:00,518.8000000000003
2020-02-25 16:00:00,517.9000000000003
2020-02-25 17:00:00,513.5000000000005
2020-02-25 18:00:00,508.6000000000003
2020-02-25 19:00:00,506.1000000000003
2020-02-25 20:00:00,505.3000000000003
2020-02-26 06:00:00,490.1000000000003
2020-02-26 14:00:00,507.90000000000026
2020-02-26 15:00:00,506.1000000000003
2020-02-26 16:00:00,500.6000000000003
2020-02-26 17:00:00,499.8000000000003
2020-02-26 18:00:00,492.1000000000003
2020-02-26 19:00:00,491.2000000000003
2020-02-26 20:00:00,490.1000000000003
2020-02-26 21:00:00,490.0000000000003
2020-02-27 06:00:00,463.7000000000003
2020-02-27 14:00:00,469.40000000000026
2020-02-27 15:00:00,474.5000000000003
2020-02-27 16:00:00,480.40000000000026
2020-02-27 17:00:00,481.40000000000026
2020-02-27 18:00:00,474.3000000000003
2020-02-27 19:00:00,471.8000000000003
2020-02-27 20:00:00,463.5000000000003
2020-02-28 06:00:00,467.40000000000026
2020-02-28 14:00:00,449.2000000000003
2020-02-28 15:00:00,452.8000000000003
2020-02-28 16:00:00,455.5000000000003
2020-02-28 17:00:00,462.6000000000003
2020-02-28 18:00:00,460.2000000000003
2020-02-28 19:00:00,464.6000000000003
2020-02-28 20:00:00,467.2000000000003
2020-02-28 21:00:00,473.6000000000003
2020-03-02 06:00:00,481.6000000000003
2020-03-02 14:00:00,463.6000000000003
2020-03-02 15:00:00,469.5000000000003
2020-03-02 16:00:00,474.5000000000003
2020-03-02 17:00:00,475.7000000000003
2020-03-02 18:00:00,470.90000000000026
2020-03-02 19:00:00,467.0000000000003
2020-03-02 20:00:00,482.0000000000003
2020-03-02 21:00:00,484.5000000000003
2020-03-03 06:00:00,467.40000000000026
2020-03-03 14:00:00,475.1000000000003
2020-03-03 15:00:00,481.40000000000026
2020-03-03 16:00:00,476.6000000000003
2020-03-03 17:00:00,473.6000000000003
2020-03-03 18:00:00,466.6000000000003
2020-03-03 19:00:00,467.0000000000003
2020-03-03 20:00:00,467.0000000000003
2020-03-03 21:00:00,466.7000000000003
2020-03-04 06:00:00,477.40000000000026
2020-03-04 14:00:00,471.0000000000003
2020-03-04 15:00:00,470.40000000000026
2020-03-04 16:00:00,468.90000000000026
2020-03-04 17:00:00,471.7000000000003
2020-03-04 18:00:00,471.6000000000003
2020-03-04 19:00:00,473.2000000000003
2020-03-04 20:00:00,477.5000000000003
2020-03-05 06:00:00,460.5000000000003
2020-03-05 12:00:00,467.0000000000003
2020-03-05 14:00:00,460.3000000000003
2020-03-05 15:00:00,461.5000000000003
2020-03-05 16:00:00,460.1000000000003
2020-03-05 17:00:00,453.5000000000003
2020-03-05 18:00:00,457.5000000000003
2020-03-05 19:00:00,456.40000000000026
2020-03-05 20:00:00,460.6000000000003
2020-03-06 06:00:00,433.3000000000003
2020-03-06 10:00:00,442.5000000000003
2020-03-06 11:00:00,442.5000000000003
2020-03-06 14:00:00,439.3000000000003
2020-03-06 15:00:00,441.5000000000003
2020-03-06 16:00:00,436.6000000000003
2020-03-06 17:00:00,436.6000000000003
2020-03-06 18:00:00,435.0000000000003
2020-03-06 19:00:00,429.8000000000003
2020-03-06 20:00:00,433.1000000000003
2020-03-09 05:00:00,347.3000000000003
2020-03-09 14:00:00,359.90000000000026
2020-03-09 15:00:00,360.6000000000003
2020-03-09 16:00:00,356.2000000000003
2020-03-09 17:00:00,348.7000000000003
2020-03-09 18:00:00,356.40000000000026
2020-03-09 19:00:00,347.90000000000026
2020-03-09 20:00:00,347.0000000000003
2020-03-10 05:00:00,361.90000000000026
2020-03-10 13:00:00,357.0000000000003
2020-03-10 14:00:00,348.6000000000003
2020-03-10 15:00:00,341.3000000000003
2020-03-10 16:00:00,348.2000000000003
2020-03-10 17:00:00,345.1000000000003
2020-03-10 18:00:00,356.7000000000003
2020-03-10 19:00:00,360.90000000000026
2020-03-11 05:00:00,342.1000000000003
2020-03-12 05:00:00,297.9000000000003
2020-03-13 05:00:00,319.2000000000003
2020-03-13 19:00:00,317.5000000000003
2020-03-16 05:00:00,283.8000000000003
2020-03-16 16:00:00,299.8000000000003
2020-03-16 17:00:00,299.7000000000003
2020-03-16 18:00:00,286.3000000000003
2020-03-16 19:00:00,283.8000000000003
2020-03-17 05:00:00,276.0000000000003
2020-03-17 13:00:00,273.8000000000003
2020-03-17 14:00:00,276.8000000000003
2020-03-17 16:00:00,289.9000000000003
2020-03-17 19:00:00,281.1000000000003
2020-03-18 05:00:00,233.4000000000003
2020-03-18 14:00:00,257.6000000000003
2020-03-18 19:00:00,246.8000000000003
2020-03-19 05:00:00,248.50000000000028
2020-03-19 12:00:00,236.7000000000003
2020-03-19 13:00:00,240.7000000000003
2020-03-19 14:00:00,238.8000000000003
2020-03-19 15:00:00,247.4000000000003
2020-03-19 16:00:00,248.9000000000003
2020-03-19 17:00:00,244.8000000000003
2020-03-19 18:00:00,262.1000000000003
2020-03-19 19:00:00,256.8000000000003
2020-03-20 05:00:00,254.70000000000027
2020-03-20 13:00:00,261.8000000000003
2020-03-20 14:00:00,260.9000000000003
2020-03-20 16:00:00,259.8000000000003
2020-03-20 18:00:00,253.70000000000027
2020-03-20 19:00:00,257.8000000000003
2020-03-23 05:00:00,237.9000000000003
2020-03-23 13:00:00,245.1000000000003
2020-03-23 14:00:00,244.6000000000003
2020-03-23 15:00:00,237.1000000000003
2020-03-23 16:00:00,244.2000000000003
2020-03-23 17:00:00,240.8000000000003
2020-03-23 18:00:00,239.2000000000003
2020-03-23 19:00:00,237.7000000000003
2020-03-24 05:00:00,277.4000000000003
2020-03-24 13:00:00,261.3000000000003
2020-03-24 14:00:00,263.1000000000003
2020-03-24 15:00:00,264.8000000000003
2020-03-24 16:00:00,269.4000000000003
2020-03-24 17:00:00,261.6000000000003
2020-03-24 18:00:00,266.4000000000003
2020-03-24 19:00:00,276.9000000000003
2020-03-25 05:00:00,290.1000000000003
2020-03-25 08:00:00,285.5000000000003
2020-03-25 09:00:00,285.5000000000003
2020-03-25 13:00:00,284.8000000000003
2020-03-25 14:00:00,278.8000000000003
2020-03-25 15:00:00,286.1000000000003
2020-03-25 16:00:00,299.0000000000003
2020-03-25 17:00:00,303.7000000000003
2020-03-25 18:00:00,298.2000000000003
2020-03-25 19:00:00,290.0000000000003
2020-03-25 20:00:00,288.3000000000003
2020-03-26 05:00:00,309.3000000000003
2020-03-26 13:00:00,294.4000000000003
2020-03-26 14:00:00,302.7000000000003
2020-03-26 15:00:00,313.2000000000003
2020-03-26 16:00:00,309.8000000000003
2020-03-26 17:00:00,301.8000000000003
2020-03-26 18:00:00,301.5000000000003
2020-03-26 19:00:00,308.6000000000003
2020-03-27 05:00:00,287.9000000000003
2020-03-27 11:00:00,302.4000000000003
2020-03-27 12:00:00,299.3000000000003
2020-03-27 13:00:00,288.0000000000003
2020-03-27 14:00:00,291.2000000000003
2020-03-27 15:00:00,294.1000000000003
2020-03-27 16:00:00,293.4000000000003
2020-03-27 17:00:00,292.6000000000003
2020-03-27 18:00:00,290.8000000000003
2020-03-27 19:00:00,287.9000000000003
2020-03-30 05:00:00,291.0000000000003
2020-03-30 13:00:00,278.6000000000003
2020-03-30 14:00:00,283.9000000000003
2020-03-30 15:00:00,291.8000000000003
2020-03-30 16:00:00,290.7000000000003
2020-03-30 17:00:00,285.2000000000003
2020-03-30 18:00:00,290.2000000000003
2020-03-30 19:00:00,290.7000000000003
2020-03-30 20:00:00,292.0000000000003
2020-03-31 05:00:00,296.1000000000003
2020-03-31 13:00:00,298.3000000000003
2020-03-31 14:00:00,303.1000000000003
2020-03-31 15:00:00,305.4000000000003
2020-03-31 16:00:00,295.9000000000003
2020-03-31 17:00:00,295.3000000000003
2020-03-31 18:00:00,296.0000000000003
2020-03-31 19:00:00,296.8000000000003
2020-03-31 20:00:00,294.5000000000003
2020-04-01 05:00:00,282.3000000000003
2020-04-01 12:00:00,288.3000000000003
2020-04-01 13:00:00,283.2000000000003
2020-04-01 14:00:00,285.9000000000003
2020-04-01 15:00:00,283.6000000000003
2020-04-01 16:00:00,279.9000000000003
2020-04-01 17:00:00,285.6000000000003
2020-04-01 18:00:00,284.8000000000003
2020-04-01 19:00:00,281.8000000000003
2020-04-02 05:00:00,307.9000000000003
2020-04-02 13:00:00,295.5000000000003
2020-04-02 14:00:00,303.8000000000003
2020-04-02 15:00:00,309.9000000000003
2020-04-02 17:00:00,306.8000000000003
2020-04-02 18:00:00,302.3000000000003
2020-04-02 19:00:00,308.5000000000003
2020-04-03 05:00:00,304.9000000000003
2020-04-03 12:00:00,317.0000000000003
2020-04-03 13:00:00,312.1000000000003
2020-04-03 14:00:00,306.1000000000003
2020-04-03 15:00:00,300.8000000000003
2020-04-03 16:00:00,300.7000000000003
2020-04-03 17:00:00,298.6000000000003
2020-04-03 18:00:00,306.5000000000003
2020-04-03 19:00:00,304.8000000000003
2020-04-06 05:00:00,322.6000000000003
2020-04-06 13:00:00,315.8000000000003
2020-04-06 14:00:00,313.1000000000003
2020-04-06 15:00:00,317.0000000000003
2020-04-06 16:00:00,316.4000000000003
2020-04-06 17:00:00,319.2000000000003
2020-04-06 19:00:00,322.4000000000003
2020-04-07 05:00:00,329.5000000000003
2020-04-07 13:00:00,346.3000000000003
2020-04-07 14:00:00,338.1000000000003
2020-04-07 15:00:00,343.0000000000003
2020-04-07 16:00:00,343.1000000000003
2020-04-07 17:00:00,338.6000000000003
2020-04-07 19:00:00,329.2000000000003
2020-04-08 05:00:00,352.0000000000003
2020-04-08 13:00:00,337.7000000000003
2020-04-08 14:00:00,334.4000000000003
2020-04-08 15:00:00,341.8000000000003
2020-04-08 16:00:00,343.8000000000003
2020-04-08 17:00:00,340.1000000000003
2020-04-08 18:00:00,343.8000000000003
2020-04-08 19:00:00,352.1000000000003
2020-04-09 05:00:00,349.2000000000003
2020-04-09 12:00:00,361.2000000000003
2020-04-09 13:00:00,366.0000000000003
2020-04-09 14:00:00,368.7000000000003
2020-04-09 15:00:00,358.1000000000003
2020-04-09 16:00:00,362.2000000000003
2020-04-09 17:00:00,357.4000000000003
2020-04-09 18:00:00,340.5000000000003
2020-04-09 19:00:00,348.3000000000003
2020-04-13 05:00:00,349.1000000000003
2020-04-13 13:00:00,355.6000000000003
2020-04-13 14:00:00,346.0000000000003
2020-04-13 15:00:00,348.8000000000003
2020-04-13 16:00:00,348.1000000000003
2020-04-13 19:00:00,349.5000000000003
2020-04-14 05:00:00,346.2000000000003
2020-04-14 13:00:00,354.2000000000003
2020-04-14 14:00:00,347.9000000000003
2020-04-14 15:00:00,346.9000000000003
2020-04-14 16:00:00,349.7000000000003
2020-04-14 18:00:00,347.9000000000003
2020-04-14 19:00:00,346.1000000000003
2020-04-15 05:00:00,329.3000000000003
2020-04-15 13:00:00,328.4000000000003
2020-04-15 14:00:00,322.6000000000003
2020-04-15 15:00:00,320.0000000000003
2020-04-15 16:00:00,323.9000000000003
2020-04-15 17:00:00,325.3000000000003
2020-04-15 18:00:00,327.0000000000003
2020-04-15 19:00:00,329.6000000000003
2020-04-16 05:00:00,315.5000000000003
2020-04-16 13:00:00,321.7000000000003
2020-04-16 14:00:00,319.0000000000003
2020-04-16 15:00:00,317.5000000000003
2020-04-16 16:00:00,316.0000000000003
2020-04-16 18:00:00,317.0000000000003
2020-04-16 19:00:00,315.5000000000003
2020-04-17 05:00:00,349.2000000000003
2020-04-17 13:00:00,332.9000000000003
2020-04-17 14:00:00,332.3000000000003
2020-04-17 15:00:00,336.6000000000003
2020-04-17 16:00:00,342.4000000000003
2020-04-17 17:00:00,340.9000000000003
2020-04-17 18:00:00,339.6000000000003
2020-04-17 19:00:00,349.0000000000003
2020-04-17 20:00:00,348.9000000000003
2020-04-20 05:00:00,338.5000000000003
2020-04-20 13:00:00,339.0000000000003
2020-04-20 14:00:00,340.9000000000003
2020-04-20 15:00:00,349.5000000000003
2020-04-20 16:00:00,344.8000000000003
2020-04-20 17:00:00,343.4000000000003
2020-04-20 18:00:00,335.1000000000003
2020-04-20 19:00:00,338.3000000000003
2020-04-20 20:00:00,331.4000000000003
2020-04-21 05:00:00,332.6000000000003
2020-04-21 09:00:00,324.6000000000003
2020-04-21 12:00:00,323.4000000000003
2020-04-21 13:00:00,336.0000000000003
2020-04-21 14:00:00,338.9000000000003
2020-04-21 15:00:00,330.8000000000003
2020-04-21 16:00:00,331.1000000000003
2020-04-21 17:00:00,327.6000000000003
2020-04-21 18:00:00,334.9000000000003
2020-04-21 19:00:00,332.7000000000003
2020-04-22 05:00:00,344.5000000000003
2020-04-22 13:00:00,341.7000000000003
2020-04-22 14:00:00,344.2000000000003
2020-04-22 15:00:00,344.6000000000003
2020-04-22 16:00:00,341.8000000000003
2020-04-22 17:00:00,342.4000000000003
2020-04-22 18:00:00,343.5000000000003
2020-04-22 19:00:00,344.4000000000003
2020-04-23 05:00:00,355.4000000000003
2020-04-23 13:00:00,353.5000000000003
2020-04-23 14:00:00,360.4000000000003
2020-04-23 15:00:00,361.9000000000003
2020-04-23 16:00:00,353.7000000000003
2020-04-23 17:00:00,355.7000000000003
2020-04-23 18:00:00,357.5000000000003
2020-04-23 19:00:00,355.7000000000003
2020-04-24 05:00:00,355.8000000000003
2020-04-24 13:00:00,361.2000000000003
2020-04-24 14:00:00,357.1000000000003
2020-04-24 15:00:00,353.4000000000003
2020-04-24 16:00:00,352.0000000000003
2020-04-24 17:00:00,354.7000000000003
2020-04-24 19:00:00,356.0000000000003
2020-04-27 05:00:00,363.6000000000003
2020-04-27 12:00:00,354.8000000000003
2020-04-27 13:00:00,350.6000000000003
2020-04-27 14:00:00,353.2000000000003
2020-04-27 15:00:00,356.0000000000003
2020-04-27 16:00:00,358.7000000000003
2020-04-27 17:00:00,359.7000000000003
2020-04-27 18:00:00,365.2000000000003
2020-04-27 19:00:00,363.5000000000003
2020-04-27 20:00:00,362.5000000000003
2020-04-28 05:00:00,372.3000000000003
2020-04-28 13:00:00,372.7000000000003
2020-04-28 14:00:00,373.6000000000003
2020-04-28 15:00:00,369.5000000000003
2020-04-28 16:00:00,369.1000000000003
2020-04-28 17:00:00,370.8000000000003
2020-04-28 18:00:00,373.8000000000003
2020-04-28 19:00:00,372.3000000000003
2020-04-29 05:00:00,401.3000000000003
2020-04-29 12:00:00,384.9000000000003
2020-04-29 13:00:00,387.4000000000003
2020-04-29 14:00:00,395.7000000000003
2020-04-29 15:00:00,391.5000000000003
2020-04-29 16:00:00,395.0000000000003
2020-04-29 17:00:00,392.7000000000003
2020-04-29 18:00:00,395.8000000000003
2020-04-29 19:00:00,401.2000000000003
2020-04-30 05:00:00,390.8000000000003
2020-04-30 07:00:00,409.3000000000003
2020-04-30 13:00:00,400.8000000000003
2020-04-30 14:00:00,394.4000000000003
2020-04-30 15:00:00,390.1000000000003
2020-04-30 16:00:00,389.2000000000003
2020-04-30 17:00:00,386.2000000000003
2020-04-30 18:00:00,390.8000000000003
2020-04-30 19:00:00,390.4000000000003
2020-05-01 05:00:00,366.3000000000003
2020-05-01 11:00:00,377.3000000000003
2020-05-01 12:00:00,382.8000000000003
2020-05-01 13:00:00,371.9000000000003
2020-05-01 14:00:00,374.4000000000003
2020-05-01 15:00:00,364.9000000000003
2020-05-01 16:00:00,367.3000000000003
2020-05-01 17:00:00,366.7000000000003
2020-05-01 18:00:00,366.8000000000003
2020-05-01 19:00:00,367.0000000000003
2020-05-01 20:00:00,371.0000000000003
2020-05-04 05:00:00,380.5000000000003
2020-05-04 12:00:00,360.5000000000003
2020-05-04 13:00:00,365.9000000000003
2020-05-04 14:00:00,371.2000000000003
2020-05-04 15:00:00,368.3000000000003
2020-05-04 16:00:00,371.4000000000003
2020-05-04 17:00:00,368.6000000000003
2020-05-04 18:00:00,371.3000000000003
2020-05-04 19:00:00,380.5000000000003
2020-05-05 05:00:00,381.4000000000003
2020-05-05 11:00:00,391.4000000000003
2020-05-05 12:00:00,395.2000000000003
2020-05-05 13:00:00,392.9000000000003
2020-05-05 14:00:00,389.5000000000003
2020-05-05 15:00:00,388.0000000000003
2020-05-05 16:00:00,389.4000000000003
2020-05-05 17:00:00,387.4000000000003
2020-05-05 18:00:00,385.8000000000003
2020-05-05 19:00:00,381.4000000000003
2020-05-05 20:00:00,379.6000000000003
2020-05-06 05:00:00,370.6000000000003
2020-05-06 12:00:00,380.6000000000003
2020-05-06 13:00:00,377.0000000000003
2020-05-06 14:00:00,376.7000000000003
2020-05-06 15:00:00,372.3000000000003
2020-05-06 16:00:00,374.2000000000003
2020-05-06 17:00:00,374.2000000000003
2020-05-06 18:00:00,374.7000000000003
2020-05-06 19:00:00,370.8000000000003
2020-05-06 20:00:00,370.8000000000003
2020-05-07 05:00:00,380.4000000000003
2020-05-07 13:00:00,386.7000000000003
2020-05-07 14:00:00,381.5000000000003
2020-05-07 16:00:00,386.0000000000003
2020-05-07 18:00:00,379.3000000000003
2020-05-07 19:00:00,380.5000000000003
2020-05-08 05:00:00,398.2000000000003
2020-05-08 11:00:00,383.8000000000003
2020-05-08 12:00:00,386.9000000000003
2020-05-08 13:00:00,389.5000000000003
2020-05-08 14:00:00,390.7000000000003
2020-05-08 15:00:00,391.2000000000003
2020-05-08 16:00:00,391.1000000000003
2020-05-08 17:00:00,393.1000000000003
2020-05-08 19:00:00,398.2000000000003
2020-05-11 05:00:00,391.3000000000003
2020-05-11 13:00:00,391.7000000000003
2020-05-11 14:00:00,390.1000000000003
2020-05-11 15:00:00,390.4000000000003
2020-05-11 16:00:00,393.7000000000003
2020-05-11 18:00:00,391.3000000000003
2020-05-11 19:00:00,391.3000000000003
2020-05-12 05:00:00,384.3000000000003
2020-05-12 13:00:00,389.8000000000003
2020-05-12 14:00:00,388.9000000000003
2020-05-12 15:00:00,391.3000000000003
2020-05-12 16:00:00,393.7000000000003
2020-05-12 17:00:00,389.1000000000003
2020-05-12 18:00:00,389.1000000000003
2020-05-12 19:00:00,384.0000000000003
2020-05-13 05:00:00,366.7000000000003
2020-05-13 13:00:00,371.3000000000003
2020-05-13 14:00:00,368.8000000000003
2020-05-13 15:00:00,365.3000000000003
2020-05-13 16:00:00,369.3000000000003
2020-05-13 17:00:00,366.4000000000003
2020-05-13 18:00:00,366.7000000000003
2020-05-13 19:00:00,366.7000000000003
2020-05-14 05:00:00,369.9000000000003
2020-05-14 11:00:00,364.9000000000003
2020-05-14 12:00:00,360.6000000000003
2020-05-14 13:00:00,353.7000000000003
2020-05-14 14:00:00,369.9000000000003
2020-05-14 15:00:00,366.2000000000003
2020-05-14 16:00:00,370.7000000000003
2020-05-14 17:00:00,369.5000000000003
2020-05-14 18:00:00,369.0000000000003
2020-05-14 19:00:00,370.1000000000003
2020-05-15 05:00:00,368.7000000000003
2020-05-15 13:00:00,372.8000000000003
2020-05-15 14:00:00,374.9000000000003
2020-05-15 15:00:00,372.4000000000003
2020-05-15 16:00:00,373.4000000000003
2020-05-15 17:00:00,371.5000000000003
2020-05-15 18:00:00,373.7000000000003
2020-05-15 19:00:00,368.9000000000003
2020-05-15 20:00:00,368.9000000000003
2020-05-18 05:00:00,400.1000000000003
2020-05-18 13:00:00,393.5000000000003
2020-05-18 14:00:00,394.9000000000003
2020-05-18 15:00:00,398.0000000000003
2020-05-18 16:00:00,396.8000000000003
2020-05-18 17:00:00,396.6000000000003
2020-05-18 18:00:00,399.1000000000003
2020-05-18 19:00:00,399.9000000000003
2020-05-19 05:00:00,388.1000000000003
2020-05-19 13:00:00,391.2000000000003
2020-05-19 14:00:00,393.7000000000003
2020-05-19 15:00:00,394.7000000000003
2020-05-19 16:00:00,392.9000000000003
2020-05-19 17:00:00,393.9000000000003
2020-05-19 18:00:00,393.4000000000003
2020-05-19 19:00:00,387.9000000000003
2020-05-20 05:00:00,403.2000000000003
2020-05-20 13:00:00,399.7000000000003
2020-05-20 14:00:00,402.6000000000003
2020-05-20 15:00:00,401.4000000000003
2020-05-20 16:00:00,401.1000000000003
2020-05-20 17:00:00,400.0000000000003
2020-05-20 18:00:00,404.0000000000003
2020-05-20 19:00:00,403.9000000000003
2020-05-20 20:00:00,403.5000000000003
2020-05-21 05:00:00,397.7000000000003
2020-05-21 12:00:00,403.7000000000003
2020-05-21 13:00:00,401.6000000000003
2020-05-21 14:00:00,400.2000000000003
2020-05-21 15:00:00,397.2000000000003
2020-05-21 16:00:00,398.8000000000003
2020-05-21 17:00:00,397.2000000000003
2020-05-21 18:00:00,398.0000000000003
2020-05-21 19:00:00,397.6000000000003
2020-05-22 05:00:00,394.9000000000003
2020-05-22 13:00:00,388.7000000000003
2020-05-22 14:00:00,389.3000000000003
2020-05-22 15:00:00,390.3000000000003
2020-05-22 16:00:00,391.5000000000003
2020-05-22 17:00:00,391.2000000000003
2020-05-22 18:00:00,392.2000000000003
2020-05-22 19:00:00,394.9000000000003
2020-05-26 05:00:00,405.9000000000003
2020-05-26 13:00:00,405.9000000000003
2020-05-26 14:00:00,408.8000000000003
2020-05-26 15:00:00,406.0000000000003
2020-05-26 16:00:00,405.2000000000003
2020-05-26 17:00:00,407.7000000000003
2020-05-26 18:00:00,409.5000000000003
2020-05-26 19:00:00,405.4000000000003
2020-05-27 05:00:00,410.9000000000003
2020-05-27 13:00:00,409.6000000000003
2020-05-27 14:00:00,401.6000000000003
2020-05-27 15:00:00,404.6000000000003
2020-05-27 16:00:00,407.9000000000003
2020-05-27 17:00:00,406.4000000000003
2020-05-27 18:00:00,408.9000000000003
2020-05-27 19:00:00,410.9000000000003
2020-05-28 05:00:00,399.5000000000003
2020-05-28 12:00:00,411.6000000000003
2020-05-28 13:00:00,405.2000000000003
2020-05-28 14:00:00,405.8000000000003
2020-05-28 15:00:00,407.0000000000003
2020-05-28 16:00:00,408.5000000000003
2020-05-28 17:00:00,407.5000000000003
2020-05-28 18:00:00,405.2000000000003
2020-05-28 19:00:00,399.5000000000003
2020-05-29 05:00:00,397.9000000000003
2020-05-29 13:00:00,394.7000000000003
2020-05-29 14:00:00,391.8000000000003
2020-05-29 15:00:00,394.6000000000003
2020-05-29 16:00:00,389.2000000000003
2020-05-29 17:00:00,392.5000000000003
2020-05-29 18:00:00,392.3000000000003
2020-05-29 19:00:00,398.2000000000003
2020-06-01 05:00:00,405.1000000000003
2020-06-01 11:00:00,397.2000000000003
2020-06-01 12:00:00,400.5000000000003
2020-06-01 13:00:00,391.9000000000003
2020-06-01 14:00:00,401.8000000000003
2020-06-01 17:00:00,405.7000000000003
2020-06-01 18:00:00,404.0000000000003
2020-06-01 19:00:00,404.9000000000003
2020-06-02 05:00:00,416.1000000000003
2020-06-02 13:00:00,412.5000000000003
2020-06-02 14:00:00,414.1000000000003
2020-06-02 15:00:00,414.8000000000003
2020-06-02 16:00:00,414.9000000000003
2020-06-02 17:00:00,414.3000000000003
2020-06-02 18:00:00,413.1000000000003
2020-06-02 19:00:00,416.1000000000003
2020-06-03 05:00:00,428.7000000000003
2020-06-03 13:00:00,423.5000000000003
2020-06-03 14:00:00,423.3000000000003
2020-06-03 15:00:00,425.2000000000003
2020-06-03 16:00:00,424.5000000000003
2020-06-03 17:00:00,425.7000000000003
2020-06-03 18:00:00,429.1000000000003
2020-06-03 19:00:00,429.1000000000003
2020-06-04 05:00:00,428.5000000000003
2020-06-04 13:00:00,422.8000000000003
2020-06-04 14:00:00,426.3000000000003
2020-06-04 15:00:00,427.9000000000003
2020-06-04 16:00:00,425.2000000000003
2020-06-04 17:00:00,426.7000000000003
2020-06-04 18:00:00,429.4000000000003
2020-06-04 19:00:00,428.7000000000003
2020-06-05 05:00:00,461.2000000000003
2020-06-05 13:00:00,455.2000000000003
2020-06-05 14:00:00,457.1000000000003
2020-06-05 15:00:00,464.1000000000003
2020-06-05 16:00:00,461.0000000000003
2020-06-05 17:00:00,461.4000000000003
2020-06-05 18:00:00,460.1000000000003
2020-06-05 19:00:00,461.1000000000003
2020-06-08 05:00:00,482.3000000000003
2020-06-08 13:00:00,479.7000000000003
2020-06-08 14:00:00,473.1000000000003
2020-06-08 15:00:00,473.1000000000003
2020-06-08 16:00:00,475.5000000000003
2020-06-08 17:00:00,475.8000000000003
2020-06-08 18:00:00,475.9000000000003
2020-06-08 19:00:00,482.3000000000003
2020-06-09 05:00:00,464.2000000000003
2020-06-09 08:00:00,465.8000000000003
2020-06-09 13:00:00,462.1000000000003
2020-06-09 14:00:00,466.3000000000003
2020-06-09 15:00:00,464.1000000000003
2020-06-09 16:00:00,462.5000000000003
2020-06-09 17:00:00,467.0000000000003
2020-06-09 18:00:00,465.8000000000003
2020-06-09 19:00:00,464.7000000000003
2020-06-09 20:00:00,464.5000000000003
2020-06-10 05:00:00,440.7000000000003
2020-06-10 13:00:00,448.2000000000003
2020-06-10 14:00:00,443.8000000000003
2020-06-10 15:00:00,450.8000000000003
2020-06-10 16:00:00,448.0000000000003
2020-06-10 17:00:00,449.4000000000003
2020-06-10 18:00:00,446.9000000000003
2020-06-10 19:00:00,440.7000000000003
2020-06-11 05:00:00,398.3000000000003
2020-06-11 14:00:00,416.6000000000003
2020-06-11 16:00:00,409.1000000000003
2020-06-12 05:00:00,408.4000000000003
2020-06-12 13:00:00,411.70000000000033
2020-06-12 14:00:00,408.1000000000003
2020-06-12 15:00:00,398.6000000000003
2020-06-12 16:00:00,403.9000000000003
2020-06-12 17:00:00,400.8000000000003
2020-06-12 18:00:00,401.0000000000003
2020-06-12 19:00:00,409.1000000000003
2020-06-15 05:00:00,409.20000000000033
2020-06-15 13:00:00,389.70000000000033
2020-06-15 15:00:00,400.3000000000003
2020-06-15 16:00:00,407.1000000000003
2020-06-15 17:00:00,405.3000000000003
2020-06-15 18:00:00,411.3000000000003
2020-06-15 19:00:00,409.20000000000033
2020-06-16 05:00:00,420.70000000000033
2020-06-16 13:00:00,422.1000000000003
2020-06-16 14:00:00,415.9000000000003
2020-06-16 15:00:00,420.8000000000003
2020-06-16 17:00:00,419.3000000000003
2020-06-16 18:00:00,422.70000000000033
2020-06-16 19:00:00,421.20000000000033
2020-06-17 05:00:00,406.70000000000033
2020-06-17 13:00:00,413.8000000000003
2020-06-17 14:00:00,414.5000000000003
2020-06-17 15:00:00,412.6000000000003
2020-06-17 16:00:00,412.20000000000033
2020-06-17 17:00:00,413.1000000000003
2020-06-17 18:00:00,411.20000000000033
2020-06-17 19:00:00,406.6000000000003
2020-06-18 05:00:00,412.4000000000003
2020-06-18 12:00:00,405.8000000000003
2020-06-18 13:00:00,407.1000000000003
2020-06-18 14:00:00,415.1000000000003
2020-06-18 15:00:00,412.4000000000003
2020-06-18 16:00:00,412.3000000000003
2020-06-18 17:00:00,412.5000000000003
2020-06-18 18:00:00,411.5000000000003
2020-06-18 19:00:00,412.5000000000003
2020-06-19 05:00:00,406.0000000000003
2020-06-19 12:00:00,421.9000000000003
2020-06-19 13:00:00,421.1000000000003
2020-06-19 14:00:00,417.9000000000003
2020-06-19 15:00:00,416.6000000000003
2020-06-19 16:00:00,414.3000000000003
2020-06-19 17:00:00,409.3000000000003
2020-06-19 18:00:00,411.0000000000003
2020-06-19 19:00:00,405.5000000000003
2020-06-22 05:00:00,407.6000000000003
2020-06-22 13:00:00,402.6000000000003
2020-06-22 14:00:00,404.6000000000003
2020-06-22 15:00:00,403.1000000000003
2020-06-22 16:00:00,407.8000000000003
2020-06-22 17:00:00,407.70000000000033
2020-06-22 18:00:00,406.6000000000003
2020-06-22 19:00:00,407.6000000000003
2020-06-23 05:00:00,407.8000000000003
2020-06-23 13:00:00,410.1000000000003
2020-06-23 14:00:00,410.4000000000003
2020-06-23 15:00:00,412.3000000000003
2020-06-23 16:00:00,411.9000000000003
2020-06-23 17:00:00,410.0000000000003
2020-06-23 18:00:00,409.9000000000003
2020-06-23 19:00:00,407.70000000000033
2020-06-24 05:00:00,385.20000000000033
2020-06-24 13:00:00,396.9000000000003
2020-06-24 14:00:00,394.4000000000003
2020-06-24 15:00:00,385.0000000000003
2020-06-24 16:00:00,388.6000000000003
2020-06-24 17:00:00,387.3000000000003
2020-06-24 18:00:00,387.5000000000003
2020-06-24 19:00:00,385.20000000000033
2020-06-25 05:00:00,392.5000000000003
2020-06-25 13:00:00,387.9000000000003
2020-06-25 14:00:00,391.70000000000033
2020-06-25 15:00:00,385.3000000000003
2020-06-25 16:00:00,388.1000000000003
2020-06-25 17:00:00,387.1000000000003
2020-06-25 18:00:00,385.5000000000003
2020-06-25 19:00:00,392.4000000000003
2020-06-26 05:00:00,378.4000000000003
2020-06-26 13:00:00,384.1000000000003
2020-06-26 14:00:00,378.6000000000003
2020-06-26 15:00:00,379.8000000000003
2020-06-26 16:00:00,380.1000000000003
2020-06-26 17:00:00,382.20000000000033
2020-06-26 18:00:00,377.1000000000003
2020-06-26 19:00:00,378.20000000000033
2020-06-29 05:00:00,384.0000000000003
2020-06-29 13:00:00,382.1000000000003
2020-06-29 14:00:00,384.9000000000003
2020-06-29 15:00:00,381.6000000000003
2020-06-29 16:00:00,385.6000000000003
2020-06-29 17:00:00,385.3000000000003
2020-06-29 18:00:00,382.20000000000033
2020-06-29 19:00:00,384.20000000000033
2020-06-30 05:00:00,393.4000000000003
2020-06-30 13:00:00,377.6000000000003
2020-06-30 14:00:00,385.1000000000003
2020-06-30 15:00:00,384.6000000000003
2020-06-30 16:00:00,384.70000000000033
2020-06-30 17:00:00,387.0000000000003
2020-06-30 18:00:00,390.1000000000003
2020-06-30 19:00:00,392.8000000000003
2020-07-01 05:00:00,383.1000000000003
2020-07-01 12:00:00,392.3000000000003
2020-07-01 13:00:00,397.5000000000003
2020-07-01 14:00:00,390.8000000000003
2020-07-01 15:00:00,386.4000000000003
2020-07-01 16:00:00,385.8000000000003
2020-07-01 17:00:00,384.3000000000003
2020-07-01 18:00:00,383.8000000000003
2020-07-01 19:00:00,383.4000000000003
2020-07-01 20:00:00,381.70000000000033
2020-07-02 05:00:00,387.20000000000033
2020-07-02 13:00:00,394.6000000000003
2020-07-02 14:00:00,388.3000000000003
2020-07-02 15:00:00,389.5000000000003
2020-07-02 16:00:00,390.3000000000003
2020-07-02 17:00:00,391.1000000000003
2020-07-02 18:00:00,390.9000000000003
2020-07-02 19:00:00,387.20000000000033
2020-07-06 05:00:00,389.0000000000003
2020-07-06 13:00:00,396.4000000000003
2020-07-06 14:00:00,387.70000000000033
2020-07-06 15:00:00,384.9000000000003
2020-07-06 16:00:00,385.70000000000033
2020-07-06 17:00:00,387.3000000000003
2020-07-06 18:00:00,386.20000000000033
2020-07-06 19:00:00,388.70000000000033
2020-07-07 05:00:00,375.8000000000003
2020-07-07 13:00:00,380.8000000000003
2020-07-07 14:00:00,382.0000000000003
2020-07-07 15:00:00,382.8000000000003
2020-07-07 16:00:00,382.1000000000003
2020-07-07 17:00:00,382.20000000000033
2020-07-07 18:00:00,380.0000000000003
2020-07-07 19:00:00,376.0000000000003
2020-07-08 05:00:00,375.4000000000003
2020-07-08 13:00:00,380.6000000000003
2020-07-08 14:00:00,377.9000000000003
2020-07-08 15:00:00,374.5000000000003
2020-07-08 16:00:00,376.1000000000003
2020-07-08 17:00:00,374.1000000000003
2020-07-08 18:00:00,374.9000000000003
2020-07-08 19:00:00,375.3000000000003
2020-07-09 05:00:00,357.0000000000003
2020-07-09 13:00:00,369.9000000000003
2020-07-09 14:00:00,361.70000000000033
2020-07-09 15:00:00,360.5000000000003
2020-07-09 16:00:00,360.9000000000003
2020-07-09 17:00:00,359.8000000000003
2020-07-09 18:00:00,359.8000000000003
2020-07-09 19:00:00,357.0000000000003
2020-07-10 05:00:00,368.9000000000003
2020-07-10 13:00:00,362.5000000000003
2020-07-10 14:00:00,364.5000000000003
2020-07-10 15:00:00,364.4000000000003
2020-07-10 16:00:00,363.3000000000003
2020-07-10 17:00:00,364.0000000000003
2020-07-10 18:00:00,364.5000000000003
2020-07-10 19:00:00,368.8000000000003
2020-07-13 05:00:00,366.3000000000003
2020-07-13 08:00:00,371.70000000000033
2020-07-13 13:00:00,365.1000000000003
2020-07-13 14:00:00,368.8000000000003
2020-07-13 15:00:00,367.1000000000003
2020-07-13 16:00:00,367.20000000000033
2020-07-13 17:00:00,373.4000000000003
2020-07-13 18:00:00,372.9000000000003
2020-07-13 19:00:00,366.20000000000033
2020-07-14 05:00:00,379.70000000000033
2020-07-14 13:00:00,370.20000000000033
2020-07-14 14:00:00,373.3000000000003
2020-07-14 15:00:00,378.1000000000003
2020-07-14 16:00:00,375.5000000000003
2020-07-14 17:00:00,375.6000000000003
2020-07-14 18:00:00,376.6000000000003
2020-07-14 19:00:00,379.8000000000003
2020-07-15 05:00:00,388.0000000000003
2020-07-15 13:00:00,385.8000000000003
2020-07-15 14:00:00,388.20000000000033
2020-07-15 15:00:00,382.8000000000003
2020-07-15 16:00:00,385.6000000000003
2020-07-15 17:00:00,385.70000000000033
2020-07-15 18:00:00,386.1000000000003
2020-07-15 19:00:00,387.70000000000033
2020-07-16 05:00:00,386.3000000000003
2020-07-16 13:00:00,383.70000000000033
2020-07-16 14:00:00,387.20000000000033
2020-07-16 15:00:00,389.70000000000033
2020-07-16 16:00:00,387.8000000000003
2020-07-16 17:00:00,387.3000000000003
2020-07-16 18:00:00,383.6000000000003
2020-07-16 19:00:00,386.3000000000003
2020-07-17 05:00:00,380.70000000000033
2020-07-17 13:00:00,390.1000000000003
2020-07-17 14:00:00,384.20000000000033
2020-07-17 15:00:00,382.9000000000003
2020-07-17 16:00:00,382.3000000000003
2020-07-17 17:00:00,381.20000000000033
2020-07-17 18:00:00,379.6000000000003
2020-07-17 19:00:00,380.8000000000003
2020-07-20 05:00:00,374.4000000000003
2020-07-20 13:00:00,375.20000000000033
2020-07-20 14:00:00,379.9000000000003
2020-07-20 15:00:00,380.4000000000003
2020-07-20 16:00:00,378.4000000000003
2020-07-20 17:00:00,377.4000000000003
2020-07-20 18:00:00,375.20000000000033
2020-07-20 19:00:00,374.1000000000003
2020-07-21 05:00:00,397.0000000000003
2020-07-21 13:00:00,391.4000000000003
2020-07-21 14:00:00,395.9000000000003
2020-07-21 15:00:00,398.70000000000033
2020-07-21 16:00:00,398.6000000000003
2020-07-21 17:00:00,397.8000000000003
2020-07-21 18:00:00,398.70000000000033
2020-07-21 19:00:00,397.0000000000003
2020-07-21 20:00:00,398.0000000000003
2020-07-22 05:00:00,392.5000000000003
2020-07-22 13:00:00,389.9000000000003
2020-07-22 14:00:00,391.3000000000003
2020-07-22 15:00:00,391.0000000000003
2020-07-22 16:00:00,390.1000000000003
2020-07-22 17:00:00,390.6000000000003
2020-07-22 18:00:00,392.6000000000003
2020-07-22 19:00:00,392.3000000000003
2020-07-23 05:00:00,391.70000000000033
2020-07-23 13:00:00,389.3000000000003
2020-07-23 14:00:00,388.0000000000003
2020-07-23 15:00:00,389.4000000000003
2020-07-23 16:00:00,391.6000000000003
2020-07-23 17:00:00,391.3000000000003
2020-07-23 18:00:00,388.1000000000003
2020-07-23 19:00:00,391.70000000000033
2020-07-24 05:00:00,389.20000000000033
2020-07-24 13:00:00,393.8000000000003
2020-07-24 14:00:00,392.70000000000033
2020-07-24 15:00:00,390.0000000000003
2020-07-24 16:00:00,390.4000000000003
2020-07-24 17:00:00,389.3000000000003
2020-07-24 18:00:00,391.0000000000003
2020-07-24 19:00:00,389.1000000000003
2020-07-27 05:00:00,389.70000000000033
2020-07-27 13:00:00,387.0000000000003
2020-07-27 14:00:00,389.5000000000003
2020-07-27 15:00:00,385.6000000000003
2020-07-27 16:00:00,386.70000000000033
2020-07-27 17:00:00,387.5000000000003
2020-07-27 18:00:00,387.5000000000003
2020-07-27 19:00:00,389.6000000000003
2020-07-28 05:00:00,382.6000000000003
2020-07-28 13:00:00,385.6000000000003
2020-07-28 14:00:00,386.1000000000003
2020-07-28 15:00:00,385.9000000000003
2020-07-28 16:00:00,384.20000000000033
2020-07-28 17:00:00,384.0000000000003
2020-07-28 18:00:00,384.8000000000003
2020-07-28 19:00:00,382.4000000000003
2020-07-29 05:00:00,391.1000000000003
2020-07-29 13:00:00,384.4000000000003
2020-07-29 14:00:00,385.0000000000003
2020-07-29 15:00:00,384.4000000000003
2020-07-29 16:00:00,387.5000000000003
2020-07-29 17:00:00,386.3000000000003
2020-07-29 18:00:00,388.5000000000003
2020-07-29 19:00:00,391.20000000000033
2020-07-30 05:00:00,375.5000000000003
2020-07-30 13:00:00,374.5000000000003
2020-07-30 14:00:00,374.0000000000003
2020-07-30 15:00:00,375.70000000000033
2020-07-30 16:00:00,376.5000000000003
2020-07-30 17:00:00,375.0000000000003
2020-07-30 18:00:00,375.8000000000003
2020-07-30 19:00:00,375.5000000000003
2020-07-31 05:00:00,373.4000000000003
2020-07-31 13:00:00,371.0000000000003
2020-07-31 14:00:00,366.20000000000033
2020-07-31 15:00:00,367.0000000000003
2020-07-31 16:00:00,367.9000000000003
2020-07-31 17:00:00,369.1000000000003
2020-07-31 18:00:00,369.1000000000003
2020-07-31 19:00:00,373.4000000000003
2020-08-03 05:00:00,374.9000000000003
2020-08-03 13:00:00,372.0000000000003
2020-08-03 14:00:00,373.6000000000003
2020-08-03 15:00:00,372.6000000000003
2020-08-03 16:00:00,373.70000000000033
2020-08-03 17:00:00,376.70000000000033
2020-08-03 18:00:00,376.0000000000003
2020-08-03 19:00:00,374.8000000000003
2020-08-04 05:00:00,383.70000000000033
2020-08-04 13:00:00,376.9000000000003
2020-08-04 14:00:00,380.8000000000003
2020-08-04 15:00:00,381.9000000000003
2020-08-04 16:00:00,382.5000000000003
2020-08-04 17:00:00,384.0000000000003
2020-08-04 18:00:00,382.6000000000003
2020-08-04 19:00:00,383.70000000000033
2020-08-05 05:00:00,387.9000000000003
2020-08-05 12:00:00,391.5000000000003
2020-08-05 13:00:00,388.6000000000003
2020-08-05 14:00:00,391.4000000000003
2020-08-05 15:00:00,389.9000000000003
2020-08-05 16:00:00,388.70000000000033
2020-08-05 17:00:00,387.20000000000033
2020-08-05 18:00:00,385.4000000000003
2020-08-05 19:00:00,387.9000000000003
2020-08-06 05:00:00,385.20000000000033
2020-08-06 12:00:00,387.5000000000003
2020-08-06 13:00:00,388.6000000000003
2020-08-06 14:00:00,386.70000000000033
2020-08-06 15:00:00,385.1000000000003
2020-08-06 16:00:00,384.5000000000003
2020-08-06 17:00:00,385.20000000000033
2020-08-06 18:00:00,384.8000000000003
2020-08-06 19:00:00,385.20000000000033
2020-08-07 05:00:00,385.5000000000003
2020-08-07 13:00:00,378.8000000000003
2020-08-07 14:00:00,380.20000000000033
2020-08-07 15:00:00,378.9000000000003
2020-08-07 16:00:00,381.20000000000033
2020-08-07 17:00:00,382.4000000000003
2020-08-07 18:00:00,382.8000000000003
2020-08-07 19:00:00,385.5000000000003
2020-08-10 05:00:00,397.3000000000003
2020-08-10 13:00:00,388.4000000000003
2020-08-10 14:00:00,393.6000000000003
2020-08-10 15:00:00,394.1000000000003
2020-08-10 16:00:00,394.1000000000003
2020-08-10 17:00:00,394.70000000000033
2020-08-10 18:00:00,395.8000000000003
2020-08-10 19:00:00,397.20000000000033
2020-08-10 20:00:00,397.5000000000003
2020-08-11 05:00:00,395.9000000000003
2020-08-11 13:00:00,406.8000000000003
2020-08-11 14:00:00,405.20000000000033
2020-08-11 15:00:00,405.70000000000033
2020-08-11 16:00:00,404.5000000000003
2020-08-11 17:00:00,403.8000000000003
2020-08-11 18:00:00,402.20000000000033
2020-08-11 19:00:00,395.6000000000003
2020-08-12 05:00:00,400.3000000000003
2020-08-12 12:00:00,403.4000000000003
2020-08-12 13:00:00,400.70000000000033
2020-08-12 14:00:00,400.70000000000033
2020-08-12 15:00:00,397.8000000000003
2020-08-12 16:00:00,398.6000000000003
2020-08-12 17:00:00,398.6000000000003
2020-08-12 18:00:00,398.9000000000003
2020-08-12 19:00:00,400.4000000000003
2020-08-13 05:00:00,392.3000000000003
2020-08-13 13:00:00,395.9000000000003
2020-08-13 14:00:00,397.3000000000003
2020-08-13 15:00:00,395.70000000000033
2020-08-13 16:00:00,395.70000000000033
2020-08-13 17:00:00,393.6000000000003
2020-08-13 18:00:00,392.0000000000003
2020-08-13 19:00:00,392.4000000000003
2020-08-14 05:00:00,396.20000000000033
2020-08-14 13:00:00,392.70000000000033
2020-08-14 14:00:00,393.8000000000003
2020-08-14 15:00:00,394.70000000000033
2020-08-14 16:00:00,395.70000000000033
2020-08-14 17:00:00,396.0000000000003
2020-08-14 18:00:00,396.1000000000003
2020-08-14 19:00:00,395.9000000000003
2020-08-17 05:00:00,393.9000000000003
2020-08-17 13:00:00,393.20000000000033
2020-08-17 14:00:00,394.9000000000003
2020-08-17 15:00:00,393.20000000000033
2020-08-17 16:00:00,393.70000000000033
2020-08-17 17:00:00,392.4000000000003
2020-08-17 18:00:00,393.1000000000003
2020-08-17 19:00:00,394.1000000000003
2020-08-18 05:00:00,388.5000000000003
2020-08-18 13:00:00,394.1000000000003
2020-08-18 14:00:00,391.4000000000003
2020-08-18 15:00:00,390.20000000000033
2020-08-18 16:00:00,390.0000000000003
2020-08-18 17:00:00,389.20000000000033
2020-08-18 18:00:00,388.6000000000003
2020-08-18 19:00:00,388.70000000000033
2020-08-19 05:00:00,384.20000000000033
2020-08-19 13:00:00,389.4000000000003
2020-08-19 14:00:00,386.5000000000003
2020-08-19 15:00:00,388.70000000000033
2020-08-19 16:00:00,387.0000000000003
2020-08-19 17:00:00,386.6000000000003
2020-08-19 18:00:00,386.20000000000033
2020-08-19 19:00:00,384.4000000000003
2020-08-20 05:00:00,376.0000000000003
2020-08-20 13:00:00,376.8000000000003
2020-08-20 14:00:00,377.4000000000003
2020-08-20 15:00:00,378.1000000000003
2020-08-20 16:00:00,378.4000000000003
2020-08-20 17:00:00,376.8000000000003
2020-08-20 18:00:00,377.9000000000003
2020-08-20 19:00:00,375.9000000000003
2020-08-21 05:00:00,373.4000000000003
2020-08-21 13:00:00,373.8000000000003
2020-08-21 14:00:00,373.4000000000003
2020-08-21 15:00:00,370.0000000000003
2020-08-21 16:00:00,371.5000000000003
2020-08-21 17:00:00,373.0000000000003
2020-08-21 18:00:00,372.4000000000003
2020-08-21 19:00:00,372.9000000000003
2020-08-24 05:00:00,383.70000000000033
2020-08-24 10:00:00,379.6000000000003
2020-08-24 13:00:00,377.0000000000003
2020-08-24 14:00:00,383.3000000000003
2020-08-24 15:00:00,383.4000000000003
2020-08-24 16:00:00,381.20000000000033
2020-08-24 17:00:00,381.3000000000003
2020-08-24 18:00:00,381.9000000000003
2020-08-24 19:00:00,383.9000000000003
2020-08-25 05:00:00,378.70000000000033
2020-08-25 13:00:00,383.4000000000003
2020-08-25 14:00:00,377.70000000000033
2020-08-25 15:00:00,376.9000000000003
2020-08-25 16:00:00,378.1000000000003
2020-08-25 17:00:00,378.3000000000003
2020-08-25 18:00:00,377.70000000000033
2020-08-25 19:00:00,378.70000000000033
2020-08-26 05:00:00,370.20000000000033
2020-08-26 13:00:00,376.0000000000003
2020-08-26 14:00:00,373.1000000000003
2020-08-26 15:00:00,372.70000000000033
2020-08-26 16:00:00,373.5000000000003
2020-08-26 17:00:00,372.6000000000003
2020-08-26 18:00:00,370.9000000000003
2020-08-26 19:00:00,370.1000000000003
2020-08-27 05:00:00,371.1000000000003
2020-08-27 13:00:00,370.70000000000033
2020-08-27 14:00:00,369.9000000000003
2020-08-27 15:00:00,369.70000000000033
2020-08-27 16:00:00,366.5000000000003
2020-08-27 17:00:00,367.6000000000003
2020-08-27 18:00:00,369.70000000000033
2020-08-27 19:00:00,371.1000000000003
2020-08-28 05:00:00,378.3000000000003
2020-08-28 13:00:00,373.3000000000003
2020-08-28 14:00:00,372.4000000000003
2020-08-28 15:00:00,373.5000000000003
2020-08-28 16:00:00,375.4000000000003
2020-08-28 17:00:00,375.8000000000003
2020-08-28 18:00:00,377.9000000000003
2020-08-28 19:00:00,377.9000000000003
2020-08-28 20:00:00,377.8000000000003
2020-08-31 05:00:00,369.9000000000003
2020-08-31 13:00:00,371.70000000000033
2020-08-31 14:00:00,373.6000000000003
2020-08-31 15:00:00,372.4000000000003
2020-08-31 16:00:00,370.70000000000033
2020-08-31 17:00:00,370.6000000000003
2020-08-31 18:00:00,370.70000000000033
2020-08-31 19:00:00,369.9000000000003
2020-09-01 05:00:00,366.70000000000033
2020-09-01 13:00:00,367.0000000000003
2020-09-01 14:00:00,367.4000000000003
2020-09-01 15:00:00,367.20000000000033
2020-09-01 16:00:00,366.1000000000003
2020-09-01 17:00:00,366.4000000000003
2020-09-01 18:00:00,365.9000000000003
2020-09-01 19:00:00,366.70000000000033
2020-09-01 20:00:00,367.5000000000003
2020-09-02 05:00:00,365.3000000000003
2020-09-02 13:00:00,365.5000000000003
2020-09-02 14:00:00,367.1000000000003
2020-09-02 15:00:00,365.70000000000033
2020-09-02 16:00:00,365.4000000000003
2020-09-02 17:00:00,365.70000000000033
2020-09-02 18:00:00,364.8000000000003
2020-09-02 19:00:00,365.0000000000003
2020-09-03 05:00:00,362.4000000000003
2020-09-03 13:00:00,371.5000000000003
2020-09-03 14:00:00,367.9000000000003
2020-09-03 15:00:00,366.0000000000003
2020-09-03 16:00:00,365.8000000000003
2020-09-03 17:00:00,364.1000000000003
2020-09-03 18:00:00,361.5000000000003
2020-09-03 19:00:00,362.6000000000003
2020-09-04 05:00:00,361.4000000000003
2020-09-04 08:00:00,366.1000000000003
2020-09-04 10:00:00,368.0000000000003
2020-09-04 13:00:00,364.8000000000003
2020-09-04 14:00:00,360.6000000000003
2020-09-04 15:00:00,358.20000000000033
2020-09-04 16:00:00,361.0000000000003
2020-09-04 17:00:00,359.70000000000033
2020-09-04 18:00:00,361.70000000000033
2020-09-04 19:00:00,361.4000000000003
2020-09-07 13:00:00,361.6000000000003
2020-09-07 14:00:00,364.8000000000003
2020-09-08 05:00:00,347.6000000000003
2020-09-08 13:00:00,346.4000000000003
2020-09-08 14:00:00,345.4000000000003
2020-09-08 15:00:00,347.6000000000003
2020-09-08 16:00:00,351.4000000000003
2020-09-08 17:00:00,351.8000000000003
2020-09-08 18:00:00,348.4000000000003
2020-09-08 19:00:00,347.8000000000003
2020-09-09 05:00:00,349.6000000000003
2020-09-09 13:00:00,352.70000000000033
2020-09-09 14:00:00,349.8000000000003
2020-09-09 15:00:00,351.4000000000003
2020-09-09 16:00:00,349.1000000000003
2020-09-09 17:00:00,352.0000000000003
2020-09-09 18:00:00,352.20000000000033
2020-09-09 19:00:00,349.5000000000003
2020-09-10 05:00:00,337.4000000000003
2020-09-10 13:00:00,349.5000000000003
2020-09-10 14:00:00,345.8000000000003
2020-09-10 15:00:00,345.9000000000003
2020-09-10 16:00:00,342.9000000000003
2020-09-10 17:00:00,341.6000000000003
2020-09-10 18:00:00,340.3000000000003
2020-09-10 19:00:00,337.3000000000003
2020-09-11 05:00:00,338.0000000000003
2020-09-11 13:00:00,336.9000000000003
2020-09-11 14:00:00,339.8000000000003
2020-09-11 15:00:00,338.1000000000003
2020-09-11 16:00:00,338.70000000000033
2020-09-11 17:00:00,336.0000000000003
2020-09-11 18:00:00,338.4000000000003
2020-09-11 19:00:00,338.0000000000003
2020-09-14 05:00:00,341.1000000000003
2020-09-14 13:00:00,338.9000000000003
2020-09-14 14:00:00,338.5000000000003
2020-09-14 15:00:00,340.6000000000003
2020-09-14 16:00:00,343.20000000000033
2020-09-14 17:00:00,343.6000000000003
2020-09-14 18:00:00,342.3000000000003
2020-09-14 19:00:00,340.9000000000003
2020-09-15 05:00:00,338.1000000000003
2020-09-15 13:00:00,341.3000000000003
2020-09-15 14:00:00,343.8000000000003
2020-09-15 15:00:00,342.9000000000003
2020-09-15 16:00:00,342.1000000000003
2020-09-15 17:00:00,341.1000000000003
2020-09-15 18:00:00,339.9000000000003
2020-09-15 19:00:00,337.9000000000003
2020-09-16 05:00:00,351.6000000000003
2020-09-16 13:00:00,339.9000000000003
2020-09-16 14:00:00,345.1000000000003
2020-09-16 15:00:00,349.0000000000003
2020-09-16 16:00:00,351.4000000000003
2020-09-16 17:00:00,351.4000000000003
2020-09-16 18:00:00,355.20000000000033
2020-09-16 19:00:00,351.0000000000003
2020-09-17 05:00:00,352.3000000000003
2020-09-17 13:00:00,346.8000000000003
2020-09-17 14:00:00,350.1000000000003
2020-09-17 15:00:00,349.9000000000003
2020-09-17 16:00:00,349.5000000000003
2020-09-17 17:00:00,349.5000000000003
2020-09-17 18:00:00,350.20000000000033
2020-09-17 19:00:00,352.4000000000003
2020-09-18 05:00:00,348.3000000000003
2020-09-18 13:00:00,346.8000000000003
2020-09-18 14:00:00,349.3000000000003
2020-09-18 15:00:00,351.20000000000033
2020-09-18 16:00:00,349.1000000000003
2020-09-18 17:00:00,346.0000000000003
2020-09-18 18:00:00,346.1000000000003
2020-09-18 19:00:00,348.5000000000003
2020-09-21 05:00:00,336.6000000000003
2020-09-21 13:00:00,335.70000000000033
2020-09-21 14:00:00,332.1000000000003
2020-09-21 15:00:00,334.1000000000003
2020-09-21 16:00:00,333.9000000000003
2020-09-21 17:00:00,333.9000000000003
2020-09-21 18:00:00,332.9000000000003
2020-09-21 19:00:00,336.6000000000003
2020-09-22 05:00:00,333.1000000000003
2020-09-22 12:00:00,335.8000000000003
2020-09-22 13:00:00,337.6000000000003
2020-09-22 14:00:00,334.70000000000033
2020-09-22 15:00:00,335.6000000000003
2020-09-22 16:00:00,333.1000000000003
2020-09-22 17:00:00,334.0000000000003
2020-09-22 18:00:00,334.70000000000033
2020-09-22 19:00:00,333.0000000000003
2020-09-22 22:00:00,339.5000000000003
2020-09-23 05:00:00,317.6000000000003
2020-09-23 13:00:00,331.20000000000033
2020-09-23 14:00:00,329.4000000000003
2020-09-23 15:00:00,326.5000000000003
2020-09-23 16:00:00,327.3000000000003
2020-09-23 17:00:00,326.4000000000003
2020-09-23 18:00:00,320.8000000000003
2020-09-23 19:00:00,317.6000000000003
2020-09-24 05:00:00,318.0000000000003
2020-09-24 13:00:00,313.3000000000003
2020-09-24 14:00:00,313.6000000000003
2020-09-24 15:00:00,314.4000000000003
2020-09-24 16:00:00,317.8000000000003
2020-09-24 17:00:00,322.9000000000003
2020-09-24 18:00:00,317.70000000000033
2020-09-24 19:00:00,318.1000000000003
2020-09-25 05:00:00,317.9000000000003
2020-09-25 13:00:00,316.5000000000003
2020-09-25 14:00:00,314.8000000000003
2020-09-25 15:00:00,314.5000000000003
2020-09-25 16:00:00,314.3000000000003
2020-09-25 17:00:00,316.3000000000003
2020-09-25 18:00:00,317.9000000000003
2020-09-25 19:00:00,317.6000000000003
2020-09-28 05:00:00,324.6000000000003
2020-09-28 13:00:00,325.6000000000003
2020-09-28 14:00:00,325.20000000000033
2020-09-28 15:00:00,325.1000000000003
2020-09-28 16:00:00,328.4000000000003
2020-09-28 17:00:00,326.5000000000003
2020-09-28 18:00:00,328.5000000000003
2020-09-28 19:00:00,324.4000000000003
2020-09-28 20:00:00,325.5000000000003
2020-09-29 05:00:00,316.5000000000003
2020-09-29 13:00:00,320.5000000000003
2020-09-29 14:00:00,317.5000000000003
2020-09-29 15:00:00,313.6000000000003
2020-09-29 16:00:00,313.70000000000033
2020-09-29 17:00:00,315.8000000000003
2020-09-29 18:00:00,316.5000000000003
2020-09-29 19:00:00,316.4000000000003
2020-09-30 05:00:00,315.8000000000003
2020-09-30 13:00:00,320.1000000000003
2020-09-30 14:00:00,320.20000000000033
2020-09-30 15:00:00,318.0000000000003
2020-09-30 16:00:00,319.9000000000003
2020-09-30 17:00:00,318.4000000000003
2020-09-30 18:00:00,316.8000000000003
2020-09-30 19:00:00,315.5000000000003
2020-09-30 20:00:00,315.8000000000003
2020-10-01 05:00:00,305.70000000000033
2020-10-01 12:00:00,315.5000000000003
2020-10-01 13:00:00,309.8000000000003
2020-10-01 14:00:00,306.1000000000003
2020-10-01 15:00:00,306.9000000000003
2020-10-01 16:00:00,306.5000000000003
2020-10-01 17:00:00,306.20000000000033
2020-10-01 18:00:00,305.1000000000003
2020-10-01 19:00:00,306.0000000000003
2020-10-02 05:00:00,309.0000000000003
2020-10-02 13:00:00,301.70000000000033
2020-10-02 14:00:00,301.3000000000003
2020-10-02 15:00:00,306.9000000000003
2020-10-02 16:00:00,310.4000000000003
2020-10-02 17:00:00,308.70000000000033
2020-10-02 18:00:00,309.8000000000003
2020-10-02 19:00:00,308.70000000000033
2020-10-02 20:00:00,310.4000000000003
2020-10-05 05:00:00,317.70000000000033
2020-10-05 09:00:00,314.4000000000003
2020-10-05 13:00:00,311.6000000000003
2020-10-05 14:00:00,314.3000000000003
2020-10-05 15:00:00,315.4000000000003
2020-10-05 16:00:00,314.1000000000003
2020-10-05 17:00:00,315.5000000000003
2020-10-05 18:00:00,316.6000000000003
2020-10-05 19:00:00,317.70000000000033
2020-10-06 05:00:00,313.1000000000003
2020-10-06 13:00:00,319.4000000000003
2020-10-06 14:00:00,320.9000000000003
2020-10-06 15:00:00,322.3000000000003
2020-10-06 16:00:00,321.3000000000003
2020-10-06 17:00:00,320.3000000000003
2020-10-06 18:00:00,315.1000000000003
2020-10-06 19:00:00,313.3000000000003
2020-10-07 05:00:00,317.6000000000003
2020-10-07 13:00:00,312.70000000000033
2020-10-07 14:00:00,312.6000000000003
2020-10-07 15:00:00,312.8000000000003
2020-10-07 16:00:00,313.3000000000003
2020-10-07 17:00:00,314.5000000000003
2020-10-07 18:00:00,317.1000000000003
2020-10-07 19:00:00,317.5000000000003
2020-10-08 05:00:00,329.4000000000003
2020-10-08 12:00:00,320.4000000000003
2020-10-08 13:00:00,323.4000000000003
2020-10-08 14:00:00,326.0000000000003
2020-10-08 15:00:00,324.4000000000003
2020-10-08 16:00:00,324.6000000000003
2020-10-08 17:00:00,325.9000000000003
2020-10-08 18:00:00,328.20000000000033
2020-10-08 19:00:00,329.5000000000003
2020-10-08 22:00:00,331.70000000000033
2020-10-09 05:00:00,324.0000000000003
2020-10-09 13:00:00,328.1000000000003
2020-10-09 14:00:00,324.6000000000003
2020-10-09 15:00:00,328.0000000000003
2020-10-09 16:00:00,325.20000000000033
2020-10-09 17:00:00,326.20000000000033
2020-10-09 18:00:00,325.0000000000003
2020-10-09 19:00:00,324.1000000000003
2020-10-12 05:00:00,325.1000000000003
2020-10-12 13:00:00,321.3000000000003
2020-10-12 14:00:00,322.0000000000003
2020-10-12 15:00:00,322.20000000000033
2020-10-12 16:00:00,322.5000000000003
2020-10-12 17:00:00,322.4000000000003
2020-10-12 18:00:00,323.6000000000003
2020-10-12 19:00:00,325.1000000000003
2020-10-13 05:00:00,320.3000000000003
2020-10-13 13:00:00,324.6000000000003
2020-10-13 14:00:00,321.0000000000003
2020-10-13 15:00:00,319.5000000000003
2020-10-13 16:00:00,321.1000000000003
2020-10-13 17:00:00,321.6000000000003
2020-10-13 18:00:00,319.70000000000033
2020-10-13 19:00:00,320.1000000000003
2020-10-14 05:00:00,321.3000000000003
2020-10-14 13:00:00,325.6000000000003
2020-10-14 14:00:00,326.6000000000003
2020-10-14 15:00:00,326.4000000000003
2020-10-14 16:00:00,326.1000000000003
2020-10-14 17:00:00,324.8000000000003
2020-10-14 18:00:00,323.0000000000003
2020-10-14 19:00:00,321.3000000000003
2020-10-15 05:00:00,325.1000000000003
2020-10-15 09:00:00,315.4000000000003
2020-10-15 13:00:00,314.5000000000003
2020-10-15 14:00:00,317.5000000000003
2020-10-15 15:00:00,321.8000000000003
2020-10-15 16:00:00,321.5000000000003
2020-10-15 17:00:00,323.0000000000003
2020-10-15 18:00:00,323.8000000000003
2020-10-15 19:00:00,324.8000000000003
2020-10-16 05:00:00,318.1000000000003
2020-10-16 13:00:00,318.5000000000003
2020-10-16 14:00:00,321.4000000000003
2020-10-16 15:00:00,323.20000000000033
2020-10-16 16:00:00,321.1000000000003
2020-10-16 17:00:00,320.3000000000003
2020-10-16 18:00:00,319.9000000000003
2020-10-16 19:00:00,317.9000000000003
2020-10-19 05:00:00,311.20000000000033
2020-10-19 13:00:00,315.8000000000003
2020-10-19 14:00:00,320.0000000000003
2020-10-19 15:00:00,318.0000000000003
2020-10-19 16:00:00,316.9000000000003
2020-10-19 17:00:00,315.0000000000003
2020-10-19 18:00:00,312.1000000000003
2020-10-19 19:00:00,311.0000000000003
2020-10-20 05:00:00,315.0000000000003
2020-10-20 12:00:00,313.3000000000003
2020-10-20 13:00:00,313.9000000000003
2020-10-20 14:00:00,314.20000000000033
2020-10-20 15:00:00,313.20000000000033
2020-10-20 16:00:00,314.5000000000003
2020-10-20 17:00:00,314.4000000000003
2020-10-20 18:00:00,316.6000000000003
2020-10-20 19:00:00,314.8000000000003
2020-10-20 20:00:00,314.1000000000003
2020-10-21 05:00:00,309.0000000000003
2020-10-21 09:00:00,313.4000000000003
2020-10-21 13:00:00,311.0000000000003
2020-10-21 14:00:00,311.6000000000003
2020-10-21 15:00:00,311.9000000000003
2020-10-21 16:00:00,311.5000000000003
2020-10-21 17:00:00,310.5000000000003
2020-10-21 18:00:00,311.20000000000033
2020-10-21 19:00:00,309.20000000000033
2020-10-22 05:00:00,321.1000000000003
2020-10-22 13:00:00,308.4000000000003
2020-10-22 14:00:00,312.5000000000003
2020-10-22 15:00:00,315.0000000000003
2020-10-22 16:00:00,317.3000000000003
2020-10-22 17:00:00,316.6000000000003
2020-10-22 18:00:00,319.3000000000003
2020-10-22 19:00:00,321.20000000000033
2020-10-23 05:00:00,319.9000000000003
2020-10-23 13:00:00,323.0000000000003
2020-10-23 14:00:00,322.20000000000033
2020-10-23 15:00:00,320.5000000000003
2020-10-23 16:00:00,317.6000000000003
2020-10-23 17:00:00,317.0000000000003
2020-10-23 18:00:00,317.5000000000003
2020-10-23 19:00:00,319.9000000000003
2020-10-23 20:00:00,320.1000000000003
2020-10-26 05:00:00,308.6000000000003
2020-10-26 13:00:00,312.4000000000003
2020-10-26 14:00:00,310.5000000000003
2020-10-26 15:00:00,308.9000000000003
2020-10-26 16:00:00,308.3000000000003
2020-10-26 17:00:00,306.9000000000003
2020-10-26 18:00:00,307.9000000000003
2020-10-26 19:00:00,308.70000000000033
2020-10-27 05:00:00,304.70000000000033
2020-10-27 13:00:00,305.6000000000003
2020-10-27 14:00:00,305.3000000000003
2020-10-27 15:00:00,306.70000000000033
2020-10-27 16:00:00,305.0000000000003
2020-10-27 17:00:00,306.70000000000033
2020-10-27 18:00:00,306.6000000000003
2020-10-27 19:00:00,305.5000000000003
2020-10-28 05:00:00,291.70000000000033
2020-10-28 13:00:00,293.6000000000003
2020-10-28 14:00:00,290.9000000000003
2020-10-28 15:00:00,297.1000000000003
2020-10-28 16:00:00,296.4000000000003
2020-10-28 17:00:00,294.5000000000003
2020-10-28 18:00:00,295.20000000000033
2020-10-28 19:00:00,291.6000000000003
2020-10-29 05:00:00,300.6000000000003
2020-10-29 13:00:00,289.4000000000003
2020-10-29 14:00:00,294.6000000000003
2020-10-29 15:00:00,293.4000000000003
2020-10-29 16:00:00,295.3000000000003
2020-10-29 17:00:00,297.6000000000003
2020-10-29 18:00:00,299.4000000000003
2020-10-29 19:00:00,300.70000000000033
2020-10-30 05:00:00,302.4000000000003
2020-10-30 13:00:00,301.4000000000003
2020-10-30 14:00:00,295.8000000000003
2020-10-30 15:00:00,299.4000000000003
2020-10-30 16:00:00,296.4000000000003
2020-10-30 17:00:00,296.8000000000003
2020-10-30 18:00:00,299.9000000000003
2020-10-30 19:00:00,302.5000000000003
2020-10-30 20:00:00,302.9000000000003
2020-11-02 06:00:00,312.70000000000033
2020-11-02 09:00:00,302.4000000000003
2020-11-02 12:00:00,304.1000000000003
2020-11-02 13:00:00,304.9000000000003
2020-11-02 14:00:00,303.9000000000003
2020-11-02 15:00:00,308.0000000000003
2020-11-02 16:00:00,312.3000000000003
2020-11-02 17:00:00,312.3000000000003
2020-11-02 18:00:00,311.20000000000033
2020-11-02 19:00:00,315.20000000000033
2020-11-02 20:00:00,313.20000000000033
2020-11-03 06:00:00,311.20000000000033
2020-11-03 13:00:00,321.8000000000003
2020-11-03 14:00:00,316.8000000000003
2020-11-03 15:00:00,315.9000000000003
2020-11-03 16:00:00,313.4000000000003
2020-11-03 17:00:00,309.70000000000033
2020-11-03 18:00:00,308.8000000000003
2020-11-03 19:00:00,311.4000000000003
2020-11-03 20:00:00,311.20000000000033
2020-11-04 06:00:00,311.0000000000003
2020-11-04 09:00:00,315.3000000000003
2020-11-04 14:00:00,309.70000000000033
2020-11-04 15:00:00,315.9000000000003
2020-11-04 16:00:00,316.4000000000003
2020-11-04 17:00:00,317.4000000000003
2020-11-04 18:00:00,314.8000000000003
2020-11-04 19:00:00,313.0000000000003
2020-11-04 20:00:00,311.20000000000033
2020-11-05 06:00:00,311.3000000000003
2020-11-05 14:00:00,313.4000000000003
2020-11-05 15:00:00,314.4000000000003
2020-11-05 16:00:00,312.70000000000033
2020-11-05 17:00:00,314.1000000000003
2020-11-05 18:00:00,314.3000000000003
2020-11-05 19:00:00,313.20000000000033
2020-11-05 20:00:00,311.3000000000003
2020-11-06 06:00:00,304.5000000000003
2020-11-06 14:00:00,312.9000000000003
2020-11-06 15:00:00,310.1000000000003
2020-11-06 16:00:00,308.6000000000003
2020-11-06 17:00:00,305.9000000000003
2020-11-06 18:00:00,303.9000000000003
2020-11-06 19:00:00,304.5000000000003
2020-11-06 20:00:00,304.6000000000003
2020-11-09 06:00:00,347.4000000000003
2020-11-09 11:00:00,317.8000000000003
2020-11-09 12:00:00,319.9000000000003
2020-11-09 14:00:00,344.70000000000033
2020-11-09 15:00:00,342.4000000000003
2020-11-09 16:00:00,343.70000000000033
2020-11-09 17:00:00,350.4000000000003
2020-11-09 18:00:00,351.9000000000003
2020-11-09 19:00:00,349.8000000000003
2020-11-09 20:00:00,347.70000000000033
2020-11-09 21:00:00,348.20000000000033
2020-11-10 06:00:00,358.70000000000033
2020-11-10 09:00:00,356.9000000000003
2020-11-10 13:00:00,354.6000000000003
2020-11-10 14:00:00,353.20000000000033
2020-11-10 15:00:00,349.8000000000003
2020-11-10 16:00:00,353.1000000000003
2020-11-10 17:00:00,353.4000000000003
2020-11-10 18:00:00,353.3000000000003
2020-11-10 19:00:00,355.3000000000003
2020-11-10 20:00:00,358.70000000000033
2020-11-10 21:00:00,358.9000000000003
2020-11-11 06:00:00,355.4000000000003
2020-11-11 11:00:00,364.1000000000003
2020-11-11 13:00:00,366.0000000000003
2020-11-11 14:00:00,358.6000000000003
2020-11-11 15:00:00,356.4000000000003
2020-11-11 16:00:00,356.3000000000003
2020-11-11 17:00:00,354.8000000000003
2020-11-11 18:00:00,356.9000000000003
2020-11-11 19:00:00,354.3000000000003
2020-11-11 20:00:00,355.6000000000003
2020-11-12 06:00:00,343.8000000000003
2020-11-12 14:00:00,351.1000000000003
2020-11-12 15:00:00,353.1000000000003
2020-11-12 16:00:00,352.0000000000003
2020-11-12 17:00:00,347.9000000000003
2020-11-12 18:00:00,346.6000000000003
2020-11-12 19:00:00,342.5000000000003
2020-11-12 20:00:00,343.8000000000003
2020-11-12 21:00:00,344.1000000000003
2020-11-13 06:00:00,357.1000000000003
2020-11-13 14:00:00,350.9000000000003
2020-11-13 15:00:00,353.4000000000003
2020-11-13 16:00:00,353.20000000000033
2020-11-13 17:00:00,355.0000000000003
2020-11-13 18:00:00,356.8000000000003
2020-11-13 19:00:00,357.0000000000003
2020-11-13 20:00:00,357.1000000000003
2020-11-16 06:00:00,380.3000000000003
2020-11-16 13:00:00,372.1000000000003
2020-11-16 14:00:00,367.9000000000003
2020-11-16 15:00:00,374.3000000000003
2020-11-16 16:00:00,377.1000000000003
2020-11-16 17:00:00,376.6000000000003
2020-11-16 18:00:00,376.3000000000003
2020-11-16 19:00:00,380.1000000000003
2020-11-16 20:00:00,380.8000000000003
2020-11-17 06:00:00,384.0000000000003
2020-11-17 14:00:00,371.9000000000003
2020-11-17 15:00:00,377.0000000000003
2020-11-17 16:00:00,380.3000000000003
2020-11-17 17:00:00,381.8000000000003
2020-11-17 18:00:00,380.4000000000003
2020-11-17 19:00:00,383.4000000000003
2020-11-17 20:00:00,384.1000000000003
2020-11-17 21:00:00,383.5000000000003
2020-11-18 06:00:00,372.8000000000003
2020-11-18 14:00:00,385.1000000000003
2020-11-18 15:00:00,383.20000000000033
2020-11-18 16:00:00,387.5000000000003
2020-11-18 17:00:00,384.8000000000003
2020-11-18 18:00:00,383.4000000000003
2020-11-18 19:00:00,380.20000000000033
2020-11-18 20:00:00,372.6000000000003
2020-11-18 21:00:00,374.1000000000003
2020-11-19 06:00:00,378.6000000000003
2020-11-19 09:00:00,371.8000000000003
2020-11-19 10:00:00,371.4000000000003
2020-11-19 14:00:00,374.5000000000003
2020-11-19 15:00:00,372.1000000000003
2020-11-19 16:00:00,371.20000000000033
2020-11-19 17:00:00,371.6000000000003
2020-11-19 18:00:00,374.4000000000003
2020-11-19 19:00:00,377.1000000000003
2020-11-19 20:00:00,378.5000000000003
2020-11-20 06:00:00,376.8000000000003
2020-11-20 14:00:00,376.3000000000003
2020-11-20 15:00:00,376.9000000000003
2020-11-20 16:00:00,377.0000000000003
2020-11-20 17:00:00,375.3000000000003
2020-11-20 18:00:00,377.3000000000003
2020-11-20 19:00:00,377.4000000000003
2020-11-20 20:00:00,376.70000000000033
2020-11-23 06:00:00,402.9000000000003
2020-11-23 14:00:00,388.6000000000003
2020-11-23 15:00:00,392.1000000000003
2020-11-23 16:00:00,392.8000000000003
2020-11-23 17:00:00,394.20000000000033
2020-11-23 18:00:00,395.8000000000003
2020-11-23 19:00:00,399.5000000000003
2020-11-23 20:00:00,402.9000000000003
2020-11-24 06:00:00,423.3000000000003
2020-11-24 14:00:00,419.0000000000003
2020-11-24 15:00:00,420.5000000000003
2020-11-24 16:00:00,420.3000000000003
2020-11-24 17:00:00,422.3000000000003
2020-11-24 18:00:00,422.1000000000003
2020-11-24 19:00:00,421.1000000000003
2020-11-24 20:00:00,423.4000000000003
2020-11-25 06:00:00,413.6000000000003
2020-11-25 14:00:00,413.5000000000003
2020-11-25 15:00:00,417.70000000000033
2020-11-25 16:00:00,416.70000000000033
2020-11-25 17:00:00,417.3000000000003
2020-11-25 18:00:00,417.4000000000003
2020-11-25 19:00:00,414.9000000000003
2020-11-25 20:00:00,413.6000000000003
2020-11-27 06:00:00,408.5000000000003
2020-11-27 14:00:00,411.9000000000003
2020-11-27 15:00:00,410.3000000000003
2020-11-27 16:00:00,410.0000000000003
2020-11-27 17:00:00,408.6000000000003
2020-11-27 18:00:00,409.8000000000003
2020-11-30 06:00:00,386.9000000000003
2020-11-30 13:00:00,403.8000000000003
2020-11-30 14:00:00,403.5000000000003
2020-11-30 15:00:00,397.8000000000003
2020-11-30 16:00:00,395.5000000000003
2020-11-30 17:00:00,395.1000000000003
2020-11-30 18:00:00,394.6000000000003
2020-11-30 19:00:00,392.6000000000003
2020-11-30 20:00:00,386.8000000000003
2020-11-30 21:00:00,386.3000000000003
2020-12-01 06:00:00,388.6000000000003
2020-12-01 14:00:00,396.3000000000003
2020-12-01 15:00:00,395.4000000000003
2020-12-01 16:00:00,389.70000000000033
2020-12-01 17:00:00,391.4000000000003
2020-12-01 18:00:00,388.9000000000003
2020-12-01 19:00:00,390.4000000000003
2020-12-01 20:00:00,388.4000000000003
2020-12-01 21:00:00,390.0000000000003
2020-12-02 06:00:00,400.8000000000003
2020-12-02 14:00:00,392.3000000000003
2020-12-02 15:00:00,402.5000000000003
2020-12-02 16:00:00,406.20000000000033
2020-12-02 17:00:00,404.9000000000003
2020-12-02 18:00:00,401.5000000000003
2020-12-02 19:00:00,402.4000000000003
2020-12-02 20:00:00,400.8000000000003
2020-12-03 06:00:00,404.9000000000003
2020-12-03 14:00:00,401.1000000000003
2020-12-03 15:00:00,407.5000000000003
2020-12-03 16:00:00,405.70000000000033
2020-12-03 17:00:00,409.1000000000003
2020-12-03 18:00:00,405.3000000000003
2020-12-03 19:00:00,409.0000000000003
2020-12-03 20:00:00,404.70000000000033
2020-12-04 06:00:00,426.70000000000033
2020-12-04 14:00:00,417.6000000000003
2020-12-04 15:00:00,422.70000000000033
2020-12-04 16:00:00,424.9000000000003
2020-12-04 17:00:00,422.4000000000003
2020-12-04 18:00:00,423.5000000000003
2020-12-04 19:00:00,426.0000000000003
2020-12-04 20:00:00,426.70000000000033
2020-12-04 21:00:00,427.0000000000003
2020-12-07 06:00:00,417.1000000000003
2020-12-07 14:00:00,416.5000000000003
2020-12-07 15:00:00,420.70000000000033
2020-12-07 16:00:00,420.6000000000003
2020-12-07 17:00:00,419.6000000000003
2020-12-07 18:00:00,417.1000000000003
2020-12-07 19:00:00,416.6000000000003
2020-12-07 20:00:00,417.1000000000003
2020-12-07 21:00:00,416.5000000000003
2020-12-08 06:00:00,423.3000000000003
2020-12-08 14:00:00,421.70000000000033
2020-12-08 15:00:00,425.1000000000003
2020-12-08 16:00:00,422.6000000000003
2020-12-08 17:00:00,422.3000000000003
2020-12-08 18:00:00,421.4000000000003
2020-12-08 19:00:00,421.70000000000033
2020-12-08 20:00:00,423.4000000000003
2020-12-09 06:00:00,425.0000000000003
2020-12-09 08:00:00,425.20000000000033
2020-12-09 14:00:00,430.9000000000003
2020-12-09 15:00:00,424.8000000000003
2020-12-09 16:00:00,426.1000000000003
2020-12-09 17:00:00,428.0000000000003
2020-12-09 18:00:00,419.5000000000003
2020-12-09 19:00:00,422.0000000000003
2020-12-09 20:00:00,424.9000000000003
2020-12-10 06:00:00,437.0000000000003
2020-12-10 14:00:00,432.70000000000033
2020-12-10 15:00:00,439.9000000000003
2020-12-10 16:00:00,435.1000000000003
2020-12-10 17:00:00,435.9000000000003
2020-12-10 18:00:00,434.4000000000003
2020-12-10 19:00:00,435.4000000000003
2020-12-10 20:00:00,437.0000000000003
2020-12-11 06:00:00,431.70000000000033
2020-12-11 14:00:00,429.6000000000003
2020-12-11 15:00:00,430.20000000000033
2020-12-11 20:00:00,431.5000000000003
2020-12-14 06:00:00,416.3000000000003
2020-12-14 14:00:00,429.0000000000003
2020-12-14 15:00:00,419.4000000000003
2020-12-14 16:00:00,420.6000000000003
2020-12-14 17:00:00,420.0000000000003
2020-12-14 18:00:00,420.3000000000003
2020-12-14 19:00:00,417.8000000000003
2020-12-14 20:00:00,416.1000000000003
2020-12-14 21:00:00,416.5000000000003
2020-12-15 06:00:00,425.0000000000003
2020-12-15 13:00:00,419.9000000000003
2020-12-15 14:00:00,417.8000000000003
2020-12-15 15:00:00,419.3000000000003
2020-12-15 16:00:00,420.4000000000003
2020-12-15 17:00:00,422.8000000000003
2020-12-15 18:00:00,423.8000000000003
2020-12-15 19:00:00,426.0000000000003
2020-12-15 20:00:00,425.0000000000003
2020-12-16 06:00:00,422.8000000000003
2020-12-16 14:00:00,422.4000000000003
2020-12-16 15:00:00,420.70000000000033
2020-12-16 16:00:00,424.9000000000003
2020-12-16 17:00:00,426.3000000000003
2020-12-16 18:00:00,424.3000000000003
2020-12-16 19:00:00,422.9000000000003
2020-12-16 20:00:00,422.70000000000033
2020-12-17 06:00:00,420.20000000000033
2020-12-17 14:00:00,421.6000000000003
2020-12-17 15:00:00,420.1000000000003
2020-12-17 16:00:00,419.9000000000003
2020-12-17 17:00:00,420.5000000000003
2020-12-17 18:00:00,420.3000000000003
2020-12-17 19:00:00,421.5000000000003
2020-12-17 20:00:00,420.0000000000003
2020-12-18 06:00:00,413.0000000000003
2020-12-18 14:00:00,417.4000000000003
2020-12-18 15:00:00,417.0000000000003
2020-12-18 16:00:00,415.6000000000003
2020-12-18 17:00:00,416.0000000000003
2020-12-18 18:00:00,412.20000000000033
2020-12-18 19:00:00,411.5000000000003
2020-12-18 20:00:00,412.70000000000033
2020-12-18 21:00:00,413.0000000000003
2020-12-21 06:00:00,405.70000000000033
2020-12-21 09:00:00,402.3000000000003
2020-12-21 10:00:00,396.20000000000033
2020-12-21 12:00:00,396.20000000000033
2020-12-21 14:00:00,403.70000000000033
2020-12-21 15:00:00,405.8000000000003
2020-12-21 16:00:00,403.3000000000003
2020-12-21 17:00:00,403.8000000000003
2020-12-21 18:00:00,406.4000000000003
2020-12-21 19:00:00,406.5000000000003
2020-12-21 20:00:00,405.3000000000003
2020-12-22 06:00:00,398.8000000000003
2020-12-22 09:00:00,408.4000000000003
2020-12-22 14:00:00,402.6000000000003
2020-12-22 15:00:00,403.9000000000003
2020-12-22 16:00:00,403.9000000000003
2020-12-22 17:00:00,403.8000000000003
2020-12-22 18:00:00,403.6000000000003
2020-12-22 19:00:00,401.8000000000003
2020-12-22 20:00:00,398.8000000000003
2020-12-23 06:00:00,407.20000000000033
2020-12-23 14:00:00,408.3000000000003
2020-12-23 15:00:00,410.6000000000003
2020-12-23 16:00:00,409.4000000000003
2020-12-23 17:00:00,408.4000000000003
2020-12-23 18:00:00,408.20000000000033
2020-12-23 19:00:00,408.5000000000003
2020-12-23 20:00:00,407.1000000000003
2020-12-24 06:00:00,404.8000000000003
2020-12-24 14:00:00,403.9000000000003
2020-12-24 15:00:00,403.9000000000003
2020-12-24 16:00:00,403.6000000000003
2020-12-24 17:00:00,404.0000000000003
2020-12-24 18:00:00,404.70000000000033
2020-12-28 06:00:00,402.6000000000003
2020-12-28 14:00:00,408.70000000000033
2020-12-28 15:00:00,404.3000000000003
2020-12-28 16:00:00,404.0000000000003
2020-12-28 17:00:00,404.0000000000003
2020-12-28 18:00:00,403.20000000000033
2020-12-28 19:00:00,402.3000000000003
2020-12-28 20:00:00,402.3000000000003
2020-12-29 06:00:00,400.20000000000033
2020-12-29 14:00:00,402.20000000000033
2020-12-29 15:00:00,402.3000000000003
2020-12-29 16:00:00,400.1000000000003
2020-12-29 17:00:00,399.0000000000003
2020-12-29 18:00:00,399.6000000000003
2020-12-29 19:00:00,399.1000000000003
2020-12-29 20:00:00,400.1000000000003
2020-12-29 21:00:00,397.4000000000003
2020-12-30 06:00:00,406.0000000000003
2020-12-30 14:00:00,406.9000000000003
2020-12-30 15:00:00,409.8000000000003
2020-12-30 16:00:00,404.6000000000003
2020-12-30 17:00:00,404.70000000000033
2020-12-30 18:00:00,405.4000000000003
2020-12-30 19:00:00,405.1000000000003
2020-12-30 20:00:00,406.3000000000003
2020-12-31 06:00:00,402.70000000000033
2020-12-31 14:00:00,403.1000000000003
2020-12-31 15:00:00,404.3000000000003
2020-12-31 16:00:00,402.5000000000003
2020-12-31 17:00:00,402.3000000000003
2020-12-31 18:00:00,401.6000000000003
2020-12-31 19:00:00,402.6000000000003
2020-12-31 20:00:00,402.70000000000033
2021-01-04 06:00:00,403.1000000000003
2021-01-04 14:00:00,406.4000000000003
2021-01-04 15:00:00,400.70000000000033
2021-01-04 16:00:00,401.20000000000033
2021-01-04 17:00:00,401.8000000000003
2021-01-04 18:00:00,405.9000000000003
2021-01-04 19:00:00,403.8000000000003
2021-01-04 20:00:00,403.1000000000003
2021-01-04 21:00:00,400.8000000000003
2021-01-05 06:00:00,421.4000000000003
2021-01-05 14:00:00,413.3000000000003
2021-01-05 15:00:00,418.0000000000003
2021-01-05 16:00:00,423.0000000000003
2021-01-05 17:00:00,427.20000000000033
2021-01-05 18:00:00,430.1000000000003
2021-01-05 19:00:00,424.70000000000033
2021-01-05 20:00:00,421.4000000000003
2021-01-06 06:00:00,433.8000000000003
2021-01-06 14:00:00,425.6000000000003
2021-01-06 15:00:00,435.70000000000033
2021-01-06 16:00:00,435.1000000000003
2021-01-06 17:00:00,435.70000000000033
2021-01-06 18:00:00,437.5000000000003
2021-01-06 19:00:00,431.9000000000003
2021-01-06 20:00:00,434.20000000000033
2021-01-07 06:00:00,440.20000000000033
2021-01-07 13:00:00,437.4000000000003
2021-01-07 14:00:00,439.4000000000003
2021-01-07 15:00:00,443.4000000000003
2021-01-07 16:00:00,438.1000000000003
2021-01-07 17:00:00,440.20000000000033
2021-01-07 18:00:00,438.20000000000033
2021-01-07 19:00:00,440.20000000000033
2021-01-07 20:00:00,440.5000000000003
2021-01-08 06:00:00,439.8000000000003
2021-01-08 14:00:00,442.1000000000003
2021-01-08 15:00:00,442.5000000000003
2021-01-08 16:00:00,443.6000000000003
2021-01-08 17:00:00,442.9000000000003
2021-01-08 18:00:00,437.5000000000003
2021-01-08 19:00:00,440.4000000000003
2021-01-08 20:00:00,439.70000000000033
2021-01-08 21:00:00,440.3000000000003
2021-01-11 06:00:00,446.70000000000033
2021-01-11 14:00:00,438.8000000000003
2021-01-11 15:00:00,438.5000000000003
2021-01-11 16:00:00,443.8000000000003
2021-01-11 17:00:00,447.3000000000003
2021-01-11 18:00:00,446.70000000000033
2021-01-11 19:00:00,446.6000000000003
2021-01-11 20:00:00,446.9000000000003
2021-01-12 06:00:00,462.5000000000003
2021-01-12 13:00:00,452.1000000000003
2021-01-12 14:00:00,456.4000000000003
2021-01-12 15:00:00,462.9000000000003
2021-01-12 16:00:00,461.5000000000003
2021-01-12 17:00:00,460.20000000000033
2021-01-12 18:00:00,460.1000000000003
2021-01-12 19:00:00,460.5000000000003
2021-01-12 20:00:00,462.70000000000033
2021-01-13 06:00:00,458.6000000000003
2021-01-13 14:00:00,456.8000000000003
2021-01-13 15:00:00,458.6000000000003
2021-01-13 16:00:00,456.8000000000003
2021-01-13 17:00:00,459.4000000000003
2021-01-13 18:00:00,460.5000000000003
2021-01-13 19:00:00,460.4000000000003
2021-01-13 20:00:00,458.4000000000003
2021-01-13 21:00:00,458.9000000000003
2021-01-14 06:00:00,472.5000000000003
2021-01-14 14:00:00,466.3000000000003
2021-01-14 15:00:00,466.1000000000003
2021-01-14 16:00:00,469.8000000000003
2021-01-14 17:00:00,472.20000000000033
2021-01-14 18:00:00,475.6000000000003
2021-01-14 19:00:00,475.0000000000003
2021-01-14 20:00:00,472.5000000000003
2021-01-15 06:00:00,454.20000000000033
2021-01-15 09:00:00,465.0000000000003
2021-01-15 14:00:00,459.8000000000003
2021-01-15 15:00:00,456.1000000000003
2021-01-15 16:00:00,459.0000000000003
2021-01-15 17:00:00,460.8000000000003
2021-01-15 18:00:00,457.3000000000003
2021-01-15 19:00:00,456.3000000000003
2021-01-15 20:00:00,454.20000000000033
2021-01-19 06:00:00,463.3000000000003
2021-01-19 14:00:00,462.6000000000003
2021-01-19 15:00:00,463.8000000000003
2021-01-19 16:00:00,464.4000000000003
2021-01-19 17:00:00,462.70000000000033
2021-01-19 18:00:00,464.3000000000003
2021-01-19 19:00:00,464.70000000000033
2021-01-19 20:00:00,463.3000000000003
2021-01-20 06:00:00,464.9000000000003
2021-01-20 14:00:00,464.0000000000003
2021-01-20 15:00:00,461.9000000000003
2021-01-20 16:00:00,463.1000000000003
2021-01-20 17:00:00,464.3000000000003
2021-01-20 18:00:00,465.6000000000003
2021-01-20 19:00:00,463.9000000000003
2021-01-20 20:00:00,464.8000000000003
2021-01-20 21:00:00,465.5000000000003
2021-01-21 06:00:00,449.1000000000003
2021-01-21 14:00:00,458.9000000000003
2021-01-21 15:00:00,453.20000000000033
2021-01-21 16:00:00,452.8000000000003
2021-01-21 17:00:00,450.4000000000003
2021-01-21 18:00:00,447.1000000000003
2021-01-21 19:00:00,449.9000000000003
2021-01-21 20:00:00,448.8000000000003
2021-01-21 21:00:00,449.4000000000003
2021-01-22 06:00:00,447.3000000000003
2021-01-22 13:00:00,437.1000000000003
2021-01-22 14:00:00,441.9000000000003
2021-01-22 15:00:00,441.5000000000003
2021-01-22 16:00:00,443.8000000000003
2021-01-22 17:00:00,444.0000000000003
2021-01-22 18:00:00,446.1000000000003
2021-01-22 19:00:00,445.1000000000003
2021-01-22 20:00:00,447.20000000000033
2021-01-25 06:00:00,442.4000000000003
2021-01-25 14:00:00,437.1000000000003
2021-01-25 15:00:00,443.0000000000003
2021-01-25 16:00:00,437.3000000000003
2021-01-25 17:00:00,435.4000000000003
2021-01-25 18:00:00,437.20000000000033
2021-01-25 19:00:00,438.70000000000033
2021-01-25 20:00:00,442.5000000000003
2021-01-26 06:00:00,433.0000000000003
2021-01-26 14:00:00,444.5000000000003
2021-01-26 15:00:00,444.5000000000003
2021-01-26 16:00:00,436.6000000000003
2021-01-26 17:00:00,436.6000000000003
2021-01-26 18:00:00,435.5000000000003
2021-01-26 19:00:00,434.5000000000003
2021-01-26 20:00:00,433.0000000000003
2021-01-26 21:00:00,432.5000000000003
2021-01-27 06:00:00,426.6000000000003
2021-01-27 14:00:00,424.6000000000003
2021-01-27 15:00:00,428.70000000000033
2021-01-27 16:00:00,434.1000000000003
2021-01-27 17:00:00,437.8000000000003
2021-01-27 18:00:00,434.0000000000003
2021-01-27 19:00:00,427.9000000000003
2021-01-27 20:00:00,427.3000000000003
2021-01-28 06:00:00,432.5000000000003
2021-01-28 14:00:00,430.6000000000003
2021-01-28 15:00:00,429.70000000000033
2021-01-28 16:00:00,431.8000000000003
2021-01-28 17:00:00,430.1000000000003
2021-01-28 18:00:00,433.0000000000003
2021-01-28 19:00:00,432.9000000000003
2021-01-28 20:00:00,433.0000000000003
2021-01-29 06:00:00,418.1000000000003
2021-01-29 12:00:00,428.6000000000003
2021-01-29 13:00:00,425.0000000000003
2021-01-29 14:00:00,429.3000000000003
2021-01-29 15:00:00,428.70000000000033
2021-01-29 16:00:00,423.8000000000003
2021-01-29 17:00:00,420.6000000000003
2021-01-29 18:00:00,418.1000000000003
2021-01-29 19:00:00,417.4000000000003
2021-01-29 20:00:00,418.3000000000003
2021-01-29 21:00:00,417.70000000000033
2021-02-01 06:00:00,420.8000000000003
2021-02-01 08:00:00,426.6000000000003
2021-02-01 14:00:00,416.8000000000003
2021-02-01 15:00:00,414.5000000000003
2021-02-01 16:00:00,418.1000000000003
2021-02-01 17:00:00,417.1000000000003
2021-02-01 18:00:00,419.5000000000003
2021-02-01 19:00:00,422.6000000000003
2021-02-01 20:00:00,420.6000000000003
2021-02-01 21:00:00,421.0000000000003
2021-02-02 06:00:00,425.5000000000003
2021-02-02 13:00:00,428.6000000000003
2021-02-02 14:00:00,428.6000000000003
2021-02-02 15:00:00,432.6000000000003
2021-02-02 16:00:00,432.70000000000033
2021-02-02 17:00:00,429.20000000000033
2021-02-02 18:00:00,427.4000000000003
2021-02-02 19:00:00,426.0000000000003
2021-02-02 20:00:00,425.4000000000003
2021-02-03 06:00:00,443.3000000000003
2021-02-03 14:00:00,433.3000000000003
2021-02-03 15:00:00,439.8000000000003
2021-02-03 16:00:00,441.3000000000003
2021-02-03 17:00:00,440.1000000000003
2021-02-03 18:00:00,439.9000000000003
2021-02-03 19:00:00,443.70000000000033
2021-02-03 20:00:00,443.3000000000003
2021-02-04 06:00:00,447.8000000000003
2021-02-04 14:00:00,444.5000000000003
2021-02-04 15:00:00,442.3000000000003
2021-02-04 16:00:00,444.70000000000033
2021-02-04 17:00:00,445.4000000000003
2021-02-04 18:00:00,446.6000000000003
2021-02-04 19:00:00,447.5000000000003
2021-02-04 20:00:00,447.8000000000003
2021-02-05 06:00:00,451.5000000000003
2021-02-05 14:00:00,453.70000000000033
2021-02-05 15:00:00,455.1000000000003
2021-02-05 16:00:00,452.4000000000003
2021-02-05 17:00:00,452.0000000000003
2021-02-05 18:00:00,451.5000000000003
2021-02-05 19:00:00,451.5000000000003
2021-02-05 20:00:00,451.5000000000003
2021-02-05 21:00:00,451.9000000000003
2021-02-08 06:00:00,470.4000000000003
2021-02-08 14:00:00,463.20000000000033
2021-02-08 15:00:00,464.5000000000003
2021-02-08 16:00:00,465.1000000000003
2021-02-08 17:00:00,468.6000000000003
2021-02-08 18:00:00,469.9000000000003
2021-02-08 19:00:00,472.4000000000003
2021-02-08 20:00:00,470.6000000000003
2021-02-09 06:00:00,465.3000000000003
2021-02-09 10:00:00,470.4000000000003
2021-02-09 14:00:00,465.5000000000003
2021-02-09 15:00:00,462.8000000000003
2021-02-09 16:00:00,462.3000000000003
2021-02-09 17:00:00,466.20000000000033
2021-02-09 18:00:00,466.3000000000003
2021-02-09 19:00:00,466.9000000000003
2021-02-09 20:00:00,465.3000000000003
2021-02-10 06:00:00,474.6000000000003
2021-02-10 13:00:00,469.6000000000003
2021-02-10 14:00:00,469.5000000000003
2021-02-10 15:00:00,468.5000000000003
2021-02-10 16:00:00,473.0000000000003
2021-02-10 17:00:00,473.1000000000003
2021-02-10 18:00:00,472.70000000000033
2021-02-10 19:00:00,472.70000000000033
2021-02-10 20:00:00,474.6000000000003
2021-02-11 06:00:00,467.5000000000003
2021-02-11 14:00:00,471.0000000000003
2021-02-11 15:00:00,467.70000000000033
2021-02-11 16:00:00,463.0000000000003
2021-02-11 17:00:00,460.4000000000003
2021-02-11 18:00:00,464.1000000000003
2021-02-11 19:00:00,463.9000000000003
2021-02-11 20:00:00,467.4000000000003
2021-02-12 06:00:00,474.20000000000033
2021-02-12 14:00:00,468.6000000000003
2021-02-12 15:00:00,468.8000000000003
2021-02-12 16:00:00,470.6000000000003
2021-02-12 17:00:00,473.1000000000003
2021-02-12 18:00:00,470.6000000000003
2021-02-12 19:00:00,471.3000000000003
2021-02-12 20:00:00,474.20000000000033
2021-02-16 06:00:00,486.3000000000003
2021-02-16 10:00:00,491.0000000000003
2021-02-16 14:00:00,489.70000000000033
2021-02-16 15:00:00,486.0000000000003
2021-02-16 16:00:00,484.0000000000003
2021-02-16 17:00:00,485.8000000000003
2021-02-16 18:00:00,484.9000000000003
2021-02-16 19:00:00,488.0000000000003
2021-02-16 20:00:00,486.0000000000003
2021-02-16 23:00:00,490.20000000000033
2021-02-17 00:00:00,488.9000000000003
2021-02-17 06:00:00,492.4000000000003
2021-02-17 12:00:00,496.70000000000033
2021-02-17 13:00:00,495.3000000000003
2021-02-17 14:00:00,492.5000000000003
2021-02-17 15:00:00,490.20000000000033
2021-02-17 16:00:00,484.5000000000003
2021-02-17 17:00:00,488.6000000000003
2021-02-17 18:00:00,489.0000000000003
2021-02-17 19:00:00,491.6000000000003
2021-02-17 20:00:00,492.4000000000003
2021-02-18 06:00:00,481.70000000000033
2021-02-18 14:00:00,487.6000000000003
2021-02-18 15:00:00,484.4000000000003
2021-02-18 16:00:00,486.20000000000033
2021-02-18 17:00:00,484.3000000000003
2021-02-18 18:00:00,483.6000000000003
2021-02-18 19:00:00,484.1000000000003
2021-02-18 20:00:00,481.70000000000033
2021-02-19 06:00:00,489.9000000000003
2021-02-19 10:00:00,478.4000000000003
2021-02-19 12:00:00,481.4000000000003
2021-02-19 14:00:00,487.70000000000033
2021-02-19 15:00:00,488.4000000000003
2021-02-19 16:00:00,488.20000000000033
2021-02-19 17:00:00,486.1000000000003
2021-02-19 18:00:00,488.9000000000003
2021-02-19 19:00:00,489.3000000000003
2021-02-19 20:00:00,489.8000000000003
2021-02-22 06:00:00,506.20000000000033
2021-02-22 14:00:00,500.4000000000003
2021-02-22 15:00:00,508.6000000000003
2021-02-22 16:00:00,509.5000000000003
2021-02-22 17:00:00,513.2000000000003
2021-02-22 18:00:00,510.0000000000003
2021-02-22 19:00:00,510.3000000000003
2021-02-22 20:00:00,506.20000000000033
2021-02-22 21:00:00,508.6000000000003
2021-02-23 06:00:00,514.2000000000003
2021-02-23 09:00:00,512.5000000000002
2021-02-23 10:00:00,503.3000000000003
2021-02-23 12:00:00,513.6000000000004
2021-02-23 14:00:00,502.4000000000003
2021-02-23 15:00:00,505.70000000000033
2021-02-23 16:00:00,506.6000000000003
2021-02-23 17:00:00,509.9000000000003
2021-02-23 18:00:00,510.6000000000003
2021-02-23 19:00:00,513.6000000000004
2021-02-23 20:00:00,514.1000000000004
2021-02-23 21:00:00,514.5000000000002
2021-02-24 06:00:00,532.4000000000002
2021-02-24 14:00:00,524.5000000000003
2021-02-24 15:00:00,527.9000000000002
2021-02-24 16:00:00,528.6000000000003
2021-02-24 17:00:00,531.0000000000003
2021-02-24 18:00:00,533.4000000000002
2021-02-24 19:00:00,534.2000000000004
2021-02-24 20:00:00,532.6000000000003
2021-02-24 21:00:00,532.8000000000003
2021-02-25 06:00:00,522.3000000000003
2021-02-25 11:00:00,534.6000000000003
2021-02-25 12:00:00,536.2000000000004
2021-02-25 13:00:00,538.3000000000003
2021-02-25 14:00:00,534.0000000000003
2021-02-25 15:00:00,528.6000000000003
2021-02-25 16:00:00,527.9000000000002
2021-02-25 17:00:00,521.3000000000003
2021-02-25 18:00:00,524.5000000000003
2021-02-25 19:00:00,526.7000000000004
2021-02-25 20:00:00,522.3000000000003
2021-02-26 06:00:00,510.70000000000033
2021-02-26 11:00:00,515.0000000000002
2021-02-26 12:00:00,514.0000000000002
2021-02-26 13:00:00,513.4000000000003
2021-02-26 14:00:00,506.0000000000003
2021-02-26 15:00:00,506.4000000000003
2021-02-26 16:00:00,507.8000000000003
2021-02-26 17:00:00,512.9000000000003
2021-02-26 18:00:00,511.20000000000033
2021-02-26 19:00:00,510.8000000000003
2021-02-26 20:00:00,510.20000000000033
2021-02-26 21:00:00,508.5000000000003
2021-03-01 06:00:00,523.3000000000003
2021-03-01 14:00:00,525.1000000000003
2021-03-01 15:00:00,528.2000000000004
2021-03-01 16:00:00,524.9000000000002
2021-03-01 17:00:00,523.8000000000003
2021-03-01 18:00:00,524.6000000000003
2021-03-01 19:00:00,525.6000000000003
2021-03-01 20:00:00,523.2000000000004
2021-03-02 06:00:00,520.0000000000003
2021-03-02 14:00:00,525.6000000000003
2021-03-02 15:00:00,526.3000000000003
2021-03-02 16:00:00,522.6000000000003
2021-03-02 17:00:00,524.2000000000004
2021-03-02 18:00:00,525.0000000000003
2021-03-02 19:00:00,523.9000000000002
2021-03-02 20:00:00,520.0000000000003
2021-03-02 21:00:00,520.7000000000004
2021-03-03 06:00:00,527.1000000000003
2021-03-03 14:00:00,529.7000000000004
2021-03-03 15:00:00,530.4000000000002
2021-03-03 16:00:00,532.5000000000003
2021-03-03 17:00:00,536.0000000000003
2021-03-03 18:00:00,535.3000000000003
2021-03-03 19:00:00,535.1000000000003
2021-03-03 20:00:00,527.1000000000003
2021-03-03 21:00:00,527.7000000000004
2021-03-04 06:00:00,539.5000000000003
2021-03-04 14:00:00,534.4000000000002
2021-03-04 15:00:00,545.8000000000003
2021-03-04 16:00:00,545.1000000000003
2021-03-04 17:00:00,537.1000000000003
2021-03-04 18:00:00,529.1000000000003
2021-03-04 19:00:00,538.1000000000003
2021-03-04 20:00:00,540.3000000000003
2021-03-04 21:00:00,540.4000000000002
2021-03-05 06:00:00,559.7000000000004
2021-03-05 12:00:00,551.2000000000004
2021-03-05 13:00:00,553.0000000000003
2021-03-05 14:00:00,554.4000000000002
2021-03-05 15:00:00,550.3000000000003
2021-03-05 16:00:00,549.7000000000004
2021-03-05 17:00:00,555.1000000000003
2021-03-05 18:00:00,556.5000000000003
2021-03-05 19:00:00,557.8000000000003
2021-03-05 20:00:00,559.9000000000002
2021-03-08 06:00:00,560.8000000000003
2021-03-08 12:00:00,563.9000000000002
2021-03-08 13:00:00,563.6000000000003
2021-03-08 14:00:00,559.7000000000004
2021-03-08 15:00:00,560.6000000000003
2021-03-08 16:00:00,561.1000000000003
2021-03-08 17:00:00,565.1000000000003
2021-03-08 18:00:00,558.0000000000003
2021-03-08 19:00:00,562.0000000000003
2021-03-08 20:00:00,560.7000000000004
2021-03-09 06:00:00,550.7000000000004
2021-03-09 14:00:00,552.1000000000003
2021-03-09 15:00:00,563.2000000000004
2021-03-09 16:00:00,564.1000000000003
2021-03-09 17:00:00,557.3000000000003
2021-03-09 18:00:00,554.8000000000003
2021-03-09 19:00:00,554.8000000000003
2021-03-09 20:00:00,550.1000000000003
2021-03-09 21:00:00,550.7000000000004
2021-03-10 06:00:00,564.6000000000003
2021-03-10 12:00:00,551.1000000000003
2021-03-10 13:00:00,551.7000000000004
2021-03-10 14:00:00,554.4000000000002
2021-03-10 15:00:00,558.0000000000003
2021-03-10 16:00:00,557.4000000000002
2021-03-10 17:00:00,558.2000000000004
2021-03-10 18:00:00,560.7000000000004
2021-03-10 19:00:00,562.9000000000002
2021-03-10 20:00:00,564.7000000000004
2021-03-11 06:00:00,565.1000000000003
2021-03-11 14:00:00,566.4000000000002
2021-03-11 15:00:00,573.7000000000004
2021-03-11 20:00:00,565.3000000000003
2021-03-12 06:00:00,566.0000000000003
2021-03-12 14:00:00,567.3000000000003
2021-03-12 15:00:00,567.1000000000003
2021-03-12 16:00:00,567.9000000000002
2021-03-12 17:00:00,567.1000000000003
2021-03-12 19:00:00,564.6000000000003
2021-03-12 20:00:00,566.0000000000003
2021-03-15 05:00:00,559.6000000000003
2021-03-15 13:00:00,555.8000000000003
2021-03-15 14:00:00,557.2000000000004
2021-03-15 15:00:00,553.8000000000003
2021-03-15 16:00:00,557.1000000000003
2021-03-15 17:00:00,557.2000000000004
2021-03-15 18:00:00,558.1000000000003
2021-03-15 19:00:00,559.6000000000003
2021-03-16 05:00:00,544.2000000000004
2021-03-16 13:00:00,544.3000000000003
2021-03-16 14:00:00,542.9000000000002
2021-03-16 15:00:00,545.4000000000002
2021-03-16 16:00:00,547.6000000000003
2021-03-16 17:00:00,545.8000000000003
2021-03-16 18:00:00,545.9000000000002
2021-03-16 19:00:00,544.3000000000003
2021-03-16 20:00:00,544.0000000000003
2021-03-17 05:00:00,548.6000000000003
2021-03-17 08:00:00,547.0000000000003
2021-03-17 10:00:00,544.0000000000003
2021-03-17 13:00:00,545.5000000000003
2021-03-17 14:00:00,540.5000000000003
2021-03-17 15:00:00,541.5000000000003
2021-03-17 16:00:00,542.3000000000003
2021-03-17 17:00:00,544.9000000000002
2021-03-17 18:00:00,547.2000000000004
2021-03-17 19:00:00,548.6000000000003
2021-03-17 20:00:00,549.4000000000002
2021-03-18 05:00:00,523.9000000000002
2021-03-18 10:00:00,548.1000000000003
2021-03-18 11:00:00,548.5000000000003
2021-03-18 12:00:00,545.1000000000003
2021-03-18 13:00:00,542.9000000000002
2021-03-18 14:00:00,539.2000000000004
2021-03-18 15:00:00,540.7000000000004
2021-03-18 16:00:00,535.5000000000003
2021-03-18 17:00:00,538.0000000000003
2021-03-18 18:00:00,530.5000000000003
2021-03-18 19:00:00,523.6000000000003
2021-03-18 22:00:00,520.1000000000003
2021-03-18 23:00:00,526.3000000000003
2021-03-19 05:00:00,523.8000000000003
2021-03-19 13:00:00,522.5000000000003
2021-03-19 14:00:00,527.9000000000002
2021-03-19 15:00:00,528.2000000000004
2021-03-19 16:00:00,530.0000000000003
2021-03-19 17:00:00,528.9000000000002
2021-03-19 18:00:00,526.6000000000003
2021-03-19 19:00:00,523.6000000000003
2021-03-19 20:00:00,523.6000000000003
2021-03-22 05:00:00,518.8000000000003
2021-03-22 13:00:00,522.4000000000002
2021-03-22 14:00:00,523.4000000000002
2021-03-22 15:00:00,523.4000000000002
2021-03-22 16:00:00,519.2000000000003
2021-03-22 17:00:00,522.5000000000003
2021-03-22 18:00:00,522.0000000000003
2021-03-22 19:00:00,519.7000000000003
2021-03-23 05:00:00,511.6000000000003
2021-03-23 13:00:00,516.9000000000003
2021-03-23 14:00:00,512.5000000000002
2021-03-23 15:00:00,517.5000000000002
2021-03-23 16:00:00,521.0000000000003
2021-03-23 17:00:00,517.9000000000003
2021-03-23 18:00:00,512.0000000000002
2021-03-23 19:00:00,511.6000000000003
2021-03-23 20:00:00,510.90000000000026
2021-03-24 05:00:00,524.2000000000003
2021-03-24 13:00:00,524.5000000000003
2021-03-24 14:00:00,528.3000000000003
2021-03-24 15:00:00,526.4000000000002
2021-03-24 16:00:00,530.4000000000002
2021-03-24 17:00:00,529.5000000000003
2021-03-24 18:00:00,525.7000000000003
2021-03-24 19:00:00,524.3000000000003
2021-03-25 05:00:00,526.1000000000003
2021-03-25 12:00:00,515.0000000000002
2021-03-25 13:00:00,508.0000000000003
2021-03-25 14:00:00,510.5000000000003
2021-03-25 15:00:00,517.8000000000003
2021-03-25 16:00:00,522.8000000000003
2021-03-25 17:00:00,519.8000000000003
2021-03-25 18:00:00,523.1000000000003
2021-03-25 19:00:00,526.0000000000003
2021-03-25 20:00:00,526.1000000000003
2021-03-26 05:00:00,539.4000000000002
2021-03-26 13:00:00,532.0000000000003
2021-03-26 14:00:00,530.9000000000002
2021-03-26 15:00:00,530.7000000000004
2021-03-26 16:00:00,535.4000000000002
2021-03-26 17:00:00,533.0000000000003
2021-03-26 18:00:00,534.0000000000003
2021-03-26 19:00:00,539.6000000000003
2021-03-26 20:00:00,539.2000000000004
2021-03-29 01:00:00,536.8000000000003
2021-03-29 05:00:00,532.5000000000003
2021-03-29 11:00:00,536.1000000000003
2021-03-29 12:00:00,537.4000000000002
2021-03-29 13:00:00,534.8000000000003
2021-03-29 14:00:00,527.9000000000002
2021-03-29 15:00:00,532.9000000000002
2021-03-29 16:00:00,532.2000000000004
2021-03-29 17:00:00,532.1000000000003
2021-03-29 18:00:00,533.6000000000003
2021-03-29 19:00:00,532.9000000000002
2021-03-30 05:00:00,528.3000000000003
2021-03-30 12:00:00,527.9000000000002
2021-03-30 13:00:00,528.9000000000002
2021-03-30 14:00:00,531.4000000000002
2021-03-30 15:00:00,530.7000000000004
2021-03-30 16:00:00,529.9000000000002
2021-03-30 17:00:00,527.7000000000004
2021-03-30 18:00:00,529.6000000000003
2021-03-30 19:00:00,528.8000000000003
2021-03-31 05:00:00,524.2000000000003
2021-03-31 12:00:00,528.2000000000004
2021-03-31 13:00:00,526.1000000000003
2021-03-31 14:00:00,525.0000000000003
2021-03-31 15:00:00,524.3000000000003
2021-03-31 16:00:00,524.5000000000003
2021-03-31 17:00:00,524.4000000000002
2021-03-31 18:00:00,525.2000000000003
2021-03-31 19:00:00,523.7000000000003
2021-04-01 05:00:00,537.5000000000003
2021-04-01 13:00:00,528.9000000000002
2021-04-01 14:00:00,527.6000000000003
2021-04-01 15:00:00,526.1000000000003
2021-04-01 16:00:00,531.3000000000003
2021-04-01 17:00:00,536.1000000000003
2021-04-01 18:00:00,535.6000000000003
2021-04-01 19:00:00,537.4000000000002
2021-04-01 20:00:00,537.3000000000003
2021-04-05 05:00:00,524.6000000000003
2021-04-05 12:00:00,535.8000000000003
2021-04-05 13:00:00,530.9000000000002
2021-04-05 14:00:00,530.6000000000003
2021-04-05 15:00:00,529.0000000000003
2021-04-05 16:00:00,523.0000000000003
2021-04-05 17:00:00,524.8000000000003
2021-04-05 18:00:00,524.7000000000003
2021-04-05 19:00:00,524.6000000000003
2021-04-06 05:00:00,523.3000000000003
2021-04-06 12:00:00,526.0000000000003
2021-04-06 13:00:00,533.9000000000002
2021-04-06 14:00:00,530.2000000000004
2021-04-06 15:00:00,526.6000000000003
2021-04-06 16:00:00,524.9000000000002
2021-04-06 17:00:00,523.3000000000003
2021-04-06 18:00:00,524.2000000000003
2021-04-06 19:00:00,523.4000000000002
2021-04-06 22:00:00,524.5000000000003
2021-04-07 05:00:00,525.8000000000003
2021-04-07 11:00:00,525.4000000000002
2021-04-07 13:00:00,526.0000000000003
2021-04-07 14:00:00,525.0000000000003
2021-04-07 15:00:00,523.2000000000003
2021-04-07 16:00:00,526.3000000000003
2021-04-07 17:00:00,526.9000000000002
2021-04-07 18:00:00,526.2000000000003
2021-04-07 19:00:00,525.7000000000003
2021-04-08 05:00:00,518.7000000000003
2021-04-08 13:00:00,515.7000000000003
2021-04-08 14:00:00,514.8000000000003
2021-04-08 15:00:00,518.1000000000004
2021-04-08 16:00:00,516.9000000000003
2021-04-08 17:00:00,516.7000000000003
2021-04-08 18:00:00,519.0000000000003
2021-04-08 19:00:00,518.7000000000003
2021-04-08 20:00:00,518.8000000000003
2021-04-09 05:00:00,515.7000000000003
2021-04-09 13:00:00,521.3000000000003
2021-04-09 14:00:00,516.6000000000004
2021-04-09 15:00:00,516.1000000000004
2021-04-09 16:00:00,514.2000000000003
2021-04-09 17:00:00,513.8000000000003
2021-04-09 18:00:00,515.0000000000002
2021-04-09 19:00:00,515.5000000000002
2021-04-09 20:00:00,512.1000000000004
2021-04-12 05:00:00,511.2000000000003
2021-04-12 13:00:00,518.4000000000003
2021-04-12 14:00:00,516.1000000000004
2021-04-12 15:00:00,516.0000000000002
2021-04-12 16:00:00,514.5000000000002
2021-04-12 17:00:00,510.8000000000003
2021-04-12 18:00:00,511.0000000000003
2021-04-12 19:00:00,511.3000000000003
2021-04-12 20:00:00,511.6000000000003
2021-04-13 04:00:00,506.0000000000003
2021-04-13 05:00:00,511.6000000000003
2021-04-13 11:00:00,511.2000000000003
2021-04-13 13:00:00,509.7000000000003
2021-04-13 14:00:00,511.5000000000003
2021-04-13 15:00:00,512.7000000000003
2021-04-13 16:00:00,511.3000000000003
2021-04-13 17:00:00,511.5000000000003
2021-04-13 18:00:00,511.2000000000003
2021-04-13 19:00:00,511.40000000000026
2021-04-13 20:00:00,511.8000000000003
2021-04-14 05:00:00,525.9000000000002
2021-04-14 13:00:00,521.7000000000003
2021-04-14 14:00:00,529.7000000000004
2021-04-14 15:00:00,532.1000000000003
2021-04-14 16:00:00,529.4000000000002
2021-04-14 17:00:00,528.0000000000003
2021-04-14 18:00:00,526.3000000000003
2021-04-14 19:00:00,526.3000000000003
2021-04-15 05:00:00,521.8000000000003
2021-04-15 12:00:00,526.6000000000003
2021-04-15 13:00:00,522.9000000000002
2021-04-15 14:00:00,523.6000000000003
2021-04-15 15:00:00,521.0000000000003
2021-04-15 16:00:00,520.9000000000002
2021-04-15 17:00:00,519.9000000000002
2021-04-15 18:00:00,522.2000000000003
2021-04-15 19:00:00,521.8000000000003
2021-04-16 05:00:00,517.0000000000002
2021-04-16 12:00:00,523.5000000000003
2021-04-16 13:00:00,518.8000000000003
2021-04-16 14:00:00,518.2000000000003
2021-04-16 15:00:00,519.2000000000003
2021-04-16 16:00:00,518.3000000000003
2021-04-16 17:00:00,518.2000000000003
2021-04-16 18:00:00,519.2000000000003
2021-04-16 19:00:00,517.0000000000002
2021-04-19 05:00:00,516.2000000000003
2021-04-19 10:00:00,514.8000000000003
2021-04-19 11:00:00,517.5000000000002
2021-04-19 13:00:00,521.9000000000002
2021-04-19 14:00:00,513.0000000000002
2021-04-19 15:00:00,515.6000000000004
2021-04-19 16:00:00,515.0000000000002
2021-04-19 17:00:00,515.1000000000004
2021-04-19 18:00:00,515.4000000000003
2021-04-19 19:00:00,516.5000000000002
2021-04-20 05:00:00,503.3000000000003
2021-04-20 09:00:00,515.7000000000003
2021-04-20 10:00:00,508.8000000000003
2021-04-20 13:00:00,505.2000000000003
2021-04-20 14:00:00,500.90000000000026
2021-04-20 15:00:00,500.90000000000026
2021-04-20 16:00:00,502.8000000000003
2021-04-20 17:00:00,503.0000000000003
2021-04-20 18:00:00,502.5000000000003
2021-04-20 19:00:00,503.2000000000003
2021-04-20 20:00:00,503.8000000000003
2021-04-21 05:00:00,510.40000000000026
2021-04-21 12:00:00,501.3000000000003
2021-04-21 13:00:00,502.1000000000003
2021-04-21 14:00:00,509.40000000000026
2021-04-21 15:00:00,509.0000000000003
2021-04-21 16:00:00,510.3000000000003
2021-04-21 17:00:00,508.90000000000026
2021-04-21 18:00:00,510.5000000000003
2021-04-21 19:00:00,511.40000000000026
2021-04-21 20:00:00,510.2000000000003
2021-04-22 05:00:00,503.6000000000003
2021-04-22 13:00:00,505.2000000000003
2021-04-22 14:00:00,506.90000000000026
2021-04-22 15:00:00,508.6000000000003
2021-04-22 16:00:00,509.3000000000003
2021-04-22 17:00:00,505.5000000000003
2021-04-22 18:00:00,505.8000000000003
2021-04-22 19:00:00,503.6000000000003
2021-04-22 20:00:00,503.3000000000003
2021-04-23 05:00:00,508.6000000000003
2021-04-23 12:00:00,504.0000000000003
2021-04-23 13:00:00,505.5000000000003
2021-04-23 14:00:00,508.8000000000003
2021-04-23 15:00:00,507.40000000000026
2021-04-23 16:00:00,507.7000000000003
2021-04-23 17:00:00,507.3000000000003
2021-04-23 18:00:00,508.3000000000003
2021-04-23 19:00:00,508.5000000000003
2021-04-26 05:00:00,511.2000000000003
2021-04-26 12:00:00,507.3000000000003
2021-04-26 13:00:00,514.3000000000003
2021-04-26 14:00:00,512.7000000000003
2021-04-26 15:00:00,514.2000000000003
2021-04-26 16:00:00,512.8000000000003
2021-04-26 17:00:00,512.5000000000002
2021-04-26 18:00:00,512.3000000000003
2021-04-26 19:00:00,511.2000000000003
2021-04-27 05:00:00,518.0000000000002
2021-04-27 13:00:00,516.2000000000003
2021-04-27 14:00:00,515.4000000000003
2021-04-27 15:00:00,515.2000000000003
2021-04-27 16:00:00,513.4000000000003
2021-04-27 17:00:00,512.8000000000003
2021-04-27 18:00:00,515.5000000000002
2021-04-27 19:00:00,518.0000000000002
2021-04-28 05:00:00,535.3000000000003
2021-04-28 13:00:00,527.0000000000003
2021-04-28 14:00:00,534.8000000000003
2021-04-28 15:00:00,535.6000000000003
2021-04-28 16:00:00,534.2000000000004
2021-04-28 17:00:00,533.4000000000002
2021-04-28 18:00:00,535.2000000000004
2021-04-28 19:00:00,535.4000000000002
2021-04-29 05:00:00,541.2000000000004
2021-04-29 13:00:00,547.0000000000003
2021-04-29 14:00:00,540.4000000000002
2021-04-29 15:00:00,538.8000000000003
2021-04-29 16:00:00,540.0000000000003
2021-04-29 17:00:00,538.8000000000003
2021-04-29 18:00:00,541.6000000000003
2021-04-29 19:00:00,541.4000000000002
2021-04-29 20:00:00,541.8000000000003
2021-04-30 05:00:00,526.5000000000003
2021-04-30 10:00:00,536.0000000000003
2021-04-30 13:00:00,539.8000000000003
2021-04-30 14:00:00,531.7000000000004
2021-04-30 15:00:00,531.0000000000003
2021-04-30 16:00:00,532.3000000000003
2021-04-30 17:00:00,531.1000000000003
2021-04-30 18:00:00,529.8000000000003
2021-04-30 19:00:00,527.3000000000003
2021-05-03 05:00:00,541.8000000000003
2021-05-03 13:00:00,537.6000000000003
2021-05-03 14:00:00,537.8000000000003
2021-05-03 15:00:00,538.4000000000002
2021-05-03 16:00:00,541.1000000000003
2021-05-03 17:00:00,540.2000000000004
2021-05-03 18:00:00,543.1000000000003
2021-05-03 19:00:00,541.8000000000003
2021-05-04 05:00:00,542.2000000000004
2021-05-04 13:00:00,538.7000000000004
2021-05-04 14:00:00,541.4000000000002
2021-05-04 15:00:00,542.4000000000002
2021-05-04 16:00:00,543.4000000000002
2021-05-04 17:00:00,543.5000000000003
2021-05-04 18:00:00,542.8000000000003
2021-05-04 19:00:00,542.4000000000002
2021-05-04 20:00:00,543.3000000000003
2021-05-05 05:00:00,559.4000000000002
2021-05-05 13:00:00,555.6000000000003
2021-05-05 14:00:00,557.9000000000002
2021-05-05 15:00:00,560.9000000000002
2021-05-05 16:00:00,557.0000000000003
2021-05-05 17:00:00,555.3000000000003
2021-05-05 18:00:00,558.7000000000004
2021-05-05 19:00:00,559.7000000000004
2021-05-05 20:00:00,560.4000000000002
2021-05-06 05:00:00,562.2000000000004
2021-05-06 13:00:00,554.6000000000003
2021-05-06 14:00:00,555.9000000000002
2021-05-06 15:00:00,558.9000000000002
2021-05-06 16:00:00,556.5000000000003
2021-05-06 17:00:00,557.7000000000004
2021-05-06 18:00:00,558.5000000000003
2021-05-06 19:00:00,562.1000000000003
2021-05-06 20:00:00,562.5000000000003
2021-05-07 05:00:00,572.6000000000003
2021-05-07 12:00:00,564.5000000000003
2021-05-07 13:00:00,564.2000000000004
2021-05-07 14:00:00,563.6000000000003
2021-05-07 15:00:00,565.0000000000003
2021-05-07 16:00:00,568.8000000000003
2021-05-07 17:00:00,572.2000000000004
2021-05-07 18:00:00,570.5000000000003
2021-05-07 19:00:00,572.5000000000003
2021-05-07 20:00:00,572.3000000000003
2021-05-10 05:00:00,572.3000000000003
2021-05-10 06:00:00,580.6000000000003
2021-05-10 10:00:00,580.5000000000003
2021-05-10 11:00:00,570.6000000000003
2021-05-10 12:00:00,578.3000000000003
2021-05-10 13:00:00,583.5000000000003
2021-05-10 14:00:00,577.9000000000002
2021-05-10 15:00:00,579.4000000000002
2021-05-10 16:00:00,579.6000000000003
2021-05-10 17:00:00,580.0000000000003
2021-05-10 18:00:00,576.2000000000004
2021-05-10 19:00:00,572.1000000000003
2021-05-11 05:00:00,558.0000000000003
2021-05-11 10:00:00,566.4000000000002
2021-05-11 11:00:00,565.5000000000003
2021-05-11 12:00:00,560.4000000000002
2021-05-11 13:00:00,565.7000000000004
2021-05-11 14:00:00,557.8000000000003
2021-05-11 15:00:00,562.0000000000003
2021-05-11 16:00:00,557.2000000000004
2021-05-11 17:00:00,558.6000000000003
2021-05-11 18:00:00,559.1000000000003
2021-05-11 19:00:00,557.9000000000002
2021-05-12 05:00:00,561.0000000000003
2021-05-12 12:00:00,564.2000000000004
2021-05-12 13:00:00,567.9000000000002
2021-05-12 14:00:00,570.5000000000003
2021-05-12 15:00:00,573.4000000000002
2021-05-12 16:00:00,568.8000000000003
2021-05-12 17:00:00,568.3000000000003
2021-05-12 18:00:00,565.1000000000003
2021-05-12 19:00:00,560.8000000000003
2021-05-12 20:00:00,557.7000000000004
2021-05-13 05:00:00,553.7000000000004
2021-05-13 12:00:00,555.0000000000003
2021-05-13 13:00:00,562.9000000000002
2021-05-13 14:00:00,559.9000000000002
2021-05-13 15:00:00,554.7000000000004
2021-05-13 16:00:00,552.9000000000002
2021-05-13 17:00:00,549.8000000000003
2021-05-13 18:00:00,552.9000000000002
2021-05-13 19:00:00,553.6000000000003
2021-05-13 20:00:00,553.8000000000003
2021-05-14 05:00:00,570.9000000000002
2021-05-14 13:00:00,567.7000000000004
2021-05-14 14:00:00,565.1000000000003
2021-05-14 15:00:00,567.6000000000003
2021-05-14 16:00:00,568.7000000000004
2021-05-14 17:00:00,569.5000000000003
2021-05-14 18:00:00,569.5000000000003
2021-05-14 19:00:00,570.9000000000002
2021-05-17 05:00:00,583.2000000000004
2021-05-17 13:00:00,570.3000000000003
2021-05-17 14:00:00,574.4000000000002
2021-05-17 15:00:00,575.2000000000004
2021-05-17 16:00:00,576.1000000000003
2021-05-17 17:00:00,577.8000000000003
2021-05-17 18:00:00,580.0000000000003
2021-05-17 19:00:00,583.3000000000003
2021-05-17 20:00:00,582.5000000000003
2021-05-18 05:00:00,570.7000000000004
2021-05-18 12:00:00,585.0000000000003
2021-05-18 13:00:00,580.9000000000002
2021-05-18 14:00:00,574.7000000000004
2021-05-18 15:00:00,575.6000000000003
2021-05-18 16:00:00,572.1000000000003
2021-05-18 17:00:00,572.2000000000004
2021-05-18 18:00:00,573.3000000000003
2021-05-18 19:00:00,570.4000000000002
2021-05-19 05:00:00,556.1000000000003
2021-05-19 07:00:00,568.7000000000004
2021-05-19 12:00:00,559.3000000000003
2021-05-19 13:00:00,553.6000000000003
2021-05-19 14:00:00,553.1000000000003
2021-05-19 15:00:00,557.2000000000004
2021-05-19 16:00:00,559.6000000000003
2021-05-19 17:00:00,559.2000000000004
2021-05-19 18:00:00,551.4000000000002
2021-05-19 19:00:00,555.8000000000003
2021-05-20 05:00:00,555.2000000000004
2021-05-20 12:00:00,554.7000000000004
2021-05-20 13:00:00,550.8000000000003
2021-05-20 14:00:00,550.7000000000004
2021-05-20 15:00:00,554.2000000000004
2021-05-20 16:00:00,552.7000000000004
2021-05-20 17:00:00,551.4000000000002
2021-05-20 18:00:00,554.4000000000002
2021-05-20 19:00:00,556.1000000000003
2021-05-20 20:00:00,557.7000000000004
2021-05-21 05:00:00,556.4000000000002
2021-05-21 12:00:00,560.4000000000002
2021-05-21 13:00:00,564.0000000000003
2021-05-21 14:00:00,561.5000000000003
2021-05-21 15:00:00,561.1000000000003
2021-05-21 16:00:00,558.0000000000003
2021-05-21 17:00:00,559.7000000000004
2021-05-21 18:00:00,560.8000000000003
2021-05-21 19:00:00,556.7000000000004
2021-05-21 20:00:00,558.9000000000002
2021-05-24 05:00:00,562.2000000000004
2021-05-24 13:00:00,560.0000000000003
2021-05-24 14:00:00,559.0000000000003
2021-05-24 15:00:00,559.0000000000003
2021-05-24 16:00:00,560.2000000000004
2021-05-24 17:00:00,561.7000000000004
2021-05-24 19:00:00,562.2000000000004
2021-05-25 05:00:00,551.2000000000004
2021-05-25 13:00:00,558.0000000000003
2021-05-25 14:00:00,554.0000000000003
2021-05-25 15:00:00,553.0000000000003
2021-05-25 16:00:00,553.5000000000003
2021-05-25 17:00:00,552.6000000000003
2021-05-25 18:00:00,552.3000000000003
2021-05-25 19:00:00,551.2000000000004
2021-05-26 05:00:00,555.9000000000002
2021-05-26 12:00:00,550.9000000000002
2021-05-26 13:00:00,550.6000000000003
2021-05-26 14:00:00,554.1000000000003
2021-05-26 15:00:00,555.9000000000002
2021-05-26 16:00:00,555.7000000000004
2021-05-26 17:00:00,553.9000000000002
2021-05-26 18:00:00,554.1000000000003
2021-05-26 19:00:00,556.2000000000004
2021-05-27 05:00:00,556.7000000000004
2021-05-27 13:00:00,559.9000000000002
2021-05-27 14:00:00,556.9000000000002
2021-05-27 15:00:00,556.2000000000004
2021-05-27 16:00:00,555.0000000000003
2021-05-27 17:00:00,554.0000000000003
2021-05-27 18:00:00,555.7000000000004
2021-05-27 19:00:00,556.4000000000002
2021-05-28 05:00:00,556.8000000000003
2021-05-28 13:00:00,557.2000000000004
2021-05-28 14:00:00,556.3000000000003
2021-05-28 15:00:00,555.4000000000002
2021-05-28 16:00:00,556.2000000000004
2021-05-28 17:00:00,558.3000000000003
2021-05-28 18:00:00,558.2000000000004
2021-05-28 19:00:00,556.8000000000003
2021-05-28 20:00:00,556.8000000000003
2021-06-01 05:00:00,578.3000000000003
2021-06-01 12:00:00,564.8000000000003
2021-06-01 13:00:00,575.7000000000004
2021-06-01 14:00:00,576.8000000000003
2021-06-01 15:00:00,574.4000000000002
2021-06-01 16:00:00,575.4000000000002
2021-06-01 17:00:00,575.2000000000004
2021-06-01 18:00:00,577.0000000000003
2021-06-01 19:00:00,578.5000000000003
2021-06-02 05:00:00,588.6000000000003
2021-06-02 12:00:00,581.5000000000003
2021-06-02 13:00:00,581.7000000000004
2021-06-02 14:00:00,583.9000000000002
2021-06-02 15:00:00,587.7000000000004
2021-06-02 16:00:00,589.2000000000004
2021-06-02 17:00:00,587.0000000000003
2021-06-02 18:00:00,590.6000000000003
2021-06-02 19:00:00,588.5000000000003
2021-06-03 05:00:00,590.1000000000003
2021-06-03 06:00:00,596.6000000000003
2021-06-03 13:00:00,589.4000000000002
2021-06-03 14:00:00,591.7000000000004
2021-06-03 15:00:00,590.3000000000003
2021-06-03 16:00:00,590.9000000000002
2021-06-03 17:00:00,592.5000000000003
2021-06-03 18:00:00,591.5000000000003
2021-06-03 19:00:00,590.1000000000003
2021-06-03 20:00:00,590.4000000000002
2021-06-04 05:00:00,593.3000000000003
2021-06-04 13:00:00,589.5000000000003
2021-06-04 14:00:00,589.1000000000003
2021-06-04 15:00:00,587.1000000000003
2021-06-04 16:00:00,591.9000000000002
2021-06-04 17:00:00,592.2000000000004
2021-06-04 18:00:00,592.6000000000003
2021-06-04 19:00:00,593.3000000000003
2021-06-04 20:00:00,593.6000000000003
2021-06-07 05:00:00,591.3000000000003
2021-06-07 12:00:00,593.9000000000002
2021-06-07 13:00:00,593.3000000000003
2021-06-07 14:00:00,592.4000000000002
2021-06-07 15:00:00,592.1000000000003
2021-06-07 16:00:00,592.7000000000004
2021-06-07 17:00:00,592.5000000000003
2021-06-07 18:00:00,591.7000000000004
2021-06-07 19:00:00,591.3000000000003
2021-06-08 05:00:00,596.3000000000003
2021-06-08 13:00:00,585.2000000000004
2021-06-08 14:00:00,596.8000000000003
2021-06-08 15:00:00,596.7000000000004
2021-06-08 16:00:00,595.6000000000003
2021-06-08 17:00:00,595.5000000000003
2021-06-08 18:00:00,596.5000000000003
2021-06-08 19:00:00,596.3000000000003
2021-06-09 05:00:00,592.9000000000002
2021-06-09 13:00:00,597.2000000000004
2021-06-09 14:00:00,598.6000000000003
2021-06-09 15:00:00,597.3000000000003
2021-06-09 16:00:00,597.0000000000003
2021-06-09 17:00:00,596.8000000000003
2021-06-09 18:00:00,597.8000000000003
2021-06-09 19:00:00,592.9000000000002
2021-06-10 05:00:00,592.1000000000003
2021-06-10 12:00:00,597.9000000000002
2021-06-10 13:00:00,599.1000000000003
2021-06-10 14:00:00,595.5000000000003
2021-06-10 15:00:00,595.5000000000003
2021-06-10 16:00:00,593.8000000000003
2021-06-10 17:00:00,592.9000000000002
2021-06-10 18:00:00,593.9000000000002
2021-06-10 19:00:00,591.6000000000003
2021-06-11 05:00:00,589.8000000000003
2021-06-11 13:00:00,591.0000000000003
2021-06-11 14:00:00,594.3000000000003
2021-06-11 15:00:00,592.4000000000002
2021-06-11 16:00:00,591.7000000000002
2021-06-11 17:00:00,592.4000000000002
2021-06-11 18:00:00,591.8000000000003
2021-06-11 19:00:00,590.1000000000003
2021-06-14 05:00:00,587.4000000000002
2021-06-14 12:00:00,592.0000000000003
2021-06-14 13:00:00,593.2000000000002
2021-06-14 14:00:00,594.1000000000003
2021-06-14 15:00:00,589.7000000000002
2021-06-14 16:00:00,587.2000000000002
2021-06-14 17:00:00,584.4000000000002
2021-06-14 18:00:00,585.0000000000003
2021-06-14 19:00:00,587.5000000000003
2021-06-15 05:00:00,598.6000000000003
2021-06-15 13:00:00,597.4000000000002
2021-06-15 14:00:00,595.4000000000002
2021-06-15 15:00:00,593.2000000000002
2021-06-15 16:00:00,595.8000000000003
2021-06-15 17:00:00,596.1000000000003
2021-06-15 18:00:00,597.1000000000003
2021-06-15 19:00:00,598.5000000000003
2021-06-15 20:00:00,599.1000000000003
2021-06-16 05:00:00,595.6000000000003
2021-06-16 13:00:00,593.0000000000003
2021-06-16 14:00:00,595.9000000000002
2021-06-16 15:00:00,601.1000000000003
2021-06-16 16:00:00,595.9000000000002
2021-06-16 17:00:00,594.5000000000003
2021-06-16 18:00:00,593.7000000000002
2021-06-16 19:00:00,595.6000000000003
2021-06-16 20:00:00,596.0000000000003
2021-06-17 05:00:00,574.9000000000002
2021-06-17 12:00:00,593.3000000000003
2021-06-17 13:00:00,592.3000000000003
2021-06-17 14:00:00,584.5000000000003
2021-06-17 15:00:00,572.0000000000003
2021-06-17 16:00:00,576.0000000000003
2021-06-17 17:00:00,577.5000000000003
2021-06-17 18:00:00,573.3000000000003
2021-06-17 19:00:00,575.0000000000003
2021-06-18 05:00:00,558.2000000000002
2021-06-18 12:00:00,574.0000000000003
2021-06-18 13:00:00,566.5000000000003
2021-06-18 14:00:00,565.5000000000003
2021-06-18 15:00:00,566.9000000000002
2021-06-18 16:00:00,564.4000000000002
2021-06-18 17:00:00,564.6000000000003
2021-06-18 18:00:00,561.7000000000002
2021-06-18 19:00:00,557.9000000000002
2021-06-18 20:00:00,559.4000000000002
2021-06-21 05:00:00,581.6000000000003
2021-06-21 06:00:00,550.2000000000002
2021-06-21 13:00:00,568.6000000000003
2021-06-21 14:00:00,574.3000000000003
2021-06-21 15:00:00,574.2000000000002
2021-06-21 16:00:00,576.2000000000002
2021-06-21 17:00:00,580.4000000000002
2021-06-21 18:00:00,580.9000000000002
2021-06-21 19:00:00,581.6000000000003
2021-06-21 20:00:00,580.3000000000003
2021-06-22 05:00:00,585.5000000000003
2021-06-22 12:00:00,581.1000000000003
2021-06-22 13:00:00,578.9000000000002
2021-06-22 14:00:00,584.4000000000002
2021-06-22 15:00:00,582.4000000000002
2021-06-22 16:00:00,582.8000000000003
2021-06-22 17:00:00,583.9000000000002
2021-06-22 18:00:00,586.2000000000002
2021-06-22 19:00:00,585.5000000000003
2021-06-23 05:00:00,586.8000000000003
2021-06-23 12:00:00,589.4000000000002
2021-06-23 13:00:00,594.5000000000003
2021-06-23 14:00:00,593.0000000000003
2021-06-23 15:00:00,589.9000000000002
2021-06-23 16:00:00,587.4000000000002
2021-06-23 17:00:00,589.3000000000003
2021-06-23 18:00:00,588.3000000000003
2021-06-23 19:00:00,586.6000000000003
2021-06-24 05:00:00,592.0000000000003
2021-06-24 12:00:00,591.7000000000002
2021-06-24 13:00:00,585.5000000000003
2021-06-24 14:00:00,588.1000000000003
2021-06-24 15:00:00,590.0000000000003
2021-06-24 16:00:00,591.5000000000003
2021-06-24 17:00:00,591.5000000000003
2021-06-24 18:00:00,591.7000000000002
2021-06-24 19:00:00,592.2000000000002
2021-06-25 05:00:00,595.1000000000003
2021-06-25 13:00:00,593.4000000000002
2021-06-25 14:00:00,592.4000000000002
2021-06-25 15:00:00,591.9000000000002
2021-06-25 16:00:00,592.5000000000003
2021-06-25 17:00:00,591.5000000000003
2021-06-25 18:00:00,591.5000000000003
2021-06-25 19:00:00,595.2000000000002
2021-06-28 05:00:00,575.5000000000003
2021-06-28 13:00:00,580.0000000000003
2021-06-28 14:00:00,576.0000000000003
2021-06-28 15:00:00,575.9000000000002
2021-06-28 16:00:00,576.0000000000003
2021-06-28 17:00:00,575.5000000000003
2021-06-28 18:00:00,576.0000000000003
2021-06-28 19:00:00,575.3000000000003
2021-06-29 05:00:00,572.8000000000003
2021-06-29 13:00:00,578.8000000000003
2021-06-29 14:00:00,578.9000000000002
2021-06-29 15:00:00,579.9000000000002
2021-06-29 16:00:00,574.4000000000002
2021-06-29 17:00:00,575.4000000000002
2021-06-29 18:00:00,572.8000000000003
2021-06-29 19:00:00,572.6000000000003
2021-06-30 05:00:00,579.7000000000002
2021-06-30 13:00:00,576.5000000000003
2021-06-30 14:00:00,577.5000000000003
2021-06-30 15:00:00,577.3000000000003
2021-06-30 16:00:00,579.2000000000002
2021-06-30 17:00:00,577.8000000000003
2021-06-30 18:00:00,579.7000000000002
2021-06-30 19:00:00,579.6000000000003
2021-06-30 20:00:00,578.4000000000002
2021-07-01 05:00:00,589.1000000000003
2021-07-01 13:00:00,587.1000000000003
2021-07-01 14:00:00,587.4000000000002
2021-07-01 15:00:00,590.2000000000002
2021-07-01 16:00:00,592.3000000000003
2021-07-01 17:00:00,590.5000000000003
2021-07-01 18:00:00,589.9000000000002
2021-07-01 19:00:00,589.1000000000003
2021-07-01 20:00:00,588.6000000000003
2021-07-02 05:00:00,588.1000000000003
2021-07-02 13:00:00,585.2000000000002
2021-07-02 14:00:00,585.2000000000002
2021-07-02 15:00:00,585.7000000000002
2021-07-02 16:00:00,587.7000000000002
2021-07-02 17:00:00,587.8000000000003
2021-07-02 18:00:00,588.7000000000002
2021-07-02 19:00:00,588.2000000000002
2021-07-02 20:00:00,588.6000000000003
2021-07-06 05:00:00,570.0000000000003
2021-07-06 12:00:00,589.9000000000002
2021-07-06 13:00:00,581.1000000000003
2021-07-06 14:00:00,572.8000000000003
2021-07-06 15:00:00,571.4000000000002
2021-07-06 16:00:00,568.1000000000003
2021-07-06 17:00:00,572.3000000000003
2021-07-06 18:00:00,571.0000000000003
2021-07-06 19:00:00,570.4000000000002
2021-07-07 05:00:00,560.5000000000003
2021-07-07 12:00:00,569.4000000000002
2021-07-07 13:00:00,564.9000000000002
2021-07-07 14:00:00,557.7000000000002
2021-07-07 15:00:00,558.1000000000003
2021-07-07 16:00:00,561.6000000000003
2021-07-07 17:00:00,560.5000000000003
2021-07-07 18:00:00,561.1000000000003
2021-07-07 19:00:00,560.5000000000003
2021-07-07 20:00:00,560.9000000000002
2021-07-08 05:00:00,557.0000000000003
2021-07-08 12:00:00,551.2000000000002
2021-07-08 13:00:00,553.3000000000003
2021-07-08 14:00:00,556.4000000000002
2021-07-08 15:00:00,562.0000000000003
2021-07-08 16:00:00,561.0000000000003
2021-07-08 17:00:00,557.3000000000003
2021-07-08 18:00:00,554.9000000000002
2021-07-08 19:00:00,557.1000000000003
2021-07-08 20:00:00,557.8000000000003
2021-07-09 05:00:00,568.3000000000003
2021-07-09 13:00:00,563.0000000000003
2021-07-09 14:00:00,564.4000000000002
2021-07-09 15:00:00,565.9000000000002
2021-07-09 16:00:00,566.1000000000003
2021-07-09 17:00:00,565.3000000000003
2021-07-09 18:00:00,567.9000000000002
2021-07-09 19:00:00,568.4000000000002
2021-07-12 05:00:00,567.7000000000002
2021-07-12 07:00:00,567.9000000000002
2021-07-12 09:00:00,561.6000000000003
2021-07-12 10:00:00,561.6000000000003
2021-07-12 13:00:00,566.3000000000003
2021-07-12 14:00:00,567.0000000000003
2021-07-12 15:00:00,568.3000000000003
2021-07-12 16:00:00,567.0000000000003
2021-07-12 17:00:00,567.0000000000003
2021-07-12 18:00:00,569.6000000000003
2021-07-12 19:00:00,567.8000000000003
2021-07-13 05:00:00,563.6000000000003
2021-07-13 12:00:00,567.8000000000003
2021-07-13 13:00:00,565.7000000000002
2021-07-13 14:00:00,563.5000000000003
2021-07-13 15:00:00,564.0000000000003
2021-07-13 16:00:00,564.6000000000003
2021-07-13 17:00:00,567.9000000000002
2021-07-13 18:00:00,565.0000000000003
2021-07-13 19:00:00,563.6000000000003
2021-07-14 05:00:00,547.6000000000003
2021-07-14 13:00:00,565.0000000000003
2021-07-14 14:00:00,560.5000000000003
2021-07-14 15:00:00,550.0000000000003
2021-07-14 16:00:00,552.6000000000003
2021-07-14 17:00:00,551.7000000000002
2021-07-14 18:00:00,549.0000000000003
2021-07-14 19:00:00,547.3000000000003
2021-07-15 05:00:00,539.8000000000003
2021-07-15 13:00:00,544.1000000000003
2021-07-15 14:00:00,545.1000000000003
2021-07-15 15:00:00,546.7000000000002
2021-07-15 16:00:00,545.4000000000002
2021-07-15 17:00:00,538.7000000000002
2021-07-15 18:00:00,539.8000000000003
2021-07-15 19:00:00,539.9000000000002
2021-07-15 20:00:00,540.4000000000002
2021-07-16 05:00:00,525.3000000000003
2021-07-16 13:00:00,536.9000000000002
2021-07-16 14:00:00,531.9000000000002
2021-07-16 15:00:00,533.6000000000003
2021-07-16 16:00:00,532.1000000000003
2021-07-16 17:00:00,527.4000000000002
2021-07-16 18:00:00,525.1000000000003
2021-07-16 19:00:00,525.1000000000003
2021-07-16 20:00:00,525.3000000000003
2021-07-19 05:00:00,506.7000000000003
2021-07-19 07:00:00,513.4000000000003
2021-07-19 12:00:00,509.7000000000003
2021-07-19 13:00:00,502.40000000000026
2021-07-19 14:00:00,502.80000000000024
2021-07-19 15:00:00,506.10000000000025
2021-07-19 16:00:00,501.2000000000003
2021-07-19 17:00:00,502.0000000000003
2021-07-19 18:00:00,503.0000000000003
2021-07-19 19:00:00,506.7000000000003
2021-07-20 05:00:00,514.1000000000003
2021-07-20 12:00:00,510.7000000000003
2021-07-20 13:00:00,510.5000000000003
2021-07-20 14:00:00,518.1000000000003
2021-07-20 15:00:00,518.3000000000002
2021-07-20 16:00:00,517.3000000000002
2021-07-20 17:00:00,512.9000000000003
2021-07-20 18:00:00,513.1000000000003
2021-07-20 19:00:00,514.1000000000003
2021-07-21 05:00:00,531.3000000000003
2021-07-21 13:00:00,528.0000000000003
2021-07-21 14:00:00,527.6000000000003
2021-07-21 15:00:00,533.0000000000003
2021-07-21 16:00:00,533.3000000000003
2021-07-21 17:00:00,532.8000000000003
2021-07-21 18:00:00,532.0000000000003
2021-07-21 19:00:00,531.2000000000003
2021-07-22 05:00:00,525.4000000000002
2021-07-22 13:00:00,524.3000000000003
2021-07-22 14:00:00,522.7000000000003
2021-07-22 15:00:00,523.3000000000003
2021-07-22 16:00:00,526.5000000000003
2021-07-22 17:00:00,527.3000000000003
2021-07-22 18:00:00,527.4000000000002
2021-07-22 19:00:00,525.5000000000003
2021-07-23 05:00:00,523.7000000000003
2021-07-23 13:00:00,519.5000000000003
2021-07-23 14:00:00,522.2000000000003
2021-07-23 15:00:00,520.4000000000002
2021-07-23 16:00:00,520.9000000000002
2021-07-23 17:00:00,523.7000000000003
2021-07-23 18:00:00,523.5000000000003
2021-07-23 19:00:00,523.7000000000003
2021-07-26 03:00:00,522.9000000000002
2021-07-26 05:00:00,535.9000000000002
2021-07-26 12:00:00,521.6000000000003
2021-07-26 13:00:00,534.6000000000003
2021-07-26 14:00:00,532.9000000000002
2021-07-26 15:00:00,534.9000000000002
2021-07-26 16:00:00,533.8000000000003
2021-07-26 17:00:00,533.8000000000003
2021-07-26 18:00:00,534.6000000000003
2021-07-26 19:00:00,536.0000000000003
2021-07-26 20:00:00,536.5000000000003
2021-07-27 05:00:00,531.0000000000003
2021-07-27 13:00:00,528.1000000000003
2021-07-27 14:00:00,531.5000000000003
2021-07-27 15:00:00,529.9000000000002
2021-07-27 16:00:00,527.4000000000002
2021-07-27 17:00:00,528.4000000000002
2021-07-27 18:00:00,528.5000000000003
2021-07-27 19:00:00,530.9000000000002
2021-07-27 20:00:00,531.1000000000003
2021-07-28 05:00:00,536.4000000000002
2021-07-28 13:00:00,530.8000000000003
2021-07-28 14:00:00,530.2000000000003
2021-07-28 15:00:00,535.2000000000002
2021-07-28 16:00:00,535.0000000000003
2021-07-28 17:00:00,534.4000000000002
2021-07-28 18:00:00,539.2000000000002
2021-07-28 19:00:00,536.0000000000003
2021-07-29 05:00:00,541.2000000000002
2021-07-29 12:00:00,541.5000000000003
2021-07-29 13:00:00,539.4000000000002
2021-07-29 14:00:00,541.2000000000002
2021-07-29 15:00:00,543.7000000000002
2021-07-29 16:00:00,542.7000000000002
2021-07-29 17:00:00,541.6000000000003
2021-07-29 18:00:00,541.8000000000003
2021-07-29 19:00:00,541.1000000000003
2021-07-30 05:00:00,532.4000000000002
2021-07-30 13:00:00,538.0000000000003
2021-07-30 14:00:00,532.3000000000003
2021-07-30 15:00:00,531.5000000000003
2021-07-30 16:00:00,530.9000000000002
2021-07-30 17:00:00,530.8000000000003
2021-07-30 18:00:00,530.9000000000002
2021-07-30 19:00:00,532.6000000000003
2021-08-02 05:00:00,528.6000000000003
2021-08-02 12:00:00,531.9000000000002
2021-08-02 13:00:00,543.0000000000003
2021-08-02 14:00:00,534.2000000000002
2021-08-02 15:00:00,529.5000000000003
2021-08-02 16:00:00,533.1000000000003
2021-08-02 17:00:00,531.6000000000003
2021-08-02 18:00:00,534.2000000000002
2021-08-02 19:00:00,528.8000000000003
2021-08-03 05:00:00,537.9000000000002
2021-08-03 12:00:00,526.5000000000003
2021-08-03 13:00:00,525.7000000000003
2021-08-03 14:00:00,529.4000000000002
2021-08-03 15:00:00,536.5000000000003
2021-08-03 16:00:00,537.0000000000003
2021-08-03 17:00:00,535.9000000000002
2021-08-03 18:00:00,537.6000000000003
2021-08-03 19:00:00,537.9000000000002
2021-08-03 20:00:00,537.5000000000003
2021-08-04 05:00:00,522.7000000000003
2021-08-04 12:00:00,531.4000000000002
2021-08-04 13:00:00,526.6000000000003
2021-08-04 14:00:00,528.4000000000002
2021-08-04 15:00:00,527.4000000000002
2021-08-04 16:00:00,526.5000000000003
2021-08-04 17:00:00,524.2000000000003
2021-08-04 18:00:00,523.0000000000003
2021-08-04 19:00:00,522.9000000000002
2021-08-05 05:00:00,529.3000000000003
2021-08-05 13:00:00,529.4000000000002
2021-08-05 14:00:00,532.4000000000002
2021-08-05 15:00:00,534.1000000000003
2021-08-05 16:00:00,530.6000000000003
2021-08-05 17:00:00,531.9000000000002
2021-08-05 18:00:00,530.3000000000003
2021-08-05 19:00:00,529.3000000000003
2021-08-06 05:00:00,534.0000000000003
2021-08-06 13:00:00,533.3000000000003
2021-08-06 14:00:00,533.6000000000003
2021-08-06 15:00:00,535.6000000000003
2021-08-06 16:00:00,536.0000000000003
2021-08-06 17:00:00,535.2000000000002
2021-08-06 18:00:00,533.5000000000003
2021-08-06 19:00:00,534.0000000000003
2021-08-09 05:00:00,526.3000000000003
2021-08-09 12:00:00,525.0000000000003
2021-08-09 13:00:00,528.3000000000003
2021-08-09 14:00:00,524.5000000000003
2021-08-09 15:00:00,528.6000000000003
2021-08-09 16:00:00,527.7000000000003
2021-08-09 17:00:00,527.5000000000003
2021-08-09 18:00:00,527.8000000000003
2021-08-09 19:00:00,526.5000000000003
2021-08-10 05:00:00,535.2000000000002
2021-08-10 13:00:00,531.3000000000003
2021-08-10 14:00:00,533.4000000000002
2021-08-10 15:00:00,533.1000000000003
2021-08-10 16:00:00,534.8000000000003
2021-08-10 17:00:00,535.6000000000003
2021-08-10 18:00:00,536.0000000000003
2021-08-10 19:00:00,535.0000000000003
2021-08-10 20:00:00,535.4000000000002
2021-08-11 05:00:00,539.2000000000002
2021-08-11 13:00:00,532.8000000000003
2021-08-11 14:00:00,533.9000000000002
2021-08-11 15:00:00,533.9000000000002
2021-08-11 16:00:00,538.4000000000002
2021-08-11 17:00:00,538.3000000000003
2021-08-11 18:00:00,538.8000000000003
2021-08-11 19:00:00,539.0000000000003
2021-08-12 05:00:00,538.8000000000003
2021-08-12 13:00:00,536.2000000000002
2021-08-12 14:00:00,535.1000000000003
2021-08-12 15:00:00,535.7000000000002
2021-08-12 16:00:00,536.9000000000002
2021-08-12 17:00:00,535.5000000000003
2021-08-12 18:00:00,537.2000000000002
2021-08-12 19:00:00,538.8000000000003
2021-08-13 05:00:00,532.1000000000003
2021-08-13 13:00:00,533.1000000000003
2021-08-13 14:00:00,534.1000000000003
2021-08-13 15:00:00,535.6000000000003
2021-08-13 16:00:00,535.7000000000002
2021-08-13 17:00:00,535.6000000000003
2021-08-13 18:00:00,533.8000000000003
2021-08-13 19:00:00,532.2000000000003
2021-08-13 20:00:00,532.4000000000002
2021-08-16 05:00:00,522.7000000000003
2021-08-16 13:00:00,519.0000000000003
2021-08-16 14:00:00,522.3000000000003
2021-08-16 15:00:00,523.6000000000003
2021-08-16 16:00:00,522.6000000000003
2021-08-16 17:00:00,522.8000000000003
2021-08-16 18:00:00,524.0000000000003
2021-08-16 19:00:00,522.7000000000003
2021-08-17 05:00:00,518.0000000000002
2021-08-17 13:00:00,519.3000000000003
2021-08-17 14:00:00,522.7000000000003
2021-08-17 15:00:00,520.3000000000003
2021-08-17 16:00:00,514.0000000000002
2021-08-17 17:00:00,516.3000000000002
2021-08-17 18:00:00,517.9000000000003
2021-08-17 19:00:00,518.3000000000002
2021-08-18 05:00:00,507.40000000000026
2021-08-18 13:00:00,517.0000000000002
2021-08-18 14:00:00,519.0000000000003
2021-08-18 15:00:00,519.9000000000002
2021-08-18 16:00:00,517.6000000000003
2021-08-18 17:00:00,518.1000000000003
2021-08-18 18:00:00,514.6000000000003
2021-08-18 19:00:00,507.80000000000024
2021-08-18 20:00:00,507.7000000000003
2021-08-19 05:00:00,494.10000000000025
2021-08-19 12:00:00,498.40000000000026
2021-08-19 13:00:00,496.7000000000003
2021-08-19 14:00:00,491.90000000000026
2021-08-19 15:00:00,493.5000000000003
2021-08-19 16:00:00,493.80000000000024
2021-08-19 17:00:00,490.40000000000026
2021-08-19 18:00:00,490.2000000000003
2021-08-19 19:00:00,494.10000000000025
2021-08-19 20:00:00,494.60000000000025
2021-08-20 05:00:00,495.7000000000003
2021-08-20 13:00:00,492.80000000000024
2021-08-20 14:00:00,492.2000000000003
2021-08-20 15:00:00,496.7000000000003
2021-08-20 16:00:00,496.0000000000003
2021-08-20 17:00:00,495.0000000000003
2021-08-20 18:00:00,494.80000000000024
2021-08-20 19:00:00,495.80000000000024
2021-08-20 20:00:00,494.30000000000024
2021-08-23 05:00:00,513.8000000000002
2021-08-23 12:00:00,505.30000000000024
2021-08-23 13:00:00,511.80000000000024
2021-08-23 14:00:00,512.9000000000003
2021-08-23 15:00:00,512.9000000000003
2021-08-23 16:00:00,513.9000000000003
2021-08-23 17:00:00,513.6000000000003
2021-08-23 18:00:00,513.9000000000003
2021-08-23 19:00:00,513.9000000000003
2021-08-24 05:00:00,522.0000000000003
2021-08-24 12:00:00,518.9000000000002
2021-08-24 13:00:00,524.0000000000003
2021-08-24 14:00:00,519.0000000000003
2021-08-24 15:00:00,518.6000000000003
2021-08-24 16:00:00,521.1000000000003
2021-08-24 17:00:00,521.3000000000003
2021-08-24 18:00:00,522.9000000000002
2021-08-24 19:00:00,521.9000000000002
2021-08-25 05:00:00,525.9000000000002
2021-08-25 13:00:00,522.5000000000003
2021-08-25 14:00:00,523.6000000000003
2021-08-25 15:00:00,526.1000000000003
2021-08-25 16:00:00,526.1000000000003
2021-08-25 17:00:00,527.9000000000002
2021-08-25 18:00:00,526.9000000000002
2021-08-25 19:00:00,526.1000000000003
2021-08-25 20:00:00,525.5000000000003
2021-08-26 05:00:00,518.0000000000002
2021-08-26 12:00:00,522.5000000000003
2021-08-26 13:00:00,524.0000000000003
2021-08-26 14:00:00,520.2000000000003
2021-08-26 15:00:00,520.9000000000002
2021-08-26 16:00:00,523.5000000000003
2021-08-26 17:00:00,520.5000000000003
2021-08-26 18:00:00,519.1000000000003
2021-08-26 19:00:00,518.0000000000002
2021-08-27 05:00:00,531.2000000000003
2021-08-27 11:00:00,521.9000000000002
2021-08-27 12:00:00,523.5000000000003
2021-08-27 13:00:00,527.8000000000003
2021-08-27 14:00:00,532.3000000000003
2021-08-27 15:00:00,532.9000000000002
2021-08-27 16:00:00,534.1000000000003
2021-08-27 17:00:00,533.9000000000002
2021-08-27 18:00:00,531.0000000000003
2021-08-27 19:00:00,531.2000000000003
2021-08-30 05:00:00,525.1000000000003
2021-08-30 13:00:00,529.9000000000002
2021-08-30 14:00:00,529.0000000000003
2021-08-30 15:00:00,530.4000000000002
2021-08-30 16:00:00,529.2000000000003
2021-08-30 17:00:00,529.2000000000003
2021-08-30 18:00:00,528.3000000000003
2021-08-30 19:00:00,525.3000000000003
2021-08-31 05:00:00,521.7000000000003
2021-08-31 13:00:00,522.4000000000002
2021-08-31 14:00:00,523.8000000000003
2021-08-31 15:00:00,524.8000000000003
2021-08-31 16:00:00,525.2000000000003
2021-08-31 17:00:00,526.2000000000003
2021-08-31 18:00:00,524.8000000000003
2021-08-31 19:00:00,521.9000000000002
2021-09-01 05:00:00,514.2000000000003
2021-09-01 13:00:00,519.4000000000002
2021-09-01 14:00:00,517.1000000000003
2021-09-01 15:00:00,513.9000000000003
2021-09-01 16:00:00,516.4000000000003
2021-09-01 17:00:00,514.8000000000002
2021-09-01 18:00:00,513.5000000000002
2021-09-01 19:00:00,514.3000000000002
2021-09-02 05:00:00,526.7000000000003
2021-09-02 13:00:00,523.9000000000002
2021-09-02 14:00:00,529.3000000000003
2021-09-02 15:00:00,530.7000000000003
2021-09-02 16:00:00,529.9000000000002
2021-09-02 17:00:00,528.0000000000003
2021-09-02 18:00:00,526.8000000000003
2021-09-02 19:00:00,526.6000000000003
2021-09-03 05:00:00,523.9000000000002
2021-09-03 12:00:00,527.0000000000003
2021-09-03 13:00:00,527.3000000000003
2021-09-03 14:00:00,524.4000000000002
2021-09-03 15:00:00,524.3000000000003
2021-09-03 16:00:00,523.1000000000003
2021-09-03 17:00:00,523.4000000000002
2021-09-03 18:00:00,525.0000000000003
2021-09-03 19:00:00,523.9000000000002
2021-09-07 05:00:00,521.2000000000003
2021-09-07 12:00:00,522.6000000000003
2021-09-07 13:00:00,527.2000000000003
2021-09-07 14:00:00,521.5000000000003
2021-09-07 15:00:00,520.1000000000003
2021-09-07 16:00:00,520.9000000000002
2021-09-07 17:00:00,521.5000000000003
2021-09-07 18:00:00,520.4000000000002
2021-09-07 19:00:00,521.7000000000003
2021-09-07 20:00:00,521.6000000000003
2021-09-08 05:00:00,514.3000000000002
2021-09-08 13:00:00,524.6000000000003
2021-09-08 14:00:00,516.4000000000003
2021-09-08 15:00:00,516.0000000000002
2021-09-08 16:00:00,517.4000000000003
2021-09-08 17:00:00,516.1000000000003
2021-09-08 18:00:00,516.6000000000003
2021-09-08 19:00:00,514.6000000000003
2021-09-09 05:00:00,515.3000000000002
2021-09-09 12:00:00,516.1000000000003
2021-09-09 13:00:00,516.3000000000002
2021-09-09 14:00:00,521.5000000000003
2021-09-09 15:00:00,518.2000000000003
2021-09-09 16:00:00,516.5000000000002
2021-09-09 17:00:00,514.9000000000003
2021-09-09 18:00:00,514.4000000000003
2021-09-09 19:00:00,515.5000000000002
2021-09-10 05:00:00,515.3000000000002
2021-09-10 13:00:00,520.2000000000003
2021-09-10 14:00:00,515.7000000000003
2021-09-10 15:00:00,514.5000000000002
2021-09-10 19:00:00,515.5000000000002
2021-09-13 05:00:00,529.7000000000003
2021-09-13 13:00:00,530.2000000000003
2021-09-13 14:00:00,530.4000000000002
2021-09-13 15:00:00,529.9000000000002
2021-09-13 16:00:00,529.2000000000003
2021-09-13 17:00:00,528.6000000000003
2021-09-13 18:00:00,528.6000000000003
2021-09-13 19:00:00,529.6000000000003
2021-09-13 20:00:00,530.0000000000002
2021-09-14 05:00:00,522.0000000000002
2021-09-14 13:00:00,527.7000000000003
2021-09-14 14:00:00,524.3000000000003
2021-09-14 15:00:00,525.0000000000002
2021-09-14 16:00:00,524.9000000000002
2021-09-14 17:00:00,525.8000000000003
2021-09-14 18:00:00,522.5000000000002
2021-09-14 19:00:00,522.0000000000002
2021-09-15 05:00:00,540.9000000000002
2021-09-15 13:00:00,539.1000000000003
2021-09-15 14:00:00,536.7000000000003
2021-09-15 15:00:00,537.8000000000003
2021-09-15 16:00:00,537.5000000000002
2021-09-15 17:00:00,537.2000000000003
2021-09-15 18:00:00,539.1000000000003
2021-09-15 19:00:00,540.9000000000002
2021-09-15 20:00:00,541.5000000000002
2021-09-16 05:00:00,535.5000000000002
2021-09-16 13:00:00,535.4000000000002
2021-09-16 14:00:00,533.3000000000003
2021-09-16 15:00:00,534.0000000000002
2021-09-16 16:00:00,535.5000000000002
2021-09-16 17:00:00,537.3000000000003
2021-09-16 18:00:00,538.3000000000003
2021-09-16 19:00:00,535.4000000000002
2021-09-17 05:00:00,531.2000000000003
2021-09-17 13:00:00,534.3000000000003
2021-09-17 14:00:00,531.7000000000003
2021-09-17 15:00:00,532.2000000000003
2021-09-17 16:00:00,532.5000000000002
2021-09-17 17:00:00,530.7000000000003
2021-09-17 18:00:00,532.2000000000003
2021-09-17 19:00:00,531.1000000000003
2021-09-20 02:00:00,529.6000000000003
2021-09-20 05:00:00,515.6000000000003
2021-09-20 08:00:00,517.5000000000002
2021-09-20 09:00:00,515.4000000000003
2021-09-20 12:00:00,516.5000000000002
2021-09-20 13:00:00,519.5000000000002
2021-09-20 14:00:00,517.4000000000003
2021-09-20 15:00:00,513.9000000000003
2021-09-20 16:00:00,510.5000000000002
2021-09-20 17:00:00,511.10000000000025
2021-09-20 18:00:00,509.10000000000025
2021-09-20 19:00:00,515.6000000000003
2021-09-21 05:00:00,516.9000000000003
2021-09-21 13:00:00,516.0000000000002
2021-09-21 14:00:00,511.7000000000003
2021-09-21 15:00:00,516.0000000000002
2021-09-21 16:00:00,517.7000000000003
2021-09-21 17:00:00,518.0000000000002
2021-09-21 18:00:00,517.8000000000002
2021-09-21 19:00:00,516.6000000000003
2021-09-22 05:00:00,531.9000000000002
2021-09-22 12:00:00,522.8000000000003
2021-09-22 13:00:00,532.0000000000002
2021-09-22 14:00:00,531.3000000000003
2021-09-22 15:00:00,535.2000000000003
2021-09-22 16:00:00,535.1000000000003
2021-09-22 17:00:00,534.2000000000003
2021-09-22 18:00:00,534.5000000000002
2021-09-22 19:00:00,532.0000000000002
2021-09-23 05:00:00,550.1000000000003
2021-09-23 13:00:00,540.0000000000002
2021-09-23 14:00:00,544.3000000000003
2021-09-23 15:00:00,547.5000000000002
2021-09-23 16:00:00,549.7000000000003
2021-09-23 17:00:00,550.5000000000002
2021-09-23 18:00:00,550.1000000000003
2021-09-23 19:00:00,550.0000000000002
2021-09-24 05:00:00,553.9000000000002
2021-09-24 13:00:00,551.7000000000003
2021-09-24 14:00:00,555.2000000000003
2021-09-24 15:00:00,554.0000000000002
2021-09-24 16:00:00,554.7000000000003
2021-09-24 17:00:00,553.4000000000002
2021-09-24 18:00:00,554.8000000000003
2021-09-24 19:00:00,553.7000000000003
2021-09-27 05:00:00,572.6000000000003
2021-09-27 13:00:00,573.0000000000002
2021-09-27 14:00:00,569.6000000000003
2021-09-27 15:00:00,573.9000000000002
2021-09-27 16:00:00,574.5000000000002
2021-09-27 17:00:00,573.3000000000003
2021-09-27 18:00:00,572.1000000000003
2021-09-27 19:00:00,572.4000000000002
2021-09-27 20:00:00,570.0000000000002
2021-09-28 05:00:00,574.8000000000003
2021-09-28 13:00:00,579.7000000000003
2021-09-28 14:00:00,579.0000000000002
2021-09-28 15:00:00,574.2000000000003
2021-09-28 16:00:00,574.5000000000002
2021-09-28 17:00:00,577.3000000000003
2021-09-28 18:00:00,579.8000000000003
2021-09-28 19:00:00,574.5000000000002
2021-09-28 20:00:00,575.0000000000002
2021-09-29 05:00:00,574.8000000000003
2021-09-29 13:00:00,574.1000000000003
2021-09-29 14:00:00,576.3000000000003
2021-09-29 15:00:00,576.1000000000003
2021-09-29 16:00:00,575.7000000000003
2021-09-29 17:00:00,575.8000000000003
2021-09-29 18:00:00,577.0000000000002
2021-09-29 19:00:00,574.6000000000003
2021-09-30 05:00:00,567.0000000000002
2021-09-30 12:00:00,574.5000000000002
2021-09-30 13:00:00,570.6000000000003
2021-09-30 14:00:00,566.9000000000002
2021-09-30 15:00:00,572.1000000000003
2021-09-30 16:00:00,569.9000000000002
2021-09-30 17:00:00,569.4000000000002
2021-09-30 18:00:00,571.1000000000003
2021-09-30 19:00:00,566.7000000000003
2021-10-01 05:00:00,584.2000000000003
2021-10-01 13:00:00,575.7000000000003
2021-10-01 14:00:00,573.8000000000003
2021-10-01 15:00:00,577.2000000000003
2021-10-01 16:00:00,580.6000000000003
2021-10-01 17:00:00,583.7000000000003
2021-10-01 18:00:00,583.3000000000003
2021-10-01 19:00:00,584.5000000000002
2021-10-01 20:00:00,585.9000000000002
2021-10-04 05:00:00,593.7000000000003
2021-10-04 13:00:00,597.2000000000003
2021-10-04 14:00:00,595.3000000000003
2021-10-04 15:00:00,600.0000000000002
2021-10-04 16:00:00,595.7000000000003
2021-10-04 17:00:00,596.2000000000003
2021-10-04 18:00:00,594.3000000000003
2021-10-04 19:00:00,593.7000000000003
2021-10-05 05:00:00,597.3000000000003
2021-10-05 12:00:00,603.2000000000003
2021-10-05 13:00:00,606.6000000000003
2021-10-05 14:00:00,603.7000000000003
2021-10-05 15:00:00,600.8000000000003
2021-10-05 16:00:00,597.2000000000003
2021-10-05 17:00:00,597.4000000000002
2021-10-05 18:00:00,598.6000000000003
2021-10-05 19:00:00,597.5000000000002
2021-10-06 05:00:00,591.3000000000003
2021-10-06 10:00:00,587.6000000000003
2021-10-06 13:00:00,583.6000000000003
2021-10-06 14:00:00,584.1000000000003
2021-10-06 15:00:00,588.3000000000003
2021-10-06 16:00:00,587.7000000000003
2021-10-06 17:00:00,588.8000000000003
2021-10-06 18:00:00,591.5000000000002
2021-10-06 19:00:00,591.3000000000003
2021-10-07 05:00:00,595.4000000000002
2021-10-07 08:00:00,586.3000000000003
2021-10-07 13:00:00,593.8000000000003
2021-10-07 14:00:00,593.5000000000002
2021-10-07 15:00:00,595.5000000000002
2021-10-07 16:00:00,595.7000000000003
2021-10-07 17:00:00,596.7000000000003
2021-10-07 18:00:00,595.7000000000003
2021-10-07 19:00:00,595.3000000000003
2021-10-08 05:00:00,613.4000000000002
2021-10-08 12:00:00,597.9000000000002
2021-10-08 13:00:00,606.0000000000002
2021-10-08 14:00:00,610.4000000000002
2021-10-08 15:00:00,610.6000000000003
2021-10-08 16:00:00,609.4000000000002
2021-10-08 17:00:00,611.0000000000002
2021-10-08 18:00:00,612.5000000000002
2021-10-08 19:00:00,613.4000000000002
2021-10-10 22:00:00,618.3000000000003
2021-10-11 05:00:00,611.4000000000002
2021-10-11 09:00:00,622.0000000000002
2021-10-11 11:00:00,621.6000000000003
2021-10-11 13:00:00,618.7000000000003
2021-10-11 14:00:00,623.5000000000002
2021-10-11 15:00:00,620.9000000000002
2021-10-11 16:00:00,614.8000000000003
2021-10-11 17:00:00,612.1000000000003
2021-10-11 18:00:00,613.4000000000002
2021-10-11 19:00:00,611.4000000000002
2021-10-12 05:00:00,611.6000000000003
2021-10-12 13:00:00,615.2000000000003
2021-10-12 14:00:00,613.7000000000003
2021-10-12 15:00:00,612.6000000000003
2021-10-12 16:00:00,609.0000000000002
2021-10-12 17:00:00,610.0000000000002
2021-10-12 18:00:00,613.6000000000003
2021-10-12 19:00:00,611.6000000000003
2021-10-12 20:00:00,611.8000000000003
2021-10-13 05:00:00,611.1000000000003
2021-10-13 12:00:00,606.9000000000002
2021-10-13 13:00:00,604.7000000000003
2021-10-13 14:00:00,607.7000000000003
2021-10-13 15:00:00,609.8000000000003
2021-10-13 16:00:00,611.0000000000002
2021-10-13 17:00:00,608.5000000000002
2021-10-13 18:00:00,610.5000000000002
2021-10-13 19:00:00,611.0000000000002
2021-10-14 05:00:00,618.5000000000002
2021-10-14 13:00:00,615.2000000000003
2021-10-14 14:00:00,616.1000000000003
2021-10-14 15:00:00,615.4000000000002
2021-10-14 16:00:00,616.6000000000003
2021-10-14 17:00:00,617.8000000000003
2021-10-14 18:00:00,617.6000000000003
2021-10-14 19:00:00,618.6000000000003
2021-10-15 05:00:00,621.3000000000003
2021-10-15 13:00:00,625.3000000000003
2021-10-15 14:00:00,623.0000000000002
2021-10-15 15:00:00,624.6000000000003
2021-10-15 16:00:00,622.9000000000002
2021-10-15 17:00:00,623.3000000000003
2021-10-15 18:00:00,624.0000000000002
2021-10-15 19:00:00,621.3000000000003
2021-10-18 05:00:00,621.5000000000002
2021-10-18 12:00:00,626.9000000000002
2021-10-18 13:00:00,627.9000000000002
2021-10-18 14:00:00,625.3000000000003
2021-10-18 15:00:00,625.3000000000003
2021-10-18 16:00:00,623.6000000000003
2021-10-18 17:00:00,620.2000000000003
2021-10-18 18:00:00,620.7000000000003
2021-10-18 19:00:00,621.5000000000002
2021-10-19 05:00:00,628.5000000000002
2021-10-19 13:00:00,622.6000000000003
2021-10-19 14:00:00,624.7000000000003
2021-10-19 15:00:00,628.9000000000002
2021-10-19 16:00:00,629.4000000000002
2021-10-19 17:00:00,628.8000000000003
2021-10-19 18:00:00,626.7000000000003
2021-10-19 19:00:00,628.6000000000003
2021-10-19 20:00:00,625.9000000000002
2021-10-20 05:00:00,633.3000000000003
2021-10-20 12:00:00,624.2000000000003
2021-10-20 13:00:00,625.9000000000002
2021-10-20 14:00:00,629.6000000000003
2021-10-20 15:00:00,627.9000000000002
2021-10-20 16:00:00,628.8000000000003
2021-10-20 17:00:00,628.7000000000003
2021-10-20 18:00:00,631.9000000000002
2021-10-20 19:00:00,633.3000000000003
2021-10-20 20:00:00,632.7000000000003
2021-10-21 05:00:00,622.3000000000003
2021-10-21 13:00:00,629.4000000000002
2021-10-21 14:00:00,625.2000000000003
2021-10-21 15:00:00,623.0000000000002
2021-10-21 16:00:00,621.7000000000003
2021-10-21 17:00:00,618.1000000000003
2021-10-21 18:00:00,621.1000000000003
2021-10-21 19:00:00,622.2000000000003
2021-10-21 20:00:00,622.4000000000002
2021-10-22 05:00:00,627.5000000000002
2021-10-22 13:00:00,626.6000000000003
2021-10-22 14:00:00,623.6000000000003
2021-10-22 15:00:00,619.8000000000003
2021-10-22 16:00:00,624.0000000000002
2021-10-22 17:00:00,625.5000000000002
2021-10-22 18:00:00,626.3000000000003
2021-10-22 19:00:00,627.4000000000002
2021-10-25 05:00:00,636.3000000000003
2021-10-25 12:00:00,632.3000000000003
2021-10-25 13:00:00,637.9000000000002
2021-10-25 14:00:00,637.0000000000002
2021-10-25 15:00:00,636.5000000000002
2021-10-25 16:00:00,633.1000000000003
2021-10-25 17:00:00,635.8000000000003
2021-10-25 18:00:00,636.0000000000002
2021-10-25 19:00:00,636.7000000000003
2021-10-25 20:00:00,632.8000000000003
2021-10-26 05:00:00,640.5000000000002
2021-10-26 12:00:00,639.6000000000003
2021-10-26 13:00:00,640.1000000000003
2021-10-26 14:00:00,642.2000000000003
2021-10-26 15:00:00,642.6000000000003
2021-10-26 16:00:00,637.3000000000003
2021-10-26 17:00:00,639.7000000000003
2021-10-26 18:00:00,641.3000000000003
2021-10-26 19:00:00,640.5000000000002
2021-10-26 20:00:00,640.6000000000003
2021-10-27 05:00:00,622.6000000000003
2021-10-27 13:00:00,633.5000000000002
2021-10-27 14:00:00,630.8000000000003
2021-10-27 15:00:00,628.2000000000003
2021-10-27 16:00:00,626.2000000000003
2021-10-27 17:00:00,626.0000000000002
2021-10-27 18:00:00,624.7000000000003
2021-10-27 19:00:00,622.5000000000002
2021-10-28 05:00:00,626.4000000000002
2021-10-28 13:00:00,624.9000000000002
2021-10-28 14:00:00,623.0000000000002
2021-10-28 15:00:00,621.7000000000003
2021-10-28 16:00:00,622.7000000000003
2021-10-28 17:00:00,623.5000000000002
2021-10-28 18:00:00,624.6000000000003
2021-10-28 19:00:00,626.2000000000003
2021-10-29 05:00:00,622.8000000000003
2021-10-29 11:00:00,631.3000000000003
2021-10-29 12:00:00,628.6000000000003
2021-10-29 13:00:00,627.5000000000002
2021-10-29 14:00:00,625.6000000000003
2021-10-29 15:00:00,622.6000000000003
2021-10-29 16:00:00,624.1000000000003
2021-10-29 17:00:00,622.4000000000002
2021-10-29 18:00:00,621.8000000000003
2021-10-29 19:00:00,622.8000000000003
2021-10-29 20:00:00,622.9000000000002
2021-11-01 05:00:00,632.8000000000003
2021-11-01 13:00:00,629.7000000000003
2021-11-01 14:00:00,631.9000000000002
2021-11-01 15:00:00,632.2000000000003
2021-11-01 16:00:00,633.2000000000003
2021-11-01 17:00:00,632.2000000000003
2021-11-01 18:00:00,633.7000000000003
2021-11-01 19:00:00,632.7000000000003
2021-11-02 05:00:00,626.9000000000002
2021-11-02 12:00:00,629.9000000000002
2021-11-02 13:00:00,630.5000000000002
2021-11-02 14:00:00,628.3000000000003
2021-11-02 15:00:00,625.3000000000003
2021-11-02 16:00:00,627.3000000000003
2021-11-02 17:00:00,627.3000000000003
2021-11-02 18:00:00,627.3000000000003
2021-11-02 19:00:00,626.9000000000002
2021-11-02 20:00:00,627.4000000000002
2021-11-03 05:00:00,621.8000000000003
2021-11-03 13:00:00,623.6000000000003
2021-11-03 14:00:00,625.6000000000003
2021-11-03 15:00:00,623.2000000000003
2021-11-03 16:00:00,621.9000000000002
2021-11-03 17:00:00,619.6000000000003
2021-11-03 18:00:00,622.1000000000003
2021-11-03 19:00:00,621.7000000000003
2021-11-04 05:00:00,622.2000000000003
2021-11-04 11:00:00,629.2000000000003
2021-11-04 12:00:00,630.4000000000002
2021-11-04 13:00:00,628.2000000000003
2021-11-04 14:00:00,623.3000000000003
2021-11-04 15:00:00,622.0000000000002
2021-11-04 16:00:00,620.6000000000003
2021-11-04 17:00:00,620.2000000000003
2021-11-04 18:00:00,619.1000000000003
2021-11-04 19:00:00,622.3000000000003
2021-11-05 05:00:00,630.4000000000002
2021-11-05 09:00:00,622.2000000000003
2021-11-05 10:00:00,622.5000000000002
2021-11-05 11:00:00,622.7000000000003
2021-11-05 13:00:00,626.1000000000003
2021-11-05 14:00:00,626.1000000000003
2021-11-05 15:00:00,628.8000000000003
2021-11-05 16:00:00,632.3000000000003
2021-11-05 17:00:00,631.7000000000003
2021-11-05 18:00:00,632.5000000000002
2021-11-05 19:00:00,630.4000000000002
2021-11-08 06:00:00,635.3000000000003
2021-11-08 13:00:00,634.6000000000003
2021-11-08 14:00:00,639.5000000000002
2021-11-08 15:00:00,639.6000000000003
2021-11-08 16:00:00,638.1000000000003
2021-11-08 17:00:00,637.7000000000003
2021-11-08 18:00:00,633.5000000000002
2021-11-08 19:00:00,635.5000000000002
2021-11-08 20:00:00,635.2000000000003
2021-11-08 21:00:00,635.7000000000003
2021-11-09 06:00:00,637.8000000000003
2021-11-09 14:00:00,630.6000000000003
2021-11-09 15:00:00,631.1000000000003
2021-11-09 16:00:00,629.6000000000003
2021-11-09 17:00:00,632.2000000000003
2021-11-09 18:00:00,632.8000000000003
2021-11-09 19:00:00,637.4000000000002
2021-11-09 20:00:00,637.7000000000003
2021-11-10 06:00:00,621.8000000000003
2021-11-10 13:00:00,634.1000000000003
2021-11-10 14:00:00,635.2000000000003
2021-11-10 15:00:00,626.9000000000002
2021-11-10 16:00:00,628.5000000000002
2021-11-10 17:00:00,624.7000000000003
2021-11-10 18:00:00,620.0000000000002
2021-11-10 19:00:00,620.0000000000002
2021-11-10 20:00:00,621.9000000000002
2021-11-11 06:00:00,624.2000000000003
2021-11-11 14:00:00,625.5000000000002
2021-11-11 15:00:00,626.6000000000003
2021-11-11 16:00:00,626.0000000000002
2021-11-11 17:00:00,627.6000000000003
2021-11-11 18:00:00,626.1000000000003
2021-11-11 19:00:00,624.9000000000002
2021-11-11 20:00:00,624.3000000000003
2021-11-12 06:00:00,622.7000000000003
2021-11-12 14:00:00,623.3000000000003
2021-11-12 15:00:00,621.6000000000003
2021-11-12 16:00:00,621.4000000000002
2021-11-12 17:00:00,620.6000000000003
2021-11-12 18:00:00,620.0000000000002
2021-11-12 19:00:00,621.1000000000003
2021-11-12 20:00:00,622.7000000000003
2021-11-15 06:00:00,627.6000000000003
2021-11-15 13:00:00,623.9000000000002
2021-11-15 14:00:00,620.6000000000003
2021-11-15 15:00:00,623.6000000000003
2021-11-15 16:00:00,624.4000000000002
2021-11-15 17:00:00,627.7000000000003
2021-11-15 18:00:00,629.9000000000002
2021-11-15 19:00:00,630.4000000000002
2021-11-15 20:00:00,627.4000000000002
2021-11-15 21:00:00,628.1000000000003
2021-11-16 06:00:00,628.5000000000002
2021-11-16 13:00:00,632.3000000000003
2021-11-16 14:00:00,629.5000000000002
2021-11-16 15:00:00,627.1000000000003
2021-11-16 16:00:00,630.2000000000003
2021-11-16 17:00:00,632.1000000000003
2021-11-16 18:00:00,633.2000000000003
2021-11-16 19:00:00,631.7000000000003
2021-11-16 20:00:00,628.7000000000003
2021-11-17 06:00:00,619.2000000000003
2021-11-17 14:00:00,627.5000000000002
2021-11-17 15:00:00,628.7000000000003
2021-11-17 16:00:00,624.9000000000002
2021-11-17 17:00:00,622.9000000000002
2021-11-17 18:00:00,621.6000000000003
2021-11-17 19:00:00,618.9000000000002
2021-11-17 20:00:00,619.4000000000002
2021-11-18 06:00:00,615.4000000000002
2021-11-18 14:00:00,614.8000000000003
2021-11-18 15:00:00,613.3000000000003
2021-11-18 16:00:00,618.1000000000003
2021-11-18 17:00:00,617.3000000000003
2021-11-18 18:00:00,619.0000000000002
2021-11-18 19:00:00,618.2000000000003
2021-11-18 20:00:00,615.7000000000003
2021-11-19 06:00:00,592.7000000000003
2021-11-19 13:00:00,601.7000000000003
2021-11-19 14:00:00,595.5000000000002
2021-11-19 15:00:00,595.0000000000002
2021-11-19 16:00:00,593.0000000000002
2021-11-19 17:00:00,595.2000000000003
2021-11-19 18:00:00,592.4000000000002
2021-11-19 19:00:00,592.5000000000002
2021-11-19 20:00:00,592.3000000000003
2021-11-21 23:00:00,577.8000000000003
2021-11-22 06:00:00,603.1000000000003
2021-11-22 13:00:00,593.8000000000003
2021-11-22 14:00:00,598.8000000000003
2021-11-22 15:00:00,604.2000000000003
2021-11-22 16:00:00,603.3000000000003
2021-11-22 17:00:00,603.2000000000003
2021-11-22 18:00:00,609.1000000000003
2021-11-22 19:00:00,610.9000000000002
2021-11-22 20:00:00,602.9000000000002
2021-11-22 21:00:00,602.9000000000002
2021-11-23 06:00:00,620.7000000000003
2021-11-23 14:00:00,615.6000000000003
2021-11-23 15:00:00,615.6000000000003
2021-11-23 16:00:00,620.3000000000003
2021-11-23 17:00:00,620.6000000000003
2021-11-23 18:00:00,622.1000000000003
2021-11-23 19:00:00,621.1000000000003
2021-11-23 20:00:00,620.8000000000003
2021-11-24 06:00:00,626.4000000000002
2021-11-24 14:00:00,627.8000000000003
2021-11-24 15:00:00,628.3000000000003
2021-11-24 16:00:00,625.5000000000002
2021-11-24 17:00:00,626.2000000000003
2021-11-24 18:00:00,626.2000000000003
2021-11-24 19:00:00,624.6000000000003
2021-11-24 20:00:00,626.6000000000003
2021-11-26 06:00:00,601.9000000000002
2021-11-26 08:00:00,602.6000000000003
2021-11-26 12:00:00,599.1000000000003
2021-11-26 13:00:00,598.9000000000002
2021-11-26 14:00:00,591.3000000000003
2021-11-26 15:00:00,590.8000000000003
2021-11-26 16:00:00,593.1000000000003
2021-11-26 17:00:00,602.0000000000002
2021-11-26 18:00:00,601.5000000000002
2021-11-29 06:00:00,605.3000000000003
2021-11-29 13:00:00,616.9000000000002
2021-11-29 14:00:00,608.1000000000003
2021-11-29 15:00:00,606.7000000000003
2021-11-29 16:00:00,607.6000000000003
2021-11-29 17:00:00,612.4000000000002
2021-11-29 18:00:00,611.8000000000003
2021-11-29 19:00:00,609.7000000000003
2021-11-29 20:00:00,604.9000000000002
2021-11-30 06:00:00,591.3000000000003
2021-11-30 14:00:00,597.2000000000003
2021-11-30 15:00:00,597.4000000000002
2021-11-30 16:00:00,591.6000000000003
2021-11-30 17:00:00,592.7000000000003
2021-11-30 18:00:00,591.1000000000003
2021-11-30 19:00:00,593.7000000000003
2021-11-30 20:00:00,591.6000000000003
2021-12-01 06:00:00,585.7000000000003
2021-12-01 13:00:00,605.6000000000003
2021-12-01 14:00:00,603.3000000000003
2021-12-01 15:00:00,609.5000000000002
2021-12-01 16:00:00,603.0000000000002
2021-12-01 17:00:00,598.1000000000003
2021-12-01 18:00:00,595.4000000000002
2021-12-01 19:00:00,591.9000000000002
2021-12-01 20:00:00,585.9000000000002
2021-12-01 21:00:00,587.8000000000003
2021-12-02 06:00:00,601.6000000000003
2021-12-02 12:00:00,585.7000000000003
2021-12-02 14:00:00,593.1000000000003
2021-12-02 15:00:00,598.5000000000002
2021-12-02 16:00:00,599.9000000000002
2021-12-02 17:00:00,600.8000000000003
2021-12-02 18:00:00,602.6000000000003
2021-12-02 19:00:00,602.6000000000003
2021-12-02 20:00:00,601.8000000000003
2021-12-03 06:00:00,597.1000000000003
2021-12-03 12:00:00,607.7000000000003
2021-12-03 13:00:00,609.8000000000003
2021-12-03 14:00:00,602.4000000000002
2021-12-03 15:00:00,600.0000000000002
2021-12-03 16:00:00,594.5000000000002
2021-12-03 17:00:00,596.6000000000003
2021-12-03 18:00:00,595.4000000000002
2021-12-03 19:00:00,593.5000000000002
2021-12-03 20:00:00,596.8000000000003
2021-12-06 06:00:00,605.5000000000002
2021-12-06 08:00:00,605.5000000000002
2021-12-06 09:00:00,603.7000000000003
2021-12-06 11:00:00,607.4000000000002
2021-12-06 12:00:00,607.2000000000003
2021-12-06 13:00:00,604.5000000000002
2021-12-06 14:00:00,603.2000000000003
2021-12-06 15:00:00,609.5000000000002
2021-12-06 16:00:00,605.6000000000003
2021-12-06 17:00:00,609.2000000000003
2021-12-06 18:00:00,611.8000000000003
2021-12-06 19:00:00,609.2000000000003
2021-12-06 20:00:00,605.5000000000002
2021-12-07 06:00:00,619.3000000000003
2021-12-07 11:00:00,615.1000000000003
2021-12-07 14:00:00,622.2000000000003
2021-12-07 15:00:00,624.4000000000002
2021-12-07 16:00:00,622.6000000000003
2021-12-07 17:00:00,622.9000000000002
2021-12-07 18:00:00,621.4000000000002
2021-12-07 19:00:00,621.3000000000003
2021-12-07 20:00:00,619.0000000000002
2021-12-08 06:00:00,619.6000000000003
2021-12-08 14:00:00,621.9000000000002
2021-12-08 15:00:00,619.2000000000003
2021-12-08 16:00:00,620.2000000000003
2021-12-08 17:00:00,620.0000000000002
2021-12-08 18:00:00,619.8000000000003
2021-12-08 19:00:00,619.2000000000003
2021-12-08 20:00:00,619.8000000000003
2021-12-09 06:00:00,614.8000000000003
2021-12-09 13:00:00,613.3000000000003
2021-12-09 14:00:00,612.0000000000002
2021-12-09 15:00:00,614.3000000000003
2021-12-09 16:00:00,612.8000000000003
2021-12-09 17:00:00,615.5000000000002
2021-12-09 18:00:00,615.2000000000003
2021-12-09 19:00:00,613.6000000000003
2021-12-09 20:00:00,614.8000000000003
2021-12-10 06:00:00,619.5000000000002
2021-12-10 14:00:00,621.0000000000002
2021-12-10 15:00:00,611.8000000000002
2021-12-10 16:00:00,612.1000000000001
2021-12-10 17:00:00,612.6000000000001
2021-12-10 18:00:00,611.4000000000002
2021-12-10 20:00:00,619.6000000000001
2021-12-13 06:00:00,602.7000000000002
2021-12-13 13:00:00,617.2000000000002
2021-12-13 14:00:00,606.2000000000002
2021-12-13 15:00:00,604.1000000000001
2021-12-13 16:00:00,601.7000000000002
2021-12-13 17:00:00,604.9000000000002
2021-12-13 18:00:00,602.8000000000002
2021-12-13 19:00:00,603.9000000000002
2021-12-13 20:00:00,602.7000000000002
2021-12-14 06:00:00,600.3000000000002
2021-12-14 14:00:00,602.9000000000002
2021-12-14 15:00:00,604.2000000000002
2021-12-14 16:00:00,603.4000000000002
2021-12-14 17:00:00,603.5000000000002
2021-12-14 18:00:00,604.0000000000002
2021-12-14 19:00:00,601.3000000000002
2021-12-14 20:00:00,600.1000000000001
2021-12-15 06:00:00,597.7000000000002
2021-12-15 14:00:00,588.9000000000002
2021-12-15 15:00:00,585.5000000000002
2021-12-15 16:00:00,589.4000000000002
2021-12-15 17:00:00,591.6000000000001
2021-12-15 18:00:00,591.8000000000002
2021-12-15 19:00:00,593.3000000000002
2021-12-15 20:00:00,597.6000000000001
2021-12-16 06:00:00,601.6000000000001
2021-12-16 14:00:00,605.0000000000002
2021-12-16 15:00:00,611.9000000000002
2021-12-16 16:00:00,610.7000000000002
2021-12-16 17:00:00,608.8000000000002
2021-12-16 18:00:00,609.0000000000002
2021-12-16 19:00:00,602.4000000000002
2021-12-16 20:00:00,601.3000000000002
2021-12-17 06:00:00,588.9000000000002
2021-12-17 12:00:00,599.8000000000002
2021-12-17 14:00:00,588.0000000000002
2021-12-17 15:00:00,594.7000000000002
2021-12-17 16:00:00,593.9000000000002
2021-12-17 17:00:00,593.9000000000002
2021-12-17 18:00:00,593.6000000000001
2021-12-17 19:00:00,591.0000000000002
2021-12-17 20:00:00,588.7000000000002
2021-12-20 06:00:00,581.9000000000002
2021-12-20 14:00:00,571.6000000000001
2021-12-20 15:00:00,572.7000000000002
2021-12-20 16:00:00,574.9000000000002
2021-12-20 17:00:00,576.6000000000001
2021-12-20 18:00:00,578.0000000000002
2021-12-20 19:00:00,578.1000000000001
2021-12-20 20:00:00,581.4000000000002
2021-12-21 06:00:00,597.9000000000002
2021-12-21 11:00:00,588.1000000000001
2021-12-21 14:00:00,590.5000000000002
2021-12-21 15:00:00,593.0000000000002
2021-12-21 16:00:00,595.8000000000002
2021-12-21 17:00:00,598.8000000000002
2021-12-21 18:00:00,597.6000000000001
2021-12-21 19:00:00,598.2000000000002
2021-12-21 20:00:00,597.8000000000002
2021-12-22 06:00:00,601.0000000000002
2021-12-22 14:00:00,595.1000000000001
2021-12-22 15:00:00,601.9000000000002
2021-12-22 16:00:00,602.6000000000001
2021-12-22 17:00:00,604.7000000000002
2021-12-22 18:00:00,603.7000000000002
2021-12-22 19:00:00,601.7000000000002
2021-12-22 20:00:00,601.0000000000002
2021-12-23 06:00:00,601.7000000000002
2021-12-23 14:00:00,605.4000000000002
2021-12-23 15:00:00,605.5000000000002
2021-12-23 16:00:00,605.6000000000001
2021-12-23 17:00:00,604.4000000000002
2021-12-23 18:00:00,603.9000000000002
2021-12-23 19:00:00,604.4000000000002
2021-12-23 20:00:00,601.6000000000001
2021-12-27 06:00:00,614.4000000000002
2021-12-27 14:00:00,602.3000000000002
2021-12-27 15:00:00,607.3000000000002
2021-12-27 16:00:00,609.4000000000002
2021-12-27 17:00:00,610.7000000000002
2021-12-27 18:00:00,612.5000000000002
2021-12-27 19:00:00,613.0000000000002
2021-12-27 20:00:00,614.5000000000002
2021-12-28 06:00:00,614.1000000000001
2021-12-28 14:00:00,617.8000000000002
2021-12-28 15:00:00,614.0000000000002
2021-12-28 16:00:00,613.7000000000002
2021-12-28 17:00:00,612.0000000000002
2021-12-28 18:00:00,612.9000000000002
2021-12-28 19:00:00,614.3000000000002
2021-12-28 20:00:00,614.1000000000001
2021-12-28 21:00:00,614.4000000000002
2021-12-29 06:00:00,610.2000000000002
2021-12-29 14:00:00,609.3000000000002
2021-12-29 15:00:00,614.4000000000002
2021-12-29 16:00:00,609.9000000000002
2021-12-29 17:00:00,610.9000000000002
2021-12-29 18:00:00,612.6000000000001
2021-12-29 19:00:00,611.1000000000001
2021-12-29 20:00:00,610.1000000000001
2021-12-29 21:00:00,611.0000000000002
2021-12-30 06:00:00,606.5000000000002
2021-12-30 08:00:00,612.0000000000002
2021-12-30 14:00:00,614.0000000000002
2021-12-30 15:00:00,609.1000000000001
2021-12-30 16:00:00,609.0000000000002
2021-12-30 17:00:00,608.4000000000002
2021-12-30 18:00:00,609.6000000000001
2021-12-30 19:00:00,608.3000000000002
2021-12-30 20:00:00,606.2000000000002
2021-12-30 21:00:00,606.8000000000002
2021-12-31 06:00:00,608.2000000000002
2021-12-31 14:00:00,607.0000000000002
2021-12-31 15:00:00,605.7000000000002
2021-12-31 16:00:00,607.2000000000002
2021-12-31 17:00:00,606.7000000000002
2021-12-31 19:00:00,606.8000000000002
2021-12-31 20:00:00,608.2000000000002
2022-01-03 06:00:00,626.1000000000001
2022-01-03 14:00:00,619.2000000000002
2022-01-03 15:00:00,621.4000000000002
2022-01-03 16:00:00,622.9000000000002
2022-01-03 17:00:00,622.4000000000002
2022-01-03 18:00:00,623.1000000000001
2022-01-03 19:00:00,625.7000000000002
2022-01-03 20:00:00,626.4000000000002
2022-01-04 06:00:00,647.1000000000001
2022-01-04 14:00:00,642.1000000000001
2022-01-04 15:00:00,644.8000000000002
2022-01-04 16:00:00,648.1000000000001
2022-01-04 17:00:00,648.5000000000002
2022-01-04 18:00:00,646.3000000000002
2022-01-04 19:00:00,648.8000000000002
2022-01-04 20:00:00,647.2000000000002
2022-01-05 06:00:00,646.7000000000002
2022-01-05 14:00:00,656.1000000000001
2022-01-05 15:00:00,656.1000000000001
2022-01-05 16:00:00,652.8000000000002
2022-01-05 17:00:00,656.3000000000002
2022-01-05 18:00:00,656.1000000000001
2022-01-05 19:00:00,651.6000000000001
2022-01-05 20:00:00,646.7000000000002
2022-01-06 06:00:00,660.9000000000002
2022-01-06 11:00:00,654.5000000000002
2022-01-06 14:00:00,655.1000000000001
2022-01-06 15:00:00,655.3000000000002
2022-01-06 16:00:00,658.3000000000002
2022-01-06 17:00:00,659.1000000000001
2022-01-06 18:00:00,658.8000000000002
2022-01-06 19:00:00,660.9000000000002
2022-01-06 20:00:00,660.6000000000001
2022-01-06 21:00:00,660.8000000000002
2022-01-07 06:00:00,669.9000000000002
2022-01-07 14:00:00,662.7000000000002
2022-01-07 15:00:00,665.1000000000001
2022-01-07 16:00:00,667.3000000000002
2022-01-07 17:00:00,668.8000000000002
2022-01-07 18:00:00,670.0000000000002
2022-01-07 19:00:00,669.3000000000002
2022-01-07 20:00:00,669.8000000000002
2022-01-10 06:00:00,667.8000000000002
2022-01-10 14:00:00,663.9000000000002
2022-01-10 15:00:00,662.0000000000002
2022-01-10 16:00:00,663.7000000000002
2022-01-10 17:00:00,662.5000000000002
2022-01-10 18:00:00,665.9000000000002
2022-01-10 19:00:00,666.5000000000002
2022-01-10 20:00:00,667.2000000000002
2022-01-11 06:00:00,689.4000000000002
2022-01-11 14:00:00,671.2000000000002
2022-01-11 15:00:00,672.7000000000002
2022-01-11 16:00:00,679.2000000000002
2022-01-11 17:00:00,685.6000000000001
2022-01-11 18:00:00,687.1000000000001
2022-01-11 19:00:00,688.0000000000002
2022-01-11 20:00:00,689.0000000000002
2022-01-12 06:00:00,690.7000000000002
2022-01-12 14:00:00,693.5000000000002
2022-01-12 15:00:00,688.7000000000002
2022-01-12 16:00:00,689.6000000000001
2022-01-12 17:00:00,689.5000000000002
2022-01-12 18:00:00,690.6000000000001
2022-01-12 19:00:00,689.9000000000002
2022-01-12 20:00:00,690.8000000000002
2022-01-13 06:00:00,686.8000000000002
2022-01-13 14:00:00,692.9000000000002
2022-01-13 15:00:00,690.0000000000002
2022-01-13 16:00:00,695.8000000000002
2022-01-13 17:00:00,690.9000000000002
2022-01-13 18:00:00,694.0000000000002
2022-01-13 19:00:00,692.6000000000001
2022-01-13 20:00:00,686.8000000000002
2022-01-14 06:00:00,703.4000000000002
2022-01-14 14:00:00,697.7000000000002
2022-01-14 15:00:00,694.8000000000002
2022-01-14 16:00:00,695.9000000000002
2022-01-14 17:00:00,695.2000000000002
2022-01-14 18:00:00,697.7000000000002
2022-01-14 19:00:00,699.8000000000002
2022-01-14 20:00:00,703.3000000000002
2022-01-14 21:00:00,702.5000000000002
2022-01-18 06:00:00,705.4000000000002
2022-01-18 14:00:00,712.7000000000002
2022-01-18 15:00:00,706.2000000000002
2022-01-18 16:00:00,702.5000000000002
2022-01-18 17:00:00,696.7000000000002
2022-01-18 18:00:00,700.8000000000002
2022-01-18 19:00:00,708.4000000000002
2022-01-18 20:00:00,705.5000000000002
2022-01-19 06:00:00,700.3000000000002
2022-01-19 14:00:00,704.0000000000002
2022-01-19 15:00:00,702.5000000000002
2022-01-19 16:00:00,704.0000000000002
2022-01-19 17:00:00,703.9000000000002
2022-01-19 18:00:00,704.4000000000002
2022-01-19 19:00:00,703.9000000000002
2022-01-19 20:00:00,700.8000000000002
2022-01-20 06:00:00,694.5000000000002
2022-01-20 14:00:00,701.6000000000001
2022-01-20 15:00:00,707.6000000000001
2022-01-20 16:00:00,710.0000000000002
2022-01-20 17:00:00,711.9000000000002
2022-01-20 18:00:00,709.4000000000002
2022-01-20 19:00:00,706.2000000000002
2022-01-20 20:00:00,694.5000000000002
2022-01-21 06:00:00,681.7000000000002
2022-01-21 12:00:00,688.0000000000002
2022-01-21 14:00:00,681.2000000000002
2022-01-21 15:00:00,685.7000000000002
2022-01-21 16:00:00,685.6000000000001
2022-01-21 17:00:00,684.7000000000002
2022-01-21 18:00:00,685.4000000000002
2022-01-21 19:00:00,681.2000000000002
2022-01-21 20:00:00,681.9000000000002
2022-01-24 06:00:00,685.0000000000002
2022-01-24 13:00:00,668.6000000000001
2022-01-24 14:00:00,662.3000000000002
2022-01-24 15:00:00,664.4000000000002
2022-01-24 16:00:00,660.8000000000002
2022-01-24 17:00:00,662.9000000000002
2022-01-24 18:00:00,668.9000000000002
2022-01-24 19:00:00,672.7000000000002
2022-01-24 20:00:00,685.5000000000002
2022-01-24 21:00:00,676.7000000000002
2022-01-25 06:00:00,710.9000000000002
2022-01-25 13:00:00,685.5000000000002
2022-01-25 14:00:00,674.5000000000002
2022-01-25 15:00:00,689.5000000000002
2022-01-25 16:00:00,696.4000000000002
2022-01-25 17:00:00,698.1000000000001
2022-01-25 18:00:00,706.7000000000002
2022-01-25 19:00:00,710.9000000000002
2022-01-25 20:00:00,710.6000000000001
2022-01-25 23:00:00,719.4000000000002
2022-01-26 06:00:00,709.8000000000002
2022-01-26 11:00:00,719.4000000000002
2022-01-26 13:00:00,721.5000000000002
2022-01-26 14:00:00,722.8000000000002
2022-01-26 15:00:00,715.7000000000002
2022-01-26 16:00:00,718.1000000000001
2022-01-26 17:00:00,720.3000000000002
2022-01-26 18:00:00,720.2000000000002
2022-01-26 19:00:00,714.3000000000002
2022-01-26 20:00:00,709.4000000000002
2022-01-27 06:00:00,717.6000000000001
2022-01-27 14:00:00,724.3000000000002
2022-01-27 15:00:00,721.5000000000002
2022-01-27 16:00:00,718.9000000000002
2022-01-27 17:00:00,710.8000000000002
2022-01-27 18:00:00,710.0000000000002
2022-01-27 19:00:00,709.5000000000002
2022-01-27 20:00:00,717.6000000000001
2022-01-27 21:00:00,719.8000000000002
2022-01-28 06:00:00,714.4000000000002
2022-01-28 10:00:00,713.0000000000002
2022-01-28 12:00:00,706.8000000000002
2022-01-28 14:00:00,713.0000000000002
2022-01-28 15:00:00,708.7000000000002
2022-01-28 16:00:00,713.5000000000002
2022-01-28 17:00:00,705.8000000000002
2022-01-28 18:00:00,710.1000000000001
2022-01-28 19:00:00,707.0000000000002
2022-01-28 20:00:00,714.5000000000002
2022-01-31 06:00:00,717.3000000000002
2022-01-31 14:00:00,702.1000000000001
2022-01-31 15:00:00,716.6000000000001
2022-01-31 16:00:00,714.8000000000002
2022-01-31 17:00:00,719.9000000000002
2022-01-31 18:00:00,718.6000000000001
2022-01-31 19:00:00,718.6000000000001
2022-01-31 20:00:00,716.9000000000002
2022-02-01 06:00:00,742.1000000000001
2022-02-01 09:00:00,714.8000000000002
2022-02-01 14:00:00,728.4000000000002
2022-02-01 15:00:00,740.8000000000002
2022-02-01 16:00:00,739.7000000000002
2022-02-01 17:00:00,738.0000000000002
2022-02-01 18:00:00,737.8000000000002
2022-02-01 19:00:00,741.3000000000002
2022-02-01 20:00:00,742.0000000000002
2022-02-02 06:00:00,744.2000000000002
2022-02-02 13:00:00,746.4000000000002
2022-02-02 14:00:00,731.3000000000002
2022-02-02 15:00:00,737.8000000000002
2022-02-02 16:00:00,736.5000000000002
2022-02-02 17:00:00,737.5000000000002
2022-02-02 18:00:00,740.5000000000002
2022-02-02 19:00:00,744.2000000000002
2022-02-02 20:00:00,744.2000000000002
2022-02-03 06:00:00,737.0000000000002
2022-02-03 14:00:00,736.0000000000002
2022-02-03 15:00:00,738.1000000000001
2022-02-03 16:00:00,733.8000000000002
2022-02-03 17:00:00,731.6000000000001
2022-02-03 18:00:00,736.6000000000001
2022-02-03 19:00:00,738.7000000000002
2022-02-03 20:00:00,737.0000000000002
2022-02-03 21:00:00,734.5000000000002
2022-02-04 05:00:00,739.4000000000002
2022-02-04 06:00:00,748.7000000000002
2022-02-04 12:00:00,743.2000000000002
2022-02-04 14:00:00,753.6000000000001
2022-02-04 15:00:00,747.0000000000002
2022-02-04 16:00:00,750.3000000000002
2022-02-04 17:00:00,748.3000000000002
2022-02-04 18:00:00,753.3000000000002
2022-02-04 19:00:00,751.9000000000002
2022-02-04 20:00:00,748.5000000000002
2022-02-04 21:00:00,745.9000000000002
2022-02-07 06:00:00,757.7000000000002
2022-02-07 14:00:00,751.5000000000002
2022-02-07 15:00:00,757.0000000000002
2022-02-07 16:00:00,756.1000000000001
2022-02-07 17:00:00,756.9000000000002
2022-02-07 18:00:00,758.1000000000001
2022-02-07 19:00:00,762.1000000000001
2022-02-07 20:00:00,757.7000000000002
2022-02-08 06:00:00,742.4000000000002
2022-02-08 13:00:00,753.1000000000001
2022-02-08 14:00:00,741.1000000000001
2022-02-08 15:00:00,740.9000000000002
2022-02-08 16:00:00,741.1000000000001
2022-02-08 17:00:00,741.4000000000002
2022-02-08 18:00:00,743.0000000000002
2022-02-08 19:00:00,739.3000000000002
2022-02-08 20:00:00,742.4000000000002
2022-02-09 06:00:00,748.1000000000001
2022-02-09 14:00:00,749.2000000000002
2022-02-09 15:00:00,750.4000000000002
2022-02-09 16:00:00,747.2000000000002
2022-02-09 17:00:00,747.0000000000002
2022-02-09 18:00:00,746.9000000000002
2022-02-09 19:00:00,746.0000000000002
2022-02-09 20:00:00,748.3000000000002
2022-02-09 21:00:00,748.3000000000002
2022-02-10 06:00:00,744.3000000000002
2022-02-10 14:00:00,752.7000000000002
2022-02-10 15:00:00,754.5000000000002
2022-02-10 16:00:00,755.2000000000002
2022-02-10 17:00:00,750.5000000000002
2022-02-10 18:00:00,744.9000000000002
2022-02-10 19:00:00,746.0000000000002
2022-02-10 20:00:00,744.3000000000002
2022-02-10 21:00:00,743.8000000000002
2022-02-11 06:00:00,764.2000000000002
2022-02-11 14:00:00,751.9000000000002
2022-02-11 15:00:00,756.9000000000002
2022-02-11 16:00:00,756.7000000000002
2022-02-11 17:00:00,757.2000000000002
2022-02-11 18:00:00,761.3000000000002
2022-02-11 19:00:00,758.5000000000002
2022-02-11 20:00:00,764.6000000000001
2022-02-14 06:00:00,747.5000000000002
2022-02-14 14:00:00,749.6000000000001
2022-02-14 15:00:00,739.1000000000001
2022-02-14 16:00:00,744.7000000000002
2022-02-14 17:00:00,744.0000000000002
2022-02-14 18:00:00,746.3000000000002
2022-02-14 19:00:00,743.8000000000002
2022-02-14 20:00:00,747.3000000000002
2022-02-15 06:00:00,739.7000000000002
2022-02-15 09:00:00,740.8000000000002
2022-02-15 13:00:00,733.7000000000002
2022-02-15 14:00:00,729.5000000000002
2022-02-15 15:00:00,736.5000000000002
2022-02-15 16:00:00,737.2000000000002
2022-02-15 17:00:00,736.7000000000002
2022-02-15 18:00:00,739.4000000000002
2022-02-15 19:00:00,738.3000000000002
2022-02-15 20:00:00,739.6000000000001
2022-02-16 06:00:00,744.6000000000001
2022-02-16 13:00:00,745.2000000000002
2022-02-16 14:00:00,753.5000000000002
2022-02-16 15:00:00,751.2000000000002
2022-02-16 16:00:00,749.6000000000001
2022-02-16 17:00:00,750.4000000000002
2022-02-16 18:00:00,748.7000000000002
2022-02-16 19:00:00,751.1000000000001
2022-02-16 20:00:00,744.6000000000001
2022-02-17 06:00:00,743.4000000000002
2022-02-17 14:00:00,744.9000000000002
2022-02-17 15:00:00,739.1000000000001
2022-02-17 16:00:00,743.8000000000002
2022-02-17 17:00:00,745.6000000000001
2022-02-17 18:00:00,743.6000000000001
2022-02-17 19:00:00,743.2000000000002
2022-02-17 20:00:00,743.5000000000002
2022-02-18 06:00:00,738.6000000000001
2022-02-18 09:00:00,739.8000000000002
2022-02-18 14:00:00,741.5000000000002
2022-02-18 15:00:00,738.5000000000002
2022-02-18 16:00:00,733.7000000000002
2022-02-18 17:00:00,736.5000000000002
2022-02-18 18:00:00,737.5000000000002
2022-02-18 19:00:00,738.4000000000002
2022-02-18 20:00:00,738.8000000000002
2022-02-22 06:00:00,727.5000000000002
2022-02-22 07:00:00,737.8000000000002
2022-02-22 08:00:00,752.6000000000001
2022-02-22 13:00:00,752.5000000000002
2022-02-22 14:00:00,742.6000000000001
2022-02-22 15:00:00,739.0000000000002
2022-02-22 16:00:00,734.4000000000002
2022-02-22 17:00:00,727.3000000000002
2022-02-22 18:00:00,719.9000000000002
2022-02-22 19:00:00,729.8000000000002
2022-02-22 20:00:00,727.5000000000002
2022-02-23 06:00:00,734.7000000000002
2022-02-23 13:00:00,732.2000000000002
2022-02-23 14:00:00,736.5000000000002
2022-02-23 15:00:00,736.7000000000002
2022-02-23 16:00:00,732.6000000000001
2022-02-23 17:00:00,736.3000000000002
2022-02-23 18:00:00,736.1000000000001
2022-02-23 19:00:00,732.0000000000002
2022-02-23 20:00:00,734.6000000000001
2022-02-24 06:00:00,728.8000000000002
2022-02-24 10:00:00,757.7000000000002
2022-02-24 14:00:00,724.9000000000002
2022-02-24 15:00:00,727.7000000000002
2022-02-24 16:00:00,723.4000000000002
2022-02-24 17:00:00,724.2000000000002
2022-02-24 18:00:00,720.0000000000002
2022-02-24 19:00:00,721.1000000000001
2022-02-24 20:00:00,728.6000000000001
2022-02-25 06:00:00,747.3000000000002
2022-02-25 14:00:00,736.1000000000001
2022-02-25 15:00:00,737.8000000000002
2022-02-25 16:00:00,742.3000000000002
2022-02-25 17:00:00,744.4000000000002
2022-02-25 18:00:00,744.5000000000002
2022-02-25 19:00:00,744.1000000000001
2022-02-25 20:00:00,746.9000000000002
2022-02-28 06:00:00,765.1000000000001
2022-02-28 14:00:00,746.7000000000002
2022-02-28 15:00:00,759.3000000000002
2022-02-28 16:00:00,762.3000000000002
2022-02-28 17:00:00,757.7000000000002
2022-02-28 18:00:00,758.2000000000002
2022-02-28 19:00:00,759.6000000000001
2022-02-28 20:00:00,764.9000000000002
2022-03-01 06:00:00,772.0000000000002
2022-03-01 13:00:00,775.4000000000002
2022-03-01 14:00:00,780.0000000000002
2022-03-01 15:00:00,773.1000000000001
2022-03-01 16:00:00,769.0000000000002
2022-03-01 17:00:00,771.8000000000002
2022-03-01 18:00:00,765.8000000000002
2022-03-01 19:00:00,768.9000000000002
2022-03-01 20:00:00,772.0000000000002
2022-03-02 06:00:00,789.2000000000002
2022-03-02 13:00:00,785.6000000000001
2022-03-02 14:00:00,789.3000000000002
2022-03-02 15:00:00,784.3000000000002
2022-03-02 16:00:00,789.3000000000002
2022-03-02 17:00:00,791.8000000000002
2022-03-02 18:00:00,793.8000000000002
2022-03-02 19:00:00,791.6000000000001
2022-03-02 20:00:00,789.3000000000002
2022-03-03 06:00:00,791.8000000000002
2022-03-03 08:00:00,802.8000000000002
2022-03-03 13:00:00,780.6000000000001
2022-03-03 14:00:00,785.2000000000002
2022-03-03 15:00:00,791.1000000000001
2022-03-03 16:00:00,788.3000000000002
2022-03-03 17:00:00,790.8000000000002
2022-03-03 18:00:00,791.3000000000002
2022-03-03 19:00:00,789.3000000000002
2022-03-03 20:00:00,792.0000000000002
2022-03-03 21:00:00,790.8000000000002
2022-03-04 06:00:00,813.6000000000001
2022-03-04 13:00:00,797.3000000000002
2022-03-04 14:00:00,798.5000000000002
2022-03-04 15:00:00,802.1000000000001
2022-03-04 16:00:00,796.1000000000001
2022-03-04 17:00:00,801.2000000000002
2022-03-04 18:00:00,801.5000000000002
2022-03-04 19:00:00,807.6000000000001
2022-03-04 20:00:00,813.7000000000002
2022-03-07 06:00:00,825.6000000000001
2022-03-07 07:00:00,834.2000000000002
2022-03-07 13:00:00,829.4000000000002
2022-03-07 14:00:00,829.2000000000002
2022-03-07 15:00:00,825.6000000000001
2022-03-07 16:00:00,817.3000000000002
2022-03-07 17:00:00,813.1000000000001
2022-03-07 18:00:00,818.0000000000002
2022-03-07 19:00:00,820.7000000000002
2022-03-07 20:00:00,825.7000000000002
2022-03-08 06:00:00,837.7000000000002
2022-03-08 13:00:00,838.4000000000002
2022-03-08 14:00:00,854.0000000000002
2022-03-08 15:00:00,860.9000000000002
2022-03-08 16:00:00,862.6000000000001
2022-03-08 17:00:00,828.5000000000002
2022-03-08 18:00:00,844.2000000000002
2022-03-08 19:00:00,839.9000000000002
2022-03-08 20:00:00,837.5000000000002
2022-03-09 06:00:00,812.4000000000002
2022-03-09 13:00:00,810.8000000000002
2022-03-09 14:00:00,816.1000000000001
2022-03-09 15:00:00,822.4000000000002
2022-03-09 16:00:00,828.7000000000002
2022-03-09 17:00:00,813.7000000000002
2022-03-09 18:00:00,803.6000000000001
2022-03-09 19:00:00,810.7000000000002
2022-03-09 20:00:00,812.2000000000002
2022-03-09 21:00:00,813.0000000000002
2022-03-10 06:00:00,836.7000000000002
2022-03-10 13:00:00,820.8000000000002
2022-03-10 14:00:00,824.4000000000002
2022-03-10 15:00:00,830.6000000000001
2022-03-10 16:00:00,828.8000000000002
2022-03-10 17:00:00,827.6000000000001
2022-03-10 18:00:00,832.0000000000002
2022-03-10 19:00:00,832.1000000000001
2022-03-10 20:00:00,836.4000000000002
2022-03-11 06:00:00,830.2000000000002
2022-03-11 14:00:00,833.8000000000002
2022-03-11 15:00:00,833.8000000000002
2022-03-11 16:00:00,830.0000000000002
2022-03-11 17:00:00,833.9000000000002
2022-03-11 18:00:00,838.8000000000002
2022-03-11 19:00:00,840.4000000000002
2022-03-11 20:00:00,830.5000000000002
2022-03-14 05:00:00,807.0000000000002
2022-03-14 11:00:00,816.5000000000002
2022-03-14 13:00:00,799.9000000000002
2022-03-14 14:00:00,810.7000000000002
2022-03-14 15:00:00,803.9000000000002
2022-03-14 16:00:00,808.0000000000002
2022-03-14 17:00:00,802.6000000000003
2022-03-14 18:00:00,799.1000000000003
2022-03-14 19:00:00,807.1000000000003
2022-03-15 05:00:00,778.2000000000002
2022-03-15 13:00:00,770.2000000000002
2022-03-15 14:00:00,772.1000000000003
2022-03-15 15:00:00,780.1000000000003
2022-03-15 16:00:00,783.5000000000002
2022-03-15 17:00:00,781.0000000000002
2022-03-15 18:00:00,779.6000000000003
2022-03-15 19:00:00,778.4000000000002
2022-03-15 20:00:00,776.4000000000002
2022-03-16 05:00:00,774.5000000000002
2022-03-16 12:00:00,787.4000000000002
2022-03-16 13:00:00,782.6000000000003
2022-03-16 14:00:00,773.9000000000002
2022-03-16 15:00:00,777.7000000000002
2022-03-16 16:00:00,779.5000000000002
2022-03-16 17:00:00,777.6000000000003
2022-03-16 18:00:00,769.2000000000002
2022-03-16 19:00:00,774.6000000000003
2022-03-16 20:00:00,773.8000000000002
2022-03-17 05:00:00,800.5000000000002
2022-03-17 13:00:00,785.5000000000002
2022-03-17 14:00:00,789.2000000000002
2022-03-17 15:00:00,798.0000000000002
2022-03-17 16:00:00,796.9000000000002
2022-03-17 17:00:00,796.8000000000002
2022-03-17 18:00:00,798.5000000000002
2022-03-17 19:00:00,800.6000000000003
2022-03-18 05:00:00,799.5000000000002
2022-03-18 12:00:00,796.7000000000002
2022-03-18 13:00:00,800.5000000000002
2022-03-18 14:00:00,797.8000000000002
2022-03-18 15:00:00,797.1000000000003
2022-03-18 16:00:00,799.4000000000002
2022-03-18 17:00:00,799.1000000000003
2022-03-18 18:00:00,798.6000000000003
2022-03-18 19:00:00,799.1000000000003
2022-03-21 05:00:00,830.5000000000002
2022-03-21 13:00:00,828.1000000000003
2022-03-21 14:00:00,829.3000000000002
2022-03-21 15:00:00,826.3000000000002
2022-03-21 16:00:00,825.1000000000003
2022-03-21 17:00:00,827.3000000000002
2022-03-21 18:00:00,830.5000000000002
2022-03-21 19:00:00,830.2000000000002
2022-03-22 05:00:00,825.1000000000003
2022-03-22 13:00:00,829.1000000000003
2022-03-22 14:00:00,822.0000000000002
2022-03-22 15:00:00,816.9000000000002
2022-03-22 16:00:00,821.4000000000002
2022-03-22 17:00:00,826.4000000000002
2022-03-22 18:00:00,826.1000000000003
2022-03-22 19:00:00,825.2000000000002
2022-03-23 05:00:00,838.6000000000003
2022-03-23 12:00:00,836.9000000000002
2022-03-23 13:00:00,838.4000000000002
2022-03-23 14:00:00,839.5000000000002
2022-03-23 15:00:00,839.0000000000002
2022-03-23 16:00:00,838.0000000000002
2022-03-23 17:00:00,837.1000000000003
2022-03-23 18:00:00,840.6000000000003
2022-03-23 19:00:00,838.4000000000002
2022-03-24 05:00:00,839.5000000000002
2022-03-24 13:00:00,842.4000000000002
2022-03-24 14:00:00,844.4000000000002
2022-03-24 15:00:00,842.3000000000002
2022-03-24 16:00:00,841.3000000000002
2022-03-24 17:00:00,843.9000000000002
2022-03-24 18:00:00,836.3000000000002
2022-03-24 19:00:00,839.6000000000003
2022-03-25 05:00:00,857.6000000000003
2022-03-25 13:00:00,842.4000000000002
2022-03-25 14:00:00,850.1000000000003
2022-03-25 15:00:00,853.9000000000002
2022-03-25 16:00:00,853.4000000000002
2022-03-25 17:00:00,854.0000000000002
2022-03-25 18:00:00,855.7000000000002
2022-03-25 19:00:00,857.7000000000002
2022-03-28 05:00:00,837.4000000000002
2022-03-28 13:00:00,835.8000000000002
2022-03-28 14:00:00,836.6000000000003
2022-03-28 15:00:00,836.6000000000003
2022-03-28 16:00:00,837.7000000000002
2022-03-28 17:00:00,835.7000000000002
2022-03-28 18:00:00,837.8000000000002
2022-03-28 19:00:00,837.1000000000003
2022-03-29 05:00:00,834.5000000000002
2022-03-29 13:00:00,816.1000000000003
2022-03-29 14:00:00,824.7000000000002
2022-03-29 15:00:00,822.4000000000002
2022-03-29 16:00:00,823.1000000000003
2022-03-29 17:00:00,825.3000000000002
2022-03-29 18:00:00,829.3000000000002
2022-03-29 19:00:00,834.4000000000002
2022-03-30 05:00:00,844.2000000000002
2022-03-30 12:00:00,839.6000000000003
2022-03-30 13:00:00,841.5000000000002
2022-03-30 14:00:00,845.3000000000002
2022-03-30 15:00:00,844.3000000000002
2022-03-30 16:00:00,840.9000000000002
2022-03-30 17:00:00,840.1000000000003
2022-03-30 18:00:00,842.4000000000002
2022-03-30 19:00:00,844.2000000000002
2022-03-31 05:00:00,833.5000000000002
2022-03-31 13:00:00,845.8000000000002
2022-03-31 14:00:00,849.1000000000003
2022-03-31 15:00:00,848.4000000000002
2022-03-31 16:00:00,847.5000000000002
2022-03-31 17:00:00,846.7000000000002
2022-03-31 18:00:00,839.6000000000003
2022-03-31 19:00:00,832.5000000000002
2022-04-01 05:00:00,839.9000000000002
2022-04-01 07:00:00,832.4000000000002
2022-04-01 13:00:00,844.5000000000002
2022-04-01 14:00:00,839.4000000000002
2022-04-01 15:00:00,840.7000000000002
2022-04-01 16:00:00,837.6000000000003
2022-04-01 17:00:00,835.1000000000003
2022-04-01 18:00:00,838.9000000000002
2022-04-01 19:00:00,839.9000000000002
2022-04-04 05:00:00,840.7000000000002
2022-04-04 13:00:00,839.6000000000003
2022-04-04 14:00:00,836.6000000000003
2022-04-04 15:00:00,835.7000000000002
2022-04-04 16:00:00,833.7000000000002
2022-04-04 17:00:00,837.1000000000003
2022-04-04 18:00:00,839.0000000000002
2022-04-04 19:00:00,840.7000000000002
2022-04-05 05:00:00,828.0000000000002
2022-04-05 13:00:00,850.6000000000003
2022-04-05 14:00:00,840.2000000000002
2022-04-05 15:00:00,836.4000000000002
2022-04-05 16:00:00,836.9000000000002
2022-04-05 17:00:00,836.7000000000002
2022-04-05 18:00:00,835.5000000000002
2022-04-05 19:00:00,828.7000000000002
2022-04-06 05:00:00,833.1000000000003
2022-04-06 13:00:00,836.2000000000002
2022-04-06 14:00:00,841.5000000000002
2022-04-06 15:00:00,837.8000000000002
2022-04-06 16:00:00,837.8000000000002
2022-04-06 17:00:00,833.1000000000003
2022-04-06 18:00:00,836.0000000000002
2022-04-06 19:00:00,833.3000000000002
2022-04-07 05:00:00,843.5000000000002
2022-04-07 13:00:00,833.4000000000002
2022-04-07 14:00:00,831.8000000000002
2022-04-07 15:00:00,823.5000000000002
2022-04-07 16:00:00,827.6000000000003
2022-04-07 17:00:00,832.0000000000002
2022-04-07 18:00:00,838.7000000000002
2022-04-07 19:00:00,844.0000000000002
2022-04-08 05:00:00,865.1000000000003
2022-04-08 13:00:00,856.7000000000002
2022-04-08 14:00:00,859.6000000000003
2022-04-08 15:00:00,862.8000000000002
2022-04-08 16:00:00,864.6000000000003
2022-04-08 17:00:00,864.7000000000002
2022-04-08 18:00:00,866.3000000000002
2022-04-08 19:00:00,865.8000000000002
2022-04-11 05:00:00,840.4000000000002
2022-04-11 13:00:00,847.5000000000002
2022-04-11 14:00:00,848.7000000000002
2022-04-11 15:00:00,845.3000000000002
2022-04-11 16:00:00,840.5000000000002
2022-04-11 17:00:00,841.1000000000003
2022-04-11 18:00:00,846.3000000000002
2022-04-11 19:00:00,840.7000000000002
2022-04-12 05:00:00,854.5000000000002
2022-04-12 13:00:00,866.0000000000002
2022-04-12 14:00:00,864.2000000000002
2022-04-12 15:00:00,865.7000000000002
2022-04-12 16:00:00,865.0000000000002
2022-04-12 17:00:00,857.6000000000003
2022-04-12 18:00:00,856.3000000000002
2022-04-12 19:00:00,854.5000000000002
2022-04-13 05:00:00,866.7000000000002
2022-04-13 13:00:00,858.0000000000002
2022-04-13 14:00:00,859.3000000000002
2022-04-13 15:00:00,861.0000000000002
2022-04-13 16:00:00,862.9000000000002
2022-04-13 17:00:00,863.9000000000002
2022-04-13 18:00:00,865.5000000000002
2022-04-13 19:00:00,866.9000000000002
2022-04-13 20:00:00,866.9000000000002
2022-04-14 05:00:00,869.4000000000002
2022-04-14 13:00:00,869.7000000000002
2022-04-14 14:00:00,867.1000000000003
2022-04-14 15:00:00,865.8000000000002
2022-04-14 16:00:00,871.1000000000003
2022-04-14 17:00:00,873.5000000000002
2022-04-14 18:00:00,873.8000000000002
2022-04-14 19:00:00,869.1000000000003
2022-04-18 05:00:00,882.2000000000002
2022-04-18 13:00:00,882.6000000000003
2022-04-18 14:00:00,877.5000000000002
2022-04-18 15:00:00,875.8000000000002
2022-04-18 16:00:00,884.1000000000003
2022-04-18 17:00:00,884.3000000000002
2022-04-18 18:00:00,883.4000000000002
2022-04-18 19:00:00,881.9000000000002
2022-04-19 05:00:00,874.6000000000003
2022-04-19 13:00:00,884.1000000000003
2022-04-19 14:00:00,879.3000000000002
2022-04-19 15:00:00,872.8000000000002
2022-04-19 16:00:00,875.3000000000002
2022-04-19 17:00:00,878.6000000000003
2022-04-19 18:00:00,875.8000000000002
2022-04-19 19:00:00,874.4000000000002
2022-04-20 05:00:00,877.6000000000003
2022-04-20 13:00:00,871.6000000000003
2022-04-20 14:00:00,876.1000000000003
2022-04-20 15:00:00,872.2000000000002
2022-04-20 16:00:00,877.2000000000002
2022-04-20 17:00:00,880.4000000000002
2022-04-20 18:00:00,875.0000000000002
2022-04-20 19:00:00,877.5000000000002
2022-04-21 05:00:00,850.9000000000002
2022-04-21 13:00:00,882.9000000000002
2022-04-21 14:00:00,877.6000000000003
2022-04-21 15:00:00,873.8000000000002
2022-04-21 16:00:00,866.0000000000002
2022-04-21 17:00:00,858.2000000000002
2022-04-21 18:00:00,851.6000000000003
2022-04-21 19:00:00,851.3000000000002
2022-04-22 05:00:00,831.0000000000002
2022-04-22 13:00:00,854.5000000000002
2022-04-22 14:00:00,849.2000000000002
2022-04-22 15:00:00,838.0000000000002
2022-04-22 16:00:00,840.6000000000003
2022-04-22 17:00:00,835.9000000000002
2022-04-22 18:00:00,832.8000000000002
2022-04-22 19:00:00,831.3000000000002
2022-04-22 20:00:00,831.6000000000003
2022-04-25 05:00:00,804.3000000000002
2022-04-25 12:00:00,806.7000000000002
2022-04-25 13:00:00,798.4000000000002
2022-04-25 14:00:00,785.5000000000002
2022-04-25 15:00:00,780.9000000000002
2022-04-25 16:00:00,785.8000000000002
2022-04-25 17:00:00,787.5000000000002
2022-04-25 18:00:00,802.8000000000002
2022-04-25 19:00:00,804.2000000000002
2022-04-26 05:00:00,805.4000000000002
2022-04-26 13:00:00,808.5000000000002
2022-04-26 14:00:00,811.6000000000003
2022-04-26 15:00:00,819.3000000000002
2022-04-26 16:00:00,822.4000000000002
2022-04-26 17:00:00,816.9000000000002
2022-04-26 18:00:00,811.8000000000002
2022-04-26 19:00:00,805.0000000000002
2022-04-27 05:00:00,816.3000000000002
2022-04-27 13:00:00,809.8000000000002
2022-04-27 14:00:00,811.7000000000002
2022-04-27 15:00:00,817.6000000000003
2022-04-27 16:00:00,821.2000000000002
2022-04-27 17:00:00,821.1000000000003
2022-04-27 18:00:00,818.1000000000003
2022-04-27 19:00:00,816.1000000000003
2022-04-28 05:00:00,840.2000000000002
2022-04-28 13:00:00,810.2000000000002
2022-04-28 14:00:00,821.1000000000003
2022-04-28 15:00:00,823.6000000000003
2022-04-28 16:00:00,831.5000000000002
2022-04-28 17:00:00,836.5000000000002
2022-04-28 18:00:00,841.7000000000002
2022-04-28 19:00:00,840.2000000000002
2022-04-29 05:00:00,820.5000000000002
2022-04-29 13:00:00,843.3000000000002
2022-04-29 14:00:00,833.9000000000002
2022-04-29 15:00:00,836.2000000000002
2022-04-29 16:00:00,829.9000000000002
2022-04-29 17:00:00,831.2000000000002
2022-04-29 18:00:00,823.6000000000003
2022-04-29 19:00:00,821.1000000000003
2022-05-02 05:00:00,832.1000000000003
2022-05-02 13:00:00,818.6000000000003
2022-05-02 14:00:00,819.8000000000002
2022-05-02 15:00:00,825.2000000000002
2022-05-02 16:00:00,823.6000000000003
2022-05-02 17:00:00,820.1000000000003
2022-05-02 18:00:00,818.9000000000002
2022-05-02 19:00:00,832.1000000000003
2022-05-03 05:00:00,854.7000000000002
2022-05-03 13:00:00,840.9000000000002
2022-05-03 14:00:00,850.7000000000002
2022-05-03 15:00:00,855.6000000000003
2022-05-03 16:00:00,853.1000000000003
2022-05-03 17:00:00,854.6000000000003
2022-05-03 18:00:00,852.9000000000002
2022-05-03 19:00:00,854.6000000000003
2022-05-04 05:00:00,888.8000000000002
2022-05-04 08:00:00,866.5000000000002
2022-05-04 13:00:00,866.0000000000002
2022-05-04 14:00:00,864.2000000000002
2022-05-04 15:00:00,864.3000000000002
2022-05-04 16:00:00,865.4000000000002
2022-05-04 17:00:00,868.1000000000003
2022-05-04 18:00:00,878.1000000000003
2022-05-04 19:00:00,888.5000000000002
2022-05-05 05:00:00,875.5000000000002
2022-05-05 13:00:00,893.5000000000002
2022-05-05 14:00:00,882.9000000000002
2022-05-05 15:00:00,863.6000000000003
2022-05-05 16:00:00,872.8000000000002
2022-05-05 17:00:00,875.4000000000002
2022-05-05 18:00:00,875.3000000000002
2022-05-05 19:00:00,875.8000000000002
2022-05-06 05:00:00,900.1000000000003
2022-05-06 13:00:00,872.9000000000002
2022-05-06 14:00:00,890.3000000000002
2022-05-06 15:00:00,882.8000000000002
2022-05-06 16:00:00,895.3000000000002
2022-05-06 17:00:00,890.2000000000002
2022-05-06 18:00:00,893.1000000000003
2022-05-06 19:00:00,900.1000000000003
2022-05-06 20:00:00,900.1000000000003
2022-05-09 05:00:00,828.1000000000003
2022-05-09 13:00:00,870.7000000000002
2022-05-09 14:00:00,848.0000000000002
2022-05-09 15:00:00,850.4000000000002
2022-05-09 16:00:00,840.2000000000002
2022-05-09 17:00:00,835.5000000000002
2022-05-09 18:00:00,834.2000000000002
2022-05-09 19:00:00,827.8000000000002
2022-05-09 20:00:00,828.3000000000002
2022-05-10 05:00:00,835.5000000000002
2022-05-10 12:00:00,835.4000000000002
2022-05-10 13:00:00,848.0000000000002
2022-05-10 14:00:00,847.7000000000002
2022-05-10 15:00:00,829.3000000000002
2022-05-10 16:00:00,822.5000000000002
2022-05-10 17:00:00,832.7000000000002
2022-05-10 18:00:00,834.2000000000002
2022-05-10 19:00:00,835.6000000000003
2022-05-11 05:00:00,846.2000000000002
2022-05-11 12:00:00,849.7000000000002
2022-05-11 13:00:00,860.5000000000002
2022-05-11 14:00:00,865.6000000000003
2022-05-11 15:00:00,864.7000000000002
2022-05-11 16:00:00,856.4000000000002
2022-05-11 17:00:00,847.1000000000003
2022-05-11 18:00:00,854.7000000000002
2022-05-11 19:00:00,846.6000000000003
2022-05-12 05:00:00,849.1000000000003
2022-05-12 12:00:00,840.6000000000003
2022-05-12 13:00:00,830.6000000000003
2022-05-12 14:00:00,840.4000000000002
2022-05-12 15:00:00,835.7000000000002
2022-05-12 16:00:00,841.6000000000003
2022-05-12 17:00:00,836.7000000000002
2022-05-12 18:00:00,834.7000000000002
2022-05-12 19:00:00,849.2000000000002
2022-05-13 05:00:00,876.9000000000002
2022-05-13 13:00:00,866.4000000000002
2022-05-13 14:00:00,874.0000000000002
2022-05-13 15:00:00,876.8000000000002
2022-05-13 16:00:00,876.4000000000002
2022-05-13 17:00:00,871.5000000000002
2022-05-13 18:00:00,876.5000000000002
2022-05-13 19:00:00,877.1000000000003
2022-05-16 05:00:00,899.4000000000002
2022-05-16 13:00:00,898.1000000000003
2022-05-16 14:00:00,896.1000000000003
2022-05-16 15:00:00,898.7000000000002
2022-05-16 16:00:00,901.1000000000003
2022-05-16 17:00:00,905.3000000000002
2022-05-16 18:00:00,905.7000000000002
2022-05-16 19:00:00,899.7000000000002
2022-05-17 05:00:00,909.7000000000002
2022-05-17 13:00:00,911.5000000000002
2022-05-17 14:00:00,909.5000000000002
2022-05-17 15:00:00,907.2000000000002
2022-05-17 16:00:00,912.8000000000002
2022-05-17 17:00:00,910.8000000000002
2022-05-17 18:00:00,907.4000000000002
2022-05-17 19:00:00,910.0000000000002
2022-05-18 05:00:00,886.6000000000003
2022-05-18 12:00:00,915.6000000000003
2022-05-18 13:00:00,909.2000000000002
2022-05-18 14:00:00,902.8000000000002
2022-05-18 15:00:00,890.4000000000002
2022-05-18 16:00:00,894.0000000000002
2022-05-18 17:00:00,884.2000000000002
2022-05-18 18:00:00,879.2000000000002
2022-05-18 19:00:00,887.5000000000002
2022-05-19 05:00:00,883.6000000000003
2022-05-19 13:00:00,871.6000000000003
2022-05-19 14:00:00,871.5000000000002
2022-05-19 15:00:00,885.5000000000002
2022-05-19 16:00:00,884.5000000000002
2022-05-19 17:00:00,891.7000000000002
2022-05-19 18:00:00,895.0000000000002
2022-05-19 19:00:00,883.6000000000003
2022-05-19 20:00:00,885.4000000000002
2022-05-19 22:00:00,891.6000000000003
2022-05-20 05:00:00,887.8000000000002
2022-05-20 08:00:00,888.5000000000002
2022-05-20 09:00:00,888.5000000000002
2022-05-20 13:00:00,903.1000000000003
2022-05-20 14:00:00,885.9000000000002
2022-05-20 15:00:00,886.1000000000003
2022-05-20 16:00:00,878.3000000000002
2022-05-20 17:00:00,876.4000000000002
2022-05-20 18:00:00,880.4000000000002
2022-05-20 19:00:00,887.9000000000002
2022-05-23 05:00:00,910.3000000000002
2022-05-23 07:00:00,902.2000000000002
2022-05-23 13:00:00,900.0000000000002
2022-05-23 14:00:00,906.5000000000002
2022-05-23 15:00:00,908.0000000000002
2022-05-23 16:00:00,901.8000000000002
2022-05-23 17:00:00,905.9000000000002
2022-05-23 18:00:00,909.6000000000003
2022-05-23 19:00:00,910.0000000000002
2022-05-23 20:00:00,913.6000000000003
2022-05-24 05:00:00,912.8000000000002
2022-05-24 07:00:00,910.1000000000003
2022-05-24 13:00:00,912.0000000000002
2022-05-24 14:00:00,900.0000000000002
2022-05-24 15:00:00,903.3000000000002
2022-05-24 16:00:00,902.9000000000002
2022-05-24 17:00:00,905.3000000000002
2022-05-24 18:00:00,908.2000000000002
2022-05-24 19:00:00,913.7000000000002
2022-05-24 20:00:00,913.4000000000002
2022-05-25 05:00:00,931.1000000000003
2022-05-25 13:00:00,930.2000000000002
2022-05-25 14:00:00,925.4000000000002
2022-05-25 15:00:00,922.1000000000003
2022-05-25 16:00:00,924.1000000000003
2022-05-25 17:00:00,923.2000000000002
2022-05-25 18:00:00,927.7000000000002
2022-05-25 19:00:00,931.4000000000002
2022-05-25 20:00:00,932.4000000000002
2022-05-26 05:00:00,941.6000000000003
2022-05-26 13:00:00,942.6000000000003
2022-05-26 14:00:00,944.7000000000002
2022-05-26 15:00:00,946.3000000000002
2022-05-26 16:00:00,943.4000000000002
2022-05-26 17:00:00,940.2000000000002
2022-05-26 18:00:00,943.2000000000002
2022-05-26 19:00:00,941.0000000000002
2022-05-27 05:00:00,958.4000000000002
2022-05-27 13:00:00,947.7000000000002
2022-05-27 14:00:00,948.8000000000002
2022-05-27 15:00:00,953.7000000000002
2022-05-27 16:00:00,956.2000000000002
2022-05-27 17:00:00,956.3000000000002
2022-05-27 18:00:00,956.8000000000002
2022-05-27 19:00:00,958.4000000000002
2022-05-27 20:00:00,965.9000000000002
2022-05-31 05:00:00,943.1000000000003
2022-05-31 13:00:00,971.4000000000002
2022-05-31 14:00:00,970.7000000000002
2022-05-31 15:00:00,968.1000000000003
2022-05-31 16:00:00,968.1000000000003
2022-05-31 17:00:00,961.8000000000002
2022-05-31 18:00:00,945.7000000000002
2022-05-31 19:00:00,942.9000000000002
2022-06-01 05:00:00,958.6000000000003
2022-06-01 13:00:00,957.0000000000002
2022-06-01 14:00:00,953.6000000000003
2022-06-01 15:00:00,949.5000000000002
2022-06-01 16:00:00,955.2000000000002
2022-06-01 17:00:00,962.3000000000002
2022-06-01 18:00:00,959.4000000000002
2022-06-01 19:00:00,958.8000000000002
2022-06-02 05:00:00,955.4000000000002
2022-06-02 13:00:00,953.0000000000002
2022-06-02 14:00:00,952.0000000000002
2022-06-02 15:00:00,959.9000000000002
2022-06-02 16:00:00,960.6000000000003
2022-06-02 17:00:00,955.0000000000002
2022-06-02 18:00:00,948.2000000000002
2022-06-02 19:00:00,955.7000000000002
2022-06-03 05:00:00,967.8000000000002
2022-06-03 13:00:00,967.2000000000002
2022-06-03 14:00:00,961.4000000000002
2022-06-03 15:00:00,962.2000000000002
2022-06-03 16:00:00,968.1000000000003
2022-06-03 17:00:00,966.2000000000002
2022-06-03 18:00:00,967.1000000000003
2022-06-03 19:00:00,967.8000000000002
2022-06-06 05:00:00,967.6000000000003
2022-06-06 13:00:00,969.8000000000002
2022-06-06 14:00:00,967.9000000000002
2022-06-06 15:00:00,965.5000000000002
2022-06-06 16:00:00,969.1000000000003
2022-06-06 17:00:00,972.0000000000002
2022-06-06 18:00:00,966.6000000000003
2022-06-06 19:00:00,967.6000000000003
2022-06-07 05:00:00,995.6000000000003
2022-06-07 12:00:00,964.9000000000002
2022-06-07 13:00:00,981.4000000000002
2022-06-07 14:00:00,982.2000000000002
2022-06-07 15:00:00,984.4000000000002
2022-06-07 16:00:00,991.4000000000002
2022-06-07 17:00:00,989.4000000000002
2022-06-07 18:00:00,992.9000000000002
2022-06-07 19:00:00,995.4000000000002
2022-06-08 05:00:00,997.0000000000002
2022-06-08 10:00:00,1003.6000000000003
2022-06-08 13:00:00,999.7000000000002
2022-06-08 14:00:00,1000.7000000000002
2022-06-08 15:00:00,1006.0000000000002
2022-06-08 16:00:00,1002.7000000000002
2022-06-08 17:00:00,995.6000000000003
2022-06-08 18:00:00,993.8000000000002
2022-06-08 19:00:00,996.7000000000002
2022-06-09 05:00:00,975.0000000000002
2022-06-09 12:00:00,975.0000000000002
2022-06-09 13:00:00,988.8000000000002
2022-06-09 14:00:00,988.8000000000002
2022-06-09 15:00:00,987.5000000000002
2022-06-09 16:00:00,986.8000000000002
2022-06-09 18:00:00,990.5000000000002
2022-06-09 19:00:00,974.9000000000002
2022-06-09 20:00:00,975.6000000000003
2022-06-09 22:00:00,981.9000000000002
2022-06-10 05:00:00,959.8000000000002
2022-06-10 12:00:00,973.5000000000001
2022-06-10 13:00:00,976.8000000000002
2022-06-10 14:00:00,958.6000000000001
2022-06-10 15:00:00,957.9000000000001
2022-06-10 16:00:00,951.2000000000002
2022-06-10 17:00:00,957.5000000000001
2022-06-10 18:00:00,960.7000000000002
2022-06-10 19:00:00,959.8000000000002
2022-06-10 20:00:00,959.6000000000001
2022-06-13 05:00:00,911.9000000000001
2022-06-13 08:00:00,940.8000000000002
2022-06-13 13:00:00,914.7000000000002
2022-06-13 14:00:00,902.0000000000001
2022-06-13 15:00:00,919.2000000000002
2022-06-13 16:00:00,919.6000000000001
2022-06-13 17:00:00,921.1000000000001
2022-06-13 18:00:00,921.3000000000002
2022-06-13 19:00:00,911.2000000000002
2022-06-14 05:00:00,913.5000000000001
2022-06-14 13:00:00,936.0000000000001
2022-06-14 14:00:00,935.8000000000002
2022-06-14 15:00:00,932.1000000000001
2022-06-14 16:00:00,924.7000000000002
2022-06-14 17:00:00,913.7000000000002
2022-06-14 18:00:00,909.3000000000002
2022-06-14 19:00:00,913.5000000000001
2022-06-14 20:00:00,908.6000000000001
2022-06-15 05:00:00,893.4000000000001
2022-06-15 12:00:00,914.6000000000001
2022-06-15 13:00:00,911.6000000000001
2022-06-15 14:00:00,900.7000000000002
2022-06-15 15:00:00,906.0000000000001
2022-06-15 16:00:00,901.9000000000001
2022-06-15 17:00:00,900.1000000000001
2022-06-15 18:00:00,891.4000000000001
2022-06-15 19:00:00,893.4000000000001
2022-06-16 05:00:00,845.1000000000001
2022-06-16 12:00:00,873.5000000000001
2022-06-16 13:00:00,861.3000000000002
2022-06-16 14:00:00,853.3000000000002
2022-06-16 15:00:00,858.1000000000001
2022-06-16 16:00:00,854.3000000000002
2022-06-16 17:00:00,854.3000000000002
2022-06-16 18:00:00,839.8000000000002
2022-06-16 19:00:00,844.8000000000002
2022-06-16 20:00:00,846.8000000000002
2022-06-17 05:00:00,800.7000000000002
2022-06-17 11:00:00,850.8000000000002
2022-06-17 13:00:00,837.4000000000001
2022-06-17 14:00:00,803.3000000000002
2022-06-17 15:00:00,803.0000000000001
2022-06-17 16:00:00,795.1000000000001
2022-06-17 17:00:00,797.5000000000001
2022-06-17 18:00:00,805.8000000000002
2022-06-17 19:00:00,801.1000000000001
2022-06-20 13:00:00,800.2000000000002
2022-06-20 14:00:00,800.6000000000001
2022-06-21 05:00:00,840.2000000000002
2022-06-21 12:00:00,822.0000000000001
2022-06-21 13:00:00,834.2000000000002
2022-06-21 14:00:00,842.9000000000001
2022-06-21 15:00:00,829.8000000000002
2022-06-21 16:00:00,844.4000000000001
2022-06-21 17:00:00,838.8000000000002
2022-06-21 18:00:00,838.6000000000001
2022-06-21 19:00:00,839.7000000000002
2022-06-22 05:00:00,807.0000000000001
2022-06-22 12:00:00,809.8000000000002
2022-06-22 13:00:00,805.8000000000002
2022-06-22 14:00:00,813.8000000000002
2022-06-22 15:00:00,809.2000000000002
2022-06-22 16:00:00,808.9000000000001
2022-06-22 17:00:00,816.7000000000002
2022-06-22 18:00:00,813.2000000000002
2022-06-22 19:00:00,806.8000000000002
2022-06-23 05:00:00,778.2000000000002
2022-06-23 13:00:00,803.3000000000002
2022-06-23 14:00:00,796.6000000000001
2022-06-23 15:00:00,775.2000000000002
2022-06-23 16:00:00,770.5000000000001
2022-06-23 17:00:00,774.3000000000002
2022-06-23 18:00:00,772.0000000000001
2022-06-23 19:00:00,777.9000000000001
2022-06-24 05:00:00,788.1000000000001
2022-06-24 09:00:00,787.6000000000001
2022-06-24 12:00:00,788.6000000000001
2022-06-24 13:00:00,783.3000000000002
2022-06-24 14:00:00,802.3000000000002
2022-06-24 15:00:00,799.2000000000002
2022-06-24 16:00:00,794.4000000000001
2022-06-24 17:00:00,790.2000000000002
2022-06-24 18:00:00,791.4000000000001
2022-06-24 19:00:00,788.1000000000001
2022-06-27 05:00:00,810.2000000000002
2022-06-27 13:00:00,801.6000000000001
2022-06-27 14:00:00,814.3000000000002
2022-06-27 15:00:00,809.8000000000002
2022-06-27 16:00:00,810.0000000000001
2022-06-27 17:00:00,809.7000000000002
2022-06-27 18:00:00,806.8000000000002
2022-06-27 19:00:00,810.5000000000001
2022-06-28 05:00:00,831.6000000000001
2022-06-28 13:00:00,838.4000000000001
2022-06-28 14:00:00,835.2000000000002
2022-06-28 15:00:00,826.2000000000002
2022-06-28 16:00:00,827.6000000000001
2022-06-28 17:00:00,823.4000000000001
2022-06-28 18:00:00,825.9000000000001
2022-06-28 19:00:00,831.7000000000002
2022-06-28 20:00:00,832.6000000000001
2022-06-29 05:00:00,803.6000000000001
2022-06-29 13:00:00,835.5000000000001
2022-06-29 14:00:00,817.3000000000002
2022-06-29 15:00:00,808.1000000000001
2022-06-29 16:00:00,809.5000000000001
2022-06-29 17:00:00,812.3000000000002
2022-06-29 18:00:00,807.8000000000002
2022-06-29 19:00:00,803.6000000000001
2022-06-30 05:00:00,787.3000000000002
2022-06-30 12:00:00,790.4000000000001
2022-06-30 13:00:00,797.8000000000002
2022-06-30 14:00:00,791.1000000000001
2022-06-30 15:00:00,793.2000000000002
2022-06-30 16:00:00,795.4000000000001
2022-06-30 17:00:00,791.4000000000001
2022-06-30 18:00:00,784.5000000000001
2022-06-30 19:00:00,788.5000000000001
2022-06-30 20:00:00,798.6000000000001
2022-07-01 05:00:00,798.8000000000002
2022-07-01 12:00:00,792.7000000000002
2022-07-01 13:00:00,789.3000000000002
2022-07-01 14:00:00,778.7000000000002
2022-07-01 15:00:00,780.5000000000001
2022-07-01 16:00:00,787.1000000000001
2022-07-01 17:00:00,790.2000000000002
2022-07-01 18:00:00,793.3000000000002
2022-07-01 19:00:00,798.9000000000001
2022-07-05 05:00:00,768.2000000000002
2022-07-05 13:00:00,773.6000000000001
2022-07-05 14:00:00,759.2000000000002
2022-07-05 15:00:00,760.5000000000001
2022-07-05 16:00:00,754.2000000000002
2022-07-05 17:00:00,754.2000000000002
2022-07-05 18:00:00,759.0000000000001
2022-07-05 19:00:00,768.5000000000001
2022-07-06 05:00:00,755.8000000000002
2022-07-06 12:00:00,767.2000000000002
2022-07-06 13:00:00,755.2000000000002
2022-07-06 14:00:00,737.8000000000002
2022-07-06 15:00:00,741.6000000000001
2022-07-06 16:00:00,743.4000000000001
2022-07-06 17:00:00,751.8000000000002
2022-07-06 18:00:00,755.2000000000002
2022-07-06 19:00:00,755.8000000000002
2022-07-07 05:00:00,781.4000000000001
2022-07-07 13:00:00,783.7000000000002
2022-07-07 14:00:00,779.6000000000001
2022-07-07 15:00:00,783.6000000000001
2022-07-07 16:00:00,783.9000000000001
2022-07-07 17:00:00,783.1000000000001
2022-07-07 18:00:00,785.9000000000001
2022-07-07 19:00:00,781.3000000000002
2022-07-08 03:00:00,791.8000000000002
2022-07-08 05:00:00,780.7000000000002
2022-07-08 12:00:00,781.0000000000001
2022-07-08 13:00:00,775.7000000000002
2022-07-08 14:00:00,782.1000000000001
2022-07-08 15:00:00,782.5000000000001
2022-07-08 16:00:00,778.8000000000002
2022-07-08 17:00:00,781.3000000000002
2022-07-08 18:00:00,784.9000000000001
2022-07-08 19:00:00,780.7000000000002
2022-07-08 20:00:00,777.9000000000001
2022-07-10 23:00:00,780.6000000000001
2022-07-11 05:00:00,774.3000000000002
2022-07-11 13:00:00,779.0000000000001
2022-07-11 14:00:00,766.5000000000001
2022-07-11 15:00:00,771.3000000000002
2022-07-11 16:00:00,774.0000000000001
2022-07-11 17:00:00,774.7000000000002
2022-07-11 18:00:00,773.6000000000001
2022-07-11 19:00:00,774.4000000000001
2022-07-11 20:00:00,774.6000000000001
2022-07-12 05:00:00,759.4000000000001
2022-07-12 12:00:00,756.2000000000002
2022-07-12 13:00:00,751.7000000000002
2022-07-12 14:00:00,754.4000000000001
2022-07-12 15:00:00,759.9000000000001
2022-07-12 16:00:00,757.9000000000001
2022-07-12 17:00:00,761.6000000000001
2022-07-12 18:00:00,757.6000000000001
2022-07-12 19:00:00,759.4000000000001
2022-07-13 05:00:00,758.4000000000001
2022-07-13 12:00:00,766.8000000000002
2022-07-13 13:00:00,767.6000000000001
2022-07-13 14:00:00,765.5000000000001
2022-07-13 15:00:00,756.7000000000002
2022-07-13 16:00:00,760.8000000000002
2022-07-13 17:00:00,763.7000000000002
2022-07-13 18:00:00,765.2000000000002
2022-07-13 19:00:00,758.4000000000001
2022-07-13 23:00:00,757.6000000000001
2022-07-14 05:00:00,744.7000000000002
2022-07-14 12:00:00,746.2000000000002
2022-07-14 13:00:00,732.3000000000002
2022-07-14 14:00:00,729.4000000000001
2022-07-14 15:00:00,736.6000000000001
2022-07-14 16:00:00,732.1000000000001
2022-07-14 17:00:00,734.9000000000001
2022-07-14 18:00:00,740.6000000000001
2022-07-14 19:00:00,744.7000000000002
2022-07-15 05:00:00,758.7000000000002
2022-07-15 10:00:00,749.6000000000001
2022-07-15 12:00:00,756.4000000000001
2022-07-15 13:00:00,752.7000000000002
2022-07-15 14:00:00,753.0000000000001
2022-07-15 15:00:00,751.8000000000002
2022-07-15 16:00:00,750.7000000000002
2022-07-15 17:00:00,751.5000000000001
2022-07-15 18:00:00,754.6000000000001
2022-07-15 19:00:00,758.4000000000001
2022-07-15 20:00:00,758.0000000000001
2022-07-18 05:00:00,773.1000000000001
2022-07-18 12:00:00,773.2000000000002
2022-07-18 13:00:00,781.5000000000001
2022-07-18 14:00:00,779.2000000000002
2022-07-18 15:00:00,778.3000000000002
2022-07-18 16:00:00,774.9000000000001
2022-07-18 17:00:00,776.3000000000002
2022-07-18 18:00:00,774.6000000000001
2022-07-18 19:00:00,772.6000000000001
2022-07-19 05:00:00,795.4000000000001
2022-07-19 13:00:00,782.7000000000002
2022-07-19 14:00:00,780.2000000000002
2022-07-19 15:00:00,786.4000000000001
2022-07-19 16:00:00,791.5000000000001
2022-07-19 17:00:00,792.6000000000001
2022-07-19 18:00:00,790.8000000000002
2022-07-19 19:00:00,795.3000000000002
2022-07-20 05:00:00,802.7000000000002
2022-07-20 13:00:00,792.1000000000001
2022-07-20 14:00:00,798.3000000000002
2022-07-20 15:00:00,795.5000000000001
2022-07-20 16:00:00,801.6000000000001
2022-07-20 17:00:00,796.0000000000001
2022-07-20 18:00:00,803.3000000000002
2022-07-20 19:00:00,802.5000000000001
2022-07-21 05:00:00,789.3000000000002
2022-07-21 13:00:00,780.2000000000002
2022-07-21 14:00:00,777.3000000000002
2022-07-21 15:00:00,782.5000000000001
2022-07-21 16:00:00,781.5000000000001
2022-07-21 17:00:00,780.3000000000002
2022-07-21 18:00:00,778.4000000000001
2022-07-21 19:00:00,789.2000000000002
2022-07-22 05:00:00,782.6000000000001
2022-07-22 06:00:00,790.6000000000001
2022-07-22 13:00:00,788.1000000000001
2022-07-22 14:00:00,792.4000000000001
2022-07-22 15:00:00,791.0000000000001
2022-07-22 16:00:00,788.9000000000001
2022-07-22 17:00:00,784.0000000000001
2022-07-22 18:00:00,782.9000000000001
2022-07-22 19:00:00,782.6000000000001
2022-07-25 05:00:00,810.6000000000001
2022-07-25 13:00:00,793.1000000000001
2022-07-25 14:00:00,798.8000000000002
2022-07-25 15:00:00,808.0000000000001
2022-07-25 16:00:00,807.3000000000002
2022-07-25 17:00:00,808.0000000000001
2022-07-25 18:00:00,809.1000000000001
2022-07-25 19:00:00,810.5000000000001
2022-07-26 05:00:00,803.8000000000002
2022-07-26 13:00:00,816.3000000000002
2022-07-26 14:00:00,809.8000000000002
2022-07-26 15:00:00,802.7000000000002
2022-07-26 16:00:00,802.9000000000001
2022-07-26 17:00:00,803.7000000000002
2022-07-26 18:00:00,800.1000000000001
2022-07-26 19:00:00,803.4000000000001
2022-07-27 05:00:00,820.6000000000001
2022-07-27 13:00:00,807.7000000000002
2022-07-27 14:00:00,814.5000000000001
2022-07-27 15:00:00,812.4000000000001
2022-07-27 16:00:00,810.2000000000002
2022-07-27 17:00:00,811.9000000000001
2022-07-27 18:00:00,817.5000000000001
2022-07-27 19:00:00,820.2000000000002
2022-07-28 05:00:00,824.2000000000002
2022-07-28 13:00:00,822.5000000000001
2022-07-28 14:00:00,816.4000000000001
2022-07-28 15:00:00,823.4000000000001
2022-07-28 16:00:00,823.9000000000001
2022-07-28 17:00:00,823.8000000000002
2022-07-28 18:00:00,821.8000000000002
2022-07-28 19:00:00,823.8000000000002
2022-07-29 05:00:00,859.7000000000002
2022-07-29 13:00:00,843.4000000000001
2022-07-29 14:00:00,858.6000000000001
2022-07-29 15:00:00,854.9000000000001
2022-07-29 16:00:00,854.8000000000002
2022-07-29 17:00:00,855.9000000000001
2022-07-29 18:00:00,859.0000000000001
2022-07-29 19:00:00,859.3000000000002
2022-08-01 05:00:00,842.0000000000001
2022-08-01 13:00:00,839.0000000000001
2022-08-01 14:00:00,837.0000000000001
2022-08-01 15:00:00,838.4000000000001
2022-08-01 16:00:00,838.1000000000001
2022-08-01 17:00:00,833.6000000000001
2022-08-01 18:00:00,843.7000000000002
2022-08-01 19:00:00,841.5000000000001
2022-08-02 05:00:00,840.2000000000002
2022-08-02 13:00:00,839.3000000000002
2022-08-02 14:00:00,839.2000000000002
2022-08-02 15:00:00,844.7000000000002
2022-08-02 16:00:00,846.1000000000001
2022-08-02 17:00:00,841.9000000000001
2022-08-02 18:00:00,844.8000000000002
2022-08-02 19:00:00,840.1000000000001
2022-08-03 05:00:00,817.3000000000002
2022-08-03 13:00:00,841.3000000000002
2022-08-03 14:00:00,825.8000000000002
2022-08-03 15:00:00,821.0000000000001
2022-08-03 16:00:00,820.1000000000001
2022-08-03 17:00:00,823.6000000000001
2022-08-03 18:00:00,821.5000000000001
2022-08-03 19:00:00,816.8000000000002
2022-08-04 05:00:00,787.7000000000002
2022-08-04 13:00:00,800.0000000000001
2022-08-04 14:00:00,799.8000000000002
2022-08-04 15:00:00,799.8000000000002
2022-08-04 16:00:00,799.5000000000001
2022-08-04 17:00:00,801.5000000000001
2022-08-04 18:00:00,800.2000000000002
2022-08-04 19:00:00,788.1000000000001
2022-08-05 05:00:00,802.5000000000001
2022-08-05 13:00:00,804.9000000000001
2022-08-05 14:00:00,808.1000000000001
2022-08-05 15:00:00,803.2000000000002
2022-08-05 16:00:00,807.6000000000001
2022-08-05 17:00:00,807.5000000000001
2022-08-05 18:00:00,804.5000000000001
2022-08-05 19:00:00,802.2000000000002
2022-08-08 05:00:00,806.5000000000001
2022-08-08 12:00:00,801.3000000000002
2022-08-08 13:00:00,807.6000000000001
2022-08-08 14:00:00,809.1000000000001
2022-08-08 15:00:00,810.7000000000002
2022-08-08 16:00:00,808.2000000000002
2022-08-08 17:00:00,809.2000000000002
2022-08-08 18:00:00,806.0000000000001
2022-08-08 19:00:00,806.3000000000002
2022-08-09 05:00:00,819.8000000000002
2022-08-09 13:00:00,826.9000000000001
2022-08-09 14:00:00,823.9000000000001
2022-08-09 15:00:00,819.0000000000001
2022-08-09 16:00:00,817.2000000000002
2022-08-09 17:00:00,822.3000000000002
2022-08-09 18:00:00,817.8000000000002
2022-08-09 19:00:00,820.2000000000002
2022-08-10 05:00:00,825.2000000000002
2022-08-10 13:00:00,813.7000000000002
2022-08-10 14:00:00,820.4000000000001
2022-08-10 15:00:00,824.5000000000001
2022-08-10 16:00:00,826.6000000000001
2022-08-10 17:00:00,828.6000000000001
2022-08-10 18:00:00,821.2000000000002
2022-08-10 19:00:00,825.2000000000002
2022-08-11 05:00:00,852.5000000000001
2022-08-11 12:00:00,837.8000000000002
2022-08-11 13:00:00,843.7000000000002
2022-08-11 14:00:00,843.4000000000001
2022-08-11 15:00:00,845.2000000000002
2022-08-11 16:00:00,852.9000000000001
2022-08-11 17:00:00,856.6000000000001
2022-08-11 18:00:00,853.5000000000001
2022-08-11 19:00:00,852.3000000000002
2022-08-12 05:00:00,859.0000000000001
2022-08-12 12:00:00,848.2000000000002
2022-08-12 13:00:00,850.4000000000001
2022-08-12 14:00:00,847.2000000000002
2022-08-12 15:00:00,847.8000000000002
2022-08-12 16:00:00,852.7000000000002
2022-08-12 17:00:00,853.0000000000001
2022-08-12 18:00:00,855.0000000000001
2022-08-12 19:00:00,859.1000000000001
2022-08-15 05:00:00,843.1000000000001
2022-08-15 12:00:00,827.8000000000002
2022-08-15 13:00:00,828.1000000000001
2022-08-15 14:00:00,834.1000000000001
2022-08-15 15:00:00,842.0000000000001
2022-08-15 16:00:00,844.5000000000001
2022-08-15 17:00:00,841.7000000000002
2022-08-15 18:00:00,839.7000000000002
2022-08-15 19:00:00,842.8000000000002
2022-08-16 05:00:00,840.5000000000001
2022-08-16 13:00:00,850.8000000000002
2022-08-16 14:00:00,840.7000000000002
2022-08-16 15:00:00,841.8000000000002
2022-08-16 16:00:00,842.7000000000002
2022-08-16 17:00:00,841.2000000000002
2022-08-16 18:00:00,839.6000000000001
2022-08-16 19:00:00,840.6000000000001
2022-08-17 05:00:00,847.5000000000001
2022-08-17 13:00:00,840.3000000000002
2022-08-17 14:00:00,847.9000000000001
2022-08-17 15:00:00,841.0000000000001
2022-08-17 16:00:00,847.9000000000001
2022-08-17 17:00:00,847.6000000000001
2022-08-17 18:00:00,847.7000000000002
2022-08-17 19:00:00,847.1000000000001
2022-08-18 05:00:00,868.9000000000001
2022-08-18 13:00:00,866.0000000000001
2022-08-18 14:00:00,867.3000000000002
2022-08-18 15:00:00,864.9000000000001
2022-08-18 16:00:00,863.6000000000001
2022-08-18 17:00:00,868.5000000000001
2022-08-18 18:00:00,868.5000000000001
2022-08-18 19:00:00,869.4000000000001
2022-08-19 05:00:00,869.4000000000001
2022-08-19 13:00:00,866.0000000000001
2022-08-19 14:00:00,869.3000000000002
2022-08-19 15:00:00,872.1000000000001
2022-08-19 16:00:00,871.1000000000001
2022-08-19 17:00:00,870.6000000000001
2022-08-19 18:00:00,869.5000000000001
2022-08-19 19:00:00,869.1000000000001
2022-08-22 05:00:00,866.8000000000002
2022-08-22 12:00:00,872.6000000000001
2022-08-22 13:00:00,851.2000000000002
2022-08-22 14:00:00,855.8000000000002
2022-08-22 15:00:00,865.3000000000002
2022-08-22 16:00:00,868.8000000000002
2022-08-22 17:00:00,862.1000000000001
2022-08-22 18:00:00,863.5000000000001
2022-08-22 19:00:00,867.4000000000001
2022-08-23 05:00:00,897.1000000000001
2022-08-23 13:00:00,895.8000000000002
2022-08-23 14:00:00,902.6000000000001
2022-08-23 15:00:00,898.5000000000001
2022-08-23 16:00:00,900.5000000000001
2022-08-23 17:00:00,894.3000000000002
2022-08-23 18:00:00,893.3000000000002
2022-08-23 19:00:00,897.1000000000001
2022-08-23 20:00:00,896.1000000000001
2022-08-24 05:00:00,907.1000000000001
2022-08-24 13:00:00,904.2000000000002
2022-08-24 14:00:00,904.4000000000001
2022-08-24 15:00:00,899.2000000000002
2022-08-24 16:00:00,898.4000000000001
2022-08-24 17:00:00,898.0000000000001
2022-08-24 18:00:00,900.5000000000001
2022-08-24 19:00:00,907.1000000000001
2022-08-24 20:00:00,902.2000000000002
2022-08-25 05:00:00,913.5000000000001
2022-08-25 07:00:00,910.6000000000001
2022-08-25 13:00:00,917.2000000000002
2022-08-25 14:00:00,908.2000000000002
2022-08-25 15:00:00,910.7000000000002
2022-08-25 16:00:00,910.2000000000002
2022-08-25 17:00:00,907.4000000000001
2022-08-25 18:00:00,908.7000000000002
2022-08-25 19:00:00,913.7000000000002
2022-08-26 05:00:00,903.6000000000001
2022-08-26 13:00:00,916.7000000000002
2022-08-26 14:00:00,909.4000000000001
2022-08-26 15:00:00,908.9000000000001
2022-08-26 16:00:00,905.1000000000001
2022-08-26 17:00:00,908.9000000000001
2022-08-26 18:00:00,907.6000000000001
2022-08-26 19:00:00,903.7000000000002
2022-08-29 05:00:00,916.6000000000001
2022-08-29 13:00:00,921.7000000000002
2022-08-29 14:00:00,921.9000000000001
2022-08-29 15:00:00,922.6000000000001
2022-08-29 16:00:00,923.0000000000001
2022-08-29 17:00:00,928.0000000000001
2022-08-29 18:00:00,924.1000000000001
2022-08-29 19:00:00,916.6000000000001
2022-08-29 20:00:00,921.3000000000002
2022-08-30 05:00:00,886.8000000000002
2022-08-30 13:00:00,889.7000000000002
2022-08-30 14:00:00,884.6000000000001
2022-08-30 15:00:00,886.5000000000001
2022-08-30 16:00:00,884.6000000000001
2022-08-30 17:00:00,888.1000000000001
2022-08-30 18:00:00,883.4000000000001
2022-08-30 19:00:00,886.7000000000002
2022-08-31 05:00:00,878.9000000000001
2022-08-31 10:00:00,868.1000000000001
2022-08-31 11:00:00,866.4000000000001
2022-08-31 12:00:00,865.5000000000001
2022-08-31 13:00:00,870.0000000000001
2022-08-31 14:00:00,882.9000000000001
2022-08-31 15:00:00,889.7000000000002
2022-08-31 16:00:00,888.3000000000002
2022-08-31 17:00:00,887.3000000000002
2022-08-31 18:00:00,881.1000000000001
2022-08-31 19:00:00,879.0000000000001
2022-09-01 05:00:00,858.4000000000001
2022-09-01 13:00:00,853.5000000000001
2022-09-01 14:00:00,857.5000000000001
2022-09-01 15:00:00,861.7000000000002
2022-09-01 16:00:00,854.2000000000002
2022-09-01 17:00:00,857.0000000000001
2022-09-01 18:00:00,860.2000000000002
2022-09-01 19:00:00,858.7000000000002
2022-09-02 05:00:00,873.9000000000001
2022-09-02 06:00:00,859.5000000000001
2022-09-02 13:00:00,873.1000000000001
2022-09-02 14:00:00,880.4000000000001
2022-09-02 15:00:00,879.6000000000001
2022-09-02 16:00:00,877.0000000000001
2022-09-02 17:00:00,869.4000000000001
2022-09-02 18:00:00,873.2000000000002
2022-09-02 19:00:00,873.9000000000001
2022-09-06 05:00:00,864.8000000000002
2022-09-06 13:00:00,872.8000000000002
2022-09-06 14:00:00,868.0000000000001
2022-09-06 15:00:00,873.5000000000001
2022-09-06 16:00:00,869.3000000000002
2022-09-06 17:00:00,864.3000000000002
2022-09-06 18:00:00,866.5000000000001
2022-09-06 19:00:00,864.9000000000001
2022-09-07 05:00:00,855.3000000000002
2022-09-07 13:00:00,848.6000000000001
2022-09-07 14:00:00,854.2000000000002
2022-09-07 15:00:00,852.5000000000001
2022-09-07 16:00:00,849.6000000000001
2022-09-07 17:00:00,856.4000000000001
2022-09-07 18:00:00,853.8000000000002
2022-09-07 19:00:00,855.3000000000002
2022-09-07 20:00:00,854.7000000000002
2022-09-08 05:00:00,859.1000000000001
2022-09-08 13:00:00,856.7000000000002
2022-09-08 14:00:00,854.7000000000002
2022-09-08 15:00:00,856.2000000000002
2022-09-08 16:00:00,858.5000000000001
2022-09-08 17:00:00,860.5000000000001
2022-09-08 18:00:00,857.3000000000002
2022-09-08 19:00:00,859.1000000000001
2022-09-09 05:00:00,879.3000000000002
2022-09-09 08:00:00,871.4000000000001
2022-09-09 13:00:00,872.3000000000002
2022-09-09 14:00:00,871.6000000000001
2022-09-09 15:00:00,873.3000000000002
2022-09-09 16:00:00,875.9000000000001
2022-09-09 17:00:00,876.1000000000001
2022-09-09 18:00:00,876.9000000000001
2022-09-09 19:00:00,879.5000000000001
2022-09-12 05:00:00,894.4000000000001
2022-09-12 12:00:00,887.8000000000001
2022-09-12 13:00:00,898.4000000000001
2022-09-12 14:00:00,898.3000000000001
2022-09-12 15:00:00,897.0000000000001
2022-09-12 16:00:00,893.5000000000001
2022-09-12 17:00:00,891.9000000000001
2022-09-12 18:00:00,893.2
2022-09-12 19:00:00,894.4000000000001
2022-09-13 05:00:00,873.5000000000001
2022-09-13 13:00:00,894.1
2022-09-13 14:00:00,883.1
2022-09-13 15:00:00,880.3000000000001
2022-09-13 16:00:00,880.1
2022-09-13 17:00:00,886.9000000000001
2022-09-13 18:00:00,879.1
2022-09-13 19:00:00,872.9000000000001
2022-09-14 05:00:00,897.4000000000001
2022-09-14 13:00:00,897.9000000000001
2022-09-14 14:00:00,901.1
2022-09-14 15:00:00,900.5000000000001
2022-09-14 16:00:00,901.7
2022-09-14 17:00:00,895.7
2022-09-14 18:00:00,892.5000000000001
2022-09-14 19:00:00,896.8000000000001
2022-09-15 05:00:00,875.1
2022-09-15 13:00:00,881.3000000000001
2022-09-15 14:00:00,873.3000000000001
2022-09-15 15:00:00,877.5000000000001
2022-09-15 16:00:00,879.8000000000001
2022-09-15 17:00:00,879.8000000000001
2022-09-15 18:00:00,874.9000000000001
2022-09-15 19:00:00,874.7
2022-09-16 05:00:00,855.6
2022-09-16 13:00:00,853.9000000000001
2022-09-16 14:00:00,857.5000000000001
2022-09-16 15:00:00,854.7
2022-09-16 16:00:00,846.5000000000001
2022-09-16 17:00:00,849.2
2022-09-16 18:00:00,853.9000000000001
2022-09-16 19:00:00,855.8000000000001
2022-09-19 05:00:00,855.6
2022-09-19 13:00:00,848.0000000000001
2022-09-19 14:00:00,854.8000000000001
2022-09-19 15:00:00,851.8000000000001
2022-09-19 16:00:00,853.6
2022-09-19 17:00:00,852.6
2022-09-19 18:00:00,851.0000000000001
2022-09-19 19:00:00,855.8000000000001
2022-09-20 05:00:00,850.8000000000001
2022-09-20 13:00:00,847.0000000000001
2022-09-20 14:00:00,844.5000000000001
2022-09-20 15:00:00,844.6
2022-09-20 16:00:00,846.9000000000001
2022-09-20 17:00:00,849.3000000000001
2022-09-20 18:00:00,847.2
2022-09-20 19:00:00,850.7
2022-09-20 20:00:00,852.3000000000001
2022-09-21 05:00:00,838.7
2022-09-21 13:00:00,855.7
2022-09-21 14:00:00,852.7
2022-09-21 15:00:00,855.6
2022-09-21 16:00:00,853.5000000000001
2022-09-21 17:00:00,856.5000000000001
2022-09-21 18:00:00,856.6
2022-09-21 19:00:00,838.5000000000001
2022-09-22 05:00:00,835.1
2022-09-22 12:00:00,847.8000000000001
2022-09-22 13:00:00,844.4000000000001
2022-09-22 14:00:00,841.1
2022-09-22 15:00:00,843.0000000000001
2022-09-22 16:00:00,843.3000000000001
2022-09-22 17:00:00,842.7
2022-09-22 18:00:00,842.8000000000001
2022-09-22 19:00:00,834.7
2022-09-23 05:00:00,781.7
2022-09-23 13:00:00,786.1
2022-09-23 14:00:00,781.6
2022-09-23 15:00:00,782.3000000000001
2022-09-23 16:00:00,783.3000000000001
2022-09-23 17:00:00,780.0000000000001
2022-09-23 18:00:00,776.1
2022-09-23 19:00:00,781.7
2022-09-26 05:00:00,761.4000000000001
2022-09-26 13:00:00,776.4000000000001
2022-09-26 14:00:00,779.6
2022-09-26 15:00:00,772.1
2022-09-26 16:00:00,771.1
2022-09-26 17:00:00,766.0000000000001
2022-09-26 18:00:00,764.3000000000001
2022-09-26 19:00:00,761.3000000000001
2022-09-27 05:00:00,769.6
2022-09-27 07:00:00,772.7
2022-09-27 13:00:00,775.8000000000001
2022-09-27 14:00:00,783.0000000000001
2022-09-27 15:00:00,772.5000000000001
2022-09-27 16:00:00,769.6
2022-09-27 17:00:00,769.4000000000001
2022-09-27 18:00:00,774.4000000000001
2022-09-27 19:00:00,770.0000000000001
2022-09-28 05:00:00,803.3000000000001
2022-09-28 13:00:00,780.5000000000001
2022-09-28 14:00:00,787.3000000000001
2022-09-28 15:00:00,790.0000000000001
2022-09-28 16:00:00,790.4000000000001
2022-09-28 17:00:00,793.6
2022-09-28 18:00:00,797.8000000000001
2022-09-28 19:00:00,803.0000000000001
2022-09-29 05:00:00,801.4000000000001
2022-09-29 13:00:00,793.7
2022-09-29 14:00:00,793.4000000000001
2022-09-29 15:00:00,798.6
2022-09-29 16:00:00,800.7
2022-09-29 17:00:00,797.5000000000001
2022-09-29 18:00:00,794.9000000000001
2022-09-29 19:00:00,802.0000000000001
2022-09-29 20:00:00,801.4000000000001
2022-09-30 05:00:00,795.8000000000001
2022-09-30 13:00:00,798.6
2022-09-30 14:00:00,801.8000000000001
2022-09-30 15:00:00,805.0000000000001
2022-09-30 16:00:00,803.5000000000001
2022-09-30 17:00:00,800.7
2022-09-30 18:00:00,794.6
2022-09-30 19:00:00,796.5000000000001
2022-10-03 05:00:00,838.9000000000001
2022-10-03 13:00:00,826.6
2022-10-03 14:00:00,832.5000000000001
2022-10-03 15:00:00,832.6
2022-10-03 16:00:00,831.4000000000001
2022-10-03 17:00:00,834.4000000000001
2022-10-03 18:00:00,839.9000000000001
2022-10-03 19:00:00,838.5000000000001
2022-10-04 05:00:00,873.6
2022-10-04 13:00:00,856.8000000000001
2022-10-04 14:00:00,868.5000000000001
2022-10-04 15:00:00,868.0000000000001
2022-10-04 16:00:00,866.5000000000001
2022-10-04 17:00:00,869.2
2022-10-04 18:00:00,871.7
2022-10-04 19:00:00,873.4000000000001
2022-10-05 05:00:00,890.5000000000001
2022-10-05 13:00:00,883.6
2022-10-05 14:00:00,883.3000000000001
2022-10-05 15:00:00,886.8000000000001
2022-10-05 16:00:00,892.8000000000001
2022-10-05 17:00:00,894.1
2022-10-05 18:00:00,891.8000000000001
2022-10-05 19:00:00,890.4000000000001
2022-10-05 20:00:00,890.3000000000001
2022-10-06 05:00:00,906.2
2022-10-06 13:00:00,902.3000000000001
2022-10-06 14:00:00,898.4000000000001
2022-10-06 15:00:00,896.9000000000001
2022-10-06 16:00:00,903.2
2022-10-06 17:00:00,906.9000000000001
2022-10-06 18:00:00,904.0000000000001
2022-10-06 19:00:00,906.1
2022-10-07 05:00:00,899.5000000000001
2022-10-07 13:00:00,907.3000000000001
2022-10-07 14:00:00,913.5000000000001
2022-10-07 15:00:00,914.7
2022-10-07 16:00:00,910.3000000000001
2022-10-07 17:00:00,909.7
2022-10-07 18:00:00,904.8000000000001
2022-10-07 19:00:00,899.9000000000001
2022-10-10 05:00:00,881.4000000000001
2022-10-10 13:00:00,899.2
2022-10-10 14:00:00,884.3000000000001
2022-10-10 15:00:00,885.6
2022-10-10 16:00:00,885.5000000000001
2022-10-10 17:00:00,890.7
2022-10-10 18:00:00,880.1
2022-10-10 19:00:00,881.2
2022-10-11 05:00:00,873.9000000000001
2022-10-11 06:00:00,877.3000000000001
2022-10-11 07:00:00,871.5000000000001
2022-10-11 13:00:00,867.6
2022-10-11 14:00:00,869.5000000000001
2022-10-11 15:00:00,880.6
2022-10-11 16:00:00,886.8000000000001
2022-10-11 17:00:00,886.3000000000001
2022-10-11 18:00:00,874.3000000000001
2022-10-11 19:00:00,873.8000000000001
2022-10-12 05:00:00,881.0000000000001
2022-10-12 13:00:00,868.0000000000001
2022-10-12 14:00:00,871.9000000000001
2022-10-12 15:00:00,877.1
2022-10-12 16:00:00,881.1
2022-10-12 17:00:00,883.9000000000001
2022-10-12 18:00:00,882.4000000000001
2022-10-12 19:00:00,880.8000000000001
2022-10-13 05:00:00,915.1
2022-10-13 12:00:00,892.5000000000001
2022-10-13 13:00:00,884.9000000000001
2022-10-13 14:00:00,899.2
2022-10-13 15:00:00,911.5000000000001
2022-10-13 16:00:00,914.0000000000001
2022-10-13 17:00:00,916.8000000000001
2022-10-13 18:00:00,917.6
2022-10-13 19:00:00,914.7
2022-10-14 05:00:00,882.5000000000001
2022-10-14 12:00:00,907.3000000000001
2022-10-14 13:00:00,904.9000000000001
2022-10-14 14:00:00,894.0000000000001
2022-10-14 15:00:00,894.0000000000001
2022-10-14 16:00:00,890.9000000000001
2022-10-14 17:00:00,888.9000000000001
2022-10-14 18:00:00,882.1
2022-10-14 19:00:00,882.6
2022-10-17 05:00:00,893.1
2022-10-17 12:00:00,884.8000000000001
2022-10-17 13:00:00,896.9000000000001
2022-10-17 14:00:00,894.3000000000001
2022-10-17 15:00:00,898.6
2022-10-17 16:00:00,898.8000000000001
2022-10-17 17:00:00,898.5000000000001
2022-10-17 18:00:00,893.8000000000001
2022-10-17 19:00:00,893.4000000000001
2022-10-18 05:00:00,900.4000000000001
2022-10-18 13:00:00,901.7
2022-10-18 14:00:00,895.0000000000001
2022-10-18 15:00:00,889.8000000000001
2022-10-18 16:00:00,898.4000000000001
2022-10-18 17:00:00,901.5000000000001
2022-10-18 18:00:00,896.7
2022-10-18 19:00:00,900.6
2022-10-18 20:00:00,899.4000000000001
2022-10-19 05:00:00,925.8000000000001
2022-10-19 13:00:00,912.5000000000001
2022-10-19 14:00:00,917.1
2022-10-19 15:00:00,922.5000000000001
2022-10-19 16:00:00,919.3000000000001
2022-10-19 17:00:00,925.6
2022-10-19 18:00:00,925.2
2022-10-19 19:00:00,926.1
2022-10-19 20:00:00,926.4000000000001
2022-10-20 05:00:00,926.3000000000001
2022-10-20 13:00:00,932.8000000000001
2022-10-20 14:00:00,939.9000000000001
2022-10-20 15:00:00,933.0000000000001
2022-10-20 16:00:00,931.9000000000001
2022-10-20 17:00:00,927.5000000000001
2022-10-20 18:00:00,926.4000000000001
2022-10-20 19:00:00,926.3000000000001
2022-10-21 05:00:00,952.3000000000001
2022-10-21 13:00:00,940.1
2022-10-21 14:00:00,939.0000000000001
2022-10-21 15:00:00,947.1
2022-10-21 16:00:00,949.3000000000001
2022-10-21 17:00:00,950.6
2022-10-21 18:00:00,952.3000000000001
2022-10-21 19:00:00,952.5000000000001
2022-10-24 05:00:00,957.6
2022-10-24 13:00:00,962.8000000000001
2022-10-24 14:00:00,959.6
2022-10-24 15:00:00,957.3000000000001
2022-10-24 16:00:00,958.9000000000001
2022-10-24 17:00:00,957.4000000000001
2022-10-24 18:00:00,957.2
2022-10-24 19:00:00,957.2
2022-10-25 05:00:00,957.3000000000001
2022-10-25 13:00:00,959.0000000000001
2022-10-25 14:00:00,957.5000000000001
2022-10-25 15:00:00,955.2
2022-10-25 16:00:00,954.7
2022-10-25 17:00:00,953.3000000000001
2022-10-25 18:00:00,950.6
2022-10-25 19:00:00,957.6
2022-10-26 05:00:00,969.3000000000001
2022-10-26 13:00:00,962.5000000000001
2022-10-26 14:00:00,973.0000000000001
2022-10-26 15:00:00,974.4000000000001
2022-10-26 16:00:00,972.0000000000001
2022-10-26 17:00:00,971.8000000000001
2022-10-26 18:00:00,973.9000000000001
2022-10-26 19:00:00,969.2
2022-10-27 05:00:00,972.9000000000001
2022-10-27 10:00:00,980.9000000000001
2022-10-27 13:00:00,979.8000000000001
2022-10-27 14:00:00,985.4000000000001
2022-10-27 15:00:00,983.3000000000001
2022-10-27 16:00:00,983.6
2022-10-27 17:00:00,982.4000000000001
2022-10-27 18:00:00,975.9000000000001
2022-10-27 19:00:00,972.9000000000001
2022-10-28 05:00:00,977.3000000000001
2022-10-28 13:00:00,987.6
2022-10-28 14:00:00,967.4000000000001
2022-10-28 15:00:00,970.6
2022-10-28 16:00:00,972.9000000000001
2022-10-28 17:00:00,974.0000000000001
2022-10-28 18:00:00,978.3000000000001
2022-10-28 19:00:00,977.0000000000001
2022-10-31 05:00:00,984.1
2022-10-31 13:00:00,981.9000000000001
2022-10-31 14:00:00,994.2
2022-10-31 15:00:00,985.4000000000001
2022-10-31 16:00:00,979.1
2022-10-31 17:00:00,984.0000000000001
2022-10-31 18:00:00,990.5000000000001
2022-10-31 19:00:00,984.6
2022-11-01 05:00:00,994.1
2022-11-01 13:00:00,995.0000000000001
2022-11-01 14:00:00,988.6
2022-11-01 15:00:00,995.0000000000001
2022-11-01 16:00:00,995.6
2022-11-01 17:00:00,994.7
2022-11-01 18:00:00,996.9000000000001
2022-11-01 19:00:00,993.5000000000001
2022-11-02 05:00:00,970.8000000000001
2022-11-02 13:00:00,977.8000000000001
2022-11-02 14:00:00,982.6
2022-11-02 15:00:00,990.9000000000001
2022-11-02 16:00:00,987.6
2022-11-02 17:00:00,987.9000000000001
2022-11-02 18:00:00,981.6
2022-11-02 19:00:00,970.3000000000001
2022-11-02 20:00:00,967.8000000000001
2022-11-03 05:00:00,988.0000000000001
2022-11-03 13:00:00,971.9000000000001
2022-11-03 14:00:00,984.1
2022-11-03 15:00:00,985.8000000000001
2022-11-03 16:00:00,992.2
2022-11-03 17:00:00,988.0000000000001
2022-11-03 18:00:00,988.7
2022-11-03 19:00:00,987.8000000000001
2022-11-04 05:00:00,999.6
2022-11-04 13:00:00,1007.8000000000001
2022-11-04 14:00:00,1007.4000000000001
2022-11-04 15:00:00,991.3000000000001
2022-11-04 16:00:00,990.1
2022-11-04 17:00:00,995.1
2022-11-04 18:00:00,998.7
2022-11-04 19:00:00,999.4000000000001
2022-11-07 06:00:00,1015.9000000000001
2022-11-07 14:00:00,1003.6
2022-11-07 15:00:00,1014.6
2022-11-07 16:00:00,1014.3000000000001
2022-11-07 17:00:00,1013.6
2022-11-07 18:00:00,1014.0000000000001
2022-11-07 19:00:00,1014.5000000000001
2022-11-07 20:00:00,1015.9000000000001
2022-11-08 06:00:00,1016.6
2022-11-08 14:00:00,1007.5000000000001
2022-11-08 15:00:00,1016.2
2022-11-08 16:00:00,1014.5000000000001
2022-11-08 17:00:00,1016.2
2022-11-08 18:00:00,1009.9000000000001
2022-11-08 19:00:00,1015.1
2022-11-08 20:00:00,1016.7
2022-11-09 06:00:00,968.4000000000001
2022-11-09 14:00:00,995.6
2022-11-09 15:00:00,987.1
2022-11-09 16:00:00,991.6
2022-11-09 17:00:00,989.3000000000001
2022-11-09 18:00:00,978.7
2022-11-09 19:00:00,970.0000000000001
2022-11-09 20:00:00,969.1
2022-11-10 06:00:00,988.9000000000001
2022-11-10 13:00:00,977.1
2022-11-10 14:00:00,981.4000000000001
2022-11-10 15:00:00,988.8000000000001
2022-11-10 16:00:00,986.8000000000001
2022-11-10 17:00:00,977.9000000000001
2022-11-10 18:00:00,980.6
2022-11-10 19:00:00,983.6
2022-11-10 20:00:00,989.1
2022-11-11 06:00:00,1018.4000000000001
2022-11-11 12:00:00,1002.9000000000001
2022-11-11 14:00:00,1007.9000000000001
2022-11-11 15:00:00,1019.3000000000001
2022-11-11 16:00:00,1008.2
2022-11-11 17:00:00,1013.2
2022-11-11 18:00:00,1016.6
2022-11-11 19:00:00,1019.1
2022-11-11 20:00:00,1018.7
2022-11-14 06:00:00,1015.2
2022-11-14 14:00:00,1021.2
2022-11-14 15:00:00,1030.4
2022-11-14 16:00:00,1023.2
2022-11-14 17:00:00,1020.9000000000001
2022-11-14 18:00:00,1027.0
2022-11-14 19:00:00,1024.5
2022-11-14 20:00:00,1015.4000000000001
2022-11-15 06:00:00,1026.7
2022-11-15 14:00:00,1020.9000000000001
2022-11-15 15:00:00,1013.8000000000001
2022-11-15 16:00:00,1017.1
2022-11-15 17:00:00,1023.4000000000001
2022-11-15 18:00:00,1022.2
2022-11-15 19:00:00,1023.8000000000001
2022-11-15 20:00:00,1027.0
2022-11-16 06:00:00,1006.5000000000001
2022-11-16 14:00:00,1016.9000000000001
2022-11-16 15:00:00,1019.1
2022-11-16 16:00:00,1012.8000000000001
2022-11-16 17:00:00,1009.4000000000001
2022-11-16 18:00:00,1004.5000000000001
2022-11-16 19:00:00,1007.5000000000001
2022-11-16 20:00:00,1007.1
2022-11-17 06:00:00,1008.3000000000001
2022-11-17 14:00:00,989.1
2022-11-17 15:00:00,994.3000000000001
2022-11-17 16:00:00,993.1
2022-11-17 17:00:00,999.1
2022-11-17 18:00:00,997.9000000000001
2022-11-17 19:00:00,1000.1
2022-11-17 20:00:00,1008.6
2022-11-18 06:00:00,1000.3000000000001
2022-11-18 14:00:00,989.6
2022-11-18 15:00:00,992.4000000000001
2022-11-18 16:00:00,992.2
2022-11-18 17:00:00,992.2
2022-11-18 18:00:00,991.5000000000001
2022-11-18 19:00:00,996.8000000000001
2022-11-18 20:00:00,1000.6
2022-11-21 06:00:00,986.7
2022-11-21 14:00:00,965.9000000000001
2022-11-21 15:00:00,957.6
2022-11-21 16:00:00,957.1
2022-11-21 17:00:00,984.6
2022-11-21 18:00:00,986.3000000000001
2022-11-21 19:00:00,983.4000000000001
2022-11-21 20:00:00,987.0000000000001
2022-11-22 06:00:00,1016.7
2022-11-22 13:00:00,1000.3000000000001
2022-11-22 14:00:00,1002.8000000000001
2022-11-22 15:00:00,1008.2
2022-11-22 16:00:00,1012.4000000000001
2022-11-22 17:00:00,1013.7
2022-11-22 18:00:00,1013.1
2022-11-22 19:00:00,1014.8000000000001
2022-11-22 20:00:00,1016.4000000000001
2022-11-23 06:00:00,1005.1
2022-11-23 14:00:00,1003.7
2022-11-23 15:00:00,1001.2
2022-11-23 16:00:00,999.8000000000001
2022-11-23 17:00:00,997.3000000000001
2022-11-23 18:00:00,1002.3000000000001
2022-11-23 19:00:00,1007.1
2022-11-23 20:00:00,1005.4000000000001
2022-11-23 21:00:00,1005.6
2022-11-25 06:00:00,1002.2
2022-11-25 14:00:00,1011.1
2022-11-25 15:00:00,1008.8000000000001
2022-11-25 16:00:00,1006.6
2022-11-25 17:00:00,1002.3000000000001
2022-11-28 06:00:00,975.7
2022-11-28 13:00:00,979.8000000000001
2022-11-28 14:00:00,978.7
2022-11-28 15:00:00,979.1
2022-11-28 16:00:00,985.9000000000001
2022-11-28 17:00:00,985.9000000000001
2022-11-28 18:00:00,981.5000000000001
2022-11-28 19:00:00,979.9000000000001
2022-11-28 20:00:00,975.7
2022-11-29 06:00:00,989.3000000000001
2022-11-29 14:00:00,987.3000000000001
2022-11-29 15:00:00,992.1
2022-11-29 16:00:00,987.5000000000001
2022-11-29 17:00:00,984.7
2022-11-29 18:00:00,989.9000000000001
2022-11-29 19:00:00,987.4000000000001
2022-11-29 20:00:00,988.8000000000001
2022-11-30 06:00:00,993.6
2022-11-30 13:00:00,1001.0000000000001
2022-11-30 14:00:00,990.5000000000001
2022-11-30 15:00:00,988.3000000000001
2022-11-30 16:00:00,987.7
2022-11-30 17:00:00,983.0000000000001
2022-11-30 18:00:00,991.8000000000001
2022-11-30 19:00:00,992.8000000000001
2022-11-30 20:00:00,993.8000000000001
2022-12-01 06:00:00,989.9000000000001
2022-12-01 14:00:00,998.7
2022-12-01 15:00:00,997.8000000000001
2022-12-01 16:00:00,990.2
2022-12-01 17:00:00,992.4000000000001
2022-12-01 18:00:00,990.7
2022-12-01 19:00:00,990.7
2022-12-01 20:00:00,989.7
2022-12-02 06:00:00,984.2
2022-12-02 14:00:00,989.7
2022-12-02 15:00:00,987.4000000000001
2022-12-02 16:00:00,990.1
2022-12-02 17:00:00,983.1
2022-12-02 18:00:00,981.3000000000001
2022-12-02 19:00:00,982.5000000000001
2022-12-02 20:00:00,984.4000000000001
2022-12-05 06:00:00,955.8000000000001
2022-12-05 14:00:00,983.5000000000001
2022-12-05 15:00:00,977.3000000000001
2022-12-05 16:00:00,965.4000000000001
2022-12-05 17:00:00,963.6
2022-12-05 18:00:00,956.9000000000001
2022-12-05 19:00:00,950.5000000000001
2022-12-05 20:00:00,955.6
2022-12-06 06:00:00,932.2
2022-12-06 13:00:00,946.3000000000001
2022-12-06 14:00:00,958.9000000000001
2022-12-06 15:00:00,947.1
2022-12-06 16:00:00,942.6
2022-12-06 17:00:00,934.2
2022-12-06 18:00:00,933.9000000000001
2022-12-06 19:00:00,931.6
2022-12-06 20:00:00,932.3000000000001
2022-12-07 06:00:00,930.1
2022-12-07 14:00:00,936.7
2022-12-07 15:00:00,936.1
2022-12-07 16:00:00,928.6
2022-12-07 17:00:00,929.1
2022-12-07 18:00:00,924.3000000000001
2022-12-07 19:00:00,929.9000000000001
2022-12-07 20:00:00,929.8000000000001
2022-12-08 06:00:00,925.7
2022-12-08 13:00:00,944.2
2022-12-08 14:00:00,947.6
2022-12-08 15:00:00,929.0000000000001
2022-12-08 16:00:00,932.0000000000001
2022-12-08 17:00:00,927.7
2022-12-08 18:00:00,929.4000000000001
2022-12-08 19:00:00,923.7
2022-12-08 20:00:00,925.5000000000001
2022-12-09 06:00:00,904.4000000000001
2022-12-09 14:00:00,920.6
2022-12-09 15:00:00,915.4000000000001
2022-12-09 16:00:00,922.5000000000001
2022-12-09 17:00:00,912.7
2022-12-09 18:00:00,909.0000000000001
2022-12-09 19:00:00,909.3000000000001
2022-12-09 20:00:00,904.0000000000001
2022-12-09 21:00:00,906.9000000000001
2022-12-12 06:00:00,926.6
2022-12-12 14:00:00,912.0
2022-12-12 15:00:00,919.0
2022-12-12 16:00:00,920.4
2022-12-12 17:00:00,920.7
2022-12-12 18:00:00,919.9
2022-12-12 19:00:00,923.6
2022-12-12 20:00:00,926.1
2022-12-13 06:00:00,942.4
2022-12-13 14:00:00,949.1
2022-12-13 15:00:00,936.0
2022-12-13 16:00:00,943.9
2022-12-13 17:00:00,940.9
2022-12-13 18:00:00,945.1
2022-12-13 19:00:00,944.8
2022-12-13 20:00:00,943.2
2022-12-14 06:00:00,937.6
2022-12-14 14:00:00,944.9
2022-12-14 15:00:00,936.9
2022-12-14 16:00:00,941.6
2022-12-14 17:00:00,943.7
2022-12-14 18:00:00,946.6
2022-12-14 19:00:00,938.9
2022-12-14 20:00:00,937.5
2022-12-15 06:00:00,931.4
2022-12-15 13:00:00,936.0
2022-12-15 14:00:00,929.5
2022-12-15 15:00:00,925.7
2022-12-15 16:00:00,919.8
2022-12-15 17:00:00,925.1
2022-12-15 18:00:00,926.4
2022-12-15 19:00:00,928.3
2022-12-15 20:00:00,931.7
2022-12-16 06:00:00,919.7
2022-12-16 14:00:00,918.0
2022-12-16 15:00:00,910.6
2022-12-16 16:00:00,911.3
2022-12-16 17:00:00,911.2
2022-12-16 18:00:00,911.9
2022-12-16 19:00:00,919.4
2022-12-16 20:00:00,919.1
2022-12-19 06:00:00,920.7
2022-12-19 14:00:00,922.3
2022-12-19 15:00:00,920.6
2022-12-19 16:00:00,925.6
2022-12-19 17:00:00,924.4
2022-12-19 18:00:00,922.0
2022-12-19 19:00:00,915.1
2022-12-19 20:00:00,921.1
2022-12-20 06:00:00,933.1
2022-12-20 14:00:00,927.5
2022-12-20 15:00:00,935.9
2022-12-20 16:00:00,931.6
2022-12-20 17:00:00,928.3
2022-12-20 18:00:00,938.1
2022-12-20 19:00:00,933.9
2022-12-20 20:00:00,933.1
2022-12-21 06:00:00,950.5
2022-12-21 13:00:00,947.7
2022-12-21 14:00:00,939.2
2022-12-21 15:00:00,948.2
2022-12-21 16:00:00,946.0
2022-12-21 17:00:00,949.6
2022-12-21 19:00:00,951.8
2022-12-21 20:00:00,950.5
2022-12-22 06:00:00,928.6
2022-12-22 14:00:00,940.9
2022-12-22 15:00:00,930.7
2022-12-22 16:00:00,930.1
2022-12-22 17:00:00,921.0
2022-12-22 18:00:00,915.8
2022-12-22 19:00:00,925.3
2022-12-22 20:00:00,928.6
2022-12-23 06:00:00,957.6
2022-12-23 14:00:00,941.8
2022-12-23 15:00:00,951.0
2022-12-23 16:00:00,952.8
2022-12-23 17:00:00,952.7
2022-12-23 18:00:00,953.8
2022-12-23 19:00:00,953.9
2022-12-23 20:00:00,957.9
2022-12-27 06:00:00,967.1
2022-12-27 14:00:00,962.6
2022-12-27 15:00:00,963.3
2022-12-27 16:00:00,967.3
2022-12-27 17:00:00,966.0
2022-12-27 18:00:00,969.0
2022-12-27 19:00:00,964.3
2022-12-27 20:00:00,967.2
2022-12-28 06:00:00,946.3
2022-12-28 14:00:00,956.7
2022-12-28 15:00:00,950.1
2022-12-28 16:00:00,945.6
2022-12-28 17:00:00,950.2
2022-12-28 18:00:00,949.2
2022-12-28 19:00:00,951.6
2022-12-28 20:00:00,947.0
2022-12-29 06:00:00,955.1
2022-12-29 14:00:00,948.2
2022-12-29 15:00:00,951.3
2022-12-29 16:00:00,954.8
2022-12-29 17:00:00,953.0
2022-12-29 18:00:00,955.3
2022-12-29 19:00:00,957.8
2022-12-29 20:00:00,955.2
2022-12-30 06:00:00,960.4
2022-12-30 13:00:00,946.3
2022-12-30 14:00:00,953.7
2022-12-30 15:00:00,955.7
2022-12-30 16:00:00,956.5
2022-12-30 17:00:00,958.6
2022-12-30 18:00:00,956.1
2022-12-30 20:00:00,960.8
2023-01-03 06:00:00,927.6
2023-01-03 14:00:00,951.5
2023-01-03 15:00:00,949.8
2023-01-03 16:00:00,934.5
2023-01-03 17:00:00,931.9
2023-01-03 18:00:00,926.4
2023-01-03 19:00:00,921.6
2023-01-03 20:00:00,926.8
2023-01-04 06:00:00,927.9
2023-01-04 13:00:00,913.6
2023-01-04 14:00:00,922.8
2023-01-04 15:00:00,925.1
2023-01-04 16:00:00,931.9
2023-01-04 17:00:00,929.0
2023-01-04 18:00:00,928.0
2023-01-04 19:00:00,925.0
2023-01-04 20:00:00,927.6
2023-01-05 06:00:00,944.9
2023-01-05 13:00:00,937.0
2023-01-05 14:00:00,933.5
2023-01-05 15:00:00,935.6
2023-01-05 16:00:00,938.1
2023-01-05 17:00:00,942.7
2023-01-05 18:00:00,945.8
2023-01-05 19:00:00,947.2
2023-01-05 20:00:00,944.6
2023-01-06 06:00:00,960.9
2023-01-06 14:00:00,960.1
2023-01-06 15:00:00,971.0
2023-01-06 16:00:00,967.9
2023-01-06 17:00:00,961.9
2023-01-06 18:00:00,956.6
2023-01-06 19:00:00,960.7
2023-01-06 20:00:00,960.6
2023-01-06 21:00:00,958.9
2023-01-09 06:00:00,958.1
2023-01-09 14:00:00,974.6
2023-01-09 15:00:00,971.4
2023-01-09 16:00:00,966.1
2023-01-09 17:00:00,961.0
2023-01-09 18:00:00,960.0
2023-01-09 19:00:00,959.5
2023-01-09 20:00:00,957.7
2023-01-10 06:00:00,963.5
2023-01-10 14:00:00,958.2
2023-01-10 15:00:00,952.0
2023-01-10 16:00:00,953.8
2023-01-10 17:00:00,958.2
2023-01-10 18:00:00,961.1
2023-01-10 19:00:00,960.3
2023-01-10 20:00:00,963.5
2023-01-10 21:00:00,962.1
2023-01-11 06:00:00,966.5
2023-01-11 13:00:00,969.3
2023-01-11 14:00:00,967.6
2023-01-11 15:00:00,957.2
2023-01-11 16:00:00,966.6
2023-01-11 17:00:00,964.5
2023-01-11 18:00:00,963.2
2023-01-11 19:00:00,966.2
2023-01-11 20:00:00,966.8
2023-01-12 06:00:00,984.1
2023-01-12 14:00:00,977.0
2023-01-12 15:00:00,985.4
2023-01-12 16:00:00,983.8
2023-01-12 17:00:00,988.9
2023-01-12 18:00:00,986.3
2023-01-12 19:00:00,987.3
2023-01-12 20:00:00,983.8
2023-01-13 06:00:00,985.3
2023-01-13 14:00:00,974.2
2023-01-13 15:00:00,981.6
2023-01-13 16:00:00,983.5
2023-01-13 17:00:00,978.2
2023-01-13 18:00:00,982.9
2023-01-13 19:00:00,983.8
2023-01-13 20:00:00,985.4
2023-01-17 06:00:00,986.7
2023-01-17 14:00:00,993.6
2023-01-17 15:00:00,988.6
2023-01-17 16:00:00,985.2
2023-01-17 17:00:00,983.6
2023-01-17 18:00:00,985.9
2023-01-17 19:00:00,987.7
2023-01-17 20:00:00,986.4
2023-01-18 06:00:00,969.0
2023-01-18 12:00:00,992.0
2023-01-18 13:00:00,991.5
2023-01-18 14:00:00,998.9
2023-01-18 15:00:00,998.3
2023-01-18 16:00:00,986.7
2023-01-18 17:00:00,974.8
2023-01-18 18:00:00,976.4
2023-01-18 19:00:00,972.6
2023-01-18 20:00:00,969.8
2023-01-19 06:00:00,980.3
2023-01-19 14:00:00,966.4
2023-01-19 15:00:00,966.8
2023-01-19 16:00:00,965.4
2023-01-19 17:00:00,973.8
2023-01-19 18:00:00,980.5
2023-01-19 19:00:00,983.9
2023-01-19 20:00:00,979.9
2023-01-19 21:00:00,980.7
2023-01-20 06:00:00,992.0
2023-01-20 14:00:00,981.7
2023-01-20 15:00:00,983.2
2023-01-20 16:00:00,986.8
2023-01-20 17:00:00,987.7
2023-01-20 18:00:00,988.2
2023-01-20 19:00:00,987.9
2023-01-20 20:00:00,991.9
2023-01-23 06:00:00,991.0
2023-01-23 13:00:00,993.3
2023-01-23 14:00:00,993.1
2023-01-23 15:00:00,1000.0
2023-01-23 16:00:00,998.4
2023-01-23 17:00:00,999.9
2023-01-23 18:00:00,997.7
2023-01-23 19:00:00,991.0
2023-01-23 20:00:00,991.1
2023-01-24 06:00:00,988.4
2023-01-24 14:00:00,980.3
2023-01-24 15:00:00,981.1
2023-01-24 16:00:00,983.3
2023-01-24 17:00:00,985.0
2023-01-24 18:00:00,985.6
2023-01-24 19:00:00,987.7
2023-01-24 20:00:00,987.9
2023-01-24 21:00:00,987.5
2023-01-25 06:00:00,987.0
2023-01-25 14:00:00,970.1
2023-01-25 15:00:00,978.0
2023-01-25 16:00:00,980.1
2023-01-25 17:00:00,979.7
2023-01-25 18:00:00,984.9
2023-01-25 19:00:00,985.3
2023-01-25 20:00:00,987.1
2023-01-26 06:00:00,1017.7
2023-01-26 12:00:00,997.5
2023-01-26 14:00:00,994.3
2023-01-26 15:00:00,999.2
2023-01-26 16:00:00,1005.2
2023-01-26 17:00:00,1005.7
2023-01-26 18:00:00,1010.7
2023-01-26 19:00:00,1010.8
2023-01-26 20:00:00,1017.6
2023-01-26 21:00:00,1017.3
2023-01-27 06:00:00,997.7
2023-01-27 14:00:00,1009.8
2023-01-27 15:00:00,1001.2
2023-01-27 16:00:00,1003.4
2023-01-27 17:00:00,1001.0
2023-01-27 18:00:00,1001.4
2023-01-27 19:00:00,1001.5
2023-01-27 20:00:00,997.8
2023-01-30 06:00:00,975.6
2023-01-30 14:00:00,983.4
2023-01-30 15:00:00,988.6
2023-01-30 16:00:00,980.8
2023-01-30 17:00:00,979.4
2023-01-30 18:00:00,980.2
2023-01-30 19:00:00,976.9
2023-01-30 20:00:00,975.1
2023-01-30 21:00:00,975.8
2023-01-31 06:00:00,982.9
2023-01-31 14:00:00,971.0
2023-01-31 15:00:00,982.3
2023-01-31 16:00:00,978.2
2023-01-31 17:00:00,980.6
2023-01-31 18:00:00,978.6
2023-01-31 19:00:00,979.2
2023-01-31 20:00:00,982.6
2023-01-31 21:00:00,982.3
2023-02-01 06:00:00,965.0
2023-02-01 13:00:00,979.7
2023-02-01 14:00:00,978.3
2023-02-01 15:00:00,968.1
2023-02-01 16:00:00,959.7
2023-02-01 17:00:00,955.1
2023-02-01 18:00:00,957.2
2023-02-01 19:00:00,965.0
2023-02-01 20:00:00,964.9
2023-02-01 21:00:00,969.0
2023-02-02 06:00:00,943.0
2023-02-02 14:00:00,943.9
2023-02-02 15:00:00,952.8
2023-02-02 16:00:00,947.2
2023-02-02 17:00:00,947.2
2023-02-02 18:00:00,941.6
2023-02-02 19:00:00,936.1
2023-02-02 20:00:00,942.7
2023-02-03 06:00:00,941.0
2023-02-03 14:00:00,953.1
2023-02-03 15:00:00,957.4
2023-02-03 16:00:00,946.1
2023-02-03 17:00:00,945.9
2023-02-03 18:00:00,943.9
2023-02-03 19:00:00,943.6
2023-02-03 20:00:00,941.4
2023-02-03 21:00:00,944.1
2023-02-06 06:00:00,937.0
2023-02-06 14:00:00,934.1
2023-02-06 15:00:00,930.2
2023-02-06 16:00:00,936.2
2023-02-06 17:00:00,934.5
2023-02-06 18:00:00,935.7
2023-02-06 19:00:00,936.4
2023-02-06 20:00:00,936.9
2023-02-06 21:00:00,937.4
2023-02-07 06:00:00,965.3
2023-02-07 14:00:00,945.4
2023-02-07 15:00:00,944.3
2023-02-07 16:00:00,952.3
2023-02-07 17:00:00,960.0
2023-02-07 18:00:00,949.7
2023-02-07 19:00:00,960.1
2023-02-07 20:00:00,964.8
2023-02-08 06:00:00,957.1
2023-02-08 14:00:00,963.2
2023-02-08 15:00:00,958.3
2023-02-08 16:00:00,953.7
2023-02-08 17:00:00,957.7
2023-02-08 18:00:00,958.8
2023-02-08 19:00:00,959.1
2023-02-08 20:00:00,956.8
2023-02-09 06:00:00,949.8
2023-02-09 14:00:00,953.4
2023-02-09 15:00:00,955.0
2023-02-09 16:00:00,956.7
2023-02-09 17:00:00,953.1
2023-02-09 18:00:00,953.9
2023-02-09 19:00:00,952.3
2023-02-09 20:00:00,949.7
2023-02-10 06:00:00,985.6
2023-02-10 13:00:00,971.0
2023-02-10 14:00:00,971.6
2023-02-10 15:00:00,973.6
2023-02-10 16:00:00,978.3
2023-02-10 17:00:00,979.6
2023-02-10 18:00:00,980.9
2023-02-10 19:00:00,983.9
2023-02-10 20:00:00,985.5
2023-02-13 06:00:00,982.8
2023-02-13 14:00:00,975.8
2023-02-13 15:00:00,977.7
2023-02-13 16:00:00,978.2
2023-02-13 17:00:00,986.0
2023-02-13 18:00:00,983.7
2023-02-13 19:00:00,984.5
2023-02-13 20:00:00,982.6
2023-02-14 06:00:00,982.9
2023-02-14 14:00:00,983.2
2023-02-14 15:00:00,981.9
2023-02-14 16:00:00,977.4
2023-02-14 17:00:00,982.6
2023-02-14 18:00:00,984.9
2023-02-14 19:00:00,985.4
2023-02-14 20:00:00,983.3
2023-02-15 06:00:00,966.4
2023-02-15 14:00:00,959.1
2023-02-15 15:00:00,966.7
2023-02-15 16:00:00,961.6
2023-02-15 17:00:00,959.3
2023-02-15 18:00:00,964.2
2023-02-15 19:00:00,963.6
2023-02-15 20:00:00,966.0
2023-02-15 21:00:00,967.8
2023-02-16 06:00:00,957.4
2023-02-16 12:00:00,962.5
2023-02-16 14:00:00,961.2
2023-02-16 15:00:00,964.2
2023-02-16 16:00:00,966.2
2023-02-16 17:00:00,968.2
2023-02-16 18:00:00,965.2
2023-02-16 19:00:00,963.4
2023-02-16 20:00:00,957.3
2023-02-17 06:00:00,924.0
2023-02-17 14:00:00,926.8
2023-02-17 15:00:00,928.6
2023-02-17 16:00:00,928.1
2023-02-17 17:00:00,923.2
2023-02-17 18:00:00,923.6
2023-02-17 19:00:00,926.4
2023-02-17 20:00:00,924.4
2023-02-21 06:00:00,920.4
2023-02-21 14:00:00,925.0
2023-02-21 15:00:00,923.6
2023-02-21 16:00:00,918.7
2023-02-21 17:00:00,923.0
2023-02-21 18:00:00,921.3
2023-02-21 19:00:00,921.1
2023-02-21 20:00:00,920.2
2023-02-21 21:00:00,920.6
2023-02-22 06:00:00,914.3
2023-02-22 14:00:00,921.8
2023-02-22 15:00:00,911.0
2023-02-22 16:00:00,916.1
2023-02-22 17:00:00,919.4
2023-02-22 18:00:00,920.2
2023-02-22 19:00:00,912.2
2023-02-22 20:00:00,914.4
2023-02-23 06:00:00,924.8
2023-02-23 14:00:00,926.3
2023-02-23 15:00:00,926.5
2023-02-23 16:00:00,915.9
2023-02-23 17:00:00,921.0
2023-02-23 18:00:00,923.5
2023-02-23 19:00:00,926.3
2023-02-23 20:00:00,924.6
2023-02-23 21:00:00,926.2
2023-02-24 06:00:00,924.9
2023-02-24 14:00:00,911.7
2023-02-24 15:00:00,915.7
2023-02-24 16:00:00,922.7
2023-02-24 17:00:00,915.7
2023-02-24 18:00:00,918.4
2023-02-24 19:00:00,920.9
2023-02-24 20:00:00,924.9
2023-02-24 21:00:00,927.9
2023-02-27 06:00:00,928.1
2023-02-27 14:00:00,926.0
2023-02-27 15:00:00,928.6
2023-02-27 16:00:00,928.2
2023-02-27 17:00:00,929.8
2023-02-27 18:00:00,927.1
2023-02-27 19:00:00,928.6
2023-02-27 20:00:00,928.3
2023-02-28 06:00:00,914.8
2023-02-28 13:00:00,935.7
2023-02-28 14:00:00,924.3
2023-02-28 15:00:00,925.3
2023-02-28 16:00:00,918.0
2023-02-28 17:00:00,920.1
2023-02-28 18:00:00,918.5
2023-02-28 19:00:00,916.6
2023-02-28 20:00:00,913.8
2023-03-01 06:00:00,931.9
2023-03-01 14:00:00,925.1
2023-03-01 15:00:00,934.7
2023-03-01 16:00:00,931.4
2023-03-01 17:00:00,930.6
2023-03-01 18:00:00,928.9
2023-03-01 19:00:00,931.0
2023-03-01 20:00:00,933.9
2023-03-02 06:00:00,939.2
2023-03-02 14:00:00,931.0
2023-03-02 15:00:00,936.0
2023-03-02 16:00:00,936.5
2023-03-02 17:00:00,936.3
2023-03-02 18:00:00,936.8
2023-03-02 19:00:00,938.6
2023-03-02 20:00:00,939.7
2023-03-03 06:00:00,952.7
2023-03-03 14:00:00,939.0
2023-03-03 15:00:00,943.5
2023-03-03 16:00:00,948.1
2023-03-03 17:00:00,952.6
2023-03-03 18:00:00,951.0
2023-03-03 19:00:00,954.3
2023-03-03 20:00:00,953.0
2023-03-06 06:00:00,952.3
2023-03-06 14:00:00,945.4
2023-03-06 15:00:00,943.4
2023-03-06 16:00:00,949.3
2023-03-06 17:00:00,949.7
2023-03-06 18:00:00,948.9
2023-03-06 19:00:00,952.5
2023-03-06 20:00:00,952.4
2023-03-06 21:00:00,953.0
2023-03-07 06:00:00,935.9
2023-03-07 14:00:00,946.3
2023-03-07 15:00:00,940.1
2023-03-07 16:00:00,940.5
2023-03-07 17:00:00,941.9
2023-03-07 18:00:00,934.8
2023-03-07 19:00:00,933.4
2023-03-07 20:00:00,935.9
2023-03-08 06:00:00,926.7
2023-03-08 14:00:00,942.0
2023-03-08 15:00:00,931.9
2023-03-08 16:00:00,921.3
2023-03-08 17:00:00,921.6
2023-03-08 18:00:00,922.5
2023-03-08 19:00:00,921.7
2023-03-08 20:00:00,926.7
2023-03-08 21:00:00,927.2
2023-03-09 06:00:00,913.8
2023-03-09 14:00:00,938.3
2023-03-09 15:00:00,933.8
2023-03-09 16:00:00,933.6
2023-03-09 17:00:00,926.8
2023-03-09 18:00:00,920.7
2023-03-09 19:00:00,919.0
2023-03-09 20:00:00,914.2
2023-03-10 06:00:00,901.6
2023-03-10 14:00:00,923.3000000000001
2023-03-10 15:00:00,913.0000000000001
2023-03-10 16:00:00,914.6
2023-03-10 17:00:00,912.0000000000001
2023-03-10 18:00:00,900.3000000000001
2023-03-10 19:00:00,903.2
2023-03-10 20:00:00,898.1
2023-03-13 05:00:00,883.5000000000001
2023-03-13 13:00:00,879.9000000000001
2023-03-13 14:00:00,896.2
2023-03-13 15:00:00,892.5000000000001
2023-03-13 16:00:00,885.6
2023-03-13 17:00:00,891.1
2023-03-13 18:00:00,889.6
2023-03-13 19:00:00,883.1
2023-03-14 05:00:00,892.9000000000001
2023-03-14 13:00:00,902.2
2023-03-14 14:00:00,901.1
2023-03-14 15:00:00,909.1
2023-03-14 16:00:00,900.3000000000001
2023-03-14 17:00:00,897.4000000000001
2023-03-14 18:00:00,887.3000000000001
2023-03-14 19:00:00,891.5000000000001
2023-03-15 05:00:00,844.9000000000001
2023-03-15 13:00:00,855.2
2023-03-15 14:00:00,853.1
2023-03-15 15:00:00,843.9000000000001
2023-03-15 16:00:00,833.5000000000001
2023-03-15 17:00:00,840.7
2023-03-15 18:00:00,846.6
2023-03-15 19:00:00,844.9000000000001
2023-03-16 05:00:00,853.8000000000001
2023-03-16 13:00:00,841.5000000000001
2023-03-16 14:00:00,841.8000000000001
2023-03-16 15:00:00,841.2
2023-03-16 16:00:00,851.3000000000001
2023-03-16 17:00:00,851.8000000000001
2023-03-16 18:00:00,851.3000000000001
2023-03-16 19:00:00,853.2
2023-03-16 20:00:00,855.1
2023-03-17 05:00:00,840.2
2023-03-17 08:00:00,860.9000000000001
2023-03-17 13:00:00,849.9000000000001
2023-03-17 14:00:00,838.3000000000001
2023-03-17 15:00:00,842.2
2023-03-17 16:00:00,843.4000000000001
2023-03-17 17:00:00,842.1
2023-03-17 18:00:00,841.3000000000001
2023-03-17 19:00:00,840.2
2023-03-17 20:00:00,841.3000000000001
2023-03-20 05:00:00,856.0000000000001
2023-03-20 13:00:00,845.5000000000001
2023-03-20 14:00:00,852.5000000000001
2023-03-20 15:00:00,856.4000000000001
2023-03-20 16:00:00,856.2
2023-03-20 17:00:00,860.4000000000001
2023-03-20 18:00:00,858.3000000000001
2023-03-20 19:00:00,856.8000000000001
2023-03-21 05:00:00,884.9000000000001
2023-03-21 13:00:00,881.4000000000001
2023-03-21 14:00:00,876.7
2023-03-21 15:00:00,876.1
2023-03-21 16:00:00,878.4000000000001
2023-03-21 17:00:00,880.4000000000001
2023-03-21 18:00:00,885.0000000000001
2023-03-21 19:00:00,884.9000000000001
2023-03-22 05:00:00,867.0000000000001
2023-03-22 13:00:00,879.2
2023-03-22 14:00:00,886.0000000000001
2023-03-22 15:00:00,882.1
2023-03-22 16:00:00,879.6
2023-03-22 17:00:00,880.4000000000001
2023-03-22 18:00:00,881.3000000000001
2023-03-22 19:00:00,867.1
2023-03-22 20:00:00,862.4000000000001
2023-03-23 05:00:00,855.2
2023-03-23 13:00:00,873.6
2023-03-23 14:00:00,875.2
2023-03-23 15:00:00,875.4000000000001
2023-03-23 16:00:00,865.4000000000001
2023-03-23 17:00:00,861.1
2023-03-23 18:00:00,849.5000000000001
2023-03-23 19:00:00,854.9000000000001
2023-03-24 05:00:00,857.4000000000001
2023-03-24 11:00:00,836.7
2023-03-24 13:00:00,840.7
2023-03-24 14:00:00,841.5000000000001
2023-03-24 15:00:00,852.8000000000001
2023-03-24 16:00:00,855.1
2023-03-24 17:00:00,857.5000000000001
2023-03-24 18:00:00,859.6
2023-03-24 19:00:00,858.0000000000001
2023-03-24 20:00:00,856.0000000000001
2023-03-27 05:00:00,874.8000000000001
2023-03-27 13:00:00,864.3000000000001
2023-03-27 14:00:00,862.2
2023-03-27 15:00:00,870.3000000000001
2023-03-27 16:00:00,875.0000000000001
2023-03-27 17:00:00,878.0000000000001
2023-03-27 18:00:00,879.2
2023-03-27 19:00:00,875.6
2023-03-28 05:00:00,888.2
2023-03-28 13:00:00,880.8000000000001
2023-03-28 14:00:00,884.2
2023-03-28 15:00:00,891.4000000000001
2023-03-28 16:00:00,890.5000000000001
2023-03-28 17:00:00,887.5000000000001
2023-03-28 18:00:00,886.8000000000001
2023-03-28 19:00:00,888.5000000000001
2023-03-29 05:00:00,900.2
2023-03-29 13:00:00,896.5000000000001
2023-03-29 14:00:00,897.7
2023-03-29 15:00:00,893.2
2023-03-29 16:00:00,896.7
2023-03-29 17:00:00,896.4000000000001
2023-03-29 18:00:00,899.5000000000001
2023-03-29 19:00:00,900.1
2023-03-30 05:00:00,904.0000000000001
2023-03-30 13:00:00,905.0000000000001
2023-03-30 14:00:00,901.0000000000001
2023-03-30 15:00:00,901.3000000000001
2023-03-30 16:00:00,900.3000000000001
2023-03-30 17:00:00,901.2
2023-03-30 18:00:00,901.2
2023-03-30 19:00:00,903.5000000000001
2023-03-31 05:00:00,909.3000000000001
2023-03-31 13:00:00,903.6
2023-03-31 14:00:00,904.6
2023-03-31 15:00:00,909.9000000000001
2023-03-31 16:00:00,907.9000000000001
2023-03-31 17:00:00,907.3000000000001
2023-03-31 18:00:00,906.9000000000001
2023-03-31 19:00:00,909.7
2023-04-03 05:00:00,949.9000000000001
2023-04-03 13:00:00,952.2
2023-04-03 14:00:00,946.7
2023-04-03 15:00:00,946.0000000000001
2023-04-03 16:00:00,947.3000000000001
2023-04-03 17:00:00,947.3000000000001
2023-04-03 18:00:00,951.1
2023-04-03 19:00:00,950.3000000000001
2023-04-04 05:00:00,933.7
2023-04-04 13:00:00,944.3000000000001
2023-04-04 14:00:00,936.8000000000001
2023-04-04 15:00:00,928.9000000000001
2023-04-04 16:00:00,932.6
2023-04-04 17:00:00,933.7
2023-04-04 18:00:00,934.0000000000001
2023-04-04 19:00:00,933.9000000000001
2023-04-04 20:00:00,934.4000000000001
2023-04-05 05:00:00,946.2
2023-04-05 13:00:00,940.0000000000001
2023-04-05 14:00:00,931.2
2023-04-05 15:00:00,936.8000000000001
2023-04-05 16:00:00,932.6
2023-04-05 17:00:00,937.2
2023-04-05 18:00:00,940.7
2023-04-05 19:00:00,946.3000000000001
2023-04-06 05:00:00,932.1
2023-04-06 13:00:00,937.8000000000001
2023-04-06 14:00:00,937.3000000000001
2023-04-06 15:00:00,938.6
2023-04-06 16:00:00,937.1
2023-04-06 17:00:00,936.3000000000001
2023-04-06 18:00:00,934.7
2023-04-06 19:00:00,931.8000000000001
2023-04-07 05:00:00,932.1
2023-04-10 05:00:00,939.3000000000001
2023-04-10 12:00:00,931.8000000000001
2023-04-10 13:00:00,946.4000000000001
2023-04-10 14:00:00,941.1
2023-04-10 15:00:00,938.1
2023-04-10 16:00:00,939.5000000000001
2023-04-10 17:00:00,940.3000000000001
2023-04-10 18:00:00,939.6
2023-04-10 19:00:00,939.3000000000001
2023-04-11 05:00:00,947.2
2023-04-11 13:00:00,939.4000000000001
2023-04-11 14:00:00,944.6
2023-04-11 15:00:00,952.6
2023-04-11 16:00:00,951.7
2023-04-11 17:00:00,950.5000000000001
2023-04-11 18:00:00,950.2
2023-04-11 19:00:00,947.1
2023-04-12 05:00:00,948.2
2023-04-12 13:00:00,951.1
2023-04-12 14:00:00,948.0000000000001
2023-04-12 15:00:00,949.7
2023-04-12 16:00:00,953.4000000000001
2023-04-12 17:00:00,952.7
2023-04-12 18:00:00,951.1
2023-04-12 19:00:00,948.9000000000001
2023-04-13 05:00:00,953.8000000000001
2023-04-13 13:00:00,949.2
2023-04-13 14:00:00,951.9000000000001
2023-04-13 15:00:00,950.4000000000001
2023-04-13 16:00:00,951.6
2023-04-13 17:00:00,954.5000000000001
2023-04-13 18:00:00,954.3000000000001
2023-04-13 19:00:00,954.1
2023-04-13 20:00:00,956.6
2023-04-14 05:00:00,955.7
2023-04-14 13:00:00,959.7
2023-04-14 14:00:00,952.4000000000001
2023-04-14 15:00:00,952.6
2023-04-14 16:00:00,952.9000000000001
2023-04-14 17:00:00,951.7
2023-04-14 18:00:00,953.9000000000001
2023-04-14 19:00:00,955.9000000000001
2023-04-14 20:00:00,954.6
2023-04-17 05:00:00,944.2
2023-04-17 11:00:00,959.0000000000001
2023-04-17 13:00:00,954.9000000000001
2023-04-17 14:00:00,949.1
2023-04-17 15:00:00,946.0000000000001
2023-04-17 16:00:00,945.2
2023-04-17 17:00:00,943.7
2023-04-17 18:00:00,945.3000000000001
2023-04-17 19:00:00,944.3000000000001
2023-04-17 20:00:00,945.9000000000001
2023-04-18 05:00:00,948.0000000000001
2023-04-18 13:00:00,940.6
2023-04-18 14:00:00,941.9000000000001
2023-04-18 15:00:00,942.9000000000001
2023-04-18 16:00:00,948.6
2023-04-18 17:00:00,950.2
2023-04-18 18:00:00,944.6
2023-04-18 19:00:00,947.9000000000001
2023-04-19 05:00:00,944.5000000000001
2023-04-19 13:00:00,938.8000000000001
2023-04-19 14:00:00,941.2
2023-04-19 15:00:00,936.4000000000001
2023-04-19 16:00:00,935.9000000000001
2023-04-19 17:00:00,943.3000000000001
2023-04-19 18:00:00,940.9000000000001
2023-04-19 19:00:00,944.8000000000001
2023-04-20 05:00:00,935.9000000000001
2023-04-20 13:00:00,926.7
2023-04-20 14:00:00,932.3000000000001
2023-04-20 15:00:00,929.0000000000001
2023-04-20 16:00:00,933.0000000000001
2023-04-20 17:00:00,935.3000000000001
2023-04-20 18:00:00,932.0000000000001
2023-04-20 19:00:00,936.4000000000001
2023-04-21 05:00:00,930.6
2023-04-21 13:00:00,933.9000000000001
2023-04-21 14:00:00,930.6
2023-04-21 15:00:00,931.8000000000001
2023-04-21 16:00:00,928.4000000000001
2023-04-21 17:00:00,931.1
2023-04-21 18:00:00,929.0000000000001
2023-04-21 19:00:00,930.5000000000001
2023-04-24 05:00:00,944.5000000000001
2023-04-24 13:00:00,936.1
2023-04-24 14:00:00,937.6
2023-04-24 15:00:00,942.8000000000001
2023-04-24 16:00:00,944.6
2023-04-24 17:00:00,946.3000000000001
2023-04-24 18:00:00,947.7
2023-04-24 19:00:00,944.5000000000001
2023-04-25 05:00:00,926.6
2023-04-25 13:00:00,928.7
2023-04-25 14:00:00,925.6
2023-04-25 15:00:00,927.1
2023-04-25 16:00:00,927.8000000000001
2023-04-25 17:00:00,925.2
2023-04-25 18:00:00,928.6
2023-04-25 19:00:00,926.5000000000001
2023-04-26 05:00:00,914.5000000000001
2023-04-26 13:00:00,920.0000000000001
2023-04-26 14:00:00,922.4000000000001
2023-04-26 15:00:00,927.4000000000001
2023-04-26 16:00:00,924.8000000000001
2023-04-26 17:00:00,916.6
2023-04-26 18:00:00,912.4000000000001
2023-04-26 19:00:00,914.5000000000001
2023-04-27 05:00:00,918.2
2023-04-27 13:00:00,916.0000000000001
2023-04-27 14:00:00,908.1
2023-04-27 15:00:00,912.1
2023-04-27 16:00:00,909.7
2023-04-27 17:00:00,913.2
2023-04-27 18:00:00,915.5000000000001
2023-04-27 19:00:00,918.2
2023-04-28 05:00:00,931.2
2023-04-28 13:00:00,922.2
2023-04-28 14:00:00,927.7
2023-04-28 15:00:00,932.7
2023-04-28 16:00:00,933.8000000000001
2023-04-28 17:00:00,932.4000000000001
2023-04-28 18:00:00,931.2
2023-04-28 19:00:00,931.6
2023-05-01 05:00:00,921.2
2023-05-01 13:00:00,927.8000000000001
2023-05-01 14:00:00,924.0000000000001
2023-05-01 15:00:00,921.9000000000001
2023-05-01 16:00:00,920.8000000000001
2023-05-01 17:00:00,921.3000000000001
2023-05-01 18:00:00,921.4000000000001
2023-05-01 19:00:00,921.4000000000001
2023-05-02 05:00:00,882.9000000000001
2023-05-02 13:00:00,894.2
2023-05-02 14:00:00,881.2
2023-05-02 15:00:00,878.8000000000001
2023-05-02 16:00:00,878.7
2023-05-02 17:00:00,881.9000000000001
2023-05-02 18:00:00,883.8000000000001
2023-05-02 19:00:00,882.8000000000001
2023-05-03 05:00:00,866.4000000000001
2023-05-03 12:00:00,872.3000000000001
2023-05-03 13:00:00,875.3000000000001
2023-05-03 14:00:00,870.2
2023-05-03 15:00:00,870.4000000000001
2023-05-03 16:00:00,877.8000000000001
2023-05-03 17:00:00,877.9000000000001
2023-05-03 18:00:00,876.7
2023-05-03 19:00:00,866.1
2023-05-04 05:00:00,856.0000000000001
2023-05-04 13:00:00,868.2
2023-05-04 14:00:00,858.2
2023-05-04 15:00:00,857.3000000000001
2023-05-04 16:00:00,857.8000000000001
2023-05-04 17:00:00,859.9000000000001
2023-05-04 18:00:00,858.9000000000001
2023-05-04 19:00:00,855.6
2023-05-05 05:00:00,879.1
2023-05-05 12:00:00,871.1
2023-05-05 13:00:00,882.6
2023-05-05 14:00:00,877.5000000000001
2023-05-05 15:00:00,878.7
2023-05-05 16:00:00,879.4000000000001
2023-05-05 17:00:00,881.0000000000001
2023-05-05 18:00:00,884.8000000000001
2023-05-05 19:00:00,879.3000000000001
2023-05-05 20:00:00,880.9000000000001
2023-05-08 05:00:00,879.4000000000001
2023-05-08 13:00:00,886.6
2023-05-08 14:00:00,887.2
2023-05-08 15:00:00,885.3000000000001
2023-05-08 16:00:00,882.9000000000001
2023-05-08 17:00:00,884.8000000000001
2023-05-08 18:00:00,882.9000000000001
2023-05-08 19:00:00,879.4000000000001
2023-05-09 05:00:00,879.0000000000001
2023-05-09 12:00:00,873.5000000000001
2023-05-09 13:00:00,879.3000000000001
2023-05-09 14:00:00,879.5000000000001
2023-05-09 15:00:00,879.3000000000001
2023-05-09 16:00:00,880.9000000000001
2023-05-09 17:00:00,885.3000000000001
2023-05-09 18:00:00,885.0000000000001
2023-05-09 19:00:00,879.1
2023-05-10 05:00:00,870.1
2023-05-10 13:00:00,868.8000000000001
2023-05-10 14:00:00,867.8000000000001
2023-05-10 15:00:00,867.3000000000001
2023-05-10 16:00:00,868.2
2023-05-10 17:00:00,866.7
2023-05-10 18:00:00,869.7
2023-05-10 19:00:00,869.8000000000001
2023-05-10 20:00:00,868.1
2023-05-11 05:00:00,859.6
2023-05-11 13:00:00,857.2
2023-05-11 14:00:00,859.6
2023-05-11 15:00:00,857.9000000000001
2023-05-11 16:00:00,857.1
2023-05-11 17:00:00,854.1
2023-05-11 18:00:00,856.6
2023-05-11 19:00:00,861.8000000000001
2023-05-12 05:00:00,860.9000000000001
2023-05-12 13:00:00,866.4000000000001
2023-05-12 14:00:00,865.9000000000001
2023-05-12 15:00:00,860.7
2023-05-12 16:00:00,857.5000000000001
2023-05-12 17:00:00,856.3000000000001
2023-05-12 18:00:00,857.9000000000001
2023-05-12 19:00:00,861.3000000000001
2023-05-12 20:00:00,859.1
2023-05-15 05:00:00,864.4000000000001
2023-05-15 13:00:00,860.8000000000001
2023-05-15 14:00:00,865.0000000000001
2023-05-15 15:00:00,863.3000000000001
2023-05-15 16:00:00,868.5000000000001
2023-05-15 17:00:00,864.9000000000001
2023-05-15 18:00:00,863.9000000000001
2023-05-15 19:00:00,864.9000000000001
2023-05-16 05:00:00,843.2
2023-05-16 13:00:00,852.6
2023-05-16 14:00:00,844.9000000000001
2023-05-16 15:00:00,845.2
2023-05-16 16:00:00,846.7
2023-05-16 17:00:00,846.6
2023-05-16 18:00:00,845.2
2023-05-16 19:00:00,843.2
2023-05-16 20:00:00,843.7
2023-05-17 05:00:00,859.1
2023-05-17 13:00:00,848.9000000000001
2023-05-17 14:00:00,849.7
2023-05-17 15:00:00,854.7
2023-05-17 16:00:00,859.5000000000001
2023-05-17 17:00:00,863.3000000000001
2023-05-17 18:00:00,858.9000000000001
2023-05-17 19:00:00,859.3000000000001
2023-05-17 20:00:00,858.7
2023-05-18 05:00:00,865.5000000000001
2023-05-18 12:00:00,859.9000000000001
2023-05-18 13:00:00,850.3000000000001
2023-05-18 14:00:00,858.6
2023-05-18 15:00:00,856.8000000000001
2023-05-18 16:00:00,857.5000000000001
2023-05-18 17:00:00,854.9000000000001
2023-05-18 18:00:00,860.3000000000001
2023-05-18 19:00:00,865.3000000000001
2023-05-19 05:00:00,871.2
2023-05-19 13:00:00,877.0000000000001
2023-05-19 14:00:00,876.1
2023-05-19 15:00:00,871.4000000000001
2023-05-19 16:00:00,873.7
2023-05-19 17:00:00,869.8000000000001
2023-05-19 18:00:00,868.6
2023-05-19 19:00:00,870.8000000000001
2023-05-19 20:00:00,871.3000000000001
2023-05-22 05:00:00,868.1
2023-05-22 13:00:00,868.9000000000001
2023-05-22 14:00:00,870.8000000000001
2023-05-22 15:00:00,873.6
2023-05-22 16:00:00,873.5000000000001
2023-05-22 17:00:00,875.1
2023-05-22 18:00:00,875.4000000000001
2023-05-22 19:00:00,868.6
2023-05-23 05:00:00,876.5000000000001
2023-05-23 13:00:00,881.7
2023-05-23 14:00:00,882.3000000000001
2023-05-23 15:00:00,882.3000000000001
2023-05-23 16:00:00,882.0000000000001
2023-05-23 17:00:00,880.9000000000001
2023-05-23 18:00:00,877.3000000000001
2023-05-23 19:00:00,876.6
2023-05-24 05:00:00,880.4000000000001
2023-05-24 13:00:00,873.7
2023-05-24 14:00:00,883.4000000000001
2023-05-24 15:00:00,884.3000000000001
2023-05-24 16:00:00,879.7
2023-05-24 17:00:00,878.7
2023-05-24 18:00:00,876.4000000000001
2023-05-24 19:00:00,880.2
2023-05-25 05:00:00,864.3000000000001
2023-05-25 11:00:00,872.5000000000001
2023-05-25 12:00:00,872.4000000000001
2023-05-25 13:00:00,865.0000000000001
2023-05-25 14:00:00,865.5000000000001
2023-05-25 15:00:00,858.8000000000001
2023-05-25 16:00:00,865.0000000000001
2023-05-25 17:00:00,864.8000000000001
2023-05-25 18:00:00,863.0000000000001
2023-05-25 19:00:00,864.5000000000001
2023-05-26 05:00:00,861.0000000000001
2023-05-26 13:00:00,864.8000000000001
2023-05-26 14:00:00,861.0000000000001
2023-05-26 15:00:00,858.9000000000001
2023-05-26 16:00:00,861.0000000000001
2023-05-26 17:00:00,858.8000000000001
2023-05-26 18:00:00,863.1
2023-05-26 19:00:00,860.8000000000001
2023-05-30 05:00:00,853.2
2023-05-30 13:00:00,845.5000000000001
2023-05-30 14:00:00,845.6
2023-05-30 15:00:00,849.1
2023-05-30 16:00:00,848.2
2023-05-30 17:00:00,846.7
2023-05-30 18:00:00,848.3000000000001
2023-05-30 19:00:00,853.2
2023-05-31 05:00:00,837.8000000000001
2023-05-31 13:00:00,840.6
2023-05-31 14:00:00,841.1
2023-05-31 15:00:00,841.0000000000001
2023-05-31 16:00:00,838.5000000000001
2023-05-31 17:00:00,840.1
2023-05-31 18:00:00,835.5000000000001
2023-05-31 19:00:00,838.2
2023-06-01 05:00:00,847.3000000000001
2023-06-01 13:00:00,834.7
2023-06-01 14:00:00,845.5000000000001
2023-06-01 15:00:00,850.8000000000001
2023-06-01 16:00:00,856.4000000000001
2023-06-01 17:00:00,856.1
2023-06-01 18:00:00,853.3000000000001
2023-06-01 19:00:00,847.9000000000001
2023-06-02 05:00:00,872.2
2023-06-02 09:00:00,856.7
2023-06-02 12:00:00,862.8000000000001
2023-06-02 13:00:00,861.7
2023-06-02 14:00:00,864.3000000000001
2023-06-02 15:00:00,868.8000000000001
2023-06-02 16:00:00,872.5000000000001
2023-06-02 17:00:00,873.7
2023-06-02 18:00:00,874.7
2023-06-02 19:00:00,871.9000000000001
2023-06-02 20:00:00,875.1
2023-06-05 05:00:00,867.3000000000001
2023-06-05 13:00:00,875.4000000000001
2023-06-05 14:00:00,867.3000000000001
2023-06-05 15:00:00,869.9000000000001
2023-06-05 16:00:00,871.9000000000001
2023-06-05 17:00:00,871.2
2023-06-05 18:00:00,868.9000000000001
2023-06-05 19:00:00,867.3000000000001
2023-06-06 05:00:00,873.3000000000001
2023-06-06 10:00:00,857.6
2023-06-06 12:00:00,857.6
2023-06-06 13:00:00,861.4000000000001
2023-06-06 14:00:00,871.0000000000001
2023-06-06 15:00:00,870.4000000000001
2023-06-06 16:00:00,869.2
2023-06-06 17:00:00,868.0000000000001
2023-06-06 18:00:00,870.3000000000001
2023-06-06 19:00:00,873.6
2023-06-07 05:00:00,895.3000000000001
2023-06-07 13:00:00,889.0000000000001
2023-06-07 14:00:00,893.5000000000001
2023-06-07 15:00:00,893.0000000000001
2023-06-07 16:00:00,893.7
2023-06-07 17:00:00,894.6
2023-06-07 18:00:00,895.6
2023-06-07 19:00:00,895.8000000000001
2023-06-07 20:00:00,895.8000000000001
2023-06-08 05:00:00,891.4000000000001
2023-06-08 13:00:00,892.5000000000001
2023-06-08 14:00:00,891.0000000000001
2023-06-08 15:00:00,879.4000000000001
2023-06-08 16:00:00,890.3000000000001
2023-06-08 17:00:00,891.2
2023-06-08 18:00:00,892.6
2023-06-08 19:00:00,891.5000000000001
2023-06-09 05:00:00,886.6
2023-06-09 13:00:00,885.8000000000001
2023-06-09 14:00:00,893.4000000000001
2023-06-09 15:00:00,887.0000000000001
2023-06-09 16:00:00,888.6
2023-06-09 17:00:00,884.9000000000001
2023-06-09 18:00:00,886.5000000000001
2023-06-09 19:00:00,886.9000000000001
2023-06-09 20:00:00,886.9000000000001
2023-06-12 05:00:00,877.8000000000001
2023-06-12 13:00:00,886.0000000000001
2023-06-12 14:00:00,875.8000000000001
2023-06-12 15:00:00,876.5000000000001
2023-06-12 16:00:00,875.0000000000001
2023-06-12 17:00:00,875.9000000000001
2023-06-12 18:00:00,874.8000000000001
2023-06-12 19:00:00,877.8000000000001
2023-06-13 05:00:00,882.2000000000002
2023-06-13 13:00:00,892.6000000000001
2023-06-13 14:00:00,891.4000000000001
2023-06-13 15:00:00,891.1000000000001
2023-06-13 16:00:00,891.4000000000001
2023-06-13 17:00:00,891.0000000000001
2023-06-13 18:00:00,885.5000000000001
2023-06-13 19:00:00,882.3000000000001
2023-06-14 05:00:00,872.6000000000001
2023-06-14 13:00:00,888.1000000000001
2023-06-14 14:00:00,880.5000000000001
2023-06-14 15:00:00,876.1000000000001
2023-06-14 16:00:00,874.1000000000001
2023-06-14 17:00:00,874.0000000000001
2023-06-14 18:00:00,870.2000000000002
2023-06-14 19:00:00,873.0000000000001
2023-06-15 05:00:00,880.9000000000001
2023-06-15 13:00:00,881.8000000000001
2023-06-15 14:00:00,883.0000000000001
2023-06-15 15:00:00,886.1000000000001
2023-06-15 16:00:00,883.7000000000002
2023-06-15 17:00:00,883.1000000000001
2023-06-15 18:00:00,883.0000000000001
2023-06-15 19:00:00,881.1000000000001
2023-06-16 05:00:00,880.5000000000001
2023-06-16 13:00:00,882.4000000000001
2023-06-16 14:00:00,881.6000000000001
2023-06-16 15:00:00,880.5000000000001
2023-06-16 16:00:00,885.3000000000001
2023-06-16 17:00:00,887.2000000000002
2023-06-16 18:00:00,883.1000000000001
2023-06-16 19:00:00,880.6000000000001
2023-06-20 05:00:00,860.8000000000001
2023-06-20 13:00:00,864.0000000000001
2023-06-20 14:00:00,858.4000000000001
2023-06-20 15:00:00,857.7000000000002
2023-06-20 16:00:00,857.9000000000001
2023-06-20 17:00:00,859.2000000000002
2023-06-20 18:00:00,860.1000000000001
2023-06-20 19:00:00,860.4000000000001
2023-06-21 05:00:00,868.2000000000002
2023-06-21 13:00:00,862.7000000000002
2023-06-21 14:00:00,871.8000000000001
2023-06-21 15:00:00,873.2000000000002
2023-06-21 16:00:00,872.2000000000002
2023-06-21 17:00:00,871.0000000000001
2023-06-21 18:00:00,872.5000000000001
2023-06-21 19:00:00,868.0000000000001
2023-06-22 05:00:00,856.2000000000002
2023-06-22 12:00:00,859.2000000000002
2023-06-22 13:00:00,856.8000000000001
2023-06-22 14:00:00,857.9000000000001
2023-06-22 15:00:00,856.7000000000002
2023-06-22 16:00:00,856.3000000000001
2023-06-22 17:00:00,856.2000000000002
2023-06-22 18:00:00,855.7000000000002
2023-06-22 19:00:00,855.9000000000001
2023-06-23 05:00:00,849.7000000000002
2023-06-23 13:00:00,851.0000000000001
2023-06-23 14:00:00,847.8000000000001
2023-06-23 15:00:00,848.9000000000001
2023-06-23 16:00:00,848.2000000000002
2023-06-23 17:00:00,849.8000000000001
2023-06-23 18:00:00,847.9000000000001
2023-06-23 19:00:00,849.6000000000001
2023-06-26 05:00:00,864.4000000000001
2023-06-26 13:00:00,862.8000000000001
2023-06-26 14:00:00,859.6000000000001
2023-06-26 15:00:00,864.3000000000001
2023-06-26 16:00:00,864.6000000000001
2023-06-26 17:00:00,866.3000000000001
2023-06-26 18:00:00,868.3000000000001
2023-06-26 19:00:00,864.5000000000001
2023-06-26 20:00:00,865.0000000000001
2023-06-27 05:00:00,866.6000000000001
2023-06-27 13:00:00,862.1000000000001
2023-06-27 14:00:00,867.6000000000001
2023-06-27 15:00:00,863.4000000000001
2023-06-27 16:00:00,864.2000000000002
2023-06-27 17:00:00,864.0000000000001
2023-06-27 18:00:00,865.8000000000001
2023-06-27 19:00:00,866.6000000000001
2023-06-28 05:00:00,874.1000000000001
2023-06-28 13:00:00,861.1000000000001
2023-06-28 14:00:00,866.1000000000001
2023-06-28 15:00:00,872.4000000000001
2023-06-28 16:00:00,872.8000000000001
2023-06-28 17:00:00,873.4000000000001
2023-06-28 18:00:00,874.9000000000001
2023-06-28 19:00:00,874.9000000000001
2023-06-29 05:00:00,884.2000000000002
2023-06-29 13:00:00,876.8000000000001
2023-06-29 14:00:00,878.1000000000001
2023-06-29 15:00:00,876.7000000000002
2023-06-29 16:00:00,880.3000000000001
2023-06-29 17:00:00,880.4000000000001
2023-06-29 18:00:00,879.4000000000001
2023-06-29 19:00:00,884.1000000000001
2023-06-29 20:00:00,884.7000000000002
2023-06-30 05:00:00,889.1000000000001
2023-06-30 13:00:00,886.8000000000001
2023-06-30 14:00:00,888.4000000000001
2023-06-30 15:00:00,891.1000000000001
2023-06-30 16:00:00,892.2000000000002
2023-06-30 17:00:00,892.6000000000001
2023-06-30 18:00:00,892.3000000000001
2023-06-30 19:00:00,888.8000000000001
2023-07-03 05:00:00,891.6000000000001
2023-07-03 13:00:00,890.3000000000001
2023-07-03 14:00:00,895.0000000000001
2023-07-03 15:00:00,895.8000000000001
2023-07-03 16:00:00,891.7000000000002
2023-07-05 05:00:00,887.1000000000001
2023-07-05 13:00:00,886.8000000000001
2023-07-05 14:00:00,884.3000000000001
2023-07-05 15:00:00,885.8000000000001
2023-07-05 16:00:00,884.4000000000001
2023-07-05 17:00:00,884.0000000000001
2023-07-05 18:00:00,883.4000000000001
2023-07-05 19:00:00,886.9000000000001
2023-07-06 05:00:00,866.4000000000001
2023-07-06 13:00:00,871.0000000000001
2023-07-06 14:00:00,865.7000000000002
2023-07-06 15:00:00,862.4000000000001
2023-07-06 16:00:00,863.0000000000001
2023-07-06 17:00:00,864.9000000000001
2023-07-06 18:00:00,867.4000000000001
2023-07-06 19:00:00,866.3000000000001
2023-07-07 05:00:00,884.9000000000001
2023-07-07 13:00:00,874.2000000000002
2023-07-07 14:00:00,877.6000000000001
2023-07-07 15:00:00,879.8000000000001
2023-07-07 16:00:00,887.5000000000001
2023-07-07 17:00:00,889.0000000000001
2023-07-07 18:00:00,890.5000000000001
2023-07-07 19:00:00,884.9000000000001
2023-07-10 05:00:00,890.8000000000001
2023-07-10 13:00:00,891.1000000000001
2023-07-10 14:00:00,887.7000000000002
2023-07-10 15:00:00,890.8000000000001
2023-07-10 16:00:00,889.1000000000001
2023-07-10 17:00:00,888.7000000000002
2023-07-10 18:00:00,889.8000000000001
2023-07-10 19:00:00,891.3000000000001
2023-07-11 05:00:00,910.4000000000001
2023-07-11 13:00:00,898.2000000000002
2023-07-11 14:00:00,901.7000000000002
2023-07-11 15:00:00,907.3000000000001
2023-07-11 16:00:00,907.8000000000001
2023-07-11 17:00:00,907.9000000000001
2023-07-11 18:00:00,910.4000000000001
2023-07-11 19:00:00,910.5000000000001
2023-07-12 05:00:00,917.9000000000001
2023-07-12 13:00:00,922.6000000000001
2023-07-12 14:00:00,918.0000000000001
2023-07-12 15:00:00,916.2000000000002
2023-07-12 16:00:00,916.0000000000001
2023-07-12 17:00:00,916.5000000000001
2023-07-12 18:00:00,917.6000000000001
2023-07-12 19:00:00,918.3000000000001
2023-07-13 05:00:00,914.5000000000001
2023-07-13 13:00:00,921.0000000000001
2023-07-13 14:00:00,920.8000000000001
2023-07-13 15:00:00,913.6000000000001
2023-07-13 16:00:00,910.8000000000001
2023-07-13 17:00:00,908.3000000000001
2023-07-13 18:00:00,915.2000000000002
2023-07-13 19:00:00,914.0000000000001
2023-07-14 05:00:00,889.9000000000001
2023-07-14 13:00:00,897.5000000000001
2023-07-14 14:00:00,896.5000000000001
2023-07-14 15:00:00,894.3000000000001
2023-07-14 16:00:00,893.9000000000001
2023-07-14 17:00:00,891.2000000000002
2023-07-14 18:00:00,891.3000000000001
2023-07-14 19:00:00,890.7000000000002
2023-07-17 05:00:00,889.2000000000002
2023-07-17 12:00:00,888.0000000000001
2023-07-17 13:00:00,890.4000000000001
2023-07-17 14:00:00,889.9000000000001
2023-07-17 15:00:00,885.9000000000001
2023-07-17 16:00:00,887.5000000000001
2023-07-17 17:00:00,891.7000000000002
2023-07-17 18:00:00,891.4000000000001
2023-07-17 19:00:00,889.3000000000001
2023-07-18 05:00:00,898.3000000000001
2023-07-18 13:00:00,901.0000000000001
2023-07-18 14:00:00,903.1000000000001
2023-07-18 15:00:00,903.0000000000001
2023-07-18 16:00:00,900.9000000000001
2023-07-18 17:00:00,902.3000000000001
2023-07-18 18:00:00,899.1000000000001
2023-07-18 19:00:00,898.4000000000001
2023-07-19 05:00:00,902.3000000000001
2023-07-19 13:00:00,907.5000000000001
2023-07-19 14:00:00,901.4000000000001
2023-07-19 15:00:00,905.6000000000001
2023-07-19 16:00:00,901.5000000000001
2023-07-19 17:00:00,900.8000000000001
2023-07-19 18:00:00,901.3000000000001
2023-07-19 19:00:00,902.4000000000001
2023-07-20 05:00:00,913.0000000000001
2023-07-20 13:00:00,910.1000000000001
2023-07-20 14:00:00,911.8000000000001
2023-07-20 15:00:00,905.6000000000001
2023-07-20 16:00:00,910.7000000000002
2023-07-20 17:00:00,910.0000000000001
2023-07-20 18:00:00,912.7000000000002
2023-07-20 19:00:00,912.9000000000001
2023-07-21 05:00:00,920.3000000000001
2023-07-21 13:00:00,912.4000000000001
2023-07-21 14:00:00,917.9000000000001
2023-07-21 15:00:00,919.0000000000001
2023-07-21 16:00:00,917.3000000000001
2023-07-21 17:00:00,917.5000000000001
2023-07-21 18:00:00,918.8000000000001
2023-07-21 19:00:00,920.2000000000002
2023-07-24 05:00:00,934.7000000000002
2023-07-24 13:00:00,930.0000000000001
2023-07-24 14:00:00,935.5000000000001
2023-07-24 15:00:00,939.4000000000001
2023-07-24 16:00:00,939.3000000000001
2023-07-24 17:00:00,939.9000000000001
2023-07-24 18:00:00,937.5000000000001
2023-07-24 19:00:00,935.0000000000001
2023-07-25 05:00:00,940.1000000000001
2023-07-25 13:00:00,929.5000000000001
2023-07-25 14:00:00,937.4000000000001
2023-07-25 15:00:00,939.0000000000001
2023-07-25 16:00:00,938.4000000000001
2023-07-25 17:00:00,941.4000000000001
2023-07-25 18:00:00,941.6000000000001
2023-07-25 19:00:00,940.1000000000001
2023-07-26 05:00:00,939.4000000000001
2023-07-26 13:00:00,933.2000000000002
2023-07-26 14:00:00,938.8000000000001
2023-07-26 15:00:00,939.0000000000001
2023-07-26 16:00:00,937.6000000000001
2023-07-26 17:00:00,937.2000000000002
2023-07-26 18:00:00,942.5000000000001
2023-07-26 19:00:00,939.7000000000002
2023-07-27 05:00:00,933.7000000000002
2023-07-27 13:00:00,936.0000000000001
2023-07-27 14:00:00,942.1000000000001
2023-07-27 15:00:00,942.8000000000001
2023-07-27 16:00:00,947.3000000000001
2023-07-27 17:00:00,941.7000000000002
2023-07-27 18:00:00,937.3000000000001
2023-07-27 19:00:00,933.4000000000001
2023-07-28 05:00:00,936.0000000000001
2023-07-28 10:00:00,925.7000000000002
2023-07-28 13:00:00,929.8000000000001
2023-07-28 14:00:00,931.9000000000001
2023-07-28 15:00:00,931.8000000000001
2023-07-28 16:00:00,933.3000000000001
2023-07-28 17:00:00,932.9000000000001
2023-07-28 18:00:00,934.4000000000001
2023-07-28 19:00:00,936.0000000000001
2023-07-31 05:00:00,953.3000000000001
2023-07-31 12:00:00,942.9000000000001
2023-07-31 13:00:00,949.9000000000001
2023-07-31 14:00:00,952.2000000000002
2023-07-31 15:00:00,952.8000000000001
2023-07-31 16:00:00,952.9000000000001
2023-07-31 17:00:00,952.4000000000001
2023-07-31 18:00:00,952.9000000000001
2023-07-31 19:00:00,953.6000000000001
2023-08-01 05:00:00,948.7000000000002
2023-08-01 13:00:00,948.0000000000001
2023-08-01 14:00:00,940.1000000000001
2023-08-01 15:00:00,939.1000000000001
2023-08-01 16:00:00,943.6000000000001
2023-08-01 17:00:00,947.0000000000001
2023-08-01 18:00:00,947.3000000000001
2023-08-01 19:00:00,948.7000000000002
2023-08-01 20:00:00,948.0000000000001
2023-08-02 05:00:00,936.9000000000001
2023-08-02 13:00:00,941.4000000000001
2023-08-02 14:00:00,930.3000000000001
2023-08-02 15:00:00,933.2000000000002
2023-08-02 16:00:00,932.2000000000002
2023-08-02 17:00:00,933.8000000000001
2023-08-02 18:00:00,935.6000000000001
2023-08-02 19:00:00,936.9000000000001
2023-08-03 05:00:00,945.6000000000001
2023-08-03 13:00:00,938.5000000000001
2023-08-03 14:00:00,945.3000000000001
2023-08-03 15:00:00,951.1000000000001
2023-08-03 16:00:00,952.1000000000001
2023-08-03 17:00:00,949.1000000000001
2023-08-03 18:00:00,948.8000000000001
2023-08-03 19:00:00,945.5000000000001
2023-08-03 20:00:00,947.1000000000001
2023-08-04 05:00:00,945.5000000000001
2023-08-04 13:00:00,954.3000000000001
2023-08-04 14:00:00,958.3000000000001
2023-08-04 15:00:00,958.7000000000002
2023-08-04 16:00:00,959.4000000000001
2023-08-04 17:00:00,955.6000000000001
2023-08-04 18:00:00,948.7000000000002
2023-08-04 19:00:00,945.6000000000001
2023-08-04 20:00:00,946.0000000000001
2023-08-07 05:00:00,947.1000000000001
2023-08-07 13:00:00,946.0000000000001
2023-08-07 14:00:00,948.3000000000001
2023-08-07 15:00:00,951.2000000000002
2023-08-07 16:00:00,949.8000000000001
2023-08-07 17:00:00,949.5000000000001
2023-08-07 18:00:00,946.3000000000001
2023-08-07 19:00:00,947.3000000000001
2023-08-08 05:00:00,951.4000000000001
2023-08-08 12:00:00,929.6000000000001
2023-08-08 13:00:00,933.2000000000002
2023-08-08 14:00:00,938.5000000000001
2023-08-08 15:00:00,941.9000000000001
2023-08-08 16:00:00,943.6000000000001
2023-08-08 17:00:00,947.1000000000001
2023-08-08 18:00:00,948.5000000000001
2023-08-08 19:00:00,951.8000000000001
2023-08-09 05:00:00,962.9000000000001
2023-08-09 10:00:00,959.3000000000001
2023-08-09 12:00:00,960.8000000000001
2023-08-09 13:00:00,966.9000000000001
2023-08-09 14:00:00,968.9000000000001
2023-08-09 15:00:00,961.7000000000002
2023-08-09 16:00:00,964.5000000000001
2023-08-09 17:00:00,965.9000000000001
2023-08-09 18:00:00,967.8000000000001
2023-08-09 19:00:00,962.8000000000001
2023-08-10 05:00:00,963.1000000000001
2023-08-10 13:00:00,974.2000000000002
2023-08-10 14:00:00,969.1000000000001
2023-08-10 15:00:00,965.1000000000001
2023-08-10 16:00:00,963.2000000000002
2023-08-10 17:00:00,957.9000000000001
2023-08-10 18:00:00,961.2000000000002
2023-08-10 19:00:00,963.0000000000001
2023-08-10 20:00:00,962.4000000000001
2023-08-11 05:00:00,977.4000000000001
2023-08-11 13:00:00,967.9000000000001
2023-08-11 14:00:00,974.3000000000001
2023-08-11 15:00:00,976.8000000000001
2023-08-11 16:00:00,975.5000000000001
2023-08-11 17:00:00,973.3000000000001
2023-08-11 18:00:00,976.1000000000001
2023-08-11 19:00:00,977.7000000000002
2023-08-11 20:00:00,978.3000000000001
2023-08-14 05:00:00,973.4000000000001
2023-08-14 13:00:00,968.7000000000002
2023-08-14 14:00:00,970.0000000000001
2023-08-14 15:00:00,972.8000000000001
2023-08-14 16:00:00,972.9000000000001
2023-08-14 17:00:00,972.7000000000002
2023-08-14 18:00:00,971.0000000000001
2023-08-14 19:00:00,973.5000000000001
2023-08-15 05:00:00,953.4000000000001
2023-08-15 12:00:00,964.1000000000001
2023-08-15 13:00:00,960.9000000000001
2023-08-15 14:00:00,956.1000000000001
2023-08-15 15:00:00,957.5000000000001
2023-08-15 16:00:00,953.0000000000001
2023-08-15 17:00:00,953.0000000000001
2023-08-15 18:00:00,955.7000000000002
2023-08-15 19:00:00,953.2000000000002
2023-08-16 05:00:00,945.0000000000001
2023-08-16 12:00:00,952.3000000000001
2023-08-16 13:00:00,958.0000000000001
2023-08-16 14:00:00,959.3000000000001
2023-08-16 15:00:00,955.7000000000002
2023-08-16 16:00:00,952.1000000000001
2023-08-16 17:00:00,951.7000000000002
2023-08-16 18:00:00,950.3000000000001
2023-08-16 19:00:00,945.2000000000002
2023-08-17 05:00:00,955.9000000000001
2023-08-17 09:00:00,954.3000000000001
2023-08-17 13:00:00,962.2000000000002
2023-08-17 14:00:00,965.9000000000001
2023-08-17 15:00:00,963.2000000000002
2023-08-17 16:00:00,963.8000000000001
2023-08-17 17:00:00,960.6000000000001
2023-08-17 18:00:00,956.8000000000001
2023-08-17 19:00:00,955.7000000000002
2023-08-18 05:00:00,963.3000000000001
2023-08-18 13:00:00,957.8000000000001
2023-08-18 14:00:00,957.5000000000001
2023-08-18 15:00:00,962.8000000000001
2023-08-18 16:00:00,964.2000000000002
2023-08-18 17:00:00,962.5000000000001
2023-08-18 18:00:00,961.8000000000001
2023-08-18 19:00:00,964.0000000000001
2023-08-21 05:00:00,957.6000000000001
2023-08-21 13:00:00,963.6000000000001
2023-08-21 14:00:00,956.9000000000001
2023-08-21 15:00:00,956.8000000000001
2023-08-21 16:00:00,952.7000000000002
2023-08-21 17:00:00,953.6000000000001
2023-08-21 18:00:00,954.6000000000001
2023-08-21 19:00:00,957.7000000000002
2023-08-22 05:00:00,950.7000000000002
2023-08-22 13:00:00,961.6000000000001
2023-08-22 14:00:00,956.9000000000001
2023-08-22 15:00:00,957.6000000000001
2023-08-22 16:00:00,959.0000000000001
2023-08-22 17:00:00,953.7000000000002
2023-08-22 18:00:00,952.2000000000002
2023-08-22 19:00:00,950.4000000000001
2023-08-23 05:00:00,947.9000000000001
2023-08-23 13:00:00,936.3000000000001
2023-08-23 14:00:00,943.6000000000001
2023-08-23 15:00:00,943.2000000000002
2023-08-23 16:00:00,945.3000000000001
2023-08-23 17:00:00,947.2000000000002
2023-08-23 18:00:00,945.7000000000002
2023-08-23 19:00:00,947.9000000000001
2023-08-24 05:00:00,941.1000000000001
2023-08-24 13:00:00,947.6000000000001
2023-08-24 14:00:00,946.5000000000001
2023-08-24 15:00:00,947.8000000000001
2023-08-24 16:00:00,950.9000000000001
2023-08-24 17:00:00,946.3000000000001
2023-08-24 19:00:00,941.2000000000002
2023-08-25 05:00:00,949.8000000000001
2023-08-25 13:00:00,946.3000000000001
2023-08-25 14:00:00,940.8000000000001
2023-08-25 15:00:00,948.5000000000001
2023-08-25 16:00:00,952.7000000000002
2023-08-25 17:00:00,947.9000000000001
2023-08-25 18:00:00,953.3000000000001
2023-08-25 19:00:00,950.2000000000002
2023-08-28 05:00:00,956.4000000000001
2023-08-28 13:00:00,961.3000000000001
2023-08-28 14:00:00,958.7000000000002
2023-08-28 15:00:00,953.9000000000001
2023-08-28 16:00:00,956.1000000000001
2023-08-28 17:00:00,954.0000000000001
2023-08-28 18:00:00,953.9000000000001
2023-08-28 19:00:00,956.5000000000001
2023-08-29 05:00:00,959.0000000000001
2023-08-29 13:00:00,953.6000000000001
2023-08-29 14:00:00,952.1000000000001
2023-08-29 15:00:00,954.0000000000001
2023-08-29 16:00:00,955.4000000000001
2023-08-29 17:00:00,958.5000000000001
2023-08-29 18:00:00,957.9000000000001
2023-08-29 19:00:00,959.3000000000001
2023-08-30 05:00:00,962.9000000000001
2023-08-30 13:00:00,964.3000000000001
2023-08-30 14:00:00,963.7000000000002
2023-08-30 15:00:00,964.1000000000001
2023-08-30 16:00:00,963.6000000000001
2023-08-30 17:00:00,962.0000000000001
2023-08-30 18:00:00,962.8000000000001
2023-08-30 19:00:00,962.5000000000001
2023-08-31 05:00:00,963.4000000000001
2023-08-31 13:00:00,961.5000000000001
2023-08-31 14:00:00,964.0000000000001
2023-08-31 15:00:00,960.3000000000001
2023-08-31 16:00:00,960.6000000000001
2023-08-31 17:00:00,963.5000000000001
2023-08-31 19:00:00,963.3000000000001
2023-09-01 05:00:00,982.0000000000001
2023-09-01 12:00:00,972.3000000000001
2023-09-01 13:00:00,979.2000000000002
2023-09-01 14:00:00,977.6000000000001
2023-09-01 15:00:00,976.7000000000002
2023-09-01 16:00:00,980.2000000000002
2023-09-01 17:00:00,981.9000000000001
2023-09-01 18:00:00,981.6000000000001
2023-09-01 19:00:00,981.8000000000001
2023-09-05 05:00:00,987.4000000000001
2023-09-05 13:00:00,993.9000000000001
2023-09-05 14:00:00,987.6000000000001
2023-09-05 15:00:00,995.8000000000001
2023-09-05 16:00:00,995.1000000000001
2023-09-05 17:00:00,992.9000000000001
2023-09-05 18:00:00,990.9000000000001
2023-09-05 19:00:00,987.5000000000001
2023-09-06 05:00:00,987.6000000000001
2023-09-06 13:00:00,990.9000000000001
2023-09-06 14:00:00,982.2000000000002
2023-09-06 15:00:00,985.2000000000002
2023-09-06 16:00:00,981.0000000000001
2023-09-06 17:00:00,984.6000000000001
2023-09-06 18:00:00,984.4000000000001
2023-09-06 19:00:00,987.6000000000001
2023-09-07 05:00:00,986.4000000000001
2023-09-07 13:00:00,988.8000000000001
2023-09-07 14:00:00,987.1000000000001
2023-09-07 15:00:00,988.4000000000001
2023-09-07 16:00:00,984.6000000000001
2023-09-07 17:00:00,988.2000000000002
2023-09-07 18:00:00,987.3000000000001
2023-09-07 19:00:00,986.0000000000001
2023-09-08 05:00:00,995.7000000000002
2023-09-08 13:00:00,996.0000000000001
2023-09-08 14:00:00,1001.2000000000002
2023-09-08 15:00:00,998.3000000000001
2023-09-08 16:00:00,1000.1000000000001
2023-09-08 17:00:00,999.1000000000001
2023-09-08 18:00:00,996.1000000000001
2023-09-08 19:00:00,995.9000000000001
2023-09-11 05:00:00,982.4000000000001
2023-09-11 13:00:00,994.1
2023-09-11 14:00:00,991.9000000000001
2023-09-11 15:00:00,984.1
2023-09-11 16:00:00,986.8000000000001
2023-09-11 17:00:00,982.7
2023-09-11 18:00:00,979.7
2023-09-11 19:00:00,982.6
2023-09-12 05:00:00,1003.8000000000001
2023-09-12 13:00:00,995.1
2023-09-12 14:00:00,1000.4000000000001
2023-09-12 15:00:00,1003.2
2023-09-12 16:00:00,1002.8000000000001
2023-09-12 17:00:00,1004.5000000000001
2023-09-12 18:00:00,1003.6
2023-09-12 19:00:00,1003.8000000000001
2023-09-13 05:00:00,996.8000000000001
2023-09-13 13:00:00,1000.5000000000001
2023-09-13 14:00:00,1001.3000000000001
2023-09-13 15:00:00,996.3000000000001
2023-09-13 16:00:00,995.4000000000001
2023-09-13 17:00:00,995.6
2023-09-13 18:00:00,993.3000000000001
2023-09-13 19:00:00,996.6
2023-09-13 20:00:00,997.5000000000001
2023-09-14 05:00:00,1008.5000000000001
2023-09-14 13:00:00,1009.9000000000001
2023-09-14 14:00:00,1008.6
2023-09-14 15:00:00,1007.5000000000001
2023-09-14 16:00:00,1009.3000000000001
2023-09-14 17:00:00,1008.7
2023-09-14 18:00:00,1008.8000000000001
2023-09-14 19:00:00,1008.8000000000001
2023-09-15 05:00:00,995.1
2023-09-15 13:00:00,1005.3000000000001
2023-09-15 14:00:00,1002.2
2023-09-15 15:00:00,1001.6
2023-09-15 16:00:00,999.0000000000001
2023-09-15 17:00:00,999.6
2023-09-15 18:00:00,998.3000000000001
2023-09-15 19:00:00,994.6
2023-09-18 05:00:00,1001.6
2023-09-18 13:00:00,997.3000000000001
2023-09-18 14:00:00,1004.4000000000001
2023-09-18 15:00:00,1004.3000000000001
2023-09-18 16:00:00,1001.6
2023-09-18 17:00:00,998.8000000000001
2023-09-18 18:00:00,1000.2
2023-09-18 19:00:00,1001.3000000000001
2023-09-18 20:00:00,1002.2
2023-09-19 05:00:00,992.3000000000001
2023-09-19 13:00:00,1003.2
2023-09-19 14:00:00,1000.1
2023-09-19 15:00:00,994.8000000000001
2023-09-19 16:00:00,989.8000000000001
2023-09-19 17:00:00,989.4000000000001
2023-09-19 18:00:00,989.7
2023-09-19 19:00:00,992.0000000000001
2023-09-20 05:00:00,983.2
2023-09-20 13:00:00,996.4000000000001
2023-09-20 14:00:00,993.2
2023-09-20 15:00:00,990.7
2023-09-20 16:00:00,992.9000000000001
2023-09-20 17:00:00,987.5000000000001
2023-09-20 18:00:00,989.4000000000001
2023-09-20 19:00:00,983.3000000000001
2023-09-20 20:00:00,983.5000000000001
2023-09-21 05:00:00,969.2
2023-09-21 13:00:00,983.9000000000001
2023-09-21 14:00:00,974.5000000000001
2023-09-21 15:00:00,974.7
2023-09-21 16:00:00,977.1
2023-09-21 17:00:00,977.7
2023-09-21 18:00:00,973.4000000000001
2023-09-21 19:00:00,969.4000000000001
2023-09-22 05:00:00,970.3000000000001
2023-09-22 11:00:00,963.7
2023-09-22 13:00:00,975.3000000000001
2023-09-22 14:00:00,975.6
2023-09-22 15:00:00,974.1
2023-09-22 16:00:00,973.5000000000001
2023-09-22 17:00:00,971.8000000000001
2023-09-22 18:00:00,972.5000000000001
2023-09-22 19:00:00,970.2
2023-09-25 05:00:00,982.6
2023-09-25 13:00:00,976.8000000000001
2023-09-25 14:00:00,976.5000000000001
2023-09-25 15:00:00,980.9000000000001
2023-09-25 16:00:00,982.2
2023-09-25 17:00:00,983.6
2023-09-25 18:00:00,981.4000000000001
2023-09-25 19:00:00,982.5000000000001
2023-09-26 05:00:00,976.9000000000001
2023-09-26 13:00:00,980.0000000000001
2023-09-26 14:00:00,977.9000000000001
2023-09-26 15:00:00,980.7
2023-09-26 16:00:00,982.2
2023-09-26 17:00:00,978.3000000000001
2023-09-26 18:00:00,974.3000000000001
2023-09-26 19:00:00,976.6
2023-09-26 20:00:00,976.8000000000001
2023-09-27 05:00:00,1001.0000000000001
2023-09-27 13:00:00,991.8000000000001
2023-09-27 14:00:00,994.4000000000001
2023-09-27 15:00:00,998.1
2023-09-27 16:00:00,999.0000000000001
2023-09-27 17:00:00,997.2
2023-09-27 18:00:00,1002.7
2023-09-27 19:00:00,1000.8000000000001
2023-09-28 05:00:00,1001.1
2023-09-28 13:00:00,1002.5000000000001
2023-09-28 14:00:00,1002.2
2023-09-28 15:00:00,1002.3000000000001
2023-09-28 16:00:00,999.8000000000001
2023-09-28 17:00:00,995.4000000000001
2023-09-28 18:00:00,1000.1
2023-09-28 19:00:00,1000.7
2023-09-29 05:00:00,980.8000000000001
2023-09-29 13:00:00,992.1
2023-09-29 14:00:00,982.5000000000001
2023-09-29 15:00:00,982.9000000000001
2023-09-29 16:00:00,984.2
2023-09-29 17:00:00,978.8000000000001
2023-09-29 18:00:00,982.9000000000001
2023-09-29 19:00:00,981.2
2023-10-02 05:00:00,962.2
2023-10-02 13:00:00,966.9000000000001
2023-10-02 14:00:00,960.8000000000001
2023-10-02 15:00:00,959.4000000000001
2023-10-02 16:00:00,960.1
2023-10-02 17:00:00,961.1
2023-10-02 18:00:00,957.4000000000001
2023-10-02 19:00:00,962.4000000000001
2023-10-02 20:00:00,962.0000000000001
2023-10-03 05:00:00,960.4000000000001
2023-10-03 13:00:00,959.4000000000001
2023-10-03 14:00:00,954.9000000000001
2023-10-03 15:00:00,953.1
2023-10-03 16:00:00,958.3000000000001
2023-10-03 17:00:00,955.0000000000001
2023-10-03 18:00:00,958.4000000000001
2023-10-03 19:00:00,961.0000000000001
2023-10-03 20:00:00,961.0000000000001
2023-10-04 05:00:00,930.3000000000001
2023-10-04 13:00:00,940.5000000000001
2023-10-04 14:00:00,928.2
2023-10-04 15:00:00,932.7
2023-10-04 16:00:00,933.0000000000001
2023-10-04 17:00:00,923.8000000000001
2023-10-04 18:00:00,924.2
2023-10-04 19:00:00,930.7
2023-10-04 20:00:00,930.1
2023-10-05 05:00:00,924.7
2023-10-05 13:00:00,928.0000000000001
2023-10-05 14:00:00,929.8000000000001
2023-10-05 15:00:00,924.5000000000001
2023-10-05 16:00:00,922.9000000000001
2023-10-05 17:00:00,924.9000000000001
2023-10-05 18:00:00,923.9000000000001
2023-10-05 19:00:00,924.6
2023-10-06 05:00:00,930.0000000000001
2023-10-06 12:00:00,930.2
2023-10-06 13:00:00,918.1
2023-10-06 14:00:00,918.3000000000001
2023-10-06 15:00:00,932.8000000000001
2023-10-06 16:00:00,936.0000000000001
2023-10-06 17:00:00,934.3000000000001
2023-10-06 18:00:00,935.9000000000001
2023-10-06 19:00:00,929.9000000000001
2023-10-06 20:00:00,930.2
2023-10-09 01:00:00,950.7
2023-10-09 03:00:00,945.3000000000001
2023-10-09 05:00:00,945.3000000000001
2023-10-09 08:00:00,946.3000000000001
2023-10-09 10:00:00,950.7
2023-10-09 11:00:00,953.7
2023-10-09 12:00:00,955.2
2023-10-09 13:00:00,955.5000000000001
2023-10-09 14:00:00,959.9000000000001
2023-10-09 15:00:00,959.4000000000001
2023-10-09 16:00:00,956.3000000000001
2023-10-09 17:00:00,960.4000000000001
2023-10-09 18:00:00,963.0000000000001
2023-10-09 19:00:00,961.1
2023-10-10 05:00:00,961.7
2023-10-10 13:00:00,959.6
2023-10-10 14:00:00,962.6
2023-10-10 15:00:00,965.9000000000001
2023-10-10 16:00:00,962.9000000000001
2023-10-10 17:00:00,965.8000000000001
2023-10-10 18:00:00,964.5000000000001
2023-10-10 19:00:00,961.9000000000001
2023-10-11 05:00:00,950.5000000000001
2023-10-11 13:00:00,946.9000000000001
2023-10-11 14:00:00,944.2
2023-10-11 15:00:00,944.2
2023-10-11 16:00:00,946.6
2023-10-11 17:00:00,948.3000000000001
2023-10-11 18:00:00,948.7
2023-10-11 19:00:00,950.5000000000001
2023-10-12 05:00:00,950.2
2023-10-12 11:00:00,959.2
2023-10-12 13:00:00,953.8000000000001
2023-10-12 14:00:00,952.9000000000001
2023-10-12 15:00:00,952.5000000000001
2023-10-12 16:00:00,952.8000000000001
2023-10-12 17:00:00,948.0000000000001
2023-10-12 18:00:00,951.0000000000001
2023-10-12 19:00:00,950.4000000000001
2023-10-13 05:00:00,970.0000000000001
2023-10-13 07:00:00,957.3000000000001
2023-10-13 09:00:00,959.6
2023-10-13 13:00:00,962.2
2023-10-13 14:00:00,967.5000000000001
2023-10-13 15:00:00,970.0000000000001
2023-10-13 16:00:00,973.4000000000001
2023-10-13 17:00:00,971.1
2023-10-13 18:00:00,973.4000000000001
2023-10-13 19:00:00,970.2
2023-10-13 20:00:00,968.6
2023-10-16 05:00:00,977.0000000000001
2023-10-16 13:00:00,972.2
2023-10-16 14:00:00,975.4000000000001
2023-10-16 15:00:00,975.7
2023-10-16 16:00:00,975.9000000000001
2023-10-16 17:00:00,978.4000000000001
2023-10-16 18:00:00,977.9000000000001
2023-10-16 19:00:00,977.1
2023-10-17 05:00:00,986.7
2023-10-17 13:00:00,984.5000000000001
2023-10-17 14:00:00,986.9000000000001
2023-10-17 15:00:00,985.4000000000001
2023-10-17 16:00:00,983.2
2023-10-17 17:00:00,984.3000000000001
2023-10-17 18:00:00,986.9000000000001
2023-10-17 19:00:00,986.9000000000001
2023-10-17 20:00:00,987.6
2023-10-18 05:00:00,995.6
2023-10-18 13:00:00,995.4000000000001
2023-10-18 14:00:00,996.7
2023-10-18 15:00:00,996.0000000000001
2023-10-18 16:00:00,994.9000000000001
2023-10-18 17:00:00,994.7
2023-10-18 18:00:00,994.5000000000001
2023-10-18 19:00:00,995.6
2023-10-19 05:00:00,993.9000000000001
2023-10-19 08:00:00,986.5000000000001
2023-10-19 13:00:00,989.0000000000001
2023-10-19 14:00:00,991.5000000000001
2023-10-19 15:00:00,997.2
2023-10-19 16:00:00,998.1
2023-10-19 17:00:00,996.3000000000001
2023-10-19 18:00:00,994.1
2023-10-19 19:00:00,993.9000000000001
2023-10-20 05:00:00,976.8000000000001
2023-10-20 13:00:00,984.0000000000001
2023-10-20 14:00:00,980.9000000000001
2023-10-20 15:00:00,983.0000000000001
2023-10-20 16:00:00,980.7
2023-10-20 17:00:00,980.1
2023-10-20 18:00:00,979.4000000000001
2023-10-20 19:00:00,976.5000000000001
2023-10-20 20:00:00,974.7
2023-10-23 05:00:00,961.6
2023-10-23 13:00:00,965.8000000000001
2023-10-23 14:00:00,966.0000000000001
2023-10-23 15:00:00,966.3000000000001
2023-10-23 16:00:00,962.4000000000001
2023-10-23 17:00:00,962.8000000000001
2023-10-23 18:00:00,961.0000000000001
2023-10-23 19:00:00,961.6
2023-10-24 05:00:00,948.6
2023-10-24 13:00:00,960.2
2023-10-24 14:00:00,958.6
2023-10-24 15:00:00,953.5000000000001
2023-10-24 16:00:00,950.4000000000001
2023-10-24 17:00:00,952.6
2023-10-24 18:00:00,952.3000000000001
2023-10-24 19:00:00,948.6
2023-10-25 05:00:00,945.8000000000001
2023-10-25 10:00:00,940.6
2023-10-25 13:00:00,948.6
2023-10-25 14:00:00,944.4000000000001
2023-10-25 15:00:00,943.8000000000001
2023-10-25 16:00:00,943.8000000000001
2023-10-25 17:00:00,945.0000000000001
2023-10-25 18:00:00,947.2
2023-10-25 19:00:00,946.0000000000001
2023-10-26 05:00:00,938.5000000000001
2023-10-26 13:00:00,935.1
2023-10-26 14:00:00,938.7
2023-10-26 15:00:00,939.2
2023-10-26 16:00:00,934.5000000000001
2023-10-26 17:00:00,934.4000000000001
2023-10-26 18:00:00,939.1
2023-10-26 19:00:00,938.8000000000001
2023-10-27 05:00:00,916.0000000000001
2023-10-27 13:00:00,919.3000000000001
2023-10-27 14:00:00,917.0000000000001
2023-10-27 15:00:00,920.0000000000001
2023-10-27 16:00:00,918.5000000000001
2023-10-27 17:00:00,918.9000000000001
2023-10-27 18:00:00,916.1
2023-10-27 19:00:00,916.8000000000001
2023-10-27 20:00:00,918.2
2023-10-30 05:00:00,919.4000000000001
2023-10-30 13:00:00,920.3000000000001
2023-10-30 14:00:00,912.5000000000001
2023-10-30 15:00:00,912.0000000000001
2023-10-30 16:00:00,914.3000000000001
2023-10-30 17:00:00,916.9000000000001
2023-10-30 18:00:00,916.7
2023-10-30 19:00:00,918.7
2023-10-31 05:00:00,921.5000000000001
2023-10-31 13:00:00,917.2
2023-10-31 14:00:00,918.6
2023-10-31 15:00:00,920.4000000000001
2023-10-31 16:00:00,919.7
2023-10-31 17:00:00,919.8000000000001
2023-10-31 18:00:00,919.6
2023-10-31 19:00:00,921.5000000000001
2023-10-31 20:00:00,920.8000000000001
2023-11-01 05:00:00,919.4000000000001
2023-11-01 13:00:00,925.4000000000001
2023-11-01 14:00:00,931.0000000000001
2023-11-01 15:00:00,928.1
2023-11-01 16:00:00,924.6
2023-11-01 17:00:00,923.1
2023-11-01 18:00:00,921.7
2023-11-01 19:00:00,919.5000000000001
2023-11-02 05:00:00,946.1
2023-11-02 13:00:00,933.6
2023-11-02 14:00:00,938.1
2023-11-02 15:00:00,938.6
2023-11-02 16:00:00,939.6
2023-11-02 17:00:00,943.6
2023-11-02 18:00:00,940.0000000000001
2023-11-02 19:00:00,946.0000000000001
2023-11-03 05:00:00,936.9000000000001
2023-11-03 13:00:00,944.4000000000001
2023-11-03 14:00:00,932.2
2023-11-03 15:00:00,937.9000000000001
2023-11-03 16:00:00,937.0000000000001
2023-11-03 17:00:00,935.6
2023-11-03 18:00:00,937.6
2023-11-03 19:00:00,936.7
2023-11-03 20:00:00,936.1
2023-11-06 06:00:00,926.0000000000001
2023-11-06 14:00:00,936.8000000000001
2023-11-06 15:00:00,933.1
2023-11-06 16:00:00,932.7
2023-11-06 17:00:00,929.9000000000001
2023-11-06 18:00:00,926.1
2023-11-06 19:00:00,927.1
2023-11-06 20:00:00,925.8000000000001
2023-11-07 06:00:00,905.1
2023-11-07 14:00:00,904.0000000000001
2023-11-07 15:00:00,904.0000000000001
2023-11-07 16:00:00,901.9000000000001
2023-11-07 17:00:00,902.4000000000001
2023-11-07 18:00:00,907.7
2023-11-07 19:00:00,904.8000000000001
2023-11-07 20:00:00,905.2
2023-11-08 06:00:00,893.7
2023-11-08 14:00:00,901.8000000000001
2023-11-08 15:00:00,897.8000000000001
2023-11-08 16:00:00,897.9000000000001
2023-11-08 17:00:00,895.1
2023-11-08 18:00:00,896.6
2023-11-08 19:00:00,894.9000000000001
2023-11-08 20:00:00,893.9000000000001
2023-11-09 06:00:00,890.7
2023-11-09 14:00:00,896.4000000000001
2023-11-09 15:00:00,898.1
2023-11-09 16:00:00,894.6
2023-11-09 17:00:00,895.9000000000001
2023-11-09 18:00:00,893.3000000000001
2023-11-09 19:00:00,891.1
2023-11-09 20:00:00,890.7
2023-11-10 06:00:00,900.1
2023-11-10 11:00:00,898.3000000000001
2023-11-10 12:00:00,898.5000000000001
2023-11-10 14:00:00,898.3000000000001
2023-11-10 15:00:00,892.6
2023-11-10 16:00:00,894.7
2023-11-10 17:00:00,899.0000000000001
2023-11-10 18:00:00,900.1
2023-11-10 19:00:00,898.3000000000001
2023-11-10 20:00:00,899.9000000000001
2023-11-13 06:00:00,906.0000000000001
2023-11-13 14:00:00,903.3000000000001
2023-11-13 15:00:00,905.5000000000001
2023-11-13 16:00:00,907.6
2023-11-13 17:00:00,904.3000000000001
2023-11-13 18:00:00,905.9000000000001
2023-11-13 19:00:00,906.9000000000001
2023-11-13 20:00:00,906.5000000000001
2023-11-13 21:00:00,907.1
2023-11-14 06:00:00,914.0000000000001
2023-11-14 14:00:00,910.9000000000001
2023-11-14 15:00:00,915.6
2023-11-14 16:00:00,915.0000000000001
2023-11-14 17:00:00,911.1
2023-11-14 18:00:00,913.6
2023-11-14 19:00:00,913.7
2023-11-14 20:00:00,914.3000000000001
2023-11-15 06:00:00,912.0000000000001
2023-11-15 14:00:00,915.0000000000001
2023-11-15 15:00:00,921.2
2023-11-15 16:00:00,920.1
2023-11-15 17:00:00,914.9000000000001
2023-11-15 18:00:00,914.6
2023-11-15 19:00:00,914.0000000000001
2023-11-15 20:00:00,912.1
2023-11-16 06:00:00,894.4000000000001
2023-11-16 14:00:00,899.6
2023-11-16 15:00:00,892.6
2023-11-16 16:00:00,887.4000000000001
2023-11-16 17:00:00,886.6
2023-11-16 18:00:00,887.6
2023-11-16 19:00:00,890.9000000000001
2023-11-16 20:00:00,894.6
2023-11-17 06:00:00,912.3000000000001
2023-11-17 14:00:00,901.4000000000001
2023-11-17 15:00:00,909.4000000000001
2023-11-17 16:00:00,910.9000000000001
2023-11-17 17:00:00,914.7
2023-11-17 18:00:00,917.5000000000001
2023-11-17 19:00:00,916.0000000000001
2023-11-17 20:00:00,912.4000000000001
2023-11-17 21:00:00,911.4000000000001
2023-11-20 06:00:00,914.2
2023-11-20 14:00:00,918.6
2023-11-20 15:00:00,918.0000000000001
2023-11-20 16:00:00,917.4000000000001
2023-11-20 17:00:00,916.7
2023-11-20 18:00:00,917.4000000000001
2023-11-20 19:00:00,917.0000000000001
2023-11-20 20:00:00,914.5000000000001
2023-11-21 06:00:00,911.3000000000001
2023-11-21 14:00:00,906.6
2023-11-21 15:00:00,911.4000000000001
2023-11-21 16:00:00,911.1
2023-11-21 17:00:00,912.4000000000001
2023-11-21 18:00:00,910.9000000000001
2023-11-21 19:00:00,910.7
2023-11-21 20:00:00,911.1
2023-11-22 06:00:00,910.7
2023-11-22 14:00:00,900.9000000000001
2023-11-22 15:00:00,902.9000000000001
2023-11-22 16:00:00,905.4000000000001
2023-11-22 17:00:00,905.4000000000001
2023-11-22 18:00:00,907.2
2023-11-22 19:00:00,908.0000000000001
2023-11-22 20:00:00,910.7
2023-11-24 06:00:00,914.3000000000001
2023-11-24 14:00:00,918.5000000000001
2023-11-24 15:00:00,918.9000000000001
2023-11-24 16:00:00,915.8000000000001
2023-11-24 17:00:00,914.3000000000001
2023-11-24 18:00:00,913.0000000000001
2023-11-27 06:00:00,910.9000000000001
2023-11-27 14:00:00,908.0000000000001
2023-11-27 15:00:00,908.0000000000001
2023-11-27 16:00:00,907.2
2023-11-27 17:00:00,903.3000000000001
2023-11-27 18:00:00,905.4000000000001
2023-11-27 19:00:00,907.0000000000001
2023-11-27 20:00:00,910.6
2023-11-28 06:00:00,911.0000000000001
2023-11-28 14:00:00,914.2
2023-11-28 15:00:00,917.1
2023-11-28 16:00:00,918.3000000000001
2023-11-28 17:00:00,915.4000000000001
2023-11-28 18:00:00,913.3000000000001
2023-11-28 19:00:00,912.8000000000001
2023-11-28 20:00:00,911.0000000000001
2023-11-29 06:00:00,903.8000000000001
2023-11-29 13:00:00,921.4000000000001
2023-11-29 14:00:00,912.2
2023-11-29 15:00:00,908.3000000000001
2023-11-29 16:00:00,908.8000000000001
2023-11-29 17:00:00,909.1
2023-11-29 18:00:00,912.0000000000001
2023-11-29 19:00:00,909.3000000000001
2023-11-29 20:00:00,903.8000000000001
2023-11-30 06:00:00,909.7
2023-11-30 14:00:00,917.8000000000001
2023-11-30 15:00:00,908.2
2023-11-30 16:00:00,900.2
2023-11-30 17:00:00,905.2
2023-11-30 18:00:00,906.5000000000001
2023-11-30 19:00:00,908.4000000000001
2023-11-30 20:00:00,909.0000000000001
2023-11-30 21:00:00,908.4000000000001
2023-12-01 06:00:00,913.6
2023-12-01 14:00:00,914.4000000000001
2023-12-01 15:00:00,919.1
2023-12-01 16:00:00,921.4000000000001
2023-12-01 17:00:00,923.1
2023-12-01 18:00:00,914.1
2023-12-01 19:00:00,915.6
2023-12-01 20:00:00,913.5000000000001
2023-12-04 06:00:00,909.9000000000001
2023-12-04 14:00:00,907.9000000000001
2023-12-04 15:00:00,912.2
2023-12-04 16:00:00,909.6
2023-12-04 17:00:00,911.1
2023-12-04 18:00:00,909.5000000000001
2023-12-04 19:00:00,909.1
2023-12-04 20:00:00,909.9000000000001
2023-12-05 06:00:00,894.3000000000001
2023-12-05 14:00:00,903.9000000000001
2023-12-05 15:00:00,903.5000000000001
2023-12-05 16:00:00,903.9000000000001
2023-12-05 17:00:00,900.8000000000001
2023-12-05 18:00:00,899.2
2023-12-05 19:00:00,899.0000000000001
2023-12-05 20:00:00,894.8000000000001
2023-12-06 06:00:00,880.1
2023-12-06 14:00:00,890.2
2023-12-06 15:00:00,886.3000000000001
2023-12-06 16:00:00,882.0000000000001
2023-12-06 17:00:00,880.1
2023-12-06 18:00:00,886.3000000000001
2023-12-06 19:00:00,882.2
2023-12-06 20:00:00,880.2
2023-12-07 06:00:00,874.9000000000001
2023-12-07 14:00:00,886.7
2023-12-07 15:00:00,883.6
2023-12-07 16:00:00,877.0000000000001
2023-12-07 17:00:00,874.7
2023-12-07 18:00:00,874.0000000000001
2023-12-07 19:00:00,873.2
2023-12-07 20:00:00,875.0000000000001
2023-12-08 06:00:00,883.7
2023-12-08 14:00:00,881.5000000000001
2023-12-08 15:00:00,883.4000000000001
2023-12-08 16:00:00,881.3000000000001
2023-12-08 17:00:00,880.2
2023-12-08 18:00:00,882.7
2023-12-08 19:00:00,881.6
2023-12-08 20:00:00,883.9000000000001
2023-12-11 06:00:00,885.1
2023-12-11 14:00:00,880.7
2023-12-11 15:00:00,885.8000000000001
2023-12-11 16:00:00,885.9
2023-12-11 17:00:00,882.6
2023-12-11 18:00:00,885.0
2023-12-11 19:00:00,885.7
2023-12-11 20:00:00,884.9
2023-12-12 06:00:00,872.4
2023-12-12 14:00:00,871.8000000000001
2023-12-12 15:00:00,875.4
2023-12-12 16:00:00,872.2
2023-12-12 17:00:00,869.0
2023-12-12 18:00:00,870.1
2023-12-12 19:00:00,872.8000000000001
2023-12-12 20:00:00,872.1
2023-12-13 06:00:00,882.8000000000001
2023-12-13 14:00:00,871.9
2023-12-13 15:00:00,874.3000000000001
2023-12-13 16:00:00,873.2
2023-12-13 17:00:00,871.2
2023-12-13 18:00:00,872.5
2023-12-13 19:00:00,879.4
2023-12-13 20:00:00,883.0
2023-12-14 06:00:00,909.3000000000001
2023-12-14 14:00:00,898.0
2023-12-14 15:00:00,901.4
2023-12-14 16:00:00,908.5
2023-12-14 17:00:00,908.0
2023-12-14 18:00:00,906.3000000000001
2023-12-14 19:00:00,907.4
2023-12-14 20:00:00,909.0
2023-12-14 21:00:00,910.1
2023-12-15 06:00:00,905.0
2023-12-15 14:00:00,899.8000000000001
2023-12-15 15:00:00,901.8000000000001
2023-12-15 16:00:00,899.6
2023-12-15 17:00:00,900.1
2023-12-15 18:00:00,902.2
2023-12-15 19:00:00,901.5
2023-12-15 20:00:00,905.0
2023-12-18 06:00:00,911.3000000000001
2023-12-18 14:00:00,922.1
2023-12-18 15:00:00,917.0
2023-12-18 16:00:00,917.1
2023-12-18 17:00:00,917.7
2023-12-18 18:00:00,917.3000000000001
2023-12-18 19:00:00,913.4
2023-12-18 20:00:00,911.2
2023-12-19 06:00:00,922.3000000000001
2023-12-19 14:00:00,915.1
2023-12-19 15:00:00,915.6
2023-12-19 16:00:00,920.3000000000001
2023-12-19 17:00:00,918.8000000000001
2023-12-19 18:00:00,919.8000000000001
2023-12-19 19:00:00,922.7
2023-12-19 20:00:00,922.1
2023-12-20 06:00:00,913.6
2023-12-20 14:00:00,927.4
2023-12-20 15:00:00,927.2
2023-12-20 16:00:00,928.3000000000001
2023-12-20 17:00:00,929.8000000000001
2023-12-20 18:00:00,926.3000000000001
2023-12-20 19:00:00,919.0
2023-12-20 20:00:00,914.0
2023-12-21 06:00:00,916.3000000000001
2023-12-21 13:00:00,917.0
2023-12-21 14:00:00,916.2
2023-12-21 15:00:00,912.4
2023-12-21 16:00:00,910.9
2023-12-21 17:00:00,910.4
2023-12-21 18:00:00,911.4
2023-12-21 19:00:00,911.6
2023-12-21 20:00:00,916.3000000000001
2023-12-22 06:00:00,918.4
2023-12-22 14:00:00,924.1
2023-12-22 15:00:00,920.8000000000001
2023-12-22 16:00:00,921.8000000000001
2023-12-22 17:00:00,923.8000000000001
2023-12-22 18:00:00,925.0
2023-12-22 19:00:00,920.9
2023-12-22 20:00:00,918.5
2023-12-26 06:00:00,927.1
2023-12-26 14:00:00,924.4
2023-12-26 15:00:00,927.3000000000001
2023-12-26 16:00:00,928.9
2023-12-26 17:00:00,930.9
2023-12-26 18:00:00,930.8000000000001
2023-12-26 19:00:00,927.9
2023-12-26 20:00:00,927.1
2023-12-27 06:00:00,921.4
2023-12-27 14:00:00,927.8000000000001
2023-12-27 15:00:00,926.7
2023-12-27 16:00:00,924.1
2023-12-27 17:00:00,923.1
2023-12-27 18:00:00,923.3000000000001
2023-12-27 19:00:00,919.9
2023-12-27 20:00:00,922.2
2023-12-28 06:00:00,908.0
2023-12-28 14:00:00,918.9
2023-12-28 15:00:00,913.1
2023-12-28 16:00:00,913.8000000000001
2023-12-28 17:00:00,912.0
2023-12-28 18:00:00,911.1
2023-12-28 19:00:00,911.3000000000001
2023-12-28 20:00:00,907.9
2023-12-29 06:00:00,906.4
2023-12-29 14:00:00,908.6
2023-12-29 15:00:00,906.4
2023-12-29 16:00:00,905.5
2023-12-29 17:00:00,905.6
2023-12-29 18:00:00,905.0
2023-12-29 19:00:00,905.3000000000001
2023-12-29 20:00:00,906.3000000000001
2024-01-02 06:00:00,916.1
2024-01-02 14:00:00,915.8000000000001
2024-01-02 15:00:00,919.4
2024-01-02 16:00:00,919.4
2024-01-02 17:00:00,923.0
2024-01-02 18:00:00,920.0
2024-01-02 19:00:00,917.8000000000001
2024-01-02 20:00:00,916.3000000000001
2024-01-03 06:00:00,929.8000000000001
2024-01-03 14:00:00,916.1
2024-01-03 15:00:00,921.6
2024-01-03 16:00:00,922.6
2024-01-03 17:00:00,923.6
2024-01-03 18:00:00,929.1
2024-01-03 19:00:00,932.5
2024-01-03 20:00:00,930.0
2024-01-04 06:00:00,913.8000000000001
2024-01-04 14:00:00,933.6
2024-01-04 15:00:00,926.3000000000001
2024-01-04 16:00:00,920.7
2024-01-04 17:00:00,920.8000000000001
2024-01-04 18:00:00,919.1
2024-01-04 19:00:00,916.5
2024-01-04 20:00:00,914.1
2024-01-05 06:00:00,914.0
2024-01-05 14:00:00,917.5
2024-01-05 15:00:00,918.1
2024-01-05 16:00:00,918.3000000000001
2024-01-05 17:00:00,912.9
2024-01-05 18:00:00,915.0
2024-01-05 19:00:00,910.6
2024-01-05 20:00:00,914.0
2024-01-05 21:00:00,915.0
2024-01-08 06:00:00,903.8000000000001
2024-01-08 14:00:00,889.1
2024-01-08 15:00:00,892.2
2024-01-08 16:00:00,894.9
2024-01-08 17:00:00,895.3000000000001
2024-01-08 18:00:00,895.8000000000001
2024-01-08 19:00:00,900.1
2024-01-08 20:00:00,903.7
2024-01-08 21:00:00,902.8000000000001
2024-01-09 06:00:00,888.9
2024-01-09 13:00:00,910.4
2024-01-09 14:00:00,893.7
2024-01-09 15:00:00,887.1
2024-01-09 16:00:00,891.7
2024-01-09 17:00:00,892.3000000000001
2024-01-09 18:00:00,892.0
2024-01-09 19:00:00,890.1
2024-01-09 20:00:00,889.0
2024-01-10 06:00:00,879.7
2024-01-10 14:00:00,886.5
2024-01-10 15:00:00,880.3000000000001
2024-01-10 16:00:00,880.8000000000001
2024-01-10 17:00:00,877.9
2024-01-10 18:00:00,878.7
2024-01-10 19:00:00,880.1
2024-01-10 20:00:00,879.8000000000001
2024-01-11 06:00:00,880.7
2024-01-11 14:00:00,880.7
2024-01-11 15:00:00,883.4
2024-01-11 16:00:00,884.5
2024-01-11 17:00:00,880.9
2024-01-11 18:00:00,880.5
2024-01-11 19:00:00,880.6
2024-01-11 20:00:00,880.7
2024-01-12 06:00:00,891.2
2024-01-12 13:00:00,889.7
2024-01-12 14:00:00,890.8000000000001
2024-01-12 15:00:00,888.9
2024-01-12 16:00:00,888.0
2024-01-12 17:00:00,887.1
2024-01-12 18:00:00,889.2
2024-01-12 19:00:00,889.5
2024-01-12 20:00:00,891.1
2024-01-12 21:00:00,889.3000000000001
2024-01-16 06:00:00,870.4
2024-01-16 14:00:00,880.0
2024-01-16 15:00:00,876.9
2024-01-16 16:00:00,877.2
2024-01-16 17:00:00,874.4
2024-01-16 18:00:00,872.2
2024-01-16 19:00:00,873.5
2024-01-16 20:00:00,870.6
2024-01-17 06:00:00,863.1
2024-01-17 14:00:00,869.9
2024-01-17 15:00:00,865.4
2024-01-17 16:00:00,864.4
2024-01-17 17:00:00,863.6
2024-01-17 18:00:00,861.9
2024-01-17 19:00:00,862.9
2024-01-17 20:00:00,863.1
2024-01-18 06:00:00,860.7
2024-01-18 14:00:00,857.2
2024-01-18 15:00:00,856.3000000000001
2024-01-18 16:00:00,857.5
2024-01-18 17:00:00,857.2
2024-01-18 18:00:00,857.1
2024-01-18 19:00:00,859.9
2024-01-18 20:00:00,861.0
2024-01-19 06:00:00,863.3000000000001
2024-01-19 14:00:00,861.1
2024-01-19 15:00:00,860.4
2024-01-19 16:00:00,859.2
2024-01-19 17:00:00,859.1
2024-01-19 18:00:00,861.0
2024-01-19 19:00:00,862.9
2024-01-19 20:00:00,863.6
2024-01-22 06:00:00,866.1
2024-01-22 13:00:00,862.7
2024-01-22 14:00:00,863.1
2024-01-22 15:00:00,863.3000000000001
2024-01-22 16:00:00,862.9
2024-01-22 17:00:00,863.3000000000001
2024-01-22 18:00:00,867.1
2024-01-22 19:00:00,864.5
2024-01-22 20:00:00,866.2
2024-01-23 06:00:00,868.5
2024-01-23 14:00:00,871.9
2024-01-23 15:00:00,867.7
2024-01-23 16:00:00,868.8000000000001
2024-01-23 17:00:00,867.6
2024-01-23 18:00:00,867.1
2024-01-23 19:00:00,867.7
2024-01-23 20:00:00,868.6
2024-01-24 06:00:00,880.8000000000001
2024-01-24 14:00:00,870.6
2024-01-24 15:00:00,874.8000000000001
2024-01-24 16:00:00,880.6
2024-01-24 17:00:00,877.3000000000001
2024-01-24 18:00:00,876.3000000000001
2024-01-24 19:00:00,878.3000000000001
2024-01-24 20:00:00,880.8000000000001
2024-01-25 06:00:00,899.8000000000001
2024-01-25 14:00:00,887.2
2024-01-25 15:00:00,882.0
2024-01-25 16:00:00,885.2
2024-01-25 17:00:00,887.2
2024-01-25 18:00:00,890.6
2024-01-25 19:00:00,895.2
2024-01-25 20:00:00,899.6
2024-01-26 06:00:00,906.5
2024-01-26 14:00:00,900.1
2024-01-26 15:00:00,901.7
2024-01-26 16:00:00,896.5
2024-01-26 17:00:00,895.5
2024-01-26 18:00:00,901.0
2024-01-26 19:00:00,901.9
2024-01-26 20:00:00,906.4
2024-01-29 06:00:00,904.8000000000001
2024-01-29 14:00:00,898.4
2024-01-29 15:00:00,900.7
2024-01-29 16:00:00,899.4
2024-01-29 17:00:00,896.7
2024-01-29 18:00:00,899.4
2024-01-29 19:00:00,900.2
2024-01-29 20:00:00,904.9
2024-01-30 06:00:00,914.0
2024-01-30 14:00:00,899.5
2024-01-30 15:00:00,903.3000000000001
2024-01-30 16:00:00,906.5
2024-01-30 17:00:00,905.5
2024-01-30 18:00:00,909.6
2024-01-30 19:00:00,911.8000000000001
2024-01-30 20:00:00,913.8000000000001
2024-01-31 06:00:00,897.1
2024-01-31 14:00:00,907.9
2024-01-31 15:00:00,908.6
2024-01-31 16:00:00,901.6
2024-01-31 17:00:00,904.5
2024-01-31 18:00:00,904.7
2024-01-31 19:00:00,902.9
2024-01-31 20:00:00,897.0
2024-02-01 06:00:00,896.1
2024-02-01 14:00:00,901.7
2024-02-01 15:00:00,899.3000000000001
2024-02-01 16:00:00,903.8000000000001
2024-02-01 17:00:00,889.6
2024-02-01 18:00:00,897.6
2024-02-01 19:00:00,896.1
2024-02-01 20:00:00,896.1
2024-02-01 21:00:00,894.3000000000001
2024-02-02 06:00:00,897.7
2024-02-02 14:00:00,892.1
2024-02-02 15:00:00,899.1
2024-02-02 16:00:00,901.8000000000001
2024-02-02 17:00:00,899.6
2024-02-02 18:00:00,898.1
2024-02-02 19:00:00,901.1
2024-02-02 20:00:00,897.3000000000001
2024-02-02 21:00:00,896.9
2024-02-05 06:00:00,895.0
2024-02-05 14:00:00,889.6
2024-02-05 15:00:00,888.7
2024-02-05 16:00:00,893.9
2024-02-05 17:00:00,898.0
2024-02-05 18:00:00,898.4
2024-02-05 19:00:00,899.2
2024-02-05 20:00:00,894.9
2024-02-06 06:00:00,898.2
2024-02-06 14:00:00,897.7
2024-02-06 15:00:00,900.0
2024-02-06 16:00:00,903.1
2024-02-06 17:00:00,902.4
2024-02-06 18:00:00,903.9
2024-02-06 19:00:00,899.4
2024-02-06 20:00:00,898.0
2024-02-07 06:00:00,899.6
2024-02-07 14:00:00,897.9
2024-02-07 15:00:00,895.8000000000001
2024-02-07 16:00:00,896.8000000000001
2024-02-07 17:00:00,895.5
2024-02-07 18:00:00,897.8000000000001
2024-02-07 19:00:00,897.6
2024-02-07 20:00:00,899.6
2024-02-08 06:00:00,908.7
2024-02-08 14:00:00,905.1
2024-02-08 15:00:00,905.0
2024-02-08 16:00:00,905.9
2024-02-08 17:00:00,904.8000000000001
2024-02-08 18:00:00,904.1
2024-02-08 19:00:00,907.7
2024-02-08 20:00:00,908.5
2024-02-09 06:00:00,894.8000000000001
2024-02-09 14:00:00,910.3000000000001
2024-02-09 15:00:00,900.4
2024-02-09 16:00:00,897.8000000000001
2024-02-09 17:00:00,894.9
2024-02-09 18:00:00,897.4
2024-02-09 19:00:00,895.4
2024-02-09 20:00:00,895.0
2024-02-09 21:00:00,896.3000000000001
2024-02-12 06:00:00,903.9
2024-02-12 14:00:00,903.3000000000001
2024-02-12 15:00:00,900.3000000000001
2024-02-12 16:00:00,904.5
2024-02-12 17:00:00,904.0
2024-02-12 18:00:00,905.3000000000001
2024-02-12 19:00:00,905.3000000000001
2024-02-12 20:00:00,903.8000000000001
2024-02-13 06:00:00,895.7
2024-02-13 14:00:00,896.0
2024-02-13 15:00:00,896.6
2024-02-13 16:00:00,899.3000000000001
2024-02-13 17:00:00,901.6
2024-02-13 18:00:00,897.1
2024-02-13 19:00:00,890.6
2024-02-13 20:00:00,895.3000000000001
2024-02-14 06:00:00,894.2
2024-02-14 14:00:00,903.4
2024-02-14 15:00:00,894.5
2024-02-14 16:00:00,893.0
2024-02-14 17:00:00,891.9
2024-02-14 18:00:00,891.7
2024-02-14 19:00:00,892.7
2024-02-14 20:00:00,893.8000000000001
2024-02-15 06:00:00,917.8000000000001
2024-02-15 14:00:00,904.6
2024-02-15 15:00:00,908.6
2024-02-15 16:00:00,913.4
2024-02-15 17:00:00,912.5
2024-02-15 18:00:00,914.5
2024-02-15 19:00:00,919.4
2024-02-15 20:00:00,918.0
2024-02-16 06:00:00,917.1
2024-02-16 14:00:00,915.5
2024-02-16 15:00:00,919.3000000000001
2024-02-16 16:00:00,922.1
2024-02-16 17:00:00,923.2
2024-02-16 18:00:00,922.2
2024-02-16 19:00:00,921.6
2024-02-16 20:00:00,917.0
2024-02-20 06:00:00,908.4
2024-02-20 14:00:00,915.2
2024-02-20 15:00:00,910.5
2024-02-20 16:00:00,913.6
2024-02-20 17:00:00,910.6
2024-02-20 18:00:00,910.7
2024-02-20 19:00:00,910.6
2024-02-20 20:00:00,908.6
2024-02-21 06:00:00,925.0
2024-02-21 14:00:00,917.6
2024-02-21 15:00:00,920.7
2024-02-21 16:00:00,922.2
2024-02-21 17:00:00,923.3000000000001
2024-02-21 18:00:00,924.9
2024-02-21 19:00:00,922.7
2024-02-21 20:00:00,925.0
2024-02-22 06:00:00,926.0
2024-02-22 14:00:00,920.6
2024-02-22 15:00:00,922.9
2024-02-22 16:00:00,924.2
2024-02-22 17:00:00,927.7
2024-02-22 18:00:00,926.5
2024-02-22 19:00:00,925.9
2024-02-22 20:00:00,926.1
2024-02-23 06:00:00,920.8000000000001
2024-02-23 14:00:00,915.8000000000001
2024-02-23 15:00:00,919.0
2024-02-23 16:00:00,917.6
2024-02-23 17:00:00,919.0
2024-02-23 18:00:00,921.0
2024-02-23 19:00:00,922.2
2024-02-23 20:00:00,920.5
2024-02-23 21:00:00,920.4
2024-02-26 06:00:00,923.4
2024-02-26 14:00:00,927.9
2024-02-26 15:00:00,925.8000000000001
2024-02-26 16:00:00,923.7
2024-02-26 17:00:00,925.5
2024-02-26 18:00:00,923.6
2024-02-26 19:00:00,923.9
2024-02-26 20:00:00,923.6
2024-02-27 06:00:00,919.5
2024-02-27 14:00:00,922.0
2024-02-27 15:00:00,917.1
2024-02-27 16:00:00,920.1
2024-02-27 17:00:00,920.4
2024-02-27 18:00:00,920.7
2024-02-27 19:00:00,917.5
2024-02-27 20:00:00,919.6
2024-02-28 06:00:00,917.0
2024-02-28 14:00:00,923.7
2024-02-28 15:00:00,924.2
2024-02-28 16:00:00,916.2
2024-02-28 17:00:00,915.2
2024-02-28 18:00:00,916.2
2024-02-28 19:00:00,917.3000000000001
2024-02-28 20:00:00,917.1
2024-02-29 06:00:00,921.2
2024-02-29 14:00:00,920.8000000000001
2024-02-29 15:00:00,921.7
2024-02-29 16:00:00,923.2
2024-02-29 17:00:00,920.8000000000001
2024-02-29 18:00:00,921.6
2024-02-29 19:00:00,919.2
2024-02-29 20:00:00,920.1
2024-02-29 21:00:00,920.2
2024-03-01 02:00:00,916.3000000000001
2024-03-01 06:00:00,931.9
2024-03-01 14:00:00,931.3000000000001
2024-03-01 15:00:00,932.7
2024-03-01 16:00:00,934.9
2024-03-01 17:00:00,932.3000000000001
2024-03-01 18:00:00,931.0
2024-03-01 19:00:00,932.8000000000001
2024-03-01 20:00:00,931.9
2024-03-04 06:00:00,922.0
2024-03-04 14:00:00,926.3000000000001
2024-03-04 15:00:00,924.2
2024-03-04 16:00:00,922.6
2024-03-04 17:00:00,923.9
2024-03-04 18:00:00,923.8000000000001
2024-03-04 19:00:00,925.2
2024-03-04 20:00:00,922.2
2024-03-05 06:00:00,928.3000000000001
2024-03-05 14:00:00,928.9
2024-03-05 15:00:00,932.1
2024-03-05 16:00:00,931.5
2024-03-05 17:00:00,932.1
2024-03-05 18:00:00,931.9
2024-03-05 19:00:00,928.8000000000001
2024-03-05 20:00:00,928.2
2024-03-05 21:00:00,926.1
2024-03-06 06:00:00,930.7
2024-03-06 14:00:00,933.1
2024-03-06 15:00:00,936.1
2024-03-06 16:00:00,937.0
2024-03-06 17:00:00,936.2
2024-03-06 18:00:00,933.6
2024-03-06 19:00:00,931.5
2024-03-06 20:00:00,930.9
2024-03-07 06:00:00,938.5
2024-03-07 14:00:00,938.3000000000001
2024-03-07 15:00:00,941.6
2024-03-07 16:00:00,939.0
2024-03-07 17:00:00,940.4
2024-03-07 18:00:00,941.0
2024-03-07 19:00:00,938.1
2024-03-07 20:00:00,938.5
2024-03-08 06:00:00,941.4
2024-03-08 14:00:00,940.2
2024-03-08 15:00:00,939.3000000000001
2024-03-08 16:00:00,937.7
2024-03-08 17:00:00,938.2
2024-03-08 18:00:00,937.5
2024-03-08 19:00:00,939.6
2024-03-08 20:00:00,941.4
2024-03-11 05:00:00,950.8000000000001
2024-03-11 13:00:00,935.9000000000001
2024-03-11 14:00:00,938.1
2024-03-11 15:00:00,942.2
2024-03-11 16:00:00,943.7
2024-03-11 17:00:00,945.2
2024-03-11 18:00:00,945.9000000000001
2024-03-11 19:00:00,951.2
2024-03-12 05:00:00,949.3000000000001
2024-03-12 13:00:00,948.0000000000001
2024-03-12 14:00:00,951.3000000000001
2024-03-12 15:00:00,951.1
2024-03-12 16:00:00,948.0000000000001
2024-03-12 17:00:00,949.0000000000001
2024-03-12 18:00:00,950.1
2024-03-12 19:00:00,948.8000000000001
2024-03-13 05:00:00,963.6
2024-03-13 13:00:00,965.7
2024-03-13 14:00:00,963.5000000000001
2024-03-13 15:00:00,964.8000000000001
2024-03-13 16:00:00,963.8000000000001
2024-03-13 17:00:00,967.0000000000001
2024-03-13 18:00:00,966.4000000000001
2024-03-13 19:00:00,964.2
2024-03-14 05:00:00,974.1
2024-03-14 13:00:00,965.0000000000001
2024-03-14 14:00:00,967.1
2024-03-14 15:00:00,971.8000000000001
2024-03-14 16:00:00,973.8000000000001
2024-03-14 17:00:00,971.3000000000001
2024-03-14 18:00:00,971.6
2024-03-14 19:00:00,974.5000000000001
2024-03-14 20:00:00,974.8000000000001
2024-03-15 05:00:00,976.6
2024-03-15 13:00:00,982.3000000000001
2024-03-15 14:00:00,980.2
2024-03-15 15:00:00,977.4000000000001
2024-03-15 16:00:00,976.1
2024-03-15 17:00:00,976.4000000000001
2024-03-15 18:00:00,976.8000000000001
2024-03-15 19:00:00,976.7
2024-03-15 20:00:00,976.1
2024-03-18 05:00:00,980.4000000000001
2024-03-18 13:00:00,978.5000000000001
2024-03-18 14:00:00,977.2
2024-03-18 15:00:00,981.2
2024-03-18 16:00:00,982.1
2024-03-18 17:00:00,980.5000000000001
2024-03-18 18:00:00,980.5000000000001
2024-03-18 19:00:00,980.7
2024-03-19 05:00:00,990.6
2024-03-19 13:00:00,985.0000000000001
2024-03-19 14:00:00,988.1
2024-03-19 15:00:00,989.9000000000001
2024-03-19 16:00:00,989.5000000000001
2024-03-19 17:00:00,989.3000000000001
2024-03-19 18:00:00,989.0000000000001
2024-03-19 19:00:00,991.0000000000001
2024-03-20 05:00:00,989.6
2024-03-20 13:00:00,987.4000000000001
2024-03-20 14:00:00,985.9000000000001
2024-03-20 15:00:00,985.2
2024-03-20 16:00:00,985.9000000000001
2024-03-20 17:00:00,986.1
2024-03-20 18:00:00,991.4000000000001
2024-03-20 19:00:00,989.1
2024-03-21 05:00:00,994.4000000000001
2024-03-21 13:00:00,994.4000000000001
2024-03-21 14:00:00,993.6
2024-03-21 15:00:00,992.0000000000001
2024-03-21 16:00:00,992.8000000000001
2024-03-21 17:00:00,993.5000000000001
2024-03-21 18:00:00,993.9000000000001
2024-03-21 19:00:00,994.1
2024-03-22 05:00:00,992.6
2024-03-22 13:00:00,992.2
2024-03-22 14:00:00,990.9000000000001
2024-03-22 15:00:00,991.1
2024-03-22 16:00:00,990.3000000000001
2024-03-22 17:00:00,991.3000000000001
2024-03-22 18:00:00,992.3000000000001
2024-03-22 19:00:00,992.1
2024-03-22 20:00:00,992.2
2024-03-25 05:00:00,1000.6
2024-03-25 13:00:00,1002.9000000000001
2024-03-25 14:00:00,1003.8000000000001
2024-03-25 15:00:00,1003.7
2024-03-25 16:00:00,1003.3000000000001
2024-03-25 17:00:00,1001.4000000000001
2024-03-25 18:00:00,1002.1
2024-03-25 19:00:00,1000.6
2024-03-26 05:00:00,992.8000000000001
2024-03-26 13:00:00,998.2
2024-03-26 14:00:00,995.1
2024-03-26 15:00:00,993.1
2024-03-26 16:00:00,995.4000000000001
2024-03-26 17:00:00,996.4000000000001
2024-03-26 18:00:00,995.7
2024-03-26 19:00:00,992.9000000000001
2024-03-27 05:00:00,1001.9000000000001
2024-03-27 13:00:00,994.7
2024-03-27 14:00:00,995.4000000000001
2024-03-27 15:00:00,996.3000000000001
2024-03-27 16:00:00,995.5000000000001
2024-03-27 17:00:00,995.5000000000001
2024-03-27 18:00:00,997.9000000000001
2024-03-27 19:00:00,1002.1
2024-03-28 05:00:00,1013.2
2024-03-28 13:00:00,1003.6
2024-03-28 14:00:00,1006.0000000000001
2024-03-28 15:00:00,1008.4000000000001
2024-03-28 16:00:00,1009.1
2024-03-28 17:00:00,1012.0000000000001
2024-03-28 18:00:00,1012.0000000000001
2024-03-28 19:00:00,1012.7
2024-04-01 05:00:00,1020.4000000000001
2024-04-01 10:00:00,1014.4000000000001
2024-04-01 13:00:00,1011.6
2024-04-01 14:00:00,1016.8000000000001
2024-04-01 15:00:00,1019.0000000000001
2024-04-01 16:00:00,1020.6
2024-04-01 17:00:00,1021.0000000000001
2024-04-01 18:00:00,1022.3000000000001
2024-04-01 19:00:00,1020.0000000000001
2024-04-02 05:00:00,1033.6
2024-04-02 13:00:00,1033.3000000000002
2024-04-02 14:00:00,1027.3000000000002
2024-04-02 15:00:00,1024.9
2024-04-02 16:00:00,1025.7
2024-04-02 17:00:00,1026.4
2024-04-02 18:00:00,1029.5
2024-04-02 19:00:00,1034.1
2024-04-03 05:00:00,1040.6
2024-04-03 13:00:00,1036.4
2024-04-03 14:00:00,1039.2000000000003
2024-04-03 15:00:00,1040.1
2024-04-03 16:00:00,1040.1
2024-04-03 17:00:00,1041.3000000000002
2024-04-03 18:00:00,1040.5
2024-04-03 19:00:00,1040.7000000000003
2024-04-04 05:00:00,1039.2000000000003
2024-04-04 13:00:00,1043.6
2024-04-04 14:00:00,1043.8000000000002
2024-04-04 15:00:00,1044.2000000000003
2024-04-04 16:00:00,1044.6
2024-04-04 17:00:00,1041.7000000000003
2024-04-04 18:00:00,1040.6
2024-04-04 19:00:00,1039.2000000000003
2024-04-05 05:00:00,1050.2000000000003
2024-04-05 13:00:00,1039.3000000000002
2024-04-05 14:00:00,1043.1
2024-04-05 15:00:00,1050.9
2024-04-05 16:00:00,1054.1
2024-04-05 17:00:00,1049.1
2024-04-05 18:00:00,1047.3000000000002
2024-04-05 19:00:00,1050.1
2024-04-08 05:00:00,1043.3000000000002
2024-04-08 13:00:00,1046.3000000000002
2024-04-08 14:00:00,1047.3000000000002
2024-04-08 15:00:00,1047.7000000000003
2024-04-08 16:00:00,1050.6
2024-04-08 17:00:00,1049.7000000000003
2024-04-08 18:00:00,1049.8000000000002
2024-04-08 19:00:00,1043.5
2024-04-09 05:00:00,1043.8000000000002
2024-04-09 13:00:00,1045.5
2024-04-09 14:00:00,1038.2000000000003
2024-04-09 15:00:00,1041.0
2024-04-09 16:00:00,1039.5
2024-04-09 17:00:00,1038.5
2024-04-09 18:00:00,1039.3000000000002
2024-04-09 19:00:00,1043.8000000000002
2024-04-10 05:00:00,1047.8000000000002
2024-04-10 13:00:00,1044.8000000000002
2024-04-10 14:00:00,1047.2000000000003
2024-04-10 15:00:00,1040.3000000000002
2024-04-10 16:00:00,1040.4
2024-04-10 17:00:00,1046.0
2024-04-10 18:00:00,1044.5
2024-04-10 19:00:00,1047.8000000000002
2024-04-11 05:00:00,1044.7000000000003
2024-04-11 13:00:00,1043.4
2024-04-11 14:00:00,1033.9
2024-04-11 15:00:00,1034.7000000000003
2024-04-11 16:00:00,1038.3000000000002
2024-04-11 17:00:00,1041.1
2024-04-11 18:00:00,1044.4
2024-04-11 19:00:00,1044.9
2024-04-12 05:00:00,1028.6
2024-04-12 13:00:00,1053.2000000000003
2024-04-12 14:00:00,1051.5
2024-04-12 15:00:00,1043.9
2024-04-12 16:00:00,1039.5
2024-04-12 17:00:00,1034.4
2024-04-12 18:00:00,1027.9
2024-04-12 19:00:00,1028.4
2024-04-15 05:00:00,1019.1
2024-04-15 13:00:00,1035.5
2024-04-15 14:00:00,1028.3000000000002
2024-04-15 15:00:00,1030.5
2024-04-15 16:00:00,1025.2
2024-04-15 17:00:00,1022.1
2024-04-15 18:00:00,1019.5000000000001
2024-04-15 19:00:00,1019.0000000000001
2024-04-15 20:00:00,1018.9000000000001
2024-04-16 05:00:00,1009.8000000000001
2024-04-16 13:00:00,1012.5000000000001
2024-04-16 14:00:00,1009.3000000000001
2024-04-16 15:00:00,1010.3000000000001
2024-04-16 16:00:00,1008.5000000000001
2024-04-16 17:00:00,1006.6
2024-04-16 18:00:00,1012.6
2024-04-16 19:00:00,1010.1
2024-04-17 05:00:00,1006.5000000000001
2024-04-17 13:00:00,1016.0000000000001
2024-04-17 14:00:00,1012.8000000000001
2024-04-17 15:00:00,1008.4000000000001
2024-04-17 16:00:00,1002.4000000000001
2024-04-17 17:00:00,1008.4000000000001
2024-04-17 18:00:00,1008.0000000000001
2024-04-17 19:00:00,1006.4000000000001
2024-04-18 05:00:00,1003.7
2024-04-18 13:00:00,1008.4000000000001
2024-04-18 14:00:00,1009.5000000000001
2024-04-18 15:00:00,1007.4000000000001
2024-04-18 16:00:00,1004.9000000000001
2024-04-18 17:00:00,1002.6
2024-04-18 18:00:00,1001.2
2024-04-18 19:00:00,1003.4000000000001
2024-04-19 05:00:00,1014.3000000000001
2024-04-19 13:00:00,1015.7
2024-04-19 14:00:00,1017.0000000000001
2024-04-19 15:00:00,1016.1
2024-04-19 16:00:00,1014.3000000000001
2024-04-19 17:00:00,1017.0000000000001
2024-04-19 18:00:00,1012.8000000000001
2024-04-19 19:00:00,1014.6
2024-04-22 05:00:00,1020.8000000000001
2024-04-22 13:00:00,1011.7
2024-04-22 14:00:00,1019.3000000000001
2024-04-22 15:00:00,1019.4000000000001
2024-04-22 16:00:00,1020.8000000000001
2024-04-22 17:00:00,1026.0
2024-04-22 18:00:00,1026.6
2024-04-22 19:00:00,1020.8000000000001
2024-04-23 05:00:00,1026.2
2024-04-23 13:00:00,1018.7
2024-04-23 14:00:00,1020.3000000000001
2024-04-23 15:00:00,1020.2
2024-04-23 16:00:00,1025.4
2024-04-23 17:00:00,1026.0
2024-04-23 18:00:00,1026.0
2024-04-23 19:00:00,1026.0
2024-04-23 20:00:00,1026.3000000000002
2024-04-24 05:00:00,1027.1
2024-04-24 13:00:00,1022.8000000000001
2024-04-24 14:00:00,1022.5000000000001
2024-04-24 15:00:00,1022.1
2024-04-24 16:00:00,1021.4000000000001
2024-04-24 17:00:00,1025.7
2024-04-24 18:00:00,1024.1
2024-04-24 19:00:00,1027.1
2024-04-25 05:00:00,1032.0
2024-04-25 13:00:00,1022.5000000000001
2024-04-25 14:00:00,1022.2
2024-04-25 15:00:00,1024.9
2024-04-25 16:00:00,1027.8000000000002
2024-04-25 17:00:00,1031.2000000000003
2024-04-25 18:00:00,1030.5
2024-04-25 19:00:00,1032.3000000000002
2024-04-26 05:00:00,1022.2
2024-04-26 12:00:00,1027.4
2024-04-26 13:00:00,1014.9000000000001
2024-04-26 14:00:00,1013.3000000000001
2024-04-26 15:00:00,1017.2
2024-04-26 16:00:00,1020.4000000000001
2024-04-26 17:00:00,1022.1
2024-04-26 18:00:00,1023.3000000000001
2024-04-26 19:00:00,1021.6
2024-04-29 05:00:00,1028.3000000000002
2024-04-29 13:00:00,1025.8000000000002
2024-04-29 14:00:00,1023.9000000000001
2024-04-29 15:00:00,1027.3000000000002
2024-04-29 16:00:00,1029.0
2024-04-29 17:00:00,1026.4
2024-04-29 18:00:00,1025.9
2024-04-29 19:00:00,1028.7
2024-04-30 05:00:00,997.8000000000001
2024-04-30 13:00:00,1017.4000000000001
2024-04-30 14:00:00,1014.8000000000001
2024-04-30 15:00:00,1010.9000000000001
2024-04-30 16:00:00,1003.8000000000001
2024-04-30 17:00:00,1007.6
2024-04-30 18:00:00,1005.9000000000001
2024-04-30 19:00:00,997.7
2024-04-30 20:00:00,998.8000000000001
2024-05-01 05:00:00,982.2
2024-05-01 13:00:00,992.4000000000001
2024-05-01 14:00:00,984.7
2024-05-01 15:00:00,982.4000000000001
2024-05-01 16:00:00,981.8000000000001
2024-05-01 17:00:00,978.0000000000001
2024-05-01 18:00:00,988.1
2024-05-01 19:00:00,982.0000000000001
2024-05-02 05:00:00,986.3000000000001
2024-05-02 13:00:00,985.0000000000001
2024-05-02 14:00:00,988.8000000000001
2024-05-02 15:00:00,984.4000000000001
2024-05-02 16:00:00,987.3000000000001
2024-05-02 17:00:00,989.0000000000001
2024-05-02 18:00:00,990.1
2024-05-02 19:00:00,986.5000000000001
2024-05-03 05:00:00,986.8000000000001
2024-05-03 13:00:00,986.1
2024-05-03 14:00:00,975.7
2024-05-03 15:00:00,979.2
2024-05-03 16:00:00,983.6
2024-05-03 17:00:00,981.9000000000001
2024-05-03 18:00:00,981.7
2024-05-03 19:00:00,986.8000000000001
2024-05-06 05:00:00,994.4000000000001
2024-05-06 12:00:00,992.0000000000001
2024-05-06 13:00:00,997.9000000000001
2024-05-06 14:00:00,1000.4000000000001
2024-05-06 15:00:00,1001.4000000000001
2024-05-06 16:00:00,998.1
2024-05-06 17:00:00,995.5000000000001
2024-05-06 18:00:00,996.4000000000001
2024-05-06 19:00:00,994.1
2024-05-07 05:00:00,993.5000000000001
2024-05-07 13:00:00,996.5000000000001
2024-05-07 14:00:00,993.8000000000001
2024-05-07 15:00:00,995.7
2024-05-07 16:00:00,996.8000000000001
2024-05-07 17:00:00,996.1
2024-05-07 18:00:00,994.9000000000001
2024-05-07 19:00:00,993.3000000000001
2024-05-08 05:00:00,991.8000000000001
2024-05-08 12:00:00,992.0000000000001
2024-05-08 13:00:00,992.1
2024-05-08 14:00:00,994.5000000000001
2024-05-08 15:00:00,996.2
2024-05-08 16:00:00,992.6
2024-05-08 17:00:00,992.0000000000001
2024-05-08 18:00:00,991.3000000000001
2024-05-08 19:00:00,991.8000000000001
2024-05-09 05:00:00,1004.6
2024-05-09 13:00:00,999.0000000000001
2024-05-09 14:00:00,1001.7
2024-05-09 15:00:00,999.0000000000001
2024-05-09 16:00:00,999.5000000000001
2024-05-09 17:00:00,1000.4000000000001
2024-05-09 18:00:00,1003.3000000000001
2024-05-09 19:00:00,1004.7
2024-05-10 05:00:00,999.4000000000001
2024-05-10 13:00:00,1003.4000000000001
2024-05-10 14:00:00,1002.6
2024-05-10 15:00:00,999.2
2024-05-10 16:00:00,997.9000000000001
2024-05-10 17:00:00,997.8000000000001
2024-05-10 18:00:00,997.4000000000001
2024-05-10 19:00:00,999.1
2024-05-13 05:00:00,996.7
2024-05-13 12:00:00,997.6
2024-05-13 13:00:00,1002.7
2024-05-13 14:00:00,996.4000000000001
2024-05-13 15:00:00,996.1
2024-05-13 16:00:00,995.8000000000001
2024-05-13 17:00:00,993.2
2024-05-13 18:00:00,996.0000000000001
2024-05-13 19:00:00,996.7
2024-05-14 05:00:00,998.0000000000001
2024-05-14 13:00:00,996.6
2024-05-14 14:00:00,993.8000000000001
2024-05-14 15:00:00,994.9000000000001
2024-05-14 16:00:00,992.3000000000001
2024-05-14 17:00:00,992.3000000000001
2024-05-14 18:00:00,993.6
2024-05-14 19:00:00,997.7
2024-05-15 05:00:00,999.3000000000001
2024-05-15 12:00:00,999.4000000000001
2024-05-15 13:00:00,983.7
2024-05-15 14:00:00,990.9000000000001
2024-05-15 15:00:00,996.3000000000001
2024-05-15 16:00:00,999.1
2024-05-15 17:00:00,997.9000000000001
2024-05-15 18:00:00,997.3000000000001
2024-05-15 19:00:00,999.2
2024-05-16 05:00:00,996.3000000000001
2024-05-16 13:00:00,996.2
2024-05-16 14:00:00,1002.5000000000001
2024-05-16 15:00:00,1000.5000000000001
2024-05-16 16:00:00,998.4000000000001
2024-05-16 17:00:00,996.8000000000001
2024-05-16 18:00:00,996.0000000000001
2024-05-16 19:00:00,996.6
2024-05-17 05:00:00,1010.1
2024-05-17 13:00:00,1001.6
2024-05-17 14:00:00,1002.3000000000001
2024-05-17 15:00:00,1002.4000000000001
2024-05-17 16:00:00,1004.9000000000001
2024-05-17 17:00:00,1006.5000000000001
2024-05-17 18:00:00,1010.6
2024-05-17 19:00:00,1010.3000000000001
2024-05-20 05:00:00,1003.4000000000001
2024-05-20 13:00:00,1006.6
2024-05-20 14:00:00,1008.0000000000001
2024-05-20 15:00:00,1006.6
2024-05-20 16:00:00,1003.2
2024-05-20 17:00:00,1002.0000000000001
2024-05-20 18:00:00,1002.6
2024-05-20 19:00:00,1003.3000000000001
2024-05-21 05:00:00,998.3000000000001
2024-05-21 13:00:00,1003.4000000000001
2024-05-21 14:00:00,1007.3000000000001
2024-05-21 15:00:00,1000.6
2024-05-21 16:00:00,1000.5000000000001
2024-05-21 17:00:00,1001.9000000000001
2024-05-21 18:00:00,999.1
2024-05-21 19:00:00,998.8000000000001
2024-05-22 05:00:00,979.5000000000001
2024-05-22 13:00:00,984.0000000000001
2024-05-22 14:00:00,983.6
2024-05-22 15:00:00,980.0000000000001
2024-05-22 16:00:00,986.9000000000001
2024-05-22 17:00:00,983.6
2024-05-22 18:00:00,976.2
2024-05-22 19:00:00,979.9000000000001
2024-05-23 05:00:00,969.9000000000001
2024-05-23 13:00:00,980.7
2024-05-23 14:00:00,976.5000000000001
2024-05-23 15:00:00,978.7
2024-05-23 16:00:00,976.6
2024-05-23 17:00:00,971.4000000000001
2024-05-23 18:00:00,969.7
2024-05-23 19:00:00,970.2
2024-05-24 05:00:00,971.2
2024-05-24 13:00:00,974.2
2024-05-24 14:00:00,971.8000000000001
2024-05-24 15:00:00,972.0000000000001
2024-05-24 16:00:00,972.1
2024-05-24 17:00:00,970.7
2024-05-24 18:00:00,971.1
2024-05-24 19:00:00,971.4000000000001
2024-05-24 20:00:00,972.9000000000001
2024-05-28 05:00:00,981.5000000000001
2024-05-28 11:00:00,968.2
2024-05-28 12:00:00,968.9000000000001
2024-05-28 13:00:00,976.3000000000001
2024-05-28 14:00:00,978.0000000000001
2024-05-28 15:00:00,983.1
2024-05-28 16:00:00,980.0000000000001
2024-05-28 17:00:00,977.5000000000001
2024-05-28 18:00:00,979.0000000000001
2024-05-28 19:00:00,981.9000000000001
2024-05-28 20:00:00,981.7
2024-05-29 05:00:00,964.0000000000001
2024-05-29 13:00:00,968.2
2024-05-29 14:00:00,968.8000000000001
2024-05-29 15:00:00,964.1
2024-05-29 16:00:00,962.6
2024-05-29 17:00:00,960.8000000000001
2024-05-29 18:00:00,961.9000000000001
2024-05-29 19:00:00,964.2
2024-05-30 05:00:00,966.2
2024-05-30 13:00:00,967.7
2024-05-30 14:00:00,968.2
2024-05-30 15:00:00,964.0000000000001
2024-05-30 16:00:00,965.4000000000001
2024-05-30 17:00:00,964.1
2024-05-30 18:00:00,965.5000000000001
2024-05-30 19:00:00,965.8000000000001
2024-05-31 05:00:00,989.2
2024-05-31 13:00:00,972.7
2024-05-31 14:00:00,974.8000000000001
2024-05-31 15:00:00,974.3000000000001
2024-05-31 16:00:00,979.0000000000001
2024-05-31 17:00:00,983.4000000000001
2024-05-31 18:00:00,984.7
2024-05-31 19:00:00,987.8000000000001
2024-06-03 05:00:00,963.5000000000001
2024-06-03 13:00:00,973.1
2024-06-03 14:00:00,968.9000000000001
2024-06-03 15:00:00,965.0000000000001
2024-06-03 16:00:00,960.6
2024-06-03 17:00:00,958.6
2024-06-03 18:00:00,962.0000000000001
2024-06-03 19:00:00,963.4000000000001
2024-06-04 05:00:00,954.7
2024-06-04 13:00:00,943.3000000000001
2024-06-04 14:00:00,948.1
2024-06-04 15:00:00,947.1
2024-06-04 16:00:00,949.6
2024-06-04 17:00:00,952.0000000000001
2024-06-04 18:00:00,950.6
2024-06-04 19:00:00,954.4000000000001
2024-06-05 05:00:00,954.1
2024-06-05 13:00:00,952.0000000000001
2024-06-05 14:00:00,948.8000000000001
2024-06-05 15:00:00,952.1
2024-06-05 16:00:00,954.0000000000001
2024-06-05 17:00:00,952.7
2024-06-05 18:00:00,955.3000000000001
2024-06-05 19:00:00,954.2
2024-06-06 05:00:00,959.1
2024-06-06 13:00:00,956.6
2024-06-06 14:00:00,952.4000000000001
2024-06-06 15:00:00,957.8000000000001
2024-06-06 16:00:00,953.6
2024-06-06 17:00:00,956.0000000000001
2024-06-06 18:00:00,958.8000000000001
2024-06-06 19:00:00,959.0000000000001
2024-06-07 05:00:00,954.8000000000001
2024-06-07 13:00:00,956.8000000000001
2024-06-07 14:00:00,964.2
2024-06-07 15:00:00,956.5000000000001
2024-06-07 16:00:00,958.0000000000001
2024-06-07 17:00:00,960.8000000000001
2024-06-07 18:00:00,959.7
2024-06-07 19:00:00,954.6
2024-06-10 05:00:00,961.9000000000001
2024-06-10 08:00:00,953.2
2024-06-10 13:00:00,960.4000000000001
2024-06-10 14:00:00,962.7
2024-06-10 15:00:00,967.1
2024-06-10 16:00:00,964.3000000000001
2024-06-10 17:00:00,965.8000000000001
2024-06-10 18:00:00,966.0000000000001
2024-06-10 19:00:00,961.5000000000001
2024-06-11 05:00:00,959.7
2024-06-11 13:00:00,952.3000000000001
2024-06-12 05:00:00,949.8000000000001
2024-06-12 16:00:00,953.5000000000001
2024-06-13 05:00:00,941.6
2024-06-13 14:00:00,942.2
2024-06-13 17:00:00,941.0000000000001
2024-06-13 19:00:00,942.7
2024-06-14 05:00:00,933.5000000000001
2024-06-14 13:00:00,934.9000000000001
2024-06-14 14:00:00,933.4000000000001
2024-06-14 15:00:00,932.7
2024-06-14 16:00:00,933.7
2024-06-14 17:00:00,932.7
2024-06-14 19:00:00,933.4000000000001
2024-06-14 20:00:00,930.6
2024-06-17 05:00:00,935.7
2024-06-17 13:00:00,933.3000000000001
2024-06-17 14:00:00,932.8000000000001
2024-06-17 15:00:00,934.3000000000001
2024-06-17 16:00:00,937.9000000000001
2024-06-17 17:00:00,937.3000000000001
2024-06-17 18:00:00,939.1
2024-06-17 19:00:00,935.8000000000001
2024-06-17 22:00:00,941.2
2024-06-18 05:00:00,939.6
2024-06-18 13:00:00,949.9000000000001
2024-06-18 14:00:00,945.4000000000001
2024-06-18 15:00:00,942.1
2024-06-18 16:00:00,939.4000000000001
2024-06-18 17:00:00,939.7
2024-06-18 18:00:00,940.2
2024-06-18 19:00:00,939.6
2024-06-20 05:00:00,957.1
2024-06-20 12:00:00,942.9000000000001
2024-06-20 13:00:00,951.5000000000001
2024-06-20 14:00:00,952.9000000000001
2024-06-20 15:00:00,953.6
2024-06-20 16:00:00,960.0000000000001
2024-06-20 17:00:00,960.7
2024-06-20 18:00:00,960.0000000000001
2024-06-20 19:00:00,957.4000000000001
2024-06-21 05:00:00,949.5000000000001
2024-06-21 07:00:00,946.8000000000001
2024-06-21 13:00:00,957.2
2024-06-21 14:00:00,959.9000000000001
2024-06-21 15:00:00,955.2
2024-06-21 16:00:00,954.2
2024-06-21 17:00:00,954.0000000000001
2024-06-21 18:00:00,953.0000000000001
2024-06-21 19:00:00,949.4000000000001
2024-06-24 05:00:00,975.2
2024-06-24 13:00:00,966.0000000000001
2024-06-24 14:00:00,965.8000000000001
2024-06-24 15:00:00,968.6
2024-06-24 16:00:00,973.2
2024-06-24 17:00:00,973.3000000000001
2024-06-24 18:00:00,975.2
2024-06-24 19:00:00,975.0000000000001
2024-06-25 05:00:00,976.0000000000001
2024-06-25 13:00:00,970.1
2024-06-25 14:00:00,974.9000000000001
2024-06-25 15:00:00,970.8000000000001
2024-06-25 16:00:00,970.8000000000001
2024-06-25 17:00:00,973.3000000000001
2024-06-25 18:00:00,973.5000000000001
2024-06-25 19:00:00,976.0000000000001
2024-06-26 05:00:00,966.5000000000001
2024-06-26 13:00:00,971.5000000000001
2024-06-26 14:00:00,965.0000000000001
2024-06-26 15:00:00,965.2
2024-06-26 16:00:00,966.1
2024-06-26 17:00:00,967.6
2024-06-26 18:00:00,967.8000000000001
2024-06-26 19:00:00,966.5000000000001
2024-06-27 05:00:00,968.3000000000001
2024-06-27 13:00:00,970.4000000000001
2024-06-27 14:00:00,967.8000000000001
2024-06-27 15:00:00,967.2
2024-06-27 16:00:00,967.0000000000001
2024-06-27 17:00:00,966.4000000000001
2024-06-27 18:00:00,965.7
2024-06-27 19:00:00,968.4000000000001
2024-06-28 05:00:00,972.4000000000001
2024-06-28 13:00:00,971.9000000000001
2024-06-28 14:00:00,973.6
2024-06-28 15:00:00,974.6
2024-06-28 16:00:00,976.1
2024-06-28 17:00:00,973.1
2024-06-28 18:00:00,969.9000000000001
2024-06-28 19:00:00,972.3000000000001
2024-07-01 05:00:00,972.4000000000001
2024-07-01 13:00:00,980.3000000000001
2024-07-01 14:00:00,969.5000000000001
2024-07-01 15:00:00,974.3000000000001
2024-07-01 16:00:00,973.4000000000001
2024-07-01 17:00:00,975.5000000000001
2024-07-01 18:00:00,972.3000000000001
2024-07-01 19:00:00,972.5000000000001
2024-07-02 05:00:00,971.2
2024-07-02 13:00:00,980.6
2024-07-02 14:00:00,973.9000000000001
2024-07-02 15:00:00,971.0000000000001
2024-07-02 16:00:00,969.8000000000001
2024-07-02 17:00:00,966.9000000000001
2024-07-02 18:00:00,966.1
2024-07-02 19:00:00,971.4000000000001
2024-07-03 05:00:00,975.0000000000001
2024-07-03 13:00:00,974.4000000000001
2024-07-03 14:00:00,974.8000000000001
2024-07-03 15:00:00,973.9000000000001
2024-07-03 16:00:00,975.1
2024-07-03 17:00:00,972.1
2024-07-04 11:00:00,972.0000000000001
2024-07-05 05:00:00,959.6
2024-07-05 13:00:00,966.4000000000001
2024-07-05 14:00:00,962.2
2024-07-05 15:00:00,960.4000000000001
2024-07-05 16:00:00,958.9000000000001
2024-07-05 17:00:00,957.5000000000001
2024-07-05 18:00:00,958.1
2024-07-05 19:00:00,959.5000000000001
2024-07-05 20:00:00,961.7
2024-07-08 05:00:00,954.1
2024-07-08 13:00:00,960.7
2024-07-08 14:00:00,958.1
2024-07-08 15:00:00,952.5000000000001
2024-07-08 16:00:00,953.8000000000001
2024-07-08 17:00:00,951.6
2024-07-08 18:00:00,952.5000000000001
2024-07-08 19:00:00,953.8000000000001
2024-07-09 05:00:00,945.2
2024-07-09 13:00:00,945.9000000000001
2024-07-09 14:00:00,954.9000000000001
2024-07-09 15:00:00,951.6
2024-07-09 16:00:00,952.5000000000001
2024-07-09 17:00:00,951.5000000000001
2024-07-09 18:00:00,949.6
2024-07-09 19:00:00,945.6
2024-07-10 05:00:00,951.7
2024-07-10 13:00:00,943.8000000000001
2024-07-10 14:00:00,944.5000000000001
2024-07-10 15:00:00,948.9000000000001
2024-07-10 16:00:00,947.4000000000001
2024-07-10 17:00:00,946.6
2024-07-10 18:00:00,948.2
2024-07-10 19:00:00,951.7
2024-07-11 05:00:00,961.3000000000001
2024-07-11 12:00:00,957.8000000000001
2024-07-11 13:00:00,951.2
2024-07-11 14:00:00,961.8000000000001
2024-07-11 15:00:00,957.9000000000001
2024-07-11 16:00:00,956.9000000000001
2024-07-11 17:00:00,959.9000000000001
2024-07-11 18:00:00,961.1
2024-07-11 19:00:00,960.9000000000001
2024-07-12 05:00:00,963.0000000000001
2024-07-12 13:00:00,957.8000000000001
2024-07-12 14:00:00,958.2
2024-07-12 15:00:00,961.7
2024-07-12 16:00:00,962.4000000000001
2024-07-12 17:00:00,964.4000000000001
2024-07-12 18:00:00,962.1
2024-07-12 19:00:00,963.8000000000001
2024-07-15 05:00:00,978.3000000000001
2024-07-15 13:00:00,971.3000000000001
2024-07-15 14:00:00,978.2
2024-07-15 15:00:00,983.9000000000001
2024-07-15 16:00:00,983.6
2024-07-15 17:00:00,981.4000000000001
2024-07-15 18:00:00,985.7
2024-07-15 19:00:00,977.7
2024-07-16 05:00:00,981.1
2024-07-16 13:00:00,973.8000000000001
2024-07-16 14:00:00,982.4000000000001
2024-07-16 15:00:00,979.6
2024-07-16 16:00:00,978.1
2024-07-16 17:00:00,981.2
2024-07-16 18:00:00,981.2
2024-07-16 19:00:00,980.9000000000001
2024-07-17 05:00:00,992.0000000000001
2024-07-17 13:00:00,996.7
2024-07-17 14:00:00,990.5000000000001
2024-07-17 15:00:00,993.0000000000001
2024-07-17 16:00:00,993.0000000000001
2024-07-17 17:00:00,989.5000000000001
2024-07-17 18:00:00,990.6
2024-07-17 19:00:00,992.0000000000001
2024-07-17 20:00:00,994.1
2024-07-18 05:00:00,993.5000000000001
2024-07-18 13:00:00,996.3000000000001
2024-07-18 14:00:00,999.2
2024-07-18 15:00:00,1003.7
2024-07-18 16:00:00,1001.3000000000001
2024-07-18 17:00:00,1000.5000000000001
2024-07-18 18:00:00,994.4000000000001
2024-07-18 19:00:00,993.2
2024-07-19 05:00:00,981.9000000000001
2024-07-19 08:00:00,998.8000000000001
2024-07-19 13:00:00,993.8000000000001
2024-07-19 14:00:00,990.0000000000001
2024-07-19 15:00:00,990.3000000000001
2024-07-19 16:00:00,987.5000000000001
2024-07-19 17:00:00,988.2
2024-07-19 18:00:00,983.8000000000001
2024-07-19 19:00:00,982.4000000000001
2024-07-22 05:00:00,975.7
2024-07-22 13:00:00,971.0000000000001
2024-07-22 14:00:00,978.6
2024-07-22 15:00:00,977.9000000000001
2024-07-22 16:00:00,977.8000000000001
2024-07-22 17:00:00,978.6
2024-07-22 18:00:00,977.2
2024-07-22 19:00:00,975.5000000000001
2024-07-22 20:00:00,978.1
2024-07-23 05:00:00,959.7
2024-07-23 13:00:00,971.0000000000001
2024-07-23 14:00:00,965.3000000000001
2024-07-23 15:00:00,960.0000000000001
2024-07-23 16:00:00,961.0000000000001
2024-07-23 17:00:00,961.6
2024-07-23 18:00:00,960.7
2024-07-23 19:00:00,959.4000000000001
2024-07-23 20:00:00,958.0000000000001
2024-07-24 05:00:00,960.4000000000001
2024-07-24 13:00:00,957.8000000000001
2024-07-24 14:00:00,962.2
2024-07-24 15:00:00,962.5000000000001
2024-07-24 16:00:00,959.5000000000001
2024-07-24 17:00:00,961.4000000000001
2024-07-24 18:00:00,962.9000000000001
2024-07-24 19:00:00,959.8000000000001
2024-07-25 05:00:00,975.0000000000001
2024-07-25 13:00:00,962.0000000000001
2024-07-25 14:00:00,966.0000000000001
2024-07-25 15:00:00,972.2
2024-07-25 16:00:00,975.4000000000001
2024-07-25 17:00:00,975.2
2024-07-25 18:00:00,973.2
2024-07-25 19:00:00,975.0000000000001
2024-07-26 05:00:00,978.2
2024-07-26 13:00:00,976.9000000000001
2024-07-26 14:00:00,972.1
2024-07-26 15:00:00,977.0000000000001
2024-07-26 16:00:00,981.3000000000001
2024-07-26 17:00:00,980.3000000000001
2024-07-26 18:00:00,979.1
2024-07-26 19:00:00,978.9000000000001
2024-07-26 20:00:00,980.3000000000001
2024-07-29 05:00:00,970.5000000000001
2024-07-29 13:00:00,968.9000000000001
2024-07-29 14:00:00,964.1
2024-07-29 15:00:00,966.2
2024-07-29 16:00:00,966.6
2024-07-29 17:00:00,967.2
2024-07-29 18:00:00,967.8000000000001
2024-07-29 19:00:00,970.3000000000001
2024-07-30 05:00:00,985.1
2024-07-30 13:00:00,977.4000000000001
2024-07-30 14:00:00,980.6
2024-07-30 15:00:00,977.5000000000001
2024-07-30 16:00:00,982.3000000000001
2024-07-30 17:00:00,983.8000000000001
2024-07-30 18:00:00,982.0000000000001
2024-07-30 19:00:00,984.9000000000001
2024-07-31 05:00:00,989.2
2024-07-31 13:00:00,992.6
2024-07-31 14:00:00,994.9000000000001
2024-07-31 15:00:00,991.8000000000001
2024-07-31 16:00:00,994.4000000000001
2024-07-31 17:00:00,991.8000000000001
2024-07-31 18:00:00,994.0000000000001
2024-07-31 19:00:00,989.0000000000001
2024-08-01 05:00:00,962.2
2024-08-01 13:00:00,980.4000000000001
2024-08-01 14:00:00,968.9000000000001
2024-08-01 15:00:00,966.2
2024-08-01 16:00:00,966.2
2024-08-01 17:00:00,961.3000000000001
2024-08-01 18:00:00,959.1
2024-08-01 19:00:00,962.7
2024-08-01 20:00:00,960.8000000000001
2024-08-02 05:00:00,937.5000000000001
2024-08-02 13:00:00,949.6
2024-08-02 14:00:00,932.3000000000001
2024-08-02 15:00:00,936.0000000000001
2024-08-02 16:00:00,934.5000000000001
2024-08-02 17:00:00,928.5000000000001
2024-08-02 18:00:00,934.1
2024-08-02 19:00:00,937.3000000000001
2024-08-05 05:00:00,917.2
2024-08-05 08:00:00,921.8000000000001
2024-08-05 09:00:00,921.4000000000001
2024-08-05 13:00:00,912.3000000000001
2024-08-05 14:00:00,908.1
2024-08-05 15:00:00,918.5000000000001
2024-08-05 16:00:00,918.9000000000001
2024-08-05 17:00:00,918.3000000000001
2024-08-05 18:00:00,919.1
2024-08-05 19:00:00,917.3000000000001
2024-08-06 05:00:00,922.8000000000001
2024-08-06 10:00:00,924.2
2024-08-06 11:00:00,925.1
2024-08-06 13:00:00,924.1
2024-08-06 14:00:00,928.5000000000001
2024-08-06 15:00:00,927.0000000000001
2024-08-06 16:00:00,927.7
2024-08-06 17:00:00,929.7
2024-08-06 18:00:00,929.0000000000001
2024-08-06 19:00:00,922.0000000000001
2024-08-06 20:00:00,922.2
2024-08-07 05:00:00,925.2
2024-08-07 13:00:00,938.9000000000001
2024-08-07 14:00:00,937.3000000000001
2024-08-07 15:00:00,940.6
2024-08-07 16:00:00,936.7
2024-08-07 17:00:00,931.7
2024-08-07 18:00:00,928.5000000000001
2024-08-07 19:00:00,925.6
2024-08-08 05:00:00,945.5000000000001
2024-08-08 13:00:00,938.8000000000001
2024-08-08 14:00:00,940.9000000000001
2024-08-08 15:00:00,939.8000000000001
2024-08-08 16:00:00,941.3000000000001
2024-08-08 17:00:00,944.3000000000001
2024-08-08 18:00:00,944.0000000000001
2024-08-08 19:00:00,945.2
2024-08-09 05:00:00,946.7
2024-08-09 13:00:00,938.2
2024-08-09 14:00:00,944.9000000000001
2024-08-09 15:00:00,947.4000000000001
2024-08-09 16:00:00,949.4000000000001
2024-08-09 17:00:00,948.0000000000001
2024-08-09 18:00:00,947.1
2024-08-09 19:00:00,946.1
2024-08-12 05:00:00,951.5000000000001
2024-08-12 13:00:00,949.1
2024-08-12 14:00:00,952.5000000000001
2024-08-12 15:00:00,950.9000000000001
2024-08-12 16:00:00,947.7
2024-08-12 17:00:00,948.6
2024-08-12 18:00:00,949.5000000000001
2024-08-12 19:00:00,951.5000000000001
2024-08-13 05:00:00,941.8000000000001
2024-08-13 13:00:00,937.9000000000001
2024-08-13 14:00:00,939.9000000000001
2024-08-13 15:00:00,941.6
2024-08-13 16:00:00,943.2
2024-08-13 17:00:00,943.0000000000001
2024-08-13 18:00:00,943.6
2024-08-13 19:00:00,941.5000000000001
2024-08-14 05:00:00,947.3000000000001
2024-08-14 13:00:00,946.0000000000001
2024-08-14 14:00:00,942.9000000000001
2024-08-14 15:00:00,944.7
2024-08-14 16:00:00,948.0000000000001
2024-08-14 17:00:00,948.7
2024-08-14 18:00:00,950.3000000000001
2024-08-14 19:00:00,947.3000000000001
2024-08-15 05:00:00,958.4000000000001
2024-08-15 13:00:00,952.9000000000001
2024-08-15 14:00:00,957.0000000000001
2024-08-15 15:00:00,960.5000000000001
2024-08-15 16:00:00,959.0000000000001
2024-08-15 17:00:00,958.9000000000001
2024-08-15 18:00:00,958.8000000000001
2024-08-15 19:00:00,958.8000000000001
2024-08-15 20:00:00,958.4000000000001
2024-08-16 05:00:00,957.7
2024-08-16 13:00:00,956.6
2024-08-16 14:00:00,955.5000000000001
2024-08-16 15:00:00,955.4000000000001
2024-08-16 16:00:00,957.5000000000001
2024-08-16 17:00:00,957.5000000000001
2024-08-16 18:00:00,957.0000000000001
2024-08-16 19:00:00,957.2
2024-08-19 05:00:00,963.1
2024-08-19 08:00:00,955.4000000000001
2024-08-19 09:00:00,950.6
2024-08-19 11:00:00,954.7
2024-08-19 12:00:00,954.0000000000001
2024-08-19 13:00:00,960.3000000000001
2024-08-19 14:00:00,970.2
2024-08-19 15:00:00,965.6
2024-08-19 16:00:00,965.6
2024-08-19 17:00:00,963.9000000000001
2024-08-19 18:00:00,963.1
2024-08-19 19:00:00,963.1
2024-08-20 05:00:00,938.0000000000001
2024-08-20 13:00:00,954.6
2024-08-20 14:00:00,944.7
2024-08-20 15:00:00,939.5000000000001
2024-08-20 16:00:00,942.5000000000001
2024-08-20 17:00:00,940.5000000000001
2024-08-20 18:00:00,942.9000000000001
2024-08-20 19:00:00,937.9000000000001
2024-08-21 05:00:00,939.0000000000001
2024-08-21 13:00:00,940.6
2024-08-21 14:00:00,944.6
2024-08-21 15:00:00,943.9000000000001
2024-08-21 16:00:00,941.8000000000001
2024-08-21 17:00:00,937.6
2024-08-21 18:00:00,940.4000000000001
2024-08-21 19:00:00,938.8000000000001
2024-08-22 05:00:00,940.5000000000001
2024-08-22 13:00:00,941.7
2024-08-22 14:00:00,940.2
2024-08-22 15:00:00,942.7
2024-08-22 16:00:00,943.3000000000001
2024-08-22 17:00:00,940.9000000000001
2024-08-22 18:00:00,942.3000000000001
2024-08-22 19:00:00,941.6
2024-08-23 05:00:00,954.9000000000001
2024-08-23 13:00:00,945.9000000000001
2024-08-23 14:00:00,952.3000000000001
2024-08-23 15:00:00,950.6
2024-08-23 16:00:00,954.5000000000001
2024-08-23 17:00:00,954.4000000000001
2024-08-23 18:00:00,954.6
2024-08-23 19:00:00,954.7
2024-08-23 20:00:00,962.2
2024-08-26 05:00:00,963.6
2024-08-26 13:00:00,970.4000000000001
2024-08-26 14:00:00,963.5000000000001
2024-08-26 15:00:00,960.1
2024-08-26 16:00:00,962.8000000000001
2024-08-26 17:00:00,962.8000000000001
2024-08-26 18:00:00,962.8000000000001
2024-08-26 19:00:00,964.0000000000001
2024-08-27 05:00:00,955.0000000000001
2024-08-27 13:00:00,960.9000000000001
2024-08-27 14:00:00,959.8000000000001
2024-08-27 15:00:00,956.6
2024-08-27 16:00:00,954.5000000000001
2024-08-27 17:00:00,953.9000000000001
2024-08-27 18:00:00,953.5000000000001
2024-08-27 19:00:00,955.0000000000001
2024-08-28 05:00:00,948.4000000000001
2024-08-28 13:00:00,950.6
2024-08-28 14:00:00,951.2
2024-08-28 15:00:00,949.0000000000001
2024-08-28 16:00:00,947.6
2024-08-28 17:00:00,945.3000000000001
2024-08-28 18:00:00,946.6
2024-08-28 19:00:00,948.5000000000001
2024-08-28 20:00:00,949.9000000000001
2024-08-29 05:00:00,959.7
2024-08-29 13:00:00,947.9000000000001
2024-08-29 14:00:00,954.2
2024-08-29 15:00:00,956.4000000000001
2024-08-29 16:00:00,961.1
2024-08-29 17:00:00,960.8000000000001
2024-08-29 18:00:00,958.5000000000001
2024-08-29 19:00:00,959.6
2024-08-30 05:00:00,962.7
2024-08-30 13:00:00,952.7
2024-08-30 14:00:00,958.0000000000001
2024-08-30 15:00:00,955.3000000000001
2024-08-30 16:00:00,955.3000000000001
2024-08-30 17:00:00,954.6
2024-08-30 18:00:00,955.9000000000001
2024-08-30 19:00:00,962.2
2024-08-30 20:00:00,961.3000000000001
2024-09-03 05:00:00,939.3000000000001
2024-09-03 12:00:00,952.3000000000001
2024-09-03 13:00:00,939.3000000000001
2024-09-03 14:00:00,937.0000000000001
2024-09-03 15:00:00,938.9000000000001
2024-09-03 16:00:00,939.7
2024-09-03 17:00:00,941.7
2024-09-03 18:00:00,941.9000000000001
2024-09-03 19:00:00,939.3000000000001
2024-09-04 05:00:00,925.9000000000001
2024-09-04 13:00:00,942.4000000000001
2024-09-04 14:00:00,935.1
2024-09-04 15:00:00,934.2
2024-09-04 16:00:00,932.7
2024-09-04 17:00:00,929.3000000000001
2024-09-04 18:00:00,930.5000000000001
2024-09-04 19:00:00,925.8000000000001
2024-09-05 05:00:00,918.7
2024-09-05 13:00:00,924.3000000000001
2024-09-05 14:00:00,926.4000000000001
2024-09-05 15:00:00,921.8000000000001
2024-09-05 16:00:00,922.8000000000001
2024-09-05 17:00:00,923.0000000000001
2024-09-05 18:00:00,923.1
2024-09-05 19:00:00,918.8000000000001
2024-09-06 05:00:00,906.8000000000001
2024-09-06 13:00:00,922.9000000000001
2024-09-06 14:00:00,910.6
2024-09-06 15:00:00,908.3000000000001
2024-09-06 16:00:00,908.9000000000001
2024-09-06 17:00:00,906.8000000000001
2024-09-06 18:00:00,904.9000000000001
2024-09-06 19:00:00,907.4000000000001
2024-09-09 05:00:00,912.8000000000001
2024-09-09 13:00:00,909.2
2024-09-09 14:00:00,915.8000000000001
2024-09-09 15:00:00,918.1
2024-09-09 16:00:00,921.2
2024-09-09 17:00:00,918.2
2024-09-09 18:00:00,918.0000000000001
2024-09-09 19:00:00,912.6
2024-09-10 05:00:00,897.1
2024-09-10 13:00:00,899.8000000000001
2024-09-10 14:00:00,900.0000000000001
2024-09-10 15:00:00,894.8000000000001
2024-09-10 16:00:00,895.1
2024-09-10 17:00:00,890.4000000000001
2024-09-10 18:00:00,895.4000000000001
2024-09-10 19:00:00,897.3000000000001
2024-09-11 05:00:00,889.2
2024-09-11 23:00:00,882.4
2024-09-12 05:00:00,894.9
2024-09-12 14:00:00,889.4
2024-09-12 15:00:00,895.6
2024-09-12 17:00:00,894.1
2024-09-12 18:00:00,895.0
2024-09-12 19:00:00,894.7
2024-09-12 23:00:00,894.7
2024-09-13 05:00:00,899.4
2024-09-13 13:00:00,904.3
2024-09-13 14:00:00,904.4
2024-09-13 15:00:00,901.8
2024-09-13 16:00:00,903.1
2024-09-13 17:00:00,900.1
2024-09-13 19:00:00,899.5
2024-09-13 20:00:00,909.0
2024-09-13 23:00:00,909.0
2024-09-16 05:00:00,909.6
2024-09-16 13:00:00,910.2
2024-09-16 14:00:00,904.6
2024-09-16 15:00:00,907.1
2024-09-16 16:00:00,905.3
2024-09-16 17:00:00,907.1
2024-09-16 18:00:00,907.8
2024-09-16 19:00:00,909.3
2024-09-16 23:00:00,909.3
2024-09-17 05:00:00,921.9
2024-09-17 13:00:00,914.7
2024-09-17 14:00:00,917.8
2024-09-17 15:00:00,919.5
2024-09-17 16:00:00,919.2
2024-09-17 17:00:00,918.9
2024-09-17 18:00:00,920.8
2024-09-17 19:00:00,922.0
2024-09-17 23:00:00,922.0
2024-09-18 05:00:00,923.1
2024-09-18 13:00:00,922.2
2024-09-18 14:00:00,920.0
2024-09-18 15:00:00,922.5
2024-09-18 16:00:00,923.4
2024-09-18 17:00:00,926.5
2024-09-18 18:00:00,925.9
2024-09-18 19:00:00,923.2
2024-09-18 23:00:00,923.2
2024-09-19 05:00:00,934.3
2024-09-19 13:00:00,934.3
2024-09-19 14:00:00,935.9
2024-09-19 15:00:00,940.1
2024-09-19 16:00:00,941.4
2024-09-19 17:00:00,943.0
2024-09-19 18:00:00,938.6
2024-09-19 19:00:00,934.5
2024-09-19 23:00:00,934.5
2024-09-20 05:00:00,930.6
2024-09-20 13:00:00,921.9
2024-09-20 14:00:00,925.1
2024-09-20 15:00:00,927.2
2024-09-20 16:00:00,930.8
2024-09-20 17:00:00,932.5
2024-09-20 18:00:00,929.5
2024-09-20 19:00:00,930.7
2024-09-20 20:00:00,929.7
2024-09-20 23:00:00,929.7
2024-09-23 05:00:00,943.4
2024-09-23 13:00:00,943.3
2024-09-23 14:00:00,944.9
2024-09-23 15:00:00,938.3
2024-09-23 16:00:00,935.6
2024-09-23 17:00:00,937.5
2024-09-23 18:00:00,937.9
2024-09-23 19:00:00,943.2
2024-09-23 23:00:00,943.2
2024-09-24 05:00:00,940.0
2024-09-24 13:00:00,946.4
2024-09-24 14:00:00,947.5
2024-09-24 15:00:00,940.8
2024-09-24 16:00:00,942.7
2024-09-24 17:00:00,940.4
2024-09-24 18:00:00,941.6
2024-09-24 19:00:00,940.2
2024-09-24 23:00:00,940.2
2024-09-25 05:00:00,922.4
2024-09-25 13:00:00,931.5
2024-09-25 14:00:00,931.8
2024-09-25 15:00:00,930.3
2024-09-25 16:00:00,923.5
2024-09-25 17:00:00,921.4
2024-09-25 18:00:00,922.4
2024-09-25 19:00:00,922.6
2024-09-25 23:00:00,922.6
2024-09-26 05:00:00,904.1
2024-09-26 12:00:00,906.0
2024-09-26 13:00:00,908.2
2024-09-26 14:00:00,909.2
2024-09-26 15:00:00,908.0
2024-09-26 16:00:00,906.2
2024-09-26 17:00:00,906.3
2024-09-26 18:00:00,906.2
2024-09-26 19:00:00,903.9
2024-09-26 23:00:00,903.9
2024-09-27 05:00:00,921.4
2024-09-27 13:00:00,913.0
2024-09-27 14:00:00,918.1
2024-09-27 15:00:00,919.2
2024-09-27 16:00:00,916.6
2024-09-27 17:00:00,914.2
2024-09-27 18:00:00,919.0
2024-09-27 19:00:00,921.0
2024-09-27 23:00:00,921.0
2024-09-30 05:00:00,928.2
2024-09-30 13:00:00,915.6
2024-09-30 14:00:00,927.8
2024-09-30 15:00:00,923.4
2024-09-30 16:00:00,923.2
2024-09-30 17:00:00,923.6
2024-09-30 18:00:00,924.6
2024-09-30 19:00:00,928.3
2024-09-30 20:00:00,928.3
2024-09-30 23:00:00,928.3
2024-10-01 05:00:00,949.3
2024-10-01 13:00:00,941.6
2024-10-01 14:00:00,946.8
2024-10-01 15:00:00,945.3
2024-10-01 16:00:00,950.7
2024-10-01 17:00:00,947.2
2024-10-01 18:00:00,946.3
2024-10-01 19:00:00,949.4
2024-10-01 23:00:00,949.4
2024-10-02 05:00:00,959.2
2024-10-02 13:00:00,962.5
2024-10-02 14:00:00,953.0
2024-10-02 15:00:00,953.8
2024-10-02 16:00:00,949.7
2024-10-02 17:00:00,949.7
2024-10-02 18:00:00,953.7
2024-10-02 19:00:00,958.8
2024-10-02 23:00:00,958.8
2024-10-03 05:00:00,975.9
2024-10-03 13:00:00,959.5
2024-10-03 14:00:00,970.6
2024-10-03 15:00:00,969.0
2024-10-03 16:00:00,974.4
2024-10-03 17:00:00,972.6
2024-10-03 18:00:00,976.0
2024-10-03 19:00:00,975.8
2024-10-03 23:00:00,975.8
2024-10-04 05:00:00,984.3
2024-10-04 13:00:00,979.9
2024-10-04 14:00:00,981.3
2024-10-04 15:00:00,982.1
2024-10-04 16:00:00,985.4
2024-10-04 17:00:00,983.6
2024-10-04 18:00:00,981.2
2024-10-04 19:00:00,984.2
2024-10-04 23:00:00,984.2
2024-10-07 05:00:00,988.2
2024-10-07 13:00:00,991.2
2024-10-07 14:00:00,989.1
2024-10-07 15:00:00,991.7
2024-10-07 16:00:00,991.8
2024-10-07 17:00:00,989.5
2024-10-07 18:00:00,988.3
2024-10-07 19:00:00,988.1
2024-10-07 20:00:00,990.8
2024-10-07 23:00:00,990.8
2024-10-08 05:00:00,962.2
2024-10-08 13:00:00,960.7
2024-10-08 14:00:00,960.4
2024-10-08 15:00:00,960.2
2024-10-08 16:00:00,960.0
2024-10-08 17:00:00,963.0
2024-10-08 18:00:00,962.9
2024-10-08 19:00:00,962.0
2024-10-08 23:00:00,962.0
2024-10-09 05:00:00,967.5
2024-10-09 13:00:00,958.0
2024-10-09 14:00:00,961.1
2024-10-09 15:00:00,963.6
2024-10-09 16:00:00,965.7
2024-10-09 17:00:00,967.8
2024-10-09 18:00:00,967.3
2024-10-09 19:00:00,967.3
2024-10-09 20:00:00,970.2
2024-10-09 23:00:00,970.2
2024-10-10 05:00:00,974.5
2024-10-10 13:00:00,974.1
2024-10-10 14:00:00,975.7
2024-10-10 15:00:00,976.7
2024-10-10 16:00:00,979.0
2024-10-10 17:00:00,977.7
2024-10-10 18:00:00,977.4
2024-10-10 19:00:00,974.8
2024-10-10 20:00:00,975.1
2024-10-10 23:00:00,975.1
2024-10-11 05:00:00,979.5
2024-10-11 13:00:00,977.1
2024-10-11 14:00:00,978.4
2024-10-11 15:00:00,978.9
2024-10-11 16:00:00,979.9
2024-10-11 17:00:00,982.4
2024-10-11 18:00:00,982.6
2024-10-11 19:00:00,979.3
2024-10-11 23:00:00,979.3
2024-10-14 05:00:00,978.0
2024-10-14 13:00:00,973.9
2024-10-14 14:00:00,979.1
2024-10-14 15:00:00,976.9
2024-10-14 16:00:00,977.6
2024-10-14 17:00:00,977.9
2024-10-14 18:00:00,976.8
2024-10-14 19:00:00,978.2
2024-10-14 20:00:00,971.7
2024-10-14 23:00:00,971.7
2024-10-15 05:00:00,947.1
2024-10-15 13:00:00,951.7
2024-10-15 14:00:00,957.5
2024-10-15 15:00:00,955.0
2024-10-15 16:00:00,956.8
2024-10-15 17:00:00,953.6
2024-10-15 18:00:00,953.0
2024-10-15 19:00:00,947.7
2024-10-15 23:00:00,947.7
2024-10-16 05:00:00,951.6
2024-10-16 13:00:00,952.5
2024-10-16 14:00:00,953.5
2024-10-16 15:00:00,952.1
2024-10-16 16:00:00,951.3
2024-10-16 17:00:00,952.1
2024-10-16 18:00:00,953.0
2024-10-16 19:00:00,951.7
2024-10-16 23:00:00,951.7
2024-10-17 05:00:00,957.2
2024-10-17 13:00:00,956.1
2024-10-17 14:00:00,952.7
2024-10-17 15:00:00,952.4
2024-10-17 16:00:00,953.1
2024-10-17 17:00:00,954.2
2024-10-17 18:00:00,955.2
2024-10-17 19:00:00,957.2
2024-10-17 23:00:00,957.2
2024-10-18 05:00:00,952.7
2024-10-18 13:00:00,951.0
2024-10-18 14:00:00,947.8
2024-10-18 15:00:00,948.9
2024-10-18 16:00:00,950.3
2024-10-18 17:00:00,951.4
2024-10-18 18:00:00,951.6
2024-10-18 19:00:00,952.7
2024-10-18 20:00:00,955.1
2024-10-18 23:00:00,955.1
2024-10-21 05:00:00,949.9
2024-10-21 13:00:00,957.2
2024-10-21 14:00:00,954.3
2024-10-21 15:00:00,949.2
2024-10-21 16:00:00,950.0
2024-10-21 17:00:00,951.8
2024-10-21 18:00:00,952.6
2024-10-21 19:00:00,950.0
2024-10-21 23:00:00,950.0
2024-10-22 05:00:00,952.1
2024-10-22 13:00:00,953.4
2024-10-22 14:00:00,953.0
2024-10-22 15:00:00,952.7
2024-10-22 16:00:00,954.9
2024-10-22 17:00:00,953.4
2024-10-22 18:00:00,953.4
2024-10-22 19:00:00,952.1
2024-10-22 23:00:00,952.1
2024-10-23 05:00:00,946.7
2024-10-23 13:00:00,950.4
2024-10-23 14:00:00,945.3
2024-10-23 15:00:00,943.9
2024-10-23 16:00:00,944.8
2024-10-23 17:00:00,944.6
2024-10-23 18:00:00,944.9
2024-10-23 19:00:00,946.9
2024-10-23 23:00:00,946.9
2024-10-24 05:00:00,945.5
2024-10-24 13:00:00,945.2
2024-10-24 14:00:00,942.6
2024-10-24 15:00:00,943.2
2024-10-24 16:00:00,943.0
2024-10-24 17:00:00,942.7
2024-10-24 18:00:00,943.5
2024-10-24 19:00:00,945.8
2024-10-24 23:00:00,945.8
2024-10-25 05:00:00,946.1
2024-10-25 13:00:00,949.2
2024-10-25 14:00:00,951.6
2024-10-25 15:00:00,948.6
2024-10-25 16:00:00,945.8
2024-10-25 17:00:00,944.6
2024-10-25 18:00:00,947.3
2024-10-25 19:00:00,946.2
2024-10-25 20:00:00,944.0
2024-10-25 23:00:00,944.0
2024-10-28 05:00:00,939.3
2024-10-28 13:00:00,932.5
2024-10-28 14:00:00,938.1
2024-10-28 15:00:00,935.4
2024-10-28 16:00:00,938.4
2024-10-28 17:00:00,938.7
2024-10-28 18:00:00,939.2
2024-10-28 19:00:00,939.3
2024-10-28 23:00:00,939.3
2024-10-29 05:00:00,925.5
2024-10-29 13:00:00,933.0
2024-10-29 14:00:00,934.2
2024-10-29 15:00:00,928.7
2024-10-29 16:00:00,925.0
2024-10-29 17:00:00,924.0
2024-10-29 18:00:00,925.3
2024-10-29 19:00:00,925.7
2024-10-29 23:00:00,925.7
2024-10-30 05:00:00,926.6
2024-10-30 12:00:00,929.0
2024-10-30 13:00:00,933.1
2024-10-30 14:00:00,929.1
2024-10-30 15:00:00,933.1
2024-10-30 16:00:00,927.0
2024-10-30 17:00:00,926.8
2024-10-30 18:00:00,928.1
2024-10-30 19:00:00,926.7
2024-10-30 23:00:00,926.7
2024-10-31 05:00:00,932.8
2024-10-31 13:00:00,936.0
2024-10-31 14:00:00,932.6
2024-10-31 15:00:00,933.7
2024-10-31 16:00:00,931.4
2024-10-31 17:00:00,931.5
2024-10-31 18:00:00,936.9
2024-10-31 19:00:00,932.3
2024-10-31 23:00:00,932.3
2024-11-01 05:00:00,925.8
2024-11-01 13:00:00,941.4
2024-11-01 14:00:00,935.4
2024-11-01 15:00:00,934.5
2024-11-01 16:00:00,930.3
2024-11-01 17:00:00,926.9
2024-11-01 18:00:00,927.9
2024-11-01 19:00:00,925.8
2024-11-01 23:00:00,925.8
2024-11-04 06:00:00,942.2
2024-11-04 14:00:00,939.7
2024-11-04 15:00:00,941.9
2024-11-04 16:00:00,937.9
2024-11-04 17:00:00,940.6
2024-11-04 18:00:00,940.3
2024-11-04 19:00:00,940.8
2024-11-04 20:00:00,942.4
2024-11-04 23:00:00,942.4
2024-11-05 06:00:00,947.8
2024-11-05 14:00:00,946.4
2024-11-05 15:00:00,948.1
2024-11-05 16:00:00,949.9
2024-11-05 17:00:00,947.8
2024-11-05 18:00:00,944.8
2024-11-05 19:00:00,944.5
2024-11-05 20:00:00,948.2
2024-11-05 23:00:00,948.2
2024-11-06 06:00:00,985.3
2024-11-06 07:00:00,966.8
2024-11-06 13:00:00,970.0
2024-11-06 14:00:00,970.6
2024-11-06 15:00:00,984.5
2024-11-06 16:00:00,981.3
2024-11-06 17:00:00,984.9
2024-11-06 18:00:00,988.2
2024-11-06 19:00:00,991.9
2024-11-06 20:00:00,985.1
2024-11-06 23:00:00,985.1
2024-11-07 06:00:00,981.0
2024-11-07 14:00:00,978.0
2024-11-07 15:00:00,977.3
2024-11-07 16:00:00,976.0
2024-11-07 17:00:00,981.0
2024-11-07 18:00:00,980.8
2024-11-07 19:00:00,980.4
2024-11-07 20:00:00,980.8
2024-11-07 23:00:00,980.8
2024-11-08 06:00:00,985.8
2024-11-08 14:00:00,977.8
2024-11-08 15:00:00,981.0
2024-11-08 16:00:00,978.8
2024-11-08 17:00:00,981.3
2024-11-08 18:00:00,983.4
2024-11-08 19:00:00,986.2
2024-11-08 20:00:00,985.7
2024-11-08 23:00:00,985.7
2024-11-11 06:00:00,991.6
2024-11-11 14:00:00,991.0
2024-11-11 15:00:00,989.5
2024-11-11 16:00:00,987.8
2024-11-11 17:00:00,991.7
2024-11-11 18:00:00,989.9
2024-11-11 19:00:00,991.7
2024-11-11 20:00:00,991.8
2024-11-11 23:00:00,991.8
2024-11-12 06:00:00,986.2
2024-11-12 14:00:00,993.9
2024-11-12 15:00:00,990.1
2024-11-12 16:00:00,988.6
2024-11-12 17:00:00,987.7
2024-11-12 18:00:00,987.3
2024-11-12 19:00:00,989.0
2024-11-12 20:00:00,986.2
2024-11-12 23:00:00,986.2
2024-11-13 06:00:00,994.0
2024-11-13 14:00:00,978.6
2024-11-13 15:00:00,982.8
2024-11-13 16:00:00,989.0
2024-11-13 17:00:00,994.6
2024-11-13 18:00:00,996.9
2024-11-13 19:00:00,996.1
2024-11-13 20:00:00,994.1
2024-11-13 23:00:00,994.1
2024-11-14 06:00:00,997.8
2024-11-14 14:00:00,998.8
2024-11-14 15:00:00,994.1
2024-11-14 16:00:00,994.3
2024-11-14 17:00:00,992.8
2024-11-14 18:00:00,992.8
2024-11-14 19:00:00,996.2
2024-11-14 20:00:00,997.6
2024-11-14 23:00:00,997.6
2024-11-15 06:00:00,995.5
2024-11-15 14:00:00,1003.2
2024-11-15 15:00:00,999.3
2024-11-15 16:00:00,996.6
2024-11-15 17:00:00,994.3
2024-11-15 18:00:00,993.9
2024-11-15 19:00:00,993.9
2024-11-15 20:00:00,995.4
2024-11-15 23:00:00,995.4
2024-11-18 06:00:00,1008.6
2024-11-18 14:00:00,1001.3
2024-11-18 15:00:00,1002.8
2024-11-18 16:00:00,1005.1
2024-11-18 17:00:00,1009.0
2024-11-18 18:00:00,1008.6
2024-11-18 19:00:00,1008.9
2024-11-18 20:00:00,1008.6
2024-11-18 23:00:00,1008.6
2024-11-19 06:00:00,1002.1
2024-11-19 14:00:00,1005.6
2024-11-19 15:00:00,1003.4
2024-11-19 16:00:00,1004.2
2024-11-19 17:00:00,1003.9
2024-11-19 18:00:00,1000.7
2024-11-19 19:00:00,999.7
2024-11-19 20:00:00,1002.2
2024-11-19 23:00:00,1002.2
2024-11-20 06:00:00,1011.9
2024-11-20 14:00:00,1010.1
2024-11-20 15:00:00,1004.6
2024-11-20 16:00:00,1004.9
2024-11-20 17:00:00,1007.1
2024-11-20 18:00:00,1005.3
2024-11-20 19:00:00,1005.5
2024-11-20 20:00:00,1012.2
2024-11-20 21:00:00,1013.9
2024-11-20 23:00:00,1013.9
2024-11-21 06:00:00,1020.2
2024-11-21 14:00:00,1018.2
2024-11-21 15:00:00,1025.9
2024-11-21 16:00:00,1023.8
2024-11-21 17:00:00,1023.0
2024-11-21 18:00:00,1023.5
2024-11-21 19:00:00,1022.2
2024-11-21 20:00:00,1020.4
2024-11-21 21:00:00,1020.6
2024-11-21 23:00:00,1020.6
2024-11-22 06:00:00,1021.6
2024-11-22 14:00:00,1026.2
2024-11-22 15:00:00,1023.3
2024-11-22 16:00:00,1022.1
2024-11-22 17:00:00,1024.5
2024-11-22 18:00:00,1022.0
2024-11-22 19:00:00,1023.3
2024-11-22 20:00:00,1021.2
2024-11-22 23:00:00,1021.2
2024-11-25 06:00:00,998.7
2024-11-25 14:00:00,1019.3
2024-11-25 15:00:00,1009.3
2024-11-25 16:00:00,1003.8
2024-11-25 17:00:00,1001.5
2024-11-25 18:00:00,1003.2
2024-11-25 19:00:00,1002.2
2024-11-25 20:00:00,1000.1
2024-11-25 23:00:00,1000.1
2024-11-26 06:00:00,998.6
2024-11-26 14:00:00,1000.2
2024-11-26 15:00:00,998.8
2024-11-26 16:00:00,996.8
2024-11-26 17:00:00,996.9
2024-11-26 18:00:00,998.1
2024-11-26 19:00:00,998.7
2024-11-26 20:00:00,998.6
2024-11-26 23:00:00,998.6
2024-11-27 06:00:00,997.3
2024-11-27 14:00:00,1004.1
2024-11-27 15:00:00,1003.3
2024-11-27 16:00:00,1000.9
2024-11-27 17:00:00,1002.0
2024-11-27 18:00:00,1000.3
2024-11-27 19:00:00,999.7
2024-11-27 20:00:00,997.3
