DATETIME,price
2012-06-11 13:00:00,437.0000000000006
2012-06-11 15:00:00,435.80000000000064
2012-06-11 19:00:00,433.5000000000006
2012-06-12 05:00:00,436.10000000000065
2012-06-12 13:00:00,433.0000000000006
2012-06-12 14:00:00,432.60000000000065
2012-06-12 16:00:00,434.9000000000006
2012-06-12 18:00:00,435.30000000000064
2012-06-13 05:00:00,436.2000000000006
2012-06-13 15:00:00,437.80000000000064
2012-06-14 05:00:00,441.2000000000006
2012-06-14 14:00:00,439.30000000000064
2012-06-14 15:00:00,440.30000000000064
2012-06-14 16:00:00,440.30000000000064
2012-06-14 19:00:00,441.2000000000006
2012-06-15 05:00:00,442.7000000000006
2012-06-15 15:00:00,443.4000000000006
2012-06-15 16:00:00,443.5000000000006
2012-06-15 18:00:00,443.10000000000065
2012-06-18 05:00:00,445.10000000000065
2012-06-18 13:00:00,443.9000000000006
2012-06-18 15:00:00,444.4000000000006
2012-06-19 05:00:00,448.9000000000006
2012-06-19 15:00:00,448.9000000000006
2012-06-20 05:00:00,447.9000000000006
2012-06-20 15:00:00,447.80000000000064
2012-06-20 16:00:00,447.9000000000006
2012-06-21 05:00:00,442.7000000000006
2012-06-21 15:00:00,447.0000000000006
2012-06-21 16:00:00,446.7000000000006
2012-06-21 17:00:00,444.5000000000006
2012-06-22 05:00:00,446.30000000000064
2012-06-22 13:00:00,444.80000000000064
2012-06-22 15:00:00,445.10000000000065
2012-06-25 05:00:00,442.10000000000065
2012-06-25 14:00:00,442.30000000000064
2012-06-25 15:00:00,442.0000000000006
2012-06-25 17:00:00,442.0000000000006
2012-06-25 18:00:00,441.80000000000064
2012-06-25 19:00:00,442.10000000000065
2012-06-26 05:00:00,443.0000000000006
2012-06-26 14:00:00,442.9000000000006
2012-06-26 15:00:00,442.60000000000065
2012-06-27 05:00:00,447.4000000000006
2012-06-27 13:00:00,444.60000000000065
2012-06-27 15:00:00,447.60000000000065
2012-06-28 05:00:00,445.5000000000006
2012-06-28 13:00:00,444.7000000000006
2012-06-28 14:00:00,446.0000000000006
2012-06-28 15:00:00,442.60000000000065
2012-06-28 16:00:00,443.4000000000006
2012-06-28 18:00:00,443.30000000000064
2012-06-28 19:00:00,445.5000000000006
2012-06-29 05:00:00,452.7000000000006
2012-06-29 13:00:00,451.5000000000006
2012-06-29 15:00:00,451.80000000000064
2012-06-29 19:00:00,451.5000000000006
2012-07-02 05:00:00,453.60000000000065
2012-07-02 13:00:00,453.60000000000065
2012-07-02 15:00:00,452.10000000000065
2012-07-02 17:00:00,452.7000000000006
2012-07-02 19:00:00,453.2000000000006
2012-07-03 05:00:00,453.80000000000064
2012-07-03 13:00:00,452.5000000000006
2012-07-03 14:00:00,452.60000000000065
2012-07-03 15:00:00,453.9000000000006
2012-07-05 05:00:00,451.60000000000065
2012-07-05 13:00:00,451.4000000000006
2012-07-05 14:00:00,451.0000000000006
2012-07-05 15:00:00,451.60000000000065
2012-07-05 16:00:00,451.7000000000006
2012-07-05 17:00:00,452.80000000000064
2012-07-05 18:00:00,452.80000000000064
2012-07-05 19:00:00,452.0000000000006
2012-07-06 05:00:00,448.5000000000006
2012-07-06 14:00:00,447.80000000000064
2012-07-06 15:00:00,447.80000000000064
2012-07-06 19:00:00,448.4000000000006
2012-07-09 05:00:00,450.80000000000064
2012-07-09 13:00:00,449.5000000000006
2012-07-09 14:00:00,449.7000000000006
2012-07-09 15:00:00,449.7000000000006
2012-07-09 16:00:00,450.0000000000006
2012-07-10 05:00:00,448.60000000000065
2012-07-10 13:00:00,451.80000000000064
2012-07-10 14:00:00,451.5000000000006
2012-07-10 15:00:00,450.30000000000064
2012-07-10 16:00:00,450.2000000000006
2012-07-10 17:00:00,449.60000000000065
2012-07-10 18:00:00,448.60000000000065
2012-07-10 19:00:00,448.60000000000065
2012-07-11 05:00:00,448.60000000000065
2012-07-11 14:00:00,448.30000000000064
2012-07-11 15:00:00,448.60000000000065
2012-07-11 16:00:00,448.4000000000006
2012-07-11 18:00:00,446.60000000000065
2012-07-11 19:00:00,448.7000000000006
2012-07-12 05:00:00,449.60000000000065
2012-07-12 15:00:00,449.2000000000006
2012-07-12 16:00:00,449.2000000000006
2012-07-12 19:00:00,450.2000000000006
2012-07-13 05:00:00,453.60000000000065
2012-07-13 13:00:00,452.0000000000006
2012-07-13 14:00:00,453.0000000000006
2012-07-13 15:00:00,453.60000000000065
2012-07-13 16:00:00,453.80000000000064
2012-07-13 17:00:00,453.7000000000006
2012-07-13 19:00:00,453.60000000000065
2012-07-16 05:00:00,454.10000000000065
2012-07-16 14:00:00,452.60000000000065
2012-07-16 15:00:00,454.0000000000006
2012-07-16 16:00:00,454.4000000000006
2012-07-17 05:00:00,459.0000000000006
2012-07-17 13:00:00,455.5000000000006
2012-07-17 14:00:00,454.60000000000065
2012-07-17 15:00:00,456.60000000000065
2012-07-17 16:00:00,457.9000000000006
2012-07-17 17:00:00,458.30000000000064
2012-07-17 18:00:00,459.9000000000006
2012-07-17 19:00:00,458.9000000000006
2012-07-18 05:00:00,460.4000000000006
2012-07-18 13:00:00,458.4000000000006
2012-07-18 14:00:00,459.2000000000006
2012-07-18 15:00:00,459.7000000000006
2012-07-18 18:00:00,460.5000000000006
2012-07-19 05:00:00,459.9000000000006
2012-07-19 13:00:00,459.7000000000006
2012-07-19 15:00:00,459.30000000000064
2012-07-19 16:00:00,459.9000000000006
2012-07-20 05:00:00,454.60000000000065
2012-07-20 14:00:00,456.30000000000064
2012-07-20 15:00:00,456.0000000000006
2012-07-23 05:00:00,450.5000000000006
2012-07-23 14:00:00,448.80000000000064
2012-07-23 15:00:00,448.9000000000006
2012-07-23 16:00:00,449.10000000000065
2012-07-23 17:00:00,449.2000000000006
2012-07-23 18:00:00,449.60000000000065
2012-07-23 19:00:00,451.0000000000006
2012-07-24 05:00:00,446.30000000000064
2012-07-24 13:00:00,448.4000000000006
2012-07-24 14:00:00,447.80000000000064
2012-07-24 15:00:00,446.30000000000064
2012-07-25 05:00:00,447.80000000000064
2012-07-25 14:00:00,445.9000000000006
2012-07-25 15:00:00,446.4000000000006
2012-07-25 16:00:00,446.7000000000006
2012-07-25 17:00:00,447.80000000000064
2012-07-25 18:00:00,448.2000000000006
2012-07-25 19:00:00,447.9000000000006
2012-07-26 05:00:00,451.5000000000006
2012-07-26 14:00:00,453.0000000000006
2012-07-26 15:00:00,450.60000000000065
2012-07-26 19:00:00,451.5000000000006
2012-07-27 05:00:00,460.5000000000006
2012-07-27 13:00:00,455.5000000000006
2012-07-27 14:00:00,456.4000000000006
2012-07-27 15:00:00,457.60000000000065
2012-07-27 18:00:00,460.0000000000006
2012-07-30 05:00:00,458.80000000000064
2012-07-30 13:00:00,459.4000000000006
2012-07-30 14:00:00,460.5000000000006
2012-07-30 15:00:00,458.80000000000064
2012-07-31 05:00:00,456.30000000000064
2012-07-31 13:00:00,459.10000000000065
2012-07-31 14:00:00,458.80000000000064
2012-07-31 15:00:00,459.10000000000065
2012-07-31 18:00:00,457.9000000000006
2012-07-31 19:00:00,457.2000000000006
2012-08-01 05:00:00,456.60000000000065
2012-08-01 13:00:00,458.9000000000006
2012-08-01 14:00:00,458.0000000000006
2012-08-01 15:00:00,459.0000000000006
2012-08-01 18:00:00,456.5000000000006
2012-08-01 19:00:00,457.30000000000064
2012-08-02 05:00:00,452.30000000000064
2012-08-02 14:00:00,453.80000000000064
2012-08-02 15:00:00,451.0000000000006
2012-08-02 16:00:00,450.9000000000006
2012-08-02 17:00:00,451.5000000000006
2012-08-02 18:00:00,451.7000000000006
2012-08-02 19:00:00,451.7000000000006
2012-08-03 05:00:00,457.7000000000006
2012-08-03 13:00:00,457.80000000000064
2012-08-03 15:00:00,458.60000000000065
2012-08-03 16:00:00,458.80000000000064
2012-08-06 05:00:00,457.4000000000006
2012-08-06 14:00:00,457.60000000000065
2012-08-06 15:00:00,457.30000000000064
2012-08-06 19:00:00,457.9000000000006
2012-08-07 05:00:00,456.60000000000065
2012-08-07 13:00:00,456.60000000000065
2012-08-07 19:00:00,457.10000000000065
2012-08-08 05:00:00,457.80000000000064
2012-08-08 15:00:00,457.9000000000006
2012-08-08 17:00:00,457.80000000000064
2012-08-09 05:00:00,457.5000000000006
2012-08-09 13:00:00,458.0000000000006
2012-08-09 14:00:00,458.7000000000006
2012-08-09 15:00:00,457.10000000000065
2012-08-09 16:00:00,457.60000000000065
2012-08-09 17:00:00,457.5000000000006
2012-08-09 19:00:00,457.4000000000006
2012-08-10 05:00:00,459.10000000000065
2012-08-10 13:00:00,456.9000000000006
2012-08-10 14:00:00,458.2000000000006
2012-08-10 15:00:00,458.0000000000006
2012-08-10 19:00:00,459.0000000000006
2012-08-13 05:00:00,458.2000000000006
2012-08-13 13:00:00,457.80000000000064
2012-08-13 14:00:00,457.9000000000006
2012-08-13 15:00:00,456.5000000000006
2012-08-13 17:00:00,457.4000000000006
2012-08-13 18:00:00,458.0000000000006
2012-08-14 05:00:00,459.2000000000006
2012-08-14 13:00:00,459.9000000000006
2012-08-14 15:00:00,459.7000000000006
2012-08-14 17:00:00,459.10000000000065
2012-08-14 18:00:00,459.2000000000006
2012-08-14 19:00:00,459.0000000000006
2012-08-15 05:00:00,460.5000000000006
2012-08-15 15:00:00,460.5000000000006
2012-08-16 05:00:00,459.10000000000065
2012-08-16 13:00:00,459.7000000000006
2012-08-16 14:00:00,458.80000000000064
2012-08-16 15:00:00,458.5000000000006
2012-08-17 05:00:00,456.80000000000064
2012-08-17 15:00:00,456.2000000000006
2012-08-17 18:00:00,456.60000000000065
2012-08-20 05:00:00,457.9000000000006
2012-08-20 13:00:00,457.10000000000065
2012-08-20 14:00:00,457.0000000000006
2012-08-20 15:00:00,457.30000000000064
2012-08-20 16:00:00,457.4000000000006
2012-08-20 17:00:00,457.5000000000006
2012-08-20 19:00:00,458.0000000000006
2012-08-21 05:00:00,457.30000000000064
2012-08-21 14:00:00,459.2000000000006
2012-08-21 15:00:00,459.30000000000064
2012-08-21 16:00:00,458.4000000000006
2012-08-22 05:00:00,457.10000000000065
2012-08-22 13:00:00,457.10000000000065
2012-08-22 14:00:00,456.60000000000065
2012-08-22 15:00:00,456.60000000000065
2012-08-22 18:00:00,457.4000000000006
2012-08-23 05:00:00,456.30000000000064
2012-08-23 13:00:00,456.10000000000065
2012-08-23 14:00:00,457.30000000000064
2012-08-23 18:00:00,456.0000000000006
2012-08-23 19:00:00,456.30000000000064
2012-08-24 05:00:00,459.9000000000006
2012-08-24 13:00:00,458.30000000000064
2012-08-24 14:00:00,458.7000000000006
2012-08-24 15:00:00,459.2000000000006
2012-08-24 18:00:00,459.5000000000006
2012-08-24 19:00:00,459.9000000000006
2012-08-27 05:00:00,459.80000000000064
2012-08-27 13:00:00,458.9000000000006
2012-08-27 14:00:00,459.80000000000064
2012-08-27 15:00:00,461.5000000000006
2012-08-27 19:00:00,459.80000000000064
2012-08-28 05:00:00,459.60000000000065
2012-08-28 13:00:00,459.0000000000006
2012-08-28 14:00:00,460.5000000000006
2012-08-28 16:00:00,460.80000000000064
2012-08-28 18:00:00,460.2000000000006
2012-08-29 05:00:00,460.9000000000006
2012-08-29 13:00:00,460.10000000000065
2012-08-29 15:00:00,460.60000000000065
2012-08-29 16:00:00,461.4000000000006
2012-08-30 05:00:00,459.60000000000065
2012-08-30 13:00:00,458.4000000000006
2012-08-30 15:00:00,458.60000000000065
2012-08-30 16:00:00,459.10000000000065
2012-08-31 05:00:00,460.30000000000064
2012-08-31 14:00:00,459.9000000000006
2012-08-31 15:00:00,462.2000000000006
2012-09-04 05:00:00,461.5000000000006
2012-09-04 13:00:00,460.2000000000006
2012-09-04 14:00:00,459.30000000000064
2012-09-04 15:00:00,459.0000000000006
2012-09-04 19:00:00,462.2000000000006
2012-09-05 05:00:00,461.60000000000065
2012-09-05 14:00:00,461.60000000000065
2012-09-06 05:00:00,467.60000000000065
2012-09-06 15:00:00,467.2000000000006
2012-09-06 16:00:00,467.60000000000065
2012-09-06 17:00:00,467.4000000000006
2012-09-06 18:00:00,467.2000000000006
2012-09-07 05:00:00,467.60000000000065
2012-09-07 13:00:00,467.7000000000006
2012-09-07 14:00:00,467.10000000000065
2012-09-07 15:00:00,466.7000000000006
2012-09-10 05:00:00,466.5000000000006
2012-09-10 13:00:00,467.10000000000065
2012-09-10 14:00:00,467.60000000000065
2012-09-10 15:00:00,468.10000000000065
2012-09-10 17:00:00,467.4000000000006
2012-09-10 18:00:00,467.30000000000064
2012-09-11 05:00:00,466.30000000000064
2012-09-12 05:00:00,466.60000000000065
2012-09-13 05:00:00,470.7000000000006
2012-09-14 05:00:00,469.30000000000064
2012-09-17 05:00:00,471.40000000000066
2012-09-17 16:00:00,470.30000000000064
2012-09-18 05:00:00,472.7000000000006
2012-09-18 19:00:00,472.80000000000064
2012-09-19 05:00:00,473.0000000000006
2012-09-19 13:00:00,473.0000000000006
2012-09-19 18:00:00,474.40000000000066
2012-09-19 19:00:00,473.90000000000066
2012-09-20 05:00:00,474.7000000000006
2012-09-20 13:00:00,472.0000000000006
2012-09-20 14:00:00,473.5000000000006
2012-09-20 19:00:00,474.60000000000065
2012-09-21 05:00:00,476.90000000000066
2012-09-21 13:00:00,476.0000000000006
2012-09-21 14:00:00,477.2000000000006
2012-09-24 05:00:00,477.30000000000064
2012-09-24 13:00:00,476.40000000000066
2012-09-24 14:00:00,476.90000000000066
2012-09-25 05:00:00,477.0000000000006
2012-09-25 14:00:00,480.90000000000066
2012-09-25 19:00:00,477.0000000000006
2012-09-25 20:00:00,477.0000000000006
2012-09-26 05:00:00,475.2000000000006
2012-09-26 13:00:00,478.5000000000006
2012-09-26 15:00:00,476.40000000000066
2012-09-27 05:00:00,477.40000000000066
2012-09-27 13:00:00,476.2000000000006
2012-09-28 05:00:00,475.5000000000006
2012-09-28 14:00:00,474.60000000000065
2012-09-28 15:00:00,474.5000000000006
2012-09-28 16:00:00,475.80000000000064
2012-09-28 17:00:00,476.5000000000006
2012-09-28 18:00:00,476.30000000000064
2012-09-28 19:00:00,476.2000000000006
2012-10-01 05:00:00,478.7000000000006
2012-10-01 14:00:00,479.60000000000065
2012-10-02 05:00:00,479.80000000000064
2012-10-02 13:00:00,480.2000000000006
2012-10-02 15:00:00,478.90000000000066
2012-10-03 05:00:00,483.2000000000006
2012-10-03 15:00:00,481.80000000000064
2012-10-03 16:00:00,483.2000000000006
2012-10-04 05:00:00,486.0000000000006
2012-10-04 13:00:00,484.80000000000064
2012-10-04 15:00:00,485.2000000000006
2012-10-04 17:00:00,486.0000000000006
2012-10-05 05:00:00,486.30000000000064
2012-10-05 13:00:00,487.10000000000065
2012-10-05 15:00:00,486.90000000000066
2012-10-05 16:00:00,487.10000000000065
2012-10-05 17:00:00,486.30000000000064
2012-10-08 05:00:00,485.7000000000006
2012-10-08 13:00:00,484.40000000000066
2012-10-08 14:00:00,484.60000000000065
2012-10-08 15:00:00,484.60000000000065
2012-10-08 16:00:00,484.60000000000065
2012-10-08 17:00:00,485.5000000000006
2012-10-08 19:00:00,485.7000000000006
2012-10-09 05:00:00,480.90000000000066
2012-10-09 15:00:00,481.30000000000064
2012-10-10 05:00:00,477.80000000000064
2012-10-10 14:00:00,479.2000000000006
2012-10-11 05:00:00,478.40000000000066
2012-10-11 14:00:00,480.40000000000066
2012-10-11 16:00:00,479.40000000000066
2012-10-11 17:00:00,478.7000000000006
2012-10-11 18:00:00,478.5000000000006
2012-10-11 19:00:00,478.40000000000066
2012-10-12 05:00:00,477.60000000000065
2012-10-12 13:00:00,480.0000000000006
2012-10-12 14:00:00,480.2000000000006
2012-10-12 15:00:00,478.30000000000064
2012-10-12 16:00:00,477.90000000000066
2012-10-12 17:00:00,477.40000000000066
2012-10-12 18:00:00,477.60000000000065
2012-10-12 19:00:00,477.60000000000065
2012-10-15 05:00:00,483.40000000000066
2012-10-15 13:00:00,479.80000000000064
2012-10-15 14:00:00,480.7000000000006
2012-10-15 19:00:00,483.40000000000066
2012-10-16 05:00:00,487.30000000000064
2012-10-16 13:00:00,486.30000000000064
2012-10-16 15:00:00,486.0000000000006
2012-10-16 18:00:00,487.2000000000006
2012-10-17 05:00:00,487.5000000000006
2012-10-17 13:00:00,486.40000000000066
2012-10-17 14:00:00,487.40000000000066
2012-10-17 16:00:00,487.40000000000066
2012-10-17 17:00:00,486.90000000000066
2012-10-17 18:00:00,487.5000000000006
2012-10-18 05:00:00,487.7000000000006
2012-10-18 13:00:00,484.90000000000066
2012-10-18 15:00:00,486.10000000000065
2012-10-19 05:00:00,480.80000000000064
2012-10-19 13:00:00,485.2000000000006
2012-10-19 15:00:00,485.30000000000064
2012-10-19 17:00:00,481.90000000000066
2012-10-19 19:00:00,480.80000000000064
2012-10-22 05:00:00,480.60000000000065
2012-10-22 13:00:00,478.60000000000065
2012-10-22 14:00:00,480.0000000000006
2012-10-22 15:00:00,480.60000000000065
2012-10-23 05:00:00,475.2000000000006
2012-10-23 13:00:00,475.10000000000065
2012-10-23 14:00:00,473.80000000000064
2012-10-23 16:00:00,475.40000000000066
2012-10-23 17:00:00,475.80000000000064
2012-10-23 18:00:00,476.2000000000006
2012-10-23 19:00:00,475.5000000000006
2012-10-24 05:00:00,475.5000000000006
2012-10-24 13:00:00,477.60000000000065
2012-10-24 14:00:00,477.10000000000065
2012-10-24 15:00:00,476.7000000000006
2012-10-24 16:00:00,476.80000000000064
2012-10-24 17:00:00,477.5000000000006
2012-10-24 18:00:00,477.2000000000006
2012-10-24 19:00:00,475.40000000000066
2012-10-25 05:00:00,479.10000000000065
2012-10-25 13:00:00,479.60000000000065
2012-10-25 14:00:00,479.30000000000064
2012-10-25 15:00:00,479.5000000000006
2012-10-26 05:00:00,477.5000000000006
2012-10-26 14:00:00,479.10000000000065
2012-10-26 15:00:00,477.2000000000006
2012-10-26 19:00:00,477.60000000000065
2012-10-29 05:00:00,477.5000000000006
2012-10-30 05:00:00,477.5000000000006
2012-10-31 05:00:00,474.30000000000064
2012-10-31 14:00:00,475.5000000000006
2012-10-31 15:00:00,473.90000000000066
2012-10-31 17:00:00,473.60000000000065
2012-10-31 18:00:00,474.10000000000065
2012-11-01 05:00:00,478.0000000000006
2012-11-01 13:00:00,477.10000000000065
2012-11-01 14:00:00,478.10000000000065
2012-11-01 15:00:00,478.40000000000066
2012-11-01 16:00:00,478.40000000000066
2012-11-02 05:00:00,475.40000000000066
2012-11-02 13:00:00,478.80000000000064
2012-11-02 14:00:00,478.30000000000064
2012-11-02 16:00:00,478.60000000000065
2012-11-02 19:00:00,475.60000000000065
2012-11-05 06:00:00,475.80000000000064
2012-11-05 14:00:00,473.7000000000006
2012-11-05 15:00:00,475.7000000000006
2012-11-05 16:00:00,475.80000000000064
2012-11-05 17:00:00,474.80000000000064
2012-11-05 18:00:00,475.10000000000065
2012-11-05 20:00:00,475.80000000000064
2012-11-06 06:00:00,476.60000000000065
2012-11-06 14:00:00,474.40000000000066
2012-11-06 15:00:00,475.10000000000065
2012-11-06 18:00:00,478.30000000000064
2012-11-07 06:00:00,469.2000000000006
2012-11-07 14:00:00,470.90000000000066
2012-11-07 15:00:00,467.90000000000066
2012-11-07 16:00:00,467.30000000000064
2012-11-07 17:00:00,468.90000000000066
2012-11-07 21:00:00,469.10000000000065
2012-11-08 06:00:00,464.90000000000066
2012-11-08 14:00:00,469.2000000000006
2012-11-08 15:00:00,467.5000000000006
2012-11-08 16:00:00,466.60000000000065
2012-11-08 18:00:00,465.5000000000006
2012-11-09 06:00:00,465.90000000000066
2012-11-09 15:00:00,467.0000000000006
2012-11-09 20:00:00,466.7000000000006
2012-11-12 06:00:00,467.5000000000006
2012-11-12 15:00:00,467.90000000000066
2012-11-12 17:00:00,467.80000000000064
2012-11-12 18:00:00,468.40000000000066
2012-11-12 20:00:00,467.10000000000065
2012-11-13 06:00:00,466.30000000000064
2012-11-13 15:00:00,468.80000000000064
2012-11-13 16:00:00,470.10000000000065
2012-11-13 20:00:00,466.30000000000064
2012-11-14 06:00:00,461.2000000000006
2012-11-14 15:00:00,463.7000000000006
2012-11-14 20:00:00,460.90000000000066
2012-11-15 06:00:00,460.80000000000064
2012-11-15 15:00:00,460.40000000000066
2012-11-15 16:00:00,460.10000000000065
2012-11-15 20:00:00,461.10000000000065
2012-11-16 06:00:00,463.7000000000006
2012-11-16 14:00:00,460.90000000000066
2012-11-16 15:00:00,461.7000000000006
2012-11-16 16:00:00,464.0000000000006
2012-11-16 17:00:00,463.5000000000006
2012-11-16 18:00:00,463.30000000000064
2012-11-16 19:00:00,463.7000000000006
2012-11-19 06:00:00,467.40000000000066
2012-11-19 15:00:00,466.5000000000006
2012-11-19 16:00:00,466.80000000000064
2012-11-19 19:00:00,466.7000000000006
2012-11-19 20:00:00,467.0000000000006
2012-11-20 06:00:00,469.60000000000065
2012-11-20 15:00:00,468.5000000000006
2012-11-20 17:00:00,469.10000000000065
2012-11-20 18:00:00,467.10000000000065
2012-11-20 19:00:00,468.80000000000064
2012-11-20 20:00:00,468.80000000000064
2012-11-21 06:00:00,469.80000000000064
2012-11-21 14:00:00,469.7000000000006
2012-11-21 15:00:00,469.30000000000064
2012-11-21 16:00:00,469.2000000000006
2012-11-21 19:00:00,469.60000000000065
2012-11-23 06:00:00,474.10000000000065
2012-11-23 14:00:00,470.80000000000064
2012-11-23 15:00:00,472.7000000000006
2012-11-23 16:00:00,473.30000000000064
2012-11-23 17:00:00,473.90000000000066
2012-11-26 06:00:00,472.5000000000006
2012-11-26 15:00:00,471.7000000000006
2012-11-27 06:00:00,470.5000000000006
2012-11-27 14:00:00,471.5000000000006
2012-11-27 15:00:00,471.60000000000065
2012-11-27 20:00:00,470.5000000000006
2012-11-28 06:00:00,473.2000000000006
2012-11-28 15:00:00,470.5000000000006
2012-11-28 16:00:00,470.60000000000065
2012-11-28 17:00:00,471.80000000000064
2012-11-28 20:00:00,473.2000000000006
2012-11-29 06:00:00,476.0000000000006
2012-11-29 15:00:00,475.80000000000064
2012-11-29 16:00:00,474.90000000000066
2012-11-29 20:00:00,476.0000000000006
2012-11-30 06:00:00,476.5000000000006
2012-11-30 15:00:00,475.7000000000006
2012-11-30 16:00:00,475.60000000000065
2012-11-30 19:00:00,476.40000000000066
2012-11-30 20:00:00,476.2000000000006
2012-12-03 06:00:00,475.80000000000064
2012-12-03 15:00:00,477.30000000000064
2012-12-03 16:00:00,476.80000000000064
2012-12-03 17:00:00,476.5000000000006
2012-12-03 18:00:00,475.60000000000065
2012-12-03 19:00:00,476.0000000000006
2012-12-03 20:00:00,476.30000000000064
2012-12-04 06:00:00,476.40000000000066
2012-12-04 14:00:00,476.80000000000064
2012-12-04 15:00:00,476.80000000000064
2012-12-04 16:00:00,476.5000000000006
2012-12-05 06:00:00,478.10000000000065
2012-12-05 15:00:00,475.10000000000065
2012-12-05 16:00:00,478.30000000000064
2012-12-06 06:00:00,477.7000000000006
2012-12-06 14:00:00,477.80000000000064
2012-12-06 15:00:00,478.40000000000066
2012-12-06 16:00:00,478.0000000000006
2012-12-06 19:00:00,477.40000000000066
2012-12-06 20:00:00,477.7000000000006
2012-12-07 06:00:00,478.80000000000064
2012-12-07 14:00:00,477.30000000000064
2012-12-07 15:00:00,476.60000000000065
2012-12-07 16:00:00,476.90000000000066
2012-12-07 20:00:00,478.60000000000065
2012-12-10 06:00:00,480.7000000000006
2012-12-10 14:00:00,479.40000000000066
2012-12-10 15:00:00,480.80000000000064
2012-12-10 16:00:00,480.7000000000006
2012-12-10 17:00:00,481.10000000000065
2012-12-10 18:00:00,480.90000000000066
2012-12-10 19:00:00,480.40000000000066
2012-12-10 20:00:00,480.7000000000006
2012-12-11 06:00:00,484.60000000000065
2012-12-12 06:00:00,483.90000000000066
2012-12-13 06:00:00,481.0000000000006
2012-12-13 14:00:00,483.40000000000066
2012-12-13 18:00:00,481.20000000000067
2012-12-13 19:00:00,481.10000000000065
2012-12-13 20:00:00,481.5000000000006
2012-12-14 06:00:00,479.60000000000065
2012-12-17 06:00:00,482.40000000000066
2012-12-17 19:00:00,481.60000000000065
2012-12-17 20:00:00,482.40000000000066
2012-12-18 06:00:00,486.20000000000067
2012-12-18 14:00:00,482.0000000000006
2012-12-18 15:00:00,483.80000000000064
2012-12-18 16:00:00,484.70000000000067
2012-12-18 17:00:00,484.80000000000064
2012-12-18 18:00:00,486.20000000000067
2012-12-18 19:00:00,485.70000000000067
2012-12-18 20:00:00,486.30000000000064
2012-12-19 06:00:00,481.90000000000066
2012-12-19 15:00:00,484.40000000000066
2012-12-19 16:00:00,484.30000000000064
2012-12-20 06:00:00,481.90000000000066
2012-12-20 14:00:00,480.80000000000064
2012-12-20 15:00:00,481.5000000000006
2012-12-20 16:00:00,481.30000000000064
2012-12-20 17:00:00,481.20000000000067
2012-12-20 18:00:00,481.70000000000067
2012-12-20 20:00:00,481.60000000000065
2012-12-21 06:00:00,478.80000000000064
2012-12-21 14:00:00,478.40000000000066
2012-12-21 15:00:00,478.90000000000066
2012-12-21 16:00:00,478.0000000000006
2012-12-21 17:00:00,477.5000000000006
2012-12-21 18:00:00,478.0000000000006
2012-12-21 20:00:00,479.20000000000067
2012-12-24 06:00:00,476.80000000000064
2012-12-24 14:00:00,477.60000000000065
2012-12-24 15:00:00,477.20000000000067
2012-12-24 16:00:00,476.90000000000066
2012-12-24 17:00:00,476.80000000000064
2012-12-26 06:00:00,475.70000000000067
2012-12-26 14:00:00,476.30000000000064
2012-12-26 18:00:00,475.30000000000064
2012-12-26 19:00:00,476.70000000000067
2012-12-26 20:00:00,475.70000000000067
2012-12-27 06:00:00,474.80000000000064
2012-12-27 15:00:00,473.10000000000065
2012-12-27 16:00:00,472.80000000000064
2012-12-27 17:00:00,471.30000000000064
2012-12-27 18:00:00,472.60000000000065
2012-12-27 19:00:00,472.5000000000006
2012-12-28 06:00:00,470.90000000000066
2012-12-28 14:00:00,474.10000000000065
2012-12-28 15:00:00,473.90000000000066
2012-12-28 16:00:00,473.60000000000065
2012-12-28 17:00:00,474.20000000000067
2012-12-31 06:00:00,475.5000000000006
2012-12-31 18:00:00,472.60000000000065
2012-12-31 20:00:00,475.40000000000066
2013-01-02 06:00:00,483.0000000000006
2013-01-02 14:00:00,481.5000000000006
2013-01-02 15:00:00,481.10000000000065
2013-01-02 18:00:00,480.40000000000066
2013-01-02 19:00:00,480.20000000000067
2013-01-02 20:00:00,481.0000000000006
2013-01-03 06:00:00,483.30000000000064
2013-01-03 14:00:00,482.0000000000006
2013-01-03 15:00:00,481.80000000000064
2013-01-03 16:00:00,483.0000000000006
2013-01-03 17:00:00,482.90000000000066
2013-01-03 18:00:00,483.60000000000065
2013-01-03 19:00:00,483.30000000000064
2013-01-03 20:00:00,482.60000000000065
2013-01-04 06:00:00,485.30000000000064
2013-01-04 14:00:00,485.30000000000064
2013-01-04 15:00:00,484.60000000000065
2013-01-04 16:00:00,485.5000000000006
2013-01-04 18:00:00,485.10000000000065
2013-01-04 19:00:00,485.20000000000067
2013-01-04 20:00:00,485.40000000000066
2013-01-07 06:00:00,486.5000000000006
2013-01-07 14:00:00,485.40000000000066
2013-01-07 15:00:00,486.0000000000006
2013-01-07 16:00:00,485.0000000000006
2013-01-07 17:00:00,485.40000000000066
2013-01-07 18:00:00,485.80000000000064
2013-01-07 19:00:00,486.60000000000065
2013-01-07 20:00:00,486.40000000000066
2013-01-08 06:00:00,486.60000000000065
2013-01-08 14:00:00,487.90000000000066
2013-01-08 15:00:00,486.90000000000066
2013-01-08 16:00:00,487.10000000000065
2013-01-08 17:00:00,486.90000000000066
2013-01-08 18:00:00,487.30000000000064
2013-01-08 19:00:00,486.70000000000067
2013-01-08 20:00:00,486.5000000000006
2013-01-09 06:00:00,491.0000000000006
2013-01-09 14:00:00,488.0000000000006
2013-01-09 16:00:00,490.70000000000067
2013-01-09 18:00:00,490.10000000000065
2013-01-09 20:00:00,491.0000000000006
2013-01-10 06:00:00,494.0000000000006
2013-01-10 14:00:00,492.80000000000064
2013-01-10 15:00:00,491.70000000000067
2013-01-10 16:00:00,492.20000000000067
2013-01-10 17:00:00,493.10000000000065
2013-01-10 18:00:00,493.40000000000066
2013-01-11 06:00:00,493.5000000000006
2013-01-11 14:00:00,493.90000000000066
2013-01-11 15:00:00,493.80000000000064
2013-01-11 16:00:00,493.60000000000065
2013-01-11 17:00:00,493.70000000000067
2013-01-14 06:00:00,494.5000000000006
2013-01-14 14:00:00,493.10000000000065
2013-01-14 15:00:00,494.20000000000067
2013-01-14 20:00:00,494.10000000000065
2013-01-15 06:00:00,493.80000000000064
2013-01-15 14:00:00,493.10000000000065
2013-01-15 15:00:00,492.90000000000066
2013-01-15 17:00:00,493.60000000000065
2013-01-15 20:00:00,493.80000000000064
2013-01-16 06:00:00,492.90000000000066
2013-01-16 14:00:00,492.80000000000064
2013-01-16 15:00:00,493.70000000000067
2013-01-16 16:00:00,493.60000000000065
2013-01-16 17:00:00,493.30000000000064
2013-01-16 18:00:00,493.70000000000067
2013-01-16 19:00:00,493.5000000000006
2013-01-16 20:00:00,492.90000000000066
2013-01-17 06:00:00,496.90000000000066
2013-01-17 14:00:00,494.80000000000064
2013-01-17 15:00:00,495.40000000000066
2013-01-17 16:00:00,495.80000000000064
2013-01-17 17:00:00,496.5000000000006
2013-01-17 18:00:00,497.5000000000006
2013-01-17 19:00:00,497.70000000000067
2013-01-17 20:00:00,497.10000000000065
2013-01-18 06:00:00,498.0000000000006
2013-01-18 14:00:00,496.0000000000006
2013-01-18 15:00:00,496.60000000000065
2013-01-18 16:00:00,495.90000000000066
2013-01-18 17:00:00,496.70000000000067
2013-01-18 20:00:00,498.0000000000006
2013-01-22 06:00:00,499.30000000000064
2013-01-22 14:00:00,496.90000000000066
2013-01-22 15:00:00,496.20000000000067
2013-01-22 16:00:00,497.30000000000064
2013-01-22 17:00:00,498.5000000000006
2013-01-22 18:00:00,498.40000000000066
2013-01-23 06:00:00,498.70000000000067
2013-01-23 14:00:00,499.10000000000065
2013-01-23 15:00:00,498.0000000000006
2013-01-24 06:00:00,501.80000000000064
2013-01-24 14:00:00,501.70000000000067
2013-01-24 15:00:00,502.10000000000065
2013-01-24 16:00:00,502.80000000000064
2013-01-24 17:00:00,502.5000000000006
2013-01-24 18:00:00,500.90000000000066
2013-01-24 20:00:00,502.20000000000067
2013-01-25 06:00:00,504.90000000000066
2013-01-25 14:00:00,502.5000000000006
2013-01-25 15:00:00,501.70000000000067
2013-01-25 16:00:00,502.80000000000064
2013-01-28 06:00:00,504.10000000000065
2013-01-28 14:00:00,503.80000000000064
2013-01-28 15:00:00,503.60000000000065
2013-01-28 16:00:00,503.60000000000065
2013-01-28 17:00:00,504.10000000000065
2013-01-28 18:00:00,504.0000000000006
2013-01-28 19:00:00,504.10000000000065
2013-01-29 06:00:00,508.20000000000067
2013-01-29 14:00:00,504.60000000000065
2013-01-29 15:00:00,505.0000000000006
2013-01-29 16:00:00,507.70000000000067
2013-01-29 20:00:00,508.0000000000006
2013-01-30 06:00:00,506.80000000000064
2013-01-30 14:00:00,509.20000000000067
2013-01-30 15:00:00,508.30000000000064
2013-01-30 17:00:00,508.10000000000065
2013-01-30 18:00:00,508.30000000000064
2013-01-30 19:00:00,507.30000000000064
2013-01-30 20:00:00,506.80000000000064
2013-01-31 06:00:00,505.20000000000067
2013-01-31 14:00:00,506.30000000000064
2013-01-31 15:00:00,506.30000000000064
2013-01-31 16:00:00,505.90000000000066
2013-01-31 17:00:00,506.20000000000067
2013-01-31 18:00:00,506.40000000000066
2013-01-31 19:00:00,506.20000000000067
2013-01-31 20:00:00,505.20000000000067
2013-02-01 06:00:00,508.90000000000066
2013-02-01 14:00:00,506.30000000000064
2013-02-01 15:00:00,508.20000000000067
2013-02-01 16:00:00,508.90000000000066
2013-02-01 17:00:00,509.10000000000065
2013-02-01 18:00:00,509.20000000000067
2013-02-01 19:00:00,508.90000000000066
2013-02-01 20:00:00,509.0000000000006
2013-02-04 06:00:00,503.90000000000066
2013-02-04 14:00:00,506.90000000000066
2013-02-04 15:00:00,505.5000000000006
2013-02-04 16:00:00,505.40000000000066
2013-02-04 17:00:00,504.60000000000065
2013-02-04 18:00:00,504.70000000000067
2013-02-04 19:00:00,504.40000000000066
2013-02-04 20:00:00,503.90000000000066
2013-02-05 06:00:00,509.0000000000006
2013-02-05 14:00:00,508.20000000000067
2013-02-05 15:00:00,508.80000000000064
2013-02-05 16:00:00,508.30000000000064
2013-02-05 17:00:00,508.60000000000065
2013-02-05 18:00:00,508.90000000000066
2013-02-05 19:00:00,509.30000000000064
2013-02-05 20:00:00,509.10000000000065
2013-02-06 06:00:00,508.60000000000065
2013-02-06 14:00:00,509.40000000000066
2013-02-06 15:00:00,507.90000000000066
2013-02-06 16:00:00,507.90000000000066
2013-02-06 17:00:00,508.70000000000067
2013-02-06 19:00:00,507.70000000000067
2013-02-06 20:00:00,508.40000000000066
2013-02-07 06:00:00,507.0000000000006
2013-02-07 14:00:00,508.5000000000006
2013-02-07 15:00:00,505.30000000000064
2013-02-07 16:00:00,504.90000000000066
2013-02-07 17:00:00,505.90000000000066
2013-02-07 18:00:00,505.80000000000064
2013-02-07 20:00:00,507.0000000000006
2013-02-08 06:00:00,510.0000000000006
2013-02-08 14:00:00,509.70000000000067
2013-02-08 15:00:00,509.10000000000065
2013-02-08 16:00:00,509.30000000000064
2013-02-08 17:00:00,509.70000000000067
2013-02-08 18:00:00,510.0000000000006
2013-02-08 19:00:00,510.0000000000006
2013-02-08 20:00:00,509.70000000000067
2013-02-08 21:00:00,510.30000000000064
2013-02-11 06:00:00,509.5000000000006
2013-02-11 14:00:00,509.20000000000067
2013-02-11 15:00:00,509.20000000000067
2013-02-11 16:00:00,509.20000000000067
2013-02-11 17:00:00,509.30000000000064
2013-02-11 18:00:00,508.90000000000066
2013-02-11 19:00:00,509.10000000000065
2013-02-11 20:00:00,509.5000000000006
2013-02-12 06:00:00,508.70000000000067
2013-02-12 14:00:00,509.0000000000006
2013-02-12 15:00:00,508.80000000000064
2013-02-12 16:00:00,509.0000000000006
2013-02-12 17:00:00,509.30000000000064
2013-02-12 19:00:00,509.10000000000065
2013-02-12 20:00:00,508.70000000000067
2013-02-13 06:00:00,508.40000000000066
2013-02-13 14:00:00,509.0000000000006
2013-02-13 15:00:00,508.60000000000065
2013-02-13 16:00:00,507.60000000000065
2013-02-13 17:00:00,508.10000000000065
2013-02-13 20:00:00,508.10000000000065
2013-02-14 06:00:00,509.40000000000066
2013-02-14 14:00:00,508.40000000000066
2013-02-14 15:00:00,508.5000000000006
2013-02-14 16:00:00,508.20000000000067
2013-02-14 17:00:00,509.10000000000065
2013-02-14 18:00:00,509.40000000000066
2013-02-14 19:00:00,509.90000000000066
2013-02-14 20:00:00,509.40000000000066
2013-02-15 06:00:00,510.10000000000065
2013-02-15 14:00:00,510.20000000000067
2013-02-15 15:00:00,510.5000000000006
2013-02-15 16:00:00,510.30000000000064
2013-02-15 17:00:00,509.70000000000067
2013-02-15 18:00:00,510.0000000000006
2013-02-15 19:00:00,509.0000000000006
2013-02-15 20:00:00,510.10000000000065
2013-02-19 06:00:00,512.9000000000007
2013-02-19 14:00:00,510.30000000000064
2013-02-19 15:00:00,511.20000000000067
2013-02-19 19:00:00,512.4000000000007
2013-02-19 20:00:00,512.9000000000007
2013-02-20 06:00:00,510.30000000000064
2013-02-20 14:00:00,513.0000000000007
2013-02-20 15:00:00,513.2000000000007
2013-02-20 16:00:00,512.5000000000007
2013-02-20 17:00:00,512.4000000000007
2013-02-20 19:00:00,512.4000000000007
2013-02-20 20:00:00,510.5000000000006
2013-02-21 06:00:00,508.30000000000064
2013-02-21 14:00:00,508.40000000000066
2013-02-21 15:00:00,507.80000000000064
2013-02-21 16:00:00,507.30000000000064
2013-02-21 17:00:00,507.20000000000067
2013-02-21 18:00:00,507.40000000000066
2013-02-21 19:00:00,507.60000000000065
2013-02-21 20:00:00,508.30000000000064
2013-02-22 06:00:00,510.10000000000065
2013-02-22 14:00:00,509.30000000000064
2013-02-22 15:00:00,509.20000000000067
2013-02-22 16:00:00,509.30000000000064
2013-02-22 19:00:00,509.90000000000066
2013-02-22 20:00:00,510.10000000000065
2013-02-25 06:00:00,505.40000000000066
2013-02-25 14:00:00,513.1000000000006
2013-02-25 15:00:00,510.90000000000066
2013-02-25 16:00:00,509.30000000000064
2013-02-25 17:00:00,509.90000000000066
2013-02-25 18:00:00,508.60000000000065
2013-02-25 19:00:00,509.0000000000006
2013-02-25 20:00:00,505.90000000000066
2013-02-26 06:00:00,506.30000000000064
2013-02-26 14:00:00,507.0000000000006
2013-02-26 15:00:00,505.40000000000066
2013-02-26 16:00:00,504.20000000000067
2013-02-26 17:00:00,504.70000000000067
2013-02-26 18:00:00,505.60000000000065
2013-02-26 19:00:00,506.20000000000067
2013-02-26 20:00:00,506.30000000000064
2013-02-27 06:00:00,511.40000000000066
2013-02-27 14:00:00,507.0000000000006
2013-02-27 15:00:00,508.80000000000064
2013-02-27 16:00:00,509.5000000000006
2013-02-27 17:00:00,510.70000000000067
2013-02-27 18:00:00,510.70000000000067
2013-02-27 19:00:00,512.0000000000007
2013-02-27 20:00:00,511.40000000000066
2013-02-28 06:00:00,510.60000000000065
2013-02-28 14:00:00,513.4000000000007
2013-02-28 15:00:00,512.7000000000007
2013-02-28 16:00:00,512.6000000000006
2013-02-28 18:00:00,513.8000000000006
2013-02-28 19:00:00,513.6000000000006
2013-02-28 20:00:00,511.60000000000065
2013-03-01 06:00:00,513.8000000000006
2013-03-01 14:00:00,509.5000000000006
2013-03-01 15:00:00,512.3000000000006
2013-03-01 16:00:00,511.30000000000064
2013-03-01 19:00:00,513.4000000000007
2013-03-01 20:00:00,513.7000000000007
2013-03-04 06:00:00,516.4000000000007
2013-03-04 14:00:00,513.7000000000007
2013-03-04 15:00:00,514.4000000000007
2013-03-04 17:00:00,512.9000000000007
2013-03-04 18:00:00,513.7000000000007
2013-03-04 19:00:00,515.6000000000006
2013-03-04 20:00:00,515.7000000000007
2013-03-05 06:00:00,520.4000000000007
2013-03-05 14:00:00,519.0000000000007
2013-03-05 15:00:00,521.1000000000006
2013-03-05 16:00:00,520.4000000000007
2013-03-05 17:00:00,520.0000000000007
2013-03-05 18:00:00,520.3000000000006
2013-03-05 19:00:00,520.2000000000007
2013-03-05 20:00:00,519.9000000000007
2013-03-06 06:00:00,521.4000000000007
2013-03-06 14:00:00,522.0000000000007
2013-03-06 15:00:00,520.5000000000007
2013-03-06 16:00:00,520.6000000000006
2013-03-06 17:00:00,521.3000000000006
2013-03-06 18:00:00,521.4000000000007
2013-03-06 19:00:00,521.9000000000007
2013-03-06 20:00:00,521.4000000000007
2013-03-07 06:00:00,520.9000000000007
2013-03-07 14:00:00,521.6000000000006
2013-03-07 15:00:00,521.5000000000007
2013-03-07 16:00:00,521.5000000000007
2013-03-07 18:00:00,521.2000000000007
2013-03-07 19:00:00,520.7000000000007
2013-03-07 20:00:00,521.0000000000007
2013-03-08 06:00:00,521.7000000000007
2013-03-08 14:00:00,520.5000000000007
2013-03-08 15:00:00,520.7000000000007
2013-03-08 16:00:00,521.7000000000007
2013-03-08 17:00:00,521.1000000000006
2013-03-08 18:00:00,521.5000000000007
2013-03-08 19:00:00,521.5000000000007
2013-03-08 20:00:00,521.7000000000007
2013-03-11 05:00:00,524.0000000000007
2013-03-12 05:00:00,525.7000000000006
2013-03-12 13:00:00,525.1000000000006
2013-03-12 14:00:00,525.6000000000006
2013-03-12 15:00:00,525.6000000000006
2013-03-12 16:00:00,525.7000000000006
2013-03-13 05:00:00,525.9000000000005
2013-03-13 14:00:00,525.4000000000005
2013-03-13 15:00:00,525.3000000000006
2013-03-13 16:00:00,525.5000000000007
2013-03-13 18:00:00,525.9000000000005
2013-03-14 05:00:00,526.5000000000007
2013-03-14 13:00:00,526.7000000000006
2013-03-14 15:00:00,525.5000000000007
2013-03-15 05:00:00,525.3000000000006
2013-03-15 13:00:00,524.4000000000005
2013-03-15 15:00:00,525.7000000000006
2013-03-18 05:00:00,522.6000000000006
2013-03-18 13:00:00,522.0000000000007
2013-03-18 14:00:00,523.0000000000007
2013-03-18 15:00:00,523.6000000000006
2013-03-18 18:00:00,523.9000000000005
2013-03-18 19:00:00,522.6000000000006
2013-03-19 05:00:00,522.9000000000005
2013-03-19 13:00:00,523.7000000000006
2013-03-19 14:00:00,523.6000000000006
2013-03-19 15:00:00,523.7000000000006
2013-03-19 16:00:00,521.5000000000007
2013-03-19 17:00:00,520.9000000000005
2013-03-19 19:00:00,523.4000000000005
2013-03-20 05:00:00,526.7000000000006
2013-03-20 13:00:00,526.0000000000007
2013-03-20 14:00:00,526.4000000000005
2013-03-20 15:00:00,526.4000000000005
2013-03-20 16:00:00,526.1000000000006
2013-03-20 17:00:00,525.8000000000006
2013-03-20 18:00:00,526.7000000000006
2013-03-20 19:00:00,526.7000000000006
2013-03-21 05:00:00,524.3000000000006
2013-03-21 13:00:00,525.7000000000006
2013-03-21 14:00:00,525.6000000000006
2013-03-21 15:00:00,526.1000000000006
2013-03-21 16:00:00,525.5000000000007
2013-03-21 17:00:00,524.1000000000006
2013-03-21 18:00:00,523.2000000000006
2013-03-21 19:00:00,524.4000000000005
2013-03-22 05:00:00,527.3000000000006
2013-03-22 13:00:00,525.7000000000006
2013-03-22 14:00:00,526.2000000000006
2013-03-22 15:00:00,526.7000000000006
2013-03-22 16:00:00,526.6000000000006
2013-03-22 17:00:00,527.1000000000006
2013-03-22 18:00:00,527.2000000000006
2013-03-22 19:00:00,526.7000000000006
2013-03-25 05:00:00,526.4000000000005
2013-03-25 13:00:00,528.6000000000006
2013-03-25 14:00:00,527.4000000000005
2013-03-25 15:00:00,526.7000000000006
2013-03-25 16:00:00,525.4000000000005
2013-03-25 17:00:00,526.9000000000005
2013-03-25 18:00:00,526.4000000000005
2013-03-25 19:00:00,526.4000000000005
2013-03-26 05:00:00,531.5000000000007
2013-03-26 13:00:00,529.7000000000006
2013-03-26 14:00:00,529.8000000000006
2013-03-26 15:00:00,529.7000000000006
2013-03-26 17:00:00,530.7000000000006
2013-03-26 19:00:00,531.4000000000005
2013-03-27 05:00:00,533.7000000000006
2013-03-27 13:00:00,530.8000000000006
2013-03-27 14:00:00,531.9000000000005
2013-03-27 17:00:00,532.0000000000007
2013-03-27 19:00:00,533.2000000000006
2013-03-28 05:00:00,537.9000000000005
2013-03-28 14:00:00,534.7000000000006
2013-03-28 15:00:00,537.0000000000007
2013-03-28 16:00:00,536.4000000000005
2013-03-28 18:00:00,536.9000000000005
2013-03-28 19:00:00,538.3000000000006
2013-04-01 05:00:00,538.8000000000006
2013-04-01 14:00:00,537.4000000000005
2013-04-01 15:00:00,537.1000000000006
2013-04-01 16:00:00,536.9000000000005
2013-04-01 17:00:00,537.6000000000006
2013-04-01 19:00:00,538.3000000000006
2013-04-02 05:00:00,545.6000000000006
2013-04-02 13:00:00,544.8000000000006
2013-04-02 14:00:00,545.3000000000006
2013-04-02 15:00:00,545.7000000000006
2013-04-02 16:00:00,545.7000000000006
2013-04-02 17:00:00,545.9000000000005
2013-04-02 18:00:00,545.8000000000006
2013-04-02 19:00:00,545.4000000000005
2013-04-03 05:00:00,543.3000000000006
2013-04-03 13:00:00,545.0000000000007
2013-04-03 14:00:00,545.0000000000007
2013-04-03 17:00:00,542.6000000000006
2013-04-03 18:00:00,543.6000000000006
2013-04-04 05:00:00,544.8000000000006
2013-04-04 13:00:00,546.9000000000005
2013-04-04 14:00:00,545.9000000000005
2013-04-04 16:00:00,543.6000000000006
2013-04-05 05:00:00,541.8000000000006
2013-04-05 13:00:00,541.2000000000006
2013-04-05 14:00:00,541.5000000000007
2013-04-05 15:00:00,541.0000000000007
2013-04-05 16:00:00,540.8000000000006
2013-04-05 17:00:00,541.6000000000006
2013-04-05 19:00:00,540.8000000000006
2013-04-08 05:00:00,542.4000000000005
2013-04-08 13:00:00,538.6000000000006
2013-04-08 14:00:00,538.6000000000006
2013-04-08 15:00:00,539.9000000000005
2013-04-08 16:00:00,540.1000000000006
2013-04-08 17:00:00,541.0000000000007
2013-04-08 18:00:00,541.5000000000007
2013-04-09 05:00:00,544.5000000000007
2013-04-09 13:00:00,543.2000000000006
2013-04-09 14:00:00,543.6000000000006
2013-04-09 15:00:00,543.8000000000006
2013-04-09 16:00:00,544.6000000000006
2013-04-09 17:00:00,545.9000000000005
2013-04-09 18:00:00,546.2000000000006
2013-04-09 19:00:00,544.6000000000006
2013-04-10 05:00:00,552.0000000000007
2013-04-10 14:00:00,550.1000000000006
2013-04-10 15:00:00,549.8000000000006
2013-04-10 16:00:00,550.7000000000006
2013-04-10 17:00:00,551.9000000000005
2013-04-11 05:00:00,557.0000000000007
2013-04-11 13:00:00,555.0000000000007
2013-04-11 14:00:00,556.1000000000006
2013-04-11 15:00:00,556.7000000000006
2013-04-11 16:00:00,557.1000000000006
2013-04-11 17:00:00,558.2000000000006
2013-04-11 19:00:00,557.0000000000007
2013-04-12 05:00:00,557.3000000000006
2013-04-12 13:00:00,556.8000000000006
2013-04-12 14:00:00,555.3000000000006
2013-04-12 15:00:00,555.4000000000005
2013-04-12 16:00:00,557.5000000000007
2013-04-12 18:00:00,556.5000000000007
2013-04-15 05:00:00,549.1000000000006
2013-04-15 13:00:00,557.0000000000007
2013-04-15 14:00:00,558.0000000000007
2013-04-15 15:00:00,555.0000000000007
2013-04-15 16:00:00,553.3000000000006
2013-04-15 17:00:00,553.4000000000005
2013-04-15 18:00:00,551.9000000000005
2013-04-15 19:00:00,550.1000000000006
2013-04-16 05:00:00,555.4000000000005
2013-04-16 14:00:00,550.9000000000005
2013-04-16 15:00:00,553.0000000000007
2013-04-16 16:00:00,553.5000000000007
2013-04-16 19:00:00,554.4000000000005
2013-04-17 05:00:00,553.4000000000005
2013-04-17 13:00:00,554.7000000000006
2013-04-17 14:00:00,550.7000000000006
2013-04-17 15:00:00,551.6000000000006
2013-04-17 16:00:00,551.5000000000007
2013-04-17 17:00:00,553.6000000000006
2013-04-17 18:00:00,551.3000000000006
2013-04-17 19:00:00,554.2000000000006
2013-04-18 05:00:00,547.3000000000006
2013-04-18 13:00:00,550.7000000000006
2013-04-18 14:00:00,550.3000000000006
2013-04-18 15:00:00,548.8000000000006
2013-04-18 16:00:00,548.2000000000006
2013-04-18 17:00:00,548.5000000000007
2013-04-18 18:00:00,547.4000000000005
2013-04-18 19:00:00,546.7000000000006
2013-04-19 05:00:00,554.2000000000006
2013-04-19 13:00:00,550.1000000000006
2013-04-19 14:00:00,550.8000000000006
2013-04-19 15:00:00,552.8000000000006
2013-04-19 18:00:00,552.9000000000005
2013-04-19 19:00:00,552.9000000000005
2013-04-22 05:00:00,557.0000000000007
2013-04-22 13:00:00,555.4000000000005
2013-04-22 14:00:00,554.8000000000006
2013-04-22 15:00:00,555.2000000000006
2013-04-22 16:00:00,556.3000000000006
2013-04-22 17:00:00,556.6000000000006
2013-04-22 18:00:00,557.6000000000006
2013-04-22 19:00:00,556.8000000000006
2013-04-23 05:00:00,559.8000000000006
2013-04-23 13:00:00,561.7000000000006
2013-04-23 14:00:00,560.2000000000006
2013-04-23 15:00:00,560.6000000000006
2013-04-23 16:00:00,560.3000000000006
2013-04-23 17:00:00,560.4000000000005
2013-04-23 18:00:00,559.8000000000006
2013-04-23 19:00:00,559.8000000000006
2013-04-24 05:00:00,552.1000000000006
2013-04-24 13:00:00,556.2000000000006
2013-04-24 14:00:00,555.4000000000005
2013-04-24 15:00:00,555.2000000000006
2013-04-24 16:00:00,555.2000000000006
2013-04-24 17:00:00,554.1000000000006
2013-04-24 18:00:00,553.5000000000007
2013-04-24 19:00:00,553.5000000000007
2013-04-25 05:00:00,553.6000000000006
2013-04-25 13:00:00,551.8000000000006
2013-04-25 14:00:00,553.2000000000006
2013-04-25 15:00:00,553.8000000000006
2013-04-25 16:00:00,554.4000000000005
2013-04-25 17:00:00,554.9000000000005
2013-04-25 18:00:00,553.6000000000006
2013-04-25 19:00:00,553.3000000000006
2013-04-26 05:00:00,553.8000000000006
2013-04-26 13:00:00,554.0000000000007
2013-04-26 14:00:00,552.2000000000006
2013-04-26 18:00:00,553.3000000000006
2013-04-26 19:00:00,553.8000000000006
2013-04-29 05:00:00,555.4000000000005
2013-04-29 13:00:00,555.2000000000006
2013-04-29 14:00:00,555.5000000000007
2013-04-29 15:00:00,555.0000000000007
2013-04-29 16:00:00,556.3000000000006
2013-04-29 17:00:00,556.5000000000007
2013-04-30 05:00:00,551.1000000000006
2013-04-30 13:00:00,552.8000000000006
2013-04-30 14:00:00,550.7000000000006
2013-04-30 15:00:00,551.3000000000006
2013-05-01 05:00:00,547.0000000000007
2013-05-01 13:00:00,549.6000000000006
2013-05-01 14:00:00,550.8000000000006
2013-05-01 15:00:00,550.7000000000006
2013-05-01 16:00:00,548.7000000000006
2013-05-01 17:00:00,547.6000000000006
2013-05-01 18:00:00,548.4000000000005
2013-05-01 19:00:00,547.1000000000006
2013-05-02 05:00:00,551.2000000000006
2013-05-02 13:00:00,549.4000000000005
2013-05-02 14:00:00,550.4000000000005
2013-05-02 15:00:00,551.4000000000005
2013-05-02 16:00:00,551.4000000000005
2013-05-03 05:00:00,554.6000000000006
2013-05-03 13:00:00,555.5000000000007
2013-05-03 14:00:00,556.1000000000006
2013-05-03 15:00:00,556.2000000000006
2013-05-03 18:00:00,554.4000000000005
2013-05-03 19:00:00,554.6000000000006
2013-05-06 05:00:00,552.1000000000006
2013-05-06 13:00:00,553.1000000000006
2013-05-06 14:00:00,553.4000000000005
2013-05-06 15:00:00,553.3000000000006
2013-05-06 19:00:00,552.4000000000005
2013-05-07 05:00:00,553.3000000000006
2013-05-07 13:00:00,552.8000000000006
2013-05-07 14:00:00,552.8000000000006
2013-05-07 15:00:00,552.9000000000005
2013-05-07 16:00:00,553.3000000000006
2013-05-07 17:00:00,553.3000000000006
2013-05-08 05:00:00,554.8000000000006
2013-05-08 13:00:00,554.8000000000006
2013-05-08 14:00:00,554.9000000000005
2013-05-08 15:00:00,554.4000000000005
2013-05-08 16:00:00,553.8000000000006
2013-05-08 17:00:00,553.9000000000005
2013-05-08 18:00:00,553.6000000000006
2013-05-08 19:00:00,554.8000000000006
2013-05-09 05:00:00,555.4000000000005
2013-05-09 13:00:00,554.8000000000006
2013-05-09 14:00:00,555.2000000000006
2013-05-09 15:00:00,555.3000000000006
2013-05-09 16:00:00,555.8000000000006
2013-05-09 17:00:00,556.4000000000005
2013-05-09 18:00:00,556.2000000000006
2013-05-09 19:00:00,554.3000000000006
2013-05-10 05:00:00,560.4000000000005
2013-05-10 14:00:00,557.3000000000006
2013-05-10 15:00:00,557.7000000000006
2013-05-10 17:00:00,558.9000000000005
2013-05-10 19:00:00,560.4000000000005
2013-05-13 05:00:00,564.0000000000007
2013-05-13 13:00:00,560.5000000000007
2013-05-13 14:00:00,563.4000000000005
2013-05-13 15:00:00,563.8000000000006
2013-05-13 16:00:00,563.9000000000005
2013-05-13 17:00:00,563.2000000000006
2013-05-13 19:00:00,563.7000000000006
2013-05-14 05:00:00,569.2000000000006
2013-05-14 13:00:00,566.9000000000005
2013-05-14 14:00:00,568.7000000000006
2013-05-14 15:00:00,569.3000000000006
2013-05-14 16:00:00,567.8000000000006
2013-05-14 19:00:00,569.2000000000006
2013-05-15 05:00:00,571.5000000000007
2013-05-15 14:00:00,570.4000000000005
2013-05-15 15:00:00,571.1000000000006
2013-05-16 05:00:00,566.7000000000006
2013-05-16 13:00:00,568.8000000000006
2013-05-16 14:00:00,567.3000000000006
2013-05-16 15:00:00,567.4000000000005
2013-05-16 16:00:00,567.4000000000005
2013-05-16 18:00:00,569.0000000000007
2013-05-16 19:00:00,566.7000000000006
2013-05-17 05:00:00,569.2000000000006
2013-05-17 13:00:00,568.2000000000006
2013-05-17 14:00:00,566.6000000000006
2013-05-17 15:00:00,565.9000000000005
2013-05-17 16:00:00,566.2000000000006
2013-05-17 17:00:00,566.4000000000005
2013-05-17 18:00:00,567.4000000000005
2013-05-17 19:00:00,569.2000000000006
2013-05-20 05:00:00,566.2000000000006
2013-05-20 13:00:00,569.2000000000006
2013-05-20 14:00:00,568.4000000000005
2013-05-21 05:00:00,570.6000000000006
2013-05-21 14:00:00,566.5000000000007
2013-05-21 15:00:00,567.4000000000005
2013-05-21 16:00:00,568.1000000000006
2013-05-21 17:00:00,569.8000000000006
2013-05-21 18:00:00,570.8000000000006
2013-05-21 19:00:00,570.5000000000007
2013-05-22 05:00:00,570.3000000000006
2013-05-22 13:00:00,578.1000000000006
2013-05-22 14:00:00,577.0000000000007
2013-05-22 15:00:00,579.0000000000007
2013-05-22 16:00:00,577.5000000000007
2013-05-22 17:00:00,574.5000000000007
2013-05-22 18:00:00,572.3000000000006
2013-05-22 19:00:00,569.1000000000006
2013-05-23 05:00:00,570.5000000000007
2013-05-23 13:00:00,567.0000000000007
2013-05-23 14:00:00,567.8000000000006
2013-05-23 15:00:00,570.2000000000006
2013-05-23 16:00:00,570.0000000000007
2013-05-23 17:00:00,569.2000000000006
2013-05-23 18:00:00,571.2000000000006
2013-05-23 19:00:00,570.5000000000007
2013-05-24 05:00:00,569.0000000000007
2013-05-24 13:00:00,567.1000000000006
2013-05-24 14:00:00,567.0000000000007
2013-05-24 15:00:00,568.0000000000007
2013-05-24 16:00:00,568.5000000000007
2013-05-24 17:00:00,568.9000000000005
2013-05-24 18:00:00,569.7000000000006
2013-05-24 19:00:00,568.6000000000006
2013-05-28 05:00:00,573.6000000000006
2013-05-28 13:00:00,576.6000000000006
2013-05-28 14:00:00,576.7000000000006
2013-05-28 15:00:00,575.3000000000006
2013-05-28 18:00:00,573.2000000000006
2013-05-28 19:00:00,573.6000000000006
2013-05-29 05:00:00,566.3000000000006
2013-05-29 13:00:00,569.1000000000006
2013-05-29 14:00:00,564.7000000000006
2013-05-29 15:00:00,567.0000000000007
2013-05-29 16:00:00,564.4000000000005
2013-05-29 17:00:00,567.3000000000006
2013-05-29 18:00:00,566.6000000000006
2013-05-29 19:00:00,566.1000000000006
2013-05-30 05:00:00,569.5000000000007
2013-05-30 13:00:00,570.1000000000006
2013-05-30 14:00:00,568.8000000000006
2013-05-30 16:00:00,568.8000000000006
2013-05-30 17:00:00,570.3000000000006
2013-05-30 18:00:00,570.5000000000007
2013-05-30 19:00:00,569.5000000000007
2013-05-31 05:00:00,559.0000000000007
2013-05-31 13:00:00,569.1000000000006
2013-05-31 14:00:00,566.4000000000005
2013-05-31 16:00:00,566.6000000000006
2013-05-31 18:00:00,564.4000000000005
2013-05-31 19:00:00,561.8000000000006
2013-06-03 05:00:00,561.4000000000005
2013-06-03 13:00:00,559.7000000000006
2013-06-03 14:00:00,560.7000000000006
2013-06-03 15:00:00,558.5000000000007
2013-06-03 16:00:00,559.8000000000006
2013-06-03 17:00:00,560.5000000000007
2013-06-03 18:00:00,560.9000000000005
2013-06-03 19:00:00,561.1000000000006
2013-06-03 20:00:00,561.8000000000006
2013-06-04 05:00:00,558.6000000000006
2013-06-04 13:00:00,561.8000000000006
2013-06-04 14:00:00,561.2000000000006
2013-06-04 15:00:00,561.9000000000005
2013-06-04 16:00:00,559.9000000000005
2013-06-04 17:00:00,557.2000000000006
2013-06-04 18:00:00,557.8000000000006
2013-06-04 19:00:00,559.2000000000006
2013-06-05 05:00:00,552.2000000000006
2013-06-05 13:00:00,560.0000000000007
2013-06-05 14:00:00,557.0000000000007
2013-06-05 15:00:00,553.9000000000005
2013-06-05 16:00:00,551.3000000000006
2013-06-05 17:00:00,553.2000000000006
2013-06-05 18:00:00,552.0000000000007
2013-06-05 19:00:00,552.2000000000006
2013-06-06 05:00:00,558.2000000000006
2013-06-06 13:00:00,552.4000000000005
2013-06-06 14:00:00,553.1000000000006
2013-06-06 15:00:00,552.6000000000006
2013-06-06 16:00:00,550.7000000000006
2013-06-06 17:00:00,554.9000000000005
2013-06-06 18:00:00,556.8000000000006
2013-06-06 19:00:00,557.8000000000006
2013-06-07 05:00:00,563.0000000000007
2013-06-07 13:00:00,562.9000000000005
2013-06-07 14:00:00,563.6000000000006
2013-06-07 15:00:00,562.9000000000005
2013-06-07 17:00:00,562.7000000000006
2013-06-07 19:00:00,563.0000000000007
2013-06-10 05:00:00,563.8000000000006
2013-06-10 13:00:00,563.4000000000005
2013-06-10 14:00:00,564.7000000000006
2013-06-10 15:00:00,564.5000000000007
2013-06-10 16:00:00,563.5000000000007
2013-06-10 17:00:00,563.0000000000007
2013-06-10 18:00:00,564.3000000000006
2013-06-10 19:00:00,563.8000000000006
2013-06-11 05:00:00,561.7000000000006
2013-06-12 05:00:00,556.7000000000006
2013-06-13 05:00:00,564.0000000000007
2013-06-13 13:00:00,555.1000000000006
2013-06-13 14:00:00,556.4000000000005
2013-06-14 05:00:00,563.4000000000005
2013-06-14 19:00:00,564.1000000000006
2013-06-17 05:00:00,564.2000000000006
2013-06-17 14:00:00,567.9000000000005
2013-06-17 15:00:00,566.6000000000006
2013-06-18 05:00:00,568.5000000000007
2013-06-18 14:00:00,566.6000000000006
2013-06-18 19:00:00,568.4000000000005
2013-06-19 05:00:00,560.4000000000005
2013-06-19 18:00:00,562.8000000000006
2013-06-19 19:00:00,560.3000000000006
2013-06-20 05:00:00,548.6000000000006
2013-06-20 13:00:00,556.2000000000006
2013-06-20 14:00:00,553.1000000000006
2013-06-20 15:00:00,552.6000000000006
2013-06-20 16:00:00,554.7000000000006
2013-06-20 17:00:00,553.7000000000006
2013-06-20 18:00:00,549.4000000000005
2013-06-20 19:00:00,548.6000000000006
2013-06-21 05:00:00,552.5000000000007
2013-06-21 13:00:00,554.4000000000005
2013-06-21 14:00:00,553.2000000000006
2013-06-21 15:00:00,549.7000000000006
2013-06-21 16:00:00,552.2000000000006
2013-06-21 17:00:00,551.4000000000005
2013-06-21 18:00:00,553.0000000000007
2013-06-21 19:00:00,552.5000000000007
2013-06-24 05:00:00,548.9000000000005
2013-06-24 13:00:00,542.1000000000006
2013-06-24 14:00:00,543.1000000000006
2013-06-24 15:00:00,543.0000000000007
2013-06-24 16:00:00,546.5000000000007
2013-06-24 17:00:00,549.8000000000006
2013-06-24 18:00:00,551.3000000000006
2013-06-24 20:00:00,548.9000000000005
2013-06-25 05:00:00,551.0000000000007
2013-06-25 14:00:00,549.5000000000007
2013-06-25 16:00:00,550.8000000000006
2013-06-25 17:00:00,549.7000000000006
2013-06-25 18:00:00,550.8000000000006
2013-06-25 19:00:00,551.0000000000007
2013-06-26 05:00:00,558.0000000000007
2013-06-26 13:00:00,556.2000000000006
2013-06-26 14:00:00,555.9000000000005
2013-06-26 15:00:00,555.5000000000007
2013-06-26 16:00:00,556.6000000000006
2013-06-26 17:00:00,557.7000000000006
2013-06-26 19:00:00,558.2000000000006
2013-06-27 05:00:00,559.7000000000006
2013-06-27 13:00:00,562.1000000000006
2013-06-27 14:00:00,561.5000000000007
2013-06-27 15:00:00,560.9000000000005
2013-06-27 16:00:00,560.4000000000005
2013-06-27 17:00:00,560.6000000000006
2013-06-27 18:00:00,559.5000000000007
2013-06-27 19:00:00,559.7000000000006
2013-06-28 05:00:00,555.1000000000006
2013-06-28 13:00:00,558.8000000000006
2013-06-28 14:00:00,559.7000000000006
2013-06-28 15:00:00,559.5000000000007
2013-06-28 16:00:00,558.3000000000006
2013-06-28 17:00:00,559.3000000000006
2013-06-28 18:00:00,558.9000000000005
2013-06-28 19:00:00,558.5000000000007
2013-07-01 05:00:00,557.7000000000006
2013-07-01 13:00:00,561.0000000000007
2013-07-02 05:00:00,555.9000000000005
2013-07-02 13:00:00,555.4000000000005
2013-07-02 14:00:00,557.7000000000006
2013-07-02 18:00:00,555.4000000000005
2013-07-03 05:00:00,555.2000000000006
2013-07-03 13:00:00,552.8000000000006
2013-07-03 15:00:00,554.4000000000005
2013-07-05 05:00:00,561.2000000000006
2013-07-05 14:00:00,558.5000000000007
2013-07-08 05:00:00,564.2000000000006
2013-07-08 15:00:00,564.9000000000005
2013-07-08 16:00:00,563.5000000000007
2013-07-09 05:00:00,566.2000000000006
2013-07-09 14:00:00,565.7000000000006
2013-07-09 15:00:00,565.6000000000006
2013-07-09 16:00:00,566.1000000000006
2013-07-09 17:00:00,566.0000000000007
2013-07-09 18:00:00,565.8000000000006
2013-07-09 19:00:00,566.2000000000006
2013-07-10 05:00:00,569.3000000000006
2013-07-10 13:00:00,567.1000000000006
2013-07-10 14:00:00,568.1000000000006
2013-07-10 15:00:00,568.1000000000006
2013-07-10 18:00:00,568.7000000000006
2013-07-10 19:00:00,569.3000000000006
2013-07-11 05:00:00,575.3000000000006
2013-07-11 13:00:00,573.9000000000005
2013-07-11 15:00:00,574.4000000000005
2013-07-11 18:00:00,575.2000000000006
2013-07-11 19:00:00,575.2000000000006
2013-07-12 05:00:00,578.5000000000007
2013-07-12 13:00:00,575.6000000000006
2013-07-12 14:00:00,575.8000000000006
2013-07-12 18:00:00,576.3000000000006
2013-07-12 19:00:00,578.5000000000007
2013-07-15 05:00:00,578.8000000000006
2013-07-15 14:00:00,578.3000000000006
2013-07-15 15:00:00,578.4000000000005
2013-07-16 05:00:00,576.6000000000006
2013-07-16 13:00:00,578.6000000000006
2013-07-16 14:00:00,579.4000000000005
2013-07-16 18:00:00,575.9000000000005
2013-07-16 19:00:00,576.7000000000006
2013-07-17 05:00:00,577.4000000000005
2013-07-17 13:00:00,579.1000000000006
2013-07-17 14:00:00,579.5000000000007
2013-07-17 19:00:00,577.5000000000007
2013-07-18 05:00:00,579.2000000000006
2013-07-18 13:00:00,579.9000000000005
2013-07-18 14:00:00,579.8000000000006
2013-07-18 15:00:00,579.6000000000006
2013-07-18 16:00:00,578.5000000000007
2013-07-18 17:00:00,578.7000000000006
2013-07-18 18:00:00,579.2000000000006
2013-07-19 05:00:00,585.4000000000005
2013-07-19 13:00:00,579.5000000000007
2013-07-19 14:00:00,582.5000000000007
2013-07-19 19:00:00,585.4000000000005
2013-07-22 05:00:00,587.7000000000006
2013-07-22 13:00:00,585.9000000000005
2013-07-22 14:00:00,585.4000000000005
2013-07-23 05:00:00,586.0000000000007
2013-07-23 13:00:00,586.6000000000006
2013-07-23 14:00:00,585.7000000000006
2013-07-23 15:00:00,586.0000000000007
2013-07-23 16:00:00,585.8000000000006
2013-07-23 17:00:00,586.8000000000006
2013-07-23 18:00:00,587.2000000000006
2013-07-23 19:00:00,586.0000000000007
2013-07-24 05:00:00,585.0000000000007
2013-07-24 14:00:00,585.0000000000007
2013-07-25 05:00:00,587.5000000000007
2013-07-25 13:00:00,585.7000000000006
2013-07-25 14:00:00,586.7000000000006
2013-07-25 19:00:00,587.5000000000007
2013-07-26 05:00:00,590.8000000000006
2013-07-26 13:00:00,587.7000000000006
2013-07-26 14:00:00,585.5000000000007
2013-07-26 16:00:00,587.3000000000006
2013-07-29 05:00:00,589.5000000000007
2013-07-29 13:00:00,590.9000000000005
2013-07-29 14:00:00,589.9000000000005
2013-07-29 15:00:00,589.0000000000007
2013-07-30 05:00:00,589.3000000000006
2013-07-30 16:00:00,589.6000000000006
2013-07-30 18:00:00,589.3000000000006
2013-07-31 05:00:00,589.7000000000006
2013-07-31 14:00:00,593.0000000000006
2013-07-31 15:00:00,593.2000000000006
2013-07-31 18:00:00,590.8000000000006
2013-08-01 05:00:00,592.6000000000006
2013-08-01 14:00:00,592.5000000000006
2013-08-01 16:00:00,592.6000000000006
2013-08-02 05:00:00,593.0000000000006
2013-08-02 14:00:00,591.3000000000006
2013-08-05 05:00:00,592.1000000000006
2013-08-05 14:00:00,594.0000000000006
2013-08-05 18:00:00,591.8000000000006
2013-08-06 05:00:00,590.3000000000006
2013-08-06 14:00:00,589.0000000000007
2013-08-06 15:00:00,590.4000000000005
2013-08-07 05:00:00,590.7000000000006
2013-08-07 13:00:00,588.8000000000006
2013-08-07 15:00:00,589.0000000000007
2013-08-07 16:00:00,590.4000000000005
2013-08-07 17:00:00,590.8000000000006
2013-08-07 18:00:00,590.8000000000006
2013-08-07 19:00:00,590.8000000000006
2013-08-08 05:00:00,590.7000000000006
2013-08-08 13:00:00,591.3000000000006
2013-08-08 14:00:00,589.6000000000006
2013-08-08 15:00:00,589.6000000000006
2013-08-08 16:00:00,590.8000000000006
2013-08-08 19:00:00,590.7000000000006
2013-08-09 05:00:00,589.1000000000006
2013-08-09 13:00:00,590.9000000000005
2013-08-09 14:00:00,590.6000000000006
2013-08-09 15:00:00,587.9000000000005
2013-08-09 18:00:00,589.4000000000005
2013-08-09 19:00:00,589.1000000000006
2013-08-12 05:00:00,587.1000000000006
2013-08-13 05:00:00,588.2000000000006
2013-08-13 13:00:00,587.6000000000006
2013-08-13 14:00:00,585.2000000000006
2013-08-14 05:00:00,584.6000000000006
2013-08-14 18:00:00,584.6000000000006
2013-08-15 05:00:00,576.4000000000005
2013-08-15 13:00:00,578.3000000000006
2013-08-16 05:00:00,573.9000000000005
2013-08-16 13:00:00,573.8000000000006
2013-08-16 14:00:00,575.3000000000006
2013-08-16 18:00:00,574.2000000000006
2013-08-16 19:00:00,573.9000000000005
2013-08-19 05:00:00,574.5000000000007
2013-08-19 13:00:00,574.3000000000006
2013-08-19 16:00:00,576.4000000000005
2013-08-19 18:00:00,575.6000000000006
2013-08-19 19:00:00,574.4000000000005
2013-08-20 05:00:00,575.4000000000005
2013-08-21 05:00:00,573.1000000000006
2013-08-21 13:00:00,575.0000000000007
2013-08-21 15:00:00,573.2000000000006
2013-08-21 18:00:00,576.2000000000006
2013-08-21 19:00:00,575.2000000000006
2013-08-22 05:00:00,575.6000000000006
2013-08-22 13:00:00,573.9000000000005
2013-08-22 14:00:00,575.7000000000006
2013-08-22 16:00:00,575.1000000000006
2013-08-22 17:00:00,574.3000000000006
2013-08-23 05:00:00,577.3000000000006
2013-08-23 13:00:00,576.2000000000006
2013-08-23 14:00:00,575.2000000000006
2013-08-23 16:00:00,576.2000000000006
2013-08-23 18:00:00,576.4000000000005
2013-08-23 19:00:00,577.7000000000006
2013-08-23 20:00:00,577.1000000000006
2013-08-26 05:00:00,577.9000000000005
2013-08-26 13:00:00,578.5000000000007
2013-08-26 18:00:00,580.4000000000005
2013-08-26 19:00:00,577.9000000000005
2013-08-27 05:00:00,569.7000000000006
2013-08-27 13:00:00,574.2000000000006
2013-08-27 14:00:00,572.9000000000005
2013-08-28 05:00:00,572.2000000000006
2013-08-28 14:00:00,570.8000000000006
2013-08-28 16:00:00,572.7000000000006
2013-08-28 18:00:00,571.8000000000006
2013-08-28 19:00:00,573.0000000000007
2013-08-29 05:00:00,573.5000000000007
2013-08-29 13:00:00,573.4000000000005
2013-08-29 14:00:00,574.4000000000005
2013-08-29 19:00:00,573.7000000000006
2013-08-30 05:00:00,572.0000000000007
2013-08-30 13:00:00,572.6000000000006
2013-08-30 14:00:00,571.8000000000006
2013-08-30 17:00:00,572.5000000000007
2013-08-30 19:00:00,571.1000000000006
2013-09-03 05:00:00,574.4000000000005
2013-09-03 13:00:00,576.3000000000006
2013-09-03 14:00:00,575.9000000000005
2013-09-03 15:00:00,574.0000000000007
2013-09-03 16:00:00,573.1000000000006
2013-09-03 17:00:00,572.6000000000006
2013-09-03 18:00:00,573.5000000000007
2013-09-03 19:00:00,574.1000000000006
2013-09-04 05:00:00,580.2000000000006
2013-09-04 13:00:00,576.0000000000007
2013-09-04 19:00:00,580.0000000000007
2013-09-05 05:00:00,580.9000000000005
2013-09-05 13:00:00,581.1000000000006
2013-09-05 14:00:00,580.9000000000005
2013-09-06 05:00:00,581.5000000000007
2013-09-06 13:00:00,577.9000000000005
2013-09-06 16:00:00,582.4000000000005
2013-09-06 17:00:00,583.3000000000006
2013-09-06 18:00:00,584.0000000000007
2013-09-06 19:00:00,581.7000000000006
2013-09-09 05:00:00,584.3000000000006
2013-09-09 18:00:00,583.9000000000005
2013-09-09 19:00:00,583.9000000000005
2013-09-10 05:00:00,587.3000000000006
2013-09-10 14:00:00,586.8000000000006
2013-09-11 05:00:00,591.1000000000006
2013-09-11 19:00:00,591.6000000000006
2013-09-12 05:00:00,591.3000000000006
2013-09-13 05:00:00,591.3000000000006
2013-09-16 05:00:00,595.7000000000006
2013-09-16 13:00:00,595.8000000000006
2013-09-17 05:00:00,596.1000000000006
2013-09-17 13:00:00,596.1000000000006
2013-09-18 05:00:00,599.6000000000006
2013-09-18 13:00:00,595.7000000000006
2013-09-18 18:00:00,597.8000000000006
2013-09-19 05:00:00,598.0000000000006
2013-09-19 19:00:00,598.0000000000006
2013-09-20 05:00:00,597.2000000000006
2013-09-20 13:00:00,598.4000000000007
2013-09-20 14:00:00,599.5000000000006
2013-09-20 19:00:00,597.3000000000006
2013-09-23 05:00:00,593.7000000000006
2013-09-23 13:00:00,594.3000000000006
2013-09-23 14:00:00,593.5000000000006
2013-09-23 18:00:00,593.2000000000006
2013-09-23 19:00:00,593.7000000000006
2013-09-24 05:00:00,591.1000000000006
2013-09-24 14:00:00,591.7000000000006
2013-09-24 15:00:00,592.9000000000007
2013-09-24 16:00:00,593.6000000000006
2013-09-24 17:00:00,593.6000000000006
2013-09-24 18:00:00,592.8000000000006
2013-09-25 05:00:00,586.9000000000005
2013-09-25 13:00:00,588.5000000000007
2013-09-25 15:00:00,589.7000000000006
2013-09-25 16:00:00,588.8000000000006
2013-09-26 05:00:00,588.2000000000006
2013-09-26 13:00:00,588.5000000000007
2013-09-26 14:00:00,589.2000000000006
2013-09-26 16:00:00,588.2000000000006
2013-09-27 05:00:00,588.5000000000007
2013-09-27 14:00:00,585.8000000000006
2013-09-30 05:00:00,587.0000000000007
2013-09-30 13:00:00,586.7000000000006
2013-09-30 15:00:00,588.1000000000006
2013-09-30 16:00:00,587.7000000000006
2013-09-30 17:00:00,588.3000000000006
2013-09-30 18:00:00,587.3000000000006
2013-10-01 05:00:00,593.7000000000006
2013-10-01 14:00:00,589.6000000000006
2013-10-01 15:00:00,592.2000000000006
2013-10-01 19:00:00,592.6000000000006
2013-10-02 05:00:00,592.6000000000006
2013-10-02 14:00:00,589.7000000000006
2013-10-02 18:00:00,591.4000000000005
2013-10-02 19:00:00,591.3000000000006
2013-10-03 05:00:00,588.1000000000006
2013-10-03 13:00:00,590.0000000000007
2013-10-03 15:00:00,586.5000000000007
2013-10-03 16:00:00,586.5000000000007
2013-10-03 18:00:00,589.5000000000007
2013-10-03 19:00:00,589.2000000000006
2013-10-04 05:00:00,593.5000000000006
2013-10-04 14:00:00,591.5000000000007
2013-10-04 19:00:00,593.5000000000006
2013-10-07 05:00:00,588.3000000000006
2013-10-07 13:00:00,589.3000000000006
2013-10-08 05:00:00,580.7000000000006
2013-10-08 13:00:00,587.5000000000007
2013-10-08 17:00:00,582.6000000000006
2013-10-08 18:00:00,582.6000000000006
2013-10-09 05:00:00,579.9000000000005
2013-10-09 13:00:00,581.7000000000006
2013-10-09 14:00:00,579.3000000000006
2013-10-09 17:00:00,580.1000000000006
2013-10-09 18:00:00,580.2000000000006
2013-10-09 19:00:00,579.9000000000005
2013-10-10 05:00:00,591.4000000000005
2013-10-10 13:00:00,586.5000000000007
2013-10-10 16:00:00,589.1000000000006
2013-10-10 17:00:00,588.7000000000006
2013-10-10 18:00:00,588.2000000000006
2013-10-10 19:00:00,591.4000000000005
2013-10-11 05:00:00,593.6000000000006
2013-10-11 14:00:00,593.2000000000006
2013-10-11 15:00:00,592.0000000000007
2013-10-11 17:00:00,593.9000000000007
2013-10-11 19:00:00,593.3000000000006
2013-10-14 05:00:00,597.2000000000006
2013-10-14 14:00:00,591.3000000000006
2013-10-14 18:00:00,595.4000000000007
2013-10-14 19:00:00,596.1000000000006
2013-10-15 05:00:00,594.5000000000006
2013-10-15 13:00:00,596.6000000000006
2013-10-15 14:00:00,595.3000000000006
2013-10-15 15:00:00,597.0000000000006
2013-10-15 18:00:00,596.4000000000007
2013-10-16 05:00:00,604.3000000000006
2013-10-16 13:00:00,599.9000000000007
2013-10-16 14:00:00,602.0000000000006
2013-10-16 15:00:00,602.8000000000006
2013-10-16 16:00:00,602.2000000000006
2013-10-16 18:00:00,602.9000000000007
2013-10-16 19:00:00,604.3000000000006
2013-10-17 05:00:00,608.8000000000006
2013-10-17 13:00:00,602.5000000000006
2013-10-17 14:00:00,603.1000000000006
2013-10-17 16:00:00,607.2000000000006
2013-10-17 19:00:00,608.2000000000006
2013-10-18 05:00:00,606.9000000000007
2013-10-18 13:00:00,607.0000000000006
2013-10-18 14:00:00,605.7000000000006
2013-10-18 15:00:00,605.2000000000006
2013-10-18 18:00:00,606.7000000000006
2013-10-18 19:00:00,606.1000000000006
2013-10-21 05:00:00,604.2000000000006
2013-10-21 13:00:00,605.3000000000006
2013-10-21 14:00:00,604.7000000000006
2013-10-21 17:00:00,604.2000000000006
2013-10-21 19:00:00,604.2000000000006
2013-10-22 05:00:00,608.9000000000007
2013-10-22 13:00:00,606.4000000000007
2013-10-22 14:00:00,607.3000000000006
2013-10-22 15:00:00,608.0000000000006
2013-10-22 16:00:00,608.9000000000007
2013-10-23 05:00:00,608.4000000000007
2013-10-23 13:00:00,608.1000000000006
2013-10-23 14:00:00,606.3000000000006
2013-10-23 15:00:00,607.1000000000006
2013-10-23 16:00:00,608.5000000000006
2013-10-23 18:00:00,608.7000000000006
2013-10-24 05:00:00,608.3000000000006
2013-10-24 13:00:00,609.8000000000006
2013-10-24 18:00:00,609.2000000000006
2013-10-25 05:00:00,608.8000000000006
2013-10-25 13:00:00,607.5000000000006
2013-10-25 15:00:00,607.5000000000006
2013-10-25 16:00:00,606.9000000000007
2013-10-28 05:00:00,610.5000000000006
2013-10-28 14:00:00,610.4000000000007
2013-10-28 19:00:00,610.4000000000007
2013-10-29 05:00:00,614.0000000000006
2013-10-29 13:00:00,611.0000000000006
2013-10-29 14:00:00,611.7000000000006
2013-10-29 15:00:00,613.0000000000006
2013-10-29 16:00:00,613.3000000000006
2013-10-29 17:00:00,613.2000000000006
2013-10-29 18:00:00,613.9000000000007
2013-10-29 19:00:00,613.6000000000006
2013-10-30 05:00:00,611.4000000000007
2013-10-30 13:00:00,614.9000000000007
2013-10-30 15:00:00,611.9000000000007
2013-10-30 16:00:00,612.7000000000006
2013-10-30 17:00:00,613.1000000000006
2013-10-30 18:00:00,610.6000000000006
2013-10-30 19:00:00,611.6000000000006
2013-10-31 05:00:00,608.7000000000006
2013-10-31 13:00:00,612.6000000000006
2013-10-31 18:00:00,611.6000000000006
2013-10-31 19:00:00,610.5000000000006
2013-11-01 05:00:00,612.5000000000006
2013-11-01 14:00:00,611.9000000000007
2013-11-01 15:00:00,609.3000000000006
2013-11-01 16:00:00,609.2000000000006
2013-11-04 06:00:00,613.3000000000006
2013-11-04 14:00:00,614.2000000000006
2013-11-05 06:00:00,611.6000000000006
2013-11-05 14:00:00,611.1000000000006
2013-11-05 17:00:00,611.9000000000007
2013-11-05 19:00:00,611.6000000000006
2013-11-06 06:00:00,609.9000000000007
2013-11-06 14:00:00,614.1000000000006
2013-11-06 16:00:00,611.4000000000007
2013-11-06 18:00:00,611.2000000000006
2013-11-06 19:00:00,610.5000000000006
2013-11-06 20:00:00,609.9000000000007
2013-11-07 06:00:00,605.5000000000006
2013-11-07 14:00:00,612.1000000000006
2013-11-07 18:00:00,608.5000000000006
2013-11-07 19:00:00,607.3000000000006
2013-11-08 06:00:00,613.1000000000006
2013-11-08 14:00:00,606.7000000000006
2013-11-08 16:00:00,610.1000000000006
2013-11-11 06:00:00,614.2000000000006
2013-11-11 14:00:00,614.1000000000006
2013-11-11 15:00:00,614.4000000000007
2013-11-11 16:00:00,613.8000000000006
2013-11-11 20:00:00,614.2000000000006
2013-11-12 06:00:00,614.2000000000006
2013-11-12 16:00:00,612.4000000000007
2013-11-12 20:00:00,614.2000000000006
2013-11-13 06:00:00,616.9000000000007
2013-11-13 14:00:00,612.2000000000006
2013-11-13 15:00:00,612.5000000000006
2013-11-13 17:00:00,614.0000000000006
2013-11-13 19:00:00,614.7000000000006
2013-11-14 06:00:00,621.3000000000006
2013-11-14 14:00:00,619.5000000000006
2013-11-14 15:00:00,620.7000000000006
2013-11-14 16:00:00,620.6000000000006
2013-11-14 17:00:00,620.0000000000006
2013-11-14 18:00:00,620.3000000000006
2013-11-14 19:00:00,620.7000000000006
2013-11-14 20:00:00,621.3000000000006
2013-11-15 06:00:00,624.4000000000007
2013-11-15 16:00:00,621.7000000000006
2013-11-15 20:00:00,624.4000000000007
2013-11-18 06:00:00,622.1000000000006
2013-11-18 14:00:00,625.9000000000007
2013-11-18 16:00:00,624.9000000000007
2013-11-18 20:00:00,621.7000000000006
2013-11-19 06:00:00,622.6000000000006
2013-11-19 14:00:00,619.5000000000006
2013-11-19 15:00:00,622.9000000000007
2013-11-19 16:00:00,622.2000000000006
2013-11-19 19:00:00,622.4000000000007
2013-11-19 20:00:00,622.5000000000006
2013-11-20 06:00:00,624.1000000000006
2013-11-20 14:00:00,623.3000000000006
2013-11-20 15:00:00,624.2000000000006
2013-11-20 16:00:00,625.7000000000006
2013-11-20 19:00:00,623.8000000000006
2013-11-20 20:00:00,624.1000000000006
2013-11-20 21:00:00,624.3000000000006
2013-11-21 06:00:00,626.8000000000006
2013-11-21 14:00:00,626.7000000000006
2013-11-21 18:00:00,626.6000000000006
2013-11-21 19:00:00,625.9000000000007
2013-11-21 20:00:00,627.1000000000006
2013-11-22 06:00:00,633.7000000000006
2013-11-22 15:00:00,631.2000000000006
2013-11-22 16:00:00,633.3000000000006
2013-11-22 17:00:00,633.4000000000007
2013-11-22 18:00:00,632.6000000000006
2013-11-22 19:00:00,632.8000000000006
2013-11-22 20:00:00,633.6000000000006
2013-11-25 06:00:00,636.2000000000006
2013-11-25 17:00:00,637.2000000000006
2013-11-25 20:00:00,636.0000000000006
2013-11-26 06:00:00,634.5000000000006
2013-11-26 14:00:00,636.5000000000006
2013-11-26 15:00:00,636.1000000000006
2013-11-26 17:00:00,636.5000000000006
2013-11-26 18:00:00,635.8000000000006
2013-11-26 20:00:00,635.7000000000006
2013-11-27 06:00:00,634.3000000000006
2013-11-27 14:00:00,635.5000000000006
2013-11-27 15:00:00,634.9000000000007
2013-11-27 16:00:00,634.5000000000006
2013-11-27 19:00:00,634.0000000000006
2013-11-29 06:00:00,633.6000000000006
2013-12-02 06:00:00,634.2000000000006
2013-12-02 14:00:00,633.5000000000006
2013-12-02 15:00:00,633.7000000000006
2013-12-03 06:00:00,629.7000000000006
2013-12-03 14:00:00,631.3000000000006
2013-12-03 15:00:00,630.5000000000006
2013-12-03 16:00:00,629.2000000000006
2013-12-03 19:00:00,629.7000000000006
2013-12-03 21:00:00,629.9000000000007
2013-12-04 06:00:00,627.4000000000007
2013-12-04 15:00:00,630.1000000000006
2013-12-04 17:00:00,626.3000000000006
2013-12-05 06:00:00,626.0000000000006
2013-12-05 14:00:00,626.6000000000006
2013-12-05 15:00:00,628.9000000000007
2013-12-05 16:00:00,626.0000000000006
2013-12-06 06:00:00,633.8000000000006
2013-12-06 15:00:00,630.0000000000006
2013-12-06 16:00:00,631.6000000000006
2013-12-06 17:00:00,632.6000000000006
2013-12-06 20:00:00,633.8000000000006
2013-12-09 06:00:00,634.6000000000006
2013-12-09 14:00:00,634.8000000000006
2013-12-09 15:00:00,635.8000000000006
2013-12-09 16:00:00,635.7000000000006
2013-12-09 20:00:00,634.3000000000006
2013-12-10 06:00:00,632.4000000000007
2013-12-10 14:00:00,632.9000000000007
2013-12-10 15:00:00,633.6000000000006
2013-12-10 16:00:00,632.9000000000007
2013-12-10 18:00:00,631.2000000000006
2013-12-10 19:00:00,631.9000000000007
2013-12-10 20:00:00,632.9000000000007
2013-12-11 06:00:00,623.1000000000006
2013-12-12 06:00:00,619.2000000000006
2013-12-12 14:00:00,622.3000000000006
2013-12-12 19:00:00,620.9000000000005
2013-12-13 06:00:00,620.0000000000006
2013-12-16 06:00:00,620.4000000000005
2013-12-16 20:00:00,621.4000000000005
2013-12-17 06:00:00,618.0000000000006
2013-12-17 15:00:00,617.7000000000006
2013-12-17 16:00:00,615.5000000000006
2013-12-18 06:00:00,631.1000000000006
2013-12-18 14:00:00,618.9000000000005
2013-12-18 15:00:00,620.4000000000005
2013-12-18 17:00:00,620.0000000000006
2013-12-18 18:00:00,618.9000000000005
2013-12-18 19:00:00,626.4000000000005
2013-12-18 20:00:00,631.1000000000006
2013-12-19 06:00:00,629.9000000000005
2013-12-19 14:00:00,629.2000000000006
2013-12-19 15:00:00,628.9000000000005
2013-12-19 16:00:00,628.3000000000006
2013-12-19 17:00:00,628.6000000000006
2013-12-19 18:00:00,628.5000000000006
2013-12-19 19:00:00,628.5000000000006
2013-12-19 20:00:00,630.0000000000006
2013-12-19 21:00:00,630.4000000000005
2013-12-20 06:00:00,632.3000000000006
2013-12-20 14:00:00,632.3000000000006
2013-12-20 15:00:00,632.6000000000006
2013-12-20 16:00:00,632.8000000000006
2013-12-20 20:00:00,632.3000000000006
2013-12-23 06:00:00,634.5000000000006
2013-12-23 14:00:00,634.3000000000006
2013-12-23 15:00:00,634.4000000000005
2013-12-24 06:00:00,634.2000000000006
2013-12-26 06:00:00,637.6000000000006
2013-12-26 14:00:00,635.6000000000006
2013-12-26 15:00:00,636.0000000000006
2013-12-26 16:00:00,636.0000000000006
2013-12-26 20:00:00,637.4000000000005
2013-12-27 06:00:00,636.9000000000005
2013-12-27 15:00:00,638.5000000000006
2013-12-27 20:00:00,636.7000000000006
2013-12-30 06:00:00,637.9000000000005
2013-12-30 14:00:00,634.6000000000006
2013-12-30 15:00:00,635.4000000000005
2013-12-30 16:00:00,636.4000000000005
2013-12-30 17:00:00,637.0000000000006
2013-12-30 18:00:00,637.2000000000006
2013-12-30 19:00:00,637.5000000000006
2013-12-30 20:00:00,637.6000000000006
2013-12-31 06:00:00,637.4000000000005
2013-12-31 17:00:00,638.2000000000006
2013-12-31 18:00:00,638.2000000000006
2013-12-31 20:00:00,636.5000000000006
2014-01-02 06:00:00,634.7000000000006
2014-01-02 14:00:00,637.1000000000006
2014-01-02 18:00:00,634.5000000000006
2014-01-02 20:00:00,634.7000000000006
2014-01-03 06:00:00,636.0000000000006
2014-01-03 14:00:00,635.1000000000006
2014-01-03 16:00:00,635.7000000000006
2014-01-03 18:00:00,635.8000000000006
2014-01-03 20:00:00,637.1000000000006
2014-01-06 06:00:00,633.9000000000005
2014-01-06 14:00:00,636.4000000000005
2014-01-06 15:00:00,636.5000000000006
2014-01-06 16:00:00,634.2000000000006
2014-01-06 17:00:00,633.9000000000005
2014-01-06 21:00:00,633.9000000000005
2014-01-07 06:00:00,639.5000000000006
2014-01-07 14:00:00,639.5000000000006
2014-01-07 18:00:00,640.7000000000006
2014-01-07 20:00:00,639.5000000000006
2014-01-08 06:00:00,644.2000000000006
2014-01-08 14:00:00,639.9000000000005
2014-01-08 17:00:00,643.6000000000006
2014-01-09 06:00:00,648.6000000000006
2014-01-09 14:00:00,647.7000000000006
2014-01-09 15:00:00,646.6000000000006
2014-01-09 16:00:00,644.9000000000005
2014-01-09 17:00:00,647.4000000000005
2014-01-09 18:00:00,647.8000000000006
2014-01-09 19:00:00,648.0000000000006
2014-01-09 20:00:00,648.6000000000006
2014-01-10 06:00:00,650.8000000000006
2014-01-10 14:00:00,648.4000000000005
2014-01-10 15:00:00,646.5000000000006
2014-01-10 16:00:00,646.2000000000006
2014-01-10 17:00:00,647.3000000000006
2014-01-10 18:00:00,648.7000000000006
2014-01-10 19:00:00,648.9000000000005
2014-01-10 20:00:00,650.2000000000006
2014-01-13 06:00:00,646.5000000000006
2014-01-13 14:00:00,650.4000000000005
2014-01-13 15:00:00,652.5000000000006
2014-01-13 16:00:00,652.5000000000006
2014-01-13 17:00:00,648.5000000000006
2014-01-13 18:00:00,647.7000000000006
2014-01-13 20:00:00,646.6000000000006
2014-01-14 06:00:00,653.5000000000006
2014-01-14 15:00:00,647.4000000000005
2014-01-14 17:00:00,652.3000000000006
2014-01-15 06:00:00,653.0000000000006
2014-01-15 14:00:00,651.8000000000006
2014-01-15 15:00:00,652.7000000000006
2014-01-15 20:00:00,653.0000000000006
2014-01-16 06:00:00,654.0000000000006
2014-01-16 14:00:00,654.4000000000005
2014-01-16 15:00:00,653.5000000000006
2014-01-16 16:00:00,653.8000000000006
2014-01-16 20:00:00,653.5000000000006
2014-01-17 06:00:00,653.4000000000005
2014-01-17 14:00:00,654.2000000000006
2014-01-17 15:00:00,654.4000000000005
2014-01-17 20:00:00,653.4000000000005
2014-01-21 06:00:00,656.6000000000006
2014-01-21 14:00:00,657.4000000000005
2014-01-21 16:00:00,654.0000000000006
2014-01-21 18:00:00,655.4000000000005
2014-01-21 20:00:00,656.7000000000006
2014-01-22 06:00:00,657.1000000000006
2014-01-22 14:00:00,657.7000000000006
2014-01-22 15:00:00,656.2000000000006
2014-01-22 16:00:00,656.0000000000006
2014-01-22 19:00:00,656.6000000000006
2014-01-23 06:00:00,653.2000000000006
2014-01-23 14:00:00,652.9000000000005
2014-01-23 15:00:00,652.1000000000006
2014-01-23 18:00:00,651.0000000000006
2014-01-23 20:00:00,652.8000000000006
2014-01-24 06:00:00,640.1000000000006
2014-01-24 14:00:00,650.5000000000006
2014-01-24 15:00:00,645.9000000000005
2014-01-24 16:00:00,643.8000000000006
2014-01-24 18:00:00,643.8000000000006
2014-01-24 19:00:00,643.2000000000006
2014-01-24 20:00:00,640.1000000000006
2014-01-27 06:00:00,635.5000000000006
2014-01-27 14:00:00,639.9000000000005
2014-01-27 19:00:00,639.1000000000006
2014-01-27 20:00:00,637.5000000000006
2014-01-28 06:00:00,642.2000000000006
2014-01-28 14:00:00,642.4000000000005
2014-01-28 17:00:00,641.0000000000006
2014-01-28 20:00:00,642.1000000000006
2014-01-29 06:00:00,637.6000000000006
2014-01-29 14:00:00,640.3000000000006
2014-01-29 15:00:00,640.7000000000006
2014-01-29 16:00:00,641.0000000000006
2014-01-29 18:00:00,639.5000000000006
2014-01-29 19:00:00,637.1000000000006
2014-01-29 20:00:00,637.6000000000006
2014-01-30 06:00:00,647.6000000000006
2014-01-30 14:00:00,645.2000000000006
2014-01-30 15:00:00,645.9000000000005
2014-01-30 16:00:00,646.9000000000005
2014-01-30 20:00:00,648.5000000000006
2014-01-30 21:00:00,647.4000000000005
2014-01-31 06:00:00,642.6000000000006
2014-01-31 14:00:00,641.7000000000006
2014-01-31 15:00:00,642.9000000000005
2014-01-31 16:00:00,643.0000000000006
2014-01-31 20:00:00,642.4000000000005
2014-02-03 06:00:00,631.4000000000005
2014-02-03 14:00:00,642.3000000000006
2014-02-03 15:00:00,641.5000000000006
2014-02-03 16:00:00,638.7000000000006
2014-02-03 20:00:00,631.2000000000006
2014-02-04 06:00:00,636.8000000000006
2014-02-04 14:00:00,637.0000000000006
2014-02-04 17:00:00,636.6000000000006
2014-02-04 20:00:00,636.8000000000006
2014-02-05 06:00:00,634.1000000000006
2014-02-05 14:00:00,637.0000000000006
2014-02-05 15:00:00,635.0000000000006
2014-02-05 18:00:00,636.2000000000006
2014-02-05 19:00:00,635.2000000000006
2014-02-06 06:00:00,636.7000000000006
2014-02-06 14:00:00,635.9000000000005
2014-02-06 15:00:00,637.3000000000006
2014-02-06 16:00:00,636.7000000000006
2014-02-07 06:00:00,646.1000000000006
2014-02-07 14:00:00,637.8000000000006
2014-02-07 15:00:00,638.2000000000006
2014-02-07 16:00:00,643.2000000000006
2014-02-07 17:00:00,643.2000000000006
2014-02-07 18:00:00,644.1000000000006
2014-02-07 19:00:00,644.7000000000006
2014-02-07 20:00:00,645.3000000000006
2014-02-10 06:00:00,651.4000000000005
2014-02-10 14:00:00,648.3000000000006
2014-02-10 15:00:00,647.4000000000005
2014-02-10 16:00:00,649.4000000000005
2014-02-10 17:00:00,649.7000000000006
2014-02-10 18:00:00,649.6000000000006
2014-02-10 19:00:00,651.0000000000006
2014-02-10 20:00:00,651.4000000000005
2014-02-10 21:00:00,651.6000000000006
2014-02-11 06:00:00,658.8000000000006
2014-02-11 14:00:00,650.4000000000005
2014-02-11 15:00:00,652.4000000000005
2014-02-11 16:00:00,654.4000000000005
2014-02-11 17:00:00,656.8000000000006
2014-02-11 19:00:00,657.4000000000005
2014-02-11 20:00:00,658.8000000000006
2014-02-12 06:00:00,658.4000000000005
2014-02-12 15:00:00,660.1000000000006
2014-02-12 20:00:00,658.4000000000005
2014-02-12 21:00:00,659.0000000000006
2014-02-13 06:00:00,662.9000000000005
2014-02-13 14:00:00,655.8000000000006
2014-02-13 15:00:00,660.0000000000006
2014-02-13 16:00:00,661.1000000000006
2014-02-13 19:00:00,662.6000000000006
2014-02-13 20:00:00,662.7000000000006
2014-02-14 06:00:00,665.2000000000006
2014-02-14 14:00:00,662.2000000000006
2014-02-14 20:00:00,665.3000000000006
2014-02-18 06:00:00,670.5000000000006
2014-02-18 14:00:00,668.8000000000006
2014-02-18 16:00:00,669.9000000000005
2014-02-18 17:00:00,671.1000000000006
2014-02-18 18:00:00,671.2000000000006
2014-02-18 19:00:00,671.5000000000006
2014-02-18 20:00:00,670.5000000000006
2014-02-19 06:00:00,666.9000000000005
2014-02-19 14:00:00,669.6000000000006
2014-02-19 15:00:00,672.1000000000006
2014-02-19 16:00:00,672.2000000000006
2014-02-19 17:00:00,668.4000000000005
2014-02-19 19:00:00,668.5000000000006
2014-02-19 20:00:00,666.9000000000005
2014-02-19 21:00:00,667.0000000000006
2014-02-20 06:00:00,672.3000000000006
2014-02-20 14:00:00,667.2000000000006
2014-02-20 15:00:00,670.3000000000006
2014-02-20 20:00:00,672.7000000000006
2014-02-21 06:00:00,671.4000000000005
2014-02-21 14:00:00,671.6000000000006
2014-02-24 06:00:00,675.9000000000005
2014-02-24 14:00:00,676.3000000000006
2014-02-24 15:00:00,678.0000000000006
2014-02-25 06:00:00,674.5000000000006
2014-02-25 14:00:00,675.7000000000006
2014-02-25 15:00:00,676.1000000000006
2014-02-25 16:00:00,675.7000000000006
2014-02-26 06:00:00,674.2000000000006
2014-02-26 14:00:00,675.4000000000005
2014-02-26 15:00:00,676.7000000000006
2014-02-26 16:00:00,676.9000000000005
2014-02-26 19:00:00,673.4000000000005
2014-02-26 20:00:00,674.2000000000006
2014-02-27 06:00:00,677.1000000000006
2014-02-27 15:00:00,673.9000000000005
2014-02-27 20:00:00,676.1000000000006
2014-02-28 06:00:00,677.2000000000006
2014-02-28 14:00:00,679.5000000000006
2014-02-28 20:00:00,676.7000000000006
2014-03-03 06:00:00,673.0000000000006
2014-03-03 14:00:00,673.9000000000005
2014-03-03 15:00:00,675.1000000000006
2014-03-03 19:00:00,674.4000000000005
2014-03-03 20:00:00,671.6000000000006
2014-03-04 06:00:00,684.1000000000006
2014-03-04 14:00:00,681.6000000000006
2014-03-04 17:00:00,683.3000000000006
2014-03-04 20:00:00,684.1000000000006
2014-03-04 21:00:00,684.1000000000006
2014-03-05 06:00:00,683.1000000000006
2014-03-05 14:00:00,682.7000000000006
2014-03-06 06:00:00,679.5000000000006
2014-03-06 14:00:00,686.6000000000006
2014-03-07 06:00:00,677.7000000000006
2014-03-07 14:00:00,678.3000000000006
2014-03-07 16:00:00,674.6000000000006
2014-03-07 18:00:00,676.7000000000006
2014-03-07 19:00:00,676.7000000000006
2014-03-07 20:00:00,676.9000000000005
2014-03-10 05:00:00,680.1000000000006
2014-03-10 13:00:00,676.8000000000006
2014-03-10 14:00:00,675.8000000000006
2014-03-11 05:00:00,678.9000000000005
2014-03-12 05:00:00,678.8000000000006
2014-03-13 05:00:00,671.5000000000006
2014-03-13 17:00:00,673.2000000000006
2014-03-14 05:00:00,668.0000000000006
2014-03-14 13:00:00,667.4000000000005
2014-03-17 05:00:00,672.9000000000005
2014-03-17 16:00:00,674.7000000000006
2014-03-18 05:00:00,679.7000000000006
2014-03-18 15:00:00,678.4000000000005
2014-03-18 19:00:00,679.7000000000006
2014-03-19 05:00:00,677.8000000000006
2014-03-19 13:00:00,681.1000000000006
2014-03-19 18:00:00,681.0000000000006
2014-03-20 05:00:00,677.4000000000005
2014-03-20 13:00:00,674.8000000000006
2014-03-20 14:00:00,675.9000000000005
2014-03-20 19:00:00,677.3000000000006
2014-03-21 05:00:00,666.7000000000006
2014-03-21 13:00:00,680.1000000000006
2014-03-21 14:00:00,674.4000000000005
2014-03-21 15:00:00,674.5000000000006
2014-03-21 16:00:00,674.0000000000006
2014-03-21 17:00:00,670.0000000000006
2014-03-21 18:00:00,668.3000000000006
2014-03-21 19:00:00,666.7000000000006
2014-03-21 20:00:00,666.7000000000006
2014-03-24 05:00:00,660.1000000000006
2014-03-24 13:00:00,660.6000000000006
2014-03-24 14:00:00,658.7000000000006
2014-03-24 15:00:00,657.8000000000006
2014-03-24 17:00:00,658.3000000000006
2014-03-24 19:00:00,660.1000000000006
2014-03-25 05:00:00,664.9000000000005
2014-03-25 13:00:00,665.2000000000006
2014-03-25 17:00:00,666.0000000000006
2014-03-25 18:00:00,665.2000000000006
2014-03-26 05:00:00,665.3000000000006
2014-03-26 13:00:00,669.6000000000006
2014-03-26 15:00:00,670.0000000000006
2014-03-26 19:00:00,668.6000000000006
2014-03-27 05:00:00,663.8000000000006
2014-03-27 13:00:00,663.3000000000006
2014-03-27 14:00:00,667.1000000000006
2014-03-27 15:00:00,663.8000000000006
2014-03-28 05:00:00,661.5000000000006
2014-03-28 13:00:00,669.9000000000005
2014-03-28 14:00:00,668.7000000000006
2014-03-28 15:00:00,668.6000000000006
2014-03-28 17:00:00,664.0000000000006
2014-03-28 18:00:00,661.5000000000006
2014-03-31 05:00:00,669.0000000000006
2014-03-31 13:00:00,666.8000000000006
2014-03-31 14:00:00,667.9000000000005
2014-03-31 19:00:00,669.0000000000006
2014-03-31 20:00:00,669.2000000000006
2014-04-01 05:00:00,673.1000000000006
2014-04-01 13:00:00,674.2000000000006
2014-04-01 16:00:00,670.4000000000005
2014-04-02 05:00:00,675.5000000000006
2014-04-02 13:00:00,674.6000000000006
2014-04-02 14:00:00,674.6000000000006
2014-04-03 05:00:00,673.8000000000006
2014-04-03 13:00:00,675.9000000000005
2014-04-03 14:00:00,671.7000000000006
2014-04-03 15:00:00,671.9000000000005
2014-04-03 16:00:00,671.2000000000006
2014-04-03 19:00:00,671.9000000000005
2014-04-04 05:00:00,665.1000000000006
2014-04-04 13:00:00,676.4000000000005
2014-04-04 14:00:00,678.2000000000006
2014-04-04 15:00:00,675.3000000000006
2014-04-04 16:00:00,668.5000000000006
2014-04-04 17:00:00,669.6000000000006
2014-04-04 19:00:00,666.1000000000006
2014-04-07 05:00:00,658.6000000000006
2014-04-07 13:00:00,661.7000000000006
2014-04-07 14:00:00,668.0000000000006
2014-04-07 15:00:00,662.5000000000006
2014-04-07 18:00:00,657.7000000000006
2014-04-07 19:00:00,658.6000000000006
2014-04-08 05:00:00,654.2000000000006
2014-04-08 13:00:00,656.1000000000006
2014-04-08 14:00:00,654.9000000000005
2014-04-08 16:00:00,656.5000000000006
2014-04-08 17:00:00,656.6000000000006
2014-04-08 18:00:00,654.4000000000005
2014-04-08 19:00:00,654.2000000000006
2014-04-09 05:00:00,666.1000000000006
2014-04-09 13:00:00,655.9000000000005
2014-04-09 14:00:00,658.2000000000006
2014-04-09 15:00:00,659.4000000000005
2014-04-09 16:00:00,660.9000000000005
2014-04-09 17:00:00,659.8000000000006
2014-04-09 18:00:00,663.6000000000006
2014-04-09 19:00:00,665.1000000000006
2014-04-10 05:00:00,648.0000000000006
2014-04-10 13:00:00,666.1000000000006
2014-04-10 14:00:00,659.6000000000006
2014-04-10 15:00:00,656.6000000000006
2014-04-10 16:00:00,652.7000000000006
2014-04-10 17:00:00,650.5000000000006
2014-04-10 19:00:00,648.6000000000006
2014-04-11 05:00:00,642.1000000000006
2014-04-11 13:00:00,647.2000000000006
2014-04-11 14:00:00,649.1000000000006
2014-04-11 15:00:00,650.0000000000006
2014-04-11 17:00:00,646.5000000000006
2014-04-11 18:00:00,644.6000000000006
2014-04-11 19:00:00,642.1000000000006
2014-04-11 20:00:00,641.8000000000006
2014-04-14 05:00:00,644.3000000000006
2014-04-14 13:00:00,643.5000000000006
2014-04-14 16:00:00,644.8000000000006
2014-04-14 17:00:00,644.5000000000006
2014-04-14 18:00:00,641.2000000000006
2014-04-15 05:00:00,650.0000000000006
2014-04-15 13:00:00,651.2000000000006
2014-04-15 14:00:00,645.6000000000006
2014-04-15 15:00:00,641.1000000000006
2014-04-15 16:00:00,640.7000000000006
2014-04-15 17:00:00,643.2000000000006
2014-04-15 18:00:00,649.2000000000006
2014-04-15 19:00:00,649.7000000000006
2014-04-16 05:00:00,653.3000000000006
2014-04-16 13:00:00,653.3000000000006
2014-04-16 14:00:00,653.4000000000005
2014-04-16 15:00:00,651.7000000000006
2014-04-16 19:00:00,653.1000000000006
2014-04-17 05:00:00,653.9000000000005
2014-04-17 13:00:00,652.1000000000006
2014-04-17 14:00:00,654.3000000000006
2014-04-17 17:00:00,655.1000000000006
2014-04-21 05:00:00,660.0000000000006
2014-04-21 13:00:00,656.3000000000006
2014-04-21 14:00:00,655.5000000000006
2014-04-21 22:00:00,660.6000000000006
2014-04-22 05:00:00,666.5000000000006
2014-04-22 13:00:00,665.0000000000006
2014-04-22 14:00:00,667.8000000000006
2014-04-22 19:00:00,666.6000000000006
2014-04-23 05:00:00,663.4000000000005
2014-04-23 13:00:00,664.6000000000006
2014-04-23 14:00:00,664.3000000000006
2014-04-23 17:00:00,663.7000000000006
2014-04-23 18:00:00,662.8000000000006
2014-04-23 19:00:00,663.4000000000005
2014-04-24 05:00:00,662.7000000000006
2014-04-24 13:00:00,660.0000000000006
2014-04-24 14:00:00,659.2000000000006
2014-04-24 15:00:00,664.4000000000005
2014-04-25 05:00:00,658.3000000000006
2014-04-25 13:00:00,661.5000000000006
2014-04-25 14:00:00,659.8000000000006
2014-04-25 18:00:00,657.5000000000006
2014-04-25 19:00:00,658.3000000000006
2014-04-25 20:00:00,660.0000000000006
2014-04-28 05:00:00,661.5000000000006
2014-04-28 13:00:00,661.6000000000006
2014-04-28 14:00:00,664.6000000000006
2014-04-28 15:00:00,664.3000000000006
2014-04-28 16:00:00,658.2000000000006
2014-04-28 17:00:00,655.3000000000006
2014-04-29 05:00:00,665.2000000000006
2014-04-29 13:00:00,661.9000000000005
2014-04-29 14:00:00,661.8000000000006
2014-04-29 16:00:00,665.1000000000006
2014-04-29 17:00:00,665.0000000000006
2014-04-29 19:00:00,665.2000000000006
2014-04-30 05:00:00,665.8000000000006
2014-04-30 13:00:00,663.8000000000006
2014-04-30 14:00:00,662.5000000000006
2014-04-30 15:00:00,665.4000000000005
2014-04-30 16:00:00,664.5000000000006
2014-04-30 17:00:00,663.5000000000006
2014-04-30 18:00:00,664.0000000000006
2014-04-30 20:00:00,665.9000000000005
2014-05-01 05:00:00,667.1000000000006
2014-05-01 13:00:00,664.4000000000005
2014-05-01 14:00:00,666.5000000000006
2014-05-01 15:00:00,668.8000000000006
2014-05-02 05:00:00,662.3000000000006
2014-05-02 13:00:00,664.6000000000006
2014-05-02 17:00:00,662.9000000000005
2014-05-02 18:00:00,660.9000000000005
2014-05-05 05:00:00,665.5000000000006
2014-05-05 13:00:00,659.0000000000006
2014-05-05 14:00:00,662.5000000000006
2014-05-05 18:00:00,664.3000000000006
2014-05-06 05:00:00,660.5000000000006
2014-05-06 13:00:00,663.3000000000006
2014-05-06 16:00:00,663.6000000000006
2014-05-06 17:00:00,662.5000000000006
2014-05-06 18:00:00,661.5000000000006
2014-05-06 19:00:00,660.5000000000006
2014-05-07 05:00:00,662.1000000000006
2014-05-07 13:00:00,660.2000000000006
2014-05-07 14:00:00,656.8000000000006
2014-05-07 15:00:00,660.1000000000006
2014-05-07 16:00:00,659.1000000000006
2014-05-07 17:00:00,659.4000000000005
2014-05-07 18:00:00,660.3000000000006
2014-05-07 19:00:00,662.1000000000006
2014-05-08 05:00:00,659.1000000000006
2014-05-08 12:00:00,659.6000000000006
2014-05-08 13:00:00,664.4000000000005
2014-05-08 14:00:00,664.9000000000005
2014-05-08 15:00:00,665.3000000000006
2014-05-08 16:00:00,664.1000000000006
2014-05-08 17:00:00,661.0000000000006
2014-05-08 18:00:00,658.9000000000005
2014-05-08 19:00:00,659.1000000000006
2014-05-09 05:00:00,662.2000000000006
2014-05-09 13:00:00,657.4000000000005
2014-05-09 14:00:00,658.6000000000006
2014-05-09 15:00:00,656.6000000000006
2014-05-09 18:00:00,660.7000000000006
2014-05-09 19:00:00,662.2000000000006
2014-05-12 05:00:00,668.6000000000006
2014-05-12 13:00:00,666.5000000000006
2014-05-12 14:00:00,666.9000000000005
2014-05-12 15:00:00,667.0000000000006
2014-05-12 18:00:00,668.1000000000006
2014-05-12 19:00:00,668.6000000000006
2014-05-13 05:00:00,669.7000000000006
2014-05-13 13:00:00,669.5000000000006
2014-05-13 16:00:00,669.7000000000006
2014-05-14 05:00:00,670.1000000000006
2014-05-14 14:00:00,669.2000000000006
2014-05-14 15:00:00,670.7000000000006
2014-05-14 16:00:00,670.9000000000005
2014-05-14 18:00:00,670.1000000000006
2014-05-14 20:00:00,669.9000000000005
2014-05-15 05:00:00,663.3000000000006
2014-05-15 13:00:00,665.2000000000006
2014-05-15 14:00:00,664.0000000000006
2014-05-15 16:00:00,662.3000000000006
2014-05-15 17:00:00,662.5000000000006
2014-05-16 05:00:00,665.6000000000006
2014-05-16 13:00:00,665.3000000000006
2014-05-16 14:00:00,663.6000000000006
2014-05-16 16:00:00,663.6000000000006
2014-05-19 05:00:00,669.3000000000006
2014-05-19 13:00:00,667.7000000000006
2014-05-19 14:00:00,668.8000000000006
2014-05-20 05:00:00,666.0000000000006
2014-05-20 13:00:00,667.8000000000006
2014-05-20 14:00:00,667.6000000000006
2014-05-20 15:00:00,668.5000000000006
2014-05-20 16:00:00,666.1000000000006
2014-05-20 17:00:00,665.0000000000006
2014-05-20 18:00:00,664.7000000000006
2014-05-20 19:00:00,666.0000000000006
2014-05-21 05:00:00,670.5000000000006
2014-05-21 13:00:00,669.6000000000006
2014-05-21 14:00:00,670.4000000000005
2014-05-21 15:00:00,668.4000000000005
2014-05-21 16:00:00,669.5000000000006
2014-05-21 17:00:00,670.1000000000006
2014-05-21 18:00:00,670.4000000000005
2014-05-21 19:00:00,670.5000000000006
2014-05-22 05:00:00,674.2000000000006
2014-05-22 13:00:00,669.4000000000005
2014-05-22 14:00:00,672.9000000000005
2014-05-22 15:00:00,675.8000000000006
2014-05-22 16:00:00,675.9000000000005
2014-05-23 05:00:00,674.3000000000006
2014-05-23 13:00:00,672.7000000000006
2014-05-27 05:00:00,677.5000000000006
2014-05-27 13:00:00,676.1000000000006
2014-05-27 14:00:00,676.3000000000006
2014-05-27 18:00:00,676.9000000000005
2014-05-27 19:00:00,677.1000000000006
2014-05-28 05:00:00,676.6000000000006
2014-05-28 13:00:00,677.8000000000006
2014-05-28 14:00:00,677.1000000000006
2014-05-28 15:00:00,677.9000000000005
2014-05-28 16:00:00,678.1000000000006
2014-05-29 05:00:00,680.4000000000005
2014-05-29 13:00:00,678.6000000000006
2014-05-29 18:00:00,679.9000000000005
2014-05-29 19:00:00,680.4000000000005
2014-05-30 05:00:00,682.1000000000006
2014-05-30 16:00:00,679.8000000000006
2014-05-30 18:00:00,681.8000000000006
2014-05-30 19:00:00,681.7000000000006
2014-05-30 20:00:00,682.0000000000006
2014-06-02 05:00:00,683.0000000000006
2014-06-02 13:00:00,681.0000000000006
2014-06-02 14:00:00,681.0000000000006
2014-06-02 15:00:00,682.2000000000006
2014-06-02 16:00:00,682.0000000000006
2014-06-02 18:00:00,682.7000000000006
2014-06-03 05:00:00,684.1000000000006
2014-06-03 14:00:00,682.8000000000006
2014-06-03 15:00:00,682.5000000000006
2014-06-03 20:00:00,684.3000000000006
2014-06-04 05:00:00,685.5000000000006
2014-06-04 13:00:00,684.0000000000006
2014-06-04 14:00:00,683.3000000000006
2014-06-04 15:00:00,684.9000000000005
2014-06-04 20:00:00,685.7000000000006
2014-06-05 05:00:00,686.8000000000006
2014-06-05 13:00:00,683.9000000000005
2014-06-05 14:00:00,684.3000000000006
2014-06-05 15:00:00,685.6000000000006
2014-06-05 16:00:00,688.1000000000006
2014-06-05 20:00:00,686.7000000000006
2014-06-06 05:00:00,685.8000000000006
2014-06-06 13:00:00,687.2000000000006
2014-06-06 14:00:00,685.3000000000006
2014-06-06 16:00:00,685.9000000000005
2014-06-06 17:00:00,685.5000000000006
2014-06-06 18:00:00,685.5000000000006
2014-06-06 19:00:00,685.6000000000006
2014-06-09 05:00:00,683.0000000000006
2014-06-09 13:00:00,682.6000000000006
2014-06-09 14:00:00,683.8000000000006
2014-06-09 15:00:00,684.0000000000006
2014-06-09 16:00:00,684.0000000000006
2014-06-09 17:00:00,683.0000000000006
2014-06-09 18:00:00,682.2000000000006
2014-06-09 19:00:00,683.0000000000006
2014-06-10 05:00:00,684.2000000000006
2014-06-10 13:00:00,682.8000000000006
2014-06-10 14:00:00,681.2000000000006
2014-06-10 15:00:00,682.6000000000006
2014-06-10 16:00:00,681.8000000000006
2014-06-10 19:00:00,684.0000000000006
2014-06-11 05:00:00,684.0000000000006
2014-06-11 17:00:00,684.5000000000006
2014-06-12 05:00:00,681.6000000000006
2014-06-13 05:00:00,680.9000000000005
2014-06-16 05:00:00,681.4000000000005
2014-06-16 14:00:00,683.9000000000005
2014-06-16 15:00:00,682.9000000000005
2014-06-16 16:00:00,681.3000000000005
2014-06-16 18:00:00,681.8000000000005
2014-06-16 19:00:00,681.3000000000005
2014-06-17 05:00:00,681.6000000000006
2014-06-17 14:00:00,680.3000000000005
2014-06-17 15:00:00,680.2000000000005
2014-06-17 17:00:00,681.3000000000005
2014-06-17 18:00:00,682.4000000000005
2014-06-18 05:00:00,685.8000000000005
2014-06-18 13:00:00,681.1000000000006
2014-06-18 15:00:00,681.2000000000005
2014-06-19 05:00:00,687.7000000000005
2014-06-19 13:00:00,687.4000000000005
2014-06-19 14:00:00,687.1000000000006
2014-06-20 05:00:00,692.9000000000005
2014-06-20 14:00:00,691.5000000000006
2014-06-20 17:00:00,692.4000000000005
2014-06-20 18:00:00,692.1000000000006
2014-06-23 05:00:00,691.0000000000006
2014-06-23 13:00:00,693.6000000000006
2014-06-23 14:00:00,691.5000000000006
2014-06-23 15:00:00,691.2000000000005
2014-06-23 16:00:00,691.4000000000005
2014-06-23 17:00:00,691.3000000000005
2014-06-23 18:00:00,690.8000000000005
2014-06-23 19:00:00,691.0000000000006
2014-06-23 20:00:00,691.3000000000005
2014-06-24 05:00:00,691.6000000000006
2014-06-24 13:00:00,693.1000000000006
2014-06-24 14:00:00,695.4000000000005
2014-06-24 15:00:00,694.2000000000005
2014-06-24 16:00:00,694.2000000000005
2014-06-24 17:00:00,693.4000000000005
2014-06-24 18:00:00,693.6000000000006
2014-06-24 19:00:00,691.6000000000006
2014-06-24 20:00:00,691.7000000000005
2014-06-25 05:00:00,697.5000000000006
2014-06-25 13:00:00,695.6000000000006
2014-06-25 14:00:00,696.3000000000005
2014-06-25 15:00:00,696.8000000000005
2014-06-26 05:00:00,698.0000000000006
2014-06-26 13:00:00,695.0000000000006
2014-06-26 14:00:00,695.3000000000005
2014-06-26 17:00:00,697.5000000000006
2014-06-27 05:00:00,696.9000000000005
2014-06-27 13:00:00,696.1000000000006
2014-06-27 14:00:00,695.9000000000005
2014-06-27 16:00:00,696.4000000000005
2014-06-27 17:00:00,695.7000000000005
2014-06-27 19:00:00,696.8000000000005
2014-06-30 05:00:00,694.6000000000006
2014-06-30 13:00:00,698.1000000000006
2014-06-30 15:00:00,696.3000000000005
2014-06-30 18:00:00,695.4000000000005
2014-06-30 19:00:00,694.4000000000005
2014-07-01 05:00:00,703.0000000000006
2014-07-01 13:00:00,698.2000000000005
2014-07-01 14:00:00,699.9000000000005
2014-07-01 15:00:00,701.9000000000005
2014-07-01 16:00:00,702.0000000000006
2014-07-01 18:00:00,703.0000000000006
2014-07-02 05:00:00,706.8000000000005
2014-07-02 13:00:00,703.1000000000006
2014-07-02 14:00:00,704.8000000000005
2014-07-02 15:00:00,705.4000000000005
2014-07-02 16:00:00,706.1000000000006
2014-07-02 18:00:00,705.8000000000005
2014-07-02 19:00:00,706.6000000000006
2014-07-03 05:00:00,709.2000000000005
2014-07-03 16:00:00,708.6000000000006
2014-07-03 17:00:00,709.1000000000006
2014-07-07 05:00:00,704.9000000000005
2014-07-07 13:00:00,708.1000000000006
2014-07-07 14:00:00,708.1000000000006
2014-07-07 17:00:00,705.0000000000006
2014-07-07 18:00:00,705.2000000000005
2014-07-07 19:00:00,704.9000000000005
2014-07-08 05:00:00,699.0000000000006
2014-07-08 13:00:00,700.1000000000006
2014-07-08 14:00:00,698.9000000000005
2014-07-08 16:00:00,697.8000000000005
2014-07-08 19:00:00,698.8000000000005
2014-07-09 05:00:00,701.1000000000006
2014-07-09 13:00:00,698.7000000000005
2014-07-09 14:00:00,700.3000000000005
2014-07-10 05:00:00,701.3000000000005
2014-07-10 13:00:00,695.5000000000006
2014-07-10 14:00:00,698.0000000000006
2014-07-10 17:00:00,701.9000000000005
2014-07-10 19:00:00,701.3000000000005
2014-07-11 05:00:00,702.7000000000005
2014-07-11 13:00:00,700.2000000000005
2014-07-11 18:00:00,702.6000000000006
2014-07-11 19:00:00,702.8000000000005
2014-07-14 05:00:00,705.1000000000006
2014-07-14 13:00:00,703.9000000000005
2014-07-14 14:00:00,703.9000000000005
2014-07-14 15:00:00,705.4000000000005
2014-07-15 05:00:00,699.1000000000006
2014-07-15 13:00:00,703.4000000000005
2014-07-15 14:00:00,701.6000000000006
2014-07-15 15:00:00,699.7000000000005
2014-07-15 16:00:00,699.0000000000006
2014-07-16 05:00:00,697.0000000000006
2014-07-16 13:00:00,698.4000000000005
2014-07-16 14:00:00,697.0000000000006
2014-07-16 15:00:00,695.5000000000006
2014-07-16 16:00:00,696.4000000000005
2014-07-17 05:00:00,690.7000000000005
2014-07-17 13:00:00,698.5000000000006
2014-07-17 14:00:00,698.7000000000005
2014-07-17 15:00:00,697.5000000000006
2014-07-17 16:00:00,695.0000000000006
2014-07-17 17:00:00,697.8000000000005
2014-07-17 18:00:00,694.9000000000005
2014-07-17 19:00:00,693.7000000000005
2014-07-18 05:00:00,700.2000000000005
2014-07-18 13:00:00,693.8000000000005
2014-07-18 14:00:00,694.7000000000005
2014-07-18 15:00:00,697.3000000000005
2014-07-18 16:00:00,697.7000000000005
2014-07-18 17:00:00,697.4000000000005
2014-07-18 18:00:00,698.4000000000005
2014-07-21 05:00:00,697.8000000000005
2014-07-21 13:00:00,697.0000000000006
2014-07-21 14:00:00,696.5000000000006
2014-07-21 15:00:00,697.0000000000006
2014-07-22 05:00:00,703.4000000000005
2014-07-22 13:00:00,702.8000000000005
2014-07-22 14:00:00,704.0000000000006
2014-07-22 15:00:00,704.4000000000005
2014-07-22 19:00:00,703.4000000000005
2014-07-23 05:00:00,708.4000000000005
2014-07-23 13:00:00,707.4000000000005
2014-07-23 14:00:00,706.4000000000005
2014-07-23 15:00:00,706.2000000000005
2014-07-23 16:00:00,707.5000000000006
2014-07-23 19:00:00,708.4000000000005
2014-07-23 20:00:00,708.2000000000005
2014-07-24 05:00:00,707.3000000000005
2014-07-24 13:00:00,707.0000000000006
2014-07-24 14:00:00,707.5000000000006
2014-07-24 15:00:00,707.7000000000005
2014-07-24 17:00:00,707.1000000000006
2014-07-24 18:00:00,707.4000000000005
2014-07-24 19:00:00,707.3000000000005
2014-07-25 05:00:00,705.0000000000006
2014-07-25 13:00:00,705.4000000000005
2014-07-25 14:00:00,705.6000000000006
2014-07-28 05:00:00,705.7000000000005
2014-07-28 13:00:00,703.3000000000005
2014-07-28 14:00:00,703.2000000000005
2014-07-28 15:00:00,705.0000000000006
2014-07-28 17:00:00,705.7000000000005
2014-07-29 05:00:00,706.0000000000006
2014-07-29 13:00:00,706.2000000000005
2014-07-29 14:00:00,707.2000000000005
2014-07-29 15:00:00,705.7000000000005
2014-07-29 16:00:00,707.6000000000006
2014-07-29 18:00:00,707.4000000000005
2014-07-29 19:00:00,706.0000000000006
2014-07-30 05:00:00,708.3000000000005
2014-07-30 13:00:00,709.2000000000005
2014-07-30 14:00:00,706.8000000000005
2014-07-30 15:00:00,706.3000000000005
2014-07-30 17:00:00,708.1000000000006
2014-07-30 18:00:00,710.4000000000005
2014-07-30 19:00:00,709.0000000000006
2014-07-31 05:00:00,695.2000000000005
2014-07-31 13:00:00,702.6000000000006
2014-07-31 14:00:00,699.4000000000005
2014-07-31 16:00:00,698.7000000000005
2014-07-31 17:00:00,698.6000000000006
2014-07-31 18:00:00,697.0000000000006
2014-07-31 19:00:00,696.1000000000006
2014-08-01 05:00:00,695.2000000000005
2014-08-01 13:00:00,698.4000000000005
2014-08-01 15:00:00,694.2000000000005
2014-08-01 17:00:00,694.7000000000005
2014-08-04 05:00:00,698.3000000000005
2014-08-04 13:00:00,696.6000000000006
2014-08-04 14:00:00,693.1000000000006
2014-08-04 15:00:00,694.1000000000006
2014-08-04 16:00:00,694.8000000000005
2014-08-04 17:00:00,696.1000000000006
2014-08-04 18:00:00,698.3000000000005
2014-08-05 05:00:00,692.8000000000005
2014-08-05 13:00:00,694.4000000000005
2014-08-05 14:00:00,695.9000000000005
2014-08-05 15:00:00,696.9000000000005
2014-08-05 16:00:00,695.1000000000006
2014-08-05 17:00:00,693.4000000000005
2014-08-05 18:00:00,691.5000000000006
2014-08-05 19:00:00,692.8000000000005
2014-08-06 05:00:00,692.0000000000006
2014-08-06 13:00:00,690.6000000000006
2014-08-06 14:00:00,691.1000000000006
2014-08-06 15:00:00,693.7000000000005
2014-08-06 16:00:00,692.9000000000005
2014-08-06 19:00:00,692.0000000000006
2014-08-07 05:00:00,684.7000000000005
2014-08-07 13:00:00,692.2000000000005
2014-08-07 14:00:00,689.7000000000005
2014-08-07 15:00:00,687.0000000000006
2014-08-07 16:00:00,686.3000000000005
2014-08-07 18:00:00,686.6000000000006
2014-08-07 19:00:00,685.1000000000006
2014-08-08 05:00:00,691.1000000000006
2014-08-08 13:00:00,684.3000000000005
2014-08-08 14:00:00,684.9000000000005
2014-08-08 15:00:00,687.7000000000005
2014-08-08 16:00:00,687.9000000000005
2014-08-08 17:00:00,690.1000000000006
2014-08-08 18:00:00,690.2000000000005
2014-08-08 19:00:00,690.4000000000005
2014-08-11 05:00:00,691.6000000000006
2014-08-11 13:00:00,691.9000000000005
2014-08-11 14:00:00,693.5000000000006
2014-08-11 15:00:00,694.3000000000005
2014-08-11 16:00:00,693.4000000000005
2014-08-11 17:00:00,692.5000000000006
2014-08-11 20:00:00,691.1000000000006
2014-08-12 05:00:00,691.0000000000006
2014-08-12 13:00:00,691.0000000000006
2014-08-12 14:00:00,691.1000000000006
2014-08-12 15:00:00,690.0000000000006
2014-08-12 16:00:00,689.6000000000006
2014-08-12 17:00:00,690.9000000000005
2014-08-12 19:00:00,691.1000000000006
2014-08-13 05:00:00,697.8000000000005
2014-08-13 13:00:00,693.9000000000005
2014-08-13 14:00:00,696.0000000000006
2014-08-13 15:00:00,697.8000000000005
2014-08-13 16:00:00,697.0000000000006
2014-08-13 17:00:00,698.0000000000006
2014-08-13 18:00:00,697.5000000000006
2014-08-13 19:00:00,697.8000000000005
2014-08-13 20:00:00,697.9000000000005
2014-08-14 05:00:00,704.8000000000005
2014-08-14 13:00:00,701.6000000000006
2014-08-14 14:00:00,702.5000000000006
2014-08-14 15:00:00,702.6000000000006
2014-08-14 16:00:00,703.4000000000005
2014-08-14 17:00:00,703.6000000000006
2014-08-14 19:00:00,704.5000000000006
2014-08-15 05:00:00,705.2000000000005
2014-08-15 13:00:00,707.1000000000006
2014-08-15 14:00:00,703.0000000000006
2014-08-15 15:00:00,702.4000000000005
2014-08-15 16:00:00,701.4000000000005
2014-08-15 19:00:00,705.0000000000006
2014-08-18 05:00:00,710.3000000000005
2014-08-18 13:00:00,709.2000000000005
2014-08-18 14:00:00,710.5000000000006
2014-08-18 15:00:00,710.9000000000005
2014-08-18 16:00:00,710.7000000000005
2014-08-18 19:00:00,710.3000000000005
2014-08-18 20:00:00,710.4000000000005
2014-08-19 05:00:00,714.3000000000005
2014-08-19 13:00:00,710.9000000000005
2014-08-19 14:00:00,711.5000000000006
2014-08-19 15:00:00,711.3000000000005
2014-08-19 16:00:00,711.1000000000006
2014-08-19 17:00:00,711.8000000000005
2014-08-20 05:00:00,714.9000000000005
2014-08-20 13:00:00,713.7000000000005
2014-08-20 14:00:00,715.1000000000006
2014-08-20 15:00:00,714.3000000000005
2014-08-20 16:00:00,714.3000000000005
2014-08-20 17:00:00,714.7000000000005
2014-08-20 18:00:00,714.9000000000005
2014-08-20 19:00:00,714.9000000000005
2014-08-20 20:00:00,714.5000000000006
2014-08-21 05:00:00,715.5000000000006
2014-08-21 13:00:00,717.1000000000006
2014-08-21 14:00:00,717.0000000000006
2014-08-21 15:00:00,715.7000000000005
2014-08-21 16:00:00,715.2000000000005
2014-08-21 18:00:00,715.6000000000006
2014-08-21 19:00:00,715.5000000000006
2014-08-22 05:00:00,715.7000000000005
2014-08-22 13:00:00,715.4000000000005
2014-08-22 14:00:00,716.4000000000005
2014-08-22 15:00:00,716.4000000000005
2014-08-22 16:00:00,717.5000000000006
2014-08-22 19:00:00,715.7000000000005
2014-08-25 05:00:00,720.3000000000005
2014-08-25 13:00:00,720.7000000000005
2014-08-25 14:00:00,721.5000000000006
2014-08-25 15:00:00,721.3000000000005
2014-08-25 16:00:00,720.2000000000005
2014-08-26 05:00:00,722.9000000000005
2014-08-26 13:00:00,721.4000000000005
2014-08-26 14:00:00,721.7000000000005
2014-08-26 15:00:00,723.1000000000006
2014-08-26 16:00:00,722.6000000000006
2014-08-26 17:00:00,722.1000000000006
2014-08-27 05:00:00,722.9000000000005
2014-08-27 13:00:00,723.0000000000006
2014-08-27 14:00:00,724.3000000000005
2014-08-27 15:00:00,724.3000000000005
2014-08-27 16:00:00,724.0000000000006
2014-08-27 17:00:00,723.8000000000005
2014-08-27 18:00:00,722.9000000000005
2014-08-28 05:00:00,722.4000000000005
2014-08-28 13:00:00,723.4000000000005
2014-08-28 14:00:00,723.5000000000006
2014-08-28 15:00:00,722.4000000000005
2014-08-28 16:00:00,723.0000000000006
2014-08-28 17:00:00,722.8000000000005
2014-08-28 18:00:00,722.4000000000005
2014-08-28 19:00:00,722.4000000000005
2014-08-29 05:00:00,724.8000000000005
2014-08-29 13:00:00,722.6000000000006
2014-08-29 14:00:00,723.7000000000005
2014-08-29 15:00:00,724.9000000000005
2014-08-29 16:00:00,724.5000000000006
2014-08-29 17:00:00,723.6000000000006
2014-08-29 18:00:00,723.3000000000005
2014-08-29 19:00:00,724.8000000000005
2014-09-02 05:00:00,724.6000000000006
2014-09-02 13:00:00,723.3000000000005
2014-09-02 14:00:00,724.3000000000005
2014-09-02 15:00:00,723.8000000000005
2014-09-02 16:00:00,723.1000000000006
2014-09-03 05:00:00,727.5000000000006
2014-09-03 13:00:00,728.2000000000005
2014-09-03 14:00:00,728.1000000000006
2014-09-03 15:00:00,726.9000000000005
2014-09-03 16:00:00,727.3000000000005
2014-09-03 17:00:00,727.4000000000005
2014-09-03 18:00:00,726.9000000000005
2014-09-03 19:00:00,727.5000000000006
2014-09-04 05:00:00,724.0000000000006
2014-09-04 13:00:00,729.7000000000005
2014-09-04 14:00:00,730.3000000000005
2014-09-04 15:00:00,729.3000000000005
2014-09-04 17:00:00,728.0000000000006
2014-09-04 18:00:00,727.2000000000005
2014-09-04 19:00:00,723.7000000000005
2014-09-05 05:00:00,727.6000000000006
2014-09-05 13:00:00,723.2000000000005
2014-09-05 14:00:00,721.0000000000006
2014-09-05 15:00:00,720.8000000000005
2014-09-05 16:00:00,724.2000000000005
2014-09-05 17:00:00,725.3000000000005
2014-09-05 18:00:00,726.4000000000005
2014-09-08 05:00:00,728.2000000000005
2014-09-08 13:00:00,727.3000000000005
2014-09-08 14:00:00,727.2000000000005
2014-09-08 15:00:00,727.6000000000006
2014-09-08 16:00:00,728.4000000000005
2014-09-08 17:00:00,727.3000000000005
2014-09-08 18:00:00,726.6000000000006
2014-09-09 05:00:00,726.4000000000005
2014-09-09 13:00:00,725.7000000000005
2014-09-09 14:00:00,727.1000000000006
2014-09-09 17:00:00,729.0000000000006
2014-09-09 18:00:00,727.3000000000005
2014-09-09 19:00:00,726.4000000000005
2014-09-09 20:00:00,726.5000000000006
2014-09-10 05:00:00,731.1000000000006
2014-09-10 13:00:00,726.9000000000005
2014-09-10 14:00:00,727.7000000000005
2014-09-10 15:00:00,728.2000000000005
2014-09-10 17:00:00,730.7000000000005
2014-09-10 18:00:00,730.7000000000005
2014-09-10 19:00:00,731.2000000000005
2014-09-11 05:00:00,728.9000000000005
2014-09-11 13:00:00,728.3000000000005
2014-09-11 14:00:00,726.3000000000005
2014-09-11 16:00:00,727.8000000000005
2014-09-11 17:00:00,726.6000000000005
2014-09-11 18:00:00,728.2000000000005
2014-09-12 05:00:00,724.5000000000005
2014-09-12 13:00:00,726.7000000000005
2014-09-12 14:00:00,726.7000000000005
2014-09-12 15:00:00,725.8000000000005
2014-09-12 16:00:00,725.0000000000005
2014-09-12 17:00:00,723.7000000000005
2014-09-12 18:00:00,724.2000000000005
2014-09-12 19:00:00,724.5000000000005
2014-09-15 05:00:00,722.8000000000005
2014-09-15 13:00:00,721.2000000000005
2014-09-15 14:00:00,721.3000000000005
2014-09-15 15:00:00,721.7000000000005
2014-09-15 16:00:00,722.0000000000005
2014-09-16 05:00:00,731.1000000000005
2014-09-16 13:00:00,724.2000000000005
2014-09-16 14:00:00,724.4000000000005
2014-09-16 15:00:00,727.4000000000005
2014-09-16 16:00:00,728.8000000000005
2014-09-16 17:00:00,730.4000000000005
2014-09-17 05:00:00,732.0000000000005
2014-09-17 13:00:00,730.9000000000005
2014-09-17 14:00:00,731.2000000000005
2014-09-17 15:00:00,730.2000000000005
2014-09-17 16:00:00,729.6000000000005
2014-09-17 17:00:00,729.8000000000005
2014-09-17 18:00:00,731.4000000000005
2014-09-17 19:00:00,732.7000000000005
2014-09-18 05:00:00,736.6000000000005
2014-09-18 13:00:00,734.2000000000005
2014-09-18 14:00:00,734.8000000000005
2014-09-18 18:00:00,736.0000000000005
2014-09-19 05:00:00,738.0000000000005
2014-09-19 13:00:00,739.5000000000005
2014-09-19 14:00:00,739.2000000000005
2014-09-19 15:00:00,738.4000000000005
2014-09-19 16:00:00,736.9000000000005
2014-09-19 17:00:00,738.3000000000005
2014-09-19 18:00:00,738.7000000000005
2014-09-19 19:00:00,738.2000000000005
2014-09-22 05:00:00,733.5000000000005
2014-09-22 13:00:00,735.1000000000005
2014-09-22 14:00:00,735.1000000000005
2014-09-22 18:00:00,732.2000000000005
2014-09-23 05:00:00,730.4000000000005
2014-09-23 13:00:00,728.2000000000005
2014-09-23 14:00:00,731.4000000000005
2014-09-23 15:00:00,732.6000000000005
2014-09-23 18:00:00,730.2000000000005
2014-09-23 19:00:00,731.5000000000005
2014-09-24 05:00:00,740.9000000000005
2014-09-24 13:00:00,732.4000000000005
2014-09-24 14:00:00,735.1000000000005
2014-09-24 15:00:00,738.2000000000005
2014-09-24 16:00:00,738.6000000000005
2014-09-24 17:00:00,739.8000000000005
2014-09-24 18:00:00,740.8000000000005
2014-09-24 19:00:00,740.9000000000005
2014-09-25 05:00:00,730.8000000000005
2014-09-25 13:00:00,736.6000000000005
2014-09-25 14:00:00,734.2000000000005
2014-09-25 15:00:00,732.1000000000005
2014-09-25 16:00:00,731.4000000000005
2014-09-25 17:00:00,731.7000000000005
2014-09-25 19:00:00,730.7000000000005
2014-09-26 05:00:00,732.6000000000005
2014-09-26 13:00:00,730.4000000000005
2014-09-26 14:00:00,729.1000000000005
2014-09-26 15:00:00,727.5000000000005
2014-09-26 16:00:00,728.4000000000005
2014-09-26 17:00:00,728.8000000000005
2014-09-26 18:00:00,732.9000000000005
2014-09-26 19:00:00,732.6000000000005
2014-09-26 20:00:00,731.7000000000005
2014-09-29 05:00:00,731.3000000000005
2014-09-29 13:00:00,728.6000000000005
2014-09-29 14:00:00,732.9000000000005
2014-09-29 15:00:00,731.6000000000005
2014-09-29 16:00:00,730.5000000000005
2014-09-29 17:00:00,730.6000000000005
2014-09-29 19:00:00,731.3000000000005
2014-09-30 05:00:00,727.6000000000005
2014-09-30 13:00:00,728.9000000000005
2014-09-30 14:00:00,732.2000000000005
2014-09-30 15:00:00,732.1000000000005
2014-09-30 17:00:00,727.7000000000005
2014-09-30 18:00:00,728.3000000000005
2014-09-30 19:00:00,728.5000000000005
2014-10-01 05:00:00,720.8000000000005
2014-10-01 13:00:00,723.3000000000005
2014-10-01 14:00:00,722.8000000000005
2014-10-01 15:00:00,722.8000000000005
2014-10-01 16:00:00,721.3000000000005
2014-10-01 17:00:00,719.4000000000005
2014-10-01 18:00:00,719.4000000000005
2014-10-01 19:00:00,719.8000000000005
2014-10-01 20:00:00,721.8000000000005
2014-10-02 05:00:00,719.8000000000005
2014-10-02 13:00:00,721.6000000000005
2014-10-02 14:00:00,718.2000000000005
2014-10-02 18:00:00,721.3000000000005
2014-10-02 19:00:00,719.8000000000005
2014-10-02 20:00:00,719.8000000000005
2014-10-03 05:00:00,731.8000000000005
2014-10-03 13:00:00,728.3000000000005
2014-10-03 14:00:00,730.5000000000005
2014-10-03 15:00:00,730.8000000000005
2014-10-03 16:00:00,732.6000000000005
2014-10-03 17:00:00,731.7000000000005
2014-10-06 05:00:00,729.9000000000005
2014-10-06 13:00:00,733.8000000000005
2014-10-06 14:00:00,733.1000000000005
2014-10-06 15:00:00,729.2000000000005
2014-10-06 16:00:00,727.8000000000005
2014-10-06 17:00:00,728.8000000000005
2014-10-06 19:00:00,730.8000000000005
2014-10-07 05:00:00,719.9000000000005
2014-10-07 13:00:00,722.7000000000005
2014-10-07 14:00:00,724.9000000000005
2014-10-07 15:00:00,723.3000000000005
2014-10-07 18:00:00,723.1000000000005
2014-10-07 20:00:00,719.6000000000005
2014-10-08 05:00:00,735.0000000000005
2014-10-08 13:00:00,722.3000000000005
2014-10-08 14:00:00,720.0000000000005
2014-10-08 15:00:00,723.1000000000005
2014-10-08 16:00:00,724.6000000000005
2014-10-08 17:00:00,727.1000000000005
2014-10-08 18:00:00,732.0000000000005
2014-10-08 19:00:00,735.0000000000005
2014-10-09 05:00:00,723.0000000000005
2014-10-09 13:00:00,732.5000000000005
2014-10-09 14:00:00,734.0000000000005
2014-10-09 15:00:00,727.5000000000005
2014-10-09 16:00:00,725.7000000000005
2014-10-09 17:00:00,724.2000000000005
2014-10-09 18:00:00,722.5000000000005
2014-10-09 19:00:00,724.6000000000005
2014-10-10 05:00:00,719.0000000000005
2014-10-10 13:00:00,727.4000000000005
2014-10-10 14:00:00,725.7000000000005
2014-10-10 15:00:00,724.8000000000005
2014-10-10 16:00:00,728.2000000000005
2014-10-10 18:00:00,726.0000000000005
2014-10-10 19:00:00,720.3000000000005
2014-10-13 05:00:00,703.4000000000005
2014-10-13 13:00:00,714.3000000000005
2014-10-13 14:00:00,710.8000000000005
2014-10-13 15:00:00,712.8000000000005
2014-10-13 16:00:00,715.9000000000005
2014-10-13 17:00:00,713.9000000000005
2014-10-13 19:00:00,704.6000000000005
2014-10-14 05:00:00,698.9000000000005
2014-10-14 13:00:00,694.9000000000005
2014-10-14 14:00:00,703.3000000000005
2014-10-14 16:00:00,704.8000000000005
2014-10-14 17:00:00,703.8000000000005
2014-10-14 18:00:00,699.8000000000005
2014-10-14 20:00:00,698.3000000000005
2014-10-15 05:00:00,693.3000000000005
2014-10-15 13:00:00,691.4000000000005
2014-10-15 14:00:00,691.1000000000005
2014-10-15 15:00:00,691.3000000000005
2014-10-15 16:00:00,687.1000000000005
2014-10-15 17:00:00,683.7000000000005
2014-10-15 18:00:00,688.5000000000005
2014-10-15 19:00:00,693.3000000000005
2014-10-16 05:00:00,690.1000000000005
2014-10-16 13:00:00,689.0000000000005
2014-10-16 14:00:00,688.5000000000005
2014-10-16 15:00:00,689.7000000000005
2014-10-16 16:00:00,688.5000000000005
2014-10-16 17:00:00,694.5000000000005
2014-10-16 18:00:00,694.7000000000005
2014-10-17 05:00:00,700.1000000000005
2014-10-17 13:00:00,696.4000000000005
2014-10-17 14:00:00,699.1000000000005
2014-10-17 15:00:00,702.1000000000005
2014-10-17 16:00:00,701.3000000000005
2014-10-17 17:00:00,699.3000000000005
2014-10-17 18:00:00,697.0000000000005
2014-10-17 19:00:00,701.5000000000005
2014-10-17 20:00:00,700.1000000000005
2014-10-20 05:00:00,707.2000000000005
2014-10-20 13:00:00,703.0000000000005
2014-10-20 14:00:00,702.1000000000005
2014-10-20 15:00:00,701.1000000000005
2014-10-20 16:00:00,702.2000000000005
2014-10-20 17:00:00,703.9000000000005
2014-10-20 18:00:00,705.4000000000005
2014-10-20 19:00:00,707.2000000000005
2014-10-21 05:00:00,722.9000000000005
2014-10-21 13:00:00,714.8000000000005
2014-10-21 14:00:00,716.5000000000005
2014-10-21 15:00:00,719.5000000000005
2014-10-21 16:00:00,717.9000000000005
2014-10-21 17:00:00,720.8000000000005
2014-10-21 18:00:00,721.2000000000005
2014-10-21 19:00:00,722.7000000000005
2014-10-22 05:00:00,720.4000000000005
2014-10-22 13:00:00,722.8000000000005
2014-10-22 14:00:00,723.2000000000005
2014-10-22 15:00:00,722.7000000000005
2014-10-22 16:00:00,719.8000000000005
2014-10-22 17:00:00,720.7000000000005
2014-10-22 18:00:00,722.8000000000005
2014-10-22 19:00:00,722.1000000000005
2014-10-23 05:00:00,731.0000000000005
2014-10-23 13:00:00,728.8000000000005
2014-10-23 14:00:00,731.4000000000005
2014-10-23 15:00:00,731.9000000000005
2014-10-23 16:00:00,731.7000000000005
2014-10-23 18:00:00,731.8000000000005
2014-10-23 19:00:00,731.0000000000005
2014-10-23 20:00:00,731.8000000000005
2014-10-24 05:00:00,740.1000000000005
2014-10-24 13:00:00,736.5000000000005
2014-10-24 14:00:00,735.9000000000005
2014-10-24 15:00:00,738.6000000000005
2014-10-24 16:00:00,737.0000000000005
2014-10-24 17:00:00,737.2000000000005
2014-10-24 19:00:00,740.1000000000005
2014-10-27 05:00:00,741.1000000000005
2014-10-27 13:00:00,738.5000000000005
2014-10-27 14:00:00,739.5000000000005
2014-10-27 15:00:00,740.1000000000005
2014-10-27 16:00:00,739.8000000000005
2014-10-27 17:00:00,740.4000000000005
2014-10-27 18:00:00,740.0000000000005
2014-10-27 19:00:00,741.1000000000005
2014-10-27 20:00:00,741.2000000000005
2014-10-28 05:00:00,745.3000000000005
2014-10-28 13:00:00,742.8000000000005
2014-10-28 14:00:00,740.3000000000005
2014-10-28 15:00:00,740.6000000000005
2014-10-28 16:00:00,741.1000000000005
2014-10-28 17:00:00,741.9000000000005
2014-10-28 18:00:00,742.6000000000005
2014-10-28 19:00:00,744.0000000000005
2014-10-29 05:00:00,746.2000000000005
2014-10-29 13:00:00,746.5000000000005
2014-10-29 14:00:00,746.0000000000005
2014-10-29 15:00:00,747.4000000000005
2014-10-29 16:00:00,746.2000000000005
2014-10-29 17:00:00,745.5000000000005
2014-10-29 18:00:00,744.4000000000005
2014-10-29 19:00:00,746.4000000000005
2014-10-30 05:00:00,758.1000000000005
2014-10-30 13:00:00,748.2000000000005
2014-10-30 14:00:00,752.0000000000005
2014-10-30 15:00:00,754.3000000000005
2014-10-30 16:00:00,754.6000000000005
2014-10-30 17:00:00,757.2000000000005
2014-10-30 18:00:00,758.1000000000005
2014-10-31 05:00:00,761.3000000000005
2014-10-31 13:00:00,764.6000000000005
2014-10-31 14:00:00,764.1000000000005
2014-10-31 15:00:00,762.9000000000005
2014-10-31 16:00:00,762.8000000000005
2014-10-31 17:00:00,762.8000000000005
2014-10-31 18:00:00,761.9000000000005
2014-10-31 19:00:00,761.3000000000005
2014-11-03 06:00:00,761.5000000000005
2014-11-03 14:00:00,761.5000000000005
2014-11-03 15:00:00,758.8000000000005
2014-11-03 16:00:00,759.7000000000005
2014-11-03 17:00:00,761.4000000000005
2014-11-03 18:00:00,761.1000000000005
2014-11-03 19:00:00,760.8000000000005
2014-11-04 06:00:00,762.0000000000005
2014-11-04 14:00:00,763.0000000000005
2014-11-04 15:00:00,760.2000000000005
2014-11-04 16:00:00,758.1000000000005
2014-11-04 17:00:00,762.1000000000005
2014-11-04 20:00:00,761.9000000000005
2014-11-05 06:00:00,761.2000000000005
2014-11-05 14:00:00,766.4000000000005
2014-11-05 15:00:00,763.8000000000005
2014-11-05 17:00:00,763.4000000000005
2014-11-05 19:00:00,760.6000000000005
2014-11-05 20:00:00,761.2000000000005
2014-11-06 06:00:00,765.1000000000005
2014-11-06 14:00:00,764.4000000000005
2014-11-06 15:00:00,764.9000000000005
2014-11-06 16:00:00,765.3000000000005
2014-11-06 17:00:00,765.1000000000005
2014-11-06 18:00:00,764.8000000000005
2014-11-06 19:00:00,765.1000000000005
2014-11-06 20:00:00,765.1000000000005
2014-11-06 21:00:00,765.4000000000005
2014-11-07 06:00:00,758.3000000000005
2014-11-07 14:00:00,762.4000000000005
2014-11-07 15:00:00,761.0000000000005
2014-11-07 16:00:00,760.3000000000005
2014-11-07 17:00:00,760.2000000000005
2014-11-07 18:00:00,760.7000000000005
2014-11-07 19:00:00,757.5000000000005
2014-11-07 20:00:00,758.3000000000005
2014-11-10 06:00:00,765.4000000000005
2014-11-10 14:00:00,758.5000000000005
2014-11-10 15:00:00,762.6000000000005
2014-11-10 16:00:00,764.6000000000005
2014-11-10 17:00:00,763.8000000000005
2014-11-10 18:00:00,763.4000000000005
2014-11-10 19:00:00,764.6000000000005
2014-11-10 20:00:00,765.4000000000005
2014-11-11 06:00:00,767.6000000000005
2014-11-11 14:00:00,766.1000000000005
2014-11-11 15:00:00,768.9000000000005
2014-11-11 16:00:00,768.7000000000005
2014-11-11 17:00:00,768.3000000000005
2014-11-11 18:00:00,766.9000000000005
2014-11-11 19:00:00,766.5000000000005
2014-11-11 20:00:00,767.2000000000005
2014-11-12 06:00:00,767.4000000000005
2014-11-12 14:00:00,765.8000000000005
2014-11-12 15:00:00,765.0000000000005
2014-11-12 16:00:00,767.1000000000005
2014-11-12 17:00:00,766.7000000000005
2014-11-12 18:00:00,767.2000000000005
2014-11-12 19:00:00,767.2000000000005
2014-11-12 20:00:00,767.4000000000005
2014-11-12 21:00:00,767.0000000000005
2014-11-13 06:00:00,765.8000000000005
2014-11-13 14:00:00,767.8000000000005
2014-11-13 15:00:00,769.7000000000005
2014-11-13 16:00:00,766.4000000000005
2014-11-13 17:00:00,766.4000000000005
2014-11-13 18:00:00,764.9000000000005
2014-11-13 20:00:00,765.6000000000005
2014-11-13 21:00:00,765.9000000000005
2014-11-14 06:00:00,760.3000000000005
2014-11-14 14:00:00,761.6000000000005
2014-11-14 15:00:00,761.2000000000005
2014-11-14 16:00:00,761.1000000000005
2014-11-14 17:00:00,760.1000000000005
2014-11-14 18:00:00,760.0000000000005
2014-11-14 19:00:00,759.3000000000005
2014-11-17 06:00:00,764.0000000000005
2014-11-17 14:00:00,764.2000000000005
2014-11-17 15:00:00,764.5000000000005
2014-11-17 16:00:00,762.9000000000005
2014-11-17 17:00:00,764.6000000000005
2014-11-17 18:00:00,764.3000000000005
2014-11-17 19:00:00,764.7000000000005
2014-11-17 20:00:00,764.0000000000005
2014-11-17 21:00:00,764.1000000000005
2014-11-18 06:00:00,775.2000000000005
2014-11-18 14:00:00,772.3000000000005
2014-11-18 15:00:00,772.1000000000005
2014-11-18 16:00:00,771.4000000000005
2014-11-18 18:00:00,773.7000000000005
2014-11-18 19:00:00,774.5000000000005
2014-11-18 20:00:00,775.2000000000005
2014-11-19 06:00:00,770.9000000000005
2014-11-19 14:00:00,770.7000000000005
2014-11-19 15:00:00,770.8000000000005
2014-11-19 16:00:00,771.3000000000005
2014-11-19 17:00:00,771.8000000000005
2014-11-19 18:00:00,771.5000000000005
2014-11-19 19:00:00,770.5000000000005
2014-11-19 20:00:00,770.9000000000005
2014-11-20 06:00:00,768.2000000000005
2014-11-20 14:00:00,767.4000000000005
2014-11-20 15:00:00,769.1000000000005
2014-11-20 17:00:00,769.7000000000005
2014-11-20 18:00:00,769.0000000000005
2014-11-20 19:00:00,768.4000000000005
2014-11-20 20:00:00,768.2000000000005
2014-11-21 06:00:00,771.1000000000005
2014-11-21 14:00:00,772.9000000000005
2014-11-21 16:00:00,771.5000000000005
2014-11-21 17:00:00,771.1000000000005
2014-11-21 18:00:00,770.9000000000005
2014-11-21 19:00:00,770.5000000000005
2014-11-21 20:00:00,771.1000000000005
2014-11-24 06:00:00,775.0000000000005
2014-11-24 14:00:00,774.9000000000005
2014-11-24 15:00:00,774.6000000000005
2014-11-24 16:00:00,774.4000000000005
2014-11-24 17:00:00,773.9000000000005
2014-11-24 18:00:00,774.3000000000005
2014-11-24 19:00:00,775.1000000000005
2014-11-24 20:00:00,774.7000000000005
2014-11-24 21:00:00,775.1000000000005
2014-11-25 06:00:00,775.8000000000005
2014-11-25 14:00:00,773.9000000000005
2014-11-25 15:00:00,774.0000000000005
2014-11-25 16:00:00,774.6000000000005
2014-11-25 17:00:00,775.3000000000005
2014-11-25 18:00:00,776.3000000000005
2014-11-25 19:00:00,776.5000000000005
2014-11-25 20:00:00,775.8000000000005
2014-11-26 06:00:00,780.2000000000005
2014-11-26 14:00:00,778.0000000000005
2014-11-26 15:00:00,777.0000000000005
2014-11-26 16:00:00,777.0000000000005
2014-11-26 17:00:00,777.8000000000005
2014-11-26 18:00:00,778.7000000000005
2014-11-26 19:00:00,779.1000000000005
2014-11-26 20:00:00,780.2000000000005
2014-11-26 21:00:00,779.7000000000005
2014-11-28 06:00:00,784.0000000000005
2014-11-28 14:00:00,786.4000000000005
2014-11-28 15:00:00,787.2000000000005
2014-11-28 16:00:00,785.0000000000005
2014-11-28 17:00:00,783.2000000000005
2014-12-01 06:00:00,783.0000000000005
2014-12-01 14:00:00,784.4000000000005
2014-12-01 15:00:00,784.6000000000005
2014-12-01 16:00:00,784.1000000000005
2014-12-01 17:00:00,784.2000000000005
2014-12-01 18:00:00,784.7000000000005
2014-12-01 19:00:00,783.7000000000005
2014-12-01 20:00:00,783.0000000000005
2014-12-01 21:00:00,783.3000000000005
2014-12-02 06:00:00,790.4000000000005
2014-12-02 14:00:00,788.8000000000005
2014-12-02 15:00:00,787.6000000000005
2014-12-02 16:00:00,788.1000000000005
2014-12-02 18:00:00,789.4000000000005
2014-12-02 19:00:00,791.2000000000005
2014-12-02 20:00:00,790.1000000000005
2014-12-02 21:00:00,790.6000000000005
2014-12-03 06:00:00,791.8000000000005
2014-12-03 14:00:00,790.3000000000005
2014-12-03 15:00:00,790.6000000000005
2014-12-03 16:00:00,789.6000000000005
2014-12-03 17:00:00,790.2000000000005
2014-12-03 18:00:00,790.5000000000005
2014-12-03 19:00:00,790.9000000000005
2014-12-03 20:00:00,791.8000000000005
2014-12-04 06:00:00,790.6000000000005
2014-12-04 14:00:00,791.0000000000005
2014-12-04 15:00:00,788.7000000000005
2014-12-04 16:00:00,790.4000000000005
2014-12-04 17:00:00,792.3000000000005
2014-12-04 18:00:00,792.9000000000005
2014-12-04 19:00:00,790.8000000000005
2014-12-04 20:00:00,790.2000000000005
2014-12-05 06:00:00,796.0000000000005
2014-12-05 14:00:00,794.0000000000005
2014-12-05 15:00:00,794.7000000000005
2014-12-05 16:00:00,796.6000000000005
2014-12-05 17:00:00,796.1000000000005
2014-12-05 18:00:00,795.4000000000005
2014-12-05 20:00:00,794.6000000000005
2014-12-05 21:00:00,796.5000000000005
2014-12-08 06:00:00,798.6000000000005
2014-12-08 14:00:00,800.4000000000005
2014-12-08 15:00:00,801.4000000000005
2014-12-08 16:00:00,801.7000000000005
2014-12-08 17:00:00,799.5000000000005
2014-12-08 18:00:00,797.1000000000005
2014-12-08 19:00:00,798.7000000000005
2014-12-08 20:00:00,798.6000000000005
2014-12-09 06:00:00,795.9000000000005
2014-12-09 14:00:00,789.1000000000005
2014-12-09 15:00:00,789.9000000000005
2014-12-09 16:00:00,790.1000000000005
2014-12-09 17:00:00,792.7000000000005
2014-12-09 18:00:00,793.5000000000005
2014-12-09 19:00:00,794.2000000000005
2014-12-09 20:00:00,795.9000000000005
2014-12-10 06:00:00,784.5000000000005
2014-12-10 14:00:00,793.5000000000005
2014-12-10 15:00:00,792.5000000000005
2014-12-10 16:00:00,793.0000000000005
2014-12-10 17:00:00,792.0000000000005
2014-12-10 18:00:00,790.0000000000005
2014-12-10 19:00:00,787.4000000000005
2014-12-10 20:00:00,784.5000000000005
2014-12-11 06:00:00,786.6000000000005
2014-12-12 06:00:00,776.6000000000005
2014-12-15 06:00:00,771.2000000000005
2014-12-15 14:00:00,778.3000000000005
2014-12-15 15:00:00,775.6000000000005
2014-12-15 16:00:00,768.2000000000005
2014-12-15 17:00:00,773.4000000000005
2014-12-15 18:00:00,771.4000000000005
2014-12-15 19:00:00,772.9000000000005
2014-12-15 20:00:00,771.2000000000005
2014-12-16 06:00:00,762.5000000000005
2014-12-16 14:00:00,769.0000000000005
2014-12-16 15:00:00,770.2000000000005
2014-12-16 16:00:00,778.2000000000005
2014-12-16 17:00:00,774.3000000000005
2014-12-16 20:00:00,765.3000000000005
2014-12-17 06:00:00,773.8000000000005
2014-12-17 14:00:00,766.0000000000005
2014-12-17 15:00:00,765.0000000000005
2014-12-17 16:00:00,768.6000000000005
2014-12-17 17:00:00,766.2000000000005
2014-12-17 18:00:00,767.1000000000005
2014-12-18 06:00:00,793.1000000000005
2014-12-18 14:00:00,784.3000000000005
2014-12-18 15:00:00,785.4000000000005
2014-12-18 16:00:00,786.9000000000005
2014-12-18 17:00:00,787.6000000000005
2014-12-18 19:00:00,789.0000000000005
2014-12-18 20:00:00,793.0000000000005
2014-12-19 06:00:00,797.7000000000005
2014-12-19 14:00:00,792.7000000000005
2014-12-19 15:00:00,796.6000000000005
2014-12-19 16:00:00,796.8000000000005
2014-12-19 17:00:00,796.9000000000005
2014-12-19 18:00:00,796.7000000000005
2014-12-19 19:00:00,799.7000000000005
2014-12-19 20:00:00,800.0000000000005
2014-12-22 06:00:00,788.8000000000005
2014-12-22 14:00:00,792.7000000000005
2014-12-22 15:00:00,789.2000000000005
2014-12-22 17:00:00,787.2000000000005
2014-12-23 06:00:00,772.9000000000005
2014-12-23 14:00:00,780.9000000000005
2014-12-23 15:00:00,770.5000000000005
2014-12-23 17:00:00,771.5000000000005
2014-12-23 18:00:00,771.0000000000005
2014-12-24 06:00:00,778.5000000000005
2014-12-24 14:00:00,779.5000000000005
2014-12-24 17:00:00,778.5000000000005
2014-12-26 06:00:00,783.1000000000005
2014-12-26 14:00:00,783.3000000000005
2014-12-26 15:00:00,782.9000000000005
2014-12-26 17:00:00,782.7000000000005
2014-12-26 18:00:00,784.1000000000005
2014-12-26 20:00:00,783.1000000000005
2014-12-29 06:00:00,784.7000000000005
2014-12-29 14:00:00,784.7000000000005
2014-12-29 16:00:00,783.6000000000005
2014-12-29 17:00:00,783.5000000000005
2014-12-29 18:00:00,784.7000000000005
2014-12-30 06:00:00,782.4000000000005
2014-12-30 14:00:00,782.4000000000005
2014-12-30 15:00:00,783.7000000000005
2014-12-30 16:00:00,784.8000000000005
2014-12-30 17:00:00,784.5000000000005
2014-12-30 18:00:00,782.3000000000005
2014-12-30 20:00:00,782.7000000000005
2014-12-30 21:00:00,782.0000000000005
2014-12-31 06:00:00,774.9000000000005
2014-12-31 14:00:00,785.6000000000005
2014-12-31 15:00:00,786.5000000000005
2014-12-31 19:00:00,781.1000000000005
2014-12-31 20:00:00,774.9000000000005
2015-01-02 06:00:00,778.2000000000005
2015-01-02 14:00:00,783.9000000000005
2015-01-02 15:00:00,777.8000000000005
2015-01-02 16:00:00,777.1000000000005
2015-01-02 17:00:00,778.4000000000005
2015-01-02 18:00:00,776.7000000000005
2015-01-02 19:00:00,777.0000000000005
2015-01-02 20:00:00,778.8000000000005
2015-01-05 06:00:00,773.8000000000005
2015-01-05 14:00:00,774.7000000000005
2015-01-05 15:00:00,774.6000000000005
2015-01-05 16:00:00,777.9000000000005
2015-01-05 17:00:00,775.0000000000005
2015-01-05 18:00:00,774.1000000000005
2015-01-05 20:00:00,775.2000000000005
2015-01-05 21:00:00,773.2000000000005
2015-01-06 06:00:00,771.5000000000005
2015-01-06 14:00:00,779.0000000000005
2015-01-06 15:00:00,776.4000000000005
2015-01-06 16:00:00,772.0000000000005
2015-01-06 17:00:00,771.0000000000005
2015-01-06 18:00:00,769.9000000000005
2015-01-06 19:00:00,772.8000000000005
2015-01-06 20:00:00,771.5000000000005
2015-01-07 06:00:00,786.5000000000005
2015-01-07 14:00:00,780.6000000000005
2015-01-07 15:00:00,782.2000000000005
2015-01-07 16:00:00,784.2000000000005
2015-01-07 17:00:00,785.2000000000005
2015-01-07 18:00:00,785.4000000000005
2015-01-07 19:00:00,785.0000000000005
2015-01-07 20:00:00,786.5000000000005
2015-01-07 21:00:00,786.4000000000005
2015-01-08 06:00:00,798.8000000000005
2015-01-08 14:00:00,794.1000000000005
2015-01-08 15:00:00,796.1000000000005
2015-01-08 16:00:00,797.0000000000005
2015-01-08 17:00:00,797.0000000000005
2015-01-08 18:00:00,796.9000000000005
2015-01-08 19:00:00,798.8000000000005
2015-01-08 20:00:00,798.8000000000005
2015-01-09 06:00:00,793.0000000000005
2015-01-09 14:00:00,794.6000000000005
2015-01-09 15:00:00,793.7000000000005
2015-01-09 16:00:00,794.2000000000005
2015-01-09 17:00:00,792.9000000000005
2015-01-09 18:00:00,794.3000000000005
2015-01-09 19:00:00,794.9000000000005
2015-01-09 20:00:00,793.0000000000005
2015-01-12 06:00:00,792.0000000000005
2015-01-12 14:00:00,794.8000000000005
2015-01-12 15:00:00,793.9000000000005
2015-01-12 16:00:00,793.3000000000005
2015-01-12 17:00:00,792.8000000000005
2015-01-12 18:00:00,794.3000000000005
2015-01-12 19:00:00,792.1000000000005
2015-01-12 20:00:00,792.0000000000005
2015-01-12 21:00:00,793.0000000000005
2015-01-13 06:00:00,789.0000000000005
2015-01-13 14:00:00,801.3000000000005
2015-01-13 15:00:00,798.6000000000005
2015-01-13 16:00:00,800.5000000000005
2015-01-13 17:00:00,796.0000000000005
2015-01-13 18:00:00,787.8000000000005
2015-01-13 19:00:00,787.2000000000005
2015-01-13 20:00:00,788.9000000000005
2015-01-14 06:00:00,788.8000000000005
2015-01-14 14:00:00,786.7000000000005
2015-01-14 15:00:00,789.5000000000005
2015-01-14 16:00:00,787.5000000000005
2015-01-14 17:00:00,787.4000000000005
2015-01-14 18:00:00,786.6000000000005
2015-01-14 19:00:00,788.0000000000005
2015-01-14 20:00:00,789.0000000000005
2015-01-15 06:00:00,781.2000000000005
2015-01-15 14:00:00,785.0000000000005
2015-01-15 15:00:00,788.9000000000005
2015-01-15 16:00:00,786.9000000000005
2015-01-15 17:00:00,783.7000000000005
2015-01-15 18:00:00,782.1000000000005
2015-01-15 19:00:00,784.2000000000005
2015-01-15 20:00:00,781.2000000000005
2015-01-16 06:00:00,795.0000000000005
2015-01-16 14:00:00,781.3000000000005
2015-01-16 15:00:00,785.6000000000005
2015-01-16 16:00:00,786.6000000000005
2015-01-16 17:00:00,789.5000000000005
2015-01-16 18:00:00,789.2000000000005
2015-01-16 19:00:00,790.2000000000005
2015-01-16 20:00:00,795.0000000000005
2015-01-20 06:00:00,794.2000000000005
2015-01-20 14:00:00,788.6000000000005
2015-01-20 15:00:00,788.5000000000005
2015-01-20 16:00:00,786.0000000000005
2015-01-20 17:00:00,787.6000000000005
2015-01-20 18:00:00,789.8000000000005
2015-01-20 19:00:00,794.2000000000005
2015-01-20 20:00:00,794.2000000000005
2015-01-20 21:00:00,793.8000000000005
2015-01-21 06:00:00,795.2000000000005
2015-01-21 14:00:00,793.3000000000005
2015-01-21 15:00:00,797.7000000000005
2015-01-21 16:00:00,796.9000000000005
2015-01-21 17:00:00,795.1000000000005
2015-01-21 18:00:00,794.0000000000005
2015-01-21 19:00:00,793.9000000000005
2015-01-21 20:00:00,795.2000000000005
2015-01-22 06:00:00,803.7000000000005
2015-01-22 14:00:00,789.6000000000005
2015-01-22 15:00:00,799.1000000000005
2015-01-22 16:00:00,797.6000000000005
2015-01-22 17:00:00,797.2000000000005
2015-01-22 18:00:00,797.5000000000005
2015-01-22 19:00:00,802.3000000000005
2015-01-22 20:00:00,802.7000000000005
2015-01-23 06:00:00,800.7000000000005
2015-01-23 14:00:00,802.0000000000005
2015-01-23 15:00:00,801.7000000000005
2015-01-23 16:00:00,803.0000000000005
2015-01-23 17:00:00,802.9000000000005
2015-01-23 18:00:00,803.4000000000005
2015-01-23 19:00:00,801.2000000000005
2015-01-23 20:00:00,800.9000000000005
2015-01-23 21:00:00,801.2000000000005
2015-01-26 06:00:00,803.6000000000005
2015-01-26 14:00:00,796.9000000000005
2015-01-26 15:00:00,801.7000000000005
2015-01-26 16:00:00,801.7000000000005
2015-01-26 18:00:00,803.0000000000005
2015-01-26 19:00:00,803.5000000000005
2015-01-26 20:00:00,803.6000000000005
2015-01-27 06:00:00,798.8000000000005
2015-01-27 14:00:00,799.7000000000005
2015-01-27 15:00:00,797.4000000000005
2015-01-27 16:00:00,797.9000000000005
2015-01-27 17:00:00,800.1000000000005
2015-01-27 18:00:00,801.3000000000005
2015-01-27 19:00:00,801.2000000000005
2015-01-27 20:00:00,799.7000000000005
2015-01-28 06:00:00,787.8000000000005
2015-01-28 14:00:00,801.2000000000005
2015-01-28 15:00:00,793.6000000000005
2015-01-28 16:00:00,796.8000000000005
2015-01-28 17:00:00,797.7000000000005
2015-01-28 18:00:00,796.3000000000005
2015-01-28 19:00:00,795.0000000000005
2015-01-28 20:00:00,787.8000000000005
2015-01-29 06:00:00,793.5000000000005
2015-01-29 14:00:00,785.2000000000005
2015-01-29 15:00:00,783.6000000000005
2015-01-29 16:00:00,786.0000000000005
2015-01-29 17:00:00,786.1000000000005
2015-01-29 18:00:00,787.7000000000005
2015-01-29 19:00:00,790.0000000000005
2015-01-29 20:00:00,793.5000000000005
2015-01-29 21:00:00,794.0000000000005
2015-01-30 06:00:00,782.6000000000005
2015-01-30 14:00:00,793.5000000000005
2015-01-30 15:00:00,786.5000000000005
2015-01-30 16:00:00,789.5000000000005
2015-01-30 17:00:00,788.7000000000005
2015-01-30 18:00:00,790.0000000000005
2015-01-30 19:00:00,788.4000000000005
2015-01-30 20:00:00,782.6000000000005
2015-02-02 06:00:00,786.1000000000005
2015-02-02 14:00:00,779.6000000000005
2015-02-02 15:00:00,777.6000000000005
2015-02-02 16:00:00,783.3000000000005
2015-02-02 17:00:00,780.3000000000005
2015-02-02 18:00:00,777.4000000000005
2015-02-02 19:00:00,780.3000000000005
2015-02-02 20:00:00,786.1000000000005
2015-02-03 06:00:00,791.6000000000005
2015-02-03 14:00:00,788.0000000000005
2015-02-03 15:00:00,782.7000000000005
2015-02-03 16:00:00,784.1000000000005
2015-02-03 17:00:00,781.8000000000005
2015-02-03 18:00:00,787.8000000000005
2015-02-03 19:00:00,786.2000000000005
2015-02-03 20:00:00,791.6000000000005
2015-02-04 06:00:00,782.3000000000005
2015-02-04 14:00:00,780.9000000000005
2015-02-04 15:00:00,782.0000000000005
2015-02-04 16:00:00,785.0000000000005
2015-02-04 17:00:00,782.9000000000005
2015-02-04 18:00:00,783.9000000000005
2015-02-04 19:00:00,784.2000000000005
2015-02-04 20:00:00,782.3000000000005
2015-02-05 06:00:00,794.2000000000005
2015-02-05 14:00:00,791.3000000000005
2015-02-05 15:00:00,791.8000000000005
2015-02-05 16:00:00,790.9000000000005
2015-02-05 17:00:00,789.1000000000005
2015-02-05 18:00:00,791.6000000000005
2015-02-05 19:00:00,792.3000000000005
2015-02-05 20:00:00,794.2000000000005
2015-02-05 21:00:00,793.9000000000005
2015-02-06 06:00:00,787.5000000000005
2015-02-06 14:00:00,792.9000000000005
2015-02-06 15:00:00,796.9000000000005
2015-02-06 16:00:00,795.2000000000005
2015-02-06 17:00:00,793.3000000000005
2015-02-06 18:00:00,791.5000000000005
2015-02-06 19:00:00,792.3000000000005
2015-02-06 20:00:00,787.5000000000005
2015-02-09 06:00:00,780.2000000000005
2015-02-09 14:00:00,786.2000000000005
2015-02-09 15:00:00,782.1000000000005
2015-02-09 16:00:00,783.8000000000005
2015-02-09 17:00:00,784.4000000000005
2015-02-09 18:00:00,782.2000000000005
2015-02-09 19:00:00,780.1000000000005
2015-02-09 20:00:00,780.2000000000005
2015-02-10 06:00:00,791.1000000000005
2015-02-10 14:00:00,784.6000000000005
2015-02-10 15:00:00,785.1000000000005
2015-02-10 16:00:00,787.1000000000005
2015-02-10 17:00:00,788.8000000000005
2015-02-10 18:00:00,788.7000000000005
2015-02-10 19:00:00,791.6000000000005
2015-02-10 20:00:00,791.4000000000005
2015-02-11 06:00:00,791.8000000000005
2015-02-11 14:00:00,794.7000000000005
2015-02-11 15:00:00,794.6000000000005
2015-02-11 16:00:00,794.3000000000005
2015-02-11 17:00:00,790.2000000000005
2015-02-11 18:00:00,789.5000000000005
2015-02-11 19:00:00,791.0000000000005
2015-02-11 20:00:00,791.8000000000005
2015-02-12 06:00:00,794.0000000000005
2015-02-12 14:00:00,792.9000000000005
2015-02-12 15:00:00,791.9000000000005
2015-02-12 16:00:00,791.0000000000005
2015-02-12 17:00:00,792.1000000000005
2015-02-12 18:00:00,793.5000000000005
2015-02-12 19:00:00,792.0000000000005
2015-02-12 20:00:00,794.0000000000005
2015-02-13 06:00:00,797.4000000000005
2015-02-13 14:00:00,792.6000000000005
2015-02-13 15:00:00,794.2000000000005
2015-02-13 16:00:00,795.8000000000005
2015-02-13 17:00:00,794.0000000000005
2015-02-13 18:00:00,794.2000000000005
2015-02-13 19:00:00,794.4000000000005
2015-02-13 20:00:00,797.1000000000005
2015-02-17 06:00:00,802.2000000000005
2015-02-17 14:00:00,799.2000000000005
2015-02-17 15:00:00,799.1000000000005
2015-02-17 16:00:00,800.8000000000005
2015-02-17 17:00:00,801.4000000000005
2015-02-17 18:00:00,801.6000000000005
2015-02-17 19:00:00,801.8000000000005
2015-02-17 20:00:00,802.2000000000005
2015-02-17 21:00:00,802.5000000000005
2015-02-18 06:00:00,803.2000000000005
2015-02-18 14:00:00,801.0000000000005
2015-02-18 15:00:00,799.7000000000005
2015-02-18 16:00:00,800.2000000000005
2015-02-18 17:00:00,798.9000000000005
2015-02-18 18:00:00,799.5000000000005
2015-02-18 19:00:00,802.1000000000005
2015-02-18 20:00:00,803.2000000000005
2015-02-19 06:00:00,803.9000000000005
2015-02-19 14:00:00,803.2000000000005
2015-02-19 15:00:00,804.6000000000005
2015-02-19 16:00:00,804.3000000000005
2015-02-19 17:00:00,801.8000000000005
2015-02-19 18:00:00,802.5000000000005
2015-02-19 19:00:00,803.4000000000005
2015-02-19 20:00:00,803.9000000000005
2015-02-20 06:00:00,811.7000000000005
2015-02-20 14:00:00,803.0000000000005
2015-02-20 15:00:00,805.1000000000005
2015-02-20 16:00:00,805.4000000000005
2015-02-20 17:00:00,807.1000000000005
2015-02-20 18:00:00,809.9000000000005
2015-02-20 19:00:00,810.4000000000005
2015-02-20 20:00:00,811.6000000000005
2015-02-23 06:00:00,814.4000000000005
2015-02-23 14:00:00,814.3000000000005
2015-02-23 15:00:00,815.0000000000005
2015-02-23 16:00:00,816.3000000000005
2015-02-23 17:00:00,815.2000000000005
2015-02-23 18:00:00,815.1000000000005
2015-02-23 19:00:00,813.7000000000005
2015-02-23 20:00:00,813.4000000000005
2015-02-24 06:00:00,813.9000000000005
2015-02-24 14:00:00,814.2000000000005
2015-02-24 15:00:00,813.1000000000005
2015-02-24 16:00:00,813.5000000000005
2015-02-24 17:00:00,812.0000000000005
2015-02-24 18:00:00,813.1000000000005
2015-02-24 19:00:00,813.2000000000005
2015-02-24 20:00:00,813.9000000000005
2015-02-25 06:00:00,814.2000000000005
2015-02-25 14:00:00,811.2000000000005
2015-02-25 15:00:00,812.2000000000005
2015-02-25 16:00:00,813.1000000000005
2015-02-25 17:00:00,812.9000000000005
2015-02-25 18:00:00,815.7000000000005
2015-02-25 19:00:00,814.2000000000005
2015-02-25 20:00:00,814.2000000000005
2015-02-26 06:00:00,815.5000000000005
2015-02-26 14:00:00,810.8000000000005
2015-02-26 15:00:00,814.2000000000005
2015-02-26 16:00:00,816.0000000000005
2015-02-26 17:00:00,814.4000000000005
2015-02-26 19:00:00,814.7000000000005
2015-02-26 20:00:00,815.5000000000005
2015-02-27 06:00:00,812.9000000000005
2015-02-27 14:00:00,814.9000000000005
2015-02-27 15:00:00,814.3000000000005
2015-02-27 17:00:00,814.4000000000005
2015-02-27 19:00:00,812.7000000000005
2015-02-27 20:00:00,813.5000000000005
2015-02-27 21:00:00,812.6000000000005
2015-03-02 06:00:00,818.4000000000005
2015-03-02 14:00:00,816.9000000000005
2015-03-02 15:00:00,816.9000000000005
2015-03-02 16:00:00,816.9000000000005
2015-03-02 17:00:00,817.1000000000005
2015-03-02 18:00:00,817.1000000000005
2015-03-02 20:00:00,818.4000000000005
2015-03-03 06:00:00,812.3000000000005
2015-03-03 14:00:00,811.0000000000005
2015-03-03 15:00:00,812.7000000000005
2015-03-03 16:00:00,810.4000000000005
2015-03-03 17:00:00,810.0000000000005
2015-03-03 18:00:00,809.9000000000005
2015-03-03 19:00:00,811.1000000000005
2015-03-03 20:00:00,812.3000000000005
2015-03-03 21:00:00,812.6000000000005
2015-03-04 06:00:00,815.3000000000005
2015-03-04 14:00:00,808.4000000000005
2015-03-04 15:00:00,809.8000000000005
2015-03-04 16:00:00,814.2000000000005
2015-03-04 17:00:00,815.2000000000005
2015-03-04 18:00:00,816.4000000000005
2015-03-04 20:00:00,815.3000000000005
2015-03-05 06:00:00,818.8000000000005
2015-03-05 14:00:00,820.4000000000005
2015-03-05 15:00:00,819.3000000000005
2015-03-05 16:00:00,818.8000000000005
2015-03-05 17:00:00,816.1000000000005
2015-03-05 18:00:00,817.7000000000005
2015-03-05 19:00:00,818.5000000000005
2015-03-05 20:00:00,818.8000000000005
2015-03-06 06:00:00,804.0000000000005
2015-03-06 14:00:00,812.3000000000005
2015-03-06 15:00:00,812.6000000000005
2015-03-06 16:00:00,806.5000000000005
2015-03-06 17:00:00,806.0000000000005
2015-03-06 18:00:00,806.0000000000005
2015-03-06 19:00:00,804.3000000000005
2015-03-06 20:00:00,804.0000000000005
2015-03-09 05:00:00,807.7000000000005
2015-03-09 13:00:00,806.2000000000005
2015-03-09 14:00:00,803.0000000000005
2015-03-09 15:00:00,805.1000000000005
2015-03-09 16:00:00,805.2000000000005
2015-03-09 17:00:00,807.4000000000005
2015-03-09 18:00:00,807.2000000000005
2015-03-10 05:00:00,800.6000000000005
2015-03-10 13:00:00,802.2000000000005
2015-03-10 14:00:00,803.3000000000005
2015-03-10 15:00:00,803.0000000000005
2015-03-10 16:00:00,802.4000000000005
2015-03-10 17:00:00,803.8000000000005
2015-03-10 18:00:00,801.5000000000005
2015-03-10 19:00:00,801.6000000000005
2015-03-10 20:00:00,800.5000000000005
2015-03-11 05:00:00,799.8000000000005
2015-03-11 13:00:00,803.5000000000006
2015-03-11 14:00:00,802.3000000000005
2015-03-11 17:00:00,800.2000000000005
2015-03-12 05:00:00,808.9000000000005
2015-03-12 13:00:00,804.3000000000005
2015-03-13 05:00:00,807.9000000000005
2015-03-13 13:00:00,810.1000000000006
2015-03-13 14:00:00,808.4000000000005
2015-03-13 17:00:00,804.4000000000005
2015-03-13 18:00:00,804.3000000000005
2015-03-16 05:00:00,823.8000000000005
2015-03-16 13:00:00,819.5000000000006
2015-03-16 14:00:00,821.3000000000005
2015-03-16 15:00:00,822.8000000000005
2015-03-16 19:00:00,823.6000000000006
2015-03-16 20:00:00,823.4000000000005
2015-03-17 05:00:00,821.9000000000005
2015-03-17 13:00:00,819.9000000000005
2015-03-17 14:00:00,819.1000000000006
2015-03-17 15:00:00,817.5000000000006
2015-03-17 19:00:00,821.6000000000006
2015-03-18 05:00:00,831.2000000000005
2015-03-18 13:00:00,820.2000000000005
2015-03-18 14:00:00,820.7000000000005
2015-03-18 15:00:00,819.7000000000005
2015-03-18 16:00:00,820.2000000000005
2015-03-18 17:00:00,818.2000000000005
2015-03-18 18:00:00,828.8000000000005
2015-03-18 19:00:00,833.3000000000005
2015-03-19 05:00:00,835.4000000000005
2015-03-19 13:00:00,831.4000000000005
2015-03-19 14:00:00,831.2000000000005
2015-03-19 15:00:00,832.5000000000006
2015-03-19 16:00:00,832.5000000000006
2015-03-19 17:00:00,834.8000000000005
2015-03-19 19:00:00,835.4000000000005
2015-03-20 05:00:00,840.7000000000005
2015-03-20 13:00:00,839.0000000000006
2015-03-20 14:00:00,838.4000000000005
2015-03-20 15:00:00,839.7000000000005
2015-03-20 16:00:00,840.7000000000005
2015-03-20 17:00:00,841.4000000000005
2015-03-20 19:00:00,840.7000000000005
2015-03-23 05:00:00,839.7000000000005
2015-03-23 13:00:00,838.3000000000005
2015-03-23 14:00:00,841.1000000000006
2015-03-23 15:00:00,842.0000000000006
2015-03-23 16:00:00,840.9000000000005
2015-03-23 17:00:00,840.8000000000005
2015-03-23 19:00:00,840.6000000000006
2015-03-24 05:00:00,832.8000000000005
2015-03-24 13:00:00,838.5000000000006
2015-03-24 14:00:00,840.6000000000006
2015-03-24 15:00:00,840.1000000000006
2015-03-24 16:00:00,835.5000000000006
2015-03-24 17:00:00,835.3000000000005
2015-03-24 18:00:00,833.3000000000005
2015-03-24 19:00:00,832.8000000000005
2015-03-25 05:00:00,819.3000000000005
2015-03-25 13:00:00,831.1000000000006
2015-03-25 14:00:00,832.2000000000005
2015-03-25 15:00:00,826.4000000000005
2015-03-25 16:00:00,824.3000000000005
2015-03-25 17:00:00,823.5000000000006
2015-03-25 18:00:00,823.9000000000005
2015-03-25 19:00:00,822.0000000000006
2015-03-26 05:00:00,817.1000000000006
2015-03-26 13:00:00,814.8000000000005
2015-03-26 14:00:00,817.2000000000005
2015-03-26 15:00:00,817.5000000000006
2015-03-26 16:00:00,819.4000000000005
2015-03-26 17:00:00,822.0000000000006
2015-03-26 18:00:00,817.0000000000006
2015-03-26 19:00:00,818.8000000000005
2015-03-27 05:00:00,822.5000000000006
2015-03-27 13:00:00,822.1000000000006
2015-03-27 14:00:00,824.3000000000005
2015-03-27 15:00:00,821.7000000000005
2015-03-27 16:00:00,822.3000000000005
2015-03-27 17:00:00,823.2000000000005
2015-03-30 05:00:00,829.8000000000005
2015-03-30 13:00:00,829.4000000000005
2015-03-30 14:00:00,828.4000000000005
2015-03-30 15:00:00,827.6000000000006
2015-03-30 16:00:00,828.2000000000005
2015-03-30 17:00:00,829.0000000000006
2015-03-30 18:00:00,829.4000000000005
2015-03-30 19:00:00,829.8000000000005
2015-03-30 20:00:00,829.2000000000005
2015-03-31 05:00:00,819.4000000000005
2015-03-31 13:00:00,825.1000000000006
2015-03-31 14:00:00,826.9000000000005
2015-03-31 15:00:00,826.4000000000005
2015-03-31 18:00:00,823.4000000000005
2015-03-31 19:00:00,820.3000000000005
2015-04-01 05:00:00,809.1000000000006
2015-04-01 13:00:00,806.3000000000005
2015-04-01 14:00:00,809.0000000000006
2015-04-01 15:00:00,808.6000000000006
2015-04-01 16:00:00,809.2000000000005
2015-04-01 17:00:00,807.5000000000006
2015-04-01 18:00:00,807.2000000000005
2015-04-01 19:00:00,809.1000000000006
2015-04-02 05:00:00,812.3000000000005
2015-04-02 13:00:00,812.9000000000005
2015-04-02 14:00:00,811.5000000000006
2015-04-02 15:00:00,812.1000000000006
2015-04-02 16:00:00,809.5000000000006
2015-04-02 17:00:00,812.6000000000006
2015-04-02 18:00:00,811.9000000000005
2015-04-02 19:00:00,812.3000000000005
2015-04-03 05:00:00,812.3000000000005
2015-04-06 05:00:00,812.9000000000005
2015-04-06 13:00:00,809.6000000000006
2015-04-06 14:00:00,812.6000000000006
2015-04-06 15:00:00,813.2000000000005
2015-04-06 16:00:00,814.8000000000005
2015-04-06 17:00:00,814.8000000000005
2015-04-06 18:00:00,814.7000000000005
2015-04-07 05:00:00,814.5000000000006
2015-04-07 13:00:00,818.9000000000005
2015-04-07 14:00:00,818.4000000000005
2015-04-07 15:00:00,818.3000000000005
2015-04-07 16:00:00,818.7000000000005
2015-04-07 17:00:00,819.0000000000006
2015-04-07 18:00:00,818.4000000000005
2015-04-07 19:00:00,814.5000000000006
2015-04-07 20:00:00,814.1000000000006
2015-04-08 05:00:00,819.9000000000005
2015-04-08 13:00:00,819.7000000000005
2015-04-08 14:00:00,815.6000000000006
2015-04-08 15:00:00,821.9000000000005
2015-04-08 16:00:00,820.6000000000006
2015-04-08 17:00:00,820.1000000000006
2015-04-08 18:00:00,819.5000000000006
2015-04-08 19:00:00,819.7000000000005
2015-04-09 05:00:00,826.1000000000006
2015-04-09 13:00:00,824.1000000000006
2015-04-09 14:00:00,821.4000000000005
2015-04-09 15:00:00,819.8000000000005
2015-04-09 16:00:00,824.0000000000006
2015-04-09 17:00:00,823.1000000000006
2015-04-09 18:00:00,823.8000000000005
2015-04-09 19:00:00,826.1000000000006
2015-04-09 20:00:00,825.4000000000005
2015-04-10 05:00:00,832.0000000000006
2015-04-10 13:00:00,827.0000000000006
2015-04-10 14:00:00,827.4000000000005
2015-04-10 15:00:00,828.4000000000005
2015-04-10 16:00:00,830.9000000000005
2015-04-10 17:00:00,832.4000000000005
2015-04-10 18:00:00,832.5000000000006
2015-04-10 19:00:00,831.6000000000006
2015-04-13 05:00:00,828.9000000000005
2015-04-13 13:00:00,834.3000000000005
2015-04-13 14:00:00,835.5000000000006
2015-04-13 15:00:00,833.7000000000005
2015-04-13 16:00:00,831.8000000000005
2015-04-13 17:00:00,829.6000000000006
2015-04-13 18:00:00,829.4000000000005
2015-04-13 19:00:00,829.3000000000005
2015-04-14 05:00:00,828.8000000000005
2015-04-14 13:00:00,826.5000000000006
2015-04-14 14:00:00,827.1000000000006
2015-04-14 15:00:00,828.5000000000006
2015-04-14 16:00:00,828.3000000000005
2015-04-14 17:00:00,828.2000000000005
2015-04-15 05:00:00,831.2000000000005
2015-04-15 13:00:00,834.4000000000005
2015-04-15 14:00:00,833.0000000000006
2015-04-15 15:00:00,831.6000000000006
2015-04-15 17:00:00,833.3000000000005
2015-04-15 18:00:00,831.9000000000005
2015-04-15 19:00:00,831.2000000000005
2015-04-16 05:00:00,830.7000000000005
2015-04-16 13:00:00,830.9000000000005
2015-04-16 14:00:00,831.4000000000005
2015-04-16 15:00:00,831.0000000000006
2015-04-16 16:00:00,830.7000000000005
2015-04-16 17:00:00,831.8000000000005
2015-04-16 18:00:00,831.4000000000005
2015-04-16 19:00:00,830.7000000000005
2015-04-17 05:00:00,824.8000000000005
2015-04-17 13:00:00,825.2000000000005
2015-04-17 14:00:00,824.3000000000005
2015-04-17 15:00:00,824.2000000000005
2015-04-17 16:00:00,824.1000000000006
2015-04-17 17:00:00,821.5000000000006
2015-04-17 18:00:00,822.4000000000005
2015-04-17 19:00:00,824.8000000000005
2015-04-20 05:00:00,828.5000000000006
2015-04-20 13:00:00,829.8000000000005
2015-04-20 14:00:00,828.0000000000006
2015-04-20 16:00:00,830.9000000000005
2015-04-20 17:00:00,828.5000000000006
2015-04-21 05:00:00,834.2000000000005
2015-04-21 13:00:00,835.5000000000006
2015-04-21 14:00:00,834.3000000000005
2015-04-21 15:00:00,833.8000000000005
2015-04-21 16:00:00,833.6000000000006
2015-04-21 17:00:00,833.9000000000005
2015-04-21 18:00:00,834.0000000000006
2015-04-21 19:00:00,834.2000000000005
2015-04-22 05:00:00,835.0000000000006
2015-04-22 13:00:00,836.2000000000005
2015-04-22 14:00:00,834.3000000000005
2015-04-22 15:00:00,835.0000000000006
2015-04-22 16:00:00,833.7000000000005
2015-04-22 17:00:00,834.6000000000006
2015-04-22 18:00:00,836.3000000000005
2015-04-22 19:00:00,835.0000000000006
2015-04-23 05:00:00,838.0000000000006
2015-04-23 13:00:00,832.6000000000006
2015-04-23 14:00:00,832.9000000000005
2015-04-23 15:00:00,835.7000000000005
2015-04-23 16:00:00,837.9000000000005
2015-04-23 17:00:00,838.5000000000006
2015-04-23 18:00:00,838.7000000000005
2015-04-23 19:00:00,838.0000000000006
2015-04-23 20:00:00,837.9000000000005
2015-04-24 05:00:00,835.8000000000005
2015-04-24 13:00:00,836.4000000000005
2015-04-24 14:00:00,838.2000000000005
2015-04-24 15:00:00,836.8000000000005
2015-04-24 16:00:00,836.9000000000005
2015-04-24 17:00:00,836.9000000000005
2015-04-24 18:00:00,837.5000000000006
2015-04-24 19:00:00,835.9000000000005
2015-04-24 20:00:00,835.8000000000005
2015-04-27 05:00:00,822.5000000000006
2015-04-27 13:00:00,836.7000000000005
2015-04-27 14:00:00,832.4000000000005
2015-04-27 15:00:00,827.8000000000005
2015-04-27 16:00:00,824.6000000000006
2015-04-27 17:00:00,825.7000000000005
2015-04-27 18:00:00,822.7000000000005
2015-04-27 19:00:00,822.5000000000006
2015-04-28 05:00:00,825.0000000000006
2015-04-28 13:00:00,821.2000000000005
2015-04-28 14:00:00,821.1000000000006
2015-04-28 15:00:00,824.4000000000005
2015-04-28 16:00:00,825.5000000000006
2015-04-28 17:00:00,825.7000000000005
2015-04-28 18:00:00,825.6000000000006
2015-04-28 19:00:00,825.0000000000006
2015-04-29 05:00:00,819.6000000000006
2015-04-29 13:00:00,823.9000000000005
2015-04-29 14:00:00,819.5000000000006
2015-04-29 15:00:00,818.0000000000006
2015-04-29 16:00:00,816.2000000000005
2015-04-29 17:00:00,819.3000000000005
2015-04-29 18:00:00,820.1000000000006
2015-04-29 19:00:00,819.6000000000006
2015-04-30 05:00:00,808.4000000000005
2015-04-30 13:00:00,814.6000000000006
2015-04-30 14:00:00,814.8000000000005
2015-04-30 15:00:00,814.3000000000005
2015-04-30 16:00:00,812.2000000000005
2015-04-30 17:00:00,811.0000000000006
2015-04-30 18:00:00,808.6000000000006
2015-04-30 19:00:00,808.4000000000005
2015-04-30 20:00:00,808.7000000000005
2015-05-01 05:00:00,817.8000000000005
2015-05-01 13:00:00,816.8000000000005
2015-05-01 14:00:00,816.4000000000005
2015-05-01 15:00:00,814.9000000000005
2015-05-01 16:00:00,816.9000000000005
2015-05-01 17:00:00,817.7000000000005
2015-05-01 18:00:00,817.1000000000006
2015-05-01 19:00:00,817.8000000000005
2015-05-04 05:00:00,822.5000000000006
2015-05-04 13:00:00,824.3000000000005
2015-05-04 14:00:00,823.3000000000005
2015-05-04 15:00:00,822.5000000000006
2015-05-04 16:00:00,824.0000000000006
2015-05-04 17:00:00,822.2000000000005
2015-05-04 18:00:00,823.0000000000006
2015-05-04 19:00:00,822.5000000000006
2015-05-05 05:00:00,813.3000000000005
2015-05-05 13:00:00,816.5000000000006
2015-05-05 14:00:00,815.9000000000005
2015-05-05 15:00:00,815.2000000000005
2015-05-05 16:00:00,815.5000000000006
2015-05-05 17:00:00,813.8000000000005
2015-05-05 18:00:00,814.2000000000005
2015-05-05 19:00:00,813.3000000000005
2015-05-06 05:00:00,810.6000000000006
2015-05-06 13:00:00,811.7000000000005
2015-05-06 14:00:00,812.1000000000006
2015-05-06 15:00:00,811.7000000000005
2015-05-06 16:00:00,809.7000000000005
2015-05-06 17:00:00,807.9000000000005
2015-05-06 18:00:00,807.2000000000005
2015-05-06 19:00:00,810.6000000000006
2015-05-07 05:00:00,814.5000000000006
2015-05-07 13:00:00,810.0000000000006
2015-05-07 14:00:00,813.6000000000006
2015-05-07 15:00:00,814.0000000000006
2015-05-07 16:00:00,815.7000000000005
2015-05-07 17:00:00,815.3000000000005
2015-05-07 18:00:00,814.8000000000005
2015-05-07 19:00:00,815.0000000000006
2015-05-08 05:00:00,825.9000000000005
2015-05-08 13:00:00,822.9000000000005
2015-05-08 14:00:00,825.6000000000006
2015-05-08 15:00:00,827.4000000000005
2015-05-08 16:00:00,826.4000000000005
2015-05-08 17:00:00,824.3000000000005
2015-05-08 18:00:00,824.9000000000005
2015-05-08 19:00:00,825.9000000000005
2015-05-11 05:00:00,825.8000000000005
2015-05-11 13:00:00,828.2000000000005
2015-05-11 14:00:00,827.0000000000006
2015-05-11 15:00:00,827.6000000000006
2015-05-11 16:00:00,826.9000000000005
2015-05-11 17:00:00,828.2000000000005
2015-05-11 18:00:00,826.1000000000006
2015-05-11 19:00:00,825.8000000000005
2015-05-11 20:00:00,825.4000000000005
2015-05-12 05:00:00,822.5000000000006
2015-05-12 13:00:00,820.1000000000006
2015-05-12 14:00:00,821.9000000000005
2015-05-12 15:00:00,822.5000000000006
2015-05-12 16:00:00,820.5000000000006
2015-05-12 18:00:00,822.7000000000005
2015-05-12 19:00:00,822.8000000000005
2015-05-13 05:00:00,822.5000000000006
2015-05-13 13:00:00,824.9000000000005
2015-05-13 14:00:00,822.1000000000006
2015-05-13 15:00:00,822.4000000000005
2015-05-13 16:00:00,822.5000000000006
2015-05-13 17:00:00,823.2000000000005
2015-05-13 18:00:00,822.0000000000006
2015-05-13 19:00:00,822.5000000000006
2015-05-14 05:00:00,832.3000000000005
2015-05-14 13:00:00,824.4000000000005
2015-05-14 14:00:00,827.4000000000005
2015-05-14 15:00:00,828.1000000000006
2015-05-14 16:00:00,830.5000000000006
2015-05-14 17:00:00,831.7000000000005
2015-05-14 18:00:00,831.5000000000006
2015-05-14 19:00:00,832.3000000000005
2015-05-15 05:00:00,833.7000000000005
2015-05-15 13:00:00,833.9000000000005
2015-05-15 14:00:00,834.4000000000005
2015-05-15 15:00:00,833.3000000000005
2015-05-15 16:00:00,833.2000000000005
2015-05-15 17:00:00,832.7000000000005
2015-05-18 05:00:00,838.3000000000005
2015-05-18 13:00:00,835.5000000000006
2015-05-18 14:00:00,836.2000000000005
2015-05-18 15:00:00,837.7000000000005
2015-05-18 16:00:00,837.6000000000006
2015-05-18 17:00:00,838.9000000000005
2015-05-18 18:00:00,838.6000000000006
2015-05-18 19:00:00,838.3000000000005
2015-05-19 05:00:00,841.7000000000005
2015-05-19 13:00:00,839.6000000000006
2015-05-19 14:00:00,842.0000000000006
2015-05-19 15:00:00,843.0000000000006
2015-05-19 16:00:00,843.2000000000005
2015-05-19 17:00:00,843.8000000000005
2015-05-19 18:00:00,842.4000000000005
2015-05-19 19:00:00,841.7000000000005
2015-05-20 05:00:00,843.2000000000005
2015-05-20 13:00:00,841.5000000000006
2015-05-20 14:00:00,843.6000000000006
2015-05-20 15:00:00,843.0000000000006
2015-05-20 16:00:00,842.8000000000005
2015-05-20 17:00:00,842.9000000000005
2015-05-20 18:00:00,845.1000000000006
2015-05-20 19:00:00,843.2000000000005
2015-05-21 05:00:00,843.3000000000005
2015-05-21 13:00:00,842.6000000000006
2015-05-21 14:00:00,842.1000000000006
2015-05-21 15:00:00,843.3000000000005
2015-05-22 05:00:00,841.4000000000005
2015-05-22 13:00:00,841.4000000000005
2015-05-22 14:00:00,842.3000000000005
2015-05-22 15:00:00,841.5000000000006
2015-05-22 16:00:00,842.0000000000006
2015-05-22 18:00:00,842.5000000000006
2015-05-26 05:00:00,834.1000000000006
2015-05-26 13:00:00,838.1000000000006
2015-05-26 14:00:00,835.5000000000006
2015-05-26 15:00:00,834.3000000000005
2015-05-26 17:00:00,833.0000000000006
2015-05-26 18:00:00,833.4000000000005
2015-05-26 19:00:00,834.1000000000006
2015-05-27 05:00:00,842.1000000000006
2015-05-27 13:00:00,838.5000000000006
2015-05-27 14:00:00,840.6000000000006
2015-05-27 15:00:00,841.6000000000006
2015-05-27 16:00:00,841.0000000000006
2015-05-27 17:00:00,840.8000000000005
2015-05-27 18:00:00,841.2000000000005
2015-05-27 19:00:00,842.1000000000006
2015-05-28 05:00:00,842.7000000000005
2015-05-28 13:00:00,840.0000000000006
2015-05-28 14:00:00,840.1000000000006
2015-05-28 15:00:00,840.5000000000006
2015-05-28 16:00:00,840.4000000000005
2015-05-28 17:00:00,840.9000000000005
2015-05-28 18:00:00,842.3000000000005
2015-05-28 19:00:00,842.7000000000005
2015-05-29 05:00:00,841.7000000000005
2015-05-29 13:00:00,843.8000000000005
2015-05-29 14:00:00,839.3000000000005
2015-05-29 15:00:00,841.1000000000006
2015-05-29 17:00:00,846.0000000000006
2015-05-29 18:00:00,840.7000000000005
2015-05-29 19:00:00,842.0000000000006
2015-06-01 05:00:00,843.8000000000005
2015-06-01 13:00:00,842.0000000000006
2015-06-01 14:00:00,842.9000000000005
2015-06-01 15:00:00,842.6000000000006
2015-06-01 16:00:00,845.4000000000005
2015-06-01 17:00:00,845.3000000000005
2015-06-01 18:00:00,846.1000000000006
2015-06-01 19:00:00,844.0000000000006
2015-06-02 05:00:00,839.3000000000005
2015-06-02 13:00:00,837.4000000000005
2015-06-02 14:00:00,838.9000000000005
2015-06-02 16:00:00,841.0000000000006
2015-06-02 17:00:00,842.0000000000006
2015-06-02 18:00:00,840.5000000000006
2015-06-02 19:00:00,839.3000000000005
2015-06-03 05:00:00,839.6000000000006
2015-06-03 13:00:00,839.8000000000005
2015-06-03 14:00:00,840.8000000000005
2015-06-03 15:00:00,839.2000000000005
2015-06-03 16:00:00,838.5000000000006
2015-06-03 17:00:00,839.1000000000006
2015-06-03 18:00:00,840.1000000000006
2015-06-03 19:00:00,839.6000000000006
2015-06-04 05:00:00,834.7000000000005
2015-06-04 13:00:00,839.0000000000006
2015-06-04 14:00:00,837.2000000000005
2015-06-04 15:00:00,835.8000000000005
2015-06-04 16:00:00,836.0000000000006
2015-06-04 17:00:00,833.7000000000005
2015-06-04 18:00:00,834.7000000000005
2015-06-04 20:00:00,835.5000000000006
2015-06-05 05:00:00,834.8000000000005
2015-06-05 13:00:00,830.8000000000005
2015-06-05 14:00:00,833.2000000000005
2015-06-05 15:00:00,833.3000000000005
2015-06-05 16:00:00,833.3000000000005
2015-06-05 17:00:00,833.5000000000006
2015-06-05 18:00:00,834.4000000000005
2015-06-05 19:00:00,834.9000000000005
2015-06-05 20:00:00,834.4000000000005
2015-06-08 05:00:00,835.2000000000005
2015-06-08 13:00:00,833.3000000000005
2015-06-08 14:00:00,833.7000000000005
2015-06-08 15:00:00,834.6000000000006
2015-06-08 16:00:00,835.2000000000005
2015-06-09 05:00:00,831.1000000000006
2015-06-09 13:00:00,829.0000000000006
2015-06-09 14:00:00,828.3000000000005
2015-06-09 15:00:00,831.2000000000005
2015-06-09 16:00:00,830.4000000000005
2015-06-09 17:00:00,830.8000000000005
2015-06-09 18:00:00,830.8000000000005
2015-06-09 19:00:00,831.1000000000006
2015-06-10 05:00:00,840.3000000000005
2015-06-10 13:00:00,831.2000000000005
2015-06-10 14:00:00,834.8000000000005
2015-06-10 15:00:00,837.0000000000006
2015-06-10 16:00:00,839.4000000000005
2015-06-10 17:00:00,839.1000000000006
2015-06-10 18:00:00,840.3000000000005
2015-06-10 20:00:00,840.0000000000006
2015-06-11 05:00:00,843.7000000000005
2015-06-11 15:00:00,842.4000000000004
2015-06-12 05:00:00,835.9000000000004
2015-06-12 13:00:00,839.0000000000005
2015-06-12 14:00:00,835.6000000000005
2015-06-12 15:00:00,837.1000000000005
2015-06-15 05:00:00,836.2000000000005
2015-06-15 13:00:00,827.2000000000005
2015-06-15 14:00:00,830.0000000000005
2015-06-15 15:00:00,831.3000000000004
2015-06-15 16:00:00,835.0000000000005
2015-06-15 17:00:00,834.3000000000004
2015-06-15 19:00:00,835.3000000000004
2015-06-16 05:00:00,839.3000000000004
2015-06-16 13:00:00,838.9000000000004
2015-06-16 14:00:00,836.3000000000004
2015-06-16 15:00:00,837.7000000000005
2015-06-16 17:00:00,839.8000000000004
2015-06-16 18:00:00,838.8000000000004
2015-06-16 19:00:00,839.3000000000004
2015-06-17 05:00:00,840.3000000000004
2015-06-17 13:00:00,841.2000000000005
2015-06-17 14:00:00,841.7000000000005
2015-06-17 15:00:00,840.1000000000005
2015-06-17 16:00:00,837.3000000000004
2015-06-17 17:00:00,837.0000000000005
2015-06-17 18:00:00,841.5000000000005
2015-06-17 19:00:00,840.3000000000004
2015-06-18 05:00:00,850.8000000000004
2015-06-18 13:00:00,846.8000000000004
2015-06-18 14:00:00,850.7000000000005
2015-06-18 15:00:00,851.6000000000005
2015-06-18 16:00:00,852.6000000000005
2015-06-18 17:00:00,850.5000000000005
2015-06-18 18:00:00,851.4000000000004
2015-06-18 19:00:00,850.8000000000004
2015-06-19 05:00:00,851.4000000000004
2015-06-19 13:00:00,852.0000000000005
2015-06-19 18:00:00,851.3000000000004
2015-06-19 19:00:00,852.0000000000005
2015-06-22 05:00:00,858.4000000000004
2015-06-22 13:00:00,858.5000000000005
2015-06-22 14:00:00,858.3000000000004
2015-06-22 15:00:00,858.6000000000005
2015-06-22 16:00:00,858.4000000000004
2015-06-23 05:00:00,857.4000000000004
2015-06-23 13:00:00,858.9000000000004
2015-06-23 14:00:00,858.1000000000005
2015-06-23 15:00:00,857.1000000000005
2015-06-23 16:00:00,856.0000000000005
2015-06-23 18:00:00,856.5000000000005
2015-06-23 19:00:00,857.2000000000005
2015-06-24 05:00:00,851.1000000000005
2015-06-24 13:00:00,854.7000000000005
2015-06-24 14:00:00,855.7000000000005
2015-06-24 16:00:00,854.0000000000005
2015-06-24 17:00:00,851.6000000000005
2015-06-24 18:00:00,852.0000000000005
2015-06-24 19:00:00,851.2000000000005
2015-06-25 05:00:00,854.2000000000005
2015-06-25 13:00:00,851.5000000000005
2015-06-25 14:00:00,856.9000000000004
2015-06-25 15:00:00,856.3000000000004
2015-06-25 16:00:00,855.0000000000005
2015-06-25 17:00:00,855.4000000000004
2015-06-25 18:00:00,852.3000000000004
2015-06-25 19:00:00,854.2000000000005
2015-06-26 05:00:00,852.6000000000005
2015-06-26 13:00:00,855.9000000000004
2015-06-26 14:00:00,854.1000000000005
2015-06-26 15:00:00,855.0000000000005
2015-06-26 16:00:00,854.0000000000005
2015-06-26 17:00:00,852.5000000000005
2015-06-26 18:00:00,851.9000000000004
2015-06-26 19:00:00,852.6000000000005
2015-06-29 05:00:00,835.0000000000005
2015-06-29 13:00:00,847.1000000000005
2015-06-29 14:00:00,847.7000000000005
2015-06-29 16:00:00,843.9000000000004
2015-06-29 18:00:00,838.6000000000005
2015-06-30 05:00:00,838.3000000000004
2015-06-30 13:00:00,840.2000000000005
2015-06-30 14:00:00,835.5000000000005
2015-06-30 15:00:00,836.6000000000005
2015-06-30 16:00:00,835.5000000000005
2015-06-30 17:00:00,836.5000000000005
2015-06-30 18:00:00,838.6000000000005
2015-06-30 19:00:00,839.1000000000005
2015-07-01 05:00:00,843.9000000000004
2015-07-01 13:00:00,843.8000000000004
2015-07-01 14:00:00,843.5000000000005
2015-07-01 15:00:00,843.3000000000004
2015-07-01 16:00:00,841.2000000000005
2015-07-01 17:00:00,842.4000000000004
2015-07-02 05:00:00,841.5000000000005
2015-07-02 13:00:00,843.8000000000004
2015-07-02 14:00:00,842.7000000000005
2015-07-02 15:00:00,841.6000000000005
2015-07-02 18:00:00,841.5000000000005
2015-07-06 05:00:00,840.3000000000004
2015-07-06 13:00:00,840.6000000000005
2015-07-06 14:00:00,843.2000000000005
2015-07-06 15:00:00,840.7000000000005
2015-07-06 16:00:00,842.4000000000004
2015-07-06 17:00:00,838.1000000000005
2015-07-06 18:00:00,838.3000000000004
2015-07-06 19:00:00,840.2000000000005
2015-07-07 05:00:00,843.2000000000005
2015-07-07 13:00:00,840.1000000000005
2015-07-07 14:00:00,834.9000000000004
2015-07-07 15:00:00,835.0000000000005
2015-07-07 16:00:00,839.3000000000004
2015-07-07 17:00:00,840.2000000000005
2015-07-07 18:00:00,842.4000000000004
2015-07-07 19:00:00,843.2000000000005
2015-07-08 05:00:00,832.2000000000005
2015-07-08 13:00:00,837.0000000000005
2015-07-08 14:00:00,839.2000000000005
2015-07-08 15:00:00,834.2000000000005
2015-07-08 18:00:00,833.3000000000004
2015-07-08 19:00:00,832.9000000000004
2015-07-09 05:00:00,836.3000000000004
2015-07-09 13:00:00,840.4000000000004
2015-07-09 14:00:00,839.3000000000004
2015-07-09 15:00:00,840.5000000000005
2015-07-09 16:00:00,839.0000000000005
2015-07-09 17:00:00,837.1000000000005
2015-07-09 18:00:00,837.3000000000004
2015-07-09 19:00:00,837.5000000000005
2015-07-10 05:00:00,846.4000000000004
2015-07-10 13:00:00,841.9000000000004
2015-07-10 14:00:00,842.6000000000005
2015-07-10 15:00:00,845.4000000000004
2015-07-10 16:00:00,844.4000000000004
2015-07-10 17:00:00,844.1000000000005
2015-07-10 18:00:00,845.0000000000005
2015-07-10 19:00:00,846.4000000000004
2015-07-13 05:00:00,852.3000000000004
2015-07-13 13:00:00,852.2000000000005
2015-07-13 14:00:00,852.4000000000004
2015-07-13 15:00:00,851.6000000000005
2015-07-13 16:00:00,849.6000000000005
2015-07-13 17:00:00,849.5000000000005
2015-07-13 18:00:00,851.4000000000004
2015-07-13 19:00:00,852.3000000000004
2015-07-13 20:00:00,852.2000000000005
2015-07-14 05:00:00,860.0000000000005
2015-07-14 13:00:00,854.9000000000004
2015-07-14 14:00:00,856.2000000000005
2015-07-14 15:00:00,857.0000000000005
2015-07-14 16:00:00,857.3000000000004
2015-07-14 18:00:00,860.2000000000005
2015-07-14 19:00:00,860.1000000000005
2015-07-15 05:00:00,860.5000000000005
2015-07-15 13:00:00,864.8000000000004
2015-07-15 14:00:00,864.7000000000005
2015-07-15 15:00:00,863.6000000000005
2015-07-15 16:00:00,862.9000000000004
2015-07-15 18:00:00,858.9000000000004
2015-07-15 19:00:00,860.5000000000005
2015-07-15 20:00:00,861.6000000000005
2015-07-16 05:00:00,864.5000000000005
2015-07-16 13:00:00,862.9000000000004
2015-07-16 14:00:00,863.0000000000005
2015-07-16 15:00:00,863.5000000000005
2015-07-16 17:00:00,864.5000000000005
2015-07-16 18:00:00,864.5000000000005
2015-07-16 19:00:00,864.5000000000005
2015-07-16 20:00:00,864.1000000000005
2015-07-17 05:00:00,862.5000000000005
2015-07-17 13:00:00,861.4000000000004
2015-07-17 14:00:00,861.0000000000005
2015-07-17 15:00:00,860.7000000000005
2015-07-17 16:00:00,861.0000000000005
2015-07-17 19:00:00,862.3000000000004
2015-07-20 05:00:00,864.9000000000004
2015-07-20 13:00:00,866.1000000000005
2015-07-20 14:00:00,863.6000000000005
2015-07-20 16:00:00,865.5000000000005
2015-07-20 17:00:00,865.3000000000004
2015-07-20 18:00:00,865.8000000000004
2015-07-20 19:00:00,864.9000000000004
2015-07-20 20:00:00,865.3000000000004
2015-07-21 05:00:00,862.7000000000005
2015-07-21 13:00:00,864.3000000000004
2015-07-21 14:00:00,861.2000000000005
2015-07-21 15:00:00,859.7000000000005
2015-07-21 16:00:00,859.9000000000004
2015-07-21 17:00:00,861.1000000000005
2015-07-21 18:00:00,862.2000000000005
2015-07-21 19:00:00,862.9000000000004
2015-07-22 05:00:00,863.9000000000004
2015-07-22 13:00:00,860.7000000000005
2015-07-22 14:00:00,863.8000000000004
2015-07-22 15:00:00,863.0000000000005
2015-07-22 16:00:00,863.4000000000004
2015-07-22 17:00:00,863.9000000000004
2015-07-23 05:00:00,861.4000000000004
2015-07-23 13:00:00,862.0000000000005
2015-07-23 14:00:00,865.2000000000005
2015-07-23 15:00:00,862.0000000000005
2015-07-23 16:00:00,860.8000000000004
2015-07-23 17:00:00,861.5000000000005
2015-07-23 18:00:00,860.9000000000004
2015-07-23 19:00:00,861.4000000000004
2015-07-23 20:00:00,860.8000000000004
2015-07-24 05:00:00,841.2000000000005
2015-07-24 13:00:00,852.1000000000005
2015-07-24 14:00:00,850.1000000000005
2015-07-24 15:00:00,848.2000000000005
2015-07-24 16:00:00,849.1000000000005
2015-07-24 17:00:00,845.2000000000005
2015-07-24 18:00:00,842.2000000000005
2015-07-24 19:00:00,840.9000000000004
2015-07-27 05:00:00,840.4000000000004
2015-07-27 13:00:00,839.6000000000005
2015-07-27 14:00:00,841.3000000000004
2015-07-27 15:00:00,838.4000000000004
2015-07-27 16:00:00,839.5000000000005
2015-07-27 17:00:00,839.0000000000005
2015-07-27 18:00:00,839.7000000000005
2015-07-27 19:00:00,840.4000000000004
2015-07-27 20:00:00,841.4000000000004
2015-07-28 05:00:00,854.2000000000005
2015-07-28 13:00:00,844.1000000000005
2015-07-28 14:00:00,846.1000000000005
2015-07-28 15:00:00,846.0000000000005
2015-07-28 16:00:00,848.8000000000004
2015-07-28 17:00:00,851.6000000000005
2015-07-28 18:00:00,853.6000000000005
2015-07-28 19:00:00,854.1000000000005
2015-07-28 20:00:00,855.8000000000004
2015-07-29 05:00:00,856.3000000000004
2015-07-29 13:00:00,858.3000000000004
2015-07-29 14:00:00,857.4000000000004
2015-07-29 15:00:00,856.5000000000005
2015-07-29 16:00:00,856.9000000000004
2015-07-29 17:00:00,853.4000000000004
2015-07-29 18:00:00,855.4000000000004
2015-07-29 19:00:00,856.6000000000005
2015-07-29 20:00:00,856.1000000000005
2015-07-30 05:00:00,854.6000000000005
2015-07-30 13:00:00,849.9000000000004
2015-07-30 14:00:00,850.8000000000004
2015-07-30 15:00:00,851.3000000000004
2015-07-30 19:00:00,854.6000000000005
2015-07-31 05:00:00,858.3000000000004
2015-07-31 13:00:00,857.9000000000004
2015-07-31 14:00:00,861.0000000000005
2015-07-31 15:00:00,860.6000000000005
2015-07-31 16:00:00,860.9000000000004
2015-07-31 17:00:00,858.9000000000004
2015-07-31 18:00:00,858.4000000000004
2015-07-31 19:00:00,858.3000000000004
2015-08-03 05:00:00,858.0000000000005
2015-08-03 13:00:00,861.6000000000005
2015-08-03 14:00:00,858.5000000000005
2015-08-03 16:00:00,855.2000000000005
2015-08-03 17:00:00,854.5000000000005
2015-08-03 18:00:00,854.7000000000005
2015-08-03 19:00:00,856.7000000000005
2015-08-03 20:00:00,858.6000000000005
2015-08-04 05:00:00,858.0000000000005
2015-08-04 13:00:00,859.6000000000005
2015-08-04 14:00:00,861.9000000000004
2015-08-04 16:00:00,859.8000000000004
2015-08-04 18:00:00,857.0000000000005
2015-08-04 19:00:00,858.0000000000005
2015-08-05 05:00:00,864.5000000000005
2015-08-05 13:00:00,864.1000000000005
2015-08-05 14:00:00,863.9000000000004
2015-08-05 15:00:00,864.7000000000005
2015-08-05 16:00:00,863.0000000000005
2015-08-05 17:00:00,862.2000000000005
2015-08-05 19:00:00,864.6000000000005
2015-08-06 05:00:00,848.0000000000005
2015-08-06 13:00:00,861.2000000000005
2015-08-06 14:00:00,857.9000000000004
2015-08-06 15:00:00,851.6000000000005
2015-08-06 16:00:00,847.7000000000005
2015-08-06 17:00:00,850.3000000000004
2015-08-06 18:00:00,850.0000000000005
2015-08-06 19:00:00,848.0000000000005
2015-08-06 20:00:00,847.8000000000004
2015-08-07 05:00:00,845.8000000000004
2015-08-07 13:00:00,844.0000000000005
2015-08-07 14:00:00,842.6000000000005
2015-08-07 15:00:00,839.7000000000005
2015-08-07 16:00:00,840.4000000000004
2015-08-07 17:00:00,840.4000000000004
2015-08-07 18:00:00,840.5000000000005
2015-08-07 19:00:00,845.8000000000004
2015-08-07 20:00:00,846.7000000000005
2015-08-10 05:00:00,851.9000000000004
2015-08-10 13:00:00,854.2000000000005
2015-08-10 14:00:00,852.3000000000004
2015-08-10 15:00:00,851.9000000000004
2015-08-10 16:00:00,851.0000000000005
2015-08-10 17:00:00,851.5000000000005
2015-08-10 19:00:00,851.9000000000004
2015-08-11 05:00:00,845.8000000000004
2015-08-11 13:00:00,847.4000000000004
2015-08-11 14:00:00,847.7000000000005
2015-08-11 15:00:00,844.5000000000005
2015-08-11 16:00:00,844.9000000000004
2015-08-11 17:00:00,843.7000000000005
2015-08-11 18:00:00,844.0000000000005
2015-08-12 05:00:00,845.8000000000004
2015-08-12 13:00:00,841.1000000000005
2015-08-12 14:00:00,834.1000000000005
2015-08-12 15:00:00,836.9000000000004
2015-08-12 16:00:00,836.6000000000005
2015-08-12 17:00:00,839.8000000000004
2015-08-12 18:00:00,844.2000000000005
2015-08-12 19:00:00,845.8000000000004
2015-08-13 05:00:00,844.4000000000004
2015-08-13 13:00:00,844.0000000000005
2015-08-13 14:00:00,846.3000000000004
2015-08-13 15:00:00,848.4000000000004
2015-08-13 16:00:00,848.8000000000004
2015-08-13 17:00:00,847.8000000000004
2015-08-13 19:00:00,843.9000000000004
2015-08-13 20:00:00,845.0000000000005
2015-08-14 05:00:00,846.2000000000005
2015-08-14 13:00:00,846.2000000000005
2015-08-14 14:00:00,843.5000000000005
2015-08-14 15:00:00,842.2000000000005
2015-08-14 18:00:00,845.2000000000005
2015-08-17 05:00:00,854.0000000000005
2015-08-17 13:00:00,844.9000000000004
2015-08-17 14:00:00,850.0000000000005
2015-08-17 15:00:00,850.7000000000005
2015-08-17 17:00:00,851.7000000000005
2015-08-17 19:00:00,853.1000000000005
2015-08-18 05:00:00,852.9000000000004
2015-08-18 13:00:00,854.5000000000005
2015-08-18 14:00:00,855.7000000000005
2015-08-18 15:00:00,854.5000000000005
2015-08-18 16:00:00,854.5000000000005
2015-08-18 18:00:00,852.9000000000004
2015-08-18 19:00:00,852.9000000000004
2015-08-19 05:00:00,850.3000000000004
2015-08-19 13:00:00,847.4000000000004
2015-08-19 14:00:00,846.6000000000005
2015-08-19 15:00:00,846.8000000000004
2015-08-19 16:00:00,848.6000000000005
2015-08-19 17:00:00,850.0000000000005
2015-08-19 18:00:00,851.4000000000004
2015-08-19 19:00:00,850.3000000000004
2015-08-20 05:00:00,833.8000000000004
2015-08-20 13:00:00,845.1000000000005
2015-08-20 14:00:00,843.0000000000005
2015-08-20 15:00:00,842.3000000000004
2015-08-20 16:00:00,839.3000000000004
2015-08-20 17:00:00,841.0000000000005
2015-08-20 18:00:00,836.8000000000004
2015-08-20 19:00:00,836.4000000000004
2015-08-21 05:00:00,810.6000000000005
2015-08-21 13:00:00,827.8000000000004
2015-08-21 14:00:00,824.2000000000005
2015-08-21 15:00:00,821.2000000000005
2015-08-21 16:00:00,818.4000000000004
2015-08-21 17:00:00,820.6000000000005
2015-08-21 18:00:00,815.8000000000004
2015-08-21 19:00:00,811.7000000000005
2015-08-24 05:00:00,782.3000000000004
2015-08-24 13:00:00,800.6000000000005
2015-08-24 14:00:00,792.2000000000005
2015-08-24 15:00:00,791.8000000000004
2015-08-24 16:00:00,801.5000000000005
2015-08-24 17:00:00,791.9000000000004
2015-08-24 18:00:00,781.3000000000004
2015-08-24 19:00:00,789.1000000000005
2015-08-25 05:00:00,771.1000000000005
2015-08-25 13:00:00,797.2000000000005
2015-08-25 14:00:00,794.2000000000005
2015-08-25 15:00:00,800.1000000000005
2015-08-25 16:00:00,799.0000000000005
2015-08-25 17:00:00,791.5000000000005
2015-08-25 18:00:00,794.7000000000005
2015-08-25 19:00:00,781.1000000000005
2015-08-25 20:00:00,773.4000000000004
2015-08-26 05:00:00,799.4000000000004
2015-08-26 13:00:00,786.6000000000005
2015-08-26 14:00:00,786.0000000000005
2015-08-26 15:00:00,779.7000000000005
2015-08-26 16:00:00,775.7000000000005
2015-08-26 17:00:00,785.1000000000005
2015-08-26 18:00:00,788.8000000000004
2015-08-26 19:00:00,799.0000000000005
2015-08-26 20:00:00,801.5000000000005
2015-08-27 05:00:00,813.9000000000004
2015-08-27 13:00:00,805.5000000000005
2015-08-27 14:00:00,810.8000000000004
2015-08-27 15:00:00,810.7000000000005
2015-08-27 16:00:00,812.6000000000005
2015-08-27 17:00:00,812.9000000000004
2015-08-27 18:00:00,804.5000000000005
2015-08-27 19:00:00,813.3000000000004
2015-08-27 20:00:00,814.2000000000005
2015-08-28 05:00:00,810.7000000000005
2015-08-28 13:00:00,812.7000000000005
2015-08-28 14:00:00,810.6000000000005
2015-08-28 15:00:00,810.2000000000005
2015-08-28 17:00:00,806.4000000000004
2015-08-28 19:00:00,808.0000000000005
2015-08-28 20:00:00,812.1000000000005
2015-08-31 05:00:00,797.9000000000004
2015-08-31 13:00:00,809.3000000000004
2015-08-31 14:00:00,808.2000000000005
2015-08-31 15:00:00,804.5000000000005
2015-08-31 17:00:00,802.1000000000005
2015-08-31 18:00:00,795.8000000000004
2015-08-31 19:00:00,799.1000000000005
2015-08-31 20:00:00,796.4000000000004
2015-09-01 05:00:00,778.9000000000004
2015-09-01 13:00:00,786.8000000000004
2015-09-01 14:00:00,786.9000000000004
2015-09-01 15:00:00,788.8000000000004
2015-09-01 16:00:00,780.7000000000005
2015-09-01 17:00:00,781.5000000000005
2015-09-01 18:00:00,781.4000000000004
2015-09-01 19:00:00,778.9000000000004
2015-09-01 20:00:00,781.2000000000005
2015-09-02 05:00:00,792.3000000000004
2015-09-02 13:00:00,784.6000000000005
2015-09-02 14:00:00,783.2000000000005
2015-09-02 15:00:00,783.0000000000005
2015-09-02 16:00:00,784.1000000000005
2015-09-02 17:00:00,785.2000000000005
2015-09-02 18:00:00,784.5000000000005
2015-09-02 19:00:00,792.4000000000004
2015-09-02 20:00:00,792.5000000000005
2015-09-03 05:00:00,788.0000000000005
2015-09-03 13:00:00,796.1000000000005
2015-09-03 14:00:00,796.6000000000005
2015-09-03 15:00:00,796.1000000000005
2015-09-03 16:00:00,792.6000000000005
2015-09-03 17:00:00,790.9000000000004
2015-09-03 18:00:00,791.0000000000005
2015-09-03 19:00:00,788.6000000000005
2015-09-03 20:00:00,787.9000000000004
2015-09-04 05:00:00,779.1000000000005
2015-09-04 13:00:00,778.9000000000004
2015-09-04 14:00:00,781.3000000000004
2015-09-04 15:00:00,778.5000000000005
2015-09-04 16:00:00,778.6000000000005
2015-09-04 17:00:00,776.1000000000005
2015-09-04 18:00:00,778.1000000000005
2015-09-04 19:00:00,779.0000000000005
2015-09-04 20:00:00,780.2000000000005
2015-09-08 05:00:00,798.6000000000005
2015-09-08 13:00:00,790.9000000000004
2015-09-08 14:00:00,789.9000000000004
2015-09-08 15:00:00,789.9000000000004
2015-09-08 16:00:00,791.6000000000005
2015-09-08 18:00:00,793.1000000000005
2015-09-08 19:00:00,798.6000000000005
2015-09-08 20:00:00,797.6000000000005
2015-09-09 05:00:00,786.9000000000004
2015-09-09 13:00:00,799.3000000000004
2015-09-09 14:00:00,796.7000000000005
2015-09-09 15:00:00,797.6000000000005
2015-09-09 17:00:00,794.4000000000004
2015-09-09 18:00:00,791.7000000000005
2015-09-09 19:00:00,786.9000000000004
2015-09-09 20:00:00,787.6000000000005
2015-09-10 05:00:00,793.6000000000005
2015-09-10 13:00:00,791.7000000000005
2015-09-10 14:00:00,788.2000000000005
2015-09-10 15:00:00,793.2000000000005
2015-09-10 16:00:00,795.4000000000004
2015-09-10 17:00:00,797.6000000000005
2015-09-10 19:00:00,793.1000000000005
2015-09-10 20:00:00,792.5000000000005
2015-09-11 05:00:00,798.8000000000004
2015-09-14 05:00:00,796.2000000000004
2015-09-14 13:00:00,797.8000000000004
2015-09-14 16:00:00,794.2000000000004
2015-09-14 17:00:00,795.7000000000004
2015-09-14 18:00:00,795.2000000000004
2015-09-14 19:00:00,796.4000000000003
2015-09-14 20:00:00,796.5000000000003
2015-09-15 05:00:00,806.4000000000003
2015-09-15 13:00:00,798.2000000000004
2015-09-15 14:00:00,803.1000000000004
2015-09-15 15:00:00,802.1000000000004
2015-09-15 16:00:00,802.7000000000004
2015-09-15 17:00:00,806.0000000000003
2015-09-15 18:00:00,807.7000000000004
2015-09-15 19:00:00,806.8000000000004
2015-09-16 05:00:00,808.1000000000004
2015-09-16 13:00:00,804.3000000000004
2015-09-16 14:00:00,802.2000000000004
2015-09-16 15:00:00,804.8000000000004
2015-09-16 16:00:00,808.2000000000004
2015-09-16 17:00:00,806.3000000000004
2015-09-16 18:00:00,807.5000000000003
2015-09-16 19:00:00,808.1000000000004
2015-09-16 20:00:00,807.9000000000003
2015-09-17 05:00:00,814.9000000000003
2015-09-17 13:00:00,808.9000000000003
2015-09-17 14:00:00,810.4000000000003
2015-09-17 15:00:00,809.2000000000004
2015-09-17 16:00:00,810.9000000000003
2015-09-17 17:00:00,812.9000000000003
2015-09-17 18:00:00,822.1000000000004
2015-09-17 19:00:00,815.9000000000003
2015-09-17 20:00:00,812.9000000000003
2015-09-18 05:00:00,804.2000000000004
2015-09-18 13:00:00,806.2000000000004
2015-09-18 14:00:00,809.5000000000003
2015-09-18 15:00:00,810.1000000000004
2015-09-18 16:00:00,807.2000000000004
2015-09-18 17:00:00,804.6000000000004
2015-09-18 18:00:00,806.7000000000004
2015-09-18 19:00:00,803.4000000000003
2015-09-18 20:00:00,806.3000000000004
2015-09-21 05:00:00,793.8000000000004
2015-09-21 13:00:00,808.4000000000003
2015-09-21 14:00:00,808.8000000000004
2015-09-21 15:00:00,799.5000000000003
2015-09-21 16:00:00,790.5000000000003
2015-09-21 17:00:00,792.7000000000004
2015-09-21 18:00:00,793.6000000000004
2015-09-21 19:00:00,793.8000000000004
2015-09-21 20:00:00,795.4000000000003
2015-09-22 05:00:00,790.5000000000003
2015-09-22 13:00:00,785.3000000000004
2015-09-22 14:00:00,783.4000000000003
2015-09-22 15:00:00,783.2000000000004
2015-09-22 16:00:00,783.1000000000004
2015-09-22 17:00:00,783.3000000000004
2015-09-22 18:00:00,787.0000000000003
2015-09-22 19:00:00,791.0000000000003
2015-09-22 20:00:00,791.0000000000003
2015-09-23 05:00:00,789.8000000000004
2015-09-23 13:00:00,785.9000000000003
2015-09-23 14:00:00,794.0000000000003
2015-09-23 15:00:00,789.0000000000003
2015-09-23 16:00:00,789.6000000000004
2015-09-23 17:00:00,790.2000000000004
2015-09-23 18:00:00,788.9000000000003
2015-09-23 19:00:00,789.8000000000004
2015-09-23 20:00:00,789.6000000000004
2015-09-24 05:00:00,783.0000000000003
2015-09-24 13:00:00,780.2000000000004
2015-09-24 14:00:00,776.8000000000004
2015-09-24 15:00:00,776.1000000000004
2015-09-24 16:00:00,777.7000000000004
2015-09-24 17:00:00,778.0000000000003
2015-09-24 18:00:00,780.6000000000004
2015-09-24 19:00:00,783.0000000000003
2015-09-25 05:00:00,763.4000000000003
2015-09-25 13:00:00,783.5000000000003
2015-09-25 14:00:00,783.3000000000004
2015-09-25 15:00:00,781.6000000000004
2015-09-25 16:00:00,779.6000000000004
2015-09-25 17:00:00,774.6000000000004
2015-09-25 18:00:00,761.6000000000004
2015-09-25 19:00:00,763.6000000000004
2015-09-25 20:00:00,763.6000000000004
2015-09-28 05:00:00,737.8000000000004
2015-09-28 13:00:00,750.0000000000003
2015-09-28 14:00:00,752.3000000000004
2015-09-28 15:00:00,747.7000000000004
2015-09-28 16:00:00,737.8000000000004
2015-09-28 17:00:00,734.6000000000004
2015-09-28 18:00:00,738.7000000000004
2015-09-28 19:00:00,737.9000000000003
2015-09-28 20:00:00,738.2000000000004
2015-09-29 05:00:00,743.8000000000004
2015-09-29 13:00:00,742.1000000000004
2015-09-29 14:00:00,749.5000000000003
2015-09-29 15:00:00,750.8000000000004
2015-09-29 16:00:00,743.9000000000003
2015-09-29 17:00:00,746.5000000000003
2015-09-29 18:00:00,742.1000000000004
2015-09-29 19:00:00,744.0000000000003
2015-09-29 20:00:00,743.4000000000003
2015-09-30 05:00:00,757.2000000000004
2015-09-30 13:00:00,753.9000000000003
2015-09-30 14:00:00,753.8000000000004
2015-09-30 15:00:00,753.0000000000003
2015-09-30 16:00:00,749.7000000000004
2015-09-30 17:00:00,756.5000000000003
2015-09-30 18:00:00,755.5000000000003
2015-09-30 19:00:00,757.3000000000004
2015-09-30 20:00:00,756.4000000000003
2015-10-01 05:00:00,763.4000000000003
2015-10-01 13:00:00,755.9000000000003
2015-10-01 14:00:00,757.3000000000004
2015-10-01 15:00:00,754.2000000000004
2015-10-01 16:00:00,755.1000000000004
2015-10-01 17:00:00,755.5000000000003
2015-10-01 18:00:00,760.9000000000003
2015-10-01 19:00:00,763.8000000000004
2015-10-01 20:00:00,764.2000000000004
2015-10-02 05:00:00,776.9000000000003
2015-10-02 13:00:00,757.0000000000003
2015-10-02 14:00:00,765.3000000000004
2015-10-02 15:00:00,764.5000000000003
2015-10-02 16:00:00,769.1000000000004
2015-10-02 17:00:00,767.8000000000004
2015-10-02 18:00:00,768.6000000000004
2015-10-02 19:00:00,774.4000000000003
2015-10-02 20:00:00,776.6000000000004
2015-10-05 05:00:00,779.1000000000004
2015-10-05 13:00:00,783.9000000000003
2015-10-05 14:00:00,778.2000000000004
2015-10-05 15:00:00,772.8000000000004
2015-10-05 16:00:00,774.7000000000004
2015-10-05 17:00:00,776.9000000000003
2015-10-05 18:00:00,778.0000000000003
2015-10-05 19:00:00,779.1000000000004
2015-10-05 20:00:00,779.7000000000004
2015-10-06 05:00:00,763.1000000000004
2015-10-06 13:00:00,776.2000000000004
2015-10-06 14:00:00,767.1000000000004
2015-10-06 15:00:00,753.6000000000004
2015-10-06 16:00:00,758.0000000000003
2015-10-06 17:00:00,761.8000000000004
2015-10-06 18:00:00,762.2000000000004
2015-10-06 19:00:00,763.2000000000004
2015-10-06 20:00:00,762.6000000000004
2015-10-07 05:00:00,773.4000000000003
2015-10-07 13:00:00,768.0000000000003
2015-10-07 14:00:00,766.6000000000004
2015-10-07 15:00:00,770.5000000000003
2015-10-07 16:00:00,771.7000000000004
2015-10-07 17:00:00,774.9000000000003
2015-10-07 18:00:00,770.6000000000004
2015-10-07 19:00:00,773.4000000000003
2015-10-07 20:00:00,773.2000000000004
2015-10-08 05:00:00,776.0000000000003
2015-10-08 13:00:00,770.1000000000004
2015-10-08 14:00:00,769.3000000000004
2015-10-08 15:00:00,766.9000000000003
2015-10-08 16:00:00,764.2000000000004
2015-10-08 17:00:00,767.5000000000003
2015-10-08 18:00:00,770.7000000000004
2015-10-08 19:00:00,776.0000000000003
2015-10-08 20:00:00,776.1000000000004
2015-10-09 05:00:00,778.9000000000003
2015-10-09 13:00:00,778.8000000000004
2015-10-09 14:00:00,779.3000000000004
2015-10-09 15:00:00,777.5000000000003
2015-10-09 16:00:00,776.1000000000004
2015-10-09 17:00:00,777.7000000000004
2015-10-09 18:00:00,777.8000000000004
2015-10-09 19:00:00,778.9000000000003
2015-10-09 20:00:00,779.2000000000004
2015-10-12 05:00:00,780.5000000000003
2015-10-12 13:00:00,776.0000000000003
2015-10-12 14:00:00,776.9000000000003
2015-10-12 15:00:00,779.8000000000004
2015-10-12 16:00:00,782.6000000000004
2015-10-12 17:00:00,780.9000000000003
2015-10-12 18:00:00,780.3000000000004
2015-10-12 19:00:00,780.5000000000003
2015-10-12 20:00:00,780.5000000000003
2015-10-13 05:00:00,772.1000000000004
2015-10-13 13:00:00,781.0000000000003
2015-10-13 14:00:00,784.8000000000004
2015-10-13 15:00:00,782.0000000000003
2015-10-13 16:00:00,780.8000000000004
2015-10-13 17:00:00,777.7000000000004
2015-10-13 18:00:00,776.9000000000003
2015-10-13 19:00:00,772.1000000000004
2015-10-13 20:00:00,772.1000000000004
2015-10-14 05:00:00,770.8000000000004
2015-10-14 13:00:00,777.1000000000004
2015-10-14 14:00:00,772.8000000000004
2015-10-14 15:00:00,771.3000000000004
2015-10-14 16:00:00,775.2000000000004
2015-10-14 17:00:00,773.0000000000003
2015-10-14 18:00:00,771.1000000000004
2015-10-14 19:00:00,770.8000000000004
2015-10-14 20:00:00,770.1000000000004
2015-10-15 05:00:00,785.5000000000003
2015-10-15 13:00:00,769.5000000000003
2015-10-15 14:00:00,772.9000000000003
2015-10-15 15:00:00,772.5000000000003
2015-10-15 16:00:00,776.4000000000003
2015-10-15 17:00:00,781.7000000000004
2015-10-15 18:00:00,784.0000000000003
2015-10-15 19:00:00,785.3000000000004
2015-10-15 20:00:00,785.8000000000004
2015-10-16 05:00:00,792.2000000000004
2015-10-16 13:00:00,790.8000000000004
2015-10-16 14:00:00,790.8000000000004
2015-10-16 15:00:00,789.6000000000004
2015-10-16 16:00:00,787.7000000000004
2015-10-16 17:00:00,787.0000000000003
2015-10-16 18:00:00,786.4000000000003
2015-10-16 19:00:00,791.8000000000004
2015-10-16 20:00:00,792.4000000000003
2015-10-19 05:00:00,794.8000000000004
2015-10-19 13:00:00,792.4000000000003
2015-10-19 14:00:00,792.1000000000004
2015-10-19 15:00:00,795.2000000000004
2015-10-19 16:00:00,792.0000000000003
2015-10-19 17:00:00,789.4000000000003
2015-10-19 18:00:00,791.4000000000003
2015-10-19 19:00:00,794.7000000000004
2015-10-20 05:00:00,783.3000000000004
2015-10-20 13:00:00,792.5000000000003
2015-10-20 14:00:00,789.8000000000004
2015-10-20 15:00:00,788.2000000000004
2015-10-20 16:00:00,784.5000000000003
2015-10-20 17:00:00,781.8000000000004
2015-10-20 18:00:00,781.7000000000004
2015-10-20 19:00:00,783.3000000000004
2015-10-20 20:00:00,783.1000000000004
2015-10-21 05:00:00,777.7000000000004
2015-10-21 13:00:00,784.7000000000004
2015-10-21 14:00:00,777.1000000000004
2015-10-21 15:00:00,775.7000000000004
2015-10-21 16:00:00,772.9000000000003
2015-10-21 17:00:00,773.9000000000003
2015-10-21 18:00:00,780.3000000000004
2015-10-21 19:00:00,777.7000000000004
2015-10-21 20:00:00,776.3000000000004
2015-10-22 05:00:00,773.2000000000004
2015-10-22 13:00:00,773.6000000000004
2015-10-22 14:00:00,774.3000000000004
2015-10-22 15:00:00,768.9000000000003
2015-10-22 16:00:00,770.9000000000003
2015-10-22 17:00:00,768.9000000000003
2015-10-22 18:00:00,772.2000000000004
2015-10-22 19:00:00,773.2000000000004
2015-10-22 20:00:00,773.0000000000003
2015-10-23 05:00:00,787.8000000000004
2015-10-23 13:00:00,785.2000000000004
2015-10-23 14:00:00,782.3000000000004
2015-10-23 15:00:00,780.7000000000004
2015-10-23 16:00:00,785.8000000000004
2015-10-23 17:00:00,789.8000000000004
2015-10-23 18:00:00,789.8000000000004
2015-10-23 19:00:00,787.9000000000003
2015-10-23 20:00:00,787.0000000000003
2015-10-26 05:00:00,791.1000000000004
2015-10-26 13:00:00,786.1000000000004
2015-10-26 14:00:00,793.3000000000004
2015-10-26 15:00:00,789.9000000000003
2015-10-26 16:00:00,791.9000000000003
2015-10-26 17:00:00,790.8000000000004
2015-10-26 18:00:00,790.5000000000003
2015-10-26 19:00:00,791.2000000000004
2015-10-27 05:00:00,802.9000000000003
2015-10-27 13:00:00,799.9000000000003
2015-10-27 14:00:00,800.7000000000004
2015-10-27 15:00:00,801.0000000000003
2015-10-27 16:00:00,797.5000000000003
2015-10-27 17:00:00,798.2000000000004
2015-10-27 18:00:00,800.3000000000004
2015-10-27 19:00:00,802.9000000000003
2015-10-27 20:00:00,802.8000000000004
2015-10-28 05:00:00,809.7000000000004
2015-10-28 13:00:00,800.7000000000004
2015-10-28 14:00:00,804.5000000000003
2015-10-28 15:00:00,805.5000000000003
2015-10-28 16:00:00,806.0000000000003
2015-10-28 17:00:00,806.3000000000004
2015-10-28 18:00:00,803.0000000000003
2015-10-28 19:00:00,809.6000000000004
2015-10-28 20:00:00,810.2000000000004
2015-10-29 05:00:00,812.3000000000004
2015-10-29 13:00:00,814.6000000000004
2015-10-29 14:00:00,816.0000000000003
2015-10-29 15:00:00,815.5000000000003
2015-10-29 16:00:00,813.4000000000003
2015-10-29 19:00:00,812.5000000000003
2015-10-30 05:00:00,809.3000000000004
2015-10-30 13:00:00,814.6000000000004
2015-10-30 14:00:00,815.6000000000004
2015-10-30 15:00:00,814.0000000000003
2015-10-30 16:00:00,814.4000000000003
2015-10-30 17:00:00,814.6000000000004
2015-10-30 18:00:00,814.7000000000004
2015-10-30 19:00:00,809.9000000000003
2015-10-30 20:00:00,808.0000000000003
2015-11-02 06:00:00,822.7000000000004
2015-11-02 14:00:00,817.8000000000004
2015-11-02 15:00:00,820.9000000000003
2015-11-02 16:00:00,822.3000000000004
2015-11-02 17:00:00,821.5000000000003
2015-11-02 18:00:00,820.9000000000003
2015-11-02 19:00:00,822.1000000000004
2015-11-02 20:00:00,822.7000000000004
2015-11-03 06:00:00,820.4000000000003
2015-11-03 14:00:00,817.1000000000004
2015-11-03 15:00:00,819.4000000000003
2015-11-03 16:00:00,821.4000000000003
2015-11-03 17:00:00,820.7000000000004
2015-11-03 18:00:00,820.1000000000004
2015-11-03 19:00:00,822.1000000000004
2015-11-03 20:00:00,820.4000000000003
2015-11-03 21:00:00,820.4000000000003
2015-11-04 06:00:00,817.4000000000003
2015-11-04 14:00:00,817.1000000000004
2015-11-04 15:00:00,817.6000000000004
2015-11-04 16:00:00,815.2000000000004
2015-11-04 17:00:00,815.2000000000004
2015-11-04 18:00:00,816.3000000000004
2015-11-04 19:00:00,818.9000000000003
2015-11-04 20:00:00,817.4000000000003
2015-11-04 21:00:00,816.8000000000004
2015-11-05 06:00:00,815.2000000000004
2015-11-05 14:00:00,813.1000000000004
2015-11-05 15:00:00,809.3000000000004
2015-11-05 16:00:00,814.9000000000003
2015-11-05 17:00:00,814.2000000000004
2015-11-05 18:00:00,813.2000000000004
2015-11-05 19:00:00,814.1000000000004
2015-11-05 20:00:00,815.2000000000004
2015-11-05 21:00:00,815.1000000000004
2015-11-06 06:00:00,811.9000000000003
2015-11-06 14:00:00,806.6000000000004
2015-11-06 15:00:00,807.5000000000003
2015-11-06 16:00:00,809.1000000000004
2015-11-06 17:00:00,808.4000000000003
2015-11-06 18:00:00,811.2000000000004
2015-11-06 19:00:00,809.0000000000003
2015-11-06 20:00:00,812.1000000000004
2015-11-06 21:00:00,812.3000000000004
2015-11-09 06:00:00,806.5000000000003
2015-11-09 14:00:00,808.8000000000004
2015-11-09 15:00:00,807.1000000000004
2015-11-09 16:00:00,803.9000000000003
2015-11-09 17:00:00,806.2000000000004
2015-11-09 18:00:00,804.2000000000004
2015-11-09 19:00:00,805.0000000000003
2015-11-09 20:00:00,806.5000000000003
2015-11-10 06:00:00,810.7000000000004
2015-11-10 14:00:00,809.2000000000004
2015-11-10 15:00:00,806.6000000000004
2015-11-10 16:00:00,807.3000000000004
2015-11-10 17:00:00,808.8000000000004
2015-11-10 18:00:00,811.3000000000004
2015-11-10 19:00:00,812.3000000000004
2015-11-10 20:00:00,811.3000000000004
2015-11-11 06:00:00,804.4000000000003
2015-11-11 14:00:00,812.0000000000003
2015-11-11 15:00:00,808.1000000000004
2015-11-11 16:00:00,809.8000000000004
2015-11-11 17:00:00,812.1000000000004
2015-11-11 18:00:00,808.8000000000004
2015-11-11 19:00:00,806.3000000000004
2015-11-11 20:00:00,804.9000000000003
2015-11-11 21:00:00,803.8000000000004
2015-11-12 06:00:00,792.1000000000004
2015-11-12 14:00:00,802.3000000000004
2015-11-12 15:00:00,802.0000000000003
2015-11-12 16:00:00,800.9000000000003
2015-11-12 17:00:00,800.2000000000004
2015-11-12 18:00:00,798.8000000000004
2015-11-12 19:00:00,794.5000000000003
2015-11-12 20:00:00,792.1000000000004
2015-11-13 06:00:00,790.3000000000004
2015-11-13 14:00:00,795.7000000000004
2015-11-13 15:00:00,796.2000000000004
2015-11-13 16:00:00,793.0000000000003
2015-11-13 17:00:00,793.3000000000004
2015-11-13 18:00:00,793.1000000000004
2015-11-13 19:00:00,789.8000000000004
2015-11-13 20:00:00,789.9000000000003
2015-11-13 21:00:00,789.7000000000004
2015-11-16 06:00:00,798.4000000000003
2015-11-16 14:00:00,791.5000000000003
2015-11-16 15:00:00,791.8000000000004
2015-11-16 16:00:00,792.1000000000004
2015-11-16 17:00:00,791.4000000000003
2015-11-16 18:00:00,794.5000000000003
2015-11-16 19:00:00,797.4000000000003
2015-11-16 20:00:00,797.6000000000004
2015-11-17 06:00:00,801.6000000000004
2015-11-17 14:00:00,799.3000000000004
2015-11-17 15:00:00,804.5000000000003
2015-11-17 16:00:00,804.2000000000004
2015-11-17 17:00:00,802.6000000000004
2015-11-17 18:00:00,803.2000000000004
2015-11-17 19:00:00,800.7000000000004
2015-11-17 20:00:00,801.6000000000004
2015-11-18 06:00:00,815.6000000000004
2015-11-18 14:00:00,804.9000000000003
2015-11-18 15:00:00,805.5000000000003
2015-11-18 16:00:00,809.9000000000003
2015-11-18 17:00:00,810.3000000000004
2015-11-18 18:00:00,809.7000000000004
2015-11-18 19:00:00,813.0000000000003
2015-11-18 20:00:00,815.6000000000004
2015-11-18 21:00:00,815.6000000000004
2015-11-19 06:00:00,803.8000000000004
2015-11-19 14:00:00,810.4000000000003
2015-11-19 15:00:00,804.9000000000003
2015-11-19 16:00:00,803.2000000000004
2015-11-19 17:00:00,803.5000000000003
2015-11-19 18:00:00,804.1000000000004
2015-11-19 19:00:00,803.8000000000004
2015-11-19 20:00:00,803.7000000000004
2015-11-19 21:00:00,803.9000000000003
2015-11-20 06:00:00,809.6000000000004
2015-11-20 14:00:00,811.3000000000004
2015-11-20 15:00:00,812.1000000000004
2015-11-20 16:00:00,810.5000000000003
2015-11-20 17:00:00,810.3000000000004
2015-11-20 18:00:00,809.4000000000003
2015-11-20 19:00:00,810.2000000000004
2015-11-20 20:00:00,809.7000000000004
2015-11-20 21:00:00,810.4000000000003
2015-11-23 06:00:00,808.3000000000004
2015-11-23 14:00:00,809.7000000000004
2015-11-23 15:00:00,810.1000000000004
2015-11-23 16:00:00,811.4000000000003
2015-11-23 17:00:00,810.7000000000004
2015-11-23 18:00:00,809.5000000000003
2015-11-23 19:00:00,806.8000000000004
2015-11-23 20:00:00,808.3000000000004
2015-11-24 06:00:00,810.0000000000003
2015-11-24 14:00:00,806.0000000000003
2015-11-24 15:00:00,804.0000000000003
2015-11-24 16:00:00,806.7000000000004
2015-11-24 17:00:00,806.4000000000003
2015-11-24 18:00:00,808.9000000000003
2015-11-24 19:00:00,808.9000000000003
2015-11-24 20:00:00,810.0000000000003
2015-11-25 06:00:00,814.0000000000003
2015-11-25 14:00:00,812.7000000000004
2015-11-25 15:00:00,814.0000000000003
2015-11-25 17:00:00,814.7000000000004
2015-11-25 18:00:00,813.5000000000003
2015-11-25 19:00:00,814.1000000000004
2015-11-25 20:00:00,814.0000000000003
2015-11-27 06:00:00,815.1000000000004
2015-11-27 14:00:00,815.2000000000004
2015-11-27 15:00:00,815.2000000000004
2015-11-27 16:00:00,815.6000000000004
2015-11-27 17:00:00,815.0000000000003
2015-11-30 06:00:00,806.1000000000004
2015-11-30 14:00:00,809.9000000000003
2015-11-30 15:00:00,808.6000000000004
2015-11-30 16:00:00,807.9000000000003
2015-11-30 17:00:00,807.1000000000004
2015-11-30 18:00:00,807.2000000000004
2015-11-30 19:00:00,808.1000000000004
2015-11-30 20:00:00,806.1000000000004
2015-11-30 21:00:00,805.8000000000004
2015-12-01 06:00:00,817.7000000000004
2015-12-01 14:00:00,812.1000000000004
2015-12-01 15:00:00,812.5000000000003
2015-12-01 16:00:00,810.9000000000003
2015-12-01 17:00:00,814.1000000000004
2015-12-01 18:00:00,813.2000000000004
2015-12-01 19:00:00,815.1000000000004
2015-12-01 20:00:00,817.7000000000004
2015-12-02 06:00:00,811.1000000000004
2015-12-02 14:00:00,818.8000000000004
2015-12-02 15:00:00,819.9000000000003
2015-12-02 16:00:00,816.4000000000003
2015-12-02 17:00:00,817.1000000000004
2015-12-02 18:00:00,816.4000000000003
2015-12-02 19:00:00,811.2000000000004
2015-12-02 20:00:00,811.2000000000004
2015-12-03 06:00:00,794.8000000000004
2015-12-03 14:00:00,804.5000000000003
2015-12-03 15:00:00,805.3000000000004
2015-12-03 16:00:00,805.7000000000004
2015-12-03 17:00:00,800.6000000000004
2015-12-03 18:00:00,799.0000000000003
2015-12-03 19:00:00,795.4000000000003
2015-12-03 20:00:00,795.0000000000003
2015-12-03 21:00:00,797.3000000000004
2015-12-04 06:00:00,812.3000000000004
2015-12-04 14:00:00,805.8000000000004
2015-12-04 15:00:00,806.8000000000004
2015-12-04 16:00:00,803.9000000000003
2015-12-04 17:00:00,809.2000000000004
2015-12-04 18:00:00,810.8000000000004
2015-12-04 20:00:00,812.3000000000004
2015-12-04 21:00:00,811.8000000000004
2015-12-07 06:00:00,808.3000000000004
2015-12-07 14:00:00,809.9000000000003
2015-12-07 15:00:00,806.5000000000003
2015-12-07 16:00:00,807.0000000000003
2015-12-07 18:00:00,806.9000000000003
2015-12-07 19:00:00,806.3000000000004
2015-12-07 20:00:00,808.3000000000004
2015-12-08 06:00:00,809.7000000000004
2015-12-08 14:00:00,806.8000000000004
2015-12-08 15:00:00,809.7000000000004
2015-12-08 16:00:00,808.0000000000003
2015-12-08 18:00:00,808.2000000000004
2015-12-08 19:00:00,810.6000000000004
2015-12-08 20:00:00,809.7000000000004
2015-12-09 06:00:00,802.7000000000004
2015-12-09 14:00:00,809.4000000000003
2015-12-09 15:00:00,813.0000000000003
2015-12-09 16:00:00,805.2000000000004
2015-12-09 17:00:00,800.7000000000004
2015-12-09 18:00:00,801.9000000000003
2015-12-09 19:00:00,802.0000000000003
2015-12-09 20:00:00,802.4000000000003
2015-12-10 06:00:00,808.5000000000003
2015-12-10 14:00:00,803.3000000000004
2015-12-10 15:00:00,806.6000000000004
2015-12-10 16:00:00,807.2000000000004
2015-12-10 17:00:00,808.5000000000003
2015-12-10 18:00:00,808.5000000000003
2015-12-10 19:00:00,812.7000000000004
2015-12-10 20:00:00,808.5000000000003
2015-12-10 21:00:00,808.5000000000003
2015-12-11 06:00:00,798.1000000000004
2015-12-11 14:00:00,799.7000000000004
2015-12-11 15:00:00,802.3000000000004
2015-12-11 16:00:00,801.2000000000004
2015-12-11 17:00:00,798.4000000000003
2015-12-11 18:00:00,798.3000000000004
2015-12-11 19:00:00,799.9000000000003
2015-12-11 20:00:00,797.2000000000004
2015-12-14 06:00:00,801.9000000000003
2015-12-14 14:00:00,799.2000000000004
2015-12-14 15:00:00,796.5000000000003
2015-12-14 16:00:00,793.3000000000004
2015-12-14 17:00:00,797.4000000000003
2015-12-14 18:00:00,798.7000000000004
2015-12-14 20:00:00,801.6000000000004
2015-12-15 06:00:00,811.8000000000004
2015-12-15 14:00:00,813.9000000000003
2015-12-15 15:00:00,811.4000000000003
2015-12-15 16:00:00,810.3000000000004
2015-12-15 17:00:00,813.5000000000003
2015-12-15 18:00:00,814.2000000000004
2015-12-15 19:00:00,813.9000000000003
2015-12-15 20:00:00,811.8000000000004
2015-12-15 21:00:00,811.0000000000003
2015-12-16 06:00:00,821.0000000000003
2015-12-16 14:00:00,817.2000000000004
2015-12-16 15:00:00,814.1000000000004
2015-12-16 16:00:00,812.9000000000003
2015-12-16 17:00:00,813.8000000000004
2015-12-16 20:00:00,821.0000000000003
2015-12-16 21:00:00,821.0000000000003
2015-12-17 06:00:00,812.4000000000003
2015-12-17 14:00:00,820.2000000000004
2015-12-17 15:00:00,817.4000000000003
2015-12-17 16:00:00,816.7000000000004
2015-12-17 17:00:00,814.4000000000003
2015-12-17 18:00:00,816.8000000000004
2015-12-17 19:00:00,815.0000000000003
2015-12-17 20:00:00,812.4000000000003
2015-12-18 06:00:00,801.6000000000004
2015-12-18 14:00:00,803.1000000000004
2015-12-18 15:00:00,803.5000000000003
2015-12-18 16:00:00,808.0000000000003
2015-12-18 17:00:00,805.4000000000003
2015-12-18 19:00:00,804.8000000000004
2015-12-18 20:00:00,804.3000000000004
2015-12-21 06:00:00,808.6000000000004
2015-12-21 14:00:00,805.4000000000003
2015-12-21 15:00:00,806.6000000000004
2015-12-21 16:00:00,804.3000000000004
2015-12-21 19:00:00,806.4000000000003
2015-12-21 20:00:00,808.6000000000004
2015-12-22 06:00:00,813.8000000000004
2015-12-22 14:00:00,808.1000000000004
2015-12-22 15:00:00,809.1000000000004
2015-12-22 17:00:00,811.1000000000004
2015-12-22 20:00:00,813.8000000000004
2015-12-23 06:00:00,821.5000000000003
2015-12-23 14:00:00,818.1000000000004
2015-12-23 15:00:00,819.2000000000004
2015-12-23 18:00:00,821.6000000000004
2015-12-23 19:00:00,822.2000000000004
2015-12-23 20:00:00,821.5000000000003
2015-12-24 06:00:00,822.5000000000003
2015-12-24 14:00:00,821.3000000000004
2015-12-24 15:00:00,821.9000000000003
2015-12-24 16:00:00,822.3000000000004
2015-12-24 17:00:00,822.5000000000003
2015-12-24 18:00:00,821.3000000000004
2015-12-28 06:00:00,818.5000000000003
2015-12-28 14:00:00,819.3000000000004
2015-12-28 15:00:00,817.3000000000004
2015-12-28 16:00:00,818.6000000000004
2015-12-28 17:00:00,818.2000000000004
2015-12-28 18:00:00,817.7000000000004
2015-12-28 19:00:00,817.2000000000004
2015-12-28 20:00:00,818.5000000000003
2015-12-29 06:00:00,828.0000000000003
2015-12-29 14:00:00,823.7000000000004
2015-12-29 15:00:00,826.3000000000004
2015-12-29 16:00:00,826.9000000000003
2015-12-29 17:00:00,827.0000000000003
2015-12-29 19:00:00,828.2000000000004
2015-12-29 20:00:00,828.0000000000003
2015-12-29 21:00:00,827.9000000000003
2015-12-30 06:00:00,824.7000000000004
2015-12-30 14:00:00,825.5000000000003
2015-12-30 15:00:00,825.9000000000003
2015-12-30 16:00:00,826.1000000000004
2015-12-30 17:00:00,826.9000000000003
2015-12-30 20:00:00,824.7000000000004
2015-12-31 06:00:00,818.4000000000003
2015-12-31 14:00:00,820.9000000000003
2015-12-31 15:00:00,820.1000000000004
2015-12-31 16:00:00,822.1000000000004
2015-12-31 17:00:00,822.1000000000004
2015-12-31 20:00:00,818.4000000000003
2015-12-31 21:00:00,817.5000000000003
2016-01-04 06:00:00,803.9000000000003
2016-01-04 14:00:00,803.7000000000004
2016-01-04 15:00:00,800.4000000000003
2016-01-04 16:00:00,800.3000000000004
2016-01-04 19:00:00,799.6000000000004
2016-01-04 20:00:00,803.9000000000003
2016-01-04 21:00:00,806.0000000000003
2016-01-05 06:00:00,808.1000000000004
2016-01-05 14:00:00,810.6000000000004
2016-01-05 15:00:00,810.1000000000004
2016-01-05 16:00:00,809.0000000000003
2016-01-05 17:00:00,806.3000000000004
2016-01-05 18:00:00,807.8000000000004
2016-01-05 19:00:00,808.7000000000004
2016-01-05 20:00:00,808.1000000000004
2016-01-06 06:00:00,802.1000000000004
2016-01-06 14:00:00,799.1000000000004
2016-01-06 15:00:00,802.5000000000003
2016-01-06 16:00:00,806.5000000000003
2016-01-06 17:00:00,805.7000000000004
2016-01-06 18:00:00,802.3000000000004
2016-01-06 19:00:00,799.3000000000004
2016-01-06 20:00:00,802.2000000000004
2016-01-06 21:00:00,803.2000000000004
2016-01-07 06:00:00,787.9000000000003
2016-01-07 14:00:00,791.5000000000003
2016-01-07 15:00:00,796.9000000000003
2016-01-07 16:00:00,791.6000000000004
2016-01-07 17:00:00,790.7000000000004
2016-01-07 18:00:00,787.2000000000004
2016-01-07 19:00:00,788.4000000000003
2016-01-07 20:00:00,787.7000000000004
2016-01-07 21:00:00,787.3000000000004
2016-01-08 06:00:00,777.7000000000004
2016-01-08 14:00:00,791.7000000000004
2016-01-08 15:00:00,787.8000000000004
2016-01-08 16:00:00,782.5000000000003
2016-01-08 17:00:00,786.6000000000004
2016-01-08 18:00:00,783.0000000000003
2016-01-08 19:00:00,782.4000000000003
2016-01-08 20:00:00,777.6000000000004
2016-01-08 21:00:00,777.6000000000004
2016-01-11 06:00:00,769.7000000000004
2016-01-11 14:00:00,772.2000000000004
2016-01-11 15:00:00,768.6000000000004
2016-01-11 16:00:00,770.2000000000004
2016-01-11 17:00:00,767.2000000000004
2016-01-11 18:00:00,761.8000000000004
2016-01-11 19:00:00,763.5000000000003
2016-01-11 20:00:00,770.5000000000003
2016-01-12 06:00:00,777.9000000000003
2016-01-12 14:00:00,779.6000000000004
2016-01-12 15:00:00,775.8000000000004
2016-01-12 16:00:00,774.3000000000004
2016-01-12 17:00:00,770.4000000000003
2016-01-12 18:00:00,771.0000000000003
2016-01-12 19:00:00,773.8000000000004
2016-01-12 20:00:00,777.9000000000003
2016-01-13 06:00:00,757.9000000000003
2016-01-13 13:00:00,777.9000000000003
2016-01-13 14:00:00,780.3000000000004
2016-01-13 15:00:00,776.9000000000003
2016-01-13 16:00:00,774.1000000000004
2016-01-13 17:00:00,771.5000000000003
2016-01-13 18:00:00,766.3000000000004
2016-01-13 19:00:00,760.7000000000004
2016-01-13 20:00:00,757.9000000000003
2016-01-14 06:00:00,775.4000000000003
2016-01-14 14:00:00,756.4000000000003
2016-01-14 15:00:00,770.7000000000004
2016-01-14 16:00:00,769.9000000000003
2016-01-14 17:00:00,775.0000000000003
2016-01-14 18:00:00,777.1000000000004
2016-01-14 19:00:00,778.1000000000004
2016-01-14 20:00:00,775.3000000000004
2016-01-14 21:00:00,776.4000000000003
2016-01-15 06:00:00,765.8000000000004
2016-01-15 14:00:00,762.1000000000004
2016-01-15 15:00:00,763.6000000000004
2016-01-15 16:00:00,763.7000000000004
2016-01-15 17:00:00,757.2000000000004
2016-01-15 18:00:00,761.4000000000003
2016-01-15 20:00:00,765.3000000000004
2016-01-19 06:00:00,766.0000000000003
2016-01-19 14:00:00,768.2000000000004
2016-01-19 15:00:00,772.3000000000004
2016-01-19 16:00:00,770.7000000000004
2016-01-19 17:00:00,767.2000000000004
2016-01-19 18:00:00,765.7000000000004
2016-01-19 19:00:00,759.6000000000004
2016-01-19 20:00:00,766.0000000000003
2016-01-20 06:00:00,766.6000000000004
2016-01-20 14:00:00,755.4000000000003
2016-01-20 15:00:00,750.3000000000004
2016-01-20 16:00:00,751.6000000000004
2016-01-20 17:00:00,752.1000000000004
2016-01-20 18:00:00,761.6000000000004
2016-01-20 19:00:00,764.1000000000004
2016-01-20 20:00:00,766.6000000000004
2016-01-20 21:00:00,766.7000000000004
2016-01-21 06:00:00,765.6000000000004
2016-01-21 14:00:00,762.6000000000004
2016-01-21 15:00:00,768.1000000000004
2016-01-21 16:00:00,767.4000000000003
2016-01-21 17:00:00,768.1000000000004
2016-01-21 18:00:00,765.9000000000003
2016-01-21 19:00:00,765.7000000000004
2016-01-21 20:00:00,765.6000000000004
2016-01-22 06:00:00,775.2000000000004
2016-01-22 12:00:00,774.6000000000004
2016-01-22 14:00:00,775.9000000000003
2016-01-22 15:00:00,774.5000000000003
2016-01-22 16:00:00,773.7000000000004
2016-01-22 17:00:00,773.8000000000004
2016-01-22 18:00:00,775.1000000000004
2016-01-22 19:00:00,773.5000000000003
2016-01-22 20:00:00,772.9000000000003
2016-01-22 21:00:00,774.4000000000003
2016-01-25 06:00:00,769.1000000000004
2016-01-25 14:00:00,775.6000000000004
2016-01-25 15:00:00,774.2000000000004
2016-01-25 16:00:00,776.6000000000004
2016-01-25 17:00:00,776.6000000000004
2016-01-25 18:00:00,777.5000000000003
2016-01-25 19:00:00,772.7000000000004
2016-01-25 20:00:00,768.9000000000003
2016-01-26 06:00:00,774.3000000000004
2016-01-26 14:00:00,765.4000000000003
2016-01-26 15:00:00,770.4000000000003
2016-01-26 16:00:00,770.3000000000004
2016-01-26 17:00:00,774.4000000000003
2016-01-26 18:00:00,774.3000000000004
2016-01-26 19:00:00,772.9000000000003
2016-01-26 20:00:00,774.3000000000004
2016-01-26 21:00:00,773.9000000000003
2016-01-27 06:00:00,766.9000000000003
2016-01-27 14:00:00,774.7000000000004
2016-01-27 15:00:00,773.0000000000003
2016-01-27 16:00:00,777.1000000000004
2016-01-27 17:00:00,776.8000000000004
2016-01-27 18:00:00,776.2000000000004
2016-01-27 19:00:00,767.7000000000004
2016-01-27 20:00:00,766.9000000000003
2016-01-28 06:00:00,751.2000000000004
2016-01-28 14:00:00,760.5000000000003
2016-01-28 15:00:00,753.4000000000003
2016-01-28 16:00:00,754.5000000000003
2016-01-28 17:00:00,755.3000000000004
2016-01-28 18:00:00,750.8000000000004
2016-01-28 19:00:00,750.1000000000004
2016-01-28 20:00:00,751.7000000000004
2016-01-28 21:00:00,750.9000000000003
2016-01-29 06:00:00,761.4000000000003
2016-01-29 14:00:00,758.3000000000004
2016-01-29 15:00:00,754.1000000000004
2016-01-29 16:00:00,757.0000000000003
2016-01-29 17:00:00,759.3000000000004
2016-01-29 18:00:00,758.4000000000003
2016-01-29 19:00:00,757.9000000000003
2016-01-29 20:00:00,761.4000000000003
2016-01-29 21:00:00,761.7000000000004
2016-02-01 06:00:00,763.5000000000003
2016-02-01 14:00:00,757.7000000000004
2016-02-01 15:00:00,757.8000000000004
2016-02-01 16:00:00,759.1000000000004
2016-02-01 17:00:00,755.5000000000003
2016-02-01 18:00:00,756.8000000000004
2016-02-01 19:00:00,760.6000000000004
2016-02-01 20:00:00,763.5000000000003
2016-02-01 21:00:00,762.2000000000004
2016-02-02 06:00:00,753.4000000000003
2016-02-02 14:00:00,756.2000000000004
2016-02-02 15:00:00,757.1000000000004
2016-02-02 16:00:00,756.1000000000004
2016-02-02 17:00:00,754.3000000000004
2016-02-02 18:00:00,755.2000000000004
2016-02-02 19:00:00,753.8000000000004
2016-02-02 20:00:00,753.4000000000003
2016-02-02 21:00:00,754.0000000000003
2016-02-03 06:00:00,756.4000000000003
2016-02-03 14:00:00,753.6000000000004
2016-02-03 15:00:00,748.4000000000003
2016-02-03 16:00:00,749.2000000000004
2016-02-03 17:00:00,746.3000000000004
2016-02-03 18:00:00,743.3000000000004
2016-02-03 19:00:00,755.9000000000003
2016-02-03 20:00:00,755.8000000000004
2016-02-03 21:00:00,757.1000000000004
2016-02-04 06:00:00,754.1000000000004
2016-02-04 14:00:00,750.0000000000003
2016-02-04 15:00:00,758.2000000000004
2016-02-04 16:00:00,750.6000000000004
2016-02-04 17:00:00,752.0000000000003
2016-02-04 18:00:00,753.0000000000003
2016-02-04 19:00:00,751.9000000000003
2016-02-04 20:00:00,754.1000000000004
2016-02-04 21:00:00,753.2000000000004
2016-02-05 06:00:00,740.4000000000003
2016-02-05 14:00:00,747.2000000000004
2016-02-05 15:00:00,746.4000000000003
2016-02-05 16:00:00,743.6000000000004
2016-02-05 17:00:00,743.7000000000004
2016-02-05 18:00:00,742.4000000000003
2016-02-05 19:00:00,738.7000000000004
2016-02-05 20:00:00,739.3000000000004
2016-02-05 21:00:00,740.5000000000003
2016-02-08 06:00:00,731.7000000000004
2016-02-08 14:00:00,732.0000000000003
2016-02-08 15:00:00,734.3000000000004
2016-02-08 16:00:00,730.7000000000004
2016-02-08 17:00:00,731.2000000000004
2016-02-08 18:00:00,725.7000000000004
2016-02-08 19:00:00,725.8000000000004
2016-02-08 20:00:00,731.6000000000004
2016-02-09 06:00:00,735.8000000000004
2016-02-09 14:00:00,733.8000000000004
2016-02-09 15:00:00,727.8000000000004
2016-02-09 16:00:00,729.9000000000003
2016-02-09 17:00:00,732.3000000000004
2016-02-09 18:00:00,730.7000000000004
2016-02-09 19:00:00,737.3000000000004
2016-02-09 20:00:00,735.8000000000004
2016-02-09 21:00:00,737.0000000000003
2016-02-10 06:00:00,742.3000000000004
2016-02-10 14:00:00,748.0000000000003
2016-02-10 15:00:00,746.4000000000003
2016-02-10 16:00:00,747.2000000000004
2016-02-10 17:00:00,750.9000000000003
2016-02-10 18:00:00,749.6000000000004
2016-02-10 19:00:00,746.7000000000004
2016-02-10 20:00:00,742.3000000000004
2016-02-10 21:00:00,741.7000000000004
2016-02-11 06:00:00,731.4000000000003
2016-02-11 14:00:00,735.6000000000004
2016-02-11 15:00:00,730.4000000000003
2016-02-11 16:00:00,730.8000000000004
2016-02-11 17:00:00,732.8000000000004
2016-02-11 18:00:00,730.3000000000004
2016-02-11 19:00:00,733.8000000000004
2016-02-11 20:00:00,733.0000000000003
2016-02-12 06:00:00,740.2000000000004
2016-02-12 14:00:00,730.6000000000004
2016-02-12 15:00:00,732.2000000000004
2016-02-12 16:00:00,731.9000000000003
2016-02-12 17:00:00,733.8000000000004
2016-02-12 18:00:00,735.3000000000004
2016-02-12 19:00:00,738.4000000000003
2016-02-12 20:00:00,740.2000000000004
2016-02-16 06:00:00,752.1000000000004
2016-02-16 14:00:00,747.5000000000003
2016-02-16 15:00:00,747.8000000000004
2016-02-16 16:00:00,749.5000000000003
2016-02-16 17:00:00,749.2000000000004
2016-02-16 18:00:00,749.9000000000003
2016-02-16 19:00:00,750.4000000000003
2016-02-16 20:00:00,752.1000000000004
2016-02-17 06:00:00,760.9000000000003
2016-02-17 14:00:00,755.8000000000004
2016-02-17 15:00:00,757.7000000000004
2016-02-17 16:00:00,758.9000000000003
2016-02-17 17:00:00,760.2000000000004
2016-02-17 18:00:00,760.1000000000004
2016-02-17 19:00:00,761.2000000000004
2016-02-17 20:00:00,760.7000000000004
2016-02-17 21:00:00,760.6000000000004
2016-02-18 06:00:00,756.3000000000004
2016-02-18 14:00:00,762.9000000000003
2016-02-18 15:00:00,763.2000000000004
2016-02-18 16:00:00,760.2000000000004
2016-02-18 17:00:00,761.8000000000004
2016-02-18 18:00:00,757.0000000000003
2016-02-18 19:00:00,759.4000000000003
2016-02-18 20:00:00,755.9000000000003
2016-02-19 06:00:00,756.0000000000003
2016-02-19 14:00:00,753.9000000000003
2016-02-19 15:00:00,755.3000000000004
2016-02-19 16:00:00,756.2000000000004
2016-02-19 17:00:00,756.4000000000003
2016-02-19 18:00:00,756.1000000000004
2016-02-19 19:00:00,757.2000000000004
2016-02-19 20:00:00,755.6000000000004
2016-02-19 21:00:00,755.9000000000003
2016-02-22 06:00:00,765.3000000000004
2016-02-22 14:00:00,764.2000000000004
2016-02-22 15:00:00,761.6000000000004
2016-02-22 16:00:00,762.9000000000003
2016-02-22 17:00:00,762.8000000000004
2016-02-22 18:00:00,764.1000000000004
2016-02-22 19:00:00,763.6000000000004
2016-02-22 20:00:00,765.3000000000004
2016-02-23 06:00:00,760.0000000000003
2016-02-23 14:00:00,766.5000000000003
2016-02-23 15:00:00,763.6000000000004
2016-02-23 16:00:00,762.5000000000003
2016-02-23 17:00:00,762.3000000000004
2016-02-23 18:00:00,761.9000000000003
2016-02-23 19:00:00,762.2000000000004
2016-02-23 20:00:00,760.7000000000004
2016-02-24 06:00:00,762.4000000000003
2016-02-24 14:00:00,752.1000000000004
2016-02-24 15:00:00,752.4000000000003
2016-02-24 16:00:00,756.2000000000004
2016-02-24 17:00:00,755.0000000000003
2016-02-24 18:00:00,756.7000000000004
2016-02-24 19:00:00,759.7000000000004
2016-02-24 20:00:00,761.7000000000004
2016-02-25 06:00:00,771.0000000000003
2016-02-25 14:00:00,764.3000000000004
2016-02-25 15:00:00,766.2000000000004
2016-02-25 16:00:00,765.3000000000004
2016-02-25 17:00:00,764.8000000000004
2016-02-25 18:00:00,766.8000000000004
2016-02-25 19:00:00,766.7000000000004
2016-02-25 20:00:00,771.0000000000003
2016-02-25 21:00:00,771.2000000000004
2016-02-26 06:00:00,769.8000000000004
2016-02-26 14:00:00,775.5000000000003
2016-02-26 15:00:00,773.8000000000004
2016-02-26 16:00:00,772.7000000000004
2016-02-26 17:00:00,774.5000000000003
2016-02-26 18:00:00,772.4000000000003
2016-02-26 19:00:00,770.8000000000004
2016-02-26 20:00:00,770.1000000000004
2016-02-26 21:00:00,769.5000000000003
2016-02-29 06:00:00,759.5000000000003
2016-02-29 14:00:00,766.8000000000004
2016-02-29 15:00:00,765.2000000000004
2016-02-29 16:00:00,769.0000000000003
2016-02-29 17:00:00,767.2000000000004
2016-02-29 18:00:00,766.6000000000004
2016-02-29 19:00:00,763.1000000000004
2016-02-29 20:00:00,759.5000000000003
2016-02-29 21:00:00,759.6000000000004
2016-03-01 06:00:00,772.9000000000003
2016-03-01 14:00:00,759.7000000000004
2016-03-01 15:00:00,764.1000000000004
2016-03-01 16:00:00,765.6000000000004
2016-03-01 17:00:00,766.6000000000004
2016-03-01 19:00:00,770.3000000000004
2016-03-01 20:00:00,772.9000000000003
2016-03-02 06:00:00,774.3000000000004
2016-03-02 14:00:00,771.5000000000003
2016-03-02 15:00:00,771.0000000000003
2016-03-02 16:00:00,771.3000000000004
2016-03-02 17:00:00,770.9000000000003
2016-03-02 20:00:00,774.4000000000003
2016-03-03 06:00:00,771.9000000000003
2016-03-03 14:00:00,769.2000000000004
2016-03-03 15:00:00,768.7000000000004
2016-03-03 16:00:00,767.8000000000004
2016-03-03 17:00:00,768.3000000000004
2016-03-03 18:00:00,770.2000000000004
2016-03-03 19:00:00,770.3000000000004
2016-03-03 20:00:00,771.8000000000004
2016-03-04 06:00:00,770.1000000000004
2016-03-04 14:00:00,769.1000000000004
2016-03-04 15:00:00,768.9000000000003
2016-03-04 16:00:00,771.4000000000003
2016-03-04 17:00:00,772.3000000000004
2016-03-04 18:00:00,774.8000000000004
2016-03-04 19:00:00,771.6000000000004
2016-03-04 20:00:00,770.1000000000004
2016-03-04 21:00:00,770.2000000000004
2016-03-07 06:00:00,776.0000000000003
2016-03-07 14:00:00,768.1000000000004
2016-03-07 15:00:00,771.2000000000004
2016-03-07 16:00:00,776.0000000000003
2016-03-07 18:00:00,774.6000000000004
2016-03-07 19:00:00,774.6000000000004
2016-03-07 20:00:00,776.0000000000003
2016-03-07 21:00:00,776.0000000000003
2016-03-08 06:00:00,767.9000000000003
2016-03-08 14:00:00,772.7000000000004
2016-03-08 15:00:00,770.1000000000004
2016-03-08 16:00:00,771.8000000000004
2016-03-08 18:00:00,772.6000000000004
2016-03-08 20:00:00,767.9000000000003
2016-03-09 06:00:00,768.6000000000004
2016-03-09 14:00:00,768.3000000000004
2016-03-09 15:00:00,765.9000000000003
2016-03-09 16:00:00,765.5000000000003
2016-03-09 18:00:00,765.5000000000003
2016-03-09 19:00:00,767.6000000000004
2016-03-09 20:00:00,768.6000000000004
2016-03-10 06:00:00,769.1000000000004
2016-03-10 14:00:00,775.3000000000004
2016-03-10 15:00:00,771.9000000000003
2016-03-10 16:00:00,768.5000000000003
2016-03-10 17:00:00,766.0000000000003
2016-03-10 18:00:00,764.8000000000004
2016-03-10 19:00:00,768.8000000000004
2016-03-10 20:00:00,769.1000000000004
2016-03-10 21:00:00,769.1000000000004
2016-03-11 06:00:00,782.4000000000003
2016-03-11 14:00:00,776.4000000000003
2016-03-11 15:00:00,777.7000000000003
2016-03-11 16:00:00,780.2000000000003
2016-03-11 17:00:00,779.2000000000003
2016-03-11 18:00:00,779.6000000000003
2016-03-11 19:00:00,779.9000000000003
2016-03-14 05:00:00,780.1000000000003
2016-03-14 13:00:00,780.2000000000003
2016-03-14 14:00:00,778.1000000000003
2016-03-14 15:00:00,779.9000000000003
2016-03-14 16:00:00,780.2000000000003
2016-03-14 17:00:00,781.5000000000003
2016-03-14 18:00:00,781.8000000000003
2016-03-14 19:00:00,781.2000000000003
2016-03-14 20:00:00,779.6000000000003
2016-03-15 05:00:00,768.9000000000003
2016-03-15 13:00:00,771.9000000000003
2016-03-15 14:00:00,769.7000000000003
2016-03-15 15:00:00,769.9000000000003
2016-03-15 17:00:00,770.2000000000003
2016-03-15 18:00:00,767.3000000000003
2016-03-15 19:00:00,768.9000000000003
2016-03-15 20:00:00,768.3000000000003
2016-03-16 05:00:00,766.7000000000003
2016-03-16 13:00:00,769.8000000000003
2016-03-16 14:00:00,768.5000000000003
2016-03-16 15:00:00,766.0000000000003
2016-03-16 16:00:00,764.2000000000003
2016-03-16 17:00:00,762.8000000000003
2016-03-16 18:00:00,767.5000000000003
2016-03-16 19:00:00,768.1000000000003
2016-03-16 20:00:00,766.6000000000003
2016-03-17 05:00:00,760.0000000000003
2016-03-17 13:00:00,758.5000000000003
2016-03-17 14:00:00,756.7000000000003
2016-03-17 15:00:00,755.5000000000003
2016-03-17 16:00:00,756.6000000000003
2016-03-17 17:00:00,758.2000000000003
2016-03-17 18:00:00,760.2000000000003
2016-03-17 19:00:00,760.0000000000003
2016-03-17 20:00:00,759.7000000000003
2016-03-18 05:00:00,767.9000000000003
2016-03-18 13:00:00,760.3000000000003
2016-03-18 14:00:00,762.6000000000003
2016-03-18 15:00:00,767.3000000000003
2016-03-18 16:00:00,767.7000000000003
2016-03-18 17:00:00,766.7000000000003
2016-03-18 18:00:00,768.5000000000003
2016-03-18 19:00:00,767.5000000000003
2016-03-18 20:00:00,766.7000000000003
2016-03-21 05:00:00,771.4000000000003
2016-03-21 13:00:00,770.3000000000003
2016-03-21 14:00:00,769.0000000000003
2016-03-21 15:00:00,769.6000000000003
2016-03-21 16:00:00,769.0000000000003
2016-03-21 17:00:00,771.1000000000003
2016-03-21 18:00:00,771.6000000000003
2016-03-21 19:00:00,771.4000000000003
2016-03-21 20:00:00,771.4000000000003
2016-03-22 05:00:00,777.8000000000003
2016-03-22 13:00:00,770.5000000000003
2016-03-22 14:00:00,772.8000000000003
2016-03-22 16:00:00,777.9000000000003
2016-03-22 17:00:00,778.9000000000003
2016-03-22 18:00:00,778.6000000000003
2016-03-22 19:00:00,777.8000000000003
2016-03-22 20:00:00,777.8000000000003
2016-03-23 05:00:00,773.4000000000003
2016-03-23 13:00:00,776.6000000000003
2016-03-23 14:00:00,776.4000000000003
2016-03-23 15:00:00,774.0000000000003
2016-03-23 18:00:00,773.4000000000003
2016-03-23 19:00:00,773.4000000000003
2016-03-23 20:00:00,773.6000000000003
2016-03-24 05:00:00,772.4000000000003
2016-03-24 13:00:00,772.2000000000003
2016-03-24 14:00:00,774.4000000000003
2016-03-24 15:00:00,770.4000000000003
2016-03-24 16:00:00,768.9000000000003
2016-03-24 17:00:00,770.1000000000003
2016-03-24 18:00:00,769.4000000000003
2016-03-24 19:00:00,772.4000000000003
2016-03-24 20:00:00,772.9000000000003
2016-03-28 05:00:00,770.8000000000003
2016-03-28 13:00:00,773.6000000000003
2016-03-28 14:00:00,770.8000000000003
2016-03-28 15:00:00,770.8000000000003
2016-03-28 19:00:00,770.8000000000003
2016-03-28 20:00:00,771.0000000000003
2016-03-29 05:00:00,779.1000000000003
2016-03-29 13:00:00,768.7000000000003
2016-03-29 14:00:00,770.3000000000003
2016-03-29 15:00:00,771.7000000000003
2016-03-29 16:00:00,775.7000000000003
2016-03-29 17:00:00,776.5000000000003
2016-03-29 18:00:00,778.3000000000003
2016-03-29 19:00:00,779.0000000000003
2016-03-29 20:00:00,778.9000000000003
2016-03-30 05:00:00,778.4000000000003
2016-03-30 13:00:00,781.6000000000003
2016-03-30 14:00:00,781.0000000000003
2016-03-30 16:00:00,778.4000000000003
2016-03-30 17:00:00,778.7000000000003
2016-03-30 18:00:00,778.3000000000003
2016-03-30 19:00:00,778.4000000000003
2016-03-30 20:00:00,778.5000000000003
2016-03-31 05:00:00,777.0000000000003
2016-03-31 13:00:00,778.1000000000003
2016-03-31 14:00:00,777.9000000000003
2016-03-31 17:00:00,779.5000000000003
2016-03-31 18:00:00,777.1000000000003
2016-03-31 19:00:00,776.9000000000003
2016-04-01 05:00:00,785.8000000000003
2016-04-01 13:00:00,774.7000000000003
2016-04-01 14:00:00,777.4000000000003
2016-04-01 15:00:00,781.9000000000003
2016-04-01 16:00:00,779.8000000000003
2016-04-01 17:00:00,783.2000000000003
2016-04-01 18:00:00,784.2000000000003
2016-04-01 19:00:00,785.7000000000003
2016-04-01 20:00:00,785.9000000000003
2016-04-04 05:00:00,792.3000000000003
2016-04-04 13:00:00,789.5000000000003
2016-04-04 14:00:00,791.1000000000003
2016-04-04 15:00:00,792.2000000000003
2016-04-04 16:00:00,794.7000000000003
2016-04-04 17:00:00,794.4000000000003
2016-04-04 18:00:00,792.8000000000003
2016-04-04 19:00:00,792.3000000000003
2016-04-04 20:00:00,792.7000000000003
2016-04-05 05:00:00,783.8000000000003
2016-04-05 13:00:00,786.1000000000003
2016-04-05 14:00:00,785.8000000000003
2016-04-05 15:00:00,784.3000000000003
2016-04-05 16:00:00,785.2000000000003
2016-04-05 17:00:00,785.3000000000003
2016-04-05 18:00:00,784.3000000000003
2016-04-05 19:00:00,783.8000000000003
2016-04-05 20:00:00,784.1000000000003
2016-04-06 05:00:00,802.0000000000003
2016-04-06 13:00:00,789.5000000000003
2016-04-06 14:00:00,794.1000000000003
2016-04-06 15:00:00,797.9000000000003
2016-04-06 17:00:00,797.9000000000003
2016-04-06 18:00:00,799.4000000000003
2016-04-06 19:00:00,801.9000000000003
2016-04-06 20:00:00,801.7000000000003
2016-04-07 05:00:00,794.6000000000003
2016-04-07 13:00:00,799.2000000000003
2016-04-07 14:00:00,796.1000000000003
2016-04-07 15:00:00,796.2000000000003
2016-04-07 16:00:00,795.3000000000003
2016-04-07 17:00:00,793.6000000000003
2016-04-07 18:00:00,791.2000000000003
2016-04-07 19:00:00,794.6000000000003
2016-04-07 20:00:00,794.9000000000003
2016-04-08 05:00:00,791.2000000000003
2016-04-08 13:00:00,796.2000000000003
2016-04-08 14:00:00,795.2000000000003
2016-04-08 15:00:00,791.4000000000003
2016-04-08 16:00:00,791.4000000000003
2016-04-08 17:00:00,791.7000000000003
2016-04-08 18:00:00,791.6000000000003
2016-04-08 19:00:00,790.2000000000003
2016-04-08 20:00:00,791.3000000000003
2016-04-11 05:00:00,786.7000000000003
2016-04-11 13:00:00,790.7000000000003
2016-04-11 14:00:00,790.0000000000003
2016-04-11 15:00:00,789.3000000000003
2016-04-11 16:00:00,789.5000000000003
2016-04-11 18:00:00,788.9000000000003
2016-04-11 19:00:00,787.0000000000003
2016-04-11 20:00:00,786.6000000000003
2016-04-12 05:00:00,792.6000000000003
2016-04-12 13:00:00,788.2000000000003
2016-04-12 14:00:00,787.4000000000003
2016-04-12 15:00:00,791.5000000000003
2016-04-12 16:00:00,790.0000000000003
2016-04-12 17:00:00,791.1000000000003
2016-04-12 18:00:00,792.5000000000003
2016-04-12 19:00:00,792.0000000000003
2016-04-12 20:00:00,792.2000000000003
2016-04-13 05:00:00,798.6000000000003
2016-04-13 13:00:00,793.1000000000003
2016-04-13 14:00:00,795.5000000000003
2016-04-13 15:00:00,795.8000000000003
2016-04-13 16:00:00,797.1000000000003
2016-04-13 17:00:00,798.1000000000003
2016-04-13 18:00:00,798.1000000000003
2016-04-13 19:00:00,798.5000000000003
2016-04-13 20:00:00,798.4000000000003
2016-04-14 05:00:00,799.9000000000003
2016-04-14 13:00:00,797.9000000000003
2016-04-14 14:00:00,800.1000000000003
2016-04-14 16:00:00,800.6000000000003
2016-04-14 17:00:00,800.1000000000003
2016-04-14 18:00:00,799.1000000000003
2016-04-14 19:00:00,799.9000000000003
2016-04-14 20:00:00,799.2000000000003
2016-04-15 05:00:00,799.2000000000003
2016-04-15 13:00:00,798.8000000000003
2016-04-15 14:00:00,797.4000000000003
2016-04-15 15:00:00,797.1000000000003
2016-04-15 16:00:00,796.3000000000003
2016-04-15 17:00:00,797.0000000000003
2016-04-15 19:00:00,799.1000000000003
2016-04-15 20:00:00,799.4000000000003
2016-04-18 05:00:00,805.6000000000003
2016-04-18 13:00:00,799.0000000000003
2016-04-18 14:00:00,805.3000000000003
2016-04-18 15:00:00,803.7000000000003
2016-04-18 16:00:00,804.2000000000003
2016-04-18 17:00:00,805.4000000000003
2016-04-18 18:00:00,805.1000000000003
2016-04-18 19:00:00,805.6000000000003
2016-04-18 20:00:00,804.6000000000003
2016-04-19 05:00:00,807.4000000000003
2016-04-19 13:00:00,811.6000000000003
2016-04-19 14:00:00,808.1000000000003
2016-04-19 15:00:00,805.6000000000003
2016-04-19 18:00:00,806.6000000000003
2016-04-19 19:00:00,807.5000000000003
2016-04-19 20:00:00,808.2000000000003
2016-04-20 05:00:00,812.1000000000003
2016-04-20 13:00:00,811.7000000000003
2016-04-20 14:00:00,809.6000000000003
2016-04-20 15:00:00,810.7000000000003
2016-04-20 17:00:00,812.7000000000003
2016-04-20 18:00:00,813.5000000000003
2016-04-20 19:00:00,812.1000000000003
2016-04-20 20:00:00,812.3000000000003
2016-04-21 05:00:00,816.0000000000003
2016-04-21 13:00:00,815.7000000000003
2016-04-21 14:00:00,816.0000000000003
2016-04-21 15:00:00,814.4000000000003
2016-04-21 16:00:00,814.0000000000003
2016-04-21 17:00:00,814.1000000000003
2016-04-21 19:00:00,816.0000000000003
2016-04-21 20:00:00,817.3000000000003
2016-04-22 05:00:00,817.8000000000003
2016-04-22 13:00:00,816.4000000000003
2016-04-22 14:00:00,814.0000000000003
2016-04-22 15:00:00,815.3000000000003
2016-04-22 16:00:00,815.9000000000003
2016-04-22 17:00:00,816.5000000000003
2016-04-22 18:00:00,818.2000000000003
2016-04-22 19:00:00,817.3000000000003
2016-04-22 20:00:00,817.4000000000003
2016-04-25 05:00:00,815.0000000000003
2016-04-25 13:00:00,815.2000000000003
2016-04-25 14:00:00,813.7000000000003
2016-04-25 15:00:00,813.0000000000003
2016-04-25 16:00:00,813.5000000000003
2016-04-25 19:00:00,814.3000000000003
2016-04-25 20:00:00,815.4000000000003
2016-04-26 05:00:00,812.0000000000003
2016-04-26 13:00:00,815.2000000000003
2016-04-26 14:00:00,811.5000000000003
2016-04-26 15:00:00,810.9000000000003
2016-04-26 16:00:00,812.3000000000003
2016-04-26 17:00:00,812.4000000000003
2016-04-26 18:00:00,811.2000000000003
2016-04-26 19:00:00,811.9000000000003
2016-04-27 05:00:00,810.9000000000003
2016-04-27 13:00:00,811.3000000000003
2016-04-27 14:00:00,809.7000000000003
2016-04-27 16:00:00,811.9000000000003
2016-04-27 17:00:00,811.0000000000003
2016-04-27 18:00:00,811.3000000000003
2016-04-27 19:00:00,811.0000000000003
2016-04-27 20:00:00,810.4000000000003
2016-04-28 05:00:00,807.4000000000003
2016-04-28 13:00:00,809.8000000000003
2016-04-28 14:00:00,810.0000000000003
2016-04-28 15:00:00,811.6000000000003
2016-04-28 16:00:00,811.9000000000003
2016-04-28 17:00:00,813.5000000000003
2016-04-28 18:00:00,813.7000000000003
2016-04-28 19:00:00,807.3000000000003
2016-04-28 20:00:00,805.7000000000003
2016-04-29 05:00:00,796.6000000000003
2016-04-29 13:00:00,798.3000000000003
2016-04-29 14:00:00,796.0000000000003
2016-04-29 15:00:00,793.3000000000003
2016-04-29 16:00:00,796.3000000000003
2016-04-29 17:00:00,794.6000000000003
2016-04-29 18:00:00,793.1000000000003
2016-04-29 19:00:00,795.9000000000003
2016-04-29 20:00:00,797.3000000000003
2016-05-02 05:00:00,800.7000000000003
2016-05-02 13:00:00,799.5000000000003
2016-05-02 14:00:00,799.4000000000003
2016-05-02 15:00:00,795.7000000000003
2016-05-02 17:00:00,797.2000000000003
2016-05-02 18:00:00,798.2000000000003
2016-05-02 19:00:00,800.4000000000003
2016-05-02 20:00:00,800.5000000000003
2016-05-03 05:00:00,798.6000000000003
2016-05-03 13:00:00,797.5000000000003
2016-05-03 14:00:00,796.7000000000003
2016-05-03 15:00:00,797.1000000000003
2016-05-03 16:00:00,798.2000000000003
2016-05-03 17:00:00,802.1000000000003
2016-05-03 18:00:00,801.9000000000003
2016-05-03 19:00:00,798.6000000000003
2016-05-03 20:00:00,798.3000000000003
2016-05-04 05:00:00,792.1000000000003
2016-05-04 13:00:00,793.7000000000003
2016-05-04 14:00:00,791.8000000000003
2016-05-04 15:00:00,792.1000000000003
2016-05-04 16:00:00,793.3000000000003
2016-05-04 17:00:00,790.9000000000003
2016-05-04 18:00:00,790.6000000000003
2016-05-04 20:00:00,792.8000000000003
2016-05-05 05:00:00,794.6000000000003
2016-05-05 13:00:00,790.8000000000003
2016-05-05 14:00:00,793.8000000000003
2016-05-05 15:00:00,792.1000000000003
2016-05-05 16:00:00,795.3000000000003
2016-05-05 17:00:00,792.6000000000003
2016-05-05 18:00:00,794.4000000000003
2016-05-05 19:00:00,794.7000000000003
2016-05-05 20:00:00,794.5000000000003
2016-05-06 05:00:00,790.3000000000003
2016-05-06 13:00:00,790.1000000000003
2016-05-06 14:00:00,787.0000000000003
2016-05-06 15:00:00,787.0000000000003
2016-05-06 16:00:00,787.1000000000003
2016-05-06 17:00:00,789.1000000000003
2016-05-06 18:00:00,790.2000000000003
2016-05-06 19:00:00,790.2000000000003
2016-05-09 05:00:00,798.6000000000003
2016-05-09 13:00:00,798.4000000000003
2016-05-09 14:00:00,797.3000000000003
2016-05-09 15:00:00,799.7000000000003
2016-05-09 16:00:00,798.5000000000003
2016-05-09 17:00:00,798.9000000000003
2016-05-09 18:00:00,799.3000000000003
2016-05-09 20:00:00,798.5000000000003
2016-05-10 05:00:00,804.3000000000003
2016-05-10 13:00:00,800.6000000000003
2016-05-10 14:00:00,802.2000000000003
2016-05-10 15:00:00,802.1000000000003
2016-05-10 17:00:00,801.3000000000003
2016-05-10 19:00:00,803.8000000000003
2016-05-10 20:00:00,803.9000000000003
2016-05-11 05:00:00,796.1000000000003
2016-05-11 13:00:00,804.1000000000003
2016-05-11 14:00:00,803.1000000000003
2016-05-11 15:00:00,802.5000000000003
2016-05-11 16:00:00,801.2000000000003
2016-05-11 17:00:00,800.3000000000003
2016-05-11 18:00:00,797.7000000000003
2016-05-11 19:00:00,796.1000000000003
2016-05-12 05:00:00,791.7000000000003
2016-05-12 13:00:00,794.5000000000003
2016-05-12 14:00:00,792.3000000000003
2016-05-12 15:00:00,790.7000000000003
2016-05-12 16:00:00,789.7000000000003
2016-05-12 20:00:00,792.0000000000003
2016-05-13 05:00:00,790.6000000000003
2016-05-13 13:00:00,794.1000000000003
2016-05-13 14:00:00,793.3000000000003
2016-05-13 15:00:00,792.9000000000003
2016-05-13 16:00:00,793.1000000000003
2016-05-13 18:00:00,790.3000000000003
2016-05-13 19:00:00,791.2000000000003
2016-05-13 20:00:00,790.7000000000003
2016-05-16 05:00:00,800.2000000000003
2016-05-16 13:00:00,792.5000000000003
2016-05-16 14:00:00,795.2000000000003
2016-05-16 15:00:00,798.3000000000003
2016-05-16 16:00:00,798.0000000000003
2016-05-16 17:00:00,798.6000000000003
2016-05-16 18:00:00,800.1000000000003
2016-05-16 19:00:00,800.7000000000003
2016-05-16 20:00:00,800.1000000000003
2016-05-17 05:00:00,792.4000000000003
2016-05-17 13:00:00,794.8000000000003
2016-05-17 14:00:00,795.5000000000003
2016-05-17 15:00:00,796.0000000000003
2016-05-17 17:00:00,794.0000000000003
2016-05-17 18:00:00,790.5000000000003
2016-05-17 19:00:00,792.4000000000003
2016-05-17 20:00:00,792.2000000000003
2016-05-18 05:00:00,794.8000000000003
2016-05-18 13:00:00,792.4000000000003
2016-05-18 15:00:00,795.2000000000003
2016-05-18 16:00:00,796.3000000000003
2016-05-18 17:00:00,797.5000000000003
2016-05-18 18:00:00,793.4000000000003
2016-05-18 19:00:00,794.8000000000003
2016-05-18 20:00:00,793.1000000000003
2016-05-19 05:00:00,789.2000000000003
2016-05-19 13:00:00,790.0000000000003
2016-05-19 14:00:00,786.7000000000003
2016-05-19 15:00:00,786.1000000000003
2016-05-19 16:00:00,785.9000000000003
2016-05-19 18:00:00,787.8000000000003
2016-05-19 19:00:00,789.2000000000003
2016-05-19 20:00:00,789.6000000000003
2016-05-20 05:00:00,795.7000000000003
2016-05-20 13:00:00,795.2000000000003
2016-05-20 14:00:00,796.2000000000003
2016-05-20 15:00:00,796.6000000000003
2016-05-20 16:00:00,796.2000000000003
2016-05-20 19:00:00,795.8000000000003
2016-05-20 20:00:00,795.8000000000003
2016-05-23 05:00:00,792.5000000000003
2016-05-23 13:00:00,794.8000000000003
2016-05-23 14:00:00,795.0000000000003
2016-05-23 20:00:00,792.3000000000003
2016-05-24 05:00:00,802.9000000000003
2016-05-24 13:00:00,800.2000000000003
2016-05-24 14:00:00,801.1000000000003
2016-05-24 18:00:00,802.5000000000003
2016-05-24 19:00:00,802.9000000000003
2016-05-24 20:00:00,802.5000000000003
2016-05-25 05:00:00,807.4000000000003
2016-05-25 13:00:00,805.2000000000003
2016-05-25 14:00:00,807.8000000000003
2016-05-25 16:00:00,807.5000000000003
2016-05-25 17:00:00,808.0000000000003
2016-05-25 18:00:00,805.7000000000003
2016-05-25 19:00:00,807.2000000000003
2016-05-25 20:00:00,806.9000000000003
2016-05-26 05:00:00,807.5000000000003
2016-05-26 13:00:00,806.7000000000003
2016-05-26 14:00:00,807.5000000000003
2016-05-26 15:00:00,806.8000000000003
2016-05-26 16:00:00,807.3000000000003
2016-05-26 17:00:00,808.1000000000003
2016-05-26 18:00:00,808.0000000000003
2016-05-26 19:00:00,807.5000000000003
2016-05-26 20:00:00,807.5000000000003
2016-05-27 05:00:00,810.6000000000003
2016-05-27 13:00:00,809.3000000000003
2016-05-27 14:00:00,810.9000000000003
2016-05-27 15:00:00,812.0000000000003
2016-05-27 16:00:00,811.5000000000003
2016-05-27 17:00:00,810.0000000000003
2016-05-27 18:00:00,809.2000000000003
2016-05-27 19:00:00,810.6000000000003
2016-05-27 20:00:00,811.5000000000003
2016-05-31 05:00:00,813.0000000000003
2016-05-31 13:00:00,812.6000000000003
2016-05-31 14:00:00,813.6000000000003
2016-05-31 15:00:00,811.3000000000003
2016-05-31 16:00:00,810.4000000000003
2016-05-31 17:00:00,812.1000000000003
2016-05-31 18:00:00,810.0000000000003
2016-05-31 19:00:00,812.6000000000003
2016-05-31 20:00:00,811.7000000000003
2016-06-01 05:00:00,814.8000000000003
2016-06-01 13:00:00,811.5000000000003
2016-06-01 14:00:00,813.7000000000003
2016-06-01 15:00:00,812.9000000000003
2016-06-01 16:00:00,814.6000000000003
2016-06-01 17:00:00,814.8000000000003
2016-06-01 18:00:00,814.6000000000003
2016-06-01 19:00:00,814.8000000000003
2016-06-01 20:00:00,814.7000000000003
2016-06-02 05:00:00,823.9000000000003
2016-06-02 13:00:00,817.9000000000003
2016-06-02 14:00:00,819.4000000000003
2016-06-02 15:00:00,820.0000000000003
2016-06-02 16:00:00,820.9000000000003
2016-06-02 17:00:00,820.2000000000003
2016-06-02 18:00:00,823.0000000000003
2016-06-02 19:00:00,823.9000000000003
2016-06-02 20:00:00,823.8000000000003
2016-06-03 05:00:00,821.9000000000003
2016-06-03 13:00:00,819.0000000000003
2016-06-03 14:00:00,820.4000000000003
2016-06-03 15:00:00,820.7000000000003
2016-06-03 16:00:00,821.4000000000003
2016-06-03 18:00:00,824.0000000000003
2016-06-03 19:00:00,821.6000000000003
2016-06-03 20:00:00,822.1000000000003
2016-06-06 05:00:00,825.9000000000003
2016-06-06 13:00:00,823.0000000000003
2016-06-06 14:00:00,824.0000000000003
2016-06-06 15:00:00,824.4000000000003
2016-06-06 16:00:00,824.6000000000003
2016-06-06 17:00:00,825.9000000000003
2016-06-06 18:00:00,826.5000000000003
2016-06-06 19:00:00,825.9000000000003
2016-06-06 20:00:00,825.9000000000003
2016-06-07 05:00:00,821.4000000000003
2016-06-07 13:00:00,820.2000000000003
2016-06-07 14:00:00,822.2000000000003
2016-06-07 15:00:00,822.7000000000003
2016-06-07 16:00:00,822.8000000000003
2016-06-07 17:00:00,823.3000000000003
2016-06-07 18:00:00,822.3000000000003
2016-06-07 19:00:00,821.4000000000003
2016-06-07 20:00:00,821.4000000000003
2016-06-08 05:00:00,824.7000000000003
2016-06-08 13:00:00,821.5000000000003
2016-06-08 14:00:00,822.8000000000003
2016-06-08 15:00:00,823.9000000000003
2016-06-08 16:00:00,824.3000000000003
2016-06-08 17:00:00,823.8000000000003
2016-06-08 18:00:00,824.7000000000003
2016-06-08 19:00:00,824.7000000000003
2016-06-08 20:00:00,824.7000000000003
2016-06-09 05:00:00,822.7000000000003
2016-06-09 13:00:00,826.2000000000003
2016-06-09 14:00:00,824.7000000000003
2016-06-09 15:00:00,821.5000000000003
2016-06-09 16:00:00,822.6000000000003
2016-06-09 17:00:00,822.4000000000003
2016-06-09 18:00:00,823.0000000000003
2016-06-09 19:00:00,822.9000000000003
2016-06-09 20:00:00,823.0000000000003
2016-06-10 05:00:00,816.2000000000003
2016-06-10 13:00:00,817.2000000000003
2016-06-10 14:00:00,815.1000000000004
2016-06-10 15:00:00,815.7000000000003
2016-06-10 17:00:00,815.2000000000003
2016-06-10 18:00:00,813.8000000000003
2016-06-10 19:00:00,815.8000000000003
2016-06-13 05:00:00,811.2000000000003
2016-06-13 13:00:00,817.4000000000003
2016-06-13 14:00:00,817.1000000000004
2016-06-13 15:00:00,814.0000000000003
2016-06-13 17:00:00,813.2000000000003
2016-06-13 18:00:00,813.4000000000003
2016-06-13 19:00:00,811.3000000000003
2016-06-13 20:00:00,811.7000000000003
2016-06-14 05:00:00,812.1000000000004
2016-06-14 13:00:00,810.0000000000003
2016-06-14 14:00:00,807.3000000000003
2016-06-14 15:00:00,807.9000000000003
2016-06-14 16:00:00,807.8000000000003
2016-06-14 17:00:00,806.8000000000003
2016-06-14 18:00:00,807.2000000000003
2016-06-14 19:00:00,811.6000000000004
2016-06-15 05:00:00,807.1000000000004
2016-06-15 13:00:00,813.9000000000003
2016-06-15 14:00:00,810.5000000000003
2016-06-15 15:00:00,809.8000000000003
2016-06-15 16:00:00,810.1000000000004
2016-06-15 17:00:00,809.9000000000003
2016-06-15 18:00:00,810.1000000000004
2016-06-15 19:00:00,807.2000000000003
2016-06-15 20:00:00,807.2000000000003
2016-06-16 05:00:00,809.7000000000003
2016-06-16 13:00:00,803.1000000000004
2016-06-16 14:00:00,803.1000000000004
2016-06-16 15:00:00,803.9000000000003
2016-06-16 16:00:00,807.4000000000003
2016-06-16 17:00:00,806.5000000000003
2016-06-16 18:00:00,807.8000000000003
2016-06-16 19:00:00,809.9000000000003
2016-06-16 20:00:00,810.0000000000003
2016-06-17 05:00:00,801.7000000000003
2016-06-17 13:00:00,806.1000000000004
2016-06-17 14:00:00,802.2000000000003
2016-06-17 16:00:00,802.4000000000003
2016-06-17 17:00:00,801.8000000000003
2016-06-17 18:00:00,802.2000000000003
2016-06-17 19:00:00,801.6000000000004
2016-06-17 20:00:00,801.5000000000003
2016-06-20 05:00:00,806.3000000000003
2016-06-20 13:00:00,808.2000000000003
2016-06-20 14:00:00,810.4000000000003
2016-06-20 15:00:00,809.4000000000003
2016-06-20 16:00:00,809.5000000000003
2016-06-20 17:00:00,809.3000000000003
2016-06-20 18:00:00,808.2000000000003
2016-06-20 19:00:00,806.1000000000004
2016-06-20 20:00:00,804.6000000000004
2016-06-21 05:00:00,804.1000000000004
2016-06-21 13:00:00,805.5000000000003
2016-06-21 14:00:00,804.3000000000003
2016-06-21 15:00:00,802.8000000000003
2016-06-21 17:00:00,803.0000000000003
2016-06-21 18:00:00,803.6000000000004
2016-06-21 19:00:00,804.5000000000003
2016-06-21 20:00:00,803.9000000000003
2016-06-22 05:00:00,806.1000000000004
2016-06-22 13:00:00,804.3000000000003
2016-06-22 14:00:00,812.7000000000003
2016-06-22 15:00:00,810.8000000000003
2016-06-22 16:00:00,808.3000000000003
2016-06-22 17:00:00,808.9000000000003
2016-06-22 18:00:00,807.6000000000004
2016-06-22 19:00:00,806.2000000000003
2016-06-23 05:00:00,815.2000000000003
2016-06-23 13:00:00,809.0000000000003
2016-06-23 14:00:00,810.9000000000003
2016-06-23 15:00:00,812.4000000000003
2016-06-23 16:00:00,812.3000000000003
2016-06-23 17:00:00,811.9000000000003
2016-06-23 18:00:00,813.1000000000004
2016-06-23 19:00:00,815.2000000000003
2016-06-24 05:00:00,794.8000000000003
2016-06-24 13:00:00,803.2000000000003
2016-06-24 14:00:00,802.0000000000003
2016-06-24 15:00:00,800.8000000000003
2016-06-24 16:00:00,796.6000000000004
2016-06-24 17:00:00,798.3000000000003
2016-06-24 18:00:00,797.7000000000003
2016-06-24 19:00:00,798.9000000000003
2016-06-24 20:00:00,795.4000000000003
2016-06-27 05:00:00,784.4000000000003
2016-06-27 13:00:00,788.0000000000003
2016-06-27 14:00:00,783.5000000000003
2016-06-27 15:00:00,785.0000000000003
2016-06-27 16:00:00,785.9000000000003
2016-06-27 17:00:00,784.7000000000003
2016-06-27 18:00:00,782.9000000000003
2016-06-27 19:00:00,784.4000000000003
2016-06-27 20:00:00,784.2000000000003
2016-06-28 05:00:00,798.4000000000003
2016-06-28 11:00:00,790.2000000000003
2016-06-28 13:00:00,792.4000000000003
2016-06-28 14:00:00,795.2000000000003
2016-06-28 16:00:00,794.8000000000003
2016-06-28 17:00:00,793.7000000000003
2016-06-28 18:00:00,797.4000000000003
2016-06-28 19:00:00,798.4000000000003
2016-06-28 20:00:00,798.3000000000003
2016-06-29 05:00:00,811.9000000000003
2016-06-29 13:00:00,805.0000000000003
2016-06-29 14:00:00,807.6000000000004
2016-06-29 15:00:00,810.1000000000004
2016-06-29 16:00:00,811.3000000000003
2016-06-29 17:00:00,811.0000000000003
2016-06-29 18:00:00,812.2000000000003
2016-06-29 19:00:00,811.9000000000003
2016-06-30 05:00:00,818.3000000000003
2016-06-30 13:00:00,810.3000000000003
2016-06-30 14:00:00,812.1000000000004
2016-06-30 15:00:00,814.4000000000003
2016-06-30 16:00:00,816.7000000000003
2016-06-30 18:00:00,817.9000000000003
2016-06-30 19:00:00,818.3000000000003
2016-06-30 20:00:00,817.6000000000004
2016-07-01 05:00:00,823.0000000000003
2016-07-01 13:00:00,820.3000000000003
2016-07-01 14:00:00,824.2000000000003
2016-07-01 15:00:00,822.8000000000003
2016-07-01 16:00:00,822.5000000000003
2016-07-01 17:00:00,822.6000000000004
2016-07-01 18:00:00,821.3000000000003
2016-07-01 19:00:00,822.9000000000003
2016-07-01 20:00:00,823.3000000000003
2016-07-05 05:00:00,822.3000000000003
2016-07-05 13:00:00,820.1000000000004
2016-07-05 14:00:00,822.0000000000003
2016-07-05 15:00:00,821.6000000000004
2016-07-05 16:00:00,822.1000000000004
2016-07-05 17:00:00,821.4000000000003
2016-07-05 18:00:00,822.1000000000004
2016-07-05 19:00:00,822.0000000000003
2016-07-06 05:00:00,830.6000000000004
2016-07-06 13:00:00,821.5000000000003
2016-07-06 14:00:00,825.0000000000003
2016-07-06 15:00:00,828.4000000000003
2016-07-06 16:00:00,829.7000000000003
2016-07-06 17:00:00,828.9000000000003
2016-07-06 18:00:00,830.3000000000003
2016-07-06 19:00:00,830.7000000000003
2016-07-06 20:00:00,830.5000000000003
2016-07-07 05:00:00,829.4000000000003
2016-07-07 13:00:00,831.6000000000004
2016-07-07 14:00:00,830.7000000000003
2016-07-07 15:00:00,829.7000000000003
2016-07-07 16:00:00,827.3000000000003
2016-07-07 17:00:00,828.4000000000003
2016-07-07 18:00:00,826.9000000000003
2016-07-07 19:00:00,829.4000000000003
2016-07-08 05:00:00,837.2000000000003
2016-07-08 13:00:00,830.1000000000004
2016-07-08 14:00:00,834.7000000000003
2016-07-08 15:00:00,835.9000000000003
2016-07-08 16:00:00,835.7000000000003
2016-07-08 17:00:00,836.4000000000003
2016-07-08 18:00:00,837.9000000000003
2016-07-08 19:00:00,837.4000000000003
2016-07-08 20:00:00,837.4000000000003
2016-07-11 05:00:00,836.3000000000003
2016-07-11 13:00:00,836.6000000000004
2016-07-11 14:00:00,838.7000000000003
2016-07-11 15:00:00,839.9000000000003
2016-07-11 16:00:00,839.9000000000003
2016-07-11 17:00:00,839.8000000000003
2016-07-11 18:00:00,839.4000000000003
2016-07-11 19:00:00,836.2000000000003
2016-07-12 05:00:00,839.5000000000003
2016-07-12 13:00:00,838.4000000000003
2016-07-12 14:00:00,838.7000000000003
2016-07-12 15:00:00,839.1000000000004
2016-07-12 16:00:00,840.3000000000003
2016-07-12 17:00:00,840.0000000000003
2016-07-12 18:00:00,840.6000000000004
2016-07-12 19:00:00,839.5000000000003
2016-07-12 20:00:00,839.2000000000003
2016-07-13 05:00:00,840.2000000000003
2016-07-13 13:00:00,841.2000000000003
2016-07-13 14:00:00,842.6000000000004
2016-07-13 15:00:00,840.0000000000003
2016-07-13 16:00:00,840.2000000000003
2016-07-13 17:00:00,840.1000000000004
2016-07-13 18:00:00,840.5000000000003
2016-07-13 19:00:00,840.2000000000003
2016-07-13 20:00:00,840.0000000000003
2016-07-14 05:00:00,843.0000000000003
2016-07-14 13:00:00,842.0000000000003
2016-07-14 14:00:00,841.8000000000003
2016-07-14 15:00:00,842.7000000000003
2016-07-14 16:00:00,842.1000000000004
2016-07-14 17:00:00,841.3000000000003
2016-07-14 18:00:00,842.1000000000004
2016-07-14 19:00:00,842.9000000000003
2016-07-14 20:00:00,842.6000000000004
2016-07-15 05:00:00,842.8000000000003
2016-07-15 13:00:00,847.6000000000004
2016-07-15 14:00:00,847.0000000000003
2016-07-15 15:00:00,842.7000000000003
2016-07-15 16:00:00,842.7000000000003
2016-07-15 19:00:00,842.7000000000003
2016-07-15 20:00:00,842.5000000000003
2016-07-18 05:00:00,842.6000000000004
2016-07-18 13:00:00,842.3000000000003
2016-07-18 14:00:00,843.4000000000003
2016-07-18 15:00:00,842.4000000000003
2016-07-18 16:00:00,840.5000000000003
2016-07-18 17:00:00,841.7000000000003
2016-07-18 18:00:00,842.3000000000003
2016-07-18 19:00:00,842.6000000000004
2016-07-19 05:00:00,841.4000000000003
2016-07-19 13:00:00,843.5000000000003
2016-07-19 14:00:00,839.4000000000003
2016-07-19 15:00:00,840.5000000000003
2016-07-19 16:00:00,839.9000000000003
2016-07-19 17:00:00,839.2000000000003
2016-07-19 18:00:00,840.1000000000004
2016-07-19 19:00:00,841.4000000000003
2016-07-19 20:00:00,841.5000000000003
2016-07-20 05:00:00,847.4000000000003
2016-07-20 13:00:00,845.1000000000004
2016-07-20 14:00:00,847.9000000000003
2016-07-20 15:00:00,848.3000000000003
2016-07-20 16:00:00,848.3000000000003
2016-07-20 17:00:00,848.6000000000004
2016-07-20 18:00:00,848.7000000000003
2016-07-20 19:00:00,847.4000000000003
2016-07-21 05:00:00,850.3000000000003
2016-07-21 13:00:00,849.7000000000003
2016-07-21 15:00:00,849.1000000000004
2016-07-21 16:00:00,849.9000000000003
2016-07-21 17:00:00,849.7000000000003
2016-07-21 18:00:00,848.5000000000003
2016-07-21 19:00:00,849.9000000000003
2016-07-21 20:00:00,850.0000000000003
2016-07-22 05:00:00,851.6000000000004
2016-07-22 13:00:00,849.9000000000003
2016-07-22 14:00:00,849.9000000000003
2016-07-22 15:00:00,850.6000000000004
2016-07-22 16:00:00,851.1000000000004
2016-07-22 17:00:00,851.5000000000003
2016-07-22 18:00:00,851.9000000000003
2016-07-22 19:00:00,852.4000000000003
2016-07-25 05:00:00,850.6000000000004
2016-07-25 13:00:00,847.2000000000003
2016-07-25 14:00:00,847.5000000000003
2016-07-25 15:00:00,846.8000000000003
2016-07-25 16:00:00,848.3000000000003
2016-07-25 17:00:00,849.4000000000003
2016-07-25 18:00:00,849.8000000000003
2016-07-25 19:00:00,850.6000000000004
2016-07-25 20:00:00,850.7000000000003
2016-07-26 05:00:00,849.4000000000003
2016-07-26 13:00:00,849.4000000000003
2016-07-26 14:00:00,848.0000000000003
2016-07-26 15:00:00,849.3000000000003
2016-07-26 16:00:00,848.6000000000004
2016-07-26 17:00:00,847.8000000000003
2016-07-26 18:00:00,847.7000000000003
2016-07-26 19:00:00,849.4000000000003
2016-07-26 20:00:00,848.8000000000003
2016-07-27 05:00:00,852.7000000000003
2016-07-27 13:00:00,848.4000000000003
2016-07-27 14:00:00,848.1000000000004
2016-07-27 15:00:00,850.3000000000003
2016-07-27 16:00:00,849.4000000000003
2016-07-27 17:00:00,850.4000000000003
2016-07-27 18:00:00,851.7000000000003
2016-07-27 19:00:00,852.7000000000003
2016-07-27 20:00:00,851.7000000000003
2016-07-28 05:00:00,852.1000000000004
2016-07-28 13:00:00,851.4000000000003
2016-07-28 14:00:00,848.6000000000004
2016-07-28 15:00:00,851.1000000000004
2016-07-28 16:00:00,850.8000000000003
2016-07-28 17:00:00,850.8000000000003
2016-07-28 19:00:00,852.1000000000004
2016-07-29 05:00:00,854.2000000000003
2016-07-29 13:00:00,852.2000000000003
2016-07-29 14:00:00,852.1000000000004
2016-07-29 15:00:00,854.2000000000003
2016-07-29 16:00:00,853.6000000000004
2016-07-29 17:00:00,853.3000000000003
2016-07-29 18:00:00,853.5000000000003
2016-07-29 20:00:00,853.8000000000003
2016-08-01 05:00:00,858.4000000000003
2016-08-01 13:00:00,857.1000000000004
2016-08-01 14:00:00,858.9000000000003
2016-08-01 15:00:00,859.4000000000003
2016-08-01 16:00:00,858.0000000000003
2016-08-01 17:00:00,859.3000000000003
2016-08-01 18:00:00,859.0000000000003
2016-08-01 19:00:00,858.5000000000003
2016-08-01 20:00:00,858.5000000000003
2016-08-02 05:00:00,855.2000000000003
2016-08-02 13:00:00,855.9000000000003
2016-08-02 14:00:00,852.0000000000003
2016-08-02 15:00:00,851.6000000000004
2016-08-02 16:00:00,852.7000000000003
2016-08-02 17:00:00,851.7000000000003
2016-08-02 18:00:00,855.4000000000003
2016-08-02 19:00:00,855.2000000000003
2016-08-02 20:00:00,856.2000000000003
2016-08-03 05:00:00,853.4000000000003
2016-08-03 13:00:00,854.2000000000003
2016-08-03 14:00:00,853.9000000000003
2016-08-03 16:00:00,854.1000000000004
2016-08-03 17:00:00,853.0000000000003
2016-08-03 18:00:00,852.4000000000003
2016-08-03 19:00:00,853.3000000000003
2016-08-03 20:00:00,853.8000000000003
2016-08-04 05:00:00,852.3000000000003
2016-08-04 13:00:00,851.6000000000004
2016-08-04 14:00:00,854.2000000000003
2016-08-04 15:00:00,852.8000000000003
2016-08-04 16:00:00,853.3000000000003
2016-08-04 17:00:00,852.9000000000003
2016-08-04 18:00:00,852.6000000000004
2016-08-04 19:00:00,852.3000000000003
2016-08-04 20:00:00,852.3000000000003
2016-08-05 05:00:00,854.0000000000003
2016-08-05 13:00:00,851.2000000000003
2016-08-05 14:00:00,851.5000000000003
2016-08-05 15:00:00,852.6000000000004
2016-08-05 19:00:00,854.0000000000003
2016-08-05 20:00:00,853.6000000000004
2016-08-08 05:00:00,847.9000000000003
2016-08-08 13:00:00,850.8000000000003
2016-08-08 14:00:00,846.3000000000003
2016-08-08 15:00:00,847.0000000000003
2016-08-08 16:00:00,847.2000000000003
2016-08-08 17:00:00,846.4000000000003
2016-08-08 18:00:00,846.4000000000003
2016-08-08 19:00:00,847.9000000000003
2016-08-08 20:00:00,848.0000000000003
2016-08-09 05:00:00,849.5000000000003
2016-08-09 13:00:00,849.4000000000003
2016-08-09 14:00:00,851.1000000000004
2016-08-09 15:00:00,850.6000000000004
2016-08-09 16:00:00,850.4000000000003
2016-08-09 17:00:00,849.6000000000004
2016-08-09 18:00:00,848.8000000000003
2016-08-09 19:00:00,849.5000000000003
2016-08-09 20:00:00,849.8000000000003
2016-08-10 05:00:00,846.8000000000003
2016-08-10 13:00:00,847.0000000000003
2016-08-10 14:00:00,847.1000000000004
2016-08-10 15:00:00,847.6000000000004
2016-08-10 16:00:00,846.4000000000003
2016-08-10 18:00:00,845.5000000000003
2016-08-10 19:00:00,846.8000000000003
2016-08-10 20:00:00,847.4000000000003
2016-08-11 05:00:00,851.2000000000003
2016-08-11 13:00:00,848.7000000000003
2016-08-11 14:00:00,847.8000000000003
2016-08-11 17:00:00,851.6000000000004
2016-08-11 18:00:00,850.9000000000003
2016-08-11 19:00:00,851.2000000000003
2016-08-11 20:00:00,850.6000000000004
2016-08-12 05:00:00,849.4000000000003
2016-08-12 13:00:00,848.0000000000003
2016-08-12 14:00:00,847.9000000000003
2016-08-12 15:00:00,848.9000000000003
2016-08-12 16:00:00,848.3000000000003
2016-08-12 17:00:00,847.7000000000003
2016-08-12 18:00:00,848.9000000000003
2016-08-12 20:00:00,849.2000000000003
2016-08-15 05:00:00,850.7000000000003
2016-08-15 13:00:00,849.8000000000003
2016-08-15 14:00:00,851.3000000000003
2016-08-15 16:00:00,851.7000000000003
2016-08-15 17:00:00,852.2000000000003
2016-08-15 18:00:00,851.8000000000003
2016-08-15 19:00:00,850.7000000000003
2016-08-15 20:00:00,850.6000000000004
2016-08-16 05:00:00,844.0000000000003
2016-08-16 13:00:00,847.6000000000004
2016-08-16 14:00:00,845.6000000000004
2016-08-16 15:00:00,846.3000000000003
2016-08-16 16:00:00,846.7000000000003
2016-08-16 17:00:00,845.3000000000003
2016-08-16 18:00:00,844.9000000000003
2016-08-16 19:00:00,843.7000000000003
2016-08-17 05:00:00,845.4000000000003
2016-08-17 13:00:00,843.9000000000003
2016-08-17 14:00:00,842.5000000000003
2016-08-17 15:00:00,842.4000000000003
2016-08-17 16:00:00,842.6000000000004
2016-08-17 17:00:00,844.4000000000003
2016-08-17 18:00:00,844.8000000000003
2016-08-17 19:00:00,845.2000000000003
2016-08-17 20:00:00,845.7000000000003
2016-08-18 05:00:00,845.6000000000004
2016-08-18 13:00:00,844.9000000000003
2016-08-18 14:00:00,846.6000000000004
2016-08-18 15:00:00,846.3000000000003
2016-08-18 17:00:00,845.3000000000003
2016-08-18 18:00:00,844.9000000000003
2016-08-18 19:00:00,845.6000000000004
2016-08-19 05:00:00,845.2000000000003
2016-08-19 13:00:00,842.4000000000003
2016-08-19 14:00:00,844.7000000000003
2016-08-19 15:00:00,845.0000000000003
2016-08-19 16:00:00,842.5000000000003
2016-08-19 19:00:00,844.8000000000003
2016-08-19 20:00:00,845.0000000000003
2016-08-22 05:00:00,846.3000000000003
2016-08-22 13:00:00,846.8000000000003
2016-08-22 14:00:00,848.3000000000003
2016-08-22 15:00:00,845.8000000000003
2016-08-22 16:00:00,846.5000000000003
2016-08-22 17:00:00,846.6000000000004
2016-08-22 18:00:00,845.9000000000003
2016-08-22 19:00:00,846.2000000000003
2016-08-22 20:00:00,846.8000000000003
2016-08-23 05:00:00,847.3000000000003
2016-08-23 13:00:00,850.0000000000003
2016-08-23 14:00:00,849.9000000000003
2016-08-23 15:00:00,848.8000000000003
2016-08-23 16:00:00,848.1000000000004
2016-08-23 17:00:00,847.4000000000003
2016-08-23 19:00:00,847.3000000000003
2016-08-23 20:00:00,847.1000000000004
2016-08-24 05:00:00,834.9000000000003
2016-08-24 13:00:00,847.9000000000003
2016-08-24 14:00:00,845.4000000000003
2016-08-24 15:00:00,846.0000000000003
2016-08-24 16:00:00,846.0000000000003
2016-08-24 17:00:00,843.4000000000003
2016-08-24 18:00:00,839.1000000000004
2016-08-24 19:00:00,835.0000000000003
2016-08-24 20:00:00,835.1000000000004
2016-08-25 05:00:00,828.9000000000003
2016-08-25 13:00:00,832.4000000000003
2016-08-25 14:00:00,834.8000000000003
2016-08-25 15:00:00,834.7000000000003
2016-08-25 16:00:00,835.2000000000003
2016-08-25 17:00:00,831.6000000000004
2016-08-25 18:00:00,827.5000000000003
2016-08-25 19:00:00,828.9000000000003
2016-08-26 05:00:00,831.5000000000003
2016-08-26 13:00:00,830.8000000000003
2016-08-26 14:00:00,834.4000000000003
2016-08-26 15:00:00,831.0000000000003
2016-08-26 16:00:00,829.8000000000003
2016-08-26 17:00:00,828.7000000000003
2016-08-26 18:00:00,829.3000000000003
2016-08-26 19:00:00,831.5000000000003
2016-08-29 05:00:00,833.6000000000004
2016-08-29 13:00:00,831.2000000000003
2016-08-29 14:00:00,831.5000000000003
2016-08-29 16:00:00,834.3000000000003
2016-08-29 17:00:00,834.8000000000003
2016-08-29 19:00:00,833.6000000000004
2016-08-30 05:00:00,830.4000000000003
2016-08-30 13:00:00,833.2000000000003
2016-08-30 14:00:00,831.5000000000003
2016-08-30 15:00:00,831.2000000000003
2016-08-30 16:00:00,831.1000000000004
2016-08-30 17:00:00,830.6000000000004
2016-08-30 18:00:00,830.0000000000003
2016-08-30 19:00:00,830.2000000000003
2016-08-30 20:00:00,830.8000000000003
2016-08-31 05:00:00,828.8000000000003
2016-08-31 13:00:00,829.5000000000003
2016-08-31 17:00:00,826.8000000000003
2016-08-31 18:00:00,827.8000000000003
2016-08-31 19:00:00,828.8000000000003
2016-08-31 20:00:00,828.7000000000003
2016-09-01 05:00:00,826.7000000000003
2016-09-01 13:00:00,827.0000000000003
2016-09-01 14:00:00,825.2000000000003
2016-09-01 15:00:00,825.2000000000003
2016-09-01 16:00:00,825.7000000000003
2016-09-01 17:00:00,826.5000000000003
2016-09-01 18:00:00,825.1000000000004
2016-09-01 19:00:00,826.9000000000003
2016-09-02 05:00:00,827.1000000000004
2016-09-02 13:00:00,827.8000000000003
2016-09-02 14:00:00,828.4000000000003
2016-09-02 15:00:00,827.5000000000003
2016-09-02 16:00:00,827.5000000000003
2016-09-02 17:00:00,825.6000000000004
2016-09-02 18:00:00,826.6000000000004
2016-09-02 19:00:00,827.2000000000003
2016-09-02 20:00:00,827.0000000000003
2016-09-06 05:00:00,830.0000000000003
2016-09-06 13:00:00,829.7000000000003
2016-09-06 14:00:00,828.7000000000003
2016-09-06 15:00:00,830.7000000000003
2016-09-06 16:00:00,830.5000000000003
2016-09-06 17:00:00,829.6000000000004
2016-09-06 18:00:00,829.6000000000004
2016-09-06 19:00:00,829.8000000000003
2016-09-07 05:00:00,829.5000000000003
2016-09-07 13:00:00,831.8000000000003
2016-09-07 14:00:00,831.7000000000003
2016-09-07 15:00:00,829.6000000000004
2016-09-07 16:00:00,828.5000000000003
2016-09-07 17:00:00,828.0000000000003
2016-09-07 18:00:00,828.2000000000003
2016-09-07 19:00:00,828.8000000000003
2016-09-07 20:00:00,829.6000000000004
2016-09-08 05:00:00,830.6000000000004
2016-09-08 13:00:00,828.2000000000003
2016-09-08 14:00:00,829.8000000000003
2016-09-08 15:00:00,830.9000000000003
2016-09-08 16:00:00,830.2000000000003
2016-09-08 17:00:00,829.9000000000003
2016-09-08 18:00:00,829.8000000000003
2016-09-08 19:00:00,830.6000000000004
2016-09-09 05:00:00,815.7000000000003
2016-09-09 13:00:00,823.2000000000003
2016-09-09 14:00:00,823.0000000000003
2016-09-09 15:00:00,823.4000000000003
2016-09-09 16:00:00,822.5000000000003
2016-09-09 17:00:00,821.0000000000003
2016-09-09 18:00:00,820.0000000000003
2016-09-09 19:00:00,817.2000000000003
2016-09-12 05:00:00,826.7000000000003
2016-09-13 05:00:00,816.5000000000002
2016-09-14 05:00:00,815.5000000000002
2016-09-15 05:00:00,823.8000000000003
2016-09-16 05:00:00,824.1000000000003
2016-09-19 05:00:00,821.4000000000002
2016-09-19 13:00:00,826.5000000000002
2016-09-19 15:00:00,825.4000000000002
2016-09-19 16:00:00,823.3000000000003
2016-09-19 19:00:00,821.4000000000002
2016-09-20 05:00:00,824.5000000000002
2016-09-20 13:00:00,824.1000000000003
2016-09-20 15:00:00,825.3000000000003
2016-09-20 16:00:00,824.2000000000003
2016-09-20 17:00:00,824.1000000000003
2016-09-20 19:00:00,824.5000000000002
2016-09-21 05:00:00,831.4000000000002
2016-09-21 13:00:00,826.4000000000002
2016-09-21 14:00:00,825.1000000000003
2016-09-21 15:00:00,823.8000000000003
2016-09-21 16:00:00,823.2000000000003
2016-09-21 17:00:00,823.5000000000002
2016-09-21 18:00:00,827.4000000000002
2016-09-21 19:00:00,831.6000000000003
2016-09-21 20:00:00,831.6000000000003
2016-09-22 05:00:00,836.9000000000002
2016-09-22 13:00:00,834.6000000000003
2016-09-22 14:00:00,835.9000000000002
2016-09-22 15:00:00,835.3000000000003
2016-09-22 16:00:00,836.3000000000003
2016-09-22 18:00:00,836.4000000000002
2016-09-22 19:00:00,836.8000000000003
2016-09-22 20:00:00,836.7000000000003
2016-09-23 05:00:00,834.4000000000002
2016-09-23 13:00:00,836.9000000000002
2016-09-23 14:00:00,834.6000000000003
2016-09-23 15:00:00,835.1000000000003
2016-09-23 16:00:00,835.8000000000003
2016-09-23 17:00:00,835.0000000000002
2016-09-23 18:00:00,835.6000000000003
2016-09-23 19:00:00,834.3000000000003
2016-09-26 05:00:00,825.5000000000002
2016-09-26 13:00:00,827.3000000000003
2016-09-26 14:00:00,827.1000000000003
2016-09-26 16:00:00,826.5000000000002
2016-09-26 17:00:00,824.2000000000003
2016-09-26 18:00:00,825.6000000000003
2016-09-26 19:00:00,825.3000000000003
2016-09-27 05:00:00,830.8000000000003
2016-09-27 13:00:00,824.5000000000002
2016-09-27 14:00:00,827.4000000000002
2016-09-27 15:00:00,827.4000000000002
2016-09-27 16:00:00,828.4000000000002
2016-09-27 19:00:00,830.8000000000003
2016-09-28 05:00:00,829.9000000000002
2016-09-28 13:00:00,829.5000000000002
2016-09-28 14:00:00,829.2000000000003
2016-09-28 15:00:00,827.8000000000003
2016-09-28 17:00:00,828.1000000000003
2016-09-28 18:00:00,829.9000000000002
2016-09-28 19:00:00,830.1000000000003
2016-09-28 20:00:00,829.7000000000003
2016-09-29 05:00:00,816.7000000000003
2016-09-29 13:00:00,826.3000000000003
2016-09-29 14:00:00,824.0000000000002
2016-09-29 16:00:00,818.2000000000003
2016-09-29 17:00:00,815.6000000000003
2016-09-29 18:00:00,817.5000000000002
2016-09-29 19:00:00,818.1000000000003
2016-09-30 05:00:00,823.8000000000003
2016-09-30 13:00:00,818.7000000000003
2016-09-30 14:00:00,821.7000000000003
2016-09-30 15:00:00,823.3000000000003
2016-09-30 16:00:00,823.1000000000003
2016-09-30 17:00:00,823.9000000000002
2016-09-30 18:00:00,824.9000000000002
2016-09-30 19:00:00,825.5000000000002
2016-09-30 20:00:00,823.8000000000003
2016-10-03 05:00:00,822.8000000000003
2016-10-03 13:00:00,818.5000000000002
2016-10-03 14:00:00,818.7000000000003
2016-10-03 15:00:00,819.0000000000002
2016-10-03 20:00:00,822.6000000000003
2016-10-04 05:00:00,821.6000000000003
2016-10-04 13:00:00,824.6000000000003
2016-10-04 14:00:00,824.8000000000003
2016-10-04 15:00:00,823.4000000000002
2016-10-04 17:00:00,819.7000000000003
2016-10-04 19:00:00,821.8000000000003
2016-10-04 20:00:00,821.5000000000002
2016-10-05 05:00:00,824.1000000000003
2016-10-05 13:00:00,824.6000000000003
2016-10-05 14:00:00,823.5000000000002
2016-10-05 15:00:00,824.0000000000002
2016-10-05 16:00:00,823.7000000000003
2016-10-05 17:00:00,823.6000000000003
2016-10-05 18:00:00,824.6000000000003
2016-10-05 19:00:00,824.0000000000002
2016-10-05 20:00:00,824.1000000000003
2016-10-06 05:00:00,821.5000000000002
2016-10-06 13:00:00,819.0000000000002
2016-10-06 14:00:00,819.3000000000003
2016-10-06 15:00:00,820.6000000000003
2016-10-06 17:00:00,821.0000000000002
2016-10-06 18:00:00,819.9000000000002
2016-10-06 19:00:00,821.5000000000002
2016-10-06 20:00:00,821.7000000000003
2016-10-07 05:00:00,821.8000000000003
2016-10-07 13:00:00,820.7000000000003
2016-10-07 14:00:00,819.6000000000003
2016-10-07 15:00:00,818.6000000000003
2016-10-07 19:00:00,822.7000000000003
2016-10-10 05:00:00,824.8000000000003
2016-10-10 13:00:00,824.8000000000003
2016-10-10 14:00:00,825.5000000000002
2016-10-10 15:00:00,826.9000000000002
2016-10-10 16:00:00,825.2000000000003
2016-10-10 17:00:00,825.3000000000003
2016-10-10 18:00:00,825.4000000000002
2016-10-10 19:00:00,824.8000000000003
2016-10-10 20:00:00,824.8000000000003
2016-10-11 05:00:00,806.6000000000003
2016-10-11 13:00:00,815.7000000000003
2016-10-11 14:00:00,812.8000000000003
2016-10-11 15:00:00,810.7000000000003
2016-10-11 17:00:00,805.7000000000003
2016-10-11 18:00:00,805.5000000000002
2016-10-11 19:00:00,806.6000000000003
2016-10-11 20:00:00,806.5000000000002
2016-10-12 05:00:00,803.0000000000002
2016-10-12 13:00:00,808.6000000000003
2016-10-12 14:00:00,807.2000000000003
2016-10-12 15:00:00,804.7000000000003
2016-10-12 16:00:00,804.1000000000003
2016-10-12 17:00:00,804.1000000000003
2016-10-12 18:00:00,803.7000000000003
2016-10-12 20:00:00,803.1000000000003
2016-10-13 05:00:00,803.1000000000003
2016-10-13 13:00:00,800.1000000000003
2016-10-13 14:00:00,801.6000000000003
2016-10-13 15:00:00,801.8000000000003
2016-10-13 16:00:00,802.3000000000003
2016-10-13 18:00:00,805.6000000000003
2016-10-13 19:00:00,803.1000000000003
2016-10-13 20:00:00,803.1000000000003
2016-10-14 05:00:00,798.7000000000003
2016-10-14 13:00:00,805.5000000000002
2016-10-14 14:00:00,805.6000000000003
2016-10-14 17:00:00,802.1000000000003
2016-10-17 05:00:00,796.8000000000003
2016-10-17 13:00:00,795.5000000000002
2016-10-17 14:00:00,796.3000000000003
2016-10-17 15:00:00,797.4000000000002
2016-10-17 16:00:00,797.8000000000003
2016-10-17 17:00:00,796.9000000000002
2016-10-17 18:00:00,797.3000000000003
2016-10-17 20:00:00,797.1000000000003
2016-10-18 05:00:00,804.7000000000003
2016-10-18 13:00:00,803.7000000000003
2016-10-18 14:00:00,803.9000000000002
2016-10-18 15:00:00,805.2000000000003
2016-10-18 16:00:00,805.0000000000002
2016-10-18 18:00:00,805.2000000000003
2016-10-18 19:00:00,804.7000000000003
2016-10-19 05:00:00,802.1000000000003
2016-10-19 13:00:00,802.0000000000002
2016-10-19 14:00:00,804.4000000000002
2016-10-19 15:00:00,803.3000000000003
2016-10-19 19:00:00,802.1000000000003
2016-10-19 20:00:00,802.5000000000002
2016-10-20 05:00:00,805.7000000000003
2016-10-20 13:00:00,805.4000000000002
2016-10-20 15:00:00,803.3000000000003
2016-10-20 19:00:00,806.0000000000002
2016-10-20 20:00:00,805.6000000000003
2016-10-21 05:00:00,799.4000000000002
2016-10-21 13:00:00,799.6000000000003
2016-10-21 14:00:00,799.1000000000003
2016-10-21 16:00:00,798.8000000000003
2016-10-21 17:00:00,799.2000000000003
2016-10-21 18:00:00,799.1000000000003
2016-10-21 19:00:00,799.4000000000002
2016-10-24 05:00:00,798.5000000000002
2016-10-24 13:00:00,800.3000000000003
2016-10-24 14:00:00,801.3000000000003
2016-10-24 15:00:00,800.5000000000002
2016-10-24 16:00:00,800.4000000000002
2016-10-24 17:00:00,800.1000000000003
2016-10-24 18:00:00,798.9000000000002
2016-10-25 05:00:00,796.2000000000003
2016-10-25 13:00:00,797.1000000000003
2016-10-25 14:00:00,796.5000000000002
2016-10-25 15:00:00,797.1000000000003
2016-10-25 16:00:00,797.1000000000003
2016-10-25 17:00:00,796.7000000000003
2016-10-26 05:00:00,791.5000000000002
2016-10-26 13:00:00,794.4000000000002
2016-10-26 14:00:00,794.2000000000003
2016-10-26 15:00:00,794.9000000000002
2016-10-26 16:00:00,792.4000000000002
2016-10-26 17:00:00,790.3000000000003
2016-10-26 18:00:00,790.7000000000003
2016-10-26 19:00:00,791.5000000000002
2016-10-26 20:00:00,792.1000000000003
2016-10-27 05:00:00,795.4000000000002
2016-10-27 13:00:00,796.3000000000003
2016-10-27 14:00:00,794.6000000000003
2016-10-27 15:00:00,798.5000000000002
2016-10-27 16:00:00,797.8000000000003
2016-10-27 17:00:00,796.6000000000003
2016-10-27 18:00:00,796.3000000000003
2016-10-27 19:00:00,795.4000000000002
2016-10-28 05:00:00,779.8000000000003
2016-10-28 13:00:00,784.2000000000003
2016-10-28 14:00:00,784.5000000000002
2016-10-28 15:00:00,781.1000000000003
2016-10-28 16:00:00,782.0000000000002
2016-10-28 17:00:00,779.8000000000003
2016-10-28 18:00:00,779.6000000000003
2016-10-28 19:00:00,779.7000000000003
2016-10-28 20:00:00,780.7000000000003
2016-10-31 05:00:00,776.0000000000002
2016-10-31 13:00:00,777.2000000000003
2016-10-31 14:00:00,777.8000000000003
2016-10-31 15:00:00,779.0000000000002
2016-10-31 17:00:00,776.4000000000002
2016-10-31 18:00:00,776.2000000000003
2016-10-31 19:00:00,776.5000000000002
2016-10-31 20:00:00,776.2000000000003
2016-11-01 05:00:00,773.0000000000002
2016-11-01 13:00:00,776.2000000000003
2016-11-01 14:00:00,775.3000000000003
2016-11-01 15:00:00,773.8000000000003
2016-11-01 16:00:00,772.2000000000003
2016-11-01 17:00:00,769.9000000000002
2016-11-01 18:00:00,769.7000000000003
2016-11-01 19:00:00,772.9000000000002
2016-11-02 05:00:00,769.6000000000003
2016-11-02 13:00:00,773.9000000000002
2016-11-02 14:00:00,772.5000000000002
2016-11-02 15:00:00,773.1000000000003
2016-11-02 16:00:00,772.7000000000003
2016-11-02 17:00:00,771.6000000000003
2016-11-02 18:00:00,772.0000000000002
2016-11-02 19:00:00,769.6000000000003
2016-11-02 20:00:00,769.1000000000003
2016-11-03 05:00:00,762.6000000000003
2016-11-03 13:00:00,772.3000000000003
2016-11-03 14:00:00,770.7000000000003
2016-11-03 15:00:00,770.1000000000003
2016-11-03 16:00:00,767.4000000000002
2016-11-03 17:00:00,768.4000000000002
2016-11-03 18:00:00,765.7000000000003
2016-11-03 19:00:00,762.6000000000003
2016-11-03 20:00:00,762.8000000000003
2016-11-04 05:00:00,767.7000000000003
2016-11-04 13:00:00,768.9000000000002
2016-11-04 14:00:00,769.4000000000002
2016-11-04 15:00:00,769.6000000000003
2016-11-04 16:00:00,769.6000000000003
2016-11-04 18:00:00,769.7000000000003
2016-11-04 19:00:00,767.7000000000003
2016-11-04 20:00:00,768.1000000000003
2016-11-07 06:00:00,783.8000000000003
2016-11-07 14:00:00,779.1000000000003
2016-11-07 15:00:00,782.0000000000002
2016-11-07 16:00:00,783.8000000000003
2016-11-07 17:00:00,783.6000000000003
2016-11-07 18:00:00,784.0000000000002
2016-11-07 19:00:00,782.6000000000003
2016-11-07 20:00:00,783.8000000000003
2016-11-07 21:00:00,784.1000000000003
2016-11-08 06:00:00,785.8000000000003
2016-11-08 14:00:00,779.4000000000002
2016-11-08 15:00:00,782.1000000000003
2016-11-08 16:00:00,788.0000000000002
2016-11-08 17:00:00,788.9000000000002
2016-11-08 18:00:00,787.2000000000003
2016-11-08 19:00:00,785.6000000000003
2016-11-08 20:00:00,785.8000000000003
2016-11-08 21:00:00,786.2000000000003
2016-11-09 06:00:00,809.2000000000003
2016-11-09 08:00:00,791.6000000000003
2016-11-09 09:00:00,795.6000000000003
2016-11-09 10:00:00,795.6000000000003
2016-11-09 12:00:00,808.7000000000003
2016-11-09 13:00:00,807.1000000000003
2016-11-09 14:00:00,805.2000000000003
2016-11-09 15:00:00,802.5000000000002
2016-11-09 16:00:00,807.4000000000002
2016-11-09 17:00:00,806.1000000000003
2016-11-09 18:00:00,808.5000000000002
2016-11-09 19:00:00,811.0000000000002
2016-11-09 20:00:00,809.1000000000003
2016-11-09 21:00:00,810.3000000000003
2016-11-10 06:00:00,818.3000000000003
2016-11-10 14:00:00,818.2000000000003
2016-11-10 15:00:00,816.9000000000002
2016-11-10 16:00:00,816.7000000000003
2016-11-10 17:00:00,816.9000000000002
2016-11-10 18:00:00,818.0000000000002
2016-11-10 19:00:00,819.8000000000003
2016-11-10 20:00:00,818.3000000000003
2016-11-10 21:00:00,818.7000000000003
2016-11-11 06:00:00,807.1000000000003
2016-11-11 14:00:00,810.1000000000003
2016-11-11 15:00:00,804.9000000000002
2016-11-11 16:00:00,807.0000000000002
2016-11-11 17:00:00,807.7000000000003
2016-11-11 18:00:00,808.2000000000003
2016-11-11 19:00:00,806.6000000000003
2016-11-11 20:00:00,807.2000000000003
2016-11-11 21:00:00,807.7000000000003
2016-11-14 06:00:00,805.7000000000003
2016-11-14 13:00:00,807.1000000000003
2016-11-14 14:00:00,806.5000000000002
2016-11-14 15:00:00,807.0000000000002
2016-11-14 16:00:00,808.3000000000003
2016-11-14 17:00:00,807.1000000000003
2016-11-14 18:00:00,804.6000000000003
2016-11-14 19:00:00,805.4000000000002
2016-11-14 20:00:00,805.8000000000003
2016-11-14 21:00:00,805.2000000000003
2016-11-15 06:00:00,807.3000000000003
2016-11-15 14:00:00,801.2000000000003
2016-11-15 15:00:00,803.6000000000003
2016-11-15 16:00:00,804.6000000000003
2016-11-15 17:00:00,804.5000000000002
2016-11-15 18:00:00,804.3000000000003
2016-11-15 19:00:00,806.1000000000003
2016-11-15 20:00:00,807.3000000000003
2016-11-16 06:00:00,803.9000000000002
2016-11-16 14:00:00,806.2000000000003
2016-11-16 15:00:00,806.6000000000003
2016-11-16 16:00:00,805.9000000000002
2016-11-16 17:00:00,804.5000000000002
2016-11-16 20:00:00,803.9000000000002
2016-11-17 06:00:00,806.7000000000003
2016-11-17 14:00:00,803.3000000000003
2016-11-17 15:00:00,804.7000000000003
2016-11-17 16:00:00,805.8000000000003
2016-11-17 17:00:00,805.5000000000002
2016-11-17 18:00:00,805.2000000000003
2016-11-17 19:00:00,805.4000000000002
2016-11-17 20:00:00,806.5000000000002
2016-11-18 06:00:00,799.2000000000003
2016-11-18 14:00:00,803.7000000000003
2016-11-18 15:00:00,801.6000000000003
2016-11-18 16:00:00,800.0000000000002
2016-11-18 17:00:00,800.8000000000003
2016-11-18 18:00:00,800.6000000000003
2016-11-18 19:00:00,799.0000000000002
2016-11-18 20:00:00,799.2000000000003
2016-11-21 06:00:00,801.3000000000003
2016-11-21 14:00:00,801.5000000000002
2016-11-21 15:00:00,800.3000000000003
2016-11-21 16:00:00,800.4000000000002
2016-11-21 18:00:00,801.8000000000003
2016-11-21 19:00:00,800.8000000000003
2016-11-21 20:00:00,801.2000000000003
2016-11-22 06:00:00,792.0000000000002
2016-11-22 14:00:00,796.3000000000003
2016-11-22 15:00:00,790.8000000000003
2016-11-22 16:00:00,787.8000000000003
2016-11-22 17:00:00,790.3000000000003
2016-11-22 18:00:00,790.2000000000003
2016-11-22 19:00:00,790.2000000000003
2016-11-22 20:00:00,791.8000000000003
2016-11-22 21:00:00,791.6000000000003
2016-11-23 06:00:00,794.2000000000003
2016-11-23 14:00:00,786.6000000000003
2016-11-23 15:00:00,788.2000000000003
2016-11-23 16:00:00,788.2000000000003
2016-11-23 17:00:00,790.7000000000003
2016-11-23 18:00:00,791.3000000000003
2016-11-23 19:00:00,792.5000000000002
2016-11-23 20:00:00,794.2000000000003
2016-11-25 06:00:00,796.6000000000003
2016-11-25 14:00:00,795.0000000000002
2016-11-25 15:00:00,795.7000000000003
2016-11-25 16:00:00,796.9000000000002
2016-11-28 06:00:00,791.3000000000003
2016-11-28 14:00:00,792.9000000000002
2016-11-28 15:00:00,791.3000000000003
2016-11-28 16:00:00,791.5000000000002
2016-11-28 17:00:00,792.7000000000003
2016-11-28 18:00:00,792.2000000000003
2016-11-28 19:00:00,791.7000000000003
2016-11-28 20:00:00,791.0000000000002
2016-11-28 21:00:00,791.5000000000002
2016-11-29 06:00:00,795.6000000000003
2016-11-29 14:00:00,794.4000000000002
2016-11-29 15:00:00,795.7000000000003
2016-11-29 16:00:00,796.6000000000003
2016-11-29 17:00:00,797.2000000000003
2016-11-29 18:00:00,796.5000000000002
2016-11-29 19:00:00,796.6000000000003
2016-11-29 20:00:00,795.6000000000003
2016-11-30 06:00:00,789.7000000000003
2016-11-30 14:00:00,792.6000000000003
2016-11-30 15:00:00,792.6000000000003
2016-11-30 16:00:00,791.7000000000003
2016-11-30 17:00:00,791.0000000000002
2016-11-30 18:00:00,792.2000000000003
2016-11-30 19:00:00,790.0000000000002
2016-11-30 20:00:00,789.7000000000003
2016-12-01 06:00:00,784.3000000000003
2016-12-01 14:00:00,788.6000000000003
2016-12-01 15:00:00,785.4000000000002
2016-12-01 16:00:00,785.7000000000003
2016-12-01 17:00:00,784.9000000000002
2016-12-01 18:00:00,783.7000000000003
2016-12-01 19:00:00,784.2000000000003
2016-12-01 20:00:00,784.3000000000003
2016-12-01 21:00:00,784.3000000000003
2016-12-02 06:00:00,785.9000000000002
2016-12-02 14:00:00,786.8000000000003
2016-12-02 15:00:00,787.4000000000002
2016-12-02 16:00:00,787.9000000000002
2016-12-02 17:00:00,788.0000000000002
2016-12-02 18:00:00,787.0000000000002
2016-12-02 20:00:00,785.8000000000003
2016-12-05 06:00:00,785.1000000000003
2016-12-05 14:00:00,788.2000000000003
2016-12-05 15:00:00,788.4000000000002
2016-12-05 17:00:00,785.0000000000002
2016-12-05 18:00:00,783.3000000000003
2016-12-05 19:00:00,783.6000000000003
2016-12-05 20:00:00,785.1000000000003
2016-12-06 06:00:00,786.4000000000002
2016-12-06 14:00:00,784.5000000000002
2016-12-06 15:00:00,783.9000000000002
2016-12-06 16:00:00,784.0000000000002
2016-12-06 17:00:00,785.5000000000002
2016-12-06 18:00:00,786.3000000000003
2016-12-06 19:00:00,786.3000000000003
2016-12-06 20:00:00,786.4000000000002
2016-12-07 06:00:00,780.7000000000003
2016-12-07 13:00:00,786.6000000000003
2016-12-07 14:00:00,773.5000000000002
2016-12-07 15:00:00,773.5000000000002
2016-12-07 16:00:00,775.6000000000003
2016-12-07 17:00:00,776.0000000000002
2016-12-07 18:00:00,778.3000000000003
2016-12-07 19:00:00,779.6000000000003
2016-12-07 20:00:00,780.7000000000003
2016-12-07 21:00:00,781.1000000000003
2016-12-08 06:00:00,782.2000000000003
2016-12-08 14:00:00,776.5000000000002
2016-12-08 15:00:00,778.8000000000003
2016-12-08 16:00:00,779.1000000000003
2016-12-08 17:00:00,780.8000000000003
2016-12-08 18:00:00,781.4000000000002
2016-12-08 19:00:00,781.6000000000003
2016-12-08 20:00:00,781.9000000000002
2016-12-09 06:00:00,790.3000000000003
2016-12-09 14:00:00,790.1000000000003
2016-12-09 15:00:00,789.7000000000003
2016-12-09 16:00:00,789.7000000000003
2016-12-09 17:00:00,789.7000000000003
2016-12-09 18:00:00,789.9000000000002
2016-12-09 19:00:00,789.8000000000003
2016-12-09 20:00:00,790.0000000000002
2016-12-09 21:00:00,790.6000000000003
2016-12-12 06:00:00,793.8000000000003
2016-12-12 14:00:00,794.4000000000003
2016-12-12 15:00:00,792.7000000000003
2016-12-12 16:00:00,793.4000000000003
2016-12-12 17:00:00,793.5000000000003
2016-12-12 19:00:00,794.0000000000003
2016-12-12 20:00:00,794.3000000000003
2016-12-13 06:00:00,799.3000000000003
2016-12-13 14:00:00,799.5000000000003
2016-12-13 15:00:00,797.6000000000003
2016-12-13 16:00:00,799.5000000000003
2016-12-13 18:00:00,800.3000000000003
2016-12-13 19:00:00,798.9000000000003
2016-12-13 20:00:00,799.3000000000003
2016-12-13 21:00:00,799.4000000000003
2016-12-14 06:00:00,796.1000000000003
2016-12-14 14:00:00,802.0000000000003
2016-12-14 15:00:00,797.3000000000003
2016-12-14 16:00:00,797.1000000000003
2016-12-14 17:00:00,797.4000000000003
2016-12-14 18:00:00,798.6000000000003
2016-12-14 19:00:00,795.8000000000003
2016-12-14 20:00:00,796.1000000000003
2016-12-14 21:00:00,796.4000000000003
2016-12-15 06:00:00,799.8000000000003
2016-12-15 14:00:00,798.3000000000003
2016-12-15 15:00:00,798.8000000000003
2016-12-15 18:00:00,797.4000000000003
2016-12-15 19:00:00,799.7000000000003
2016-12-15 20:00:00,799.8000000000003
2016-12-16 06:00:00,801.0000000000003
2016-12-16 14:00:00,803.1000000000003
2016-12-16 15:00:00,802.6000000000003
2016-12-16 16:00:00,800.2000000000003
2016-12-16 17:00:00,799.7000000000003
2016-12-16 18:00:00,800.0000000000003
2016-12-16 19:00:00,800.1000000000003
2016-12-16 20:00:00,800.5000000000003
2016-12-16 21:00:00,801.7000000000003
2016-12-19 06:00:00,797.8000000000003
2016-12-19 14:00:00,802.7000000000003
2016-12-19 15:00:00,802.3000000000003
2016-12-19 16:00:00,802.5000000000003
2016-12-19 17:00:00,801.8000000000003
2016-12-19 20:00:00,797.8000000000003
2016-12-19 21:00:00,797.4000000000003
2016-12-20 06:00:00,797.1000000000003
2016-12-20 14:00:00,799.0000000000003
2016-12-20 15:00:00,797.3000000000003
2016-12-20 16:00:00,796.9000000000003
2016-12-20 18:00:00,796.1000000000003
2016-12-20 19:00:00,796.4000000000003
2016-12-20 20:00:00,797.1000000000003
2016-12-21 06:00:00,793.2000000000003
2016-12-21 14:00:00,795.3000000000003
2016-12-21 15:00:00,794.9000000000003
2016-12-21 18:00:00,794.2000000000003
2016-12-21 19:00:00,795.0000000000003
2016-12-21 20:00:00,793.2000000000003
2016-12-22 06:00:00,794.2000000000003
2016-12-22 14:00:00,791.3000000000003
2016-12-22 15:00:00,791.8000000000003
2016-12-22 16:00:00,793.1000000000003
2016-12-22 17:00:00,793.8000000000003
2016-12-22 18:00:00,793.3000000000003
2016-12-22 20:00:00,794.2000000000003
2016-12-23 06:00:00,799.3000000000003
2016-12-23 14:00:00,796.5000000000003
2016-12-23 15:00:00,797.4000000000003
2016-12-23 16:00:00,797.6000000000003
2016-12-23 17:00:00,798.3000000000003
2016-12-23 19:00:00,799.3000000000003
2016-12-23 21:00:00,799.7000000000003
2016-12-27 06:00:00,800.0000000000003
2016-12-27 14:00:00,801.1000000000003
2016-12-27 16:00:00,802.2000000000003
2016-12-27 17:00:00,801.8000000000003
2016-12-27 18:00:00,801.8000000000003
2016-12-27 19:00:00,801.1000000000003
2016-12-27 20:00:00,800.0000000000003
2016-12-28 06:00:00,795.5000000000003
2016-12-28 14:00:00,798.6000000000003
2016-12-28 15:00:00,798.9000000000003
2016-12-28 17:00:00,795.8000000000003
2016-12-28 18:00:00,796.2000000000003
2016-12-28 19:00:00,795.8000000000003
2016-12-28 20:00:00,795.6000000000003
2016-12-29 06:00:00,796.3000000000003
2016-12-29 14:00:00,796.7000000000003
2016-12-29 15:00:00,797.0000000000003
2016-12-29 16:00:00,796.9000000000003
2016-12-29 17:00:00,796.8000000000003
2016-12-29 18:00:00,795.8000000000003
2016-12-29 20:00:00,796.3000000000003
2016-12-30 06:00:00,794.1000000000003
2016-12-30 14:00:00,796.3000000000003
2016-12-30 15:00:00,795.0000000000003
2016-12-30 19:00:00,793.0000000000003
2016-12-30 20:00:00,794.0000000000003
2016-12-30 21:00:00,793.9000000000003
2017-01-03 06:00:00,802.7000000000003
2017-01-03 14:00:00,797.1000000000003
2017-01-03 15:00:00,799.8000000000003
2017-01-03 16:00:00,798.2000000000003
2017-01-03 17:00:00,800.3000000000003
2017-01-03 18:00:00,801.5000000000003
2017-01-03 19:00:00,800.8000000000003
2017-01-03 20:00:00,802.8000000000003
2017-01-04 06:00:00,808.0000000000003
2017-01-04 14:00:00,806.7000000000003
2017-01-04 15:00:00,805.8000000000003
2017-01-04 16:00:00,805.5000000000003
2017-01-04 18:00:00,807.8000000000003
2017-01-04 19:00:00,808.1000000000003
2017-01-04 20:00:00,808.1000000000003
2017-01-05 06:00:00,811.8000000000003
2017-01-05 14:00:00,807.4000000000003
2017-01-05 15:00:00,807.5000000000003
2017-01-05 16:00:00,809.8000000000003
2017-01-05 17:00:00,809.8000000000003
2017-01-05 18:00:00,810.8000000000003
2017-01-05 19:00:00,810.7000000000003
2017-01-05 20:00:00,811.8000000000003
2017-01-05 21:00:00,811.6000000000003
2017-01-06 06:00:00,813.7000000000003
2017-01-06 14:00:00,810.2000000000003
2017-01-06 15:00:00,810.6000000000003
2017-01-06 16:00:00,812.6000000000003
2017-01-06 17:00:00,815.1000000000003
2017-01-06 18:00:00,814.6000000000003
2017-01-06 19:00:00,814.2000000000003
2017-01-06 20:00:00,814.0000000000003
2017-01-09 06:00:00,817.1000000000003
2017-01-09 15:00:00,815.3000000000003
2017-01-09 17:00:00,816.4000000000003
2017-01-09 18:00:00,817.1000000000003
2017-01-09 19:00:00,817.3000000000003
2017-01-09 20:00:00,817.1000000000003
2017-01-10 06:00:00,819.6000000000003
2017-01-10 14:00:00,818.2000000000003
2017-01-10 15:00:00,818.5000000000003
2017-01-10 17:00:00,822.3000000000003
2017-01-10 18:00:00,821.8000000000003
2017-01-10 19:00:00,821.8000000000003
2017-01-10 20:00:00,819.6000000000003
2017-01-10 21:00:00,818.8000000000003
2017-01-11 06:00:00,812.0000000000003
2017-01-11 14:00:00,821.1000000000003
2017-01-11 15:00:00,819.8000000000003
2017-01-11 16:00:00,812.0000000000003
2017-01-11 17:00:00,807.3000000000003
2017-01-11 18:00:00,809.8000000000003
2017-01-11 19:00:00,809.6000000000003
2017-01-11 20:00:00,812.0000000000003
2017-01-12 06:00:00,813.2000000000003
2017-01-12 14:00:00,810.1000000000003
2017-01-12 15:00:00,809.9000000000003
2017-01-12 16:00:00,809.4000000000003
2017-01-12 17:00:00,811.2000000000003
2017-01-12 18:00:00,812.7000000000003
2017-01-12 19:00:00,813.2000000000003
2017-01-12 20:00:00,813.2000000000003
2017-01-12 21:00:00,812.1000000000003
2017-01-13 06:00:00,813.3000000000003
2017-01-13 14:00:00,812.4000000000003
2017-01-13 15:00:00,814.4000000000003
2017-01-13 16:00:00,815.8000000000003
2017-01-13 17:00:00,815.3000000000003
2017-01-13 18:00:00,815.8000000000003
2017-01-13 19:00:00,814.1000000000003
2017-01-13 20:00:00,813.8000000000003
2017-01-17 06:00:00,810.0000000000003
2017-01-17 14:00:00,806.8000000000003
2017-01-17 15:00:00,808.6000000000003
2017-01-17 16:00:00,808.4000000000003
2017-01-17 17:00:00,808.2000000000003
2017-01-17 18:00:00,810.7000000000003
2017-01-17 19:00:00,809.3000000000003
2017-01-17 20:00:00,810.0000000000003
2017-01-18 06:00:00,809.4000000000003
2017-01-18 14:00:00,808.6000000000003
2017-01-18 15:00:00,809.2000000000003
2017-01-18 16:00:00,809.0000000000003
2017-01-18 18:00:00,808.3000000000003
2017-01-18 19:00:00,808.0000000000003
2017-01-18 20:00:00,809.4000000000003
2017-01-19 06:00:00,805.1000000000003
2017-01-19 14:00:00,806.4000000000003
2017-01-19 15:00:00,806.3000000000003
2017-01-19 16:00:00,806.7000000000003
2017-01-19 17:00:00,806.2000000000003
2017-01-19 18:00:00,805.9000000000003
2017-01-19 19:00:00,805.1000000000003
2017-01-19 20:00:00,804.7000000000003
2017-01-19 21:00:00,805.1000000000003
2017-01-20 06:00:00,802.6000000000003
2017-01-20 14:00:00,807.4000000000003
2017-01-20 15:00:00,805.8000000000003
2017-01-20 16:00:00,805.2000000000003
2017-01-20 17:00:00,802.6000000000003
2017-01-20 18:00:00,803.1000000000003
2017-01-20 19:00:00,803.1000000000003
2017-01-20 20:00:00,802.2000000000003
2017-01-23 06:00:00,799.9000000000003
2017-01-23 14:00:00,802.2000000000003
2017-01-23 15:00:00,799.2000000000003
2017-01-23 16:00:00,798.4000000000003
2017-01-23 17:00:00,799.6000000000003
2017-01-23 18:00:00,800.1000000000003
2017-01-23 19:00:00,800.0000000000003
2017-01-23 20:00:00,799.9000000000003
2017-01-23 21:00:00,799.8000000000003
2017-01-24 06:00:00,795.0000000000003
2017-01-24 14:00:00,793.5000000000003
2017-01-24 15:00:00,792.4000000000003
2017-01-24 16:00:00,793.0000000000003
2017-01-24 17:00:00,793.7000000000003
2017-01-24 18:00:00,795.4000000000003
2017-01-24 19:00:00,795.6000000000003
2017-01-24 20:00:00,795.0000000000003
2017-01-25 06:00:00,801.3000000000003
2017-01-25 14:00:00,797.3000000000003
2017-01-25 15:00:00,798.5000000000003
2017-01-25 17:00:00,800.3000000000003
2017-01-25 18:00:00,800.8000000000003
2017-01-25 20:00:00,801.4000000000003
2017-01-26 06:00:00,796.2000000000003
2017-01-26 14:00:00,799.5000000000003
2017-01-26 15:00:00,798.3000000000003
2017-01-26 16:00:00,799.7000000000003
2017-01-26 17:00:00,798.9000000000003
2017-01-26 18:00:00,798.5000000000003
2017-01-26 19:00:00,798.2000000000003
2017-01-26 20:00:00,796.9000000000003
2017-01-27 06:00:00,801.6000000000003
2017-01-27 14:00:00,801.4000000000003
2017-01-27 15:00:00,799.2000000000003
2017-01-27 16:00:00,800.7000000000003
2017-01-27 17:00:00,801.3000000000003
2017-01-27 18:00:00,801.6000000000003
2017-01-27 19:00:00,801.4000000000003
2017-01-27 20:00:00,801.2000000000003
2017-01-30 06:00:00,798.5000000000003
2017-01-30 14:00:00,798.7000000000003
2017-01-30 15:00:00,796.0000000000003
2017-01-30 17:00:00,796.8000000000003
2017-01-30 20:00:00,798.7000000000003
2017-01-31 06:00:00,808.5000000000003
2017-01-31 14:00:00,801.6000000000003
2017-01-31 15:00:00,802.7000000000003
2017-01-31 16:00:00,801.4000000000003
2017-01-31 17:00:00,803.0000000000003
2017-01-31 18:00:00,803.1000000000003
2017-01-31 19:00:00,805.5000000000003
2017-01-31 20:00:00,808.5000000000003
2017-02-01 06:00:00,814.1000000000003
2017-02-01 14:00:00,811.0000000000003
2017-02-01 15:00:00,809.5000000000003
2017-02-01 16:00:00,809.3000000000003
2017-02-01 17:00:00,810.0000000000003
2017-02-01 18:00:00,809.2000000000003
2017-02-01 19:00:00,809.8000000000003
2017-02-01 20:00:00,814.1000000000003
2017-02-01 21:00:00,814.1000000000003
2017-02-02 06:00:00,814.9000000000003
2017-02-02 14:00:00,813.9000000000003
2017-02-02 15:00:00,812.0000000000003
2017-02-02 16:00:00,813.2000000000003
2017-02-02 17:00:00,811.8000000000003
2017-02-02 19:00:00,811.9000000000003
2017-02-02 20:00:00,814.9000000000003
2017-02-02 21:00:00,815.5000000000003
2017-02-03 06:00:00,818.5000000000003
2017-02-03 14:00:00,814.8000000000003
2017-02-03 15:00:00,817.5000000000003
2017-02-03 16:00:00,816.0000000000003
2017-02-03 17:00:00,817.4000000000003
2017-02-03 18:00:00,817.3000000000003
2017-02-03 19:00:00,817.0000000000003
2017-02-03 20:00:00,818.5000000000003
2017-02-06 06:00:00,818.6000000000003
2017-02-06 14:00:00,816.7000000000003
2017-02-06 15:00:00,817.1000000000003
2017-02-06 16:00:00,816.9000000000003
2017-02-06 17:00:00,816.7000000000003
2017-02-06 18:00:00,816.8000000000003
2017-02-06 19:00:00,817.3000000000003
2017-02-06 20:00:00,818.5000000000003
2017-02-06 21:00:00,818.1000000000003
2017-02-07 06:00:00,819.2000000000003
2017-02-07 14:00:00,820.6000000000003
2017-02-07 15:00:00,821.1000000000003
2017-02-07 16:00:00,820.1000000000003
2017-02-07 17:00:00,819.3000000000003
2017-02-07 18:00:00,819.4000000000003
2017-02-07 19:00:00,819.1000000000003
2017-02-07 20:00:00,819.2000000000003
2017-02-07 21:00:00,818.1000000000003
2017-02-08 06:00:00,818.0000000000003
2017-02-08 14:00:00,816.8000000000003
2017-02-08 15:00:00,816.6000000000003
2017-02-08 16:00:00,817.8000000000003
2017-02-08 17:00:00,817.0000000000003
2017-02-08 18:00:00,817.8000000000003
2017-02-08 19:00:00,818.7000000000003
2017-02-08 20:00:00,818.0000000000003
2017-02-09 06:00:00,821.4000000000003
2017-02-09 14:00:00,820.0000000000003
2017-02-09 15:00:00,821.0000000000003
2017-02-09 16:00:00,821.4000000000003
2017-02-09 17:00:00,822.1000000000003
2017-02-09 19:00:00,823.0000000000003
2017-02-09 20:00:00,821.8000000000003
2017-02-10 06:00:00,822.4000000000003
2017-02-10 14:00:00,822.1000000000003
2017-02-10 15:00:00,821.6000000000003
2017-02-10 17:00:00,822.5000000000003
2017-02-10 18:00:00,823.3000000000003
2017-02-10 19:00:00,823.5000000000003
2017-02-10 20:00:00,822.3000000000003
2017-02-13 06:00:00,827.0000000000003
2017-02-13 14:00:00,824.8000000000003
2017-02-13 15:00:00,825.8000000000003
2017-02-13 17:00:00,826.5000000000003
2017-02-13 18:00:00,826.9000000000003
2017-02-13 19:00:00,827.0000000000003
2017-02-13 20:00:00,827.1000000000003
2017-02-14 06:00:00,832.7000000000003
2017-02-14 14:00:00,827.7000000000003
2017-02-14 15:00:00,827.3000000000003
2017-02-14 16:00:00,827.0000000000003
2017-02-14 17:00:00,829.1000000000003
2017-02-14 19:00:00,831.9000000000003
2017-02-14 20:00:00,832.7000000000003
2017-02-14 21:00:00,832.7000000000003
2017-02-15 06:00:00,840.6000000000003
2017-02-15 13:00:00,832.7000000000003
2017-02-15 14:00:00,832.9000000000003
2017-02-15 15:00:00,835.0000000000003
2017-02-15 16:00:00,835.7000000000003
2017-02-15 17:00:00,836.6000000000003
2017-02-15 18:00:00,837.2000000000003
2017-02-15 19:00:00,840.1000000000003
2017-02-15 20:00:00,840.5000000000003
2017-02-15 21:00:00,842.0000000000003
2017-02-16 06:00:00,839.9000000000003
2017-02-16 14:00:00,837.3000000000003
2017-02-16 15:00:00,836.5000000000003
2017-02-16 16:00:00,838.5000000000003
2017-02-16 17:00:00,839.7000000000003
2017-02-16 18:00:00,839.7000000000003
2017-02-16 19:00:00,839.1000000000003
2017-02-16 20:00:00,839.9000000000003
2017-02-17 06:00:00,840.5000000000003
2017-02-17 14:00:00,838.7000000000003
2017-02-17 15:00:00,838.2000000000003
2017-02-17 16:00:00,838.0000000000003
2017-02-17 17:00:00,838.8000000000003
2017-02-17 18:00:00,838.6000000000003
2017-02-17 19:00:00,839.1000000000003
2017-02-17 20:00:00,839.0000000000003
2017-02-21 06:00:00,844.2000000000003
2017-02-21 14:00:00,843.5000000000003
2017-02-21 15:00:00,843.2000000000003
2017-02-21 16:00:00,842.4000000000003
2017-02-21 17:00:00,843.1000000000003
2017-02-21 18:00:00,842.7000000000003
2017-02-21 19:00:00,843.3000000000003
2017-02-21 20:00:00,844.3000000000003
2017-02-22 06:00:00,842.8000000000003
2017-02-22 14:00:00,843.8000000000003
2017-02-22 15:00:00,843.3000000000003
2017-02-22 16:00:00,844.2000000000003
2017-02-22 17:00:00,844.9000000000003
2017-02-22 18:00:00,844.3000000000003
2017-02-22 19:00:00,843.6000000000003
2017-02-22 20:00:00,842.9000000000003
2017-02-22 21:00:00,843.2000000000003
2017-02-23 06:00:00,848.1000000000003
2017-02-23 14:00:00,844.1000000000003
2017-02-23 15:00:00,844.1000000000003
2017-02-23 16:00:00,846.0000000000003
2017-02-23 17:00:00,846.9000000000003
2017-02-23 18:00:00,848.2000000000003
2017-02-23 19:00:00,848.6000000000003
2017-02-23 20:00:00,848.0000000000003
2017-02-24 06:00:00,851.8000000000003
2017-02-24 14:00:00,848.5000000000003
2017-02-24 15:00:00,848.4000000000003
2017-02-24 16:00:00,848.6000000000003
2017-02-24 17:00:00,849.2000000000003
2017-02-24 18:00:00,849.3000000000003
2017-02-24 19:00:00,849.4000000000003
2017-02-24 20:00:00,849.8000000000003
2017-02-27 06:00:00,855.1000000000003
2017-02-27 14:00:00,852.9000000000003
2017-02-27 15:00:00,852.9000000000003
2017-02-27 16:00:00,852.6000000000003
2017-02-27 17:00:00,852.2000000000003
2017-02-27 18:00:00,853.0000000000003
2017-02-27 19:00:00,854.6000000000003
2017-02-27 20:00:00,854.9000000000003
2017-02-28 06:00:00,853.4000000000003
2017-02-28 14:00:00,853.9000000000003
2017-02-28 15:00:00,854.8000000000003
2017-02-28 16:00:00,855.3000000000003
2017-02-28 17:00:00,852.8000000000003
2017-02-28 18:00:00,853.9000000000003
2017-02-28 19:00:00,854.2000000000003
2017-02-28 20:00:00,853.2000000000003
2017-02-28 21:00:00,853.3000000000003
2017-03-01 06:00:00,861.1000000000003
2017-03-01 14:00:00,857.9000000000003
2017-03-01 15:00:00,858.5000000000003
2017-03-01 16:00:00,860.9000000000003
2017-03-01 17:00:00,862.1000000000003
2017-03-01 18:00:00,861.7000000000003
2017-03-01 19:00:00,862.8000000000003
2017-03-01 20:00:00,861.0000000000003
2017-03-02 06:00:00,859.1000000000003
2017-03-02 14:00:00,859.7000000000003
2017-03-02 15:00:00,860.6000000000003
2017-03-02 16:00:00,861.5000000000003
2017-03-02 17:00:00,861.2000000000003
2017-03-02 18:00:00,862.2000000000003
2017-03-02 20:00:00,859.2000000000003
2017-03-02 21:00:00,858.5000000000003
2017-03-03 06:00:00,862.1000000000003
2017-03-03 14:00:00,860.4000000000003
2017-03-03 15:00:00,859.2000000000003
2017-03-03 16:00:00,860.2000000000003
2017-03-03 17:00:00,861.1000000000003
2017-03-03 18:00:00,862.0000000000003
2017-03-03 19:00:00,861.2000000000003
2017-03-03 20:00:00,862.1000000000003
2017-03-03 21:00:00,861.5000000000003
2017-03-06 06:00:00,859.1000000000003
2017-03-06 14:00:00,858.9000000000003
2017-03-06 15:00:00,856.7000000000003
2017-03-06 16:00:00,858.4000000000003
2017-03-06 17:00:00,860.1000000000003
2017-03-06 18:00:00,860.6000000000003
2017-03-06 19:00:00,860.3000000000003
2017-03-06 20:00:00,859.1000000000003
2017-03-06 21:00:00,858.9000000000003
2017-03-07 06:00:00,853.7000000000003
2017-03-07 14:00:00,853.4000000000003
2017-03-07 15:00:00,854.2000000000003
2017-03-07 16:00:00,854.0000000000003
2017-03-07 17:00:00,856.5000000000003
2017-03-07 18:00:00,856.6000000000003
2017-03-07 19:00:00,855.3000000000003
2017-03-07 20:00:00,853.5000000000003
2017-03-08 06:00:00,856.1000000000003
2017-03-08 14:00:00,854.2000000000003
2017-03-08 15:00:00,856.3000000000003
2017-03-08 16:00:00,855.9000000000003
2017-03-08 17:00:00,857.8000000000003
2017-03-08 18:00:00,858.3000000000003
2017-03-08 19:00:00,857.1000000000003
2017-03-08 20:00:00,856.1000000000003
2017-03-08 21:00:00,856.3000000000003
2017-03-09 06:00:00,860.5000000000003
2017-03-09 14:00:00,857.2000000000003
2017-03-09 15:00:00,858.3000000000003
2017-03-09 16:00:00,859.2000000000003
2017-03-09 17:00:00,859.0000000000003
2017-03-09 18:00:00,859.7000000000003
2017-03-09 19:00:00,859.5000000000003
2017-03-09 20:00:00,860.5000000000003
2017-03-09 21:00:00,860.4000000000003
2017-03-10 06:00:00,863.6000000000003
2017-03-10 14:00:00,862.2000000000003
2017-03-10 15:00:00,861.3000000000003
2017-03-10 16:00:00,861.7000000000003
2017-03-10 17:00:00,862.0000000000003
2017-03-10 18:00:00,861.1000000000003
2017-03-10 20:00:00,863.4000000000003
2017-03-10 21:00:00,863.3000000000003
2017-03-13 05:00:00,862.6000000000003
2017-03-13 13:00:00,860.5000000000003
2017-03-13 14:00:00,860.7000000000003
2017-03-13 15:00:00,861.2000000000003
2017-03-13 16:00:00,861.0000000000003
2017-03-13 18:00:00,861.7000000000003
2017-03-13 19:00:00,862.5000000000003
2017-03-13 20:00:00,862.8000000000003
2017-03-14 05:00:00,860.1000000000003
2017-03-14 13:00:00,861.6000000000003
2017-03-14 14:00:00,859.7000000000003
2017-03-14 15:00:00,861.6000000000003
2017-03-14 16:00:00,859.3000000000003
2017-03-14 17:00:00,860.4000000000003
2017-03-14 18:00:00,860.4000000000003
2017-03-14 19:00:00,859.9000000000003
2017-03-15 05:00:00,869.4000000000003
2017-03-15 13:00:00,863.7000000000003
2017-03-15 14:00:00,864.2000000000003
2017-03-15 15:00:00,863.9000000000003
2017-03-15 16:00:00,865.7000000000003
2017-03-15 17:00:00,865.3000000000003
2017-03-15 18:00:00,869.2000000000003
2017-03-15 19:00:00,869.4000000000003
2017-03-16 05:00:00,862.0000000000003
2017-03-16 13:00:00,864.3000000000003
2017-03-16 14:00:00,861.5000000000003
2017-03-16 15:00:00,860.0000000000003
2017-03-16 16:00:00,860.8000000000003
2017-03-16 17:00:00,861.0000000000003
2017-03-16 18:00:00,859.8000000000003
2017-03-16 19:00:00,862.0000000000003
2017-03-16 20:00:00,862.4000000000003
2017-03-17 05:00:00,857.6000000000003
2017-03-17 13:00:00,859.6000000000003
2017-03-17 14:00:00,858.5000000000003
2017-03-17 15:00:00,859.1000000000003
2017-03-17 16:00:00,859.7000000000003
2017-03-17 17:00:00,859.6000000000003
2017-03-17 19:00:00,857.6000000000003
2017-03-17 20:00:00,858.0000000000003
2017-03-20 05:00:00,856.3000000000003
2017-03-20 13:00:00,857.9000000000003
2017-03-20 14:00:00,857.9000000000003
2017-03-20 15:00:00,857.7000000000003
2017-03-20 16:00:00,857.6000000000003
2017-03-20 19:00:00,856.3000000000003
2017-03-21 05:00:00,850.7000000000003
2017-03-21 13:00:00,857.9000000000003
2017-03-21 14:00:00,854.8000000000003
2017-03-21 15:00:00,853.8000000000003
2017-03-21 16:00:00,853.0000000000003
2017-03-21 17:00:00,850.5000000000003
2017-03-21 18:00:00,852.7000000000003
2017-03-21 19:00:00,850.9000000000003
2017-03-21 20:00:00,851.2000000000003
2017-03-22 05:00:00,850.8000000000003
2017-03-22 13:00:00,848.1000000000003
2017-03-22 14:00:00,849.8000000000003
2017-03-22 15:00:00,851.5000000000003
2017-03-22 17:00:00,849.3000000000003
2017-03-22 18:00:00,849.7000000000003
2017-03-22 19:00:00,850.8000000000003
2017-03-22 20:00:00,850.6000000000003
2017-03-23 05:00:00,847.8000000000003
2017-03-23 13:00:00,850.3000000000003
2017-03-23 14:00:00,852.4000000000003
2017-03-23 15:00:00,853.0000000000003
2017-03-23 16:00:00,852.6000000000003
2017-03-23 17:00:00,851.9000000000003
2017-03-23 18:00:00,851.8000000000003
2017-03-23 19:00:00,847.8000000000003
2017-03-24 05:00:00,848.5000000000003
2017-03-24 13:00:00,850.2000000000003
2017-03-24 14:00:00,851.6000000000003
2017-03-24 15:00:00,850.7000000000003
2017-03-24 16:00:00,850.2000000000003
2017-03-24 17:00:00,848.2000000000003
2017-03-24 18:00:00,847.9000000000003
2017-03-24 19:00:00,848.5000000000003
2017-03-24 20:00:00,849.3000000000003
2017-03-27 05:00:00,851.0000000000003
2017-03-27 13:00:00,847.3000000000003
2017-03-27 14:00:00,850.0000000000003
2017-03-27 15:00:00,849.9000000000003
2017-03-27 16:00:00,851.1000000000003
2017-03-27 18:00:00,849.7000000000003
2017-03-27 19:00:00,851.0000000000003
2017-03-27 20:00:00,850.8000000000003
2017-03-28 05:00:00,850.7000000000003
2017-03-28 13:00:00,847.8000000000003
2017-03-28 14:00:00,847.7000000000003
2017-03-28 15:00:00,850.4000000000003
2017-03-28 16:00:00,850.2000000000003
2017-03-28 17:00:00,850.4000000000003
2017-03-28 18:00:00,851.5000000000003
2017-03-28 19:00:00,850.7000000000003
2017-03-28 20:00:00,850.1000000000003
2017-03-29 05:00:00,850.9000000000003
2017-03-29 13:00:00,851.5000000000003
2017-03-29 14:00:00,852.1000000000003
2017-03-29 15:00:00,852.0000000000003
2017-03-29 16:00:00,852.7000000000003
2017-03-29 17:00:00,852.8000000000003
2017-03-29 18:00:00,852.0000000000003
2017-03-29 19:00:00,850.9000000000003
2017-03-30 05:00:00,851.2000000000003
2017-03-30 13:00:00,850.1000000000003
2017-03-30 14:00:00,852.3000000000003
2017-03-30 15:00:00,851.1000000000003
2017-03-30 16:00:00,851.6000000000003
2017-03-30 17:00:00,852.3000000000003
2017-03-30 18:00:00,850.5000000000003
2017-03-30 19:00:00,851.2000000000003
2017-03-30 20:00:00,851.0000000000003
2017-03-31 05:00:00,849.3000000000003
2017-03-31 13:00:00,849.8000000000003
2017-03-31 14:00:00,850.7000000000003
2017-03-31 15:00:00,850.8000000000003
2017-03-31 16:00:00,850.8000000000003
2017-03-31 17:00:00,850.4000000000003
2017-03-31 18:00:00,849.1000000000003
2017-03-31 19:00:00,849.6000000000003
2017-03-31 20:00:00,849.1000000000003
2017-04-03 05:00:00,849.8000000000003
2017-04-03 13:00:00,852.3000000000003
2017-04-03 14:00:00,851.8000000000003
2017-04-03 15:00:00,848.5000000000003
2017-04-03 16:00:00,848.6000000000003
2017-04-03 17:00:00,847.9000000000003
2017-04-03 18:00:00,849.8000000000003
2017-04-03 19:00:00,849.8000000000003
2017-04-03 20:00:00,849.5000000000003
2017-04-04 05:00:00,849.1000000000003
2017-04-04 13:00:00,848.9000000000003
2017-04-04 14:00:00,848.4000000000003
2017-04-04 15:00:00,849.1000000000003
2017-04-04 17:00:00,848.4000000000003
2017-04-04 18:00:00,847.7000000000003
2017-04-04 19:00:00,849.1000000000003
2017-04-04 20:00:00,850.0000000000003
2017-04-05 05:00:00,846.7000000000003
2017-04-05 13:00:00,851.2000000000003
2017-04-05 14:00:00,854.0000000000003
2017-04-05 15:00:00,853.8000000000003
2017-04-05 16:00:00,853.5000000000003
2017-04-05 17:00:00,853.3000000000003
2017-04-05 18:00:00,850.0000000000003
2017-04-05 19:00:00,847.0000000000003
2017-04-06 05:00:00,847.8000000000003
2017-04-06 13:00:00,847.2000000000003
2017-04-06 14:00:00,847.1000000000003
2017-04-06 15:00:00,848.2000000000003
2017-04-06 16:00:00,848.5000000000003
2017-04-06 17:00:00,848.5000000000003
2017-04-06 18:00:00,846.6000000000003
2017-04-06 19:00:00,847.7000000000003
2017-04-07 05:00:00,849.2000000000003
2017-04-07 13:00:00,847.6000000000003
2017-04-07 14:00:00,848.3000000000003
2017-04-07 15:00:00,847.2000000000003
2017-04-07 17:00:00,849.3000000000003
2017-04-07 18:00:00,850.4000000000003
2017-04-07 19:00:00,849.6000000000003
2017-04-10 05:00:00,848.3000000000003
2017-04-10 13:00:00,850.5000000000003
2017-04-10 14:00:00,850.5000000000003
2017-04-10 15:00:00,849.3000000000003
2017-04-10 16:00:00,849.6000000000003
2017-04-10 17:00:00,849.9000000000003
2017-04-10 19:00:00,848.6000000000003
2017-04-11 05:00:00,846.8000000000003
2017-04-11 13:00:00,845.6000000000003
2017-04-11 14:00:00,843.7000000000003
2017-04-11 15:00:00,843.5000000000003
2017-04-11 16:00:00,845.5000000000003
2017-04-11 17:00:00,845.8000000000003
2017-04-11 18:00:00,846.4000000000003
2017-04-11 19:00:00,846.4000000000003
2017-04-12 05:00:00,847.0000000000003
2017-04-12 13:00:00,846.6000000000003
2017-04-12 15:00:00,844.4000000000003
2017-04-12 16:00:00,845.6000000000003
2017-04-12 17:00:00,847.4000000000003
2017-04-12 18:00:00,846.7000000000003
2017-04-12 19:00:00,847.0000000000003
2017-04-13 05:00:00,845.3000000000003
2017-04-13 13:00:00,847.2000000000003
2017-04-13 14:00:00,847.0000000000003
2017-04-13 15:00:00,848.0000000000003
2017-04-13 16:00:00,847.1000000000003
2017-04-13 17:00:00,845.9000000000003
2017-04-13 18:00:00,846.8000000000003
2017-04-13 19:00:00,845.5000000000003
2017-04-17 05:00:00,847.1000000000003
2017-04-17 13:00:00,844.4000000000003
2017-04-17 14:00:00,846.2000000000003
2017-04-17 16:00:00,845.8000000000003
2017-04-17 18:00:00,846.9000000000003
2017-04-17 19:00:00,846.8000000000003
2017-04-18 05:00:00,839.6000000000003
2017-04-18 13:00:00,842.2000000000003
2017-04-18 14:00:00,839.4000000000003
2017-04-18 15:00:00,837.1000000000003
2017-04-18 16:00:00,837.9000000000003
2017-04-18 17:00:00,838.5000000000003
2017-04-18 18:00:00,838.8000000000003
2017-04-18 19:00:00,839.7000000000003
2017-04-19 05:00:00,841.4000000000003
2017-04-19 13:00:00,841.2000000000003
2017-04-19 14:00:00,842.0000000000003
2017-04-19 15:00:00,842.0000000000003
2017-04-19 16:00:00,842.4000000000003
2017-04-19 17:00:00,842.4000000000003
2017-04-19 18:00:00,841.8000000000003
2017-04-19 19:00:00,841.4000000000003
2017-04-19 20:00:00,841.1000000000003
2017-04-20 05:00:00,845.6000000000003
2017-04-20 13:00:00,839.9000000000003
2017-04-20 14:00:00,842.5000000000003
2017-04-20 15:00:00,843.7000000000003
2017-04-20 16:00:00,845.0000000000003
2017-04-20 18:00:00,846.3000000000003
2017-04-20 19:00:00,845.7000000000003
2017-04-21 05:00:00,842.2000000000003
2017-04-21 13:00:00,844.8000000000003
2017-04-21 14:00:00,843.8000000000003
2017-04-21 15:00:00,842.8000000000003
2017-04-21 16:00:00,842.2000000000003
2017-04-21 17:00:00,841.9000000000003
2017-04-21 18:00:00,842.0000000000003
2017-04-21 19:00:00,842.2000000000003
2017-04-24 05:00:00,848.6000000000003
2017-04-24 13:00:00,849.0000000000003
2017-04-24 14:00:00,848.3000000000003
2017-04-24 15:00:00,848.2000000000003
2017-04-24 16:00:00,848.6000000000003
2017-04-24 17:00:00,849.5000000000003
2017-04-24 18:00:00,849.5000000000003
2017-04-24 19:00:00,848.7000000000003
2017-04-25 05:00:00,852.7000000000003
2017-04-25 13:00:00,853.2000000000003
2017-04-25 14:00:00,852.7000000000003
2017-04-25 15:00:00,853.9000000000003
2017-04-25 16:00:00,853.0000000000003
2017-04-25 17:00:00,854.0000000000003
2017-04-25 18:00:00,853.5000000000003
2017-04-25 19:00:00,852.7000000000003
2017-04-26 05:00:00,856.5000000000003
2017-04-26 13:00:00,857.5000000000003
2017-04-26 14:00:00,858.2000000000003
2017-04-26 15:00:00,856.6000000000003
2017-04-26 16:00:00,858.1000000000003
2017-04-26 17:00:00,857.4000000000003
2017-04-26 18:00:00,856.9000000000003
2017-04-26 19:00:00,856.5000000000003
2017-04-27 05:00:00,858.2000000000003
2017-04-27 13:00:00,857.7000000000003
2017-04-27 14:00:00,858.2000000000003
2017-04-27 15:00:00,859.1000000000003
2017-04-27 16:00:00,860.0000000000003
2017-04-27 17:00:00,859.8000000000003
2017-04-27 18:00:00,859.3000000000003
2017-04-27 19:00:00,858.4000000000003
2017-04-28 05:00:00,859.7000000000003
2017-04-28 13:00:00,857.8000000000003
2017-04-28 14:00:00,857.4000000000003
2017-04-28 15:00:00,858.3000000000003
2017-04-28 16:00:00,858.4000000000003
2017-04-28 17:00:00,858.1000000000003
2017-04-28 19:00:00,859.6000000000003
2017-05-01 05:00:00,861.5000000000003
2017-05-01 13:00:00,860.8000000000003
2017-05-01 14:00:00,861.2000000000003
2017-05-01 15:00:00,861.1000000000003
2017-05-01 16:00:00,861.5000000000003
2017-05-01 18:00:00,861.9000000000003
2017-05-01 19:00:00,862.8000000000003
2017-05-02 05:00:00,863.1000000000003
2017-05-02 13:00:00,859.9000000000003
2017-05-02 14:00:00,860.4000000000003
2017-05-02 15:00:00,860.6000000000003
2017-05-02 16:00:00,860.4000000000003
2017-05-02 18:00:00,863.1000000000003
2017-05-02 19:00:00,862.0000000000003
2017-05-03 05:00:00,860.3000000000003
2017-05-03 13:00:00,860.1000000000003
2017-05-03 14:00:00,858.5000000000003
2017-05-03 16:00:00,859.6000000000003
2017-05-03 17:00:00,859.2000000000003
2017-05-03 18:00:00,859.6000000000003
2017-05-03 19:00:00,860.3000000000003
2017-05-04 05:00:00,864.6000000000003
2017-05-04 13:00:00,861.8000000000003
2017-05-04 14:00:00,864.0000000000003
2017-05-04 15:00:00,863.8000000000003
2017-05-04 16:00:00,863.3000000000003
2017-05-04 17:00:00,863.4000000000003
2017-05-04 18:00:00,864.3000000000003
2017-05-04 19:00:00,864.6000000000003
2017-05-05 05:00:00,864.4000000000003
2017-05-05 13:00:00,864.9000000000003
2017-05-05 14:00:00,862.3000000000003
2017-05-05 15:00:00,861.9000000000003
2017-05-05 16:00:00,861.3000000000003
2017-05-05 17:00:00,861.5000000000003
2017-05-05 18:00:00,863.2000000000003
2017-05-05 19:00:00,863.8000000000003
2017-05-08 05:00:00,859.6000000000003
2017-05-08 13:00:00,861.6000000000003
2017-05-08 16:00:00,860.8000000000003
2017-05-08 17:00:00,860.6000000000003
2017-05-08 18:00:00,859.8000000000003
2017-05-08 19:00:00,859.4000000000003
2017-05-09 05:00:00,860.3000000000003
2017-05-09 13:00:00,860.3000000000003
2017-05-09 14:00:00,860.8000000000003
2017-05-09 15:00:00,860.8000000000003
2017-05-09 16:00:00,860.7000000000003
2017-05-09 17:00:00,860.2000000000003
2017-05-09 19:00:00,860.1000000000003
2017-05-10 05:00:00,858.0000000000003
2017-05-10 13:00:00,856.9000000000003
2017-05-10 14:00:00,855.8000000000003
2017-05-10 15:00:00,856.5000000000003
2017-05-10 16:00:00,857.5000000000003
2017-05-10 17:00:00,857.4000000000003
2017-05-11 05:00:00,858.4000000000003
2017-05-11 13:00:00,856.7000000000003
2017-05-11 14:00:00,854.8000000000003
2017-05-11 15:00:00,855.3000000000003
2017-05-11 16:00:00,856.2000000000003
2017-05-11 17:00:00,856.6000000000003
2017-05-11 18:00:00,857.7000000000003
2017-05-11 19:00:00,858.1000000000003
2017-05-12 05:00:00,857.2000000000003
2017-05-12 13:00:00,858.7000000000003
2017-05-12 15:00:00,857.9000000000003
2017-05-12 18:00:00,858.2000000000003
2017-05-15 05:00:00,862.0000000000003
2017-05-15 13:00:00,858.9000000000003
2017-05-15 14:00:00,859.5000000000003
2017-05-15 18:00:00,861.3000000000003
2017-05-15 19:00:00,861.6000000000003
2017-05-15 20:00:00,862.4000000000003
2017-05-16 05:00:00,859.7000000000003
2017-05-16 13:00:00,861.3000000000003
2017-05-16 14:00:00,857.7000000000003
2017-05-16 15:00:00,859.1000000000003
2017-05-16 16:00:00,859.2000000000003
2017-05-16 18:00:00,857.8000000000003
2017-05-16 19:00:00,859.1000000000003
2017-05-17 05:00:00,849.5000000000003
2017-05-17 13:00:00,853.7000000000003
2017-05-17 14:00:00,852.0000000000003
2017-05-17 15:00:00,853.8000000000003
2017-05-17 17:00:00,852.4000000000003
2017-05-17 18:00:00,851.3000000000003
2017-05-17 19:00:00,849.5000000000003
2017-05-18 05:00:00,852.2000000000003
2017-05-18 13:00:00,851.0000000000003
2017-05-18 14:00:00,852.9000000000003
2017-05-18 15:00:00,850.3000000000003
2017-05-18 16:00:00,851.4000000000003
2017-05-18 17:00:00,854.0000000000003
2017-05-18 18:00:00,854.8000000000003
2017-05-18 19:00:00,852.2000000000003
2017-05-19 05:00:00,854.3000000000003
2017-05-19 13:00:00,855.4000000000003
2017-05-19 14:00:00,854.5000000000003
2017-05-19 15:00:00,855.3000000000003
2017-05-19 16:00:00,856.3000000000003
2017-05-19 17:00:00,856.0000000000003
2017-05-19 18:00:00,856.3000000000003
2017-05-19 19:00:00,854.1000000000003
2017-05-22 05:00:00,856.6000000000003
2017-05-22 13:00:00,855.4000000000003
2017-05-22 14:00:00,855.9000000000003
2017-05-22 15:00:00,855.9000000000003
2017-05-22 16:00:00,857.1000000000003
2017-05-22 17:00:00,856.3000000000003
2017-05-22 18:00:00,855.9000000000003
2017-05-22 19:00:00,856.6000000000003
2017-05-23 05:00:00,858.7000000000003
2017-05-23 13:00:00,859.1000000000003
2017-05-23 14:00:00,859.2000000000003
2017-05-23 15:00:00,859.2000000000003
2017-05-23 17:00:00,858.8000000000003
2017-05-23 18:00:00,858.6000000000003
2017-05-23 19:00:00,858.7000000000003
2017-05-24 05:00:00,860.9000000000003
2017-05-24 13:00:00,858.5000000000003
2017-05-24 14:00:00,859.2000000000003
2017-05-24 15:00:00,860.4000000000003
2017-05-24 16:00:00,860.4000000000003
2017-05-24 17:00:00,860.9000000000003
2017-05-25 05:00:00,864.7000000000003
2017-05-25 13:00:00,861.3000000000003
2017-05-25 14:00:00,863.1000000000003
2017-05-25 15:00:00,864.0000000000003
2017-05-25 16:00:00,864.5000000000003
2017-05-25 17:00:00,864.6000000000003
2017-05-25 18:00:00,865.1000000000003
2017-05-25 19:00:00,864.7000000000003
2017-05-26 05:00:00,862.9000000000003
2017-05-26 13:00:00,863.9000000000003
2017-05-26 14:00:00,864.2000000000003
2017-05-26 15:00:00,864.0000000000003
2017-05-26 16:00:00,863.4000000000003
2017-05-26 17:00:00,862.8000000000003
2017-05-26 18:00:00,862.7000000000003
2017-05-26 19:00:00,862.9000000000003
2017-05-30 05:00:00,861.5000000000003
2017-05-30 13:00:00,861.2000000000003
2017-05-30 14:00:00,863.6000000000003
2017-05-30 15:00:00,860.7000000000003
2017-05-30 18:00:00,861.0000000000003
2017-05-30 19:00:00,861.9000000000003
2017-05-31 05:00:00,864.1000000000003
2017-05-31 13:00:00,863.7000000000003
2017-05-31 14:00:00,865.2000000000003
2017-05-31 15:00:00,863.8000000000003
2017-05-31 16:00:00,863.7000000000003
2017-05-31 17:00:00,863.4000000000003
2017-05-31 18:00:00,864.6000000000003
2017-05-31 19:00:00,864.1000000000003
2017-06-01 05:00:00,873.6000000000003
2017-06-01 13:00:00,869.8000000000003
2017-06-01 14:00:00,868.8000000000003
2017-06-01 15:00:00,870.4000000000003
2017-06-01 16:00:00,872.3000000000003
2017-06-01 17:00:00,872.5000000000003
2017-06-01 18:00:00,872.6000000000003
2017-06-01 19:00:00,873.6000000000003
2017-06-01 20:00:00,872.5000000000003
2017-06-02 05:00:00,878.2000000000003
2017-06-02 13:00:00,876.4000000000003
2017-06-02 14:00:00,877.1000000000003
2017-06-02 16:00:00,877.2000000000003
2017-06-02 17:00:00,877.4000000000003
2017-06-02 18:00:00,877.1000000000003
2017-06-02 19:00:00,878.3000000000003
2017-06-05 05:00:00,876.1000000000003
2017-06-05 13:00:00,876.9000000000003
2017-06-05 14:00:00,876.0000000000003
2017-06-05 15:00:00,875.0000000000003
2017-06-05 16:00:00,875.2000000000003
2017-06-05 19:00:00,876.3000000000003
2017-06-06 05:00:00,873.8000000000003
2017-06-06 13:00:00,876.4000000000003
2017-06-06 14:00:00,874.0000000000003
2017-06-06 16:00:00,874.5000000000003
2017-06-06 17:00:00,874.3000000000003
2017-06-06 18:00:00,874.3000000000003
2017-06-06 19:00:00,873.7000000000003
2017-06-07 05:00:00,875.8000000000003
2017-06-07 13:00:00,875.2000000000003
2017-06-07 14:00:00,874.4000000000003
2017-06-07 15:00:00,875.8000000000003
2017-06-07 16:00:00,874.0000000000003
2017-06-07 17:00:00,874.7000000000003
2017-06-07 18:00:00,876.0000000000003
2017-06-07 19:00:00,875.8000000000003
2017-06-08 05:00:00,874.2000000000003
2017-06-08 13:00:00,876.2000000000003
2017-06-08 14:00:00,874.3000000000003
2017-06-08 15:00:00,875.4000000000003
2017-06-08 16:00:00,875.3000000000003
2017-06-08 17:00:00,874.9000000000003
2017-06-08 18:00:00,871.9000000000003
2017-06-08 19:00:00,874.0000000000003
2017-06-09 05:00:00,878.6000000000003
2017-06-09 14:00:00,879.2000000000003
2017-06-09 15:00:00,879.2000000000003
2017-06-09 18:00:00,880.2000000000003
2017-06-09 19:00:00,878.4000000000003
2017-06-12 05:00:00,877.9000000000003
2017-06-12 13:00:00,877.6000000000003
2017-06-12 14:00:00,875.5000000000002
2017-06-12 15:00:00,875.5000000000002
2017-06-12 16:00:00,874.6000000000003
2017-06-12 19:00:00,878.0000000000002
2017-06-13 05:00:00,879.0000000000002
2017-06-13 13:00:00,878.2000000000003
2017-06-13 14:00:00,877.2000000000003
2017-06-13 16:00:00,879.0000000000002
2017-06-13 17:00:00,878.8000000000003
2017-06-13 19:00:00,879.3000000000003
2017-06-14 05:00:00,882.7000000000003
2017-06-14 13:00:00,881.4000000000003
2017-06-14 14:00:00,880.7000000000003
2017-06-14 15:00:00,882.2000000000003
2017-06-14 16:00:00,883.1000000000003
2017-06-14 17:00:00,884.1000000000003
2017-06-14 18:00:00,882.2000000000003
2017-06-14 19:00:00,882.7000000000003
2017-06-15 05:00:00,881.8000000000003
2017-06-15 13:00:00,877.6000000000003
2017-06-15 14:00:00,882.0000000000002
2017-06-15 15:00:00,880.8000000000003
2017-06-15 16:00:00,881.6000000000003
2017-06-15 19:00:00,882.0000000000002
2017-06-16 05:00:00,882.4000000000003
2017-06-16 13:00:00,881.4000000000003
2017-06-16 14:00:00,879.1000000000003
2017-06-16 15:00:00,880.2000000000003
2017-06-16 16:00:00,881.8000000000003
2017-06-16 17:00:00,882.7000000000003
2017-06-16 18:00:00,883.2000000000003
2017-06-16 19:00:00,882.0000000000002
2017-06-19 05:00:00,891.4000000000003
2017-06-19 13:00:00,885.9000000000003
2017-06-19 14:00:00,888.4000000000003
2017-06-19 15:00:00,889.1000000000003
2017-06-19 16:00:00,890.8000000000003
2017-06-19 17:00:00,890.9000000000003
2017-06-19 18:00:00,890.9000000000003
2017-06-19 19:00:00,891.6000000000003
2017-06-20 05:00:00,894.5000000000002
2017-06-20 13:00:00,893.8000000000003
2017-06-20 14:00:00,897.3000000000003
2017-06-20 15:00:00,897.1000000000003
2017-06-20 18:00:00,896.1000000000003
2017-06-20 19:00:00,894.3000000000003
2017-06-21 05:00:00,904.1000000000003
2017-06-21 13:00:00,900.4000000000003
2017-06-21 14:00:00,901.8000000000003
2017-06-21 15:00:00,900.3000000000003
2017-06-21 16:00:00,903.4000000000003
2017-06-21 17:00:00,903.0000000000002
2017-06-21 18:00:00,904.2000000000003
2017-06-21 19:00:00,904.1000000000003
2017-06-22 05:00:00,912.5000000000002
2017-06-22 13:00:00,909.6000000000003
2017-06-22 14:00:00,913.5000000000002
2017-06-22 15:00:00,915.8000000000003
2017-06-22 16:00:00,915.2000000000003
2017-06-22 18:00:00,913.8000000000003
2017-06-22 19:00:00,913.5000000000002
2017-06-23 05:00:00,911.6000000000003
2017-06-23 13:00:00,909.3000000000003
2017-06-23 14:00:00,910.3000000000003
2017-06-23 15:00:00,909.8000000000003
2017-06-23 16:00:00,910.3000000000003
2017-06-23 17:00:00,910.3000000000003
2017-06-23 19:00:00,911.5000000000002
2017-06-26 05:00:00,910.4000000000003
2017-06-26 13:00:00,911.7000000000003
2017-06-26 14:00:00,910.3000000000003
2017-06-26 15:00:00,910.5000000000002
2017-06-26 16:00:00,912.2000000000003
2017-06-26 17:00:00,912.1000000000003
2017-06-26 18:00:00,911.2000000000003
2017-06-26 19:00:00,910.5000000000002
2017-06-27 05:00:00,903.5000000000002
2017-06-27 13:00:00,908.5000000000002
2017-06-27 14:00:00,909.5000000000002
2017-06-27 15:00:00,911.1000000000003
2017-06-27 16:00:00,908.9000000000003
2017-06-27 17:00:00,906.1000000000003
2017-06-27 18:00:00,907.1000000000003
2017-06-27 19:00:00,903.5000000000002
2017-06-27 20:00:00,902.9000000000003
2017-06-28 05:00:00,906.6000000000003
2017-06-28 13:00:00,905.7000000000003
2017-06-28 14:00:00,907.6000000000003
2017-06-28 15:00:00,908.3000000000003
2017-06-28 16:00:00,907.0000000000002
2017-06-28 17:00:00,907.8000000000003
2017-06-28 18:00:00,906.9000000000003
2017-06-28 19:00:00,907.0000000000002
2017-06-29 05:00:00,900.1000000000003
2017-06-29 13:00:00,904.2000000000003
2017-06-29 14:00:00,903.5000000000002
2017-06-29 15:00:00,900.9000000000003
2017-06-29 16:00:00,898.2000000000003
2017-06-29 17:00:00,897.2000000000003
2017-06-29 18:00:00,899.9000000000003
2017-06-29 19:00:00,900.1000000000003
2017-06-30 05:00:00,899.7000000000003
2017-06-30 13:00:00,900.7000000000003
2017-06-30 14:00:00,900.3000000000003
2017-06-30 15:00:00,898.8000000000003
2017-06-30 16:00:00,899.5000000000002
2017-06-30 17:00:00,899.3000000000003
2017-06-30 18:00:00,899.2000000000003
2017-06-30 19:00:00,900.5000000000002
2017-06-30 20:00:00,900.1000000000003
2017-07-03 05:00:00,900.6000000000003
2017-07-03 13:00:00,902.8000000000003
2017-07-03 14:00:00,902.7000000000003
2017-07-03 15:00:00,903.0000000000002
2017-07-03 16:00:00,900.6000000000003
2017-07-05 05:00:00,905.1000000000003
2017-07-05 13:00:00,899.5000000000002
2017-07-05 14:00:00,903.0000000000002
2017-07-05 15:00:00,902.5000000000002
2017-07-05 16:00:00,903.6000000000003
2017-07-05 17:00:00,904.6000000000003
2017-07-05 18:00:00,904.8000000000003
2017-07-05 19:00:00,904.9000000000003
2017-07-06 05:00:00,894.8000000000003
2017-07-06 13:00:00,898.6000000000003
2017-07-06 14:00:00,897.1000000000003
2017-07-06 15:00:00,897.1000000000003
2017-07-06 16:00:00,896.7000000000003
2017-07-06 17:00:00,896.8000000000003
2017-07-06 18:00:00,895.1000000000003
2017-07-06 19:00:00,894.8000000000003
2017-07-07 05:00:00,898.5000000000002
2017-07-07 13:00:00,896.2000000000003
2017-07-07 14:00:00,895.0000000000002
2017-07-07 15:00:00,897.7000000000003
2017-07-07 17:00:00,896.2000000000003
2017-07-07 19:00:00,898.6000000000003
2017-07-10 05:00:00,895.9000000000003
2017-07-10 13:00:00,897.0000000000002
2017-07-10 14:00:00,897.2000000000003
2017-07-10 15:00:00,897.1000000000003
2017-07-10 16:00:00,898.0000000000002
2017-07-10 17:00:00,896.5000000000002
2017-07-10 18:00:00,895.7000000000003
2017-07-10 19:00:00,897.2000000000003
2017-07-10 20:00:00,896.9000000000003
2017-07-11 05:00:00,895.5000000000002
2017-07-11 13:00:00,895.9000000000003
2017-07-11 14:00:00,896.6000000000003
2017-07-11 15:00:00,892.4000000000003
2017-07-11 16:00:00,894.9000000000003
2017-07-11 17:00:00,894.3000000000003
2017-07-11 18:00:00,895.1000000000003
2017-07-11 19:00:00,895.5000000000002
2017-07-12 05:00:00,901.0000000000002
2017-07-12 13:00:00,901.7000000000003
2017-07-12 14:00:00,901.6000000000003
2017-07-12 15:00:00,901.1000000000003
2017-07-12 16:00:00,901.8000000000003
2017-07-12 17:00:00,902.1000000000003
2017-07-12 18:00:00,902.5000000000002
2017-07-12 19:00:00,900.9000000000003
2017-07-13 05:00:00,901.5000000000002
2017-07-13 13:00:00,898.4000000000003
2017-07-13 14:00:00,897.0000000000002
2017-07-13 15:00:00,899.7000000000003
2017-07-13 16:00:00,899.1000000000003
2017-07-13 17:00:00,900.1000000000003
2017-07-13 18:00:00,903.2000000000003
2017-07-13 19:00:00,901.8000000000003
2017-07-14 05:00:00,906.4000000000003
2017-07-14 13:00:00,904.7000000000003
2017-07-14 14:00:00,903.8000000000003
2017-07-14 15:00:00,904.8000000000003
2017-07-14 17:00:00,906.7000000000003
2017-07-14 18:00:00,907.5000000000002
2017-07-14 19:00:00,906.6000000000003
2017-07-17 05:00:00,904.5000000000002
2017-07-17 13:00:00,908.3000000000003
2017-07-17 14:00:00,906.6000000000003
2017-07-17 15:00:00,906.4000000000003
2017-07-17 18:00:00,904.6000000000003
2017-07-17 19:00:00,904.5000000000002
2017-07-18 05:00:00,904.5000000000002
2017-07-18 13:00:00,900.7000000000003
2017-07-18 14:00:00,901.0000000000002
2017-07-18 15:00:00,901.8000000000003
2017-07-18 16:00:00,902.0000000000002
2017-07-18 17:00:00,903.2000000000003
2017-07-18 18:00:00,903.5000000000002
2017-07-18 19:00:00,904.6000000000003
2017-07-19 05:00:00,910.7000000000003
2017-07-19 13:00:00,909.4000000000003
2017-07-19 16:00:00,909.7000000000003
2017-07-19 17:00:00,910.0000000000002
2017-07-19 19:00:00,909.9000000000003
2017-07-20 05:00:00,916.2000000000003
2017-07-20 13:00:00,914.8000000000003
2017-07-20 14:00:00,913.4000000000003
2017-07-20 15:00:00,914.8000000000003
2017-07-20 16:00:00,917.2000000000003
2017-07-20 17:00:00,917.4000000000003
2017-07-20 18:00:00,917.3000000000003
2017-07-20 19:00:00,916.2000000000003
2017-07-21 05:00:00,915.2000000000003
2017-07-21 13:00:00,914.9000000000003
2017-07-21 14:00:00,915.8000000000003
2017-07-21 16:00:00,915.7000000000003
2017-07-21 17:00:00,915.1000000000003
2017-07-21 18:00:00,914.7000000000003
2017-07-21 19:00:00,915.3000000000003
2017-07-24 05:00:00,914.7000000000003
2017-07-24 13:00:00,913.0000000000002
2017-07-24 14:00:00,912.5000000000002
2017-07-24 15:00:00,913.8000000000003
2017-07-24 17:00:00,914.2000000000003
2017-07-24 18:00:00,915.1000000000003
2017-07-24 19:00:00,914.7000000000003
2017-07-25 05:00:00,909.1000000000003
2017-07-25 13:00:00,913.1000000000003
2017-07-25 14:00:00,910.6000000000003
2017-07-25 15:00:00,909.9000000000003
2017-07-25 17:00:00,909.9000000000003
2017-07-25 18:00:00,910.1000000000003
2017-07-25 19:00:00,909.0000000000002
2017-07-26 05:00:00,906.2000000000003
2017-07-26 13:00:00,907.4000000000003
2017-07-26 14:00:00,906.8000000000003
2017-07-26 15:00:00,907.3000000000003
2017-07-26 16:00:00,906.1000000000003
2017-07-26 17:00:00,906.5000000000002
2017-07-26 18:00:00,906.3000000000003
2017-07-26 19:00:00,906.2000000000003
2017-07-27 05:00:00,900.6000000000003
2017-07-27 13:00:00,901.6000000000003
2017-07-27 14:00:00,902.9000000000003
2017-07-27 15:00:00,903.6000000000003
2017-07-27 16:00:00,901.7000000000003
2017-07-27 17:00:00,899.6000000000003
2017-07-27 18:00:00,898.8000000000003
2017-07-27 19:00:00,900.5000000000002
2017-07-28 05:00:00,905.1000000000003
2017-07-28 13:00:00,899.7000000000003
2017-07-28 14:00:00,900.3000000000003
2017-07-28 15:00:00,903.6000000000003
2017-07-28 16:00:00,903.3000000000003
2017-07-28 17:00:00,903.1000000000003
2017-07-28 18:00:00,904.3000000000003
2017-07-28 19:00:00,905.0000000000002
2017-07-31 05:00:00,904.2000000000003
2017-07-31 13:00:00,906.8000000000003
2017-07-31 14:00:00,905.4000000000003
2017-07-31 15:00:00,906.2000000000003
2017-07-31 16:00:00,906.0000000000002
2017-07-31 17:00:00,905.0000000000002
2017-07-31 18:00:00,904.5000000000002
2017-07-31 19:00:00,904.3000000000003
2017-07-31 20:00:00,904.3000000000003
2017-08-01 05:00:00,902.0000000000002
2017-08-01 13:00:00,902.2000000000003
2017-08-01 14:00:00,902.3000000000003
2017-08-01 15:00:00,903.2000000000003
2017-08-01 16:00:00,903.4000000000003
2017-08-01 17:00:00,903.6000000000003
2017-08-01 18:00:00,903.7000000000003
2017-08-01 19:00:00,902.0000000000002
2017-08-02 05:00:00,900.2000000000003
2017-08-02 13:00:00,899.8000000000003
2017-08-02 14:00:00,898.5000000000002
2017-08-02 15:00:00,898.5000000000002
2017-08-02 16:00:00,898.5000000000002
2017-08-02 17:00:00,899.6000000000003
2017-08-02 18:00:00,899.8000000000003
2017-08-02 19:00:00,900.2000000000003
2017-08-03 05:00:00,901.8000000000003
2017-08-03 13:00:00,899.1000000000003
2017-08-03 14:00:00,901.5000000000002
2017-08-03 15:00:00,899.8000000000003
2017-08-03 16:00:00,900.2000000000003
2017-08-03 17:00:00,901.6000000000003
2017-08-03 19:00:00,901.8000000000003
2017-08-04 05:00:00,899.7000000000003
2017-08-04 13:00:00,901.1000000000003
2017-08-04 14:00:00,900.7000000000003
2017-08-04 15:00:00,900.5000000000002
2017-08-04 16:00:00,899.5000000000002
2017-08-04 17:00:00,899.8000000000003
2017-08-04 18:00:00,899.7000000000003
2017-08-04 19:00:00,900.0000000000002
2017-08-07 05:00:00,901.2000000000003
2017-08-07 13:00:00,898.7000000000003
2017-08-07 14:00:00,899.8000000000003
2017-08-07 15:00:00,900.1000000000003
2017-08-07 19:00:00,901.2000000000003
2017-08-08 05:00:00,897.6000000000003
2017-08-08 13:00:00,898.2000000000003
2017-08-08 14:00:00,898.9000000000003
2017-08-08 15:00:00,900.9000000000003
2017-08-08 16:00:00,901.2000000000003
2017-08-08 17:00:00,900.6000000000003
2017-08-08 18:00:00,899.1000000000003
2017-08-08 19:00:00,897.5000000000002
2017-08-09 05:00:00,898.8000000000003
2017-08-09 13:00:00,896.4000000000003
2017-08-09 14:00:00,897.0000000000002
2017-08-09 15:00:00,898.3000000000003
2017-08-09 16:00:00,898.7000000000003
2017-08-09 19:00:00,898.7000000000003
2017-08-10 05:00:00,888.5000000000002
2017-08-10 13:00:00,895.2000000000003
2017-08-10 14:00:00,893.5000000000002
2017-08-10 15:00:00,892.7000000000003
2017-08-10 16:00:00,890.8000000000003
2017-08-10 17:00:00,890.8000000000003
2017-08-10 18:00:00,892.2000000000003
2017-08-10 19:00:00,888.8000000000003
2017-08-11 05:00:00,890.7000000000003
2017-08-11 13:00:00,890.7000000000003
2017-08-11 14:00:00,894.3000000000003
2017-08-11 15:00:00,892.1000000000003
2017-08-11 16:00:00,891.7000000000003
2017-08-11 17:00:00,891.7000000000003
2017-08-11 18:00:00,890.5000000000002
2017-08-11 19:00:00,890.7000000000003
2017-08-14 05:00:00,895.8000000000003
2017-08-14 13:00:00,895.3000000000003
2017-08-14 14:00:00,896.7000000000003
2017-08-14 15:00:00,895.7000000000003
2017-08-14 17:00:00,895.7000000000003
2017-08-14 18:00:00,896.3000000000003
2017-08-14 19:00:00,895.8000000000003
2017-08-15 05:00:00,895.9000000000003
2017-08-15 13:00:00,897.5000000000002
2017-08-15 14:00:00,898.4000000000003
2017-08-15 15:00:00,897.4000000000003
2017-08-15 16:00:00,897.7000000000003
2017-08-15 17:00:00,896.6000000000003
2017-08-15 18:00:00,896.9000000000003
2017-08-15 19:00:00,895.8000000000003
2017-08-16 05:00:00,897.6000000000003
2017-08-16 13:00:00,898.8000000000003
2017-08-16 14:00:00,898.5000000000002
2017-08-16 16:00:00,898.1000000000003
2017-08-16 17:00:00,897.3000000000003
2017-08-16 18:00:00,897.9000000000003
2017-08-16 19:00:00,897.6000000000003
2017-08-17 05:00:00,888.2000000000003
2017-08-17 13:00:00,897.1000000000003
2017-08-17 14:00:00,894.0000000000002
2017-08-17 15:00:00,894.1000000000003
2017-08-17 16:00:00,892.4000000000003
2017-08-17 17:00:00,891.6000000000003
2017-08-17 18:00:00,890.6000000000003
2017-08-17 19:00:00,888.8000000000003
2017-08-18 05:00:00,884.5000000000002
2017-08-18 13:00:00,884.3000000000003
2017-08-18 14:00:00,885.6000000000003
2017-08-18 15:00:00,887.7000000000003
2017-08-18 16:00:00,889.1000000000003
2017-08-18 17:00:00,888.4000000000003
2017-08-18 19:00:00,885.2000000000003
2017-08-21 05:00:00,888.2000000000003
2017-08-21 13:00:00,884.4000000000003
2017-08-21 14:00:00,887.4000000000003
2017-08-21 15:00:00,887.2000000000003
2017-08-21 16:00:00,888.5000000000002
2017-08-21 17:00:00,887.6000000000003
2017-08-21 18:00:00,887.6000000000003
2017-08-21 19:00:00,888.2000000000003
2017-08-22 05:00:00,897.2000000000003
2017-08-22 13:00:00,890.6000000000003
2017-08-22 14:00:00,892.6000000000003
2017-08-22 15:00:00,895.0000000000002
2017-08-22 17:00:00,896.2000000000003
2017-08-22 18:00:00,897.2000000000003
2017-08-22 19:00:00,897.7000000000003
2017-08-22 20:00:00,894.8000000000003
2017-08-23 05:00:00,891.5000000000002
2017-08-23 13:00:00,894.0000000000002
2017-08-23 14:00:00,893.1000000000003
2017-08-23 15:00:00,893.6000000000003
2017-08-23 16:00:00,892.0000000000002
2017-08-23 17:00:00,892.3000000000003
2017-08-23 18:00:00,891.9000000000003
2017-08-23 19:00:00,891.6000000000003
2017-08-24 05:00:00,893.8000000000003
2017-08-24 13:00:00,892.4000000000003
2017-08-24 14:00:00,894.2000000000003
2017-08-24 15:00:00,892.5000000000002
2017-08-24 16:00:00,892.9000000000003
2017-08-24 17:00:00,894.1000000000003
2017-08-24 18:00:00,893.9000000000003
2017-08-24 19:00:00,894.0000000000002
2017-08-25 05:00:00,893.4000000000003
2017-08-25 13:00:00,897.2000000000003
2017-08-25 14:00:00,895.8000000000003
2017-08-25 15:00:00,894.8000000000003
2017-08-25 16:00:00,895.3000000000003
2017-08-25 17:00:00,894.9000000000003
2017-08-25 18:00:00,894.9000000000003
2017-08-25 19:00:00,893.7000000000003
2017-08-28 05:00:00,897.5000000000002
2017-08-28 13:00:00,897.7000000000003
2017-08-28 14:00:00,898.2000000000003
2017-08-28 17:00:00,898.8000000000003
2017-08-28 18:00:00,897.7000000000003
2017-08-28 19:00:00,897.5000000000002
2017-08-29 05:00:00,899.5000000000002
2017-08-29 13:00:00,895.1000000000003
2017-08-29 14:00:00,897.0000000000002
2017-08-29 15:00:00,898.8000000000003
2017-08-29 17:00:00,898.3000000000003
2017-08-29 18:00:00,899.0000000000002
2017-08-29 19:00:00,899.5000000000002
2017-08-30 05:00:00,903.6000000000003
2017-08-30 13:00:00,899.1000000000003
2017-08-30 14:00:00,899.6000000000003
2017-08-30 15:00:00,901.2000000000003
2017-08-30 17:00:00,903.9000000000003
2017-08-30 19:00:00,903.3000000000003
2017-08-31 05:00:00,917.1000000000003
2017-08-31 13:00:00,908.7000000000003
2017-08-31 14:00:00,910.8000000000003
2017-08-31 15:00:00,911.4000000000003
2017-08-31 16:00:00,913.2000000000003
2017-08-31 17:00:00,914.4000000000003
2017-08-31 18:00:00,916.1000000000003
2017-08-31 19:00:00,916.8000000000003
2017-09-01 05:00:00,916.7000000000003
2017-09-01 13:00:00,916.2000000000003
2017-09-01 14:00:00,914.5000000000002
2017-09-01 15:00:00,916.4000000000003
2017-09-01 16:00:00,917.5000000000002
2017-09-01 17:00:00,916.8000000000003
2017-09-01 19:00:00,916.8000000000003
2017-09-05 05:00:00,912.9000000000003
2017-09-05 13:00:00,915.7000000000003
2017-09-05 14:00:00,914.5000000000002
2017-09-05 15:00:00,914.2000000000003
2017-09-05 16:00:00,910.6000000000003
2017-09-05 17:00:00,911.6000000000003
2017-09-05 18:00:00,912.0000000000002
2017-09-05 19:00:00,912.9000000000003
2017-09-06 05:00:00,916.4000000000003
2017-09-06 13:00:00,913.9000000000003
2017-09-06 14:00:00,913.7000000000003
2017-09-06 15:00:00,914.4000000000003
2017-09-06 16:00:00,915.3000000000003
2017-09-06 17:00:00,915.8000000000003
2017-09-06 18:00:00,916.7000000000003
2017-09-06 19:00:00,916.4000000000003
2017-09-07 05:00:00,925.6000000000003
2017-09-07 13:00:00,920.2000000000003
2017-09-07 14:00:00,921.8000000000003
2017-09-07 15:00:00,924.3000000000003
2017-09-07 16:00:00,926.4000000000003
2017-09-07 17:00:00,926.8000000000003
2017-09-07 18:00:00,926.1000000000003
2017-09-07 19:00:00,925.6000000000003
2017-09-08 05:00:00,929.1000000000003
2017-09-08 13:00:00,926.8000000000003
2017-09-08 14:00:00,928.5000000000002
2017-09-08 15:00:00,929.6000000000003
2017-09-08 16:00:00,929.5000000000002
2017-09-08 17:00:00,929.7000000000003
2017-09-08 18:00:00,929.1000000000003
2017-09-08 19:00:00,929.0000000000002
2017-09-11 05:00:00,935.7000000000003
2017-09-11 13:00:00,933.7000000000003
2017-09-11 14:00:00,931.8000000000003
2017-09-11 15:00:00,932.1000000000003
2017-09-11 16:00:00,935.0000000000003
2017-09-11 17:00:00,934.6000000000003
2017-09-11 18:00:00,935.1000000000003
2017-09-11 19:00:00,935.6000000000003
2017-09-12 05:00:00,937.3000000000003
2017-09-12 13:00:00,935.6000000000003
2017-09-12 14:00:00,935.1000000000003
2017-09-12 15:00:00,935.9000000000003
2017-09-12 18:00:00,936.3000000000003
2017-09-12 19:00:00,937.3000000000003
2017-09-13 05:00:00,934.6000000000003
2017-09-13 13:00:00,936.9000000000003
2017-09-13 14:00:00,936.7000000000003
2017-09-13 15:00:00,934.7000000000003
2017-09-13 18:00:00,933.6000000000003
2017-09-13 19:00:00,934.6000000000003
2017-09-14 05:00:00,935.6000000000003
2017-09-14 13:00:00,932.4000000000003
2017-09-14 14:00:00,932.8000000000003
2017-09-14 15:00:00,935.8000000000003
2017-09-14 17:00:00,935.8000000000003
2017-09-14 18:00:00,936.1000000000003
2017-09-14 19:00:00,935.6000000000003
2017-09-15 05:00:00,932.9000000000003
2017-09-15 13:00:00,935.6000000000003
2017-09-15 14:00:00,936.4000000000003
2017-09-15 15:00:00,933.5000000000003
2017-09-15 18:00:00,932.8000000000003
2017-09-15 19:00:00,932.8000000000003
2017-09-18 05:00:00,932.6000000000003
2017-09-18 13:00:00,933.5000000000003
2017-09-18 14:00:00,933.5000000000003
2017-09-18 15:00:00,932.7000000000003
2017-09-18 17:00:00,933.3000000000003
2017-09-18 18:00:00,931.7000000000003
2017-09-18 19:00:00,932.6000000000003
2017-09-19 05:00:00,926.4000000000003
2017-09-19 11:00:00,937.2000000000003
2017-09-19 13:00:00,931.0000000000003
2017-09-19 14:00:00,927.7000000000003
2017-09-19 15:00:00,927.5000000000003
2017-09-19 16:00:00,927.4000000000003
2017-09-19 17:00:00,925.7000000000003
2017-09-19 18:00:00,926.0000000000003
2017-09-19 19:00:00,926.4000000000003
2017-09-20 05:00:00,927.3000000000003
2017-09-20 13:00:00,927.2000000000003
2017-09-20 14:00:00,926.1000000000003
2017-09-20 15:00:00,927.6000000000003
2017-09-20 16:00:00,927.1000000000003
2017-09-20 17:00:00,925.3000000000003
2017-09-20 18:00:00,923.4000000000003
2017-09-20 19:00:00,927.1000000000003
2017-09-21 05:00:00,922.9000000000003
2017-09-21 13:00:00,924.2000000000003
2017-09-21 14:00:00,925.3000000000003
2017-09-21 15:00:00,924.7000000000003
2017-09-21 16:00:00,925.6000000000003
2017-09-21 17:00:00,924.6000000000003
2017-09-21 19:00:00,922.7000000000003
2017-09-22 05:00:00,923.5000000000003
2017-09-22 13:00:00,921.6000000000003
2017-09-22 14:00:00,920.7000000000003
2017-09-22 15:00:00,919.1000000000003
2017-09-22 17:00:00,922.3000000000003
2017-09-22 18:00:00,922.2000000000003
2017-09-22 19:00:00,923.5000000000003
2017-09-25 05:00:00,920.4000000000003
2017-09-25 13:00:00,923.6000000000003
2017-09-25 14:00:00,922.5000000000003
2017-09-25 15:00:00,922.2000000000003
2017-09-25 16:00:00,920.6000000000003
2017-09-25 17:00:00,921.6000000000003
2017-09-25 18:00:00,920.0000000000003
2017-09-25 19:00:00,920.3000000000003
2017-09-26 05:00:00,918.6000000000003
2017-09-26 13:00:00,922.5000000000003
2017-09-26 14:00:00,921.5000000000003
2017-09-26 15:00:00,919.9000000000003
2017-09-26 16:00:00,920.3000000000003
2017-09-26 18:00:00,919.9000000000003
2017-09-26 19:00:00,918.6000000000003
2017-09-27 05:00:00,918.0000000000003
2017-09-27 13:00:00,918.7000000000003
2017-09-27 14:00:00,915.7000000000003
2017-09-27 15:00:00,916.3000000000003
2017-09-27 16:00:00,915.5000000000003
2017-09-27 17:00:00,915.9000000000003
2017-09-27 18:00:00,918.6000000000003
2017-09-27 19:00:00,918.0000000000003
2017-09-28 05:00:00,919.3000000000003
2017-09-28 13:00:00,919.4000000000003
2017-09-28 14:00:00,920.8000000000003
2017-09-28 15:00:00,920.9000000000003
2017-09-28 16:00:00,920.5000000000003
2017-09-28 18:00:00,919.8000000000003
2017-09-28 19:00:00,919.3000000000003
2017-09-29 05:00:00,923.4000000000003
2017-09-29 13:00:00,917.8000000000003
2017-09-29 14:00:00,918.5000000000003
2017-09-29 15:00:00,918.3000000000003
2017-09-29 16:00:00,920.5000000000003
2017-09-29 17:00:00,920.8000000000003
2017-09-29 19:00:00,923.6000000000003
2017-09-29 20:00:00,929.2000000000003
2017-10-02 05:00:00,931.5000000000003
2017-10-02 13:00:00,929.2000000000003
2017-10-02 14:00:00,928.8000000000003
2017-10-02 15:00:00,928.5000000000003
2017-10-02 16:00:00,929.2000000000003
2017-10-02 17:00:00,929.5000000000003
2017-10-02 18:00:00,929.7000000000003
2017-10-02 19:00:00,931.5000000000003
2017-10-03 05:00:00,932.1000000000003
2017-10-03 13:00:00,933.6000000000003
2017-10-03 14:00:00,928.9000000000003
2017-10-03 15:00:00,928.7000000000003
2017-10-03 16:00:00,931.2000000000003
2017-10-03 18:00:00,931.2000000000003
2017-10-03 19:00:00,931.8000000000003
2017-10-04 05:00:00,935.6000000000003
2017-10-04 13:00:00,934.1000000000003
2017-10-04 14:00:00,935.6000000000003
2017-10-04 15:00:00,935.0000000000003
2017-10-04 19:00:00,935.5000000000003
2017-10-05 05:00:00,935.9000000000003
2017-10-05 13:00:00,935.4000000000003
2017-10-05 14:00:00,933.7000000000003
2017-10-05 15:00:00,933.8000000000003
2017-10-05 16:00:00,934.0000000000003
2017-10-05 17:00:00,934.7000000000003
2017-10-06 05:00:00,935.1000000000003
2017-10-06 13:00:00,936.8000000000003
2017-10-06 14:00:00,936.6000000000003
2017-10-06 15:00:00,936.2000000000003
2017-10-06 16:00:00,934.5000000000003
2017-10-06 17:00:00,934.1000000000003
2017-10-06 18:00:00,935.3000000000003
2017-10-06 19:00:00,935.1000000000003
2017-10-09 05:00:00,929.8000000000003
2017-10-09 13:00:00,933.5000000000003
2017-10-09 14:00:00,929.9000000000003
2017-10-09 15:00:00,931.0000000000003
2017-10-09 16:00:00,930.2000000000003
2017-10-09 17:00:00,929.8000000000003
2017-10-09 18:00:00,930.4000000000003
2017-10-09 19:00:00,929.4000000000003
2017-10-10 05:00:00,931.5000000000003
2017-10-10 13:00:00,929.2000000000003
2017-10-10 14:00:00,928.6000000000003
2017-10-10 19:00:00,931.6000000000003
2017-10-11 05:00:00,933.5000000000003
2017-10-11 13:00:00,931.9000000000003
2017-10-11 14:00:00,931.7000000000003
2017-10-11 19:00:00,933.4000000000003
2017-10-12 05:00:00,932.5000000000003
2017-10-12 13:00:00,933.0000000000003
2017-10-12 14:00:00,932.5000000000003
2017-10-12 18:00:00,931.9000000000003
2017-10-12 19:00:00,931.8000000000003
2017-10-12 20:00:00,931.3000000000003
2017-10-13 05:00:00,929.8000000000003
2017-10-13 13:00:00,929.6000000000003
2017-10-13 14:00:00,928.5000000000003
2017-10-13 19:00:00,929.7000000000003
2017-10-16 05:00:00,926.5000000000003
2017-10-16 13:00:00,931.2000000000003
2017-10-16 14:00:00,931.3000000000003
2017-10-16 15:00:00,930.8000000000003
2017-10-16 16:00:00,927.6000000000003
2017-10-16 17:00:00,926.0000000000003
2017-10-16 18:00:00,925.1000000000003
2017-10-16 19:00:00,926.5000000000003
2017-10-17 05:00:00,937.5000000000003
2017-10-17 13:00:00,931.9000000000003
2017-10-17 14:00:00,934.5000000000003
2017-10-17 15:00:00,934.8000000000003
2017-10-17 16:00:00,935.0000000000003
2017-10-17 17:00:00,937.1000000000003
2017-10-17 18:00:00,938.5000000000003
2017-10-17 19:00:00,937.5000000000003
2017-10-18 05:00:00,939.1000000000003
2017-10-18 13:00:00,941.9000000000003
2017-10-18 14:00:00,939.3000000000003
2017-10-18 15:00:00,938.4000000000003
2017-10-18 16:00:00,939.2000000000003
2017-10-18 17:00:00,939.0000000000003
2017-10-18 19:00:00,939.0000000000003
2017-10-19 05:00:00,944.0000000000003
2017-10-19 13:00:00,938.9000000000003
2017-10-19 14:00:00,941.4000000000003
2017-10-19 15:00:00,940.8000000000003
2017-10-19 18:00:00,942.6000000000003
2017-10-19 19:00:00,944.0000000000003
2017-10-20 05:00:00,944.0000000000003
2017-10-20 13:00:00,942.7000000000003
2017-10-20 14:00:00,942.3000000000003
2017-10-20 15:00:00,942.6000000000003
2017-10-20 16:00:00,943.2000000000003
2017-10-20 17:00:00,944.4000000000003
2017-10-20 18:00:00,944.2000000000003
2017-10-20 19:00:00,944.0000000000003
2017-10-23 05:00:00,942.6000000000003
2017-10-23 13:00:00,945.0000000000003
2017-10-23 14:00:00,947.8000000000003
2017-10-23 15:00:00,946.6000000000003
2017-10-23 16:00:00,946.4000000000003
2017-10-23 18:00:00,945.3000000000003
2017-10-23 19:00:00,942.6000000000003
2017-10-24 05:00:00,936.4000000000003
2017-10-24 13:00:00,932.1000000000003
2017-10-24 14:00:00,936.2000000000003
2017-10-24 15:00:00,936.9000000000003
2017-10-24 16:00:00,937.2000000000003
2017-10-24 17:00:00,937.2000000000003
2017-10-24 18:00:00,937.1000000000003
2017-10-24 19:00:00,936.4000000000003
2017-10-25 05:00:00,936.0000000000003
2017-10-25 13:00:00,936.4000000000003
2017-10-25 14:00:00,936.1000000000003
2017-10-25 15:00:00,933.7000000000003
2017-10-25 16:00:00,934.2000000000003
2017-10-25 17:00:00,935.2000000000003
2017-10-25 18:00:00,935.4000000000003
2017-10-25 19:00:00,936.0000000000003
2017-10-26 05:00:00,927.1000000000003
2017-10-26 13:00:00,930.9000000000003
2017-10-26 14:00:00,930.0000000000003
2017-10-26 15:00:00,930.1000000000003
2017-10-26 16:00:00,930.6000000000003
2017-10-26 17:00:00,927.7000000000003
2017-10-26 18:00:00,924.6000000000003
2017-10-26 19:00:00,927.1000000000003
2017-10-27 05:00:00,926.7000000000003
2017-10-27 13:00:00,927.0000000000003
2017-10-27 14:00:00,926.6000000000003
2017-10-27 15:00:00,926.2000000000003
2017-10-27 16:00:00,925.9000000000003
2017-10-27 17:00:00,926.8000000000003
2017-10-27 18:00:00,926.2000000000003
2017-10-27 19:00:00,926.1000000000003
2017-10-30 05:00:00,918.3000000000003
2017-10-30 13:00:00,921.2000000000003
2017-10-30 14:00:00,921.5000000000003
2017-10-30 15:00:00,918.7000000000003
2017-10-30 16:00:00,919.1000000000003
2017-10-30 17:00:00,917.9000000000003
2017-10-30 18:00:00,917.7000000000003
2017-10-30 19:00:00,918.3000000000003
2017-10-31 05:00:00,916.8000000000003
2017-10-31 13:00:00,918.7000000000003
2017-10-31 14:00:00,918.3000000000003
2017-10-31 15:00:00,915.7000000000003
2017-10-31 16:00:00,916.0000000000003
2017-10-31 17:00:00,915.6000000000003
2017-10-31 18:00:00,916.4000000000003
2017-10-31 19:00:00,916.8000000000003
2017-11-01 05:00:00,918.1000000000003
2017-11-01 13:00:00,919.7000000000003
2017-11-01 14:00:00,919.8000000000003
2017-11-01 15:00:00,919.2000000000003
2017-11-01 16:00:00,919.7000000000003
2017-11-01 17:00:00,919.9000000000003
2017-11-01 18:00:00,919.2000000000003
2017-11-01 19:00:00,917.9000000000003
2017-11-02 05:00:00,914.8000000000003
2017-11-02 13:00:00,918.3000000000003
2017-11-02 14:00:00,917.1000000000003
2017-11-02 15:00:00,917.0000000000003
2017-11-02 16:00:00,915.7000000000003
2017-11-02 17:00:00,914.9000000000003
2017-11-02 18:00:00,913.3000000000003
2017-11-02 19:00:00,914.6000000000003
2017-11-03 05:00:00,920.9000000000003
2017-11-03 13:00:00,915.2000000000003
2017-11-03 14:00:00,915.8000000000003
2017-11-03 15:00:00,917.0000000000003
2017-11-03 16:00:00,918.8000000000003
2017-11-03 18:00:00,919.1000000000003
2017-11-03 19:00:00,920.4000000000003
2017-11-03 20:00:00,921.3000000000003
2017-11-06 06:00:00,918.3000000000003
2017-11-06 14:00:00,919.1000000000003
2017-11-06 15:00:00,918.7000000000003
2017-11-06 16:00:00,919.3000000000003
2017-11-06 17:00:00,919.7000000000003
2017-11-06 18:00:00,919.1000000000003
2017-11-06 19:00:00,919.4000000000003
2017-11-06 20:00:00,918.3000000000003
2017-11-07 06:00:00,920.1000000000003
2017-11-07 14:00:00,920.9000000000003
2017-11-07 15:00:00,917.9000000000003
2017-11-07 16:00:00,919.2000000000003
2017-11-07 17:00:00,918.6000000000003
2017-11-07 18:00:00,918.6000000000003
2017-11-07 20:00:00,920.1000000000003
2017-11-08 06:00:00,922.2000000000003
2017-11-08 14:00:00,919.5000000000003
2017-11-08 15:00:00,919.8000000000003
2017-11-08 16:00:00,919.3000000000003
2017-11-08 18:00:00,921.5000000000003
2017-11-08 19:00:00,922.5000000000003
2017-11-08 20:00:00,922.2000000000003
2017-11-09 06:00:00,922.4000000000003
2017-11-09 14:00:00,920.2000000000003
2017-11-09 15:00:00,920.6000000000003
2017-11-09 16:00:00,919.3000000000003
2017-11-09 17:00:00,918.6000000000003
2017-11-09 18:00:00,920.1000000000003
2017-11-09 19:00:00,920.6000000000003
2017-11-09 20:00:00,922.4000000000003
2017-11-10 06:00:00,916.8000000000003
2017-11-10 14:00:00,914.7000000000003
2017-11-10 15:00:00,912.4000000000003
2017-11-10 16:00:00,912.5000000000003
2017-11-10 17:00:00,913.8000000000003
2017-11-10 18:00:00,914.2000000000003
2017-11-10 19:00:00,915.3000000000003
2017-11-10 20:00:00,916.8000000000003
2017-11-13 06:00:00,917.9000000000003
2017-11-13 09:00:00,917.3000000000003
2017-11-13 14:00:00,913.1000000000003
2017-11-13 15:00:00,914.9000000000003
2017-11-13 19:00:00,917.0000000000003
2017-11-13 20:00:00,917.9000000000003
2017-11-14 06:00:00,914.4000000000003
2017-11-14 14:00:00,913.8000000000003
2017-11-14 15:00:00,915.0000000000003
2017-11-14 16:00:00,914.1000000000003
2017-11-14 17:00:00,912.4000000000003
2017-11-14 19:00:00,914.4000000000003
2017-11-14 20:00:00,914.3000000000003
2017-11-15 06:00:00,912.3000000000003
2017-11-15 14:00:00,910.6000000000003
2017-11-15 15:00:00,913.2000000000003
2017-11-15 16:00:00,913.6000000000003
2017-11-15 17:00:00,912.7000000000003
2017-11-15 18:00:00,912.5000000000003
2017-11-15 19:00:00,913.0000000000003
2017-11-15 20:00:00,912.3000000000003
2017-11-16 06:00:00,920.5000000000003
2017-11-16 14:00:00,915.5000000000003
2017-11-16 15:00:00,917.6000000000003
2017-11-16 16:00:00,918.4000000000003
2017-11-16 17:00:00,919.4000000000003
2017-11-16 18:00:00,920.2000000000003
2017-11-16 20:00:00,920.5000000000003
2017-11-17 06:00:00,917.1000000000003
2017-11-17 14:00:00,918.5000000000003
2017-11-17 15:00:00,917.5000000000003
2017-11-17 16:00:00,917.4000000000003
2017-11-17 17:00:00,917.6000000000003
2017-11-17 18:00:00,918.0000000000003
2017-11-17 19:00:00,918.3000000000003
2017-11-17 20:00:00,917.1000000000003
2017-11-20 06:00:00,914.0000000000003
2017-11-20 14:00:00,914.4000000000003
2017-11-20 15:00:00,913.8000000000003
2017-11-20 16:00:00,913.2000000000003
2017-11-20 17:00:00,913.2000000000003
2017-11-20 18:00:00,913.8000000000003
2017-11-20 19:00:00,914.7000000000003
2017-11-20 20:00:00,914.1000000000003
2017-11-21 06:00:00,920.5000000000003
2017-11-21 14:00:00,918.7000000000003
2017-11-21 15:00:00,920.8000000000003
2017-11-21 16:00:00,920.9000000000003
2017-11-21 18:00:00,921.9000000000003
2017-11-21 20:00:00,920.5000000000003
2017-11-22 06:00:00,920.2000000000003
2017-11-22 14:00:00,921.2000000000003
2017-11-22 15:00:00,922.3000000000003
2017-11-22 16:00:00,921.7000000000003
2017-11-22 17:00:00,920.2000000000003
2017-11-22 19:00:00,920.2000000000003
2017-11-22 20:00:00,920.7000000000003
2017-11-24 06:00:00,922.0000000000003
2017-11-24 14:00:00,921.2000000000003
2017-11-24 15:00:00,921.0000000000003
2017-11-24 18:00:00,924.6000000000003
2017-11-27 06:00:00,923.3000000000003
2017-11-27 14:00:00,923.6000000000003
2017-11-27 15:00:00,923.4000000000003
2017-11-27 16:00:00,922.7000000000003
2017-11-27 17:00:00,922.9000000000003
2017-11-27 18:00:00,921.9000000000003
2017-11-27 20:00:00,923.2000000000003
2017-11-28 06:00:00,928.4000000000003
2017-11-28 14:00:00,922.7000000000003
2017-11-28 15:00:00,924.1000000000003
2017-11-28 17:00:00,926.9000000000003
2017-11-28 18:00:00,927.5000000000003
2017-11-28 19:00:00,925.7000000000003
2017-11-28 20:00:00,928.4000000000003
2017-11-29 06:00:00,933.3000000000003
2017-11-29 14:00:00,934.3000000000003
2017-11-29 15:00:00,935.0000000000003
2017-11-29 16:00:00,934.4000000000003
2017-11-29 17:00:00,934.5000000000003
2017-11-29 18:00:00,933.4000000000003
2017-11-29 19:00:00,934.1000000000003
2017-11-29 20:00:00,933.4000000000003
2017-11-30 06:00:00,939.7000000000003
2017-11-30 14:00:00,935.9000000000003
2017-11-30 15:00:00,935.3000000000003
2017-11-30 16:00:00,936.1000000000003
2017-11-30 17:00:00,940.0000000000003
2017-11-30 18:00:00,939.1000000000003
2017-11-30 19:00:00,938.8000000000003
2017-11-30 20:00:00,939.8000000000003
2017-11-30 21:00:00,938.4000000000003
2017-12-01 06:00:00,937.8000000000003
2017-12-01 14:00:00,940.2000000000003
2017-12-01 15:00:00,939.6000000000003
2017-12-01 16:00:00,933.2000000000003
2017-12-01 17:00:00,935.2000000000003
2017-12-01 18:00:00,936.6000000000003
2017-12-01 19:00:00,937.0000000000003
2017-12-01 20:00:00,937.0000000000003
2017-12-04 06:00:00,928.0000000000003
2017-12-04 14:00:00,939.3000000000003
2017-12-04 15:00:00,939.3000000000003
2017-12-04 16:00:00,937.5000000000003
2017-12-04 17:00:00,937.0000000000003
2017-12-04 19:00:00,930.6000000000003
2017-12-04 20:00:00,928.0000000000003
2017-12-05 06:00:00,925.9000000000003
2017-12-05 14:00:00,929.9000000000003
2017-12-05 15:00:00,927.9000000000003
2017-12-05 16:00:00,930.0000000000003
2017-12-05 17:00:00,929.3000000000003
2017-12-05 19:00:00,927.1000000000003
2017-12-05 20:00:00,925.9000000000003
2017-12-06 06:00:00,924.8000000000003
2017-12-06 14:00:00,927.0000000000003
2017-12-06 15:00:00,924.5000000000003
2017-12-06 16:00:00,924.6000000000003
2017-12-06 17:00:00,921.8000000000003
2017-12-06 18:00:00,923.1000000000003
2017-12-06 19:00:00,924.5000000000003
2017-12-06 20:00:00,924.8000000000003
2017-12-07 06:00:00,924.8000000000003
2017-12-07 14:00:00,924.0000000000003
2017-12-07 15:00:00,923.4000000000003
2017-12-07 16:00:00,925.7000000000003
2017-12-07 17:00:00,925.9000000000003
2017-12-07 18:00:00,925.1000000000003
2017-12-07 20:00:00,924.9000000000003
2017-12-08 06:00:00,934.1000000000003
2017-12-08 14:00:00,930.5000000000003
2017-12-08 15:00:00,929.7000000000003
2017-12-08 16:00:00,931.3000000000003
2017-12-08 17:00:00,933.5000000000003
2017-12-08 18:00:00,933.8000000000003
2017-12-08 19:00:00,933.6000000000003
2017-12-08 20:00:00,934.1000000000003
2017-12-11 06:00:00,937.6000000000003
2017-12-11 14:00:00,935.4000000000002
2017-12-11 15:00:00,935.8000000000003
2017-12-11 19:00:00,937.4000000000002
2017-12-11 20:00:00,937.8000000000003
2017-12-12 06:00:00,941.3000000000003
2017-12-12 14:00:00,940.0000000000002
2017-12-12 15:00:00,939.4000000000002
2017-12-12 16:00:00,941.0000000000002
2017-12-12 17:00:00,940.7000000000003
2017-12-12 19:00:00,942.0000000000002
2017-12-13 06:00:00,944.3000000000003
2017-12-13 14:00:00,945.6000000000003
2017-12-13 15:00:00,944.3000000000003
2017-12-13 17:00:00,943.5000000000002
2017-12-13 18:00:00,942.8000000000003
2017-12-13 19:00:00,945.9000000000002
2017-12-13 20:00:00,944.0000000000002
2017-12-14 06:00:00,936.0000000000002
2017-12-14 14:00:00,944.1000000000003
2017-12-14 15:00:00,941.1000000000003
2017-12-14 17:00:00,938.6000000000003
2017-12-14 18:00:00,937.4000000000002
2017-12-14 19:00:00,936.1000000000003
2017-12-14 20:00:00,936.0000000000002
2017-12-15 06:00:00,944.4000000000002
2017-12-15 14:00:00,941.1000000000003
2017-12-15 15:00:00,943.4000000000002
2017-12-15 17:00:00,943.9000000000002
2017-12-15 19:00:00,944.3000000000003
2017-12-15 20:00:00,944.4000000000002
2017-12-18 06:00:00,944.9000000000002
2017-12-18 14:00:00,946.8000000000003
2017-12-18 15:00:00,946.5000000000002
2017-12-18 16:00:00,947.3000000000003
2017-12-18 17:00:00,947.2000000000003
2017-12-18 19:00:00,946.1000000000003
2017-12-18 20:00:00,944.9000000000002
2017-12-19 06:00:00,943.9000000000002
2017-12-19 14:00:00,945.9000000000002
2017-12-19 15:00:00,945.6000000000003
2017-12-19 16:00:00,944.4000000000002
2017-12-19 19:00:00,944.4000000000002
2017-12-19 20:00:00,943.9000000000002
2017-12-20 06:00:00,941.4000000000002
2017-12-20 14:00:00,944.5000000000002
2017-12-20 15:00:00,944.9000000000002
2017-12-20 20:00:00,941.3000000000003
2017-12-21 06:00:00,938.5000000000002
2017-12-21 14:00:00,941.5000000000002
2017-12-21 15:00:00,941.3000000000003
2017-12-21 16:00:00,940.4000000000002
2017-12-21 17:00:00,940.7000000000003
2017-12-21 18:00:00,940.3000000000003
2017-12-21 19:00:00,940.2000000000003
2017-12-21 20:00:00,938.5000000000002
2017-12-22 06:00:00,935.7000000000003
2017-12-22 14:00:00,937.1000000000003
2017-12-22 15:00:00,937.2000000000003
2017-12-22 16:00:00,934.4000000000002
2017-12-22 18:00:00,934.5000000000002
2017-12-22 19:00:00,936.1000000000003
2017-12-22 20:00:00,935.5000000000002
2017-12-26 06:00:00,936.0000000000002
2017-12-26 14:00:00,936.0000000000002
2017-12-26 16:00:00,936.6000000000003
2017-12-26 17:00:00,936.4000000000002
2017-12-26 20:00:00,935.7000000000003
2017-12-27 06:00:00,938.1000000000003
2017-12-27 14:00:00,938.1000000000003
2017-12-27 15:00:00,939.0000000000002
2017-12-27 17:00:00,938.8000000000003
2017-12-27 18:00:00,938.7000000000003
2017-12-27 19:00:00,937.9000000000002
2017-12-27 20:00:00,938.1000000000003
2017-12-28 06:00:00,938.8000000000003
2017-12-28 14:00:00,937.0000000000002
2017-12-28 15:00:00,937.3000000000003
2017-12-28 20:00:00,938.7000000000003
2017-12-29 06:00:00,933.6000000000003
2017-12-29 14:00:00,939.7000000000003
2017-12-29 15:00:00,939.7000000000003
2017-12-29 16:00:00,938.2000000000003
2017-12-29 18:00:00,936.7000000000003
2017-12-29 20:00:00,933.4000000000002
2018-01-02 06:00:00,942.3000000000003
2018-01-02 14:00:00,939.8000000000003
2018-01-02 15:00:00,941.9000000000002
2018-01-02 16:00:00,941.6000000000003
2018-01-02 17:00:00,941.2000000000003
2018-01-02 18:00:00,941.4000000000002
2018-01-02 19:00:00,940.7000000000003
2018-01-02 20:00:00,942.5000000000002
2018-01-03 06:00:00,950.6000000000003
2018-01-03 14:00:00,942.1000000000003
2018-01-03 15:00:00,946.2000000000003
2018-01-03 16:00:00,947.6000000000003
2018-01-03 18:00:00,950.3000000000003
2018-01-03 19:00:00,949.8000000000003
2018-01-03 20:00:00,950.6000000000003
2018-01-04 06:00:00,951.4000000000002
2018-01-04 14:00:00,951.6000000000003
2018-01-04 15:00:00,952.0000000000002
2018-01-04 16:00:00,949.6000000000003
2018-01-04 17:00:00,951.4000000000002
2018-01-04 18:00:00,952.3000000000003
2018-01-04 19:00:00,952.7000000000003
2018-01-04 20:00:00,951.5000000000002
2018-01-05 06:00:00,958.7000000000003
2018-01-05 14:00:00,953.4000000000002
2018-01-05 15:00:00,954.6000000000003
2018-01-05 16:00:00,955.2000000000003
2018-01-05 17:00:00,955.3000000000003
2018-01-05 18:00:00,954.8000000000003
2018-01-05 19:00:00,956.6000000000003
2018-01-05 20:00:00,958.7000000000003
2018-01-08 06:00:00,955.4000000000002
2018-01-08 14:00:00,955.0000000000002
2018-01-08 15:00:00,953.7000000000003
2018-01-08 17:00:00,953.7000000000003
2018-01-08 18:00:00,954.1000000000003
2018-01-08 19:00:00,954.7000000000003
2018-01-08 20:00:00,955.3000000000003
2018-01-09 06:00:00,964.7000000000003
2018-01-09 14:00:00,960.4000000000002
2018-01-09 15:00:00,962.8000000000003
2018-01-09 16:00:00,964.0000000000002
2018-01-09 17:00:00,963.1000000000003
2018-01-09 18:00:00,965.1000000000003
2018-01-09 19:00:00,965.9000000000002
2018-01-09 20:00:00,964.7000000000003
2018-01-10 06:00:00,963.7000000000003
2018-01-10 14:00:00,958.6000000000003
2018-01-10 15:00:00,961.0000000000002
2018-01-10 16:00:00,962.2000000000003
2018-01-10 17:00:00,961.8000000000003
2018-01-10 18:00:00,962.3000000000003
2018-01-10 19:00:00,961.2000000000003
2018-01-10 20:00:00,963.6000000000003
2018-01-11 06:00:00,967.3000000000003
2018-01-11 14:00:00,964.3000000000003
2018-01-11 15:00:00,963.1000000000003
2018-01-11 16:00:00,964.3000000000003
2018-01-11 17:00:00,965.3000000000003
2018-01-11 19:00:00,965.8000000000003
2018-01-11 20:00:00,967.3000000000003
2018-01-12 06:00:00,974.2000000000003
2018-01-12 14:00:00,971.6000000000003
2018-01-12 15:00:00,974.3000000000003
2018-01-12 16:00:00,973.5000000000002
2018-01-12 17:00:00,974.3000000000003
2018-01-12 18:00:00,974.3000000000003
2018-01-12 20:00:00,974.0000000000002
2018-01-16 06:00:00,978.2000000000003
2018-01-16 14:00:00,982.5000000000002
2018-01-16 15:00:00,980.4000000000002
2018-01-16 16:00:00,980.1000000000003
2018-01-16 17:00:00,981.2000000000003
2018-01-16 18:00:00,979.3000000000003
2018-01-16 19:00:00,978.4000000000002
2018-01-16 20:00:00,977.9000000000002
2018-01-17 06:00:00,986.6000000000003
2018-01-17 14:00:00,983.0000000000002
2018-01-17 15:00:00,982.7000000000003
2018-01-17 16:00:00,984.4000000000002
2018-01-17 17:00:00,985.0000000000002
2018-01-17 18:00:00,986.4000000000002
2018-01-17 20:00:00,986.7000000000003
2018-01-18 06:00:00,987.4000000000002
2018-01-18 14:00:00,983.5000000000002
2018-01-18 15:00:00,983.3000000000003
2018-01-18 16:00:00,982.4000000000002
2018-01-18 17:00:00,983.7000000000003
2018-01-18 18:00:00,985.0000000000002
2018-01-18 19:00:00,986.9000000000002
2018-01-18 20:00:00,987.3000000000003
2018-01-18 21:00:00,984.8000000000003
2018-01-19 06:00:00,990.3000000000003
2018-01-19 14:00:00,989.2000000000003
2018-01-19 15:00:00,989.0000000000002
2018-01-19 16:00:00,988.3000000000003
2018-01-19 17:00:00,987.9000000000002
2018-01-19 18:00:00,987.0000000000002
2018-01-19 19:00:00,988.5000000000002
2018-01-19 20:00:00,990.3000000000003
2018-01-22 06:00:00,996.0000000000002
2018-01-22 14:00:00,990.1000000000003
2018-01-22 15:00:00,992.3000000000003
2018-01-22 16:00:00,991.7000000000003
2018-01-22 17:00:00,994.2000000000003
2018-01-22 18:00:00,993.7000000000003
2018-01-22 19:00:00,993.8000000000003
2018-01-22 20:00:00,996.0000000000002
2018-01-22 21:00:00,996.0000000000002
2018-01-23 06:00:00,992.1000000000003
2018-01-23 14:00:00,994.8000000000003
2018-01-23 15:00:00,997.9000000000002
2018-01-23 16:00:00,994.7000000000003
2018-01-23 17:00:00,993.2000000000003
2018-01-23 18:00:00,995.3000000000003
2018-01-23 19:00:00,993.7000000000003
2018-01-23 20:00:00,992.0000000000002
2018-01-24 06:00:00,994.5000000000002
2018-01-24 14:00:00,997.6000000000003
2018-01-24 15:00:00,996.1000000000003
2018-01-24 16:00:00,993.8000000000003
2018-01-24 17:00:00,993.2000000000003
2018-01-24 18:00:00,995.4000000000002
2018-01-24 19:00:00,995.6000000000003
2018-01-24 20:00:00,994.3000000000003
2018-01-25 06:00:00,1002.1000000000003
2018-01-25 14:00:00,996.6000000000003
2018-01-25 15:00:00,998.2000000000003
2018-01-25 16:00:00,1000.6000000000003
2018-01-25 17:00:00,1001.2000000000003
2018-01-25 18:00:00,1002.3000000000003
2018-01-25 19:00:00,1000.0000000000002
2018-01-25 20:00:00,1002.0000000000002
2018-01-26 06:00:00,1021.3000000000003
2018-01-26 14:00:00,1012.2000000000003
2018-01-26 15:00:00,1012.6000000000003
2018-01-26 16:00:00,1012.1000000000003
2018-01-26 17:00:00,1014.5000000000002
2018-01-26 18:00:00,1017.2000000000003
2018-01-26 19:00:00,1017.6000000000003
2018-01-26 20:00:00,1021.3000000000003
2018-01-29 06:00:00,1019.4000000000002
2018-01-29 14:00:00,1023.1000000000003
2018-01-29 15:00:00,1020.2000000000003
2018-01-29 16:00:00,1020.0000000000002
2018-01-29 17:00:00,1021.3000000000003
2018-01-29 18:00:00,1021.5000000000002
2018-01-29 19:00:00,1021.0000000000002
2018-01-29 20:00:00,1019.1000000000003
2018-01-30 06:00:00,999.7000000000003
2018-01-30 12:00:00,1003.2000000000003
2018-01-30 14:00:00,1000.7000000000003
2018-01-30 15:00:00,1004.5000000000002
2018-01-30 16:00:00,1005.0000000000002
2018-01-30 17:00:00,1000.6000000000003
2018-01-30 18:00:00,1001.9000000000002
2018-01-30 19:00:00,1000.0000000000002
2018-01-30 20:00:00,1001.5000000000002
2018-01-31 06:00:00,987.2000000000003
2018-01-31 14:00:00,996.6000000000003
2018-01-31 15:00:00,991.1000000000003
2018-01-31 16:00:00,990.4000000000002
2018-01-31 17:00:00,990.6000000000003
2018-01-31 18:00:00,990.7000000000003
2018-01-31 19:00:00,986.1000000000003
2018-01-31 20:00:00,987.2000000000003
2018-02-01 06:00:00,986.5000000000002
2018-02-01 14:00:00,986.4000000000002
2018-02-01 15:00:00,983.5000000000002
2018-02-01 16:00:00,988.0000000000002
2018-02-01 17:00:00,989.3000000000003
2018-02-01 18:00:00,988.4000000000002
2018-02-01 19:00:00,986.3000000000003
2018-02-01 20:00:00,986.6000000000003
2018-02-02 06:00:00,974.0000000000002
2018-02-02 14:00:00,984.0000000000002
2018-02-02 15:00:00,983.1000000000003
2018-02-02 16:00:00,982.6000000000003
2018-02-02 17:00:00,984.6000000000003
2018-02-02 18:00:00,981.1000000000003
2018-02-02 19:00:00,978.4000000000002
2018-02-02 20:00:00,974.0000000000002
2018-02-05 06:00:00,936.7000000000003
2018-02-05 14:00:00,967.7000000000003
2018-02-05 15:00:00,970.0000000000002
2018-02-05 16:00:00,965.5000000000002
2018-02-05 17:00:00,962.6000000000003
2018-02-05 18:00:00,958.6000000000003
2018-02-05 19:00:00,946.6000000000003
2018-02-05 20:00:00,937.5000000000002
2018-02-06 06:00:00,942.0000000000002
2018-02-06 14:00:00,938.5000000000002
2018-02-06 15:00:00,931.9000000000002
2018-02-06 16:00:00,927.2000000000003
2018-02-06 17:00:00,932.4000000000002
2018-02-06 18:00:00,925.5000000000002
2018-02-06 19:00:00,938.3000000000003
2018-02-06 20:00:00,941.9000000000002
2018-02-07 06:00:00,944.2000000000003
2018-02-07 14:00:00,949.0000000000002
2018-02-07 15:00:00,949.7000000000003
2018-02-07 16:00:00,952.1000000000003
2018-02-07 17:00:00,952.0000000000002
2018-02-07 18:00:00,947.4000000000002
2018-02-07 19:00:00,945.2000000000003
2018-02-07 20:00:00,944.1000000000003
2018-02-08 06:00:00,914.2000000000003
2018-02-08 14:00:00,944.8000000000003
2018-02-08 15:00:00,936.8000000000003
2018-02-08 16:00:00,935.6000000000003
2018-02-08 17:00:00,924.8000000000003
2018-02-08 18:00:00,934.7000000000003
2018-02-08 19:00:00,931.3000000000003
2018-02-08 20:00:00,922.7000000000003
2018-02-09 06:00:00,925.9000000000002
2018-02-09 14:00:00,919.5000000000002
2018-02-09 15:00:00,913.9000000000002
2018-02-09 16:00:00,909.5000000000002
2018-02-09 17:00:00,908.9000000000002
2018-02-09 18:00:00,908.2000000000003
2018-02-09 19:00:00,916.3000000000003
2018-02-09 20:00:00,925.9000000000002
2018-02-12 06:00:00,933.0000000000002
2018-02-12 14:00:00,930.6000000000003
2018-02-12 15:00:00,926.5000000000002
2018-02-12 16:00:00,933.0000000000002
2018-02-12 17:00:00,933.1000000000003
2018-02-12 18:00:00,937.1000000000003
2018-02-12 19:00:00,935.0000000000002
2018-02-12 20:00:00,933.1000000000003
2018-02-12 21:00:00,926.1000000000003
2018-02-13 06:00:00,935.5000000000002
2018-02-13 14:00:00,925.5000000000002
2018-02-13 15:00:00,929.1000000000003
2018-02-13 16:00:00,927.7000000000003
2018-02-13 17:00:00,928.4000000000002
2018-02-13 18:00:00,932.0000000000002
2018-02-13 19:00:00,934.1000000000003
2018-02-13 20:00:00,933.3000000000003
2018-02-14 06:00:00,942.3000000000003
2018-02-14 14:00:00,930.2000000000003
2018-02-14 15:00:00,935.6000000000003
2018-02-14 16:00:00,933.6000000000003
2018-02-14 17:00:00,938.8000000000003
2018-02-14 18:00:00,943.1000000000003
2018-02-14 19:00:00,940.6000000000003
2018-02-14 20:00:00,942.3000000000003
2018-02-15 06:00:00,951.7000000000003
2018-02-15 14:00:00,947.1000000000003
2018-02-15 15:00:00,942.0000000000002
2018-02-15 16:00:00,945.1000000000003
2018-02-15 17:00:00,947.3000000000003
2018-02-15 18:00:00,948.5000000000002
2018-02-15 19:00:00,949.0000000000002
2018-02-15 20:00:00,951.9000000000002
2018-02-16 06:00:00,958.1000000000003
2018-02-16 14:00:00,955.4000000000002
2018-02-16 15:00:00,955.9000000000002
2018-02-16 16:00:00,961.6000000000003
2018-02-16 17:00:00,961.6000000000003
2018-02-16 18:00:00,960.2000000000003
2018-02-16 19:00:00,959.5000000000002
2018-02-16 20:00:00,959.9000000000002
2018-02-20 06:00:00,949.1000000000003
2018-02-20 14:00:00,952.5000000000002
2018-02-20 15:00:00,949.8000000000003
2018-02-20 16:00:00,954.6000000000003
2018-02-20 17:00:00,956.4000000000002
2018-02-20 18:00:00,953.4000000000002
2018-02-20 19:00:00,950.7000000000003
2018-02-20 20:00:00,949.1000000000003
2018-02-21 06:00:00,945.2000000000003
2018-02-21 14:00:00,951.4000000000002
2018-02-21 15:00:00,952.7000000000003
2018-02-21 16:00:00,952.8000000000003
2018-02-21 17:00:00,954.0000000000002
2018-02-21 18:00:00,955.8000000000003
2018-02-21 19:00:00,956.0000000000002
2018-02-21 20:00:00,945.2000000000003
2018-02-22 06:00:00,944.0000000000002
2018-02-22 14:00:00,947.9000000000002
2018-02-22 15:00:00,950.4000000000002
2018-02-22 16:00:00,952.8000000000003
2018-02-22 17:00:00,950.0000000000002
2018-02-22 18:00:00,946.4000000000002
2018-02-22 19:00:00,944.2000000000003
2018-02-22 20:00:00,944.0000000000002
2018-02-23 06:00:00,957.1000000000003
2018-02-23 14:00:00,946.6000000000003
2018-02-23 15:00:00,947.7000000000003
2018-02-23 16:00:00,948.8000000000003
2018-02-23 17:00:00,949.4000000000002
2018-02-23 18:00:00,950.4000000000002
2018-02-23 19:00:00,951.3000000000003
2018-02-23 20:00:00,957.1000000000003
2018-02-26 06:00:00,967.2000000000003
2018-02-26 14:00:00,962.4000000000002
2018-02-26 15:00:00,961.2000000000003
2018-02-26 16:00:00,962.7000000000003
2018-02-26 17:00:00,966.1000000000003
2018-02-26 18:00:00,965.6000000000003
2018-02-26 19:00:00,965.8000000000003
2018-02-26 20:00:00,967.2000000000003
2018-02-26 21:00:00,959.5000000000002
2018-02-27 06:00:00,959.5000000000002
2018-02-27 14:00:00,966.6000000000003
2018-02-27 15:00:00,965.9000000000002
2018-02-27 16:00:00,965.3000000000003
2018-02-27 17:00:00,964.9000000000002
2018-02-27 18:00:00,963.7000000000003
2018-02-27 19:00:00,962.0000000000002
2018-02-27 20:00:00,959.7000000000003
2018-02-28 06:00:00,945.4000000000002
2018-02-28 14:00:00,960.4000000000002
2018-02-28 15:00:00,956.8000000000003
2018-02-28 16:00:00,954.8000000000003
2018-02-28 17:00:00,956.3000000000003
2018-02-28 18:00:00,956.9000000000002
2018-02-28 19:00:00,953.3000000000003
2018-02-28 20:00:00,945.5000000000002
2018-03-01 06:00:00,931.6000000000003
2018-03-01 14:00:00,940.1000000000003
2018-03-01 15:00:00,941.9000000000002
2018-03-01 16:00:00,945.0000000000002
2018-03-01 17:00:00,938.3000000000003
2018-03-01 18:00:00,930.0000000000002
2018-03-01 19:00:00,928.7000000000003
2018-03-01 20:00:00,931.6000000000003
2018-03-02 06:00:00,940.6000000000003
2018-03-02 14:00:00,929.0000000000002
2018-03-02 15:00:00,932.5000000000002
2018-03-02 16:00:00,937.6000000000003
2018-03-02 17:00:00,939.1000000000003
2018-03-02 18:00:00,935.4000000000002
2018-03-02 19:00:00,937.5000000000002
2018-03-02 20:00:00,940.6000000000003
2018-03-05 06:00:00,947.0000000000002
2018-03-05 14:00:00,935.3000000000003
2018-03-05 15:00:00,938.8000000000003
2018-03-05 16:00:00,944.1000000000003
2018-03-05 17:00:00,944.2000000000003
2018-03-05 18:00:00,945.3000000000003
2018-03-05 19:00:00,946.6000000000003
2018-03-05 20:00:00,946.5000000000002
2018-03-06 06:00:00,945.8000000000003
2018-03-06 14:00:00,946.8000000000003
2018-03-06 15:00:00,943.2000000000003
2018-03-06 16:00:00,942.7000000000003
2018-03-06 17:00:00,945.2000000000003
2018-03-06 18:00:00,944.9000000000002
2018-03-06 19:00:00,945.2000000000003
2018-03-06 20:00:00,945.8000000000003
2018-03-07 06:00:00,950.1000000000003
2018-03-07 14:00:00,943.4000000000002
2018-03-07 15:00:00,946.8000000000003
2018-03-07 16:00:00,943.2000000000003
2018-03-07 17:00:00,944.0000000000002
2018-03-07 18:00:00,944.6000000000003
2018-03-07 19:00:00,946.0000000000002
2018-03-07 20:00:00,950.3000000000003
2018-03-08 06:00:00,955.4000000000002
2018-03-08 14:00:00,951.7000000000003
2018-03-08 15:00:00,955.1000000000003
2018-03-08 16:00:00,954.3000000000003
2018-03-08 17:00:00,952.8000000000003
2018-03-08 18:00:00,952.6000000000003
2018-03-08 19:00:00,954.6000000000003
2018-03-08 20:00:00,955.4000000000002
2018-03-09 06:00:00,968.8000000000003
2018-03-09 14:00:00,959.6000000000003
2018-03-09 15:00:00,962.0000000000002
2018-03-09 16:00:00,962.9000000000002
2018-03-09 17:00:00,965.2000000000003
2018-03-09 18:00:00,965.2000000000003
2018-03-09 19:00:00,968.0000000000002
2018-03-09 20:00:00,968.8000000000003
2018-03-12 05:00:00,965.0000000000002
2018-03-12 13:00:00,969.0000000000002
2018-03-12 14:00:00,966.1000000000003
2018-03-12 15:00:00,966.6000000000003
2018-03-12 16:00:00,966.4000000000002
2018-03-12 17:00:00,966.0000000000002
2018-03-12 18:00:00,964.1000000000003
2018-03-12 19:00:00,966.1000000000003
2018-03-13 05:00:00,966.3000000000003
2018-03-13 13:00:00,970.6000000000003
2018-03-13 14:00:00,970.0000000000002
2018-03-13 15:00:00,969.2000000000003
2018-03-13 16:00:00,968.3000000000003
2018-03-13 17:00:00,968.6000000000003
2018-03-13 18:00:00,965.3000000000003
2018-03-13 19:00:00,966.1000000000003
2018-03-14 05:00:00,961.4000000000002
2018-03-14 13:00:00,969.0000000000002
2018-03-14 14:00:00,966.3000000000003
2018-03-14 15:00:00,962.9000000000002
2018-03-14 16:00:00,961.0000000000002
2018-03-14 17:00:00,962.0000000000002
2018-03-14 18:00:00,960.6000000000003
2018-03-14 19:00:00,961.4000000000002
2018-03-15 05:00:00,960.2000000000003
2018-03-15 13:00:00,963.2000000000003
2018-03-15 14:00:00,963.2000000000003
2018-03-15 15:00:00,963.9000000000002
2018-03-15 16:00:00,963.6000000000003
2018-03-15 17:00:00,960.4000000000002
2018-03-15 18:00:00,958.9000000000002
2018-03-15 19:00:00,960.2000000000003
2018-03-16 05:00:00,959.9000000000002
2018-03-16 13:00:00,962.7000000000003
2018-03-16 14:00:00,962.3000000000003
2018-03-16 15:00:00,962.1000000000003
2018-03-16 16:00:00,963.2000000000003
2018-03-16 17:00:00,961.4000000000002
2018-03-16 18:00:00,961.1000000000003
2018-03-16 19:00:00,959.5000000000002
2018-03-19 05:00:00,945.9000000000002
2018-03-19 13:00:00,955.7000000000003
2018-03-19 14:00:00,952.6000000000003
2018-03-19 15:00:00,948.8000000000003
2018-03-19 16:00:00,946.8000000000003
2018-03-19 17:00:00,943.7000000000003
2018-03-19 18:00:00,941.6000000000003
2018-03-19 19:00:00,945.9000000000002
2018-03-20 05:00:00,946.4000000000002
2018-03-20 13:00:00,945.5000000000002
2018-03-20 14:00:00,944.8000000000003
2018-03-20 15:00:00,941.9000000000002
2018-03-20 16:00:00,944.5000000000002
2018-03-20 17:00:00,943.7000000000003
2018-03-20 18:00:00,947.8000000000003
2018-03-20 19:00:00,946.4000000000002
2018-03-21 05:00:00,943.9000000000002
2018-03-21 13:00:00,947.3000000000003
2018-03-21 14:00:00,946.1000000000003
2018-03-21 15:00:00,948.8000000000003
2018-03-21 16:00:00,948.3000000000003
2018-03-21 17:00:00,947.1000000000003
2018-03-21 18:00:00,943.3000000000003
2018-03-21 19:00:00,943.9000000000002
2018-03-22 05:00:00,918.8000000000003
2018-03-22 13:00:00,931.4000000000002
2018-03-22 14:00:00,929.9000000000002
2018-03-22 15:00:00,926.8000000000003
2018-03-22 16:00:00,928.2000000000003
2018-03-22 17:00:00,930.9000000000002
2018-03-22 18:00:00,925.7000000000003
2018-03-22 19:00:00,919.0000000000002
2018-03-23 05:00:00,914.5000000000002
2018-03-23 13:00:00,919.4000000000002
2018-03-23 14:00:00,918.6000000000003
2018-03-23 15:00:00,914.8000000000003
2018-03-23 16:00:00,915.9000000000002
2018-03-23 17:00:00,917.8000000000003
2018-03-23 18:00:00,907.3000000000003
2018-03-23 19:00:00,901.5000000000002
2018-03-26 05:00:00,916.9000000000002
2018-03-26 13:00:00,910.7000000000003
2018-03-26 14:00:00,906.8000000000003
2018-03-26 15:00:00,902.7000000000003
2018-03-26 16:00:00,904.0000000000002
2018-03-26 17:00:00,907.0000000000002
2018-03-26 18:00:00,912.7000000000003
2018-03-26 19:00:00,916.9000000000002
2018-03-27 05:00:00,907.8000000000003
2018-03-27 13:00:00,917.0000000000002
2018-03-27 14:00:00,916.4000000000002
2018-03-27 15:00:00,920.0000000000002
2018-03-27 16:00:00,920.4000000000002
2018-03-27 17:00:00,918.4000000000002
2018-03-27 18:00:00,915.0000000000002
2018-03-27 19:00:00,907.8000000000003
2018-03-28 05:00:00,912.4000000000002
2018-03-28 13:00:00,914.7000000000003
2018-03-28 14:00:00,912.3000000000003
2018-03-28 15:00:00,913.1000000000003
2018-03-28 16:00:00,913.6000000000003
2018-03-28 17:00:00,916.4000000000002
2018-03-28 18:00:00,914.3000000000003
2018-03-28 19:00:00,912.2000000000003
2018-03-28 20:00:00,902.5000000000002
2018-03-29 05:00:00,918.1000000000003
2018-03-29 13:00:00,912.4000000000002
2018-03-29 14:00:00,916.3000000000003
2018-03-29 15:00:00,917.8000000000003
2018-03-29 16:00:00,917.5000000000002
2018-03-29 17:00:00,919.4000000000002
2018-03-29 18:00:00,921.9000000000002
2018-03-29 19:00:00,917.9000000000002
2018-03-29 20:00:00,917.2000000000003
2018-04-02 05:00:00,900.0000000000002
2018-04-02 13:00:00,914.4000000000002
2018-04-02 14:00:00,908.6000000000003
2018-04-02 15:00:00,900.5000000000002
2018-04-02 16:00:00,900.7000000000003
2018-04-02 17:00:00,893.9000000000002
2018-04-02 18:00:00,894.4000000000002
2018-04-02 19:00:00,899.9000000000002
2018-04-03 05:00:00,910.9000000000002
2018-04-03 13:00:00,903.1000000000003
2018-04-03 14:00:00,905.5000000000002
2018-04-03 15:00:00,902.3000000000003
2018-04-03 16:00:00,901.9000000000002
2018-04-03 17:00:00,905.3000000000003
2018-04-03 18:00:00,905.7000000000003
2018-04-03 19:00:00,910.9000000000002
2018-04-04 05:00:00,922.6000000000003
2018-04-04 13:00:00,904.5000000000002
2018-04-04 14:00:00,907.2000000000003
2018-04-04 15:00:00,908.6000000000003
2018-04-04 16:00:00,913.7000000000003
2018-04-04 17:00:00,912.0000000000002
2018-04-04 18:00:00,919.1000000000003
2018-04-04 19:00:00,922.7000000000003
2018-04-05 05:00:00,911.1000000000003
2018-04-05 13:00:00,923.8000000000003
2018-04-05 14:00:00,922.4000000000002
2018-04-05 15:00:00,925.5000000000002
2018-04-05 16:00:00,923.3000000000003
2018-04-05 17:00:00,921.1000000000003
2018-04-05 18:00:00,923.0000000000002
2018-04-05 19:00:00,922.2000000000003
2018-04-06 05:00:00,903.7000000000003
2018-04-06 13:00:00,917.6000000000003
2018-04-06 14:00:00,912.3000000000003
2018-04-06 15:00:00,911.8000000000003
2018-04-06 16:00:00,911.6000000000003
2018-04-06 17:00:00,903.2000000000003
2018-04-06 18:00:00,896.1000000000003
2018-04-06 19:00:00,903.7000000000003
2018-04-09 05:00:00,908.9000000000002
2018-04-09 13:00:00,908.2000000000003
2018-04-09 14:00:00,911.0000000000002
2018-04-09 15:00:00,916.5000000000002
2018-04-09 16:00:00,918.5000000000002
2018-04-09 17:00:00,920.8000000000003
2018-04-09 18:00:00,918.1000000000003
2018-04-09 19:00:00,908.8000000000003
2018-04-09 20:00:00,908.1000000000003
2018-04-10 05:00:00,911.1000000000003
2018-04-10 13:00:00,916.2000000000003
2018-04-10 14:00:00,923.7000000000003
2018-04-10 15:00:00,923.9000000000002
2018-04-10 16:00:00,922.8000000000003
2018-04-10 17:00:00,923.6000000000003
2018-04-10 18:00:00,923.8000000000003
2018-04-10 19:00:00,923.1000000000003
2018-04-10 20:00:00,926.1000000000003
2018-04-11 05:00:00,916.9000000000002
2018-04-11 13:00:00,919.5000000000002
2018-04-11 14:00:00,918.4000000000002
2018-04-11 15:00:00,919.8000000000003
2018-04-11 16:00:00,919.5000000000002
2018-04-11 17:00:00,918.4000000000002
2018-04-11 18:00:00,919.2000000000003
2018-04-11 19:00:00,916.9000000000002
2018-04-12 05:00:00,923.0000000000002
2018-04-12 13:00:00,924.5000000000002
2018-04-12 14:00:00,923.4000000000002
2018-04-12 15:00:00,923.4000000000002
2018-04-12 16:00:00,924.9000000000002
2018-04-12 17:00:00,922.8000000000003
2018-04-12 18:00:00,924.7000000000003
2018-04-12 19:00:00,924.8000000000003
2018-04-13 05:00:00,922.3000000000003
2018-04-13 13:00:00,925.3000000000003
2018-04-13 14:00:00,921.5000000000002
2018-04-13 15:00:00,922.0000000000002
2018-04-13 16:00:00,921.8000000000003
2018-04-13 17:00:00,923.6000000000003
2018-04-13 18:00:00,921.3000000000003
2018-04-13 19:00:00,922.3000000000003
2018-04-16 05:00:00,928.7000000000003
2018-04-16 13:00:00,927.8000000000003
2018-04-16 14:00:00,927.0000000000002
2018-04-16 15:00:00,927.2000000000003
2018-04-16 16:00:00,928.9000000000002
2018-04-16 17:00:00,931.0000000000002
2018-04-16 18:00:00,929.6000000000003
2018-04-16 19:00:00,928.7000000000003
2018-04-17 05:00:00,935.5000000000002
2018-04-17 12:00:00,933.1000000000003
2018-04-17 13:00:00,930.6000000000003
2018-04-17 14:00:00,932.9000000000002
2018-04-17 15:00:00,934.2000000000003
2018-04-17 16:00:00,933.8000000000003
2018-04-17 17:00:00,933.8000000000003
2018-04-17 18:00:00,933.4000000000002
2018-04-17 19:00:00,935.5000000000002
2018-04-18 04:00:00,937.1000000000003
2018-04-18 05:00:00,935.3000000000003
2018-04-18 13:00:00,933.7000000000003
2018-04-18 14:00:00,934.3000000000003
2018-04-18 15:00:00,936.7000000000003
2018-04-18 16:00:00,938.4000000000002
2018-04-18 17:00:00,937.3000000000003
2018-04-18 18:00:00,937.7000000000003
2018-04-18 19:00:00,935.0000000000002
2018-04-19 05:00:00,928.5000000000002
2018-04-19 13:00:00,932.8000000000003
2018-04-19 14:00:00,929.2000000000003
2018-04-19 15:00:00,928.5000000000002
2018-04-19 16:00:00,926.7000000000003
2018-04-19 17:00:00,926.2000000000003
2018-04-19 18:00:00,927.6000000000003
2018-04-19 19:00:00,928.6000000000003
2018-04-20 05:00:00,923.5000000000002
2018-04-20 13:00:00,928.1000000000003
2018-04-20 14:00:00,924.9000000000002
2018-04-20 15:00:00,924.6000000000003
2018-04-20 16:00:00,924.2000000000003
2018-04-20 17:00:00,924.6000000000003
2018-04-20 18:00:00,923.7000000000003
2018-04-20 19:00:00,923.5000000000002
2018-04-23 05:00:00,926.8000000000003
2018-04-23 13:00:00,927.2000000000003
2018-04-23 14:00:00,927.1000000000003
2018-04-23 15:00:00,928.0000000000002
2018-04-23 16:00:00,927.9000000000002
2018-04-23 17:00:00,927.8000000000003
2018-04-23 18:00:00,925.2000000000003
2018-04-23 19:00:00,926.8000000000003
2018-04-24 05:00:00,920.4000000000002
2018-04-24 13:00:00,928.1000000000003
2018-04-24 14:00:00,927.8000000000003
2018-04-24 15:00:00,928.6000000000003
2018-04-24 16:00:00,924.8000000000003
2018-04-24 17:00:00,918.2000000000003
2018-04-24 18:00:00,917.9000000000002
2018-04-24 19:00:00,920.4000000000002
2018-04-25 05:00:00,924.2000000000003
2018-04-25 13:00:00,915.1000000000003
2018-04-25 14:00:00,918.1000000000003
2018-04-25 15:00:00,916.1000000000003
2018-04-25 16:00:00,918.0000000000002
2018-04-25 17:00:00,920.1000000000003
2018-04-25 18:00:00,922.1000000000003
2018-04-25 19:00:00,924.2000000000003
2018-04-26 05:00:00,933.2000000000003
2018-04-26 13:00:00,929.8000000000003
2018-04-26 14:00:00,930.8000000000003
2018-04-26 15:00:00,930.1000000000003
2018-04-26 16:00:00,931.7000000000003
2018-04-26 17:00:00,934.4000000000002
2018-04-26 18:00:00,935.9000000000002
2018-04-26 19:00:00,933.2000000000003
2018-04-27 05:00:00,937.8000000000003
2018-04-27 13:00:00,933.4000000000002
2018-04-27 14:00:00,933.8000000000003
2018-04-27 15:00:00,935.3000000000003
2018-04-27 16:00:00,937.7000000000003
2018-04-27 19:00:00,937.8000000000003
2018-04-30 05:00:00,924.9000000000002
2018-04-30 13:00:00,937.5000000000002
2018-04-30 14:00:00,938.0000000000002
2018-04-30 15:00:00,934.0000000000002
2018-04-30 16:00:00,929.1000000000003
2018-04-30 17:00:00,931.5000000000002
2018-04-30 18:00:00,928.7000000000003
2018-04-30 19:00:00,925.8000000000003
2018-04-30 20:00:00,925.7000000000003
2018-05-01 05:00:00,924.6000000000003
2018-05-01 13:00:00,925.5000000000002
2018-05-01 14:00:00,921.4000000000002
2018-05-01 15:00:00,919.2000000000003
2018-05-01 16:00:00,920.2000000000003
2018-05-01 17:00:00,921.8000000000003
2018-05-01 18:00:00,923.6000000000003
2018-05-01 19:00:00,924.6000000000003
2018-05-02 05:00:00,913.7000000000003
2018-05-02 13:00:00,918.0000000000002
2018-05-02 14:00:00,916.5000000000002
2018-05-02 15:00:00,915.5000000000002
2018-05-02 16:00:00,916.1000000000003
2018-05-02 17:00:00,918.0000000000002
2018-05-02 18:00:00,916.9000000000002
2018-05-02 19:00:00,914.0000000000002
2018-05-03 05:00:00,905.8000000000003
2018-05-03 13:00:00,906.3000000000003
2018-05-03 14:00:00,896.0000000000002
2018-05-03 15:00:00,900.6000000000003
2018-05-03 16:00:00,905.5000000000002
2018-05-03 17:00:00,905.5000000000002
2018-05-03 18:00:00,904.6000000000003
2018-05-03 19:00:00,904.5000000000002
2018-05-04 05:00:00,911.5000000000002
2018-05-04 13:00:00,900.7000000000003
2018-05-04 14:00:00,906.3000000000003
2018-05-04 15:00:00,907.7000000000003
2018-05-04 16:00:00,909.3000000000003
2018-05-04 17:00:00,911.2000000000003
2018-05-04 18:00:00,914.3000000000003
2018-05-04 19:00:00,911.5000000000002
2018-05-07 05:00:00,911.1000000000003
2018-05-07 13:00:00,917.5000000000002
2018-05-07 14:00:00,912.7000000000003
2018-05-07 15:00:00,912.4000000000002
2018-05-07 16:00:00,913.1000000000003
2018-05-07 17:00:00,912.2000000000003
2018-05-07 18:00:00,911.9000000000002
2018-05-07 19:00:00,911.4000000000002
2018-05-08 05:00:00,904.7000000000003
2018-05-08 13:00:00,907.3000000000003
2018-05-08 14:00:00,907.6000000000003
2018-05-08 15:00:00,905.0000000000002
2018-05-08 16:00:00,903.7000000000003
2018-05-08 17:00:00,903.5000000000002
2018-05-08 18:00:00,902.2000000000003
2018-05-08 19:00:00,904.5000000000002
2018-05-09 05:00:00,909.3000000000003
2018-05-09 13:00:00,903.1000000000003
2018-05-09 14:00:00,902.9000000000002
2018-05-09 15:00:00,903.7000000000003
2018-05-09 16:00:00,908.9000000000002
2018-05-09 17:00:00,910.9000000000002
2018-05-09 18:00:00,912.0000000000002
2018-05-09 19:00:00,909.3000000000003
2018-05-10 05:00:00,920.4000000000002
2018-05-10 13:00:00,916.0000000000002
2018-05-10 14:00:00,918.6000000000003
2018-05-10 15:00:00,920.0000000000002
2018-05-10 16:00:00,921.8000000000003
2018-05-10 17:00:00,921.2000000000003
2018-05-10 18:00:00,919.6000000000003
2018-05-10 19:00:00,920.5000000000002
2018-05-11 05:00:00,932.3000000000003
2018-05-11 13:00:00,927.4000000000002
2018-05-11 14:00:00,925.9000000000002
2018-05-11 15:00:00,924.7000000000003
2018-05-11 16:00:00,923.5000000000002
2018-05-11 17:00:00,923.6000000000003
2018-05-11 18:00:00,929.8000000000003
2018-05-11 19:00:00,932.3000000000003
2018-05-14 05:00:00,937.5000000000002
2018-05-14 13:00:00,937.1000000000003
2018-05-14 14:00:00,940.1000000000003
2018-05-14 15:00:00,937.5000000000002
2018-05-14 16:00:00,938.8000000000003
2018-05-14 17:00:00,936.0000000000002
2018-05-14 18:00:00,937.1000000000003
2018-05-14 19:00:00,937.4000000000002
2018-05-15 05:00:00,928.0000000000002
2018-05-15 13:00:00,930.3000000000003
2018-05-15 14:00:00,929.7000000000003
2018-05-15 15:00:00,926.8000000000003
2018-05-15 16:00:00,929.2000000000003
2018-05-15 17:00:00,926.4000000000002
2018-05-15 18:00:00,925.9000000000002
2018-05-15 19:00:00,928.0000000000002
2018-05-16 05:00:00,931.3000000000003
2018-05-16 13:00:00,928.9000000000002
2018-05-16 14:00:00,929.7000000000003
2018-05-16 15:00:00,931.7000000000003
2018-05-16 16:00:00,932.5000000000002
2018-05-16 17:00:00,933.1000000000003
2018-05-16 18:00:00,934.3000000000003
2018-05-16 19:00:00,931.6000000000003
2018-05-17 05:00:00,932.1000000000003
2018-05-17 13:00:00,929.0000000000002
2018-05-17 14:00:00,931.9000000000002
2018-05-17 15:00:00,931.7000000000003
2018-05-17 16:00:00,932.8000000000003
2018-05-17 17:00:00,931.2000000000003
2018-05-17 18:00:00,932.1000000000003
2018-05-17 19:00:00,932.1000000000003
2018-05-18 05:00:00,934.7000000000003
2018-05-18 13:00:00,932.5000000000002
2018-05-18 14:00:00,930.5000000000002
2018-05-18 15:00:00,934.6000000000003
2018-05-18 16:00:00,933.9000000000002
2018-05-18 17:00:00,933.7000000000003
2018-05-18 18:00:00,934.9000000000002
2018-05-18 19:00:00,934.7000000000003
2018-05-21 05:00:00,934.6000000000003
2018-05-21 13:00:00,936.1000000000003
2018-05-21 14:00:00,939.1000000000003
2018-05-21 15:00:00,935.3000000000003
2018-05-21 16:00:00,936.9000000000002
2018-05-21 17:00:00,937.6000000000003
2018-05-21 18:00:00,936.5000000000002
2018-05-21 19:00:00,935.1000000000003
2018-05-22 05:00:00,933.4000000000002
2018-05-22 13:00:00,936.1000000000003
2018-05-22 14:00:00,935.2000000000003
2018-05-22 15:00:00,935.0000000000002
2018-05-22 17:00:00,934.7000000000003
2018-05-22 18:00:00,934.7000000000003
2018-05-22 19:00:00,933.4000000000002
2018-05-23 05:00:00,935.2000000000003
2018-05-23 13:00:00,932.3000000000003
2018-05-23 14:00:00,933.3000000000003
2018-05-23 15:00:00,932.3000000000003
2018-05-23 16:00:00,931.9000000000002
2018-05-23 17:00:00,932.4000000000002
2018-05-23 18:00:00,934.8000000000003
2018-05-23 19:00:00,935.0000000000002
2018-05-24 05:00:00,932.2000000000003
2018-05-24 13:00:00,930.7000000000003
2018-05-24 14:00:00,928.9000000000002
2018-05-24 15:00:00,932.0000000000002
2018-05-24 16:00:00,931.6000000000003
2018-05-24 17:00:00,932.4000000000002
2018-05-24 18:00:00,932.9000000000002
2018-05-24 19:00:00,932.2000000000003
2018-05-25 05:00:00,930.7000000000003
2018-05-25 13:00:00,932.9000000000002
2018-05-25 14:00:00,933.3000000000003
2018-05-25 15:00:00,931.8000000000003
2018-05-25 16:00:00,931.2000000000003
2018-05-25 17:00:00,930.6000000000003
2018-05-25 18:00:00,929.5000000000002
2018-05-25 19:00:00,930.7000000000003
2018-05-29 05:00:00,922.2000000000003
2018-05-29 13:00:00,924.5000000000002
2018-05-29 14:00:00,921.8000000000003
2018-05-29 15:00:00,918.9000000000002
2018-05-29 16:00:00,920.6000000000003
2018-05-29 17:00:00,919.2000000000003
2018-05-29 18:00:00,918.0000000000002
2018-05-29 19:00:00,922.5000000000002
2018-05-30 05:00:00,934.6000000000003
2018-05-30 13:00:00,927.3000000000003
2018-05-30 14:00:00,932.1000000000003
2018-05-30 15:00:00,933.9000000000002
2018-05-30 16:00:00,933.2000000000003
2018-05-30 17:00:00,935.7000000000003
2018-05-30 18:00:00,934.8000000000003
2018-05-30 19:00:00,934.6000000000003
2018-05-31 05:00:00,925.8000000000003
2018-05-31 13:00:00,932.4000000000002
2018-05-31 14:00:00,928.1000000000003
2018-05-31 15:00:00,930.2000000000003
2018-05-31 16:00:00,928.4000000000002
2018-05-31 17:00:00,926.3000000000003
2018-05-31 18:00:00,926.4000000000002
2018-05-31 19:00:00,925.9000000000002
2018-06-01 05:00:00,934.5000000000002
2018-06-01 13:00:00,929.7000000000003
2018-06-01 14:00:00,931.6000000000003
2018-06-01 15:00:00,932.1000000000003
2018-06-01 16:00:00,932.3000000000003
2018-06-01 17:00:00,933.9000000000002
2018-06-01 18:00:00,933.5000000000002
2018-06-01 19:00:00,934.5000000000002
2018-06-04 05:00:00,937.9000000000002
2018-06-04 13:00:00,934.5000000000002
2018-06-04 14:00:00,934.7000000000003
2018-06-04 15:00:00,935.0000000000002
2018-06-04 16:00:00,937.6000000000003
2018-06-04 18:00:00,938.0000000000002
2018-06-04 19:00:00,937.9000000000002
2018-06-05 05:00:00,936.6000000000003
2018-06-05 13:00:00,939.6000000000003
2018-06-05 14:00:00,936.1000000000003
2018-06-05 15:00:00,932.5000000000002
2018-06-05 16:00:00,932.7000000000003
2018-06-05 18:00:00,937.1000000000003
2018-06-05 19:00:00,936.7000000000003
2018-06-06 05:00:00,945.9000000000002
2018-06-06 13:00:00,935.8000000000003
2018-06-06 14:00:00,939.9000000000002
2018-06-06 15:00:00,940.2000000000003
2018-06-06 16:00:00,941.6000000000003
2018-06-06 17:00:00,942.8000000000003
2018-06-06 18:00:00,945.4000000000002
2018-06-06 19:00:00,945.8000000000003
2018-06-07 05:00:00,946.1000000000003
2018-06-07 13:00:00,947.9000000000002
2018-06-07 14:00:00,944.2000000000003
2018-06-07 15:00:00,944.7000000000003
2018-06-07 16:00:00,944.1000000000003
2018-06-07 17:00:00,943.7000000000003
2018-06-07 18:00:00,944.9000000000002
2018-06-07 19:00:00,946.1000000000003
2018-06-08 05:00:00,951.6000000000003
2018-06-08 13:00:00,948.4000000000002
2018-06-08 14:00:00,947.8000000000003
2018-06-08 15:00:00,946.7000000000003
2018-06-08 16:00:00,950.0000000000002
2018-06-08 17:00:00,949.6000000000003
2018-06-08 18:00:00,951.1000000000003
2018-06-08 19:00:00,951.0000000000002
2018-06-08 20:00:00,953.9000000000002
2018-06-11 05:00:00,951.7000000000003
2018-06-11 13:00:00,950.2000000000003
2018-06-11 14:00:00,954.4000000000003
2018-06-11 19:00:00,953.4000000000003
2018-06-12 05:00:00,952.5000000000003
2018-06-12 13:00:00,951.3000000000003
2018-06-12 14:00:00,950.1000000000003
2018-06-12 15:00:00,952.3000000000003
2018-06-12 16:00:00,952.3000000000003
2018-06-12 18:00:00,951.1000000000003
2018-06-12 19:00:00,952.5000000000003
2018-06-13 05:00:00,951.8000000000003
2018-06-13 13:00:00,955.9000000000003
2018-06-13 14:00:00,957.3000000000003
2018-06-13 15:00:00,957.2000000000003
2018-06-13 17:00:00,954.7000000000003
2018-06-13 18:00:00,952.5000000000003
2018-06-13 19:00:00,952.1000000000003
2018-06-14 05:00:00,956.5000000000003
2018-06-14 13:00:00,953.6000000000003
2018-06-14 14:00:00,957.0000000000003
2018-06-14 15:00:00,954.1000000000003
2018-06-14 16:00:00,954.4000000000003
2018-06-14 18:00:00,954.7000000000003
2018-06-14 19:00:00,957.0000000000003
2018-06-15 05:00:00,958.4000000000003
2018-06-15 13:00:00,957.1000000000003
2018-06-15 14:00:00,954.8000000000003
2018-06-15 15:00:00,954.5000000000003
2018-06-15 17:00:00,954.8000000000003
2018-06-15 18:00:00,957.9000000000003
2018-06-15 19:00:00,958.2000000000003
2018-06-18 05:00:00,949.9000000000003
2018-06-18 13:00:00,949.7000000000003
2018-06-18 14:00:00,947.6000000000003
2018-06-18 15:00:00,948.2000000000003
2018-06-18 16:00:00,949.0000000000003
2018-06-18 18:00:00,949.0000000000003
2018-06-18 19:00:00,949.8000000000003
2018-06-19 05:00:00,951.6000000000003
2018-06-19 11:00:00,942.9000000000003
2018-06-19 13:00:00,945.4000000000003
2018-06-19 14:00:00,949.4000000000003
2018-06-19 15:00:00,950.6000000000003
2018-06-19 16:00:00,950.3000000000003
2018-06-19 17:00:00,950.4000000000003
2018-06-19 18:00:00,951.4000000000003
2018-06-19 19:00:00,951.6000000000003
2018-06-20 05:00:00,952.7000000000003
2018-06-20 13:00:00,954.4000000000003
2018-06-20 14:00:00,952.3000000000003
2018-06-20 15:00:00,954.2000000000003
2018-06-20 16:00:00,954.5000000000003
2018-06-20 17:00:00,954.1000000000003
2018-06-20 18:00:00,952.3000000000003
2018-06-20 19:00:00,952.7000000000003
2018-06-21 05:00:00,949.0000000000003
2018-06-21 13:00:00,952.2000000000003
2018-06-21 14:00:00,948.4000000000003
2018-06-21 15:00:00,948.4000000000003
2018-06-21 16:00:00,947.5000000000003
2018-06-21 17:00:00,949.6000000000003
2018-06-21 18:00:00,949.6000000000003
2018-06-21 19:00:00,949.0000000000003
2018-06-22 05:00:00,951.8000000000003
2018-06-22 13:00:00,951.2000000000003
2018-06-22 14:00:00,952.3000000000003
2018-06-22 15:00:00,954.1000000000003
2018-06-22 16:00:00,954.7000000000003
2018-06-22 17:00:00,955.0000000000003
2018-06-22 18:00:00,954.9000000000003
2018-06-22 19:00:00,951.8000000000003
2018-06-25 05:00:00,944.8000000000003
2018-06-25 13:00:00,949.2000000000003
2018-06-25 14:00:00,946.8000000000003
2018-06-25 15:00:00,945.1000000000003
2018-06-25 16:00:00,945.5000000000003
2018-06-25 17:00:00,944.5000000000003
2018-06-25 18:00:00,939.5000000000003
2018-06-25 19:00:00,944.8000000000003
2018-06-26 05:00:00,942.1000000000003
2018-06-26 13:00:00,943.8000000000003
2018-06-26 14:00:00,942.2000000000003
2018-06-26 15:00:00,942.2000000000003
2018-06-26 16:00:00,943.6000000000003
2018-06-26 17:00:00,944.6000000000003
2018-06-26 18:00:00,943.5000000000003
2018-06-26 19:00:00,942.1000000000003
2018-06-27 05:00:00,935.2000000000003
2018-06-27 13:00:00,944.8000000000003
2018-06-27 14:00:00,945.9000000000003
2018-06-27 15:00:00,943.5000000000003
2018-06-27 16:00:00,941.7000000000003
2018-06-27 17:00:00,938.5000000000003
2018-06-27 18:00:00,937.4000000000003
2018-06-27 19:00:00,935.2000000000003
2018-06-28 05:00:00,935.5000000000003
2018-06-28 13:00:00,929.4000000000003
2018-06-28 14:00:00,930.5000000000003
2018-06-28 15:00:00,933.0000000000003
2018-06-28 16:00:00,932.4000000000003
2018-06-28 17:00:00,933.7000000000003
2018-06-28 18:00:00,937.3000000000003
2018-06-28 19:00:00,935.5000000000003
2018-06-29 05:00:00,937.2000000000003
2018-06-29 13:00:00,939.7000000000003
2018-06-29 14:00:00,942.7000000000003
2018-06-29 15:00:00,943.0000000000003
2018-06-29 16:00:00,942.6000000000003
2018-06-29 17:00:00,942.1000000000003
2018-06-29 18:00:00,942.1000000000003
2018-06-29 19:00:00,937.4000000000003
2018-06-29 20:00:00,937.7000000000003
2018-07-02 05:00:00,939.6000000000003
2018-07-02 13:00:00,932.2000000000003
2018-07-02 14:00:00,934.9000000000003
2018-07-02 15:00:00,934.1000000000003
2018-07-02 16:00:00,933.8000000000003
2018-07-02 17:00:00,934.0000000000003
2018-07-02 18:00:00,936.8000000000003
2018-07-02 19:00:00,939.5000000000003
2018-07-03 05:00:00,941.7000000000003
2018-07-03 13:00:00,941.9000000000003
2018-07-03 14:00:00,944.4000000000003
2018-07-03 15:00:00,945.1000000000003
2018-07-03 16:00:00,942.5000000000003
2018-07-03 17:00:00,949.0000000000003
2018-07-04 23:00:00,949.1000000000003
2018-07-05 05:00:00,950.3000000000003
2018-07-05 13:00:00,945.5000000000003
2018-07-05 14:00:00,943.7000000000003
2018-07-05 15:00:00,947.3000000000003
2018-07-05 16:00:00,949.5000000000003
2018-07-05 17:00:00,948.9000000000003
2018-07-05 18:00:00,949.2000000000003
2018-07-05 19:00:00,950.3000000000003
2018-07-06 05:00:00,963.0000000000003
2018-07-06 13:00:00,956.3000000000003
2018-07-06 14:00:00,958.6000000000003
2018-07-06 15:00:00,962.0000000000003
2018-07-06 16:00:00,960.7000000000003
2018-07-06 17:00:00,962.6000000000003
2018-07-06 18:00:00,962.9000000000003
2018-07-06 19:00:00,963.0000000000003
2018-07-09 05:00:00,968.3000000000003
2018-07-09 13:00:00,967.7000000000003
2018-07-09 14:00:00,967.8000000000003
2018-07-09 15:00:00,969.5000000000003
2018-07-09 16:00:00,970.0000000000003
2018-07-09 17:00:00,968.5000000000003
2018-07-09 18:00:00,968.5000000000003
2018-07-09 19:00:00,968.3000000000003
2018-07-10 05:00:00,972.1000000000003
2018-07-10 13:00:00,969.6000000000003
2018-07-10 14:00:00,972.3000000000003
2018-07-10 15:00:00,970.7000000000003
2018-07-10 16:00:00,970.2000000000003
2018-07-10 17:00:00,970.3000000000003
2018-07-10 18:00:00,971.6000000000003
2018-07-10 19:00:00,972.1000000000003
2018-07-11 05:00:00,964.7000000000003
2018-07-11 13:00:00,966.7000000000003
2018-07-11 14:00:00,966.2000000000003
2018-07-11 15:00:00,964.8000000000003
2018-07-11 16:00:00,965.1000000000003
2018-07-11 17:00:00,966.2000000000003
2018-07-11 18:00:00,966.8000000000003
2018-07-11 19:00:00,964.7000000000003
2018-07-11 20:00:00,965.8000000000003
2018-07-12 05:00:00,975.0000000000003
2018-07-12 13:00:00,969.2000000000003
2018-07-12 14:00:00,970.5000000000003
2018-07-12 15:00:00,972.4000000000003
2018-07-12 16:00:00,971.8000000000003
2018-07-12 17:00:00,973.5000000000003
2018-07-12 18:00:00,973.8000000000003
2018-07-12 19:00:00,974.8000000000003
2018-07-13 05:00:00,976.6000000000003
2018-07-13 13:00:00,975.6000000000003
2018-07-13 14:00:00,976.0000000000003
2018-07-13 15:00:00,975.2000000000003
2018-07-13 16:00:00,976.1000000000003
2018-07-13 17:00:00,976.8000000000003
2018-07-13 18:00:00,977.3000000000003
2018-07-13 19:00:00,976.6000000000003
2018-07-13 20:00:00,976.3000000000003
2018-07-16 05:00:00,970.8000000000003
2018-07-16 13:00:00,970.5000000000003
2018-07-16 14:00:00,971.7000000000003
2018-07-16 15:00:00,970.6000000000003
2018-07-16 16:00:00,971.8000000000003
2018-07-16 17:00:00,970.2000000000003
2018-07-16 18:00:00,970.2000000000003
2018-07-16 19:00:00,970.8000000000003
2018-07-17 05:00:00,975.3000000000003
2018-07-17 13:00:00,971.4000000000003
2018-07-17 14:00:00,973.1000000000003
2018-07-17 15:00:00,973.4000000000003
2018-07-17 16:00:00,975.3000000000003
2018-07-17 17:00:00,975.9000000000003
2018-07-17 18:00:00,974.6000000000003
2018-07-17 19:00:00,975.5000000000003
2018-07-18 05:00:00,976.0000000000003
2018-07-18 13:00:00,974.9000000000003
2018-07-18 14:00:00,975.2000000000003
2018-07-18 15:00:00,975.9000000000003
2018-07-18 16:00:00,974.7000000000003
2018-07-18 17:00:00,974.8000000000003
2018-07-18 18:00:00,974.9000000000003
2018-07-18 19:00:00,976.0000000000003
2018-07-19 05:00:00,971.1000000000003
2018-07-19 13:00:00,968.5000000000003
2018-07-19 14:00:00,968.9000000000003
2018-07-19 15:00:00,971.9000000000003
2018-07-19 16:00:00,971.5000000000003
2018-07-19 17:00:00,972.1000000000003
2018-07-19 18:00:00,972.3000000000003
2018-07-19 19:00:00,971.1000000000003
2018-07-20 05:00:00,969.3000000000003
2018-07-20 13:00:00,968.5000000000003
2018-07-20 14:00:00,969.8000000000003
2018-07-20 15:00:00,970.3000000000003
2018-07-20 16:00:00,969.1000000000003
2018-07-20 17:00:00,969.1000000000003
2018-07-20 18:00:00,968.2000000000003
2018-07-20 19:00:00,969.3000000000003
2018-07-23 05:00:00,971.1000000000003
2018-07-23 13:00:00,969.5000000000003
2018-07-23 14:00:00,970.4000000000003
2018-07-23 15:00:00,971.1000000000003
2018-07-23 16:00:00,971.5000000000003
2018-07-23 17:00:00,971.7000000000003
2018-07-23 18:00:00,971.4000000000003
2018-07-23 19:00:00,971.1000000000003
2018-07-24 05:00:00,979.4000000000003
2018-07-24 13:00:00,977.9000000000003
2018-07-24 14:00:00,979.9000000000003
2018-07-24 15:00:00,978.1000000000003
2018-07-24 16:00:00,977.8000000000003
2018-07-24 17:00:00,977.0000000000003
2018-07-24 18:00:00,977.7000000000003
2018-07-24 19:00:00,979.3000000000003
2018-07-25 05:00:00,988.7000000000003
2018-07-25 13:00:00,981.5000000000003
2018-07-25 14:00:00,982.4000000000003
2018-07-25 15:00:00,982.0000000000003
2018-07-25 16:00:00,982.2000000000003
2018-07-25 17:00:00,983.6000000000003
2018-07-25 18:00:00,984.7000000000003
2018-07-25 19:00:00,988.4000000000003
2018-07-26 05:00:00,987.9000000000003
2018-07-26 11:00:00,979.3000000000003
2018-07-26 13:00:00,988.4000000000003
2018-07-26 14:00:00,990.4000000000003
2018-07-26 15:00:00,988.5000000000003
2018-07-26 16:00:00,988.0000000000003
2018-07-26 17:00:00,987.2000000000003
2018-07-26 19:00:00,987.9000000000003
2018-07-27 05:00:00,981.0000000000003
2018-07-27 13:00:00,982.6000000000003
2018-07-27 14:00:00,982.3000000000003
2018-07-27 15:00:00,983.2000000000003
2018-07-27 16:00:00,979.8000000000003
2018-07-27 17:00:00,980.6000000000003
2018-07-27 18:00:00,979.5000000000003
2018-07-27 19:00:00,980.9000000000003
2018-07-30 05:00:00,981.6000000000003
2018-07-30 13:00:00,981.7000000000003
2018-07-30 14:00:00,982.3000000000003
2018-07-30 15:00:00,981.0000000000003
2018-07-30 16:00:00,979.5000000000003
2018-07-30 17:00:00,982.2000000000003
2018-07-30 18:00:00,981.4000000000003
2018-07-30 19:00:00,981.6000000000003
2018-07-30 20:00:00,982.2000000000003
2018-07-31 04:00:00,978.3000000000003
2018-07-31 05:00:00,991.1000000000003
2018-07-31 13:00:00,985.6000000000003
2018-07-31 14:00:00,990.0000000000003
2018-07-31 15:00:00,991.1000000000003
2018-07-31 16:00:00,991.0000000000003
2018-07-31 17:00:00,990.8000000000003
2018-07-31 18:00:00,991.0000000000003
2018-07-31 19:00:00,991.1000000000003
2018-07-31 20:00:00,991.0000000000003
2018-08-01 05:00:00,991.3000000000003
2018-08-01 13:00:00,993.3000000000003
2018-08-01 14:00:00,993.3000000000003
2018-08-01 15:00:00,994.2000000000003
2018-08-01 16:00:00,991.9000000000003
2018-08-01 17:00:00,992.3000000000003
2018-08-01 18:00:00,992.6000000000003
2018-08-01 19:00:00,991.3000000000003
2018-08-02 05:00:00,994.1000000000003
2018-08-02 13:00:00,987.9000000000003
2018-08-02 14:00:00,991.1000000000003
2018-08-02 15:00:00,993.0000000000003
2018-08-02 16:00:00,994.8000000000003
2018-08-02 17:00:00,995.3000000000003
2018-08-02 18:00:00,994.8000000000003
2018-08-02 19:00:00,994.1000000000003
2018-08-03 05:00:00,999.4000000000003
2018-08-03 13:00:00,994.3000000000003
2018-08-03 14:00:00,997.8000000000003
2018-08-03 15:00:00,998.4000000000003
2018-08-03 16:00:00,998.3000000000003
2018-08-03 17:00:00,999.0000000000003
2018-08-03 18:00:00,999.2000000000003
2018-08-03 19:00:00,999.4000000000003
2018-08-06 05:00:00,1000.9000000000003
2018-08-06 11:00:00,1003.3000000000003
2018-08-06 13:00:00,999.9000000000003
2018-08-06 14:00:00,1000.9000000000003
2018-08-06 15:00:00,1001.8000000000003
2018-08-06 16:00:00,1002.2000000000003
2018-08-06 17:00:00,1001.1000000000003
2018-08-06 18:00:00,1002.6000000000003
2018-08-06 19:00:00,1000.7000000000003
2018-08-07 05:00:00,1001.1000000000003
2018-08-07 13:00:00,1003.2000000000003
2018-08-07 14:00:00,1002.3000000000003
2018-08-07 15:00:00,1001.1000000000003
2018-08-07 16:00:00,1000.4000000000003
2018-08-07 17:00:00,1001.2000000000003
2018-08-07 18:00:00,1001.0000000000003
2018-08-07 19:00:00,1001.1000000000003
2018-08-08 05:00:00,1002.5000000000003
2018-08-08 13:00:00,1000.2000000000003
2018-08-08 14:00:00,1001.7000000000003
2018-08-08 15:00:00,1002.5000000000003
2018-08-08 16:00:00,1001.4000000000003
2018-08-08 19:00:00,1002.5000000000003
2018-08-09 05:00:00,1001.4000000000003
2018-08-09 10:00:00,1005.7000000000003
2018-08-09 13:00:00,1001.5000000000003
2018-08-09 14:00:00,1002.8000000000003
2018-08-09 15:00:00,1003.8000000000003
2018-08-09 16:00:00,1003.4000000000003
2018-08-09 17:00:00,1003.1000000000003
2018-08-09 18:00:00,1003.3000000000003
2018-08-09 19:00:00,1001.2000000000003
2018-08-10 05:00:00,997.8000000000003
2018-08-10 13:00:00,1000.0000000000003
2018-08-10 14:00:00,999.8000000000003
2018-08-10 15:00:00,999.7000000000003
2018-08-10 16:00:00,998.8000000000003
2018-08-10 17:00:00,997.0000000000003
2018-08-10 18:00:00,995.3000000000003
2018-08-10 19:00:00,997.8000000000003
2018-08-13 05:00:00,997.8000000000003
2018-08-13 13:00:00,1000.6000000000003
2018-08-13 14:00:00,1000.5000000000003
2018-08-13 15:00:00,998.7000000000003
2018-08-13 16:00:00,996.3000000000003
2018-08-13 17:00:00,998.6000000000003
2018-08-13 18:00:00,998.4000000000003
2018-08-13 19:00:00,997.8000000000003
2018-08-14 05:00:00,1001.7000000000003
2018-08-14 13:00:00,1000.2000000000003
2018-08-14 14:00:00,1002.2000000000003
2018-08-14 15:00:00,1002.0000000000003
2018-08-14 16:00:00,1002.1000000000003
2018-08-14 17:00:00,1002.3000000000003
2018-08-14 18:00:00,1001.8000000000003
2018-08-14 19:00:00,1001.7000000000003
2018-08-15 05:00:00,1000.1000000000003
2018-08-15 13:00:00,996.6000000000003
2018-08-15 14:00:00,997.0000000000003
2018-08-15 15:00:00,997.8000000000003
2018-08-15 16:00:00,998.7000000000003
2018-08-15 17:00:00,998.0000000000003
2018-08-15 18:00:00,998.0000000000003
2018-08-15 19:00:00,1000.1000000000003
2018-08-16 05:00:00,1008.4000000000003
2018-08-16 13:00:00,1003.7000000000003
2018-08-16 14:00:00,1005.6000000000003
2018-08-16 15:00:00,1007.9000000000003
2018-08-16 16:00:00,1008.1000000000003
2018-08-16 17:00:00,1008.2000000000003
2018-08-16 18:00:00,1009.2000000000003
2018-08-16 19:00:00,1008.4000000000003
2018-08-17 05:00:00,1011.7000000000003
2018-08-17 13:00:00,1008.3000000000003
2018-08-17 14:00:00,1007.2000000000003
2018-08-17 15:00:00,1010.8000000000003
2018-08-17 16:00:00,1009.9000000000003
2018-08-17 17:00:00,1011.5000000000003
2018-08-17 18:00:00,1013.8000000000003
2018-08-17 19:00:00,1011.6000000000003
2018-08-20 05:00:00,1014.8000000000003
2018-08-20 13:00:00,1015.1000000000003
2018-08-20 14:00:00,1014.4000000000003
2018-08-20 15:00:00,1015.0000000000003
2018-08-20 16:00:00,1014.9000000000003
2018-08-20 17:00:00,1014.6000000000003
2018-08-20 18:00:00,1014.5000000000003
2018-08-20 19:00:00,1014.8000000000003
2018-08-21 05:00:00,1015.0000000000003
2018-08-21 13:00:00,1015.8000000000003
2018-08-21 14:00:00,1015.6000000000003
2018-08-21 15:00:00,1014.6000000000003
2018-08-21 16:00:00,1016.1000000000003
2018-08-21 17:00:00,1016.1000000000003
2018-08-21 18:00:00,1015.3000000000003
2018-08-21 19:00:00,1015.0000000000003
2018-08-22 05:00:00,1015.9000000000003
2018-08-22 13:00:00,1012.3000000000003
2018-08-22 14:00:00,1013.8000000000003
2018-08-22 15:00:00,1015.9000000000003
2018-08-22 16:00:00,1016.2000000000003
2018-08-22 17:00:00,1016.4000000000003
2018-08-22 18:00:00,1016.0000000000003
2018-08-22 19:00:00,1015.9000000000003
2018-08-23 05:00:00,1014.3000000000003
2018-08-23 13:00:00,1016.2000000000003
2018-08-23 14:00:00,1016.3000000000003
2018-08-23 15:00:00,1013.1000000000003
2018-08-23 16:00:00,1012.9000000000003
2018-08-23 17:00:00,1013.2000000000003
2018-08-23 18:00:00,1014.5000000000003
2018-08-23 19:00:00,1014.5000000000003
2018-08-24 05:00:00,1018.5000000000003
2018-08-24 13:00:00,1015.9000000000003
2018-08-24 14:00:00,1015.6000000000003
2018-08-24 15:00:00,1017.1000000000003
2018-08-24 16:00:00,1017.5000000000003
2018-08-24 17:00:00,1017.9000000000003
2018-08-24 18:00:00,1018.4000000000003
2018-08-24 19:00:00,1018.5000000000003
2018-08-27 05:00:00,1022.3000000000003
2018-08-27 13:00:00,1019.9000000000003
2018-08-27 14:00:00,1019.5000000000003
2018-08-27 15:00:00,1021.8000000000003
2018-08-27 16:00:00,1022.1000000000003
2018-08-27 17:00:00,1021.6000000000003
2018-08-27 18:00:00,1021.7000000000003
2018-08-27 19:00:00,1022.3000000000003
2018-08-28 05:00:00,1023.1000000000003
2018-08-28 13:00:00,1023.4000000000003
2018-08-28 14:00:00,1021.2000000000003
2018-08-28 15:00:00,1022.3000000000003
2018-08-28 16:00:00,1022.9000000000003
2018-08-28 17:00:00,1023.4000000000003
2018-08-28 18:00:00,1022.4000000000003
2018-08-28 19:00:00,1023.3000000000003
2018-08-29 05:00:00,1028.8000000000002
2018-08-29 13:00:00,1022.7000000000003
2018-08-29 14:00:00,1027.0000000000005
2018-08-29 15:00:00,1027.8000000000002
2018-08-29 16:00:00,1029.0000000000005
2018-08-29 17:00:00,1028.2000000000003
2018-08-29 18:00:00,1029.0000000000005
2018-08-29 19:00:00,1028.8000000000002
2018-08-30 05:00:00,1027.9000000000003
2018-08-30 13:00:00,1028.3000000000002
2018-08-30 14:00:00,1029.6000000000004
2018-08-30 15:00:00,1027.7000000000003
2018-08-30 16:00:00,1029.7000000000003
2018-08-30 17:00:00,1029.5000000000005
2018-08-30 18:00:00,1027.2000000000003
2018-08-30 19:00:00,1028.2000000000003
2018-08-31 05:00:00,1028.3000000000002
2018-08-31 13:00:00,1026.1000000000004
2018-08-31 14:00:00,1026.6000000000004
2018-08-31 15:00:00,1025.3000000000002
2018-08-31 16:00:00,1024.7000000000003
2018-08-31 17:00:00,1025.0000000000005
2018-08-31 18:00:00,1025.1000000000004
2018-08-31 19:00:00,1028.0000000000005
2018-08-31 20:00:00,1027.9000000000003
2018-09-04 05:00:00,1020.8000000000003
2018-09-04 13:00:00,1022.3000000000003
2018-09-04 14:00:00,1024.6000000000004
2018-09-04 15:00:00,1019.3000000000003
2018-09-04 16:00:00,1019.2000000000003
2018-09-04 17:00:00,1020.3000000000003
2018-09-04 18:00:00,1020.7000000000003
2018-09-04 19:00:00,1020.8000000000003
2018-09-05 05:00:00,1023.2000000000003
2018-09-05 13:00:00,1021.1000000000003
2018-09-05 14:00:00,1020.3000000000003
2018-09-05 15:00:00,1018.9000000000003
2018-09-05 16:00:00,1017.9000000000003
2018-09-05 17:00:00,1019.2000000000003
2018-09-05 18:00:00,1022.8000000000003
2018-09-05 19:00:00,1023.2000000000003
2018-09-06 05:00:00,1023.2000000000003
2018-09-06 13:00:00,1022.9000000000003
2018-09-06 14:00:00,1020.7000000000003
2018-09-06 15:00:00,1019.4000000000003
2018-09-06 16:00:00,1020.1000000000003
2018-09-06 17:00:00,1021.4000000000003
2018-09-06 18:00:00,1023.1000000000003
2018-09-06 19:00:00,1023.2000000000003
2018-09-07 05:00:00,1025.0000000000005
2018-09-07 13:00:00,1022.3000000000003
2018-09-07 14:00:00,1024.3000000000002
2018-09-07 15:00:00,1023.6000000000003
2018-09-07 16:00:00,1022.4000000000003
2018-09-07 17:00:00,1022.6000000000003
2018-09-07 18:00:00,1024.9000000000003
2018-09-07 19:00:00,1025.5000000000005
2018-09-10 05:00:00,1022.1000000000003
2018-09-10 13:00:00,1027.7000000000003
2018-09-10 15:00:00,1023.2000000000003
2018-09-10 16:00:00,1022.8000000000003
2018-09-10 17:00:00,1022.7000000000003
2018-09-10 18:00:00,1023.3000000000003
2018-09-10 19:00:00,1022.1000000000003
2018-09-11 05:00:00,1021.5000000000003
2018-09-12 05:00:00,1027.2000000000003
2018-09-12 14:00:00,1024.9000000000003
2018-09-12 19:00:00,1028.1000000000004
2018-09-13 05:00:00,1037.3000000000004
2018-09-13 14:00:00,1034.0000000000005
2018-09-13 15:00:00,1031.7000000000003
2018-09-13 17:00:00,1033.9000000000003
2018-09-13 20:00:00,1038.0000000000002
2018-09-14 05:00:00,1034.8000000000002
2018-09-14 13:00:00,1036.8000000000002
2018-09-14 14:00:00,1036.9000000000003
2018-09-14 15:00:00,1037.7000000000003
2018-09-14 16:00:00,1034.7000000000003
2018-09-14 17:00:00,1034.4000000000003
2018-09-14 18:00:00,1033.9000000000003
2018-09-14 19:00:00,1034.6000000000004
2018-09-17 05:00:00,1031.8000000000002
2018-09-17 13:00:00,1032.2000000000003
2018-09-17 14:00:00,1032.8000000000002
2018-09-17 15:00:00,1033.4000000000003
2018-09-17 16:00:00,1034.1000000000004
2018-09-17 17:00:00,1032.3000000000002
2018-09-17 18:00:00,1032.6000000000004
2018-09-17 19:00:00,1031.8000000000002
2018-09-18 05:00:00,1036.8000000000002
2018-09-18 13:00:00,1032.8000000000002
2018-09-18 14:00:00,1035.5000000000005
2018-09-18 15:00:00,1037.7000000000003
2018-09-18 16:00:00,1038.4000000000003
2018-09-18 17:00:00,1038.7000000000003
2018-09-18 18:00:00,1037.9000000000003
2018-09-18 19:00:00,1036.7000000000003
2018-09-19 05:00:00,1035.5000000000005
2018-09-19 13:00:00,1036.4000000000003
2018-09-19 14:00:00,1035.8000000000002
2018-09-19 15:00:00,1037.8000000000004
2018-09-19 16:00:00,1036.5000000000005
2018-09-19 17:00:00,1035.1000000000004
2018-09-19 18:00:00,1035.2000000000003
2018-09-19 19:00:00,1035.4000000000003
2018-09-20 05:00:00,1044.2000000000003
2018-09-20 13:00:00,1039.8000000000004
2018-09-20 14:00:00,1040.8000000000004
2018-09-20 15:00:00,1043.3000000000004
2018-09-20 16:00:00,1042.9000000000003
2018-09-20 17:00:00,1043.7000000000003
2018-09-20 18:00:00,1044.7000000000003
2018-09-20 19:00:00,1044.2000000000003
2018-09-21 05:00:00,1045.7000000000003
2018-09-21 13:00:00,1044.2000000000003
2018-09-21 14:00:00,1045.9000000000003
2018-09-21 15:00:00,1046.6000000000001
2018-09-21 16:00:00,1047.1000000000001
2018-09-21 17:00:00,1045.6000000000001
2018-09-21 18:00:00,1046.6000000000001
2018-09-21 19:00:00,1045.3000000000004
2018-09-24 05:00:00,1047.2000000000003
2018-09-24 13:00:00,1048.6000000000001
2018-09-24 14:00:00,1046.2000000000003
2018-09-24 15:00:00,1044.2000000000003
2018-09-24 16:00:00,1044.0000000000002
2018-09-24 17:00:00,1046.3000000000004
2018-09-24 18:00:00,1047.1000000000001
2018-09-24 19:00:00,1047.1000000000001
2018-09-25 05:00:00,1044.2000000000003
2018-09-25 13:00:00,1048.5000000000002
2018-09-25 14:00:00,1048.2000000000003
2018-09-25 15:00:00,1047.9000000000003
2018-09-25 16:00:00,1049.0000000000002
2018-09-25 17:00:00,1046.0000000000002
2018-09-25 18:00:00,1044.6000000000001
2018-09-25 19:00:00,1044.2000000000003
2018-09-26 05:00:00,1045.8000000000004
2018-09-26 13:00:00,1048.6000000000001
2018-09-26 14:00:00,1050.6000000000004
2018-09-26 15:00:00,1050.7000000000003
2018-09-26 16:00:00,1051.8000000000002
2018-09-26 17:00:00,1051.8000000000002
2018-09-26 18:00:00,1050.6000000000004
2018-09-26 19:00:00,1045.9000000000003
2018-09-27 05:00:00,1050.5000000000005
2018-09-27 13:00:00,1048.8000000000004
2018-09-27 14:00:00,1052.0000000000005
2018-09-27 15:00:00,1052.5000000000005
2018-09-27 16:00:00,1053.5000000000005
2018-09-27 17:00:00,1052.3000000000002
2018-09-27 18:00:00,1051.2000000000003
2018-09-27 19:00:00,1050.5000000000005
2018-09-28 05:00:00,1053.5000000000005
2018-09-28 13:00:00,1051.4000000000003
2018-09-28 14:00:00,1052.8000000000002
2018-09-28 15:00:00,1052.8000000000002
2018-09-28 16:00:00,1051.0000000000005
2018-09-28 17:00:00,1053.9000000000003
2018-09-28 18:00:00,1053.6000000000004
2018-09-28 19:00:00,1053.6000000000004
2018-10-01 05:00:00,1058.6000000000004
2018-10-01 13:00:00,1059.2000000000003
2018-10-01 14:00:00,1062.4000000000003
2018-10-01 15:00:00,1062.4000000000003
2018-10-01 16:00:00,1059.9000000000003
2018-10-01 17:00:00,1059.4000000000003
2018-10-01 18:00:00,1058.5000000000005
2018-10-01 19:00:00,1058.6000000000004
2018-10-02 05:00:00,1058.0000000000005
2018-10-02 13:00:00,1057.5000000000005
2018-10-02 14:00:00,1056.1000000000004
2018-10-02 15:00:00,1057.2000000000003
2018-10-02 16:00:00,1058.6000000000004
2018-10-02 17:00:00,1059.2000000000003
2018-10-02 18:00:00,1058.3000000000002
2018-10-02 19:00:00,1058.0000000000005
2018-10-03 05:00:00,1055.5000000000005
2018-10-03 13:00:00,1061.2000000000003
2018-10-03 14:00:00,1060.4000000000003
2018-10-03 15:00:00,1059.0000000000005
2018-10-03 16:00:00,1059.1000000000004
2018-10-03 17:00:00,1058.7000000000003
2018-10-03 18:00:00,1055.6000000000004
2018-10-03 19:00:00,1055.3000000000002
2018-10-04 05:00:00,1046.5000000000002
2018-10-04 13:00:00,1051.7000000000003
2018-10-04 14:00:00,1045.1000000000001
2018-10-04 15:00:00,1045.8000000000004
2018-10-04 16:00:00,1044.8000000000004
2018-10-04 17:00:00,1042.9000000000003
2018-10-04 18:00:00,1044.8000000000004
2018-10-04 19:00:00,1046.5000000000002
2018-10-05 05:00:00,1045.7000000000003
2018-10-05 13:00:00,1051.2000000000003
2018-10-05 14:00:00,1049.0000000000002
2018-10-05 15:00:00,1042.9000000000003
2018-10-05 16:00:00,1041.9000000000003
2018-10-05 17:00:00,1041.2000000000003
2018-10-05 18:00:00,1043.6000000000001
2018-10-05 19:00:00,1045.7000000000003
2018-10-08 05:00:00,1044.2000000000003
2018-10-08 13:00:00,1043.6000000000001
2018-10-08 14:00:00,1044.8000000000004
2018-10-08 15:00:00,1039.9000000000003
2018-10-08 16:00:00,1037.4000000000003
2018-10-08 17:00:00,1039.7000000000003
2018-10-08 18:00:00,1043.6000000000001
2018-10-08 19:00:00,1044.2000000000003
2018-10-09 05:00:00,1046.4000000000003
2018-10-09 13:00:00,1042.3000000000004
2018-10-09 14:00:00,1045.5000000000002
2018-10-09 15:00:00,1047.6000000000001
2018-10-09 16:00:00,1044.7000000000003
2018-10-09 17:00:00,1046.4000000000003
2018-10-09 18:00:00,1048.7000000000003
2018-10-09 19:00:00,1046.5000000000002
2018-10-10 05:00:00,1023.9000000000003
2018-10-10 13:00:00,1043.1000000000001
2018-10-10 14:00:00,1044.0000000000002
2018-10-10 15:00:00,1041.3000000000004
2018-10-10 16:00:00,1040.1000000000001
2018-10-10 17:00:00,1036.4000000000003
2018-10-10 18:00:00,1033.9000000000003
2018-10-10 19:00:00,1024.2000000000003
2018-10-11 05:00:00,998.8000000000003
2018-10-11 11:00:00,1019.3000000000003
2018-10-11 13:00:00,1021.7000000000003
2018-10-11 14:00:00,1013.9000000000003
2018-10-11 15:00:00,1012.7000000000003
2018-10-11 16:00:00,1014.0000000000003
2018-10-11 17:00:00,1012.3000000000003
2018-10-11 18:00:00,1000.9000000000003
2018-10-11 19:00:00,999.2000000000003
2018-10-12 05:00:00,1012.1000000000003
2018-10-12 13:00:00,1010.4000000000003
2018-10-12 14:00:00,1013.0000000000003
2018-10-12 15:00:00,1009.9000000000003
2018-10-12 16:00:00,1005.9000000000003
2018-10-12 17:00:00,1005.5000000000003
2018-10-12 18:00:00,1006.9000000000003
2018-10-12 19:00:00,1012.1000000000003
2018-10-15 05:00:00,1005.8000000000003
2018-10-15 13:00:00,1007.1000000000003
2018-10-15 14:00:00,1009.3000000000003
2018-10-15 15:00:00,1007.6000000000003
2018-10-15 16:00:00,1009.8000000000003
2018-10-15 17:00:00,1013.0000000000003
2018-10-15 18:00:00,1009.4000000000003
2018-10-15 19:00:00,1005.8000000000003
2018-10-16 05:00:00,1031.3000000000002
2018-10-16 13:00:00,1018.0000000000003
2018-10-16 14:00:00,1021.5000000000003
2018-10-16 15:00:00,1022.6000000000003
2018-10-16 16:00:00,1025.2000000000003
2018-10-16 17:00:00,1025.7000000000003
2018-10-16 18:00:00,1028.0000000000005
2018-10-16 19:00:00,1031.1000000000004
2018-10-17 05:00:00,1036.2000000000003
2018-10-17 13:00:00,1029.8000000000002
2018-10-17 14:00:00,1026.9000000000003
2018-10-17 15:00:00,1034.5000000000005
2018-10-17 16:00:00,1034.0000000000005
2018-10-17 17:00:00,1036.3000000000002
2018-10-17 18:00:00,1037.7000000000003
2018-10-17 19:00:00,1035.4000000000003
2018-10-18 05:00:00,1024.1000000000004
2018-10-18 13:00:00,1026.4000000000003
2018-10-18 14:00:00,1031.6000000000004
2018-10-18 15:00:00,1022.1000000000003
2018-10-18 16:00:00,1024.8000000000002
2018-10-18 17:00:00,1017.8000000000003
2018-10-18 18:00:00,1023.0000000000003
2018-10-18 19:00:00,1024.8000000000002
2018-10-18 20:00:00,1026.3000000000002
2018-10-19 05:00:00,1016.3000000000003
2018-10-19 13:00:00,1026.4000000000003
2018-10-19 14:00:00,1025.9000000000003
2018-10-19 15:00:00,1021.7000000000003
2018-10-19 16:00:00,1018.6000000000003
2018-10-19 17:00:00,1020.7000000000003
2018-10-19 18:00:00,1017.8000000000003
2018-10-19 19:00:00,1016.3000000000003
2018-10-19 20:00:00,1017.7000000000003
2018-10-22 05:00:00,1008.4000000000003
2018-10-22 13:00:00,1010.7000000000003
2018-10-22 14:00:00,1010.6000000000003
2018-10-22 15:00:00,1005.5000000000003
2018-10-22 16:00:00,1007.4000000000003
2018-10-22 17:00:00,1005.4000000000003
2018-10-22 18:00:00,1008.2000000000003
2018-10-22 19:00:00,1008.4000000000003
2018-10-23 05:00:00,1003.5000000000003
2018-10-23 13:00:00,996.0000000000003
2018-10-23 14:00:00,993.9000000000003
2018-10-23 15:00:00,992.0000000000003
2018-10-23 16:00:00,996.2000000000003
2018-10-23 17:00:00,998.6000000000003
2018-10-23 18:00:00,1006.5000000000003
2018-10-23 19:00:00,1003.5000000000003
2018-10-24 05:00:00,974.0000000000003
2018-10-24 13:00:00,1004.7000000000003
2018-10-24 14:00:00,1000.8000000000003
2018-10-24 15:00:00,1000.8000000000003
2018-10-24 16:00:00,995.1000000000003
2018-10-24 17:00:00,988.9000000000003
2018-10-24 18:00:00,987.7000000000003
2018-10-24 19:00:00,973.6000000000003
2018-10-25 05:00:00,983.8000000000003
2018-10-25 13:00:00,973.7000000000003
2018-10-25 14:00:00,981.5000000000003
2018-10-25 15:00:00,984.9000000000003
2018-10-25 16:00:00,985.2000000000003
2018-10-25 17:00:00,986.4000000000003
2018-10-25 18:00:00,988.9000000000003
2018-10-25 19:00:00,984.3000000000003
2018-10-25 22:00:00,979.5000000000003
2018-10-26 05:00:00,973.5000000000003
2018-10-26 13:00:00,972.7000000000003
2018-10-26 14:00:00,964.8000000000003
2018-10-26 15:00:00,973.8000000000003
2018-10-26 16:00:00,980.0000000000003
2018-10-26 17:00:00,977.8000000000003
2018-10-26 18:00:00,969.0000000000003
2018-10-26 19:00:00,973.5000000000003
2018-10-29 05:00:00,975.6000000000003
2018-10-29 13:00:00,986.4000000000003
2018-10-29 14:00:00,988.9000000000003
2018-10-29 15:00:00,982.3000000000003
2018-10-29 16:00:00,981.5000000000003
2018-10-29 17:00:00,983.6000000000003
2018-10-29 18:00:00,976.2000000000003
2018-10-29 19:00:00,975.6000000000003
2018-10-30 05:00:00,985.2000000000003
2018-10-30 13:00:00,983.6000000000003
2018-10-30 14:00:00,978.3000000000003
2018-10-30 15:00:00,980.9000000000003
2018-10-30 16:00:00,979.6000000000003
2018-10-30 17:00:00,978.8000000000003
2018-10-30 18:00:00,981.2000000000003
2018-10-30 19:00:00,985.2000000000003
2018-10-31 05:00:00,986.9000000000003
2018-10-31 13:00:00,991.6000000000003
2018-10-31 14:00:00,990.1000000000003
2018-10-31 15:00:00,988.1000000000003
2018-10-31 16:00:00,991.5000000000003
2018-10-31 17:00:00,993.1000000000003
2018-10-31 18:00:00,994.7000000000003
2018-10-31 19:00:00,986.9000000000003
2018-11-01 05:00:00,998.1000000000003
2018-11-01 13:00:00,992.2000000000003
2018-11-01 14:00:00,997.6000000000003
2018-11-01 15:00:00,996.2000000000003
2018-11-01 16:00:00,997.2000000000003
2018-11-01 17:00:00,995.3000000000003
2018-11-01 18:00:00,996.5000000000003
2018-11-01 19:00:00,998.1000000000003
2018-11-02 05:00:00,991.4000000000003
2018-11-02 10:00:00,998.3000000000003
2018-11-02 11:00:00,998.3000000000003
2018-11-02 13:00:00,1002.6000000000003
2018-11-02 14:00:00,997.2000000000003
2018-11-02 15:00:00,994.2000000000003
2018-11-02 16:00:00,988.5000000000003
2018-11-02 17:00:00,989.7000000000003
2018-11-02 18:00:00,990.6000000000003
2018-11-02 19:00:00,991.3000000000003
2018-11-05 06:00:00,1000.5000000000003
2018-11-05 14:00:00,998.0000000000003
2018-11-05 15:00:00,998.9000000000003
2018-11-05 16:00:00,1000.5000000000003
2018-11-05 17:00:00,999.6000000000003
2018-11-05 18:00:00,999.3000000000003
2018-11-05 19:00:00,1002.5000000000003
2018-11-05 20:00:00,1000.5000000000003
2018-11-06 06:00:00,1005.0000000000003
2018-11-06 14:00:00,1000.7000000000003
2018-11-06 15:00:00,1001.7000000000003
2018-11-06 16:00:00,1004.3000000000003
2018-11-06 17:00:00,1004.3000000000003
2018-11-06 19:00:00,1001.0000000000003
2018-11-06 20:00:00,1005.0000000000003
2018-11-07 06:00:00,1031.9000000000003
2018-11-07 14:00:00,1021.9000000000003
2018-11-07 15:00:00,1028.9000000000003
2018-11-07 16:00:00,1030.0000000000005
2018-11-07 17:00:00,1030.0000000000005
2018-11-07 18:00:00,1028.2000000000003
2018-11-07 19:00:00,1029.2000000000003
2018-11-07 20:00:00,1031.7000000000003
2018-11-08 06:00:00,1032.0000000000005
2018-11-08 14:00:00,1032.5000000000005
2018-11-08 15:00:00,1032.3000000000002
2018-11-08 16:00:00,1033.9000000000003
2018-11-08 17:00:00,1032.8000000000002
2018-11-08 18:00:00,1031.7000000000003
2018-11-08 19:00:00,1031.0000000000005
2018-11-08 20:00:00,1032.1000000000004
2018-11-09 06:00:00,1029.1000000000004
2018-11-09 14:00:00,1027.7000000000003
2018-11-09 15:00:00,1028.9000000000003
2018-11-09 16:00:00,1025.9000000000003
2018-11-09 17:00:00,1026.2000000000003
2018-11-09 18:00:00,1025.6000000000004
2018-11-09 19:00:00,1028.2000000000003
2018-11-09 20:00:00,1029.1000000000004
2018-11-12 06:00:00,1015.9000000000003
2018-11-12 14:00:00,1025.9000000000003
2018-11-12 15:00:00,1024.4000000000003
2018-11-12 16:00:00,1019.9000000000003
2018-11-12 17:00:00,1017.2000000000003
2018-11-12 18:00:00,1017.8000000000003
2018-11-12 19:00:00,1021.6000000000003
2018-11-12 20:00:00,1015.9000000000003
2018-11-13 06:00:00,1010.0000000000003
2018-11-13 14:00:00,1018.9000000000003
2018-11-13 15:00:00,1015.0000000000003
2018-11-13 16:00:00,1015.0000000000003
2018-11-13 17:00:00,1012.9000000000003
2018-11-13 18:00:00,1012.9000000000003
2018-11-13 19:00:00,1009.2000000000003
2018-11-13 20:00:00,1010.1000000000003
2018-11-14 06:00:00,1002.0000000000003
2018-11-14 14:00:00,1012.4000000000003
2018-11-14 15:00:00,1008.4000000000003
2018-11-14 16:00:00,1005.5000000000003
2018-11-14 17:00:00,1004.3000000000003
2018-11-14 18:00:00,1001.3000000000003
2018-11-14 19:00:00,1006.9000000000003
2018-11-14 20:00:00,1002.0000000000003
2018-11-15 06:00:00,1009.4000000000003
2018-11-15 14:00:00,995.1000000000003
2018-11-15 15:00:00,993.2000000000003
2018-11-15 16:00:00,1000.8000000000003
2018-11-15 17:00:00,999.0000000000003
2018-11-15 18:00:00,1008.7000000000003
2018-11-15 19:00:00,1008.1000000000003
2018-11-15 20:00:00,1010.0000000000003
2018-11-16 06:00:00,1019.3000000000003
2018-11-16 14:00:00,1013.8000000000003
2018-11-16 15:00:00,1018.0000000000003
2018-11-16 16:00:00,1015.0000000000003
2018-11-16 17:00:00,1020.8000000000003
2018-11-16 18:00:00,1017.0000000000003
2018-11-16 19:00:00,1019.8000000000003
2018-11-16 20:00:00,1019.6000000000003
2018-11-16 21:00:00,1012.3000000000003
2018-11-19 06:00:00,1007.6000000000003
2018-11-19 14:00:00,1017.7000000000003
2018-11-19 15:00:00,1013.4000000000003
2018-11-19 16:00:00,1006.8000000000003
2018-11-19 17:00:00,1008.2000000000003
2018-11-19 18:00:00,1005.6000000000003
2018-11-19 19:00:00,1008.2000000000003
2018-11-19 20:00:00,1007.6000000000003
2018-11-20 06:00:00,998.7000000000003
2018-11-20 14:00:00,1001.1000000000003
2018-11-20 15:00:00,1006.3000000000003
2018-11-20 16:00:00,1005.2000000000003
2018-11-20 17:00:00,1005.4000000000003
2018-11-20 18:00:00,1001.2000000000003
2018-11-20 19:00:00,998.8000000000003
2018-11-20 20:00:00,998.7000000000003
2018-11-20 21:00:00,998.0000000000003
2018-11-21 06:00:00,994.1000000000003
2018-11-21 14:00:00,998.1000000000003
2018-11-21 15:00:00,995.6000000000003
2018-11-21 16:00:00,996.0000000000003
2018-11-21 17:00:00,996.9000000000003
2018-11-21 18:00:00,996.1000000000003
2018-11-21 19:00:00,996.3000000000003
2018-11-21 20:00:00,993.3000000000003
2018-11-23 06:00:00,994.5000000000003
2018-11-23 14:00:00,994.3000000000003
2018-11-23 15:00:00,997.2000000000003
2018-11-23 16:00:00,995.6000000000003
2018-11-23 17:00:00,995.2000000000003
2018-11-26 06:00:00,1003.5000000000003
2018-11-26 14:00:00,1004.8000000000003
2018-11-26 15:00:00,1002.8000000000003
2018-11-26 16:00:00,1001.2000000000003
2018-11-26 17:00:00,999.5000000000003
2018-11-26 18:00:00,1000.9000000000003
2018-11-26 19:00:00,1003.1000000000003
2018-11-26 20:00:00,1003.5000000000003
2018-11-27 06:00:00,1012.3000000000003
2018-11-27 14:00:00,999.5000000000003
2018-11-27 15:00:00,1003.2000000000003
2018-11-27 16:00:00,1005.6000000000003
2018-11-27 17:00:00,1003.7000000000003
2018-11-27 18:00:00,1007.6000000000003
2018-11-27 19:00:00,1009.4000000000003
2018-11-27 20:00:00,1012.3000000000003
2018-11-28 06:00:00,1034.7000000000003
2018-11-28 14:00:00,1019.6000000000003
2018-11-28 15:00:00,1021.0000000000003
2018-11-28 16:00:00,1020.0000000000003
2018-11-28 17:00:00,1028.5000000000005
2018-11-28 18:00:00,1031.5000000000005
2018-11-28 19:00:00,1030.3000000000002
2018-11-28 20:00:00,1034.7000000000003
2018-11-29 06:00:00,1037.8000000000004
2018-11-29 14:00:00,1033.6000000000004
2018-11-29 15:00:00,1033.9000000000003
2018-11-29 16:00:00,1039.3000000000004
2018-11-29 17:00:00,1039.4000000000003
2018-11-29 18:00:00,1038.7000000000003
2018-11-29 19:00:00,1041.9000000000003
2018-11-29 20:00:00,1037.8000000000004
2018-11-30 06:00:00,1047.9000000000003
2018-11-30 14:00:00,1040.3000000000004
2018-11-30 15:00:00,1039.3000000000004
2018-11-30 16:00:00,1039.4000000000003
2018-11-30 17:00:00,1040.3000000000004
2018-11-30 18:00:00,1043.8000000000004
2018-11-30 19:00:00,1044.6000000000001
2018-11-30 20:00:00,1047.6000000000001
2018-11-30 21:00:00,1047.6000000000001
2018-12-03 06:00:00,1051.9000000000003
2018-12-03 14:00:00,1050.9000000000003
2018-12-03 15:00:00,1049.6000000000001
2018-12-03 16:00:00,1048.4000000000003
2018-12-03 17:00:00,1049.2000000000003
2018-12-03 18:00:00,1048.5000000000002
2018-12-03 19:00:00,1048.8000000000004
2018-12-03 20:00:00,1051.9000000000003
2018-12-04 06:00:00,1030.3000000000002
2018-12-04 14:00:00,1055.8000000000002
2018-12-04 15:00:00,1053.6000000000004
2018-12-04 16:00:00,1051.3000000000002
2018-12-04 17:00:00,1041.4000000000003
2018-12-04 18:00:00,1035.3000000000002
2018-12-04 19:00:00,1037.7000000000003
2018-12-04 20:00:00,1030.2000000000003
2018-12-04 21:00:00,1031.1000000000004
2018-12-06 06:00:00,1026.4000000000003
2018-12-06 14:00:00,1014.9000000000003
2018-12-06 15:00:00,1007.2000000000003
2018-12-06 16:00:00,1006.4000000000003
2018-12-06 17:00:00,1015.6000000000003
2018-12-06 18:00:00,1014.4000000000003
2018-12-06 19:00:00,1016.0000000000003
2018-12-06 20:00:00,1026.5000000000005
2018-12-07 06:00:00,1004.5000000000003
2018-12-07 14:00:00,1022.2000000000003
2018-12-07 15:00:00,1014.2000000000003
2018-12-07 16:00:00,1006.1000000000003
2018-12-07 17:00:00,1008.5000000000003
2018-12-07 18:00:00,1004.4000000000003
2018-12-07 19:00:00,999.7000000000003
2018-12-07 20:00:00,1004.4000000000003
2018-12-10 06:00:00,1007.3000000000003
2018-12-10 14:00:00,993.2000000000003
2018-12-10 15:00:00,990.6000000000003
2018-12-10 16:00:00,990.1000000000003
2018-12-10 17:00:00,997.4000000000003
2018-12-10 18:00:00,1001.7000000000003
2018-12-10 19:00:00,1004.2000000000003
2018-12-10 20:00:00,1006.6000000000003
2018-12-11 06:00:00,1009.4000000000003
2018-12-11 18:00:00,1003.9000000000003
2018-12-11 19:00:00,1013.0000000000002
2018-12-11 20:00:00,1013.7000000000003
2018-12-12 06:00:00,1016.9000000000003
2018-12-12 19:00:00,1023.6000000000003
2018-12-12 20:00:00,1020.7000000000003
2018-12-13 06:00:00,1018.0000000000002
2018-12-13 15:00:00,1017.4000000000003
2018-12-13 17:00:00,1014.5000000000002
2018-12-13 18:00:00,1014.8000000000003
2018-12-13 19:00:00,1015.8000000000003
2018-12-13 20:00:00,1018.3000000000003
2018-12-14 06:00:00,986.3000000000003
2018-12-14 14:00:00,1005.1000000000003
2018-12-14 15:00:00,996.4000000000003
2018-12-14 16:00:00,986.6000000000003
2018-12-14 17:00:00,993.2000000000003
2018-12-14 18:00:00,989.2000000000003
2018-12-14 19:00:00,987.9000000000003
2018-12-14 20:00:00,986.3000000000003
2018-12-17 06:00:00,968.5000000000002
2018-12-17 14:00:00,972.8000000000003
2018-12-17 15:00:00,976.2000000000003
2018-12-17 16:00:00,981.9000000000003
2018-12-17 17:00:00,973.2000000000003
2018-12-17 18:00:00,969.6000000000003
2018-12-17 19:00:00,969.2000000000003
2018-12-17 20:00:00,966.7000000000003
2018-12-18 06:00:00,961.3000000000003
2018-12-18 14:00:00,973.6000000000003
2018-12-18 15:00:00,969.4000000000003
2018-12-18 16:00:00,968.8000000000003
2018-12-18 17:00:00,968.7000000000003
2018-12-18 18:00:00,961.2000000000003
2018-12-18 19:00:00,954.2000000000003
2018-12-18 20:00:00,961.2000000000003
2018-12-19 06:00:00,949.9000000000003
2018-12-19 14:00:00,963.9000000000003
2018-12-19 15:00:00,966.8000000000003
2018-12-19 16:00:00,967.4000000000003
2018-12-19 17:00:00,967.2000000000003
2018-12-19 18:00:00,969.7000000000003
2018-12-19 19:00:00,950.8000000000003
2018-12-19 20:00:00,949.9000000000003
2018-12-19 21:00:00,949.0000000000002
2018-12-20 06:00:00,937.3000000000003
2018-12-20 14:00:00,944.7000000000003
2018-12-20 15:00:00,947.3000000000003
2018-12-20 16:00:00,935.9000000000003
2018-12-20 17:00:00,942.5000000000002
2018-12-20 18:00:00,937.7000000000003
2018-12-20 19:00:00,938.8000000000003
2018-12-20 20:00:00,937.7000000000003
2018-12-21 06:00:00,925.9000000000003
2018-12-21 14:00:00,940.6000000000003
2018-12-21 15:00:00,945.8000000000003
2018-12-21 16:00:00,938.6000000000003
2018-12-21 17:00:00,932.2000000000003
2018-12-21 18:00:00,934.2000000000003
2018-12-21 19:00:00,931.8000000000003
2018-12-21 20:00:00,925.6000000000003
2018-12-24 06:00:00,906.1000000000003
2018-12-24 14:00:00,915.3000000000003
2018-12-24 15:00:00,916.9000000000003
2018-12-24 16:00:00,910.0000000000002
2018-12-24 17:00:00,906.1000000000003
2018-12-26 06:00:00,941.4000000000003
2018-12-26 14:00:00,909.4000000000003
2018-12-26 15:00:00,906.5000000000002
2018-12-26 16:00:00,919.0000000000002
2018-12-26 17:00:00,922.8000000000003
2018-12-26 18:00:00,927.0000000000002
2018-12-26 19:00:00,925.4000000000003
2018-12-26 20:00:00,941.4000000000003
2018-12-27 06:00:00,949.4000000000003
2018-12-27 14:00:00,926.5000000000002
2018-12-27 15:00:00,928.7000000000003
2018-12-27 16:00:00,930.7000000000003
2018-12-27 17:00:00,929.0000000000002
2018-12-27 18:00:00,922.2000000000003
2018-12-27 19:00:00,928.0000000000002
2018-12-27 20:00:00,949.9000000000003
2018-12-28 06:00:00,951.5000000000002
2018-12-28 14:00:00,955.6000000000003
2018-12-28 15:00:00,951.7000000000003
2018-12-28 16:00:00,952.7000000000003
2018-12-28 17:00:00,955.0000000000002
2018-12-28 18:00:00,954.6000000000003
2018-12-28 19:00:00,962.2000000000003
2018-12-28 20:00:00,951.5000000000002
2018-12-28 21:00:00,950.4000000000003
2018-12-31 06:00:00,960.8000000000003
2018-12-31 14:00:00,960.9000000000003
2018-12-31 15:00:00,959.1000000000003
2018-12-31 16:00:00,958.1000000000003
2018-12-31 18:00:00,961.7000000000003
2018-12-31 19:00:00,959.5000000000002
2018-12-31 20:00:00,962.5000000000002
2019-01-02 06:00:00,951.3000000000003
2019-01-02 14:00:00,948.2000000000003
2019-01-02 15:00:00,946.6000000000003
2019-01-02 16:00:00,950.3000000000003
2019-01-02 17:00:00,954.0000000000002
2019-01-02 18:00:00,955.6000000000003
2019-01-02 19:00:00,951.2000000000003
2019-01-02 20:00:00,950.4000000000003
2019-01-03 06:00:00,931.8000000000003
2019-01-03 14:00:00,943.6000000000003
2019-01-03 15:00:00,936.9000000000003
2019-01-03 16:00:00,945.5000000000002
2019-01-03 17:00:00,940.6000000000003
2019-01-03 18:00:00,935.6000000000003
2019-01-03 19:00:00,934.3000000000003
2019-01-03 20:00:00,931.3000000000003
2019-01-04 06:00:00,957.9000000000003
2019-01-04 14:00:00,950.1000000000003
2019-01-04 15:00:00,956.0000000000002
2019-01-04 16:00:00,953.7000000000003
2019-01-04 17:00:00,960.8000000000003
2019-01-04 18:00:00,958.2000000000003
2019-01-04 19:00:00,956.3000000000003
2019-01-04 20:00:00,957.9000000000003
2019-01-04 21:00:00,956.7000000000003
2019-01-07 06:00:00,960.7000000000003
2019-01-07 14:00:00,958.3000000000003
2019-01-07 15:00:00,962.6000000000003
2019-01-07 16:00:00,969.1000000000003
2019-01-07 17:00:00,966.3000000000003
2019-01-07 18:00:00,964.3000000000003
2019-01-07 19:00:00,962.2000000000003
2019-01-07 20:00:00,962.1000000000003
2019-01-07 21:00:00,961.3000000000003
2019-01-08 06:00:00,968.6000000000003
2019-01-08 14:00:00,966.8000000000003
2019-01-08 15:00:00,959.0000000000002
2019-01-08 16:00:00,960.1000000000003
2019-01-08 17:00:00,962.3000000000003
2019-01-08 18:00:00,965.8000000000003
2019-01-08 19:00:00,966.9000000000003
2019-01-08 20:00:00,968.7000000000003
2019-01-08 21:00:00,969.4000000000003
2019-01-09 06:00:00,971.8000000000003
2019-01-09 14:00:00,973.8000000000003
2019-01-09 15:00:00,972.5000000000002
2019-01-09 16:00:00,975.0000000000002
2019-01-09 17:00:00,976.5000000000002
2019-01-09 18:00:00,973.5000000000002
2019-01-09 19:00:00,974.1000000000003
2019-01-09 20:00:00,971.8000000000003
2019-01-09 21:00:00,974.3000000000003
2019-01-10 06:00:00,974.1000000000003
2019-01-10 14:00:00,966.5000000000002
2019-01-10 15:00:00,969.1000000000003
2019-01-10 16:00:00,971.6000000000003
2019-01-10 17:00:00,972.9000000000003
2019-01-10 18:00:00,968.6000000000003
2019-01-10 19:00:00,971.7000000000003
2019-01-10 20:00:00,974.1000000000003
2019-01-10 21:00:00,974.5000000000002
2019-01-11 06:00:00,976.5000000000002
2019-01-11 14:00:00,969.2000000000003
2019-01-11 15:00:00,971.8000000000003
2019-01-11 16:00:00,970.1000000000003
2019-01-11 17:00:00,971.3000000000003
2019-01-11 18:00:00,971.1000000000003
2019-01-11 19:00:00,972.9000000000003
2019-01-11 20:00:00,976.5000000000002
2019-01-14 06:00:00,967.8000000000003
2019-01-14 14:00:00,968.8000000000003
2019-01-14 15:00:00,969.8000000000003
2019-01-14 16:00:00,968.9000000000003
2019-01-14 17:00:00,969.5000000000002
2019-01-14 18:00:00,969.1000000000003
2019-01-14 19:00:00,969.0000000000002
2019-01-14 20:00:00,967.5000000000002
2019-01-15 06:00:00,981.4000000000003
2019-01-15 14:00:00,976.0000000000002
2019-01-15 15:00:00,979.8000000000003
2019-01-15 16:00:00,979.7000000000003
2019-01-15 17:00:00,979.5000000000002
2019-01-15 18:00:00,980.0000000000002
2019-01-15 19:00:00,979.3000000000003
2019-01-15 20:00:00,981.4000000000003
2019-01-15 21:00:00,982.2000000000003
2019-01-16 06:00:00,980.7000000000003
2019-01-16 14:00:00,985.6000000000003
2019-01-16 15:00:00,983.7000000000003
2019-01-16 16:00:00,983.4000000000003
2019-01-16 17:00:00,982.6000000000003
2019-01-16 18:00:00,982.9000000000003
2019-01-16 19:00:00,982.9000000000003
2019-01-16 20:00:00,981.0000000000002
2019-01-17 06:00:00,988.1000000000003
2019-01-17 14:00:00,982.1000000000003
2019-01-17 15:00:00,983.7000000000003
2019-01-17 16:00:00,983.9000000000003
2019-01-17 18:00:00,986.6000000000003
2019-01-17 19:00:00,988.0000000000002
2019-01-17 20:00:00,988.0000000000002
2019-01-17 21:00:00,988.8000000000003
2019-01-18 06:00:00,998.2000000000003
2019-01-18 14:00:00,989.5000000000002
2019-01-18 15:00:00,991.8000000000003
2019-01-18 16:00:00,994.0000000000002
2019-01-18 17:00:00,997.3000000000003
2019-01-18 18:00:00,996.1000000000003
2019-01-18 19:00:00,997.4000000000003
2019-01-18 20:00:00,998.2000000000003
2019-01-18 21:00:00,998.5000000000002
2019-01-22 06:00:00,991.2000000000003
2019-01-22 14:00:00,992.6000000000003
2019-01-22 15:00:00,992.3000000000003
2019-01-22 16:00:00,989.3000000000003
2019-01-22 17:00:00,989.4000000000003
2019-01-22 18:00:00,990.6000000000003
2019-01-22 19:00:00,988.4000000000003
2019-01-22 20:00:00,991.2000000000003
2019-01-23 06:00:00,993.8000000000003
2019-01-23 14:00:00,995.1000000000003
2019-01-23 15:00:00,991.2000000000003
2019-01-23 16:00:00,985.8000000000003
2019-01-23 17:00:00,988.3000000000003
2019-01-23 18:00:00,990.7000000000003
2019-01-23 19:00:00,990.1000000000003
2019-01-23 20:00:00,993.8000000000003
2019-01-23 21:00:00,993.9000000000003
2019-01-24 06:00:00,985.7000000000003
2019-01-24 14:00:00,987.2000000000003
2019-01-24 15:00:00,989.3000000000003
2019-01-24 16:00:00,987.7000000000003
2019-01-24 17:00:00,984.5000000000002
2019-01-24 18:00:00,983.7000000000003
2019-01-24 19:00:00,983.8000000000003
2019-01-24 20:00:00,985.7000000000003
2019-01-24 21:00:00,986.0000000000002
2019-01-25 06:00:00,986.4000000000003
2019-01-25 14:00:00,984.7000000000003
2019-01-25 15:00:00,989.8000000000003
2019-01-25 16:00:00,987.7000000000003
2019-01-25 17:00:00,984.7000000000003
2019-01-25 18:00:00,986.6000000000003
2019-01-25 19:00:00,986.7000000000003
2019-01-25 20:00:00,986.6000000000003
2019-01-25 21:00:00,987.1000000000003
2019-01-28 06:00:00,976.3000000000003
2019-01-28 14:00:00,975.4000000000003
2019-01-28 15:00:00,975.4000000000003
2019-01-28 16:00:00,973.1000000000003
2019-01-28 17:00:00,973.5000000000002
2019-01-28 18:00:00,976.6000000000003
2019-01-28 19:00:00,974.9000000000003
2019-01-28 20:00:00,976.3000000000003
2019-01-28 21:00:00,977.0000000000002
2019-01-29 06:00:00,980.6000000000003
2019-01-29 14:00:00,980.7000000000003
2019-01-29 15:00:00,974.9000000000003
2019-01-29 16:00:00,977.5000000000002
2019-01-29 17:00:00,979.4000000000003
2019-01-29 18:00:00,978.8000000000003
2019-01-29 20:00:00,980.5000000000002
2019-01-30 06:00:00,992.4000000000003
2019-01-30 14:00:00,984.7000000000003
2019-01-30 15:00:00,984.5000000000002
2019-01-30 16:00:00,985.0000000000002
2019-01-30 17:00:00,988.5000000000002
2019-01-30 18:00:00,984.4000000000003
2019-01-30 19:00:00,994.8000000000003
2019-01-30 20:00:00,992.5000000000002
2019-01-31 06:00:00,1004.7000000000003
2019-01-31 14:00:00,994.6000000000003
2019-01-31 15:00:00,998.0000000000002
2019-01-31 16:00:00,1004.4000000000003
2019-01-31 17:00:00,1001.1000000000003
2019-01-31 18:00:00,1002.7000000000003
2019-01-31 19:00:00,1003.1000000000003
2019-01-31 20:00:00,1004.7000000000003
2019-02-01 06:00:00,1005.4000000000003
2019-02-01 14:00:00,1000.3000000000003
2019-02-01 15:00:00,1004.6000000000003
2019-02-01 16:00:00,1006.0000000000002
2019-02-01 17:00:00,1005.0000000000002
2019-02-01 18:00:00,1003.5000000000002
2019-02-01 19:00:00,1003.0000000000002
2019-02-01 20:00:00,1005.5000000000002
2019-02-04 06:00:00,1001.8000000000003
2019-02-04 14:00:00,999.8000000000003
2019-02-04 15:00:00,996.1000000000003
2019-02-04 16:00:00,997.8000000000003
2019-02-04 17:00:00,997.4000000000003
2019-02-04 18:00:00,999.9000000000003
2019-02-04 19:00:00,998.8000000000003
2019-02-04 20:00:00,1001.8000000000003
2019-02-04 21:00:00,1002.5000000000002
2019-02-05 06:00:00,1000.9000000000003
2019-02-05 14:00:00,1007.5000000000002
2019-02-05 15:00:00,1007.0000000000002
2019-02-05 16:00:00,1005.9000000000003
2019-02-05 17:00:00,1002.7000000000003
2019-02-05 18:00:00,1001.5000000000002
2019-02-05 19:00:00,1002.7000000000003
2019-02-05 20:00:00,1000.8000000000003
2019-02-06 06:00:00,1004.5000000000002
2019-02-06 14:00:00,1000.9000000000003
2019-02-06 15:00:00,1001.9000000000003
2019-02-06 16:00:00,1003.7000000000003
2019-02-06 17:00:00,1003.8000000000003
2019-02-06 18:00:00,1004.7000000000003
2019-02-06 19:00:00,1003.5000000000002
2019-02-06 20:00:00,1004.4000000000003
2019-02-07 06:00:00,994.4000000000003
2019-02-07 14:00:00,997.9000000000003
2019-02-07 15:00:00,994.8000000000003
2019-02-07 16:00:00,991.2000000000003
2019-02-07 17:00:00,991.8000000000003
2019-02-07 18:00:00,992.0000000000002
2019-02-07 20:00:00,994.3000000000003
2019-02-08 06:00:00,995.8000000000003
2019-02-08 14:00:00,990.0000000000002
2019-02-08 15:00:00,991.1000000000003
2019-02-08 16:00:00,991.6000000000003
2019-02-08 17:00:00,992.8000000000003
2019-02-08 18:00:00,993.3000000000003
2019-02-08 19:00:00,993.6000000000003
2019-02-08 20:00:00,995.8000000000003
2019-02-11 06:00:00,995.4000000000003
2019-02-11 14:00:00,995.2000000000003
2019-02-11 15:00:00,993.2000000000003
2019-02-11 16:00:00,993.9000000000003
2019-02-11 17:00:00,994.4000000000003
2019-02-11 18:00:00,994.2000000000003
2019-02-11 19:00:00,994.2000000000003
2019-02-11 20:00:00,995.3000000000003
2019-02-12 06:00:00,1007.5000000000002
2019-02-12 14:00:00,998.5000000000002
2019-02-12 15:00:00,1001.2000000000003
2019-02-12 16:00:00,1004.3000000000003
2019-02-12 17:00:00,1004.1000000000003
2019-02-12 18:00:00,1007.4000000000003
2019-02-12 19:00:00,1006.5000000000002
2019-02-12 20:00:00,1007.5000000000002
2019-02-12 21:00:00,1006.9000000000003
2019-02-13 06:00:00,1009.5000000000002
2019-02-13 14:00:00,1009.5000000000002
2019-02-13 15:00:00,1010.5000000000002
2019-02-13 16:00:00,1005.7000000000003
2019-02-13 17:00:00,1006.5000000000002
2019-02-13 18:00:00,1007.7000000000003
2019-02-13 19:00:00,1011.0000000000002
2019-02-13 20:00:00,1009.5000000000002
2019-02-13 21:00:00,1009.0000000000002
2019-02-14 06:00:00,1011.7000000000003
2019-02-14 14:00:00,1007.1000000000003
2019-02-14 15:00:00,1007.2000000000003
2019-02-14 16:00:00,1010.9000000000003
2019-02-14 17:00:00,1013.6000000000003
2019-02-14 18:00:00,1012.7000000000003
2019-02-14 19:00:00,1012.5000000000002
2019-02-14 20:00:00,1011.5000000000002
2019-02-15 06:00:00,1024.8000000000002
2019-02-15 14:00:00,1018.7000000000003
2019-02-15 15:00:00,1019.8000000000003
2019-02-15 16:00:00,1020.6000000000003
2019-02-15 17:00:00,1021.4000000000003
2019-02-15 18:00:00,1021.8000000000003
2019-02-15 19:00:00,1023.5000000000002
2019-02-15 20:00:00,1024.3000000000002
2019-02-19 06:00:00,1022.9000000000003
2019-02-19 14:00:00,1025.9000000000003
2019-02-19 15:00:00,1024.4000000000003
2019-02-19 16:00:00,1024.7000000000003
2019-02-19 17:00:00,1024.8000000000002
2019-02-19 18:00:00,1023.6000000000003
2019-02-19 19:00:00,1025.1000000000004
2019-02-19 20:00:00,1022.9000000000003
2019-02-20 06:00:00,1021.1000000000003
2019-02-20 14:00:00,1019.0000000000002
2019-02-20 15:00:00,1020.3000000000003
2019-02-20 16:00:00,1020.9000000000003
2019-02-20 17:00:00,1019.0000000000002
2019-02-20 18:00:00,1021.3000000000003
2019-02-20 19:00:00,1021.9000000000003
2019-02-20 20:00:00,1021.1000000000003
2019-02-21 06:00:00,1013.2000000000003
2019-02-21 14:00:00,1015.0000000000002
2019-02-21 15:00:00,1015.2000000000003
2019-02-21 16:00:00,1015.0000000000002
2019-02-21 17:00:00,1015.4000000000003
2019-02-21 18:00:00,1015.0000000000002
2019-02-21 19:00:00,1010.1000000000003
2019-02-21 20:00:00,1013.2000000000003
2019-02-22 06:00:00,1021.4000000000003
2019-02-22 14:00:00,1017.6000000000003
2019-02-22 15:00:00,1019.6000000000003
2019-02-22 16:00:00,1021.4000000000003
2019-02-22 17:00:00,1021.8000000000003
2019-02-22 18:00:00,1021.1000000000003
2019-02-22 19:00:00,1018.6000000000003
2019-02-22 20:00:00,1021.4000000000003
2019-02-25 06:00:00,1022.6000000000003
2019-02-25 14:00:00,1024.0000000000002
2019-02-25 15:00:00,1026.6000000000004
2019-02-25 16:00:00,1027.5000000000002
2019-02-25 17:00:00,1024.5000000000002
2019-02-25 18:00:00,1024.8000000000002
2019-02-25 20:00:00,1023.3000000000003
2019-02-26 06:00:00,1019.6000000000003
2019-02-26 14:00:00,1021.8000000000003
2019-02-26 15:00:00,1019.0000000000002
2019-02-26 16:00:00,1021.5000000000002
2019-02-26 17:00:00,1020.2000000000003
2019-02-26 18:00:00,1020.8000000000003
2019-02-26 19:00:00,1021.8000000000003
2019-02-26 20:00:00,1019.5000000000002
2019-02-27 06:00:00,1015.1000000000003
2019-02-27 14:00:00,1017.5000000000002
2019-02-27 15:00:00,1013.0000000000002
2019-02-27 16:00:00,1013.6000000000003
2019-02-27 17:00:00,1016.5000000000002
2019-02-27 19:00:00,1016.1000000000003
2019-02-27 20:00:00,1014.8000000000003
2019-02-28 06:00:00,1012.4000000000003
2019-02-28 14:00:00,1017.6000000000003
2019-02-28 15:00:00,1017.7000000000003
2019-02-28 16:00:00,1015.5000000000002
2019-02-28 17:00:00,1015.2000000000003
2019-02-28 18:00:00,1013.9000000000003
2019-02-28 20:00:00,1012.5000000000002
2019-02-28 21:00:00,1012.6000000000003
2019-03-01 06:00:00,1025.1000000000004
2019-03-01 14:00:00,1022.7000000000003
2019-03-01 15:00:00,1020.6000000000003
2019-03-01 16:00:00,1020.0000000000002
2019-03-01 17:00:00,1022.6000000000003
2019-03-01 18:00:00,1023.5000000000002
2019-03-01 19:00:00,1025.0000000000002
2019-03-01 20:00:00,1025.1000000000004
2019-03-04 06:00:00,1012.8000000000003
2019-03-04 14:00:00,1023.9000000000003
2019-03-04 15:00:00,1019.9000000000003
2019-03-04 16:00:00,1011.4000000000003
2019-03-04 17:00:00,1007.0000000000002
2019-03-04 18:00:00,1009.7000000000003
2019-03-04 19:00:00,1010.9000000000003
2019-03-04 20:00:00,1012.8000000000003
2019-03-05 06:00:00,1012.2000000000003
2019-03-05 14:00:00,1008.2000000000003
2019-03-05 15:00:00,1012.2000000000003
2019-03-05 16:00:00,1013.6000000000003
2019-03-05 17:00:00,1013.2000000000003
2019-03-05 19:00:00,1014.8000000000003
2019-03-05 20:00:00,1012.3000000000003
2019-03-06 06:00:00,998.4000000000003
2019-03-06 14:00:00,1005.1000000000003
2019-03-06 15:00:00,1002.5000000000002
2019-03-06 16:00:00,999.1000000000003
2019-03-06 17:00:00,997.9000000000003
2019-03-06 18:00:00,999.1000000000003
2019-03-06 19:00:00,999.9000000000003
2019-03-06 20:00:00,998.4000000000003
2019-03-06 21:00:00,998.5000000000002
2019-03-07 06:00:00,990.7000000000003
2019-03-07 14:00:00,991.9000000000003
2019-03-07 15:00:00,991.4000000000003
2019-03-07 16:00:00,993.4000000000003
2019-03-07 17:00:00,995.0000000000002
2019-03-07 18:00:00,992.6000000000003
2019-03-07 19:00:00,988.6000000000003
2019-03-07 20:00:00,990.7000000000003
2019-03-08 06:00:00,989.2000000000003
2019-03-08 14:00:00,987.7000000000003
2019-03-08 15:00:00,984.9000000000003
2019-03-08 16:00:00,984.2000000000003
2019-03-08 17:00:00,984.2000000000003
2019-03-08 18:00:00,983.5000000000002
2019-03-08 19:00:00,985.0000000000002
2019-03-08 20:00:00,989.0000000000002
2019-03-11 05:00:00,999.0000000000002
2019-03-11 13:00:00,990.0000000000002
2019-03-11 14:00:00,994.5000000000002
2019-03-11 15:00:00,994.8000000000003
2019-03-11 16:00:00,996.2000000000003
2019-03-11 17:00:00,995.8000000000003
2019-03-11 18:00:00,997.2000000000003
2019-03-11 19:00:00,998.9000000000003
2019-03-12 05:00:00,1005.5000000000002
2019-03-12 13:00:00,1003.0000000000002
2019-03-12 14:00:00,1004.7000000000003
2019-03-12 15:00:00,1004.6000000000003
2019-03-12 16:00:00,1005.0000000000002
2019-03-12 17:00:00,1007.1000000000003
2019-03-12 19:00:00,1006.0000000000002
2019-03-13 05:00:00,1015.8000000000003
2019-03-13 13:00:00,1010.6000000000003
2019-03-13 14:00:00,1013.6000000000003
2019-03-13 15:00:00,1016.6000000000003
2019-03-13 16:00:00,1016.6000000000003
2019-03-13 17:00:00,1016.5000000000002
2019-03-13 18:00:00,1015.2000000000003
2019-03-13 19:00:00,1015.3000000000003
2019-03-14 05:00:00,1013.8000000000003
2019-03-14 13:00:00,1015.7000000000003
2019-03-14 14:00:00,1012.1000000000003
2019-03-14 15:00:00,1015.9000000000003
2019-03-14 16:00:00,1013.5000000000002
2019-03-14 17:00:00,1013.3000000000003
2019-03-14 18:00:00,1012.7000000000003
2019-03-14 19:00:00,1013.9000000000003
2019-03-15 05:00:00,1017.6000000000003
2019-03-15 13:00:00,1015.4000000000003
2019-03-15 14:00:00,1013.7000000000003
2019-03-15 15:00:00,1018.4000000000003
2019-03-15 16:00:00,1019.2000000000003
2019-03-15 17:00:00,1018.4000000000003
2019-03-15 18:00:00,1017.0000000000002
2019-03-15 19:00:00,1017.7000000000003
2019-03-18 05:00:00,1016.5000000000002
2019-03-18 13:00:00,1018.0000000000002
2019-03-18 14:00:00,1016.6000000000003
2019-03-18 15:00:00,1014.3000000000003
2019-03-18 16:00:00,1014.5000000000002
2019-03-18 17:00:00,1014.2000000000003
2019-03-18 18:00:00,1015.0000000000002
2019-03-18 19:00:00,1016.5000000000002
2019-03-19 05:00:00,1024.2000000000003
2019-03-19 13:00:00,1019.0000000000002
2019-03-19 14:00:00,1020.8000000000003
2019-03-19 15:00:00,1026.4000000000003
2019-03-19 16:00:00,1024.5000000000002
2019-03-19 17:00:00,1025.2000000000003
2019-03-19 18:00:00,1024.7000000000003
2019-03-19 19:00:00,1024.2000000000003
2019-03-20 05:00:00,1018.3000000000003
2019-03-20 13:00:00,1019.6000000000003
2019-03-20 14:00:00,1018.7000000000003
2019-03-20 15:00:00,1016.8000000000003
2019-03-20 16:00:00,1015.6000000000003
2019-03-20 17:00:00,1016.5000000000002
2019-03-20 18:00:00,1024.2000000000003
2019-03-20 19:00:00,1018.8000000000003
2019-03-21 05:00:00,1020.9000000000003
2019-03-21 13:00:00,1015.7000000000003
2019-03-21 14:00:00,1015.6000000000003
2019-03-21 15:00:00,1022.0000000000002
2019-03-21 16:00:00,1019.1000000000003
2019-03-21 17:00:00,1020.5000000000002
2019-03-21 18:00:00,1020.9000000000003
2019-03-21 19:00:00,1020.7000000000003
2019-03-22 05:00:00,1004.5000000000002
2019-03-22 13:00:00,1014.6000000000003
2019-03-22 14:00:00,1012.4000000000003
2019-03-22 15:00:00,1007.5000000000002
2019-03-22 16:00:00,1008.0000000000002
2019-03-22 17:00:00,1007.4000000000003
2019-03-22 18:00:00,1012.6000000000003
2019-03-22 19:00:00,1004.6000000000003
2019-03-22 20:00:00,1004.0000000000002
2019-03-25 05:00:00,1003.5000000000002
2019-03-25 13:00:00,998.2000000000003
2019-03-25 14:00:00,999.4000000000003
2019-03-25 15:00:00,1003.5000000000002
2019-03-25 16:00:00,1001.9000000000003
2019-03-25 17:00:00,1000.4000000000003
2019-03-25 18:00:00,1000.8000000000003
2019-03-25 19:00:00,1003.5000000000002
2019-03-26 05:00:00,1009.3000000000003
2019-03-26 13:00:00,1011.0000000000002
2019-03-26 14:00:00,1013.6000000000003
2019-03-26 15:00:00,1012.0000000000002
2019-03-26 16:00:00,1009.5000000000002
2019-03-26 17:00:00,1007.3000000000003
2019-03-26 18:00:00,1007.1000000000003
2019-03-26 19:00:00,1009.3000000000003
2019-03-26 20:00:00,1009.0000000000002
2019-03-27 05:00:00,1001.8000000000003
2019-03-27 13:00:00,1007.7000000000003
2019-03-27 14:00:00,1004.4000000000003
2019-03-27 15:00:00,996.1000000000003
2019-03-27 16:00:00,999.3000000000003
2019-03-27 17:00:00,1002.1000000000003
2019-03-27 18:00:00,1001.7000000000003
2019-03-27 19:00:00,1001.7000000000003
2019-03-27 20:00:00,1001.6000000000003
2019-03-28 05:00:00,1004.3000000000003
2019-03-28 13:00:00,1003.9000000000003
2019-03-28 14:00:00,1002.4000000000003
2019-03-28 15:00:00,1000.8000000000003
2019-03-28 16:00:00,1002.9000000000003
2019-03-28 17:00:00,1004.6000000000003
2019-03-28 18:00:00,1003.8000000000003
2019-03-28 19:00:00,1004.1000000000003
2019-03-29 05:00:00,1014.7000000000003
2019-03-29 13:00:00,1010.1000000000003
2019-03-29 14:00:00,1008.7000000000003
2019-03-29 15:00:00,1010.2000000000003
2019-03-29 16:00:00,1011.3000000000003
2019-03-29 17:00:00,1013.2000000000003
2019-03-29 18:00:00,1014.4000000000003
2019-03-29 19:00:00,1014.7000000000003
2019-04-01 05:00:00,1016.2000000000003
2019-04-01 13:00:00,1017.6000000000003
2019-04-01 14:00:00,1016.9000000000003
2019-04-01 15:00:00,1015.6000000000003
2019-04-01 16:00:00,1015.5000000000002
2019-04-01 17:00:00,1015.2000000000003
2019-04-01 18:00:00,1016.5000000000002
2019-04-01 19:00:00,1016.1000000000003
2019-04-02 05:00:00,1014.1000000000003
2019-04-02 13:00:00,1015.7000000000003
2019-04-02 14:00:00,1013.7000000000003
2019-04-02 15:00:00,1015.7000000000003
2019-04-02 16:00:00,1016.1000000000003
2019-04-02 17:00:00,1015.5000000000002
2019-04-02 18:00:00,1015.1000000000003
2019-04-02 19:00:00,1014.1000000000003
2019-04-03 05:00:00,1012.8000000000003
2019-04-03 13:00:00,1016.9000000000003
2019-04-03 14:00:00,1014.4000000000003
2019-04-03 15:00:00,1014.4000000000003
2019-04-03 16:00:00,1014.8000000000003
2019-04-03 17:00:00,1011.9000000000003
2019-04-03 18:00:00,1011.6000000000003
2019-04-03 19:00:00,1012.8000000000003
2019-04-04 05:00:00,1010.8000000000003
2019-04-04 13:00:00,1013.4000000000003
2019-04-04 14:00:00,1009.5000000000002
2019-04-04 15:00:00,1009.6000000000003
2019-04-04 16:00:00,1006.6000000000003
2019-04-04 17:00:00,1007.8000000000003
2019-04-04 18:00:00,1010.2000000000003
2019-04-04 19:00:00,1010.4000000000003
2019-04-04 20:00:00,1010.3000000000003
2019-04-05 05:00:00,1016.8000000000003
2019-04-05 13:00:00,1014.7000000000003
2019-04-05 14:00:00,1017.4000000000003
2019-04-05 15:00:00,1017.6000000000003
2019-04-05 16:00:00,1017.2000000000003
2019-04-05 18:00:00,1016.7000000000003
2019-04-05 19:00:00,1016.4000000000003
2019-04-05 20:00:00,1016.5000000000002
2019-04-08 05:00:00,1016.3000000000003
2019-04-08 13:00:00,1012.2000000000003
2019-04-08 14:00:00,1014.5000000000002
2019-04-08 15:00:00,1014.6000000000003
2019-04-08 16:00:00,1013.2000000000003
2019-04-08 17:00:00,1014.7000000000003
2019-04-08 18:00:00,1015.2000000000003
2019-04-08 19:00:00,1016.4000000000003
2019-04-09 05:00:00,1012.8000000000003
2019-04-09 13:00:00,1011.4000000000003
2019-04-09 14:00:00,1012.9000000000003
2019-04-09 15:00:00,1014.4000000000003
2019-04-09 17:00:00,1014.3000000000003
2019-04-09 18:00:00,1013.2000000000003
2019-04-09 19:00:00,1011.5000000000002
2019-04-10 05:00:00,1013.9000000000003
2019-04-10 13:00:00,1014.8000000000003
2019-04-10 14:00:00,1014.3000000000003
2019-04-10 15:00:00,1016.1000000000003
2019-04-10 16:00:00,1016.1000000000003
2019-04-10 17:00:00,1016.1000000000003
2019-04-10 18:00:00,1014.4000000000003
2019-04-10 19:00:00,1014.0000000000002
2019-04-10 20:00:00,1014.5000000000002
2019-04-11 05:00:00,1002.9000000000003
2019-04-11 13:00:00,1010.8000000000003
2019-04-11 14:00:00,1007.7000000000003
2019-04-11 15:00:00,1005.0000000000002
2019-04-11 16:00:00,1002.8000000000003
2019-04-11 17:00:00,999.9000000000003
2019-04-11 18:00:00,1000.4000000000003
2019-04-11 19:00:00,1003.0000000000002
2019-04-12 05:00:00,994.1000000000003
2019-04-12 13:00:00,1004.3000000000003
2019-04-12 14:00:00,1001.4000000000003
2019-04-12 15:00:00,998.9000000000003
2019-04-12 16:00:00,997.9000000000003
2019-04-12 17:00:00,996.0000000000002
2019-04-12 18:00:00,994.5000000000002
2019-04-12 19:00:00,994.1000000000003
2019-04-12 20:00:00,994.6000000000003
2019-04-15 05:00:00,997.7000000000003
2019-04-15 13:00:00,995.3000000000003
2019-04-15 14:00:00,995.8000000000003
2019-04-15 15:00:00,995.4000000000003
2019-04-15 16:00:00,994.9000000000003
2019-04-15 17:00:00,996.5000000000002
2019-04-15 18:00:00,997.4000000000003
2019-04-15 19:00:00,997.7000000000003
2019-04-16 05:00:00,978.9000000000003
2019-04-16 11:00:00,1001.9000000000003
2019-04-16 13:00:00,1000.3000000000003
2019-04-16 14:00:00,995.8000000000003
2019-04-16 15:00:00,990.3000000000003
2019-04-16 16:00:00,988.4000000000003
2019-04-16 17:00:00,984.6000000000003
2019-04-16 18:00:00,981.8000000000003
2019-04-16 19:00:00,978.7000000000003
2019-04-17 05:00:00,953.2000000000003
2019-04-17 13:00:00,962.4000000000003
2019-04-17 14:00:00,960.4000000000003
2019-04-17 15:00:00,957.7000000000003
2019-04-17 16:00:00,957.2000000000003
2019-04-17 17:00:00,952.0000000000002
2019-04-17 18:00:00,953.7000000000003
2019-04-17 19:00:00,953.2000000000003
2019-04-17 20:00:00,952.9000000000003
2019-04-18 05:00:00,954.2000000000003
2019-04-18 12:00:00,949.8000000000003
2019-04-18 13:00:00,946.6000000000003
2019-04-18 14:00:00,950.4000000000003
2019-04-18 15:00:00,949.5000000000002
2019-04-18 16:00:00,950.5000000000002
2019-04-18 17:00:00,952.6000000000003
2019-04-18 18:00:00,953.3000000000003
2019-04-18 19:00:00,954.1000000000003
2019-04-22 05:00:00,955.0000000000002
2019-04-22 13:00:00,958.9000000000003
2019-04-22 14:00:00,953.4000000000003
2019-04-22 15:00:00,952.0000000000002
2019-04-22 16:00:00,952.1000000000003
2019-04-22 17:00:00,952.2000000000003
2019-04-22 18:00:00,953.8000000000003
2019-04-22 19:00:00,954.8000000000003
2019-04-23 05:00:00,968.5000000000002
2019-04-23 13:00:00,958.8000000000003
2019-04-23 14:00:00,962.7000000000003
2019-04-23 15:00:00,969.4000000000003
2019-04-23 16:00:00,969.8000000000003
2019-04-23 17:00:00,970.9000000000003
2019-04-23 18:00:00,972.6000000000003
2019-04-23 19:00:00,968.5000000000002
2019-04-23 20:00:00,970.7000000000003
2019-04-24 05:00:00,967.9000000000003
2019-04-24 13:00:00,965.5000000000002
2019-04-24 14:00:00,968.6000000000003
2019-04-24 15:00:00,970.0000000000002
2019-04-24 16:00:00,968.5000000000002
2019-04-24 17:00:00,969.6000000000003
2019-04-24 18:00:00,968.4000000000003
2019-04-24 19:00:00,968.0000000000002
2019-04-24 20:00:00,967.5000000000002
2019-04-25 05:00:00,977.5000000000002
2019-04-25 13:00:00,968.7000000000003
2019-04-25 14:00:00,971.1000000000003
2019-04-25 15:00:00,973.9000000000003
2019-04-25 16:00:00,973.1000000000003
2019-04-25 17:00:00,974.5000000000002
2019-04-25 18:00:00,976.7000000000003
2019-04-25 19:00:00,977.8000000000003
2019-04-26 05:00:00,985.4000000000003
2019-04-26 13:00:00,978.2000000000003
2019-04-26 14:00:00,981.3000000000003
2019-04-26 15:00:00,981.1000000000003
2019-04-26 16:00:00,980.8000000000003
2019-04-26 17:00:00,981.9000000000003
2019-04-26 18:00:00,982.8000000000003
2019-04-26 19:00:00,985.5000000000002
2019-04-26 20:00:00,978.7000000000003
2019-04-29 05:00:00,983.8000000000003
2019-04-29 13:00:00,982.1000000000003
2019-04-29 14:00:00,984.5000000000002
2019-04-29 15:00:00,985.1000000000003
2019-04-29 16:00:00,985.8000000000003
2019-04-29 17:00:00,984.9000000000003
2019-04-29 18:00:00,985.2000000000003
2019-04-29 19:00:00,983.8000000000003
2019-04-30 05:00:00,988.8000000000003
2019-04-30 13:00:00,986.6000000000003
2019-04-30 14:00:00,984.7000000000003
2019-04-30 15:00:00,984.5000000000002
2019-04-30 16:00:00,985.6000000000003
2019-04-30 17:00:00,988.1000000000003
2019-04-30 18:00:00,988.3000000000003
2019-04-30 19:00:00,988.7000000000003
2019-05-01 05:00:00,986.3000000000003
2019-05-01 13:00:00,983.5000000000002
2019-05-01 14:00:00,988.6000000000003
2019-05-01 15:00:00,988.9000000000003
2019-05-01 16:00:00,987.1000000000003
2019-05-01 17:00:00,989.5000000000002
2019-05-01 18:00:00,986.6000000000003
2019-05-01 19:00:00,986.4000000000003
2019-05-02 05:00:00,989.4000000000003
2019-05-02 13:00:00,989.0000000000002
2019-05-02 14:00:00,984.6000000000003
2019-05-02 15:00:00,979.9000000000003
2019-05-02 16:00:00,982.9000000000003
2019-05-02 17:00:00,984.4000000000003
2019-05-02 18:00:00,985.9000000000003
2019-05-02 19:00:00,989.7000000000003
2019-05-02 20:00:00,989.4000000000003
2019-05-03 05:00:00,996.6000000000003
2019-05-03 13:00:00,993.6000000000003
2019-05-03 14:00:00,993.1000000000003
2019-05-03 15:00:00,992.1000000000003
2019-05-03 16:00:00,993.8000000000003
2019-05-03 17:00:00,995.1000000000003
2019-05-03 18:00:00,994.6000000000003
2019-05-03 19:00:00,996.5000000000002
2019-05-06 05:00:00,1001.6000000000003
2019-05-06 13:00:00,987.1000000000003
2019-05-06 14:00:00,989.6000000000003
2019-05-06 15:00:00,988.9000000000003
2019-05-06 16:00:00,989.0000000000002
2019-05-06 17:00:00,989.5000000000002
2019-05-06 18:00:00,999.4000000000003
2019-05-06 19:00:00,1001.6000000000003
2019-05-07 05:00:00,984.1000000000003
2019-05-07 13:00:00,991.6000000000003
2019-05-07 14:00:00,986.8000000000003
2019-05-07 15:00:00,984.8000000000003
2019-05-07 16:00:00,986.5000000000002
2019-05-07 17:00:00,983.5000000000002
2019-05-07 18:00:00,982.8000000000003
2019-05-07 19:00:00,983.5000000000002
2019-05-07 20:00:00,984.9000000000003
2019-05-08 05:00:00,985.0000000000002
2019-05-08 13:00:00,983.5000000000002
2019-05-08 14:00:00,986.2000000000003
2019-05-08 15:00:00,985.3000000000003
2019-05-08 16:00:00,987.7000000000003
2019-05-08 17:00:00,987.8000000000003
2019-05-08 18:00:00,987.1000000000003
2019-05-08 19:00:00,985.1000000000003
2019-05-09 05:00:00,983.7000000000003
2019-05-09 13:00:00,976.2000000000003
2019-05-09 14:00:00,974.5000000000002
2019-05-09 15:00:00,976.2000000000003
2019-05-09 16:00:00,980.5000000000002
2019-05-09 17:00:00,983.7000000000003
2019-05-09 18:00:00,985.2000000000003
2019-05-09 19:00:00,983.8000000000003
2019-05-10 05:00:00,982.9000000000003
2019-05-10 13:00:00,978.9000000000003
2019-05-10 14:00:00,966.1000000000003
2019-05-10 15:00:00,967.3000000000003
2019-05-10 16:00:00,975.3000000000003
2019-05-10 17:00:00,979.1000000000003
2019-05-10 18:00:00,981.9000000000003
2019-05-10 19:00:00,980.9000000000003
2019-05-10 20:00:00,982.6000000000003
2019-05-13 05:00:00,967.5000000000002
2019-05-13 13:00:00,967.8000000000003
2019-05-13 14:00:00,966.0000000000002
2019-05-13 15:00:00,967.5000000000002
2019-05-13 16:00:00,964.6000000000003
2019-05-13 17:00:00,964.8000000000003
2019-05-13 18:00:00,968.0000000000002
2019-05-13 19:00:00,968.1000000000003
2019-05-13 20:00:00,966.7000000000003
2019-05-14 05:00:00,970.8000000000003
2019-05-14 14:00:00,971.9000000000003
2019-05-14 15:00:00,973.6000000000003
2019-05-14 16:00:00,973.7000000000003
2019-05-14 17:00:00,975.1000000000003
2019-05-14 18:00:00,974.8000000000003
2019-05-14 19:00:00,970.8000000000003
2019-05-15 05:00:00,972.9000000000003
2019-05-15 13:00:00,966.5000000000002
2019-05-15 14:00:00,972.2000000000003
2019-05-15 15:00:00,972.7000000000003
2019-05-15 16:00:00,973.5000000000002
2019-05-15 17:00:00,974.1000000000003
2019-05-15 18:00:00,974.6000000000003
2019-05-15 19:00:00,972.9000000000003
2019-05-16 05:00:00,979.7000000000003
2019-05-16 13:00:00,982.3000000000003
2019-05-16 14:00:00,986.5000000000002
2019-05-16 15:00:00,986.3000000000003
2019-05-16 16:00:00,984.6000000000003
2019-05-16 17:00:00,983.5000000000002
2019-05-16 18:00:00,984.0000000000002
2019-05-16 19:00:00,979.7000000000003
2019-05-17 05:00:00,978.6000000000003
2019-05-17 13:00:00,975.3000000000003
2019-05-17 14:00:00,983.7000000000003
2019-05-17 15:00:00,981.3000000000003
2019-05-17 16:00:00,979.6000000000003
2019-05-17 17:00:00,982.3000000000003
2019-05-17 18:00:00,982.5000000000002
2019-05-17 19:00:00,978.4000000000003
2019-05-20 05:00:00,978.1000000000003
2019-05-20 13:00:00,977.8000000000003
2019-05-20 14:00:00,979.3000000000003
2019-05-20 15:00:00,979.6000000000003
2019-05-20 16:00:00,978.4000000000003
2019-05-20 17:00:00,978.7000000000003
2019-05-20 18:00:00,975.6000000000003
2019-05-20 19:00:00,978.1000000000003
2019-05-21 05:00:00,985.2000000000003
2019-05-21 13:00:00,984.3000000000003
2019-05-21 14:00:00,989.0000000000002
2019-05-21 15:00:00,985.1000000000003
2019-05-21 16:00:00,985.7000000000003
2019-05-21 17:00:00,986.5000000000002
2019-05-21 18:00:00,985.5000000000002
2019-05-21 19:00:00,984.9000000000003
2019-05-22 05:00:00,991.0000000000002
2019-05-22 13:00:00,985.0000000000002
2019-05-22 14:00:00,984.8000000000003
2019-05-22 15:00:00,985.3000000000003
2019-05-22 16:00:00,985.5000000000002
2019-05-22 17:00:00,988.3000000000003
2019-05-22 18:00:00,991.9000000000003
2019-05-22 19:00:00,990.9000000000003
2019-05-22 20:00:00,990.3000000000003
2019-05-23 05:00:00,987.3000000000003
2019-05-23 13:00:00,986.0000000000002
2019-05-23 14:00:00,986.2000000000003
2019-05-23 15:00:00,980.2000000000003
2019-05-23 16:00:00,984.2000000000003
2019-05-23 17:00:00,983.1000000000003
2019-05-23 19:00:00,987.5000000000002
2019-05-24 05:00:00,988.7000000000003
2019-05-24 13:00:00,992.4000000000003
2019-05-24 14:00:00,987.9000000000003
2019-05-24 15:00:00,989.0000000000002
2019-05-24 16:00:00,991.4000000000003
2019-05-24 17:00:00,991.2000000000003
2019-05-24 18:00:00,989.9000000000003
2019-05-24 19:00:00,988.6000000000003
2019-05-27 15:00:00,987.2000000000003
2019-05-28 05:00:00,976.3000000000003
2019-05-28 13:00:00,993.4000000000003
2019-05-28 14:00:00,988.0000000000002
2019-05-28 15:00:00,988.6000000000003
2019-05-28 16:00:00,986.9000000000003
2019-05-28 17:00:00,985.7000000000003
2019-05-28 18:00:00,981.8000000000003
2019-05-28 19:00:00,977.2000000000003
2019-05-29 05:00:00,967.9000000000003
2019-05-29 13:00:00,967.7000000000003
2019-05-29 14:00:00,966.6000000000003
2019-05-29 15:00:00,962.6000000000003
2019-05-29 16:00:00,965.3000000000003
2019-05-29 17:00:00,965.9000000000003
2019-05-29 18:00:00,963.4000000000003
2019-05-29 19:00:00,967.6000000000003
2019-05-30 05:00:00,971.8000000000003
2019-05-30 13:00:00,971.6000000000003
2019-05-30 14:00:00,970.8000000000003
2019-05-30 15:00:00,968.5000000000002
2019-05-30 16:00:00,972.0000000000002
2019-05-30 17:00:00,970.4000000000003
2019-05-30 18:00:00,970.2000000000003
2019-05-30 19:00:00,971.6000000000003
2019-05-31 05:00:00,965.6000000000003
2019-05-31 13:00:00,964.0000000000002
2019-05-31 14:00:00,965.7000000000003
2019-05-31 15:00:00,969.3000000000003
2019-05-31 16:00:00,967.3000000000003
2019-05-31 17:00:00,968.5000000000002
2019-05-31 18:00:00,966.8000000000003
2019-05-31 19:00:00,965.6000000000003
2019-06-03 05:00:00,967.8000000000003
2019-06-03 13:00:00,967.2000000000003
2019-06-03 14:00:00,973.1000000000003
2019-06-03 15:00:00,971.5000000000002
2019-06-03 16:00:00,968.1000000000003
2019-06-03 17:00:00,970.9000000000003
2019-06-03 18:00:00,968.9000000000003
2019-06-03 19:00:00,969.2000000000003
2019-06-04 05:00:00,982.4000000000003
2019-06-04 13:00:00,977.3000000000003
2019-06-04 14:00:00,976.6000000000003
2019-06-04 15:00:00,979.3000000000003
2019-06-04 16:00:00,982.5000000000002
2019-06-04 17:00:00,982.0000000000002
2019-06-04 19:00:00,982.2000000000003
2019-06-05 05:00:00,988.5000000000002
2019-06-05 13:00:00,989.4000000000003
2019-06-05 14:00:00,986.3000000000003
2019-06-05 15:00:00,987.6000000000003
2019-06-05 16:00:00,987.9000000000003
2019-06-05 17:00:00,989.1000000000003
2019-06-05 18:00:00,988.5000000000002
2019-06-05 19:00:00,988.5000000000002
2019-06-06 05:00:00,991.1000000000003
2019-06-06 13:00:00,990.3000000000003
2019-06-06 14:00:00,994.8000000000003
2019-06-06 15:00:00,992.6000000000003
2019-06-06 16:00:00,992.4000000000003
2019-06-06 18:00:00,993.2000000000003
2019-06-06 19:00:00,991.0000000000002
2019-06-07 05:00:00,1002.9000000000003
2019-06-07 13:00:00,998.6000000000003
2019-06-07 14:00:00,1003.7000000000003
2019-06-07 15:00:00,1002.1000000000003
2019-06-07 16:00:00,1002.9000000000003
2019-06-07 17:00:00,1004.2000000000003
2019-06-07 18:00:00,1003.2000000000003
2019-06-07 19:00:00,1002.8000000000003
2019-06-10 05:00:00,1005.6000000000003
2019-06-10 13:00:00,1004.1000000000003
2019-06-10 14:00:00,1003.1000000000003
2019-06-10 15:00:00,1003.3000000000003
2019-06-10 16:00:00,1007.1000000000003
2019-06-10 17:00:00,1006.3000000000003
2019-06-10 18:00:00,1006.4000000000003
2019-06-10 19:00:00,1005.3000000000003
2019-06-11 05:00:00,1002.8000000000003
2019-06-12 05:00:00,1009.2000000000004
2019-06-13 05:00:00,1008.0000000000003
2019-06-13 13:00:00,1008.8000000000003
2019-06-13 14:00:00,1007.4000000000003
2019-06-13 15:00:00,1006.7000000000004
2019-06-13 18:00:00,1007.2000000000004
2019-06-14 05:00:00,1007.0000000000003
2019-06-14 13:00:00,1008.1000000000004
2019-06-14 17:00:00,1006.8000000000003
2019-06-14 18:00:00,1006.7000000000004
2019-06-14 19:00:00,1007.0000000000003
2019-06-17 05:00:00,1011.0000000000003
2019-06-17 13:00:00,1007.8000000000003
2019-06-17 14:00:00,1008.0000000000003
2019-06-17 15:00:00,1009.8000000000003
2019-06-17 18:00:00,1011.1000000000004
2019-06-17 19:00:00,1011.0000000000003
2019-06-18 05:00:00,1018.5000000000003
2019-06-18 13:00:00,1019.0000000000003
2019-06-18 14:00:00,1019.9000000000003
2019-06-18 15:00:00,1019.4000000000003
2019-06-18 18:00:00,1020.4000000000003
2019-06-18 19:00:00,1018.2000000000004
2019-06-18 20:00:00,1018.1000000000004
2019-06-19 05:00:00,1027.7000000000003
2019-06-19 13:00:00,1020.7000000000004
2019-06-19 14:00:00,1022.9000000000003
2019-06-19 15:00:00,1023.6000000000004
2019-06-19 16:00:00,1022.6000000000004
2019-06-19 17:00:00,1021.9000000000003
2019-06-19 18:00:00,1026.0000000000005
2019-06-19 19:00:00,1027.7000000000003
2019-06-20 05:00:00,1031.1000000000004
2019-06-20 13:00:00,1036.5000000000005
2019-06-20 14:00:00,1033.7000000000003
2019-06-20 15:00:00,1029.8000000000002
2019-06-20 16:00:00,1026.2000000000003
2019-06-20 17:00:00,1031.8000000000002
2019-06-20 18:00:00,1030.0000000000005
2019-06-20 19:00:00,1032.0000000000005
2019-06-21 05:00:00,1034.5000000000005
2019-06-21 13:00:00,1025.9000000000003
2019-06-21 14:00:00,1028.6000000000004
2019-06-21 15:00:00,1028.0000000000005
2019-06-21 16:00:00,1028.8000000000002
2019-06-21 17:00:00,1029.7000000000003
2019-06-21 18:00:00,1033.9000000000003
2019-06-21 19:00:00,1034.8000000000002
2019-06-24 05:00:00,1030.3000000000002
2019-06-24 13:00:00,1029.7000000000003
2019-06-24 14:00:00,1030.7000000000003
2019-06-24 15:00:00,1031.4000000000003
2019-06-24 17:00:00,1030.9000000000003
2019-06-24 18:00:00,1029.8000000000002
2019-06-24 19:00:00,1030.3000000000002
2019-06-25 05:00:00,1026.9000000000003
2019-06-25 13:00:00,1034.3000000000002
2019-06-25 14:00:00,1032.2000000000003
2019-06-25 15:00:00,1031.8000000000002
2019-06-25 16:00:00,1029.6000000000004
2019-06-25 17:00:00,1029.9000000000003
2019-06-25 18:00:00,1028.4000000000003
2019-06-25 19:00:00,1026.7000000000003
2019-06-26 05:00:00,1015.1000000000004
2019-06-26 13:00:00,1013.8000000000003
2019-06-26 14:00:00,1015.7000000000004
2019-06-26 15:00:00,1014.0000000000003
2019-06-26 16:00:00,1017.5000000000003
2019-06-26 17:00:00,1017.2000000000004
2019-06-26 18:00:00,1014.5000000000003
2019-06-26 19:00:00,1015.1000000000004
2019-06-27 05:00:00,1020.5000000000003
2019-06-27 13:00:00,1019.0000000000003
2019-06-27 14:00:00,1019.2000000000004
2019-06-27 15:00:00,1019.8000000000003
2019-06-27 16:00:00,1020.2000000000004
2019-06-27 17:00:00,1021.2000000000004
2019-06-27 19:00:00,1021.6000000000004
2019-06-28 05:00:00,1023.5000000000003
2019-06-28 13:00:00,1016.9000000000003
2019-06-28 14:00:00,1016.8000000000003
2019-06-28 15:00:00,1019.1000000000004
2019-06-28 16:00:00,1020.4000000000003
2019-06-28 17:00:00,1020.6000000000004
2019-06-28 18:00:00,1018.8000000000003
2019-06-28 19:00:00,1023.4000000000003
2019-07-01 05:00:00,1028.7000000000003
2019-07-01 13:00:00,1027.6000000000004
2019-07-01 14:00:00,1028.9000000000003
2019-07-01 15:00:00,1027.5000000000005
2019-07-01 17:00:00,1026.8000000000002
2019-07-01 18:00:00,1025.7000000000003
2019-07-01 19:00:00,1028.7000000000003
2019-07-01 20:00:00,1028.5000000000005
2019-07-02 05:00:00,1032.5000000000005
2019-07-02 13:00:00,1027.3000000000002
2019-07-02 14:00:00,1029.7000000000003
2019-07-02 15:00:00,1026.1000000000004
2019-07-02 17:00:00,1029.5000000000005
2019-07-02 18:00:00,1028.6000000000004
2019-07-02 19:00:00,1032.0000000000005
2019-07-03 05:00:00,1040.8000000000004
2019-07-03 13:00:00,1037.7000000000005
2019-07-03 14:00:00,1037.3000000000004
2019-07-03 15:00:00,1040.2000000000005
2019-07-03 16:00:00,1040.7000000000005
2019-07-05 05:00:00,1034.5000000000005
2019-07-05 13:00:00,1038.7000000000005
2019-07-05 14:00:00,1036.0000000000005
2019-07-05 15:00:00,1035.6000000000004
2019-07-05 16:00:00,1033.9000000000003
2019-07-05 17:00:00,1034.7000000000003
2019-07-05 18:00:00,1035.6000000000004
2019-07-05 19:00:00,1034.5000000000005
2019-07-08 05:00:00,1027.5000000000005
2019-07-08 13:00:00,1028.5000000000005
2019-07-08 14:00:00,1024.3000000000002
2019-07-08 15:00:00,1025.3000000000002
2019-07-08 18:00:00,1025.1000000000004
2019-07-08 19:00:00,1027.4000000000003
2019-07-09 05:00:00,1028.3000000000002
2019-07-09 13:00:00,1027.0000000000005
2019-07-09 14:00:00,1028.5000000000005
2019-07-09 15:00:00,1028.3000000000002
2019-07-09 18:00:00,1027.7000000000003
2019-07-09 19:00:00,1028.4000000000003
2019-07-09 20:00:00,1028.0000000000005
2019-07-10 05:00:00,1031.3000000000002
2019-07-10 13:00:00,1033.5000000000005
2019-07-10 14:00:00,1028.6000000000004
2019-07-10 15:00:00,1029.8000000000002
2019-07-10 16:00:00,1032.3000000000002
2019-07-10 17:00:00,1032.4000000000003
2019-07-10 18:00:00,1033.3000000000002
2019-07-10 19:00:00,1031.5000000000005
2019-07-11 05:00:00,1031.5000000000005
2019-07-11 11:00:00,1036.9000000000003
2019-07-11 13:00:00,1033.9000000000003
2019-07-11 14:00:00,1027.3000000000002
2019-07-11 15:00:00,1028.9000000000003
2019-07-11 16:00:00,1029.3000000000002
2019-07-11 17:00:00,1025.8000000000002
2019-07-11 18:00:00,1028.5000000000005
2019-07-11 19:00:00,1031.5000000000005
2019-07-12 05:00:00,1021.0000000000003
2019-07-12 13:00:00,1022.5000000000003
2019-07-12 14:00:00,1022.6000000000004
2019-07-12 15:00:00,1018.5000000000003
2019-07-12 16:00:00,1016.4000000000003
2019-07-12 18:00:00,1020.2000000000004
2019-07-12 19:00:00,1021.0000000000003
2019-07-15 05:00:00,1023.0000000000003
2019-07-15 13:00:00,1023.3000000000003
2019-07-15 14:00:00,1021.6000000000004
2019-07-15 16:00:00,1023.1000000000004
2019-07-15 19:00:00,1023.0000000000003
2019-07-16 05:00:00,1018.1000000000004
2019-07-16 13:00:00,1020.5000000000003
2019-07-16 14:00:00,1020.0000000000003
2019-07-16 15:00:00,1018.2000000000004
2019-07-16 16:00:00,1018.8000000000003
2019-07-16 17:00:00,1018.5000000000003
2019-07-16 18:00:00,1018.5000000000003
2019-07-16 19:00:00,1018.5000000000003
2019-07-17 05:00:00,1018.5000000000003
2019-07-17 13:00:00,1021.6000000000004
2019-07-17 14:00:00,1020.0000000000003
2019-07-17 15:00:00,1021.4000000000003
2019-07-17 16:00:00,1021.0000000000003
2019-07-17 17:00:00,1022.0000000000003
2019-07-17 18:00:00,1021.3000000000003
2019-07-17 19:00:00,1018.8000000000003
2019-07-18 05:00:00,1023.1000000000004
2019-07-18 13:00:00,1016.0000000000003
2019-07-18 14:00:00,1021.3000000000003
2019-07-18 15:00:00,1016.6000000000004
2019-07-18 16:00:00,1018.9000000000003
2019-07-18 17:00:00,1020.4000000000003
2019-07-18 18:00:00,1022.4000000000003
2019-07-18 19:00:00,1022.6000000000004
2019-07-19 05:00:00,1012.9000000000003
2019-07-19 13:00:00,1021.9000000000003
2019-07-19 14:00:00,1019.7000000000004
2019-07-19 15:00:00,1019.4000000000003
2019-07-19 17:00:00,1017.5000000000003
2019-07-19 18:00:00,1016.3000000000003
2019-07-19 19:00:00,1012.9000000000003
2019-07-19 20:00:00,1012.5000000000003
2019-07-22 05:00:00,1011.4000000000003
2019-07-22 13:00:00,1013.1000000000004
2019-07-22 14:00:00,1011.8000000000003
2019-07-22 15:00:00,1012.5000000000003
2019-07-22 16:00:00,1013.5000000000003
2019-07-22 17:00:00,1013.2000000000004
2019-07-22 18:00:00,1013.2000000000004
2019-07-22 19:00:00,1011.4000000000003
2019-07-23 05:00:00,1017.1000000000004
2019-07-23 13:00:00,1010.8000000000003
2019-07-23 14:00:00,1012.6000000000004
2019-07-23 15:00:00,1013.6000000000004
2019-07-23 16:00:00,1014.9000000000003
2019-07-23 17:00:00,1018.1000000000004
2019-07-23 18:00:00,1017.4000000000003
2019-07-23 19:00:00,1017.1000000000004
2019-07-24 05:00:00,1017.4000000000003
2019-07-24 13:00:00,1013.8000000000003
2019-07-24 14:00:00,1013.3000000000003
2019-07-24 15:00:00,1012.2000000000004
2019-07-24 16:00:00,1014.0000000000003
2019-07-24 17:00:00,1013.6000000000004
2019-07-24 18:00:00,1015.0000000000003
2019-07-24 19:00:00,1017.0000000000003
2019-07-24 20:00:00,1017.1000000000004
2019-07-25 05:00:00,1012.0000000000003
2019-07-25 13:00:00,1014.1000000000004
2019-07-25 14:00:00,1018.1000000000004
2019-07-25 15:00:00,1015.0000000000003
2019-07-25 16:00:00,1012.9000000000003
2019-07-25 17:00:00,1014.3000000000003
2019-07-25 18:00:00,1013.2000000000004
2019-07-25 19:00:00,1012.1000000000004
2019-07-26 05:00:00,1016.2000000000004
2019-07-26 13:00:00,1013.2000000000004
2019-07-26 14:00:00,1013.1000000000004
2019-07-26 15:00:00,1014.3000000000003
2019-07-26 18:00:00,1014.3000000000003
2019-07-26 19:00:00,1015.8000000000003
2019-07-29 05:00:00,1019.7000000000004
2019-07-29 13:00:00,1016.4000000000003
2019-07-29 14:00:00,1018.3000000000003
2019-07-29 15:00:00,1019.9000000000003
2019-07-29 16:00:00,1019.8000000000003
2019-07-29 17:00:00,1019.3000000000003
2019-07-29 18:00:00,1018.5000000000003
2019-07-29 19:00:00,1020.0000000000003
2019-07-30 05:00:00,1015.8000000000003
2019-07-30 13:00:00,1014.4000000000003
2019-07-30 14:00:00,1013.6000000000004
2019-07-30 15:00:00,1014.2000000000004
2019-07-30 16:00:00,1014.6000000000004
2019-07-30 17:00:00,1014.7000000000004
2019-07-30 18:00:00,1014.5000000000003
2019-07-30 19:00:00,1016.0000000000003
2019-07-31 05:00:00,1007.4000000000003
2019-07-31 13:00:00,1015.8000000000003
2019-07-31 14:00:00,1016.4000000000003
2019-07-31 15:00:00,1018.0000000000003
2019-07-31 17:00:00,1016.1000000000004
2019-07-31 18:00:00,1007.2000000000004
2019-07-31 19:00:00,1006.9000000000003
2019-07-31 20:00:00,1005.6000000000004
2019-08-01 05:00:00,1008.3000000000003
2019-08-01 13:00:00,1006.9000000000003
2019-08-01 14:00:00,1012.4000000000003
2019-08-01 15:00:00,1016.8000000000003
2019-08-01 16:00:00,1016.3000000000003
2019-08-01 17:00:00,1006.9000000000003
2019-08-01 18:00:00,1004.4000000000003
2019-08-01 19:00:00,1008.3000000000003
2019-08-02 05:00:00,1005.3000000000003
2019-08-02 13:00:00,1003.9000000000003
2019-08-02 14:00:00,1001.7000000000004
2019-08-02 15:00:00,1001.5000000000003
2019-08-02 16:00:00,1001.9000000000003
2019-08-02 17:00:00,1000.7000000000004
2019-08-02 18:00:00,1002.4000000000003
2019-08-02 19:00:00,1005.2000000000004
2019-08-02 20:00:00,1005.1000000000004
2019-08-05 05:00:00,984.3000000000003
2019-08-05 13:00:00,995.3000000000003
2019-08-05 14:00:00,991.8000000000003
2019-08-05 15:00:00,992.4000000000003
2019-08-05 16:00:00,984.8000000000003
2019-08-05 17:00:00,989.3000000000003
2019-08-05 18:00:00,981.7000000000004
2019-08-05 19:00:00,984.4000000000003
2019-08-06 05:00:00,995.0000000000003
2019-08-06 13:00:00,989.1000000000004
2019-08-06 14:00:00,988.2000000000004
2019-08-06 15:00:00,987.1000000000004
2019-08-06 16:00:00,986.1000000000004
2019-08-06 17:00:00,989.9000000000003
2019-08-06 18:00:00,991.1000000000004
2019-08-06 19:00:00,994.8000000000003
2019-08-07 05:00:00,995.1000000000004
2019-08-07 13:00:00,980.3000000000003
2019-08-07 14:00:00,989.1000000000004
2019-08-07 15:00:00,986.8000000000003
2019-08-07 16:00:00,987.4000000000003
2019-08-07 17:00:00,994.7000000000004
2019-08-07 18:00:00,995.2000000000004
2019-08-07 19:00:00,995.3000000000003
2019-08-08 05:00:00,1006.5000000000003
2019-08-08 13:00:00,1000.9000000000003
2019-08-08 14:00:00,1000.2000000000004
2019-08-08 15:00:00,1003.7000000000004
2019-08-08 16:00:00,1005.9000000000003
2019-08-08 17:00:00,1004.8000000000003
2019-08-08 18:00:00,1004.8000000000003
2019-08-08 19:00:00,1006.5000000000003
2019-08-09 05:00:00,1008.6000000000004
2019-08-09 13:00:00,1006.0000000000003
2019-08-09 14:00:00,1005.6000000000004
2019-08-09 15:00:00,1001.5000000000003
2019-08-09 16:00:00,1005.6000000000004
2019-08-09 17:00:00,1007.3000000000003
2019-08-09 18:00:00,1007.5000000000003
2019-08-09 19:00:00,1008.6000000000004
2019-08-09 20:00:00,1008.5000000000003
2019-08-12 05:00:00,999.8000000000003
2019-08-12 13:00:00,1004.8000000000003
2019-08-12 14:00:00,1004.6000000000004
2019-08-12 15:00:00,1004.0000000000003
2019-08-12 16:00:00,1003.3000000000003
2019-08-12 17:00:00,1000.0000000000003
2019-08-12 18:00:00,996.8000000000003
2019-08-12 19:00:00,999.9000000000003
2019-08-13 05:00:00,1010.9000000000003
2019-08-13 13:00:00,1011.5000000000003
2019-08-13 14:00:00,1011.2000000000004
2019-08-13 15:00:00,1011.3000000000003
2019-08-13 16:00:00,1011.8000000000003
2019-08-13 17:00:00,1012.1000000000004
2019-08-13 18:00:00,1014.3000000000003
2019-08-13 19:00:00,1010.9000000000003
2019-08-13 20:00:00,1011.0000000000003
2019-08-14 05:00:00,986.1000000000004
2019-08-14 13:00:00,1000.4000000000003
2019-08-14 14:00:00,999.7000000000004
2019-08-14 15:00:00,994.5000000000003
2019-08-14 16:00:00,990.4000000000003
2019-08-14 17:00:00,993.9000000000003
2019-08-14 18:00:00,987.6000000000004
2019-08-14 19:00:00,985.7000000000004
2019-08-14 20:00:00,985.2000000000004
2019-08-15 05:00:00,988.6000000000004
2019-08-15 13:00:00,989.3000000000003
2019-08-15 14:00:00,988.9000000000003
2019-08-15 15:00:00,987.6000000000004
2019-08-15 16:00:00,987.4000000000003
2019-08-15 17:00:00,983.6000000000004
2019-08-15 18:00:00,988.5000000000003
2019-08-15 19:00:00,988.7000000000004
2019-08-16 05:00:00,999.0000000000003
2019-08-16 13:00:00,994.9000000000003
2019-08-16 14:00:00,999.1000000000004
2019-08-16 15:00:00,999.0000000000003
2019-08-16 16:00:00,999.1000000000004
2019-08-16 17:00:00,998.4000000000003
2019-08-16 18:00:00,998.2000000000004
2019-08-16 19:00:00,998.9000000000003
2019-08-19 05:00:00,1008.1000000000004
2019-08-19 13:00:00,1006.6000000000004
2019-08-19 14:00:00,1007.1000000000004
2019-08-19 15:00:00,1007.5000000000003
2019-08-19 16:00:00,1007.2000000000004
2019-08-19 17:00:00,1007.8000000000003
2019-08-19 18:00:00,1009.5000000000003
2019-08-19 19:00:00,1007.8000000000003
2019-08-20 05:00:00,999.7000000000004
2019-08-20 13:00:00,1006.2000000000004
2019-08-20 14:00:00,1007.0000000000003
2019-08-20 16:00:00,1008.4000000000003
2019-08-20 17:00:00,1005.8000000000003
2019-08-20 18:00:00,1004.3000000000003
2019-08-20 19:00:00,1001.4000000000003
2019-08-21 05:00:00,1006.6000000000004
2019-08-21 13:00:00,1005.9000000000003
2019-08-21 14:00:00,1004.9000000000003
2019-08-21 15:00:00,1008.4000000000003
2019-08-21 16:00:00,1006.9000000000003
2019-08-21 17:00:00,1007.5000000000003
2019-08-21 18:00:00,1008.0000000000003
2019-08-21 19:00:00,1006.6000000000004
2019-08-22 05:00:00,1002.1000000000004
2019-08-22 13:00:00,1006.8000000000003
2019-08-22 14:00:00,999.8000000000003
2019-08-22 15:00:00,1001.5000000000003
2019-08-22 16:00:00,1002.7000000000004
2019-08-22 17:00:00,1003.7000000000004
2019-08-22 18:00:00,1004.4000000000003
2019-08-22 19:00:00,1002.8000000000003
2019-08-23 05:00:00,980.3000000000003
2019-08-23 13:00:00,999.8000000000003
2019-08-23 14:00:00,1001.5000000000003
2019-08-23 15:00:00,988.6000000000004
2019-08-23 16:00:00,989.3000000000003
2019-08-23 17:00:00,987.6000000000004
2019-08-23 18:00:00,985.5000000000003
2019-08-23 19:00:00,980.3000000000003
2019-08-26 05:00:00,989.7000000000004
2019-08-26 13:00:00,987.2000000000004
2019-08-26 14:00:00,986.9000000000003
2019-08-26 15:00:00,987.0000000000003
2019-08-26 16:00:00,990.0000000000003
2019-08-26 17:00:00,987.7000000000004
2019-08-26 18:00:00,987.9000000000003
2019-08-26 19:00:00,989.9000000000003
2019-08-27 05:00:00,985.8000000000003
2019-08-27 13:00:00,997.4000000000003
2019-08-27 14:00:00,996.0000000000003
2019-08-27 15:00:00,992.3000000000003
2019-08-27 16:00:00,985.4000000000003
2019-08-27 17:00:00,988.2000000000004
2019-08-27 18:00:00,988.7000000000004
2019-08-27 19:00:00,985.4000000000003
2019-08-28 05:00:00,991.4000000000003
2019-08-28 13:00:00,986.9000000000003
2019-08-28 14:00:00,992.4000000000003
2019-08-28 15:00:00,991.4000000000003
2019-08-28 16:00:00,989.5000000000003
2019-08-28 17:00:00,989.6000000000004
2019-08-28 18:00:00,991.3000000000003
2019-08-28 19:00:00,991.4000000000003
2019-08-29 05:00:00,998.2000000000004
2019-08-29 13:00:00,998.4000000000003
2019-08-29 14:00:00,994.0000000000003
2019-08-29 15:00:00,997.1000000000004
2019-08-29 16:00:00,997.8000000000003
2019-08-29 17:00:00,999.6000000000004
2019-08-29 18:00:00,998.9000000000003
2019-08-29 19:00:00,998.2000000000004
2019-08-30 05:00:00,999.3000000000003
2019-08-30 13:00:00,999.8000000000003
2019-08-30 14:00:00,1000.6000000000004
2019-08-30 15:00:00,998.3000000000003
2019-08-30 16:00:00,1000.0000000000003
2019-08-30 17:00:00,998.4000000000003
2019-08-30 18:00:00,998.1000000000004
2019-08-30 19:00:00,999.3000000000003
2019-09-03 05:00:00,994.3000000000003
2019-09-03 13:00:00,996.6000000000004
2019-09-03 14:00:00,994.5000000000003
2019-09-03 15:00:00,993.2000000000004
2019-09-03 16:00:00,993.3000000000003
2019-09-03 17:00:00,991.8000000000003
2019-09-03 18:00:00,992.3000000000003
2019-09-03 19:00:00,994.3000000000003
2019-09-04 05:00:00,993.9000000000003
2019-09-04 13:00:00,997.3000000000003
2019-09-04 14:00:00,992.1000000000004
2019-09-04 15:00:00,993.2000000000004
2019-09-04 16:00:00,992.9000000000003
2019-09-04 17:00:00,991.0000000000003
2019-09-04 18:00:00,991.6000000000004
2019-09-04 19:00:00,993.8000000000003
2019-09-04 20:00:00,993.6000000000004
2019-09-05 05:00:00,1002.6000000000004
2019-09-05 13:00:00,999.3000000000003
2019-09-05 14:00:00,1001.6000000000004
2019-09-05 15:00:00,1002.9000000000003
2019-09-05 16:00:00,1002.0000000000003
2019-09-05 17:00:00,1001.7000000000004
2019-09-05 18:00:00,1003.6000000000004
2019-09-05 19:00:00,1002.6000000000004
2019-09-06 05:00:00,1005.6000000000004
2019-09-06 13:00:00,1005.1000000000004
2019-09-06 14:00:00,1006.6000000000004
2019-09-06 15:00:00,1007.0000000000003
2019-09-06 16:00:00,1006.3000000000003
2019-09-06 17:00:00,1006.9000000000003
2019-09-06 18:00:00,1007.3000000000003
2019-09-06 19:00:00,1005.6000000000004
2019-09-09 05:00:00,997.3000000000003
2019-09-09 13:00:00,996.8000000000003
2019-09-09 14:00:00,996.8000000000003
2019-09-09 15:00:00,995.5000000000003
2019-09-09 16:00:00,996.7000000000004
2019-09-09 17:00:00,999.5000000000003
2019-09-09 18:00:00,997.6000000000004
2019-09-09 19:00:00,997.3000000000003
2019-09-10 05:00:00,998.9000000000003
2019-09-10 13:00:00,984.3000000000003
2019-09-10 14:00:00,988.6000000000004
2019-09-10 15:00:00,992.0000000000003
2019-09-10 16:00:00,998.2000000000004
2019-09-10 17:00:00,996.6000000000004
2019-09-10 18:00:00,995.1000000000004
2019-09-10 19:00:00,998.9000000000003
2019-09-10 20:00:00,1000.2000000000004
2019-09-11 05:00:00,1008.3000000000003
2019-09-11 19:00:00,1006.0000000000002
2019-09-12 05:00:00,1008.1000000000003
2019-09-12 14:00:00,1012.8000000000003
2019-09-13 05:00:00,1007.9000000000002
2019-09-13 13:00:00,1012.8000000000003
2019-09-13 15:00:00,1011.0000000000002
2019-09-13 16:00:00,1009.3000000000003
2019-09-13 19:00:00,1008.0000000000002
2019-09-16 05:00:00,1005.9000000000002
2019-09-16 13:00:00,1003.6000000000003
2019-09-16 14:00:00,1006.1000000000003
2019-09-16 15:00:00,1004.7000000000003
2019-09-16 16:00:00,1006.0000000000002
2019-09-16 17:00:00,1006.1000000000003
2019-09-16 18:00:00,1005.6000000000003
2019-09-16 19:00:00,1005.6000000000003
2019-09-17 05:00:00,1006.8000000000003
2019-09-17 13:00:00,1007.9000000000002
2019-09-17 14:00:00,1007.3000000000003
2019-09-17 15:00:00,1008.6000000000003
2019-09-17 16:00:00,1006.5000000000002
2019-09-17 18:00:00,1006.8000000000003
2019-09-17 19:00:00,1006.6000000000003
2019-09-18 05:00:00,1006.9000000000002
2019-09-18 13:00:00,1004.0000000000002
2019-09-18 14:00:00,1006.0000000000002
2019-09-18 15:00:00,1006.5000000000002
2019-09-18 17:00:00,1005.7000000000003
2019-09-18 18:00:00,1000.7000000000003
2019-09-18 19:00:00,1006.1000000000003
2019-09-18 20:00:00,1006.5000000000002
2019-09-19 05:00:00,1011.4000000000002
2019-09-19 13:00:00,1009.8000000000003
2019-09-19 14:00:00,1013.9000000000002
2019-09-19 15:00:00,1013.1000000000003
2019-09-19 16:00:00,1013.6000000000003
2019-09-19 17:00:00,1012.7000000000003
2019-09-19 18:00:00,1013.4000000000002
2019-09-19 19:00:00,1011.9000000000002
2019-09-20 05:00:00,1015.9000000000002
2019-09-20 13:00:00,1018.3000000000003
2019-09-20 14:00:00,1019.6000000000003
2019-09-20 15:00:00,1018.9000000000002
2019-09-20 16:00:00,1019.0000000000002
2019-09-20 17:00:00,1015.3000000000003
2019-09-20 18:00:00,1017.6000000000003
2019-09-20 19:00:00,1015.7000000000003
2019-09-20 20:00:00,1013.2000000000003
2019-09-23 05:00:00,1010.9000000000002
2019-09-23 13:00:00,1013.8000000000003
2019-09-23 14:00:00,1011.0000000000002
2019-09-23 15:00:00,1012.7000000000003
2019-09-23 16:00:00,1011.4000000000002
2019-09-23 17:00:00,1011.3000000000003
2019-09-23 18:00:00,1012.1000000000003
2019-09-23 19:00:00,1011.0000000000002
2019-09-24 05:00:00,1002.0000000000002
2019-09-24 13:00:00,1013.3000000000003
2019-09-24 14:00:00,1014.4000000000002
2019-09-24 15:00:00,1008.3000000000003
2019-09-24 16:00:00,1000.9000000000002
2019-09-24 17:00:00,1002.0000000000002
2019-09-24 18:00:00,1002.7000000000003
2019-09-24 19:00:00,1002.2000000000003
2019-09-25 05:00:00,998.1000000000003
2019-09-25 13:00:00,998.1000000000003
2019-09-25 14:00:00,1001.8000000000003
2019-09-25 15:00:00,999.2000000000003
2019-09-25 16:00:00,999.9000000000002
2019-09-25 17:00:00,999.7000000000003
2019-09-25 18:00:00,998.8000000000003
2019-09-25 19:00:00,998.1000000000003
2019-09-26 05:00:00,992.7000000000003
2019-09-26 13:00:00,997.5000000000002
2019-09-26 14:00:00,993.7000000000003
2019-09-26 15:00:00,986.4000000000002
2019-09-26 16:00:00,988.0000000000002
2019-09-26 17:00:00,990.5000000000002
2019-09-26 18:00:00,993.4000000000002
2019-09-26 19:00:00,992.7000000000003
2019-09-27 05:00:00,988.5000000000002
2019-09-27 13:00:00,992.1000000000003
2019-09-27 14:00:00,995.6000000000003
2019-09-27 15:00:00,994.4000000000002
2019-09-27 16:00:00,989.7000000000003
2019-09-27 17:00:00,988.0000000000002
2019-09-27 18:00:00,986.0000000000002
2019-09-27 19:00:00,988.5000000000002
2019-09-30 05:00:00,996.6000000000003
2019-09-30 13:00:00,996.7000000000003
2019-09-30 14:00:00,996.4000000000002
2019-09-30 15:00:00,996.4000000000002
2019-09-30 16:00:00,998.8000000000003
2019-09-30 17:00:00,1001.5000000000002
2019-09-30 18:00:00,1000.1000000000003
2019-09-30 19:00:00,997.0000000000002
2019-10-01 05:00:00,987.0000000000002
2019-10-01 13:00:00,999.5000000000002
2019-10-01 14:00:00,993.1000000000003
2019-10-01 15:00:00,991.4000000000002
2019-10-01 16:00:00,988.2000000000003
2019-10-01 17:00:00,986.9000000000002
2019-10-01 18:00:00,988.2000000000003
2019-10-01 19:00:00,986.8000000000003
2019-10-02 05:00:00,973.8000000000003
2019-10-02 13:00:00,975.2000000000003
2019-10-02 14:00:00,974.0000000000002
2019-10-02 15:00:00,974.8000000000003
2019-10-02 16:00:00,971.2000000000003
2019-10-02 18:00:00,974.4000000000002
2019-10-02 19:00:00,974.0000000000002
2019-10-02 20:00:00,974.4000000000002
2019-10-03 05:00:00,981.7000000000003
2019-10-03 13:00:00,975.2000000000003
2019-10-03 14:00:00,975.1000000000003
2019-10-03 15:00:00,978.0000000000002
2019-10-03 16:00:00,980.0000000000002
2019-10-03 17:00:00,981.1000000000003
2019-10-03 18:00:00,980.4000000000002
2019-10-03 19:00:00,982.0000000000002
2019-10-04 05:00:00,996.1000000000003
2019-10-04 13:00:00,989.8000000000003
2019-10-04 14:00:00,988.6000000000003
2019-10-04 15:00:00,992.4000000000002
2019-10-04 16:00:00,992.0000000000002
2019-10-04 17:00:00,993.7000000000003
2019-10-04 18:00:00,993.3000000000003
2019-10-04 19:00:00,996.2000000000003
2019-10-07 05:00:00,992.6000000000003
2019-10-07 13:00:00,991.7000000000003
2019-10-07 14:00:00,992.1000000000003
2019-10-07 15:00:00,998.1000000000003
2019-10-07 16:00:00,996.6000000000003
2019-10-07 17:00:00,997.5000000000002
2019-10-07 18:00:00,993.7000000000003
2019-10-07 19:00:00,992.4000000000002
2019-10-08 05:00:00,976.3000000000003
2019-10-08 13:00:00,979.8000000000003
2019-10-08 14:00:00,980.6000000000003
2019-10-08 15:00:00,976.6000000000003
2019-10-08 16:00:00,980.0000000000002
2019-10-08 17:00:00,978.4000000000002
2019-10-08 18:00:00,981.5000000000002
2019-10-08 19:00:00,976.3000000000003
2019-10-09 05:00:00,981.5000000000002
2019-10-09 13:00:00,979.6000000000003
2019-10-09 14:00:00,982.1000000000003
2019-10-09 15:00:00,980.6000000000003
2019-10-09 16:00:00,981.5000000000002
2019-10-09 17:00:00,981.5000000000002
2019-10-09 18:00:00,982.4000000000002
2019-10-09 19:00:00,981.5000000000002
2019-10-10 05:00:00,986.2000000000003
2019-10-10 13:00:00,984.3000000000003
2019-10-10 14:00:00,984.3000000000003
2019-10-10 15:00:00,987.8000000000003
2019-10-10 16:00:00,986.1000000000003
2019-10-10 17:00:00,988.5000000000002
2019-10-10 18:00:00,984.8000000000003
2019-10-10 19:00:00,986.1000000000003
2019-10-11 05:00:00,993.7000000000003
2019-10-11 13:00:00,1001.0000000000002
2019-10-11 14:00:00,1001.4000000000002
2019-10-11 15:00:00,1001.0000000000002
2019-10-11 16:00:00,996.7000000000003
2019-10-11 17:00:00,998.9000000000002
2019-10-11 18:00:00,1000.1000000000003
2019-10-11 19:00:00,993.5000000000002
2019-10-11 20:00:00,987.4000000000002
2019-10-14 05:00:00,994.0000000000002
2019-10-14 13:00:00,994.5000000000002
2019-10-14 14:00:00,995.7000000000003
2019-10-14 15:00:00,996.2000000000003
2019-10-14 16:00:00,995.6000000000003
2019-10-14 17:00:00,996.0000000000002
2019-10-14 18:00:00,994.6000000000003
2019-10-14 19:00:00,994.0000000000002
2019-10-14 20:00:00,993.3000000000003
2019-10-15 05:00:00,1009.6000000000003
2019-10-15 13:00:00,1006.4000000000002
2019-10-15 14:00:00,1010.9000000000002
2019-10-15 15:00:00,1010.4000000000002
2019-10-15 16:00:00,1010.3000000000003
2019-10-15 17:00:00,1010.6000000000003
2019-10-15 18:00:00,1010.5000000000002
2019-10-15 19:00:00,1009.5000000000002
2019-10-15 20:00:00,1008.8000000000003
2019-10-16 05:00:00,1008.6000000000003
2019-10-16 13:00:00,1008.5000000000002
2019-10-16 14:00:00,1011.5000000000002
2019-10-16 15:00:00,1012.6000000000003
2019-10-16 16:00:00,1011.1000000000003
2019-10-16 17:00:00,1008.4000000000002
2019-10-16 18:00:00,1009.8000000000003
2019-10-16 19:00:00,1008.8000000000003
2019-10-17 05:00:00,1015.4000000000002
2019-10-17 13:00:00,1014.4000000000002
2019-10-17 14:00:00,1016.3000000000003
2019-10-17 15:00:00,1015.3000000000003
2019-10-17 16:00:00,1016.3000000000003
2019-10-17 17:00:00,1016.4000000000002
2019-10-17 18:00:00,1017.2000000000003
2019-10-17 19:00:00,1015.5000000000002
2019-10-18 05:00:00,1012.7000000000003
2019-10-18 13:00:00,1014.2000000000003
2019-10-18 14:00:00,1012.5000000000002
2019-10-18 15:00:00,1013.2000000000003
2019-10-18 16:00:00,1009.9000000000002
2019-10-18 17:00:00,1011.8000000000003
2019-10-18 18:00:00,1012.8000000000003
2019-10-18 19:00:00,1012.7000000000003
2019-10-18 20:00:00,1009.9000000000002
2019-10-21 05:00:00,1010.9000000000002
2019-10-21 13:00:00,1012.2000000000003
2019-10-21 14:00:00,1010.4000000000002
2019-10-21 15:00:00,1010.3000000000003
2019-10-21 16:00:00,1011.6000000000003
2019-10-21 17:00:00,1012.7000000000003
2019-10-21 18:00:00,1011.8000000000003
2019-10-21 19:00:00,1010.9000000000002
2019-10-22 05:00:00,1012.8000000000003
2019-10-22 13:00:00,1023.0000000000002
2019-10-22 14:00:00,1021.3000000000003
2019-10-22 15:00:00,1020.2000000000003
2019-10-22 16:00:00,1020.3000000000003
2019-10-22 17:00:00,1020.6000000000003
2019-10-22 18:00:00,1017.0000000000002
2019-10-22 19:00:00,1012.6000000000003
2019-10-22 20:00:00,1012.4000000000002
2019-10-23 05:00:00,1019.1000000000003
2019-10-23 13:00:00,1016.6000000000003
2019-10-23 14:00:00,1017.7000000000003
2019-10-23 15:00:00,1020.4000000000002
2019-10-23 16:00:00,1019.6000000000003
2019-10-23 17:00:00,1018.2000000000003
2019-10-23 18:00:00,1017.4000000000002
2019-10-23 19:00:00,1019.1000000000003
2019-10-23 20:00:00,1019.2000000000003
2019-10-24 05:00:00,1013.3000000000003
2019-10-24 13:00:00,1017.0000000000002
2019-10-24 14:00:00,1013.1000000000003
2019-10-24 15:00:00,1013.6000000000003
2019-10-24 16:00:00,1012.2000000000003
2019-10-24 17:00:00,1012.0000000000002
2019-10-24 18:00:00,1011.7000000000003
2019-10-24 19:00:00,1013.3000000000003
2019-10-25 05:00:00,1014.9000000000002
2019-10-25 13:00:00,1010.2000000000003
2019-10-25 14:00:00,1013.5000000000002
2019-10-25 15:00:00,1015.0000000000002
2019-10-25 16:00:00,1015.0000000000002
2019-10-25 17:00:00,1016.3000000000003
2019-10-25 18:00:00,1015.7000000000003
2019-10-25 19:00:00,1014.8000000000003
2019-10-28 05:00:00,1024.6000000000004
2019-10-28 13:00:00,1020.7000000000003
2019-10-28 14:00:00,1023.8000000000003
2019-10-28 15:00:00,1023.0000000000002
2019-10-28 16:00:00,1024.9
2019-10-28 17:00:00,1025.3000000000002
2019-10-28 18:00:00,1025.6000000000004
2019-10-28 19:00:00,1024.4
2019-10-29 05:00:00,1038.7000000000003
2019-10-29 13:00:00,1029.1000000000004
2019-10-29 14:00:00,1035.1000000000004
2019-10-29 15:00:00,1036.5000000000002
2019-10-29 16:00:00,1038.3000000000004
2019-10-29 18:00:00,1035.3000000000002
2019-10-29 19:00:00,1038.7000000000003
2019-10-29 20:00:00,1037.2000000000003
2019-10-30 05:00:00,1042.2000000000003
2019-10-30 13:00:00,1035.6000000000004
2019-10-30 14:00:00,1036.6000000000004
2019-10-30 15:00:00,1037.4000000000003
2019-10-30 17:00:00,1036.9
2019-10-30 18:00:00,1040.2000000000003
2019-10-30 19:00:00,1041.8000000000004
2019-10-30 20:00:00,1040.8000000000004
2019-10-31 05:00:00,1041.2000000000003
2019-10-31 13:00:00,1041.4000000000003
2019-10-31 14:00:00,1039.1000000000001
2019-10-31 15:00:00,1039.0000000000002
2019-10-31 16:00:00,1035.6000000000004
2019-10-31 17:00:00,1038.8000000000004
2019-10-31 18:00:00,1036.5000000000002
2019-10-31 19:00:00,1041.5000000000002
2019-11-01 05:00:00,1042.5000000000002
2019-11-01 13:00:00,1047.7000000000003
2019-11-01 14:00:00,1048.8000000000004
2019-11-01 15:00:00,1048.7000000000003
2019-11-01 16:00:00,1047.9000000000003
2019-11-01 17:00:00,1046.2000000000003
2019-11-01 18:00:00,1046.2000000000003
2019-11-01 19:00:00,1042.7000000000003
2019-11-04 06:00:00,1039.4000000000003
2019-11-04 14:00:00,1043.0000000000002
2019-11-04 15:00:00,1041.2000000000003
2019-11-04 16:00:00,1041.8000000000004
2019-11-04 17:00:00,1043.0000000000002
2019-11-04 18:00:00,1042.7000000000003
2019-11-04 19:00:00,1042.4000000000003
2019-11-04 20:00:00,1039.4000000000003
2019-11-05 06:00:00,1031.0000000000002
2019-11-05 14:00:00,1035.0000000000002
2019-11-05 15:00:00,1033.1000000000004
2019-11-05 16:00:00,1033.8000000000002
2019-11-05 17:00:00,1035.3000000000002
2019-11-05 18:00:00,1033.1000000000004
2019-11-05 19:00:00,1033.6000000000004
2019-11-05 20:00:00,1031.1000000000004
2019-11-06 06:00:00,1036.0000000000002
2019-11-06 14:00:00,1032.6000000000004
2019-11-06 15:00:00,1032.2000000000003
2019-11-06 16:00:00,1034.0000000000002
2019-11-06 17:00:00,1034.8000000000002
2019-11-06 18:00:00,1036.6000000000004
2019-11-06 19:00:00,1036.6000000000004
2019-11-06 20:00:00,1036.0000000000002
2019-11-07 06:00:00,1037.6000000000001
2019-11-07 14:00:00,1040.3000000000004
2019-11-07 15:00:00,1037.4000000000003
2019-11-07 16:00:00,1038.5000000000002
2019-11-07 17:00:00,1037.3000000000004
2019-11-07 18:00:00,1037.6000000000001
2019-11-07 19:00:00,1036.0000000000002
2019-11-07 20:00:00,1037.9000000000003
2019-11-08 06:00:00,1044.7000000000003
2019-11-08 14:00:00,1038.0000000000002
2019-11-08 17:00:00,1041.9000000000003
2019-11-08 18:00:00,1041.5000000000002
2019-11-08 19:00:00,1041.9000000000003
2019-11-08 20:00:00,1044.7000000000003
2019-11-11 06:00:00,1041.0000000000002
2019-11-11 14:00:00,1042.4000000000003
2019-11-11 15:00:00,1039.6000000000001
2019-11-11 16:00:00,1039.0000000000002
2019-11-11 17:00:00,1040.5000000000002
2019-11-11 18:00:00,1039.4000000000003
2019-11-11 19:00:00,1039.3000000000004
2019-11-11 20:00:00,1041.1000000000001
2019-11-12 06:00:00,1046.9000000000003
2019-11-12 14:00:00,1045.8000000000004
2019-11-12 15:00:00,1049.2000000000003
2019-11-12 16:00:00,1048.2000000000003
2019-11-12 17:00:00,1049.0000000000002
2019-11-12 18:00:00,1048.2000000000003
2019-11-12 19:00:00,1046.8000000000004
2019-11-12 20:00:00,1046.9000000000003
2019-11-13 06:00:00,1047.7000000000003
2019-11-13 14:00:00,1044.9000000000003
2019-11-13 15:00:00,1046.5000000000002
2019-11-13 16:00:00,1049.0000000000002
2019-11-13 17:00:00,1049.6000000000001
2019-11-13 18:00:00,1045.9000000000003
2019-11-13 19:00:00,1047.5000000000002
2019-11-13 20:00:00,1047.7000000000003
2019-11-14 06:00:00,1047.2000000000003
2019-11-14 14:00:00,1046.2000000000003
2019-11-14 15:00:00,1042.4000000000003
2019-11-14 16:00:00,1042.4000000000003
2019-11-14 17:00:00,1045.3000000000004
2019-11-14 18:00:00,1044.9000000000003
2019-11-14 19:00:00,1046.7000000000003
2019-11-14 20:00:00,1047.2000000000003
2019-11-14 21:00:00,1049.5000000000002
2019-11-15 06:00:00,1067.8000000000004
2019-11-15 14:00:00,1052.6000000000004
2019-11-15 15:00:00,1055.5000000000002
2019-11-15 16:00:00,1058.8000000000002
2019-11-15 17:00:00,1059.3000000000002
2019-11-15 18:00:00,1058.8000000000002
2019-11-15 19:00:00,1065.8000000000002
2019-11-15 20:00:00,1067.8000000000004
2019-11-18 06:00:00,1064.8000000000002
2019-11-18 14:00:00,1068.0000000000002
2019-11-18 15:00:00,1066.6000000000004
2019-11-18 16:00:00,1066.0000000000002
2019-11-18 17:00:00,1066.7000000000003
2019-11-18 18:00:00,1065.7000000000003
2019-11-18 19:00:00,1064.4
2019-11-18 20:00:00,1064.9
2019-11-19 06:00:00,1071.0000000000002
2019-11-19 14:00:00,1067.0000000000002
2019-11-19 15:00:00,1067.3000000000002
2019-11-19 16:00:00,1069.0000000000002
2019-11-19 17:00:00,1068.4000000000003
2019-11-19 18:00:00,1069.6000000000001
2019-11-19 19:00:00,1070.6000000000001
2019-11-19 20:00:00,1070.9000000000003
2019-11-20 06:00:00,1069.1000000000001
2019-11-20 14:00:00,1071.7000000000003
2019-11-20 15:00:00,1072.3000000000004
2019-11-20 16:00:00,1069.6000000000001
2019-11-20 17:00:00,1066.2000000000003
2019-11-20 18:00:00,1066.6000000000004
2019-11-20 19:00:00,1068.3000000000004
2019-11-20 20:00:00,1069.3000000000004
2019-11-20 21:00:00,1070.2000000000003
2019-11-21 06:00:00,1072.0000000000002
2019-11-21 14:00:00,1066.2000000000003
2019-11-21 15:00:00,1065.7000000000003
2019-11-21 16:00:00,1068.8000000000004
2019-11-21 17:00:00,1070.1000000000001
2019-11-21 18:00:00,1071.5000000000002
2019-11-21 19:00:00,1072.2000000000003
2019-11-21 20:00:00,1072.0000000000002
2019-11-22 06:00:00,1075.5000000000002
2019-11-22 14:00:00,1074.1000000000001
2019-11-22 15:00:00,1073.5000000000002
2019-11-22 16:00:00,1072.7000000000003
2019-11-22 17:00:00,1075.1000000000001
2019-11-22 18:00:00,1075.3000000000004
2019-11-22 19:00:00,1076.0000000000002
2019-11-22 20:00:00,1075.5000000000002
2019-11-25 06:00:00,1087.1000000000004
2019-11-25 14:00:00,1081.2000000000003
2019-11-25 15:00:00,1084.0000000000002
2019-11-25 16:00:00,1085.1000000000004
2019-11-25 17:00:00,1083.9
2019-11-25 18:00:00,1085.1000000000004
2019-11-25 19:00:00,1085.1000000000004
2019-11-25 20:00:00,1087.0000000000002
2019-11-26 06:00:00,1086.5000000000002
2019-11-26 14:00:00,1085.7000000000003
2019-11-26 15:00:00,1085.3000000000002
2019-11-26 16:00:00,1086.9
2019-11-26 17:00:00,1086.2000000000003
2019-11-26 18:00:00,1084.1000000000004
2019-11-26 19:00:00,1084.4
2019-11-26 20:00:00,1086.0000000000002
2019-11-27 06:00:00,1090.8000000000002
2019-11-27 14:00:00,1087.7000000000003
2019-11-27 15:00:00,1088.5000000000002
2019-11-27 16:00:00,1088.2000000000003
2019-11-27 17:00:00,1089.0000000000002
2019-11-27 18:00:00,1091.5000000000002
2019-11-27 19:00:00,1092.2000000000003
2019-11-27 20:00:00,1090.7000000000003
2019-11-29 06:00:00,1087.7000000000003
2019-11-29 14:00:00,1088.1000000000004
2019-11-29 15:00:00,1089.2000000000003
2019-11-29 16:00:00,1086.6000000000004
2019-11-29 17:00:00,1087.8000000000002
2019-11-29 18:00:00,1090.6000000000004
2019-12-02 06:00:00,1083.0000000000002
2019-12-02 14:00:00,1087.0000000000002
2019-12-02 15:00:00,1082.4
2019-12-02 16:00:00,1083.0000000000002
2019-12-02 17:00:00,1082.4
2019-12-02 18:00:00,1083.6000000000004
2019-12-02 19:00:00,1085.2000000000003
2019-12-02 20:00:00,1082.8000000000002
2019-12-02 21:00:00,1083.3000000000002
2019-12-03 06:00:00,1081.1000000000001
2019-12-03 14:00:00,1076.8000000000004
2019-12-03 15:00:00,1077.9000000000003
2019-12-03 16:00:00,1078.3000000000004
2019-12-03 17:00:00,1079.2000000000003
2019-12-03 18:00:00,1079.2000000000003
2019-12-03 19:00:00,1078.3000000000004
2019-12-03 20:00:00,1081.0000000000002
2019-12-04 06:00:00,1089.7000000000003
2019-12-04 08:00:00,1086.1000000000004
2019-12-04 14:00:00,1084.9
2019-12-04 15:00:00,1088.2000000000003
2019-12-04 16:00:00,1087.5000000000002
2019-12-04 17:00:00,1088.3000000000002
2019-12-04 18:00:00,1088.3000000000002
2019-12-04 19:00:00,1089.9
2019-12-04 20:00:00,1089.7000000000003
2019-12-05 06:00:00,1089.2000000000003
2019-12-05 14:00:00,1085.0000000000002
2019-12-05 15:00:00,1086.5000000000002
2019-12-05 16:00:00,1087.6000000000004
2019-12-05 17:00:00,1087.8000000000002
2019-12-05 18:00:00,1089.3000000000002
2019-12-05 19:00:00,1088.4
2019-12-05 20:00:00,1089.2000000000003
2019-12-06 06:00:00,1096.3000000000004
2019-12-06 14:00:00,1096.7000000000003
2019-12-06 15:00:00,1098.5000000000002
2019-12-06 16:00:00,1099.1000000000001
2019-12-06 17:00:00,1098.8000000000004
2019-12-06 18:00:00,1098.8000000000004
2019-12-06 19:00:00,1096.7000000000003
2019-12-06 20:00:00,1096.2000000000003
2019-12-06 21:00:00,1101.6000000000001
2019-12-09 06:00:00,1089.5000000000002
2019-12-09 14:00:00,1093.0000000000002
2019-12-09 15:00:00,1094.4
2019-12-09 16:00:00,1092.7000000000003
2019-12-09 18:00:00,1090.6000000000004
2019-12-09 19:00:00,1091.7000000000003
2019-12-09 20:00:00,1089.2000000000003
2019-12-10 06:00:00,1090.8000000000002
2019-12-10 14:00:00,1088.7000000000003
2019-12-10 15:00:00,1090.2000000000003
2019-12-10 16:00:00,1089.8000000000002
2019-12-10 17:00:00,1091.1000000000004
2019-12-10 18:00:00,1090.6000000000004
2019-12-10 19:00:00,1091.1000000000004
2019-12-10 20:00:00,1090.7000000000003
2019-12-11 06:00:00,1092.6000000000004
2019-12-12 06:00:00,1101.1000000000001
2019-12-12 20:00:00,1101.3000000000002
2019-12-13 06:00:00,1100.9000000000003
2019-12-13 14:00:00,1103.8000000000002
2019-12-13 15:00:00,1101.0000000000002
2019-12-13 16:00:00,1099.5000000000002
2019-12-13 17:00:00,1100.3000000000002
2019-12-13 18:00:00,1101.0000000000002
2019-12-13 19:00:00,1099.9000000000003
2019-12-13 20:00:00,1100.4000000000003
2019-12-16 06:00:00,1111.4000000000003
2019-12-16 14:00:00,1108.3000000000002
2019-12-16 15:00:00,1112.7000000000003
2019-12-16 16:00:00,1114.6000000000004
2019-12-16 17:00:00,1115.2000000000003
2019-12-16 18:00:00,1111.9000000000003
2019-12-16 19:00:00,1112.4
2019-12-16 20:00:00,1111.4000000000003
2019-12-17 06:00:00,1110.5000000000002
2019-12-17 14:00:00,1110.9000000000003
2019-12-17 15:00:00,1110.9000000000003
2019-12-17 16:00:00,1109.9000000000003
2019-12-17 17:00:00,1112.2
2019-12-17 18:00:00,1110.7
2019-12-17 19:00:00,1111.0000000000002
2019-12-17 20:00:00,1110.6000000000001
2019-12-17 21:00:00,1109.9000000000003
2019-12-18 06:00:00,1112.0000000000002
2019-12-18 14:00:00,1112.9
2019-12-18 15:00:00,1111.5000000000002
2019-12-18 16:00:00,1110.9000000000003
2019-12-18 17:00:00,1110.8000000000002
2019-12-18 18:00:00,1112.0000000000002
2019-12-18 19:00:00,1111.9000000000003
2019-12-18 20:00:00,1112.1000000000001
2019-12-18 21:00:00,1111.9000000000003
2019-12-19 06:00:00,1115.7000000000003
2019-12-19 14:00:00,1113.6000000000004
2019-12-19 15:00:00,1113.6000000000004
2019-12-19 16:00:00,1114.8000000000002
2019-12-19 17:00:00,1115.0
2019-12-19 18:00:00,1114.9
2019-12-19 19:00:00,1116.1000000000004
2019-12-19 20:00:00,1116.0
2019-12-19 21:00:00,1115.2000000000003
2019-12-20 06:00:00,1123.3000000000002
2019-12-20 14:00:00,1122.1000000000004
2019-12-20 15:00:00,1123.8000000000002
2019-12-20 16:00:00,1124.9
2019-12-20 17:00:00,1123.2000000000003
2019-12-20 18:00:00,1122.8000000000002
2019-12-20 19:00:00,1124.2000000000003
2019-12-20 20:00:00,1123.4
2019-12-23 06:00:00,1126.6000000000004
2019-12-23 14:00:00,1124.0
2019-12-23 15:00:00,1123.6000000000004
2019-12-23 16:00:00,1125.8000000000002
2019-12-23 17:00:00,1125.8000000000002
2019-12-23 18:00:00,1126.7000000000003
2019-12-23 19:00:00,1127.8000000000002
2019-12-23 20:00:00,1126.6000000000004
2019-12-23 21:00:00,1126.2000000000003
2019-12-24 06:00:00,1125.6000000000004
2019-12-24 14:00:00,1124.9
2019-12-24 15:00:00,1124.5
2019-12-24 16:00:00,1124.9
2019-12-24 17:00:00,1125.8000000000002
2019-12-26 06:00:00,1124.3000000000002
2019-12-26 14:00:00,1126.7000000000003
2019-12-26 15:00:00,1125.3000000000002
2019-12-26 16:00:00,1123.7000000000003
2019-12-26 17:00:00,1123.7000000000003
2019-12-26 18:00:00,1123.4
2019-12-26 19:00:00,1122.7000000000003
2019-12-26 20:00:00,1124.3000000000002
2019-12-27 06:00:00,1124.8000000000002
2019-12-27 14:00:00,1125.9
2019-12-27 15:00:00,1124.6000000000004
2019-12-27 16:00:00,1125.8000000000002
2019-12-27 19:00:00,1124.5
2019-12-27 20:00:00,1124.7000000000003
2019-12-27 21:00:00,1124.7000000000003
2019-12-30 06:00:00,1118.0
2019-12-30 14:00:00,1123.2000000000003
2019-12-30 15:00:00,1120.2000000000003
2019-12-30 16:00:00,1119.7000000000003
2019-12-30 17:00:00,1120.9
2019-12-30 19:00:00,1118.1000000000004
2019-12-30 20:00:00,1117.4
2019-12-30 21:00:00,1118.2000000000003
2019-12-31 06:00:00,1121.5
2019-12-31 14:00:00,1115.7000000000003
2019-12-31 15:00:00,1116.4
2019-12-31 16:00:00,1115.2000000000003
2019-12-31 17:00:00,1115.9
2019-12-31 18:00:00,1117.1000000000004
2019-12-31 19:00:00,1117.6000000000004
2019-12-31 20:00:00,1121.5
2020-01-02 06:00:00,1122.9
2020-01-02 14:00:00,1120.3000000000002
2020-01-02 15:00:00,1117.7000000000003
2020-01-02 16:00:00,1116.1000000000004
2020-01-02 18:00:00,1117.5
2020-01-02 19:00:00,1120.5
2020-01-02 20:00:00,1123.0
2020-01-03 06:00:00,1114.2000000000003
2020-01-03 14:00:00,1115.0
2020-01-03 15:00:00,1116.2000000000003
2020-01-03 16:00:00,1117.7000000000003
2020-01-03 17:00:00,1118.2000000000003
2020-01-03 18:00:00,1115.2000000000003
2020-01-03 19:00:00,1115.9
2020-01-03 20:00:00,1114.9
2020-01-06 06:00:00,1120.0
2020-01-06 14:00:00,1111.8000000000002
2020-01-06 15:00:00,1112.9
2020-01-06 16:00:00,1113.4
2020-01-06 17:00:00,1115.0
2020-01-06 18:00:00,1117.1000000000004
2020-01-06 19:00:00,1119.3000000000002
2020-01-06 20:00:00,1120.1000000000004
2020-01-07 06:00:00,1117.2000000000003
2020-01-07 14:00:00,1112.3000000000002
2020-01-07 15:00:00,1115.2000000000003
2020-01-07 16:00:00,1116.1000000000004
2020-01-07 17:00:00,1118.2000000000003
2020-01-07 18:00:00,1118.0
2020-01-07 20:00:00,1117.4
2020-01-08 06:00:00,1123.9
2020-01-08 14:00:00,1120.6000000000004
2020-01-08 15:00:00,1118.4
2020-01-08 16:00:00,1124.9
2020-01-08 17:00:00,1125.2000000000003
2020-01-08 18:00:00,1124.3000000000002
2020-01-08 19:00:00,1126.4
2020-01-08 20:00:00,1124.3000000000002
2020-01-08 21:00:00,1123.6000000000004
2020-01-09 06:00:00,1128.5
2020-01-09 14:00:00,1125.9
2020-01-09 15:00:00,1131.2000000000003
2020-01-09 16:00:00,1130.9
2020-01-09 17:00:00,1128.6000000000004
2020-01-09 18:00:00,1128.2000000000003
2020-01-09 19:00:00,1128.5
2020-01-09 20:00:00,1128.5
2020-01-10 06:00:00,1128.9
2020-01-10 14:00:00,1133.0
2020-01-10 15:00:00,1131.7000000000003
2020-01-10 16:00:00,1130.7000000000003
2020-01-10 17:00:00,1131.5
2020-01-10 18:00:00,1132.7000000000003
2020-01-10 19:00:00,1131.0
2020-01-10 20:00:00,1128.7000000000003
2020-01-13 06:00:00,1124.9
2020-01-13 14:00:00,1125.3000000000002
2020-01-13 15:00:00,1128.2000000000003
2020-01-13 16:00:00,1125.7000000000003
2020-01-13 17:00:00,1127.3000000000002
2020-01-13 18:00:00,1122.2000000000003
2020-01-13 19:00:00,1123.5
2020-01-13 20:00:00,1124.8000000000002
2020-01-14 06:00:00,1130.6000000000004
2020-01-14 14:00:00,1122.1000000000004
2020-01-14 15:00:00,1123.6000000000004
2020-01-14 16:00:00,1126.1000000000004
2020-01-14 17:00:00,1129.4
2020-01-14 18:00:00,1129.6000000000004
2020-01-14 19:00:00,1130.3000000000002
2020-01-14 20:00:00,1131.4
2020-01-14 21:00:00,1130.8000000000002
2020-01-15 06:00:00,1140.3000000000002
2020-01-15 14:00:00,1139.8000000000002
2020-01-15 15:00:00,1141.5
2020-01-15 16:00:00,1142.0
2020-01-15 17:00:00,1140.9
2020-01-15 18:00:00,1139.1000000000004
2020-01-15 19:00:00,1141.2000000000003
2020-01-15 20:00:00,1140.5
2020-01-16 06:00:00,1145.8000000000002
2020-01-16 14:00:00,1142.6000000000004
2020-01-16 15:00:00,1144.0
2020-01-16 16:00:00,1142.7000000000003
2020-01-16 17:00:00,1141.8000000000002
2020-01-16 18:00:00,1142.1000000000004
2020-01-16 19:00:00,1142.1000000000004
2020-01-16 20:00:00,1145.7000000000003
2020-01-16 21:00:00,1145.2000000000003
2020-01-17 06:00:00,1145.8000000000002
2020-01-17 14:00:00,1146.4
2020-01-17 15:00:00,1145.1000000000004
2020-01-17 16:00:00,1146.3000000000002
2020-01-17 17:00:00,1146.6000000000004
2020-01-17 18:00:00,1145.6000000000004
2020-01-17 19:00:00,1145.8000000000002
2020-01-17 20:00:00,1145.8000000000002
2020-01-21 06:00:00,1146.6000000000004
2020-01-21 14:00:00,1147.7000000000003
2020-01-21 15:00:00,1144.7000000000003
2020-01-21 16:00:00,1148.4
2020-01-21 18:00:00,1146.4
2020-01-21 19:00:00,1148.6000000000004
2020-01-21 20:00:00,1146.6000000000004
2020-01-22 06:00:00,1148.2000000000003
2020-01-22 14:00:00,1148.0
2020-01-22 15:00:00,1148.2000000000003
2020-01-22 16:00:00,1148.0
2020-01-22 17:00:00,1148.2000000000003
2020-01-22 18:00:00,1149.9
2020-01-22 19:00:00,1149.6000000000004
2020-01-22 20:00:00,1148.4
2020-01-23 06:00:00,1142.7000000000003
2020-01-23 14:00:00,1142.2000000000003
2020-01-23 15:00:00,1140.6000000000004
2020-01-23 16:00:00,1137.9
2020-01-23 17:00:00,1139.7000000000003
2020-01-23 18:00:00,1140.7000000000003
2020-01-23 19:00:00,1140.4
2020-01-23 20:00:00,1142.7000000000003
2020-01-24 06:00:00,1125.0
2020-01-24 14:00:00,1138.7000000000003
2020-01-24 15:00:00,1131.5
2020-01-24 16:00:00,1128.3000000000002
2020-01-24 17:00:00,1128.0
2020-01-24 18:00:00,1124.5
2020-01-24 19:00:00,1124.8000000000002
2020-01-24 20:00:00,1125.0
2020-01-27 06:00:00,1117.4
2020-01-27 14:00:00,1115.6000000000004
2020-01-27 15:00:00,1115.4
2020-01-27 16:00:00,1117.9
2020-01-27 17:00:00,1118.1000000000004
2020-01-27 18:00:00,1118.4
2020-01-27 19:00:00,1118.2000000000003
2020-01-27 20:00:00,1117.2000000000003
2020-01-27 21:00:00,1114.4
2020-01-28 06:00:00,1121.5
2020-01-28 14:00:00,1120.5
2020-01-28 15:00:00,1123.4
2020-01-28 16:00:00,1124.5
2020-01-28 17:00:00,1123.3000000000002
2020-01-28 18:00:00,1121.1000000000004
2020-01-28 19:00:00,1124.3000000000002
2020-01-28 20:00:00,1121.5
2020-01-29 06:00:00,1119.0
2020-01-29 14:00:00,1120.9
2020-01-29 15:00:00,1120.6000000000004
2020-01-29 16:00:00,1124.3000000000002
2020-01-29 17:00:00,1123.6000000000004
2020-01-29 18:00:00,1125.0
2020-01-29 19:00:00,1124.4
2020-01-29 20:00:00,1119.0
2020-01-30 06:00:00,1110.9000000000003
2020-01-30 14:00:00,1108.1000000000001
2020-01-30 15:00:00,1106.1000000000001
2020-01-30 16:00:00,1108.1000000000001
2020-01-30 17:00:00,1103.7
2020-01-30 18:00:00,1104.1000000000001
2020-01-30 19:00:00,1106.8000000000002
2020-01-30 20:00:00,1110.9000000000003
2020-01-31 06:00:00,1090.7000000000003
2020-01-31 14:00:00,1103.1000000000001
2020-01-31 15:00:00,1095.0000000000002
2020-01-31 16:00:00,1094.2000000000003
2020-01-31 17:00:00,1090.9
2020-01-31 18:00:00,1091.1000000000004
2020-01-31 19:00:00,1092.0000000000002
2020-01-31 20:00:00,1090.3000000000002
2020-02-03 06:00:00,1099.8000000000002
2020-02-03 14:00:00,1103.1000000000001
2020-02-03 15:00:00,1103.5000000000002
2020-02-03 16:00:00,1098.4000000000003
2020-02-03 17:00:00,1100.0000000000002
2020-02-03 18:00:00,1099.3000000000002
2020-02-03 19:00:00,1099.4000000000003
2020-02-03 20:00:00,1100.0000000000002
2020-02-04 06:00:00,1114.9
2020-02-04 14:00:00,1119.8000000000002
2020-02-04 15:00:00,1119.4
2020-02-04 16:00:00,1120.6000000000004
2020-02-04 17:00:00,1118.8000000000002
2020-02-04 18:00:00,1119.2000000000003
2020-02-04 19:00:00,1120.9
2020-02-04 20:00:00,1117.0
2020-02-04 21:00:00,1114.5
2020-02-05 06:00:00,1137.1000000000004
2020-02-05 14:00:00,1132.8000000000002
2020-02-05 15:00:00,1132.2000000000003
2020-02-05 16:00:00,1135.1000000000004
2020-02-05 17:00:00,1134.5
2020-02-05 18:00:00,1139.7000000000003
2020-02-05 19:00:00,1136.6000000000004
2020-02-05 20:00:00,1137.2000000000003
2020-02-06 06:00:00,1138.3000000000002
2020-02-06 14:00:00,1133.6000000000004
2020-02-06 15:00:00,1138.5
2020-02-06 16:00:00,1139.2000000000003
2020-02-06 17:00:00,1137.2000000000003
2020-02-06 18:00:00,1136.2000000000003
2020-02-06 19:00:00,1137.8000000000002
2020-02-06 20:00:00,1138.5
2020-02-07 06:00:00,1129.7000000000003
2020-02-07 14:00:00,1134.6000000000004
2020-02-07 15:00:00,1135.4
2020-02-07 16:00:00,1131.5
2020-02-07 17:00:00,1132.5
2020-02-07 18:00:00,1129.8000000000002
2020-02-07 19:00:00,1129.8000000000002
2020-02-07 20:00:00,1129.9
2020-02-07 21:00:00,1129.7000000000003
2020-02-10 06:00:00,1135.1000000000004
2020-02-10 14:00:00,1129.7000000000003
2020-02-10 15:00:00,1133.2000000000003
2020-02-10 16:00:00,1132.5
2020-02-10 19:00:00,1132.8000000000002
2020-02-10 20:00:00,1134.9
2020-02-11 06:00:00,1141.3000000000002
2020-02-11 14:00:00,1138.0
2020-02-11 15:00:00,1137.4
2020-02-11 16:00:00,1139.5
2020-02-11 17:00:00,1139.2000000000003
2020-02-11 18:00:00,1138.5
2020-02-11 19:00:00,1140.7000000000003
2020-02-11 20:00:00,1141.3000000000002
2020-02-12 06:00:00,1143.2000000000003
2020-02-12 14:00:00,1145.2000000000003
2020-02-12 15:00:00,1146.3000000000002
2020-02-12 16:00:00,1144.0
2020-02-12 17:00:00,1141.9
2020-02-12 18:00:00,1141.7000000000003
2020-02-12 19:00:00,1141.6000000000004
2020-02-12 20:00:00,1143.2000000000003
2020-02-13 06:00:00,1137.3000000000002
2020-02-13 14:00:00,1140.6000000000004
2020-02-13 15:00:00,1135.7000000000003
2020-02-13 16:00:00,1140.1000000000004
2020-02-13 17:00:00,1140.2000000000003
2020-02-13 18:00:00,1141.1000000000004
2020-02-13 19:00:00,1140.8000000000002
2020-02-13 20:00:00,1137.2000000000003
2020-02-14 06:00:00,1138.5
2020-02-14 14:00:00,1135.0
2020-02-14 15:00:00,1136.7000000000003
2020-02-14 16:00:00,1136.9
2020-02-14 17:00:00,1135.0
2020-02-14 18:00:00,1135.8000000000002
2020-02-14 19:00:00,1136.0
2020-02-14 20:00:00,1138.8000000000002
2020-02-18 06:00:00,1134.6000000000004
2020-02-18 14:00:00,1137.0
2020-02-18 15:00:00,1133.0
2020-02-18 16:00:00,1131.9
2020-02-18 17:00:00,1134.4
2020-02-18 18:00:00,1133.7000000000003
2020-02-18 19:00:00,1134.7000000000003
2020-02-18 20:00:00,1134.3000000000002
2020-02-19 06:00:00,1139.6000000000004
2020-02-19 14:00:00,1138.3000000000002
2020-02-19 15:00:00,1138.8000000000002
2020-02-19 16:00:00,1140.0
2020-02-19 17:00:00,1139.4
2020-02-19 18:00:00,1139.1000000000004
2020-02-19 19:00:00,1140.6000000000004
2020-02-19 20:00:00,1139.7000000000003
2020-02-20 06:00:00,1133.1000000000004
2020-02-20 14:00:00,1134.2000000000003
2020-02-20 15:00:00,1135.3000000000002
2020-02-20 16:00:00,1127.0
2020-02-20 17:00:00,1127.8000000000002
2020-02-20 18:00:00,1129.1000000000004
2020-02-20 19:00:00,1131.5
2020-02-20 20:00:00,1132.7000000000003
2020-02-20 21:00:00,1130.4
2020-02-21 06:00:00,1132.7000000000003
2020-02-21 14:00:00,1128.1000000000004
2020-02-21 15:00:00,1128.7000000000003
2020-02-21 16:00:00,1131.7000000000003
2020-02-21 17:00:00,1131.4
2020-02-21 18:00:00,1131.9
2020-02-21 19:00:00,1132.6000000000004
2020-02-21 20:00:00,1132.8000000000002
2020-02-21 21:00:00,1132.8000000000002
2020-02-24 06:00:00,1100.2
2020-02-24 14:00:00,1109.3000000000002
2020-02-24 15:00:00,1106.7
2020-02-24 16:00:00,1101.7
2020-02-24 17:00:00,1098.1000000000001
2020-02-24 18:00:00,1100.4000000000003
2020-02-24 19:00:00,1105.7
2020-02-24 20:00:00,1100.2
2020-02-25 06:00:00,1070.3000000000002
2020-02-25 11:00:00,1100.0000000000002
2020-02-25 14:00:00,1099.9000000000003
2020-02-25 15:00:00,1088.9
2020-02-25 16:00:00,1087.3000000000002
2020-02-25 17:00:00,1079.9000000000003
2020-02-25 18:00:00,1075.0000000000002
2020-02-25 19:00:00,1073.0000000000002
2020-02-25 20:00:00,1070.1000000000001
2020-02-25 21:00:00,1067.3000000000002
2020-02-26 06:00:00,1069.3000000000002
2020-02-26 14:00:00,1079.1000000000001
2020-02-26 15:00:00,1082.7000000000003
2020-02-26 16:00:00,1078.5000000000002
2020-02-26 17:00:00,1077.3000000000002
2020-02-26 18:00:00,1068.3000000000002
2020-02-26 19:00:00,1068.0000000000002
2020-02-26 20:00:00,1068.4000000000003
2020-02-27 06:00:00,1037.4000000000003
2020-02-27 14:00:00,1057.8000000000002
2020-02-27 15:00:00,1058.9
2020-02-27 16:00:00,1061.9
2020-02-27 17:00:00,1067.0000000000002
2020-02-27 18:00:00,1054.3000000000002
2020-02-27 19:00:00,1050.8000000000002
2020-02-27 20:00:00,1036.5000000000002
2020-02-28 06:00:00,1020.4000000000002
2020-02-28 14:00:00,1002.8000000000002
2020-02-28 15:00:00,1007.6000000000003
2020-02-28 16:00:00,1008.8000000000002
2020-02-28 17:00:00,1017.9000000000002
2020-02-28 18:00:00,1007.4000000000002
2020-02-28 19:00:00,1009.3000000000002
2020-02-28 20:00:00,1022.6000000000003
2020-02-28 21:00:00,1021.3000000000002
2020-03-02 06:00:00,1066.7000000000003
2020-03-02 14:00:00,1025.4
2020-03-02 15:00:00,1033.9
2020-03-02 16:00:00,1047.0000000000002
2020-03-02 17:00:00,1047.3000000000002
2020-03-02 18:00:00,1046.8000000000002
2020-03-02 19:00:00,1041.0000000000002
2020-03-02 20:00:00,1067.5000000000002
2020-03-03 06:00:00,1042.4000000000003
2020-03-03 14:00:00,1063.9
2020-03-03 15:00:00,1070.5000000000002
2020-03-03 16:00:00,1059.3000000000002
2020-03-03 17:00:00,1058.5000000000002
2020-03-03 18:00:00,1040.2
2020-03-03 19:00:00,1042.9000000000003
2020-03-03 20:00:00,1042.4000000000003
2020-03-04 06:00:00,1097.2
2020-03-04 14:00:00,1071.3000000000002
2020-03-04 15:00:00,1073.4000000000003
2020-03-04 16:00:00,1076.7
2020-03-04 17:00:00,1083.0000000000002
2020-03-04 18:00:00,1086.0000000000002
2020-03-04 19:00:00,1087.4
2020-03-04 20:00:00,1096.9000000000003
2020-03-05 06:00:00,1074.2
2020-03-05 14:00:00,1073.6000000000001
2020-03-05 15:00:00,1079.9000000000003
2020-03-05 16:00:00,1078.0000000000002
2020-03-05 17:00:00,1069.7
2020-03-05 18:00:00,1070.6000000000001
2020-03-05 19:00:00,1069.0000000000002
2020-03-05 20:00:00,1073.9000000000003
2020-03-06 06:00:00,1067.4
2020-03-06 14:00:00,1048.5000000000002
2020-03-06 15:00:00,1060.5000000000002
2020-03-06 16:00:00,1055.8000000000002
2020-03-06 17:00:00,1058.3000000000002
2020-03-06 18:00:00,1054.9
2020-03-06 19:00:00,1048.5000000000002
2020-03-06 20:00:00,1067.6000000000001
2020-03-09 05:00:00,1018.4000000000002
2020-03-09 14:00:00,1023.2000000000002
2020-03-09 15:00:00,1035.6000000000004
2020-03-09 16:00:00,1024.5000000000002
2020-03-09 17:00:00,1015.1000000000003
2020-03-09 18:00:00,1018.7000000000002
2020-03-09 19:00:00,1017.8000000000002
2020-03-10 05:00:00,1048.7
2020-03-10 13:00:00,1038.4000000000003
2020-03-10 14:00:00,1019.6000000000003
2020-03-10 15:00:00,1016.4000000000002
2020-03-10 16:00:00,1023.6000000000003
2020-03-10 17:00:00,1016.5000000000002
2020-03-10 18:00:00,1030.1000000000004
2020-03-10 19:00:00,1048.9000000000003
2020-03-11 05:00:00,1012.0000000000002
2020-03-12 05:00:00,941.4000000000003
2020-03-13 05:00:00,999.8000000000003
2020-03-13 10:00:00,942.5000000000002
2020-03-13 19:00:00,1000.1000000000003
2020-03-16 05:00:00,909.5000000000002
2020-03-16 15:00:00,956.3000000000003
2020-03-16 16:00:00,933.4000000000003
2020-03-16 19:00:00,909.5000000000002
2020-03-17 05:00:00,949.2000000000003
2020-03-17 13:00:00,919.1000000000003
2020-03-17 14:00:00,923.4000000000003
2020-03-17 16:00:00,956.3000000000003
2020-03-17 17:00:00,956.9000000000003
2020-03-17 18:00:00,966.2000000000003
2020-03-17 19:00:00,978.6000000000003
2020-03-18 05:00:00,931.2000000000003
2020-03-18 14:00:00,936.1000000000003
2020-03-18 15:00:00,916.2000000000003
2020-03-18 16:00:00,927.2000000000003
2020-03-18 17:00:00,893.2000000000003
2020-03-18 18:00:00,893.3000000000003
2020-03-18 19:00:00,904.2000000000003
2020-03-19 05:00:00,917.4000000000003
2020-03-19 14:00:00,924.1000000000003
2020-03-19 15:00:00,918.2000000000003
2020-03-19 16:00:00,914.2000000000003
2020-03-19 17:00:00,921.4000000000003
2020-03-19 18:00:00,929.1000000000003
2020-03-19 19:00:00,924.2000000000003
2020-03-20 05:00:00,884.1000000000003
2020-03-20 13:00:00,917.2000000000003
2020-03-20 14:00:00,920.3000000000003
2020-03-20 15:00:00,930.2000000000003
2020-03-20 16:00:00,907.2000000000003
2020-03-20 18:00:00,890.3000000000003
2020-03-20 19:00:00,883.2000000000003
2020-03-20 20:00:00,888.2000000000003
2020-03-23 05:00:00,845.3000000000003
2020-03-23 13:00:00,865.4000000000003
2020-03-23 14:00:00,865.7000000000003
2020-03-23 15:00:00,838.2000000000003
2020-03-23 16:00:00,859.2000000000003
2020-03-23 18:00:00,838.2000000000003
2020-03-23 19:00:00,845.3000000000003
2020-03-24 05:00:00,899.7000000000003
2020-03-24 13:00:00,873.3000000000003
2020-03-24 14:00:00,878.6000000000003
2020-03-24 15:00:00,885.7000000000003
2020-03-24 16:00:00,891.2000000000003
2020-03-24 17:00:00,881.6000000000003
2020-03-24 18:00:00,883.3000000000003
2020-03-24 19:00:00,899.7000000000003
2020-03-25 05:00:00,904.1000000000003
2020-03-25 13:00:00,909.6000000000003
2020-03-25 14:00:00,901.5000000000002
2020-03-25 15:00:00,900.2000000000003
2020-03-25 16:00:00,916.2000000000003
2020-03-25 17:00:00,927.6000000000003
2020-03-25 18:00:00,930.5000000000002
2020-03-25 19:00:00,904.1000000000003
2020-03-25 20:00:00,902.1000000000003
2020-03-26 05:00:00,963.7000000000003
2020-03-26 13:00:00,926.3000000000003
2020-03-26 14:00:00,940.7000000000003
2020-03-26 15:00:00,952.5000000000002
2020-03-26 16:00:00,947.1000000000003
2020-03-26 17:00:00,945.7000000000003
2020-03-26 18:00:00,944.9000000000003
2020-03-26 19:00:00,963.7000000000003
2020-03-27 05:00:00,944.1000000000003
2020-03-27 13:00:00,945.5000000000002
2020-03-27 14:00:00,945.1000000000003
2020-03-27 17:00:00,953.1000000000003
2020-03-27 18:00:00,951.9000000000003
2020-03-27 19:00:00,943.4000000000003
2020-03-30 05:00:00,984.0000000000002
2020-03-30 13:00:00,963.2000000000003
2020-03-30 14:00:00,977.2000000000003
2020-03-30 15:00:00,974.2000000000003
2020-03-30 16:00:00,977.9000000000003
2020-03-30 17:00:00,973.6000000000003
2020-03-30 18:00:00,981.7000000000003
2020-03-30 19:00:00,984.0000000000002
2020-03-31 05:00:00,980.7000000000003
2020-03-31 13:00:00,973.1000000000003
2020-03-31 14:00:00,986.8000000000003
2020-03-31 15:00:00,988.4000000000003
2020-03-31 16:00:00,981.7000000000003
2020-03-31 17:00:00,982.2000000000003
2020-03-31 18:00:00,986.1000000000003
2020-03-31 19:00:00,981.5000000000002
2020-04-01 05:00:00,947.2000000000003
2020-04-01 13:00:00,951.0000000000002
2020-04-01 14:00:00,949.9000000000003
2020-04-01 16:00:00,946.4000000000003
2020-04-01 17:00:00,949.8000000000003
2020-04-01 18:00:00,949.0000000000002
2020-04-01 19:00:00,947.2000000000003
2020-04-02 05:00:00,971.0000000000002
2020-04-02 13:00:00,946.3000000000003
2020-04-02 14:00:00,953.1000000000003
2020-04-02 15:00:00,957.6000000000003
2020-04-02 16:00:00,961.8000000000003
2020-04-02 17:00:00,958.1000000000003
2020-04-02 18:00:00,958.0000000000002
2020-04-02 19:00:00,971.0000000000002
2020-04-03 05:00:00,964.0000000000002
2020-04-03 13:00:00,974.0000000000002
2020-04-03 14:00:00,967.0000000000002
2020-04-03 15:00:00,965.2000000000003
2020-04-03 16:00:00,962.7000000000003
2020-04-03 17:00:00,962.0000000000002
2020-04-03 18:00:00,957.0000000000002
2020-04-03 19:00:00,963.9000000000003
2020-04-06 05:00:00,1009.9000000000003
2020-04-06 13:00:00,996.8000000000003
2020-04-06 14:00:00,993.0000000000002
2020-04-06 15:00:00,995.8000000000003
2020-04-06 16:00:00,1000.0000000000002
2020-04-06 17:00:00,1000.7000000000003
2020-04-06 18:00:00,997.3000000000003
2020-04-06 19:00:00,1009.9000000000003
2020-04-07 05:00:00,1002.3000000000003
2020-04-07 13:00:00,1022.1000000000003
2020-04-07 14:00:00,1019.3000000000003
2020-04-07 15:00:00,1021.0000000000002
2020-04-07 16:00:00,1024.5000000000002
2020-04-07 17:00:00,1023.7000000000003
2020-04-07 18:00:00,1009.4000000000003
2020-04-07 19:00:00,1004.1000000000003
2020-04-08 05:00:00,1038.6000000000001
2020-04-08 13:00:00,1002.2000000000003
2020-04-08 14:00:00,1000.1000000000003
2020-04-08 15:00:00,1006.9000000000003
2020-04-08 16:00:00,1022.1000000000003
2020-04-08 19:00:00,1043.4000000000003
2020-04-09 05:00:00,1044.9000000000003
2020-04-09 13:00:00,1043.0000000000002
2020-04-09 14:00:00,1043.2000000000003
2020-04-09 15:00:00,1040.9000000000003
2020-04-09 16:00:00,1043.1000000000001
2020-04-09 17:00:00,1048.8000000000004
2020-04-09 18:00:00,1039.2000000000003
2020-04-09 19:00:00,1044.9000000000003
2020-04-13 05:00:00,1036.6000000000004
2020-04-13 13:00:00,1043.6000000000001
2020-04-13 14:00:00,1034.8000000000002
2020-04-13 15:00:00,1026.0000000000002
2020-04-13 16:00:00,1031.4000000000003
2020-04-13 19:00:00,1036.5000000000002
2020-04-14 05:00:00,1067.4000000000003
2020-04-14 13:00:00,1055.0000000000002
2020-04-14 14:00:00,1060.5000000000002
2020-04-14 15:00:00,1058.9000000000003
2020-04-14 16:00:00,1063.7000000000003
2020-04-14 17:00:00,1070.0000000000002
2020-04-14 19:00:00,1067.5000000000002
2020-04-14 20:00:00,1068.2000000000003
2020-04-15 05:00:00,1061.6000000000004
2020-04-15 13:00:00,1054.9000000000003
2020-04-15 14:00:00,1054.2000000000003
2020-04-15 15:00:00,1055.3000000000002
2020-04-15 16:00:00,1057.6000000000004
2020-04-15 17:00:00,1059.6000000000004
2020-04-15 18:00:00,1065.0000000000002
2020-04-15 19:00:00,1061.6000000000004
2020-04-16 05:00:00,1083.9000000000003
2020-04-16 13:00:00,1070.0000000000002
2020-04-16 14:00:00,1073.5000000000002
2020-04-16 15:00:00,1076.5000000000002
2020-04-16 16:00:00,1071.3000000000004
2020-04-16 17:00:00,1076.2000000000003
2020-04-16 18:00:00,1079.7000000000003
2020-04-16 19:00:00,1084.5000000000002
2020-04-17 05:00:00,1104.0000000000002
2020-04-17 13:00:00,1093.3000000000002
2020-04-17 14:00:00,1092.8000000000002
2020-04-17 15:00:00,1093.0000000000002
2020-04-17 16:00:00,1096.6000000000001
2020-04-17 17:00:00,1097.1000000000001
2020-04-17 18:00:00,1094.4000000000003
2020-04-17 19:00:00,1104.1000000000001
2020-04-20 05:00:00,1096.2000000000003
2020-04-20 13:00:00,1097.5000000000002
2020-04-20 14:00:00,1100.9000000000003
2020-04-20 15:00:00,1105.4000000000003
2020-04-20 16:00:00,1109.1000000000001
2020-04-20 17:00:00,1106.9000000000003
2020-04-20 18:00:00,1103.2000000000003
2020-04-20 19:00:00,1096.2000000000003
2020-04-21 05:00:00,1065.5000000000002
2020-04-21 13:00:00,1078.5000000000002
2020-04-21 14:00:00,1075.4000000000003
2020-04-21 15:00:00,1068.7000000000003
2020-04-21 16:00:00,1068.1000000000001
2020-04-21 17:00:00,1070.9000000000003
2020-04-21 19:00:00,1065.6000000000004
2020-04-22 05:00:00,1079.5000000000002
2020-04-22 13:00:00,1077.1000000000001
2020-04-22 14:00:00,1075.7000000000003
2020-04-22 15:00:00,1081.3000000000004
2020-04-22 16:00:00,1080.0000000000002
2020-04-22 17:00:00,1083.4000000000003
2020-04-22 18:00:00,1082.9000000000003
2020-04-22 19:00:00,1080.8000000000004
2020-04-23 05:00:00,1084.6000000000004
2020-04-23 13:00:00,1091.4000000000003
2020-04-23 14:00:00,1092.0000000000002
2020-04-23 15:00:00,1094.4000000000003
2020-04-23 16:00:00,1089.8000000000002
2020-04-23 17:00:00,1087.0000000000002
2020-04-23 19:00:00,1084.8000000000002
2020-04-24 05:00:00,1098.0000000000002
2020-04-24 13:00:00,1088.2000000000003
2020-04-24 14:00:00,1086.5000000000002
2020-04-24 15:00:00,1087.3000000000002
2020-04-24 18:00:00,1095.9000000000003
2020-04-24 19:00:00,1097.5000000000002
2020-04-27 05:00:00,1111.6000000000001
2020-04-27 13:00:00,1108.4000000000003
2020-04-27 14:00:00,1107.5000000000002
2020-04-27 15:00:00,1106.2000000000003
2020-04-27 16:00:00,1110.5000000000002
2020-04-27 18:00:00,1112.1000000000001
2020-04-27 19:00:00,1111.4000000000003
2020-04-28 05:00:00,1090.2000000000003
2020-04-28 13:00:00,1103.7000000000003
2020-04-28 14:00:00,1096.1000000000001
2020-04-28 15:00:00,1094.5000000000002
2020-04-28 16:00:00,1096.5000000000002
2020-04-28 17:00:00,1099.3000000000004
2020-04-28 18:00:00,1098.7000000000003
2020-04-28 19:00:00,1091.7000000000003
2020-04-29 05:00:00,1097.9000000000003
2020-04-29 13:00:00,1093.8000000000002
2020-04-29 14:00:00,1095.3000000000002
2020-04-29 15:00:00,1096.1000000000001
2020-04-29 16:00:00,1102.4000000000003
2020-04-29 17:00:00,1100.8000000000004
2020-04-29 18:00:00,1099.4000000000003
2020-04-29 19:00:00,1097.8000000000004
2020-04-30 05:00:00,1093.6000000000004
2020-04-30 13:00:00,1090.6000000000004
2020-04-30 14:00:00,1096.1000000000001
2020-04-30 15:00:00,1093.5000000000002
2020-04-30 16:00:00,1091.9000000000003
2020-04-30 17:00:00,1091.3000000000002
2020-04-30 19:00:00,1093.5000000000002
2020-05-01 05:00:00,1071.9000000000003
2020-05-01 13:00:00,1076.1000000000001
2020-05-01 14:00:00,1077.5000000000002
2020-05-01 15:00:00,1069.8000000000004
2020-05-01 16:00:00,1067.6000000000001
2020-05-01 17:00:00,1068.1000000000001
2020-05-01 18:00:00,1068.4000000000003
2020-05-01 19:00:00,1072.5000000000002
2020-05-04 05:00:00,1072.5000000000002
2020-05-04 13:00:00,1067.3000000000002
2020-05-04 14:00:00,1065.7000000000003
2020-05-04 17:00:00,1065.3000000000002
2020-05-04 18:00:00,1069.6000000000001
2020-05-04 19:00:00,1073.0000000000002
2020-05-05 05:00:00,1095.1000000000004
2020-05-05 13:00:00,1086.9000000000003
2020-05-05 14:00:00,1090.9000000000003
2020-05-05 15:00:00,1095.6000000000004
2020-05-05 16:00:00,1097.4000000000003
2020-05-05 18:00:00,1100.6000000000001
2020-05-05 19:00:00,1095.3000000000002
2020-05-06 05:00:00,1084.2000000000003
2020-05-06 13:00:00,1093.1000000000004
2020-05-06 14:00:00,1098.4000000000003
2020-05-06 15:00:00,1096.2000000000003
2020-05-06 17:00:00,1098.9000000000003
2020-05-06 18:00:00,1096.6000000000001
2020-05-06 19:00:00,1084.2000000000003
2020-05-07 05:00:00,1084.5000000000002
2020-05-07 13:00:00,1090.5000000000002
2020-05-07 14:00:00,1085.2000000000003
2020-05-07 15:00:00,1092.8000000000002
2020-05-07 16:00:00,1092.5000000000002
2020-05-07 19:00:00,1084.8000000000002
2020-05-08 05:00:00,1089.5000000000002
2020-05-08 13:00:00,1090.4000000000003
2020-05-08 15:00:00,1092.0000000000002
2020-05-08 17:00:00,1089.1000000000004
2020-05-08 19:00:00,1089.5000000000002
2020-05-11 05:00:00,1107.6000000000001
2020-05-11 13:00:00,1093.0000000000002
2020-05-11 14:00:00,1097.3000000000004
2020-05-11 15:00:00,1099.1000000000001
2020-05-11 16:00:00,1104.5000000000002
2020-05-11 17:00:00,1105.8000000000004
2020-05-11 18:00:00,1105.5000000000002
2020-05-11 19:00:00,1107.1000000000001
2020-05-12 05:00:00,1092.4000000000003
2020-05-12 13:00:00,1109.3000000000004
2020-05-12 14:00:00,1110.1000000000001
2020-05-12 16:00:00,1111.1000000000001
2020-05-12 17:00:00,1107.9000000000003
2020-05-12 18:00:00,1107.2000000000003
2020-05-12 19:00:00,1092.4000000000003
2020-05-13 05:00:00,1081.1000000000001
2020-05-13 13:00:00,1090.0000000000002
2020-05-13 14:00:00,1093.3000000000002
2020-05-13 15:00:00,1085.9000000000003
2020-05-13 18:00:00,1079.4000000000003
2020-05-13 19:00:00,1080.3000000000004
2020-05-14 05:00:00,1090.5000000000002
2020-05-14 13:00:00,1073.3000000000004
2020-05-14 14:00:00,1073.4000000000003
2020-05-14 15:00:00,1078.4000000000003
2020-05-14 16:00:00,1087.3000000000002
2020-05-14 17:00:00,1088.5000000000002
2020-05-14 18:00:00,1083.6000000000004
2020-05-14 19:00:00,1090.8000000000002
2020-05-15 05:00:00,1099.8000000000004
2020-05-15 13:00:00,1089.6000000000004
2020-05-15 14:00:00,1092.2000000000003
2020-05-15 15:00:00,1090.3000000000002
2020-05-15 16:00:00,1093.3000000000002
2020-05-15 17:00:00,1091.4000000000003
2020-05-15 18:00:00,1094.4000000000003
2020-05-15 19:00:00,1097.6000000000001
2020-05-18 05:00:00,1108.7000000000003
2020-05-18 13:00:00,1114.7000000000003
2020-05-18 14:00:00,1114.4000000000003
2020-05-18 15:00:00,1118.1000000000004
2020-05-18 16:00:00,1114.8000000000002
2020-05-18 17:00:00,1113.1000000000004
2020-05-18 18:00:00,1114.5000000000002
2020-05-18 19:00:00,1109.3000000000004
2020-05-19 05:00:00,1096.6000000000001
2020-05-19 13:00:00,1107.6000000000001
2020-05-19 14:00:00,1104.3000000000004
2020-05-19 15:00:00,1101.7000000000003
2020-05-19 16:00:00,1098.8000000000004
2020-05-19 17:00:00,1099.7000000000003
2020-05-19 18:00:00,1106.0000000000002
2020-05-19 19:00:00,1099.2000000000003
2020-05-20 05:00:00,1097.3000000000004
2020-05-20 13:00:00,1100.1000000000001
2020-05-20 15:00:00,1104.6000000000001
2020-05-20 16:00:00,1099.3000000000004
2020-05-20 17:00:00,1099.5000000000002
2020-05-20 18:00:00,1098.1000000000001
2020-05-20 19:00:00,1097.1000000000001
2020-05-21 05:00:00,1089.2000000000003
2020-05-21 13:00:00,1091.3000000000002
2020-05-21 14:00:00,1091.6000000000004
2020-05-21 15:00:00,1085.4000000000003
2020-05-21 16:00:00,1088.6000000000004
2020-05-21 18:00:00,1088.2000000000003
2020-05-21 19:00:00,1088.6000000000004
2020-05-22 05:00:00,1092.2000000000003
2020-05-22 13:00:00,1087.5000000000002
2020-05-22 14:00:00,1092.1000000000004
2020-05-22 15:00:00,1089.5000000000002
2020-05-22 16:00:00,1090.1000000000004
2020-05-22 17:00:00,1089.2000000000003
2020-05-22 18:00:00,1090.3000000000002
2020-05-22 19:00:00,1092.5000000000002
2020-05-22 20:00:00,1092.0000000000002
2020-05-26 05:00:00,1089.1000000000004
2020-05-26 13:00:00,1097.1000000000001
2020-05-26 14:00:00,1099.8000000000004
2020-05-26 15:00:00,1097.5000000000002
2020-05-26 17:00:00,1098.2000000000003
2020-05-26 19:00:00,1089.9000000000003
2020-05-27 05:00:00,1099.9000000000003
2020-05-27 13:00:00,1083.8000000000002
2020-05-27 14:00:00,1077.9000000000003
2020-05-27 15:00:00,1083.2000000000003
2020-05-27 16:00:00,1089.0000000000002
2020-05-27 17:00:00,1088.3000000000002
2020-05-27 18:00:00,1090.3000000000002
2020-05-27 19:00:00,1099.9000000000003
2020-05-28 05:00:00,1113.0000000000002
2020-05-28 13:00:00,1113.6000000000004
2020-05-28 14:00:00,1121.4000000000003
2020-05-28 15:00:00,1120.1000000000004
2020-05-28 16:00:00,1121.6000000000004
2020-05-28 17:00:00,1122.0000000000002
2020-05-28 18:00:00,1122.1000000000004
2020-05-28 19:00:00,1112.7000000000003
2020-05-29 05:00:00,1126.7000000000003
2020-05-29 13:00:00,1118.2000000000003
2020-05-29 14:00:00,1106.3000000000004
2020-05-29 15:00:00,1110.0000000000002
2020-05-29 16:00:00,1105.5000000000002
2020-05-29 18:00:00,1105.2000000000003
2020-05-29 19:00:00,1126.2000000000003
2020-05-29 20:00:00,1126.2000000000003
2020-06-01 05:00:00,1115.6000000000004
2020-06-01 13:00:00,1117.7000000000003
2020-06-01 14:00:00,1112.0000000000002
2020-06-01 15:00:00,1112.5000000000002
2020-06-01 16:00:00,1114.1000000000004
2020-06-01 17:00:00,1116.3000000000002
2020-06-01 18:00:00,1118.3000000000002
2020-06-01 19:00:00,1116.0000000000002
2020-06-02 05:00:00,1121.7000000000003
2020-06-02 13:00:00,1110.6000000000001
2020-06-02 14:00:00,1116.0000000000002
2020-06-02 15:00:00,1113.8000000000002
2020-06-02 17:00:00,1119.7000000000003
2020-06-02 18:00:00,1117.3000000000002
2020-06-02 19:00:00,1122.2000000000003
2020-06-03 05:00:00,1119.4000000000003
2020-06-03 13:00:00,1122.0000000000002
2020-06-03 14:00:00,1117.1000000000004
2020-06-03 15:00:00,1118.5000000000002
2020-06-03 16:00:00,1116.6000000000004
2020-06-03 17:00:00,1115.9000000000003
2020-06-03 18:00:00,1118.7000000000003
2020-06-03 19:00:00,1119.3000000000002
2020-06-04 05:00:00,1111.1000000000001
2020-06-04 13:00:00,1118.7000000000003
2020-06-04 14:00:00,1116.0000000000002
2020-06-04 15:00:00,1111.9000000000003
2020-06-04 16:00:00,1110.1000000000001
2020-06-04 17:00:00,1112.6000000000004
2020-06-04 18:00:00,1111.9000000000003
2020-06-04 19:00:00,1111.1000000000001
2020-06-05 05:00:00,1128.6000000000004
2020-06-05 13:00:00,1124.7000000000003
2020-06-05 14:00:00,1128.1000000000004
2020-06-05 15:00:00,1133.9000000000003
2020-06-05 16:00:00,1129.3000000000002
2020-06-05 17:00:00,1132.0000000000002
2020-06-05 18:00:00,1129.9000000000003
2020-06-05 19:00:00,1128.2000000000003
2020-06-05 20:00:00,1127.8000000000002
2020-06-08 05:00:00,1134.5000000000002
2020-06-08 13:00:00,1127.9000000000003
2020-06-08 14:00:00,1131.3000000000002
2020-06-08 15:00:00,1131.6000000000004
2020-06-08 16:00:00,1130.4000000000003
2020-06-08 17:00:00,1131.8000000000002
2020-06-08 18:00:00,1134.3000000000002
2020-06-08 19:00:00,1134.3000000000002
2020-06-08 20:00:00,1134.4000000000003
2020-06-09 05:00:00,1124.8000000000002
2020-06-09 13:00:00,1133.7000000000003
2020-06-09 14:00:00,1134.1000000000004
2020-06-09 15:00:00,1132.5000000000002
2020-06-09 16:00:00,1131.7000000000003
2020-06-09 17:00:00,1131.6000000000004
2020-06-09 18:00:00,1128.5000000000002
2020-06-09 19:00:00,1125.0000000000002
2020-06-09 20:00:00,1126.2000000000003
2020-06-10 05:00:00,1122.3000000000002
2020-06-10 13:00:00,1125.5000000000002
2020-06-10 14:00:00,1120.2000000000003
2020-06-10 15:00:00,1120.8000000000002
2020-06-10 16:00:00,1124.9000000000003
2020-06-10 17:00:00,1125.0000000000002
2020-06-10 18:00:00,1124.5000000000002
2020-06-10 19:00:00,1121.9000000000003
2020-06-11 05:00:00,1064.5000000000002
2020-06-11 15:00:00,1089.8000000000002
2020-06-12 05:00:00,1072.0000000000002
2020-06-12 13:00:00,1084.4000000000003
2020-06-12 14:00:00,1071.4000000000003
2020-06-12 15:00:00,1076.3000000000004
2020-06-12 16:00:00,1071.2000000000003
2020-06-12 17:00:00,1055.5000000000002
2020-06-12 18:00:00,1064.3000000000002
2020-06-12 19:00:00,1072.0000000000002
2020-06-15 05:00:00,1073.0000000000002
2020-06-15 13:00:00,1053.8000000000002
2020-06-15 14:00:00,1056.0000000000002
2020-06-15 15:00:00,1061.5000000000002
2020-06-15 16:00:00,1064.8000000000002
2020-06-15 17:00:00,1066.9000000000003
2020-06-15 18:00:00,1074.1000000000001
2020-06-15 19:00:00,1071.4000000000003
2020-06-15 20:00:00,1073.6000000000001
2020-06-16 05:00:00,1096.7000000000003
2020-06-16 13:00:00,1094.6000000000004
2020-06-16 14:00:00,1089.9000000000003
2020-06-16 15:00:00,1096.5000000000002
2020-06-16 16:00:00,1102.4000000000003
2020-06-16 17:00:00,1098.5000000000002
2020-06-16 18:00:00,1101.2000000000003
2020-06-16 19:00:00,1094.5000000000002
2020-06-17 05:00:00,1097.5000000000002
2020-06-17 13:00:00,1099.2000000000003
2020-06-17 14:00:00,1099.8000000000004
2020-06-17 15:00:00,1097.5000000000002
2020-06-17 16:00:00,1102.0000000000002
2020-06-17 17:00:00,1103.7000000000003
2020-06-17 18:00:00,1101.2000000000003
2020-06-17 19:00:00,1094.7000000000003
2020-06-17 20:00:00,1096.8000000000004
2020-06-18 05:00:00,1092.0000000000002
2020-06-18 13:00:00,1092.0000000000002
2020-06-18 14:00:00,1091.4000000000003
2020-06-18 15:00:00,1094.3000000000002
2020-06-18 16:00:00,1094.2000000000003
2020-06-18 17:00:00,1095.2000000000003
2020-06-18 18:00:00,1091.5000000000002
2020-06-18 19:00:00,1093.2000000000003
2020-06-19 05:00:00,1102.4000000000003
2020-06-19 13:00:00,1103.4000000000003
2020-06-19 14:00:00,1104.5000000000002
2020-06-19 15:00:00,1103.1000000000001
2020-06-19 16:00:00,1097.8000000000004
2020-06-19 17:00:00,1098.5000000000002
2020-06-19 18:00:00,1098.0000000000002
2020-06-19 19:00:00,1101.4000000000003
2020-06-22 05:00:00,1099.3000000000004
2020-06-22 13:00:00,1093.5000000000002
2020-06-22 14:00:00,1089.9000000000003
2020-06-22 15:00:00,1092.6000000000004
2020-06-22 16:00:00,1098.5000000000002
2020-06-22 17:00:00,1099.4000000000003
2020-06-22 18:00:00,1099.4000000000003
2020-06-22 19:00:00,1099.3000000000004
2020-06-23 05:00:00,1103.5000000000002
2020-06-23 13:00:00,1103.6000000000001
2020-06-23 14:00:00,1105.7000000000003
2020-06-23 15:00:00,1108.1000000000001
2020-06-23 16:00:00,1108.2000000000003
2020-06-23 17:00:00,1108.7000000000003
2020-06-23 18:00:00,1107.3000000000004
2020-06-23 19:00:00,1103.5000000000002
2020-06-24 05:00:00,1075.4000000000003
2020-06-24 13:00:00,1089.0000000000002
2020-06-24 14:00:00,1081.3000000000004
2020-06-24 15:00:00,1073.0000000000002
2020-06-24 16:00:00,1078.2000000000003
2020-06-24 17:00:00,1074.2000000000003
2020-06-24 18:00:00,1074.9000000000003
2020-06-24 19:00:00,1075.4000000000003
2020-06-25 05:00:00,1087.1000000000004
2020-06-25 13:00:00,1071.6000000000001
2020-06-25 14:00:00,1073.2000000000003
2020-06-25 15:00:00,1073.9000000000003
2020-06-25 16:00:00,1077.0000000000002
2020-06-25 17:00:00,1078.8000000000004
2020-06-25 18:00:00,1078.0000000000002
2020-06-25 19:00:00,1087.3000000000002
2020-06-25 20:00:00,1087.2000000000003
2020-06-26 05:00:00,1074.3000000000004
2020-06-26 13:00:00,1086.1000000000004
2020-06-26 14:00:00,1074.0000000000002
2020-06-26 15:00:00,1075.6000000000001
2020-06-26 16:00:00,1073.9000000000003
2020-06-26 17:00:00,1076.6000000000001
2020-06-26 18:00:00,1070.1000000000001
2020-06-26 19:00:00,1074.6000000000001
2020-06-29 05:00:00,1082.6000000000004
2020-06-29 13:00:00,1076.1000000000001
2020-06-29 14:00:00,1081.2000000000003
2020-06-29 15:00:00,1081.7000000000003
2020-06-29 16:00:00,1080.2000000000003
2020-06-29 17:00:00,1081.3000000000004
2020-06-29 18:00:00,1079.6000000000001
2020-06-29 19:00:00,1082.6000000000004
2020-06-30 05:00:00,1102.6000000000001
2020-06-30 13:00:00,1082.1000000000004
2020-06-30 14:00:00,1087.0000000000002
2020-06-30 15:00:00,1087.8000000000002
2020-06-30 16:00:00,1090.1000000000004
2020-06-30 17:00:00,1090.9000000000003
2020-06-30 18:00:00,1094.6000000000004
2020-06-30 19:00:00,1102.6000000000001
2020-07-01 05:00:00,1108.6000000000001
2020-07-01 13:00:00,1101.7000000000003
2020-07-01 14:00:00,1106.1000000000001
2020-07-01 15:00:00,1106.4000000000003
2020-07-01 16:00:00,1109.4000000000003
2020-07-01 17:00:00,1109.2000000000003
2020-07-01 18:00:00,1110.3000000000004
2020-07-01 19:00:00,1108.9000000000003
2020-07-02 05:00:00,1116.2000000000003
2020-07-02 13:00:00,1119.9000000000003
2020-07-02 14:00:00,1116.0000000000002
2020-07-02 15:00:00,1121.0000000000002
2020-07-02 16:00:00,1119.4000000000003
2020-07-02 17:00:00,1119.5000000000002
2020-07-02 18:00:00,1121.4000000000003
2020-07-02 19:00:00,1116.2000000000003
2020-07-06 05:00:00,1126.0000000000002
2020-07-06 13:00:00,1126.7000000000003
2020-07-06 14:00:00,1131.2000000000003
2020-07-06 15:00:00,1131.1000000000004
2020-07-06 16:00:00,1128.5000000000002
2020-07-06 17:00:00,1128.4000000000003
2020-07-06 18:00:00,1125.1000000000004
2020-07-06 19:00:00,1126.3000000000002
2020-07-07 05:00:00,1116.4000000000003
2020-07-07 13:00:00,1121.8000000000002
2020-07-07 14:00:00,1127.6000000000004
2020-07-07 15:00:00,1128.9000000000003
2020-07-07 16:00:00,1125.7000000000003
2020-07-07 17:00:00,1125.8000000000002
2020-07-07 18:00:00,1124.5000000000002
2020-07-07 19:00:00,1117.2000000000003
2020-07-08 05:00:00,1117.2000000000003
2020-07-08 13:00:00,1122.9000000000003
2020-07-08 14:00:00,1119.2000000000003
2020-07-08 15:00:00,1113.6000000000001
2020-07-08 16:00:00,1114.9000000000003
2020-07-08 17:00:00,1111.8000000000004
2020-07-08 18:00:00,1113.0000000000002
2020-07-08 19:00:00,1117.2000000000003
2020-07-09 05:00:00,1108.7000000000003
2020-07-09 13:00:00,1118.4000000000003
2020-07-09 14:00:00,1106.9000000000003
2020-07-09 15:00:00,1099.9000000000003
2020-07-09 16:00:00,1107.2000000000003
2020-07-09 17:00:00,1108.3000000000004
2020-07-09 18:00:00,1111.2000000000003
2020-07-09 19:00:00,1108.3000000000004
2020-07-10 05:00:00,1107.5000000000002
2020-07-10 13:00:00,1103.1000000000001
2020-07-10 14:00:00,1105.4000000000003
2020-07-10 15:00:00,1105.0000000000002
2020-07-10 16:00:00,1103.0000000000002
2020-07-10 17:00:00,1104.5000000000002
2020-07-10 18:00:00,1105.6000000000001
2020-07-10 19:00:00,1107.3000000000004
2020-07-13 05:00:00,1112.6000000000001
2020-07-13 13:00:00,1118.8000000000002
2020-07-13 14:00:00,1123.9000000000003
2020-07-13 15:00:00,1125.5000000000002
2020-07-13 16:00:00,1128.7000000000003
2020-07-13 17:00:00,1130.0000000000002
2020-07-13 18:00:00,1125.6000000000004
2020-07-13 19:00:00,1112.6000000000001
2020-07-14 05:00:00,1133.2000000000003
2020-07-14 13:00:00,1111.2000000000003
2020-07-14 14:00:00,1116.2000000000003
2020-07-14 15:00:00,1118.8000000000002
2020-07-14 16:00:00,1118.7000000000003
2020-07-14 17:00:00,1122.5000000000002
2020-07-14 18:00:00,1129.8000000000002
2020-07-14 19:00:00,1133.4000000000003
2020-07-15 05:00:00,1146.7000000000003
2020-07-15 13:00:00,1141.6000000000004
2020-07-15 14:00:00,1145.3000000000002
2020-07-15 15:00:00,1143.1000000000004
2020-07-15 16:00:00,1143.3000000000002
2020-07-15 17:00:00,1143.5000000000002
2020-07-15 18:00:00,1142.5000000000002
2020-07-15 19:00:00,1146.7000000000003
2020-07-16 05:00:00,1144.6000000000004
2020-07-16 13:00:00,1143.0000000000002
2020-07-16 14:00:00,1144.7000000000003
2020-07-16 15:00:00,1138.0000000000002
2020-07-16 16:00:00,1138.7000000000003
2020-07-16 17:00:00,1140.7000000000003
2020-07-16 18:00:00,1139.9000000000003
2020-07-16 19:00:00,1144.6000000000004
2020-07-17 05:00:00,1159.2000000000003
2020-07-17 13:00:00,1150.9000000000003
2020-07-17 14:00:00,1156.4000000000003
2020-07-17 15:00:00,1156.9000000000003
2020-07-17 16:00:00,1158.4000000000003
2020-07-17 17:00:00,1159.0000000000002
2020-07-17 18:00:00,1160.5000000000002
2020-07-17 19:00:00,1161.3000000000002
2020-07-20 05:00:00,1159.5000000000002
2020-07-20 13:00:00,1158.3000000000002
2020-07-20 14:00:00,1162.1000000000004
2020-07-20 15:00:00,1158.4000000000003
2020-07-20 16:00:00,1158.8000000000002
2020-07-20 17:00:00,1158.2000000000003
2020-07-20 18:00:00,1157.5000000000002
2020-07-20 19:00:00,1159.5000000000002
2020-07-20 20:00:00,1159.2000000000003
2020-07-21 05:00:00,1158.2000000000003
2020-07-21 13:00:00,1162.5000000000002
2020-07-21 14:00:00,1163.8000000000002
2020-07-21 15:00:00,1161.3000000000002
2020-07-21 16:00:00,1163.9000000000003
2020-07-21 17:00:00,1162.6000000000004
2020-07-21 18:00:00,1162.9000000000003
2020-07-21 19:00:00,1158.3000000000002
2020-07-22 05:00:00,1168.1000000000004
2020-07-22 13:00:00,1164.4000000000003
2020-07-22 14:00:00,1158.7000000000003
2020-07-22 15:00:00,1159.9000000000003
2020-07-22 16:00:00,1165.7000000000003
2020-07-22 17:00:00,1162.1000000000004
2020-07-22 18:00:00,1164.6000000000004
2020-07-22 19:00:00,1168.2000000000003
2020-07-23 05:00:00,1164.2000000000003
2020-07-23 13:00:00,1174.1000000000004
2020-07-23 14:00:00,1173.7000000000003
2020-07-23 15:00:00,1174.5000000000002
2020-07-23 16:00:00,1172.3000000000002
2020-07-23 17:00:00,1167.3000000000002
2020-07-23 18:00:00,1166.1000000000004
2020-07-23 19:00:00,1164.2000000000003
2020-07-24 05:00:00,1151.2000000000003
2020-07-24 13:00:00,1153.2000000000003
2020-07-24 14:00:00,1153.4000000000003
2020-07-24 16:00:00,1148.2000000000003
2020-07-24 17:00:00,1147.8000000000002
2020-07-24 18:00:00,1151.3000000000002
2020-07-24 19:00:00,1150.9000000000003
2020-07-27 05:00:00,1159.6000000000004
2020-07-27 13:00:00,1158.4000000000003
2020-07-27 14:00:00,1160.8000000000002
2020-07-27 15:00:00,1155.7000000000003
2020-07-27 17:00:00,1158.7000000000003
2020-07-27 18:00:00,1158.0000000000002
2020-07-27 19:00:00,1159.8000000000002
2020-07-28 05:00:00,1158.9000000000003
2020-07-28 13:00:00,1159.0000000000002
2020-07-28 14:00:00,1163.4000000000003
2020-07-28 16:00:00,1161.9000000000003
2020-07-28 19:00:00,1158.9000000000003
2020-07-29 05:00:00,1169.3000000000002
2020-07-29 13:00:00,1165.4000000000003
2020-07-29 14:00:00,1166.0000000000002
2020-07-29 15:00:00,1170.8000000000002
2020-07-29 16:00:00,1170.8000000000002
2020-07-29 17:00:00,1168.8000000000002
2020-07-29 18:00:00,1172.3000000000002
2020-07-29 19:00:00,1169.1000000000004
2020-07-30 05:00:00,1161.8000000000002
2020-07-30 13:00:00,1151.8000000000002
2020-07-30 14:00:00,1152.2000000000003
2020-07-30 15:00:00,1159.4000000000003
2020-07-30 16:00:00,1159.5000000000002
2020-07-30 17:00:00,1162.1000000000004
2020-07-30 18:00:00,1163.6000000000004
2020-07-30 19:00:00,1162.1000000000004
2020-07-31 05:00:00,1155.3000000000002
2020-07-31 13:00:00,1160.2000000000003
2020-07-31 14:00:00,1149.8000000000002
2020-07-31 15:00:00,1149.7000000000003
2020-07-31 16:00:00,1143.4000000000003
2020-07-31 17:00:00,1144.7000000000003
2020-07-31 18:00:00,1147.2000000000003
2020-07-31 19:00:00,1155.5000000000002
2020-08-03 05:00:00,1166.7000000000003
2020-08-03 13:00:00,1162.8000000000002
2020-08-03 14:00:00,1166.0000000000002
2020-08-03 15:00:00,1169.9000000000003
2020-08-03 16:00:00,1167.2000000000003
2020-08-03 17:00:00,1168.9000000000003
2020-08-03 18:00:00,1167.7000000000003
2020-08-03 19:00:00,1166.6000000000004
2020-08-04 05:00:00,1161.7000000000003
2020-08-04 13:00:00,1161.3000000000002
2020-08-04 14:00:00,1164.7000000000003
2020-08-04 15:00:00,1165.0000000000002
2020-08-04 16:00:00,1161.3000000000002
2020-08-04 17:00:00,1159.4000000000003
2020-08-04 18:00:00,1158.2000000000003
2020-08-04 19:00:00,1161.9000000000003
2020-08-05 05:00:00,1167.6000000000004
2020-08-05 13:00:00,1167.9000000000003
2020-08-05 14:00:00,1166.4000000000003
2020-08-05 15:00:00,1167.0000000000002
2020-08-05 16:00:00,1166.3000000000002
2020-08-05 17:00:00,1166.7000000000003
2020-08-05 18:00:00,1166.7000000000003
2020-08-05 19:00:00,1167.6000000000004
2020-08-06 05:00:00,1161.0000000000002
2020-08-06 13:00:00,1165.1000000000004
2020-08-06 14:00:00,1156.3000000000002
2020-08-06 15:00:00,1155.2000000000003
2020-08-06 16:00:00,1156.7000000000003
2020-08-06 17:00:00,1155.6000000000004
2020-08-06 18:00:00,1157.9000000000003
2020-08-06 19:00:00,1160.5000000000002
2020-08-07 05:00:00,1163.6000000000004
2020-08-07 13:00:00,1160.6000000000004
2020-08-07 14:00:00,1161.9000000000003
2020-08-07 15:00:00,1163.5000000000002
2020-08-07 17:00:00,1160.2000000000003
2020-08-07 18:00:00,1160.3000000000002
2020-08-07 19:00:00,1163.6000000000004
2020-08-10 05:00:00,1160.6000000000004
2020-08-10 13:00:00,1161.6000000000004
2020-08-10 14:00:00,1164.6000000000004
2020-08-10 15:00:00,1159.9000000000003
2020-08-10 16:00:00,1160.4000000000003
2020-08-10 18:00:00,1160.1000000000004
2020-08-10 19:00:00,1160.5000000000002
2020-08-11 05:00:00,1153.9000000000003
2020-08-11 13:00:00,1161.3000000000002
2020-08-11 14:00:00,1163.9000000000003
2020-08-11 15:00:00,1164.4000000000003
2020-08-11 16:00:00,1163.6000000000004
2020-08-11 17:00:00,1164.6000000000004
2020-08-11 18:00:00,1160.0000000000002
2020-08-11 19:00:00,1154.0000000000002
2020-08-12 05:00:00,1172.8000000000002
2020-08-12 13:00:00,1163.7000000000003
2020-08-12 14:00:00,1170.9000000000003
2020-08-12 15:00:00,1171.7000000000003
2020-08-12 16:00:00,1170.6000000000004
2020-08-12 17:00:00,1174.2000000000003
2020-08-12 18:00:00,1174.4000000000003
2020-08-12 19:00:00,1172.8000000000002
2020-08-13 05:00:00,1170.4000000000003
2020-08-13 13:00:00,1165.9000000000003
2020-08-13 14:00:00,1165.2000000000003
2020-08-13 15:00:00,1168.3000000000002
2020-08-13 16:00:00,1169.4000000000003
2020-08-13 17:00:00,1171.2000000000003
2020-08-13 18:00:00,1168.4000000000003
2020-08-13 19:00:00,1170.8000000000002
2020-08-14 05:00:00,1168.7000000000003
2020-08-14 13:00:00,1171.0000000000002
2020-08-14 14:00:00,1169.6000000000004
2020-08-14 15:00:00,1170.3000000000002
2020-08-14 16:00:00,1169.1000000000004
2020-08-14 17:00:00,1168.2000000000003
2020-08-14 18:00:00,1167.6000000000004
2020-08-14 19:00:00,1168.6000000000004
2020-08-17 05:00:00,1174.6000000000004
2020-08-17 13:00:00,1174.8000000000002
2020-08-17 14:00:00,1177.9000000000003
2020-08-17 15:00:00,1178.1000000000004
2020-08-17 16:00:00,1176.4000000000003
2020-08-17 17:00:00,1177.6000000000004
2020-08-17 18:00:00,1175.0000000000002
2020-08-17 19:00:00,1174.4000000000003
2020-08-17 20:00:00,1174.6000000000004
2020-08-18 05:00:00,1174.3000000000002
2020-08-18 13:00:00,1175.6000000000004
2020-08-18 14:00:00,1172.2000000000003
2020-08-18 15:00:00,1174.6000000000004
2020-08-18 16:00:00,1176.5000000000002
2020-08-18 17:00:00,1175.7000000000003
2020-08-18 18:00:00,1174.3000000000002
2020-08-18 19:00:00,1174.3000000000002
2020-08-19 05:00:00,1170.9000000000003
2020-08-19 13:00:00,1176.0000000000002
2020-08-19 14:00:00,1176.5000000000002
2020-08-19 15:00:00,1177.2000000000003
2020-08-19 16:00:00,1177.5000000000002
2020-08-19 17:00:00,1177.3000000000002
2020-08-19 18:00:00,1176.9000000000003
2020-08-19 19:00:00,1170.9000000000003
2020-08-20 05:00:00,1168.2000000000003
2020-08-20 13:00:00,1167.9000000000003
2020-08-20 14:00:00,1166.1000000000004
2020-08-20 15:00:00,1167.3000000000002
2020-08-20 16:00:00,1167.2000000000003
2020-08-20 17:00:00,1168.2000000000003
2020-08-20 18:00:00,1168.0000000000002
2020-08-20 19:00:00,1168.2000000000003
2020-08-21 05:00:00,1168.6000000000004
2020-08-21 13:00:00,1166.7000000000003
2020-08-21 14:00:00,1163.1000000000004
2020-08-21 15:00:00,1161.5000000000002
2020-08-21 16:00:00,1166.6000000000004
2020-08-21 18:00:00,1168.4000000000003
2020-08-21 19:00:00,1168.3000000000002
2020-08-24 05:00:00,1163.4000000000003
2020-08-24 13:00:00,1168.7000000000003
2020-08-24 14:00:00,1165.2000000000003
2020-08-24 15:00:00,1159.3000000000002
2020-08-24 16:00:00,1159.0000000000002
2020-08-24 17:00:00,1160.1000000000004
2020-08-24 18:00:00,1160.3000000000002
2020-08-24 19:00:00,1164.0000000000002
2020-08-25 05:00:00,1170.8000000000002
2020-08-25 13:00:00,1170.0000000000002
2020-08-25 14:00:00,1166.2000000000003
2020-08-25 15:00:00,1167.2000000000003
2020-08-25 16:00:00,1168.8000000000002
2020-08-25 17:00:00,1168.6000000000004
2020-08-25 18:00:00,1171.2000000000003
2020-08-25 19:00:00,1170.9000000000003
2020-08-26 05:00:00,1169.6000000000004
2020-08-26 13:00:00,1163.0000000000002
2020-08-26 15:00:00,1161.4000000000003
2020-08-26 16:00:00,1163.6000000000004
2020-08-26 17:00:00,1165.3000000000002
2020-08-26 18:00:00,1168.7000000000003
2020-08-26 19:00:00,1169.7000000000003
2020-08-27 05:00:00,1178.3000000000002
2020-08-27 13:00:00,1170.5000000000002
2020-08-27 14:00:00,1173.8000000000002
2020-08-27 15:00:00,1179.5000000000002
2020-08-27 16:00:00,1174.1000000000004
2020-08-27 17:00:00,1180.0000000000002
2020-08-27 18:00:00,1182.1000000000004
2020-08-27 19:00:00,1178.3000000000002
2020-08-28 05:00:00,1180.2000000000003
2020-08-28 13:00:00,1177.5000000000002
2020-08-28 14:00:00,1173.7000000000003
2020-08-28 15:00:00,1173.6000000000004
2020-08-28 16:00:00,1174.7000000000003
2020-08-28 17:00:00,1174.8000000000002
2020-08-28 18:00:00,1175.7000000000003
2020-08-28 19:00:00,1180.2000000000003
2020-08-28 20:00:00,1180.0000000000002
2020-08-31 05:00:00,1184.5000000000002
2020-08-31 13:00:00,1180.1000000000004
2020-08-31 14:00:00,1185.5000000000002
2020-08-31 15:00:00,1184.1000000000004
2020-08-31 16:00:00,1187.4000000000003
2020-08-31 17:00:00,1185.8000000000002
2020-08-31 18:00:00,1186.2000000000003
2020-08-31 19:00:00,1183.6000000000004
2020-09-01 05:00:00,1173.1000000000004
2020-09-01 13:00:00,1178.7000000000003
2020-09-01 14:00:00,1172.2000000000003
2020-09-01 15:00:00,1170.0000000000002
2020-09-01 16:00:00,1169.1000000000004
2020-09-01 17:00:00,1167.3000000000002
2020-09-01 18:00:00,1170.7000000000003
2020-09-01 19:00:00,1173.5000000000002
2020-09-02 05:00:00,1195.9000000000003
2020-09-02 13:00:00,1182.1000000000004
2020-09-02 14:00:00,1186.8000000000002
2020-09-02 15:00:00,1188.4000000000003
2020-09-02 16:00:00,1189.0000000000002
2020-09-02 17:00:00,1189.4000000000003
2020-09-02 18:00:00,1192.2000000000003
2020-09-02 19:00:00,1195.7000000000003
2020-09-03 05:00:00,1166.2000000000003
2020-09-03 13:00:00,1193.4000000000003
2020-09-03 14:00:00,1183.1000000000004
2020-09-03 15:00:00,1173.6000000000004
2020-09-03 16:00:00,1167.5000000000002
2020-09-03 17:00:00,1163.6000000000004
2020-09-03 18:00:00,1163.9000000000003
2020-09-03 19:00:00,1166.3000000000002
2020-09-04 05:00:00,1157.5000000000002
2020-09-04 13:00:00,1167.7000000000003
2020-09-04 14:00:00,1154.6000000000004
2020-09-04 15:00:00,1149.1000000000004
2020-09-04 16:00:00,1153.7000000000003
2020-09-04 17:00:00,1153.8000000000002
2020-09-04 18:00:00,1163.3000000000002
2020-09-04 19:00:00,1157.4000000000003
2020-09-08 05:00:00,1140.1000000000004
2020-09-08 13:00:00,1147.6000000000004
2020-09-08 14:00:00,1138.8000000000002
2020-09-08 15:00:00,1143.0000000000002
2020-09-08 16:00:00,1143.5000000000002
2020-09-08 17:00:00,1147.3000000000002
2020-09-08 18:00:00,1140.6000000000004
2020-09-08 19:00:00,1140.1000000000004
2020-09-09 05:00:00,1158.6000000000004
2020-09-09 13:00:00,1153.4000000000003
2020-09-09 14:00:00,1156.0000000000002
2020-09-09 15:00:00,1160.4000000000003
2020-09-09 16:00:00,1161.0000000000002
2020-09-09 17:00:00,1163.6000000000004
2020-09-09 18:00:00,1165.4000000000003
2020-09-09 19:00:00,1159.0000000000002
2020-09-10 05:00:00,1142.1000000000004
2020-09-10 13:00:00,1158.1000000000004
2020-09-10 14:00:00,1153.0000000000002
2020-09-10 15:00:00,1152.8000000000002
2020-09-10 16:00:00,1149.9000000000003
2020-09-10 18:00:00,1147.1000000000004
2020-09-10 19:00:00,1142.5000000000002
2020-09-11 05:00:00,1146.3000000000002
2020-09-11 13:00:00,1147.9
2020-09-11 14:00:00,1147.1000000000001
2020-09-11 15:00:00,1148.3000000000002
2020-09-11 16:00:00,1146.7
2020-09-11 17:00:00,1141.2
2020-09-11 18:00:00,1146.3000000000002
2020-09-11 19:00:00,1146.2
2020-09-14 05:00:00,1162.0000000000002
2020-09-14 13:00:00,1155.7
2020-09-14 14:00:00,1162.4
2020-09-14 15:00:00,1163.8000000000002
2020-09-14 16:00:00,1165.8000000000002
2020-09-14 17:00:00,1165.8000000000002
2020-09-14 18:00:00,1165.6000000000001
2020-09-14 19:00:00,1161.5000000000002
2020-09-15 05:00:00,1162.4
2020-09-15 13:00:00,1169.4
2020-09-15 14:00:00,1168.4
2020-09-15 15:00:00,1169.8000000000002
2020-09-15 17:00:00,1167.7
2020-09-15 18:00:00,1165.1000000000001
2020-09-15 19:00:00,1162.4
2020-09-16 05:00:00,1161.1000000000001
2020-09-16 13:00:00,1169.6000000000001
2020-09-16 14:00:00,1168.7
2020-09-16 15:00:00,1168.9
2020-09-16 16:00:00,1167.4
2020-09-16 17:00:00,1165.7
2020-09-16 18:00:00,1166.2
2020-09-16 19:00:00,1161.1000000000001
2020-09-17 05:00:00,1157.4
2020-09-17 13:00:00,1154.0000000000002
2020-09-17 14:00:00,1158.4
2020-09-17 15:00:00,1160.2
2020-09-17 16:00:00,1150.6000000000001
2020-09-17 17:00:00,1151.4
2020-09-17 18:00:00,1154.1000000000001
2020-09-17 19:00:00,1156.5000000000002
2020-09-18 05:00:00,1156.6000000000001
2020-09-18 13:00:00,1157.2
2020-09-18 14:00:00,1160.1000000000001
2020-09-18 15:00:00,1157.5000000000002
2020-09-18 16:00:00,1157.0000000000002
2020-09-18 17:00:00,1148.0000000000002
2020-09-18 18:00:00,1152.1000000000001
2020-09-18 19:00:00,1156.1000000000001
2020-09-21 05:00:00,1136.0000000000002
2020-09-21 13:00:00,1132.3000000000002
2020-09-21 14:00:00,1125.6000000000001
2020-09-21 15:00:00,1127.5000000000002
2020-09-21 16:00:00,1123.3000000000002
2020-09-21 17:00:00,1124.6000000000001
2020-09-21 18:00:00,1126.1000000000001
2020-09-21 19:00:00,1135.6000000000001
2020-09-22 05:00:00,1134.0000000000002
2020-09-22 13:00:00,1127.7
2020-09-22 14:00:00,1126.7
2020-09-22 15:00:00,1130.9
2020-09-22 16:00:00,1130.5000000000002
2020-09-22 17:00:00,1131.7
2020-09-22 18:00:00,1133.7
2020-09-22 19:00:00,1134.1000000000001
2020-09-23 05:00:00,1122.5000000000002
2020-09-23 13:00:00,1134.5000000000002
2020-09-23 14:00:00,1135.5000000000002
2020-09-23 15:00:00,1132.4
2020-09-23 16:00:00,1138.5000000000002
2020-09-23 17:00:00,1133.0000000000002
2020-09-23 18:00:00,1125.9
2020-09-23 19:00:00,1122.3000000000002
2020-09-24 05:00:00,1117.5000000000002
2020-09-24 13:00:00,1116.4
2020-09-24 14:00:00,1114.9
2020-09-24 15:00:00,1116.2
2020-09-24 16:00:00,1118.8000000000002
2020-09-24 17:00:00,1120.3000000000002
2020-09-24 18:00:00,1115.1000000000001
2020-09-24 19:00:00,1118.5000000000002
2020-09-25 05:00:00,1134.7
2020-09-25 13:00:00,1119.8000000000002
2020-09-25 14:00:00,1122.9
2020-09-25 15:00:00,1120.5000000000002
2020-09-25 16:00:00,1123.5000000000002
2020-09-25 17:00:00,1128.3000000000002
2020-09-25 18:00:00,1132.3000000000002
2020-09-25 19:00:00,1134.3000000000002
2020-09-25 20:00:00,1134.7
2020-09-28 05:00:00,1142.4
2020-09-28 13:00:00,1145.8000000000002
2020-09-28 14:00:00,1144.5000000000002
2020-09-28 15:00:00,1143.4
2020-09-28 16:00:00,1143.6000000000001
2020-09-28 17:00:00,1147.9
2020-09-28 18:00:00,1147.3000000000002
2020-09-28 19:00:00,1142.3000000000002
2020-09-28 20:00:00,1143.3000000000002
2020-09-29 05:00:00,1142.7
2020-09-29 13:00:00,1147.9
2020-09-29 14:00:00,1144.7
2020-09-29 15:00:00,1142.6000000000001
2020-09-29 16:00:00,1140.4
2020-09-29 17:00:00,1143.8000000000002
2020-09-29 18:00:00,1145.3000000000002
2020-09-29 19:00:00,1142.8000000000002
2020-09-30 05:00:00,1161.1000000000001
2020-09-30 13:00:00,1149.2
2020-09-30 14:00:00,1153.8000000000002
2020-09-30 15:00:00,1159.1000000000001
2020-09-30 16:00:00,1163.2
2020-09-30 17:00:00,1165.2
2020-09-30 18:00:00,1160.5000000000002
2020-09-30 19:00:00,1159.9
2020-10-01 05:00:00,1155.7
2020-10-01 13:00:00,1159.8000000000002
2020-10-01 14:00:00,1155.7
2020-10-01 15:00:00,1158.0000000000002
2020-10-01 16:00:00,1158.2
2020-10-01 17:00:00,1155.2
2020-10-01 18:00:00,1155.3000000000002
2020-10-01 19:00:00,1155.6000000000001
2020-10-01 20:00:00,1154.8000000000002
2020-10-02 05:00:00,1145.2
2020-10-02 13:00:00,1152.8000000000002
2020-10-02 14:00:00,1146.7
2020-10-02 15:00:00,1148.5000000000002
2020-10-02 16:00:00,1153.1000000000001
2020-10-02 17:00:00,1149.4
2020-10-02 18:00:00,1153.8000000000002
2020-10-02 19:00:00,1145.4
2020-10-02 20:00:00,1145.0000000000002
2020-10-05 05:00:00,1167.4
2020-10-05 13:00:00,1155.1000000000001
2020-10-05 14:00:00,1161.1000000000001
2020-10-05 15:00:00,1164.2
2020-10-05 16:00:00,1164.8000000000002
2020-10-05 17:00:00,1162.8000000000002
2020-10-05 18:00:00,1165.8000000000002
2020-10-05 19:00:00,1167.4
2020-10-06 05:00:00,1152.9
2020-10-06 13:00:00,1164.0000000000002
2020-10-06 14:00:00,1164.9
2020-10-06 15:00:00,1163.6000000000001
2020-10-06 16:00:00,1166.8000000000002
2020-10-06 17:00:00,1165.2
2020-10-06 18:00:00,1158.5000000000002
2020-10-06 19:00:00,1152.9
2020-10-07 05:00:00,1173.8000000000002
2020-10-07 13:00:00,1163.1000000000001
2020-10-07 14:00:00,1169.1000000000001
2020-10-07 15:00:00,1170.4
2020-10-07 16:00:00,1169.9
2020-10-07 17:00:00,1171.7
2020-10-07 18:00:00,1175.6000000000001
2020-10-07 19:00:00,1174.6000000000001
2020-10-08 05:00:00,1178.4
2020-10-08 13:00:00,1181.1000000000001
2020-10-08 14:00:00,1180.5000000000002
2020-10-08 15:00:00,1177.9
2020-10-08 16:00:00,1178.2
2020-10-08 17:00:00,1178.7
2020-10-08 18:00:00,1177.7
2020-10-08 19:00:00,1178.2
2020-10-09 05:00:00,1187.9
2020-10-09 13:00:00,1184.0000000000002
2020-10-09 14:00:00,1185.1000000000001
2020-10-09 15:00:00,1190.7
2020-10-09 16:00:00,1188.0000000000002
2020-10-09 17:00:00,1187.9
2020-10-09 18:00:00,1187.1000000000001
2020-10-09 19:00:00,1186.3000000000002
2020-10-12 05:00:00,1195.7
2020-10-12 13:00:00,1191.0000000000002
2020-10-12 14:00:00,1197.2
2020-10-12 15:00:00,1195.7
2020-10-12 16:00:00,1198.1000000000001
2020-10-12 17:00:00,1198.9
2020-10-12 18:00:00,1197.9
2020-10-12 19:00:00,1195.8000000000002
2020-10-13 05:00:00,1188.3000000000002
2020-10-13 13:00:00,1194.6000000000001
2020-10-13 14:00:00,1188.3000000000002
2020-10-13 15:00:00,1192.3000000000002
2020-10-13 16:00:00,1190.2
2020-10-13 17:00:00,1189.0000000000002
2020-10-13 18:00:00,1186.9
2020-10-13 19:00:00,1188.0000000000002
2020-10-14 05:00:00,1180.8000000000002
2020-10-14 13:00:00,1190.1000000000001
2020-10-14 14:00:00,1188.5000000000002
2020-10-14 15:00:00,1182.1000000000001
2020-10-14 16:00:00,1181.8000000000002
2020-10-14 17:00:00,1180.3000000000002
2020-10-14 18:00:00,1180.2
2020-10-14 19:00:00,1181.1000000000001
2020-10-14 20:00:00,1180.6000000000001
2020-10-15 05:00:00,1173.1000000000001
2020-10-15 13:00:00,1170.6000000000001
2020-10-15 14:00:00,1168.4
2020-10-15 15:00:00,1170.9
2020-10-15 16:00:00,1172.1000000000001
2020-10-15 17:00:00,1174.2
2020-10-15 18:00:00,1173.0000000000002
2020-10-15 19:00:00,1171.3000000000002
2020-10-16 05:00:00,1183.9
2020-10-16 13:00:00,1183.7
2020-10-16 14:00:00,1189.2
2020-10-16 15:00:00,1187.9
2020-10-16 16:00:00,1185.6000000000001
2020-10-16 17:00:00,1186.7
2020-10-16 18:00:00,1188.1000000000001
2020-10-16 19:00:00,1183.9
2020-10-19 05:00:00,1165.8000000000002
2020-10-19 13:00:00,1187.9
2020-10-19 14:00:00,1182.4
2020-10-19 15:00:00,1180.1000000000001
2020-10-19 16:00:00,1178.8000000000002
2020-10-19 17:00:00,1173.2
2020-10-19 18:00:00,1165.8000000000002
2020-10-19 19:00:00,1165.8000000000002
2020-10-19 20:00:00,1165.9
2020-10-20 05:00:00,1168.7
2020-10-20 13:00:00,1171.9
2020-10-20 14:00:00,1171.4
2020-10-20 15:00:00,1170.0000000000002
2020-10-20 16:00:00,1173.2
2020-10-20 17:00:00,1176.6000000000001
2020-10-20 18:00:00,1172.2
2020-10-20 19:00:00,1168.2
2020-10-20 20:00:00,1168.0000000000002
2020-10-21 05:00:00,1162.3000000000002
2020-10-21 13:00:00,1169.4
2020-10-21 14:00:00,1167.3000000000002
2020-10-21 15:00:00,1163.0000000000002
2020-10-21 16:00:00,1161.8000000000002
2020-10-21 17:00:00,1166.6000000000001
2020-10-21 18:00:00,1168.3000000000002
2020-10-21 19:00:00,1162.3000000000002
2020-10-22 05:00:00,1178.3000000000002
2020-10-22 13:00:00,1173.7
2020-10-22 14:00:00,1173.1000000000001
2020-10-22 15:00:00,1172.7
2020-10-22 16:00:00,1173.9
2020-10-22 17:00:00,1178.6000000000001
2020-10-22 18:00:00,1179.6000000000001
2020-10-22 19:00:00,1178.3000000000002
2020-10-23 05:00:00,1182.1000000000001
2020-10-23 13:00:00,1189.8000000000002
2020-10-23 14:00:00,1185.6000000000001
2020-10-23 15:00:00,1181.8000000000002
2020-10-23 16:00:00,1176.8000000000002
2020-10-23 17:00:00,1178.9
2020-10-23 18:00:00,1180.6000000000001
2020-10-23 19:00:00,1182.1000000000001
2020-10-26 05:00:00,1169.8000000000002
2020-10-26 13:00:00,1173.1000000000001
2020-10-26 14:00:00,1166.3000000000002
2020-10-26 15:00:00,1166.6000000000001
2020-10-26 16:00:00,1164.2
2020-10-26 17:00:00,1163.1000000000001
2020-10-26 18:00:00,1167.6000000000001
2020-10-26 19:00:00,1170.0000000000002
2020-10-27 05:00:00,1162.9
2020-10-27 13:00:00,1170.8000000000002
2020-10-27 14:00:00,1167.1000000000001
2020-10-27 15:00:00,1166.9
2020-10-27 16:00:00,1168.6000000000001
2020-10-27 17:00:00,1170.2
2020-10-27 18:00:00,1166.4
2020-10-27 19:00:00,1163.5000000000002
2020-10-28 05:00:00,1128.4
2020-10-28 13:00:00,1145.6000000000001
2020-10-28 14:00:00,1133.4
2020-10-28 15:00:00,1137.8000000000002
2020-10-28 16:00:00,1133.2
2020-10-28 17:00:00,1134.6000000000001
2020-10-28 18:00:00,1134.2
2020-10-28 19:00:00,1127.7
2020-10-29 05:00:00,1121.4
2020-10-29 13:00:00,1121.5000000000002
2020-10-29 14:00:00,1120.7
2020-10-29 15:00:00,1116.8000000000002
2020-10-29 16:00:00,1118.5000000000002
2020-10-29 17:00:00,1126.2
2020-10-29 18:00:00,1128.6000000000001
2020-10-29 19:00:00,1120.5000000000002
2020-10-30 05:00:00,1119.9
2020-10-30 09:00:00,1121.2
2020-10-30 13:00:00,1120.1000000000001
2020-10-30 14:00:00,1112.8000000000002
2020-10-30 15:00:00,1113.9
2020-10-30 16:00:00,1117.0000000000002
2020-10-30 17:00:00,1113.3000000000002
2020-10-30 18:00:00,1109.7
2020-10-30 19:00:00,1120.3000000000002
2020-11-02 06:00:00,1138.6000000000001
2020-11-02 10:00:00,1135.7
2020-11-02 14:00:00,1135.0000000000002
2020-11-02 15:00:00,1136.3000000000002
2020-11-02 16:00:00,1137.2
2020-11-02 17:00:00,1133.4
2020-11-02 18:00:00,1128.5000000000002
2020-11-02 19:00:00,1135.8000000000002
2020-11-02 20:00:00,1138.6000000000001
2020-11-03 06:00:00,1154.4
2020-11-03 14:00:00,1157.9
2020-11-03 15:00:00,1159.0000000000002
2020-11-03 16:00:00,1156.4
2020-11-03 17:00:00,1154.6000000000001
2020-11-03 18:00:00,1151.5000000000002
2020-11-03 19:00:00,1153.7
2020-11-03 20:00:00,1154.2
2020-11-04 06:00:00,1200.9
2020-11-04 11:00:00,1173.1000000000001
2020-11-04 14:00:00,1191.0000000000002
2020-11-04 15:00:00,1211.3000000000002
2020-11-04 16:00:00,1213.8000000000002
2020-11-04 17:00:00,1212.9
2020-11-04 18:00:00,1209.8000000000002
2020-11-04 19:00:00,1207.0000000000002
2020-11-04 20:00:00,1201.1000000000001
2020-11-05 06:00:00,1205.0000000000002
2020-11-05 14:00:00,1204.6000000000001
2020-11-05 15:00:00,1214.8000000000002
2020-11-05 16:00:00,1204.9
2020-11-05 17:00:00,1204.6000000000001
2020-11-05 18:00:00,1205.3000000000002
2020-11-05 19:00:00,1207.9
2020-11-05 20:00:00,1204.6000000000001
2020-11-06 06:00:00,1203.2
2020-11-06 14:00:00,1204.5000000000002
2020-11-06 15:00:00,1204.5000000000002
2020-11-06 16:00:00,1209.0000000000002
2020-11-06 17:00:00,1209.4
2020-11-06 18:00:00,1209.9
2020-11-06 19:00:00,1208.8000000000002
2020-11-06 20:00:00,1203.4
2020-11-09 06:00:00,1213.5000000000002
2020-11-09 11:00:00,1238.4
2020-11-09 12:00:00,1241.5000000000002
2020-11-09 14:00:00,1227.8000000000002
2020-11-09 15:00:00,1227.8000000000002
2020-11-09 16:00:00,1224.4
2020-11-09 17:00:00,1234.6000000000001
2020-11-09 18:00:00,1234.9
2020-11-09 19:00:00,1228.7
2020-11-09 20:00:00,1213.2
2020-11-10 06:00:00,1217.4
2020-11-10 13:00:00,1224.1000000000001
2020-11-10 14:00:00,1215.0000000000002
2020-11-10 15:00:00,1209.9
2020-11-10 16:00:00,1212.9
2020-11-10 17:00:00,1216.8000000000002
2020-11-10 18:00:00,1218.0000000000002
2020-11-10 19:00:00,1220.6000000000001
2020-11-10 20:00:00,1218.3000000000002
2020-11-10 21:00:00,1217.9
2020-11-11 06:00:00,1216.4
2020-11-11 14:00:00,1219.8000000000002
2020-11-11 15:00:00,1218.0000000000002
2020-11-11 16:00:00,1219.1000000000001
2020-11-11 17:00:00,1221.6000000000001
2020-11-11 18:00:00,1215.1000000000001
2020-11-11 19:00:00,1214.0000000000002
2020-11-11 20:00:00,1216.7
2020-11-12 06:00:00,1211.8000000000002
2020-11-12 08:00:00,1214.7
2020-11-12 09:00:00,1215.3000000000002
2020-11-12 10:00:00,1216.9
2020-11-12 11:00:00,1215.6000000000001
2020-11-12 12:00:00,1216.3000000000002
2020-11-12 14:00:00,1213.2
2020-11-12 15:00:00,1215.3000000000002
2020-11-12 16:00:00,1216.4
2020-11-12 17:00:00,1211.4
2020-11-12 18:00:00,1209.6000000000001
2020-11-12 19:00:00,1209.3000000000002
2020-11-12 20:00:00,1212.0000000000002
2020-11-13 06:00:00,1227.3000000000002
2020-11-13 10:00:00,1209.3000000000002
2020-11-13 14:00:00,1219.4
2020-11-13 15:00:00,1220.8000000000002
2020-11-13 16:00:00,1223.6000000000001
2020-11-13 17:00:00,1224.9
2020-11-13 18:00:00,1224.4
2020-11-13 19:00:00,1226.8000000000002
2020-11-13 20:00:00,1227.3000000000002
2020-11-13 21:00:00,1226.4
2020-11-16 06:00:00,1224.3000000000002
2020-11-16 14:00:00,1223.8000000000002
2020-11-16 15:00:00,1228.9
2020-11-16 16:00:00,1224.9
2020-11-16 17:00:00,1221.9
2020-11-16 18:00:00,1219.6000000000001
2020-11-16 19:00:00,1223.5000000000002
2020-11-16 20:00:00,1224.7
2020-11-17 06:00:00,1216.3000000000002
2020-11-17 14:00:00,1214.1000000000001
2020-11-17 15:00:00,1216.8000000000002
2020-11-17 16:00:00,1217.4
2020-11-17 17:00:00,1217.8000000000002
2020-11-17 18:00:00,1216.0000000000002
2020-11-17 19:00:00,1217.4
2020-11-17 20:00:00,1216.2
2020-11-18 06:00:00,1196.0000000000002
2020-11-18 14:00:00,1214.4
2020-11-18 15:00:00,1212.2
2020-11-18 16:00:00,1209.7
2020-11-18 17:00:00,1208.2
2020-11-18 18:00:00,1203.8000000000002
2020-11-18 19:00:00,1205.0000000000002
2020-11-18 20:00:00,1195.7
2020-11-19 06:00:00,1195.1000000000001
2020-11-19 14:00:00,1192.7
2020-11-19 15:00:00,1192.9
2020-11-19 16:00:00,1189.3000000000002
2020-11-19 17:00:00,1188.0000000000002
2020-11-19 18:00:00,1192.3000000000002
2020-11-19 19:00:00,1194.1000000000001
2020-11-19 20:00:00,1195.1000000000001
2020-11-19 21:00:00,1195.6000000000001
2020-11-20 06:00:00,1192.6000000000001
2020-11-20 14:00:00,1194.0000000000002
2020-11-20 15:00:00,1192.3000000000002
2020-11-20 16:00:00,1195.5000000000002
2020-11-20 17:00:00,1194.7
2020-11-20 18:00:00,1196.5000000000002
2020-11-20 19:00:00,1196.0000000000002
2020-11-20 20:00:00,1193.2
2020-11-23 06:00:00,1189.8000000000002
2020-11-23 14:00:00,1195.2
2020-11-23 15:00:00,1193.2
2020-11-23 16:00:00,1186.9
2020-11-23 17:00:00,1185.9
2020-11-23 18:00:00,1183.8000000000002
2020-11-23 19:00:00,1187.5000000000002
2020-11-23 20:00:00,1189.6000000000001
2020-11-23 21:00:00,1190.1000000000001
2020-11-24 06:00:00,1193.3000000000002
2020-11-24 14:00:00,1190.9
2020-11-24 15:00:00,1195.7
2020-11-24 16:00:00,1199.5000000000002
2020-11-24 17:00:00,1197.1000000000001
2020-11-24 18:00:00,1193.3000000000002
2020-11-24 19:00:00,1193.5000000000002
2020-11-24 20:00:00,1193.1000000000001
2020-11-25 06:00:00,1188.2
2020-11-25 14:00:00,1188.0000000000002
2020-11-25 15:00:00,1185.4
2020-11-25 16:00:00,1185.6000000000001
2020-11-25 17:00:00,1186.6000000000001
2020-11-25 18:00:00,1187.3000000000002
2020-11-25 19:00:00,1186.2
2020-11-25 20:00:00,1188.2
2020-11-27 06:00:00,1198.8000000000002
2020-11-27 14:00:00,1195.7
2020-11-27 15:00:00,1196.5000000000002
2020-11-27 16:00:00,1196.1000000000001
2020-11-27 17:00:00,1198.4
2020-11-30 06:00:00,1202.3000000000002
2020-11-30 14:00:00,1199.4
2020-11-30 15:00:00,1199.3000000000002
2020-11-30 16:00:00,1196.0000000000002
2020-11-30 17:00:00,1196.7
2020-11-30 18:00:00,1195.4
2020-11-30 19:00:00,1197.3000000000002
2020-11-30 20:00:00,1202.0000000000002
2020-11-30 21:00:00,1199.6000000000001
2020-12-01 06:00:00,1211.3000000000002
2020-12-01 14:00:00,1215.8000000000002
2020-12-01 15:00:00,1217.7
2020-12-01 16:00:00,1214.5000000000002
2020-12-01 17:00:00,1212.5000000000002
2020-12-01 18:00:00,1214.2
2020-12-01 19:00:00,1213.5000000000002
2020-12-01 20:00:00,1211.3000000000002
2020-12-02 06:00:00,1219.3000000000002
2020-12-02 14:00:00,1218.7
2020-12-02 15:00:00,1217.5000000000002
2020-12-02 16:00:00,1219.3000000000002
2020-12-02 17:00:00,1220.8000000000002
2020-12-02 19:00:00,1219.7
2020-12-02 20:00:00,1219.4
2020-12-03 06:00:00,1217.4
2020-12-03 14:00:00,1218.4
2020-12-03 15:00:00,1219.9
2020-12-03 16:00:00,1218.7
2020-12-03 17:00:00,1217.2
2020-12-03 18:00:00,1216.9
2020-12-03 19:00:00,1220.3000000000002
2020-12-03 20:00:00,1218.2
2020-12-04 06:00:00,1230.3000000000002
2020-12-04 14:00:00,1221.7
2020-12-04 15:00:00,1226.1000000000001
2020-12-04 16:00:00,1225.5000000000002
2020-12-04 17:00:00,1224.9
2020-12-04 18:00:00,1225.3000000000002
2020-12-04 19:00:00,1226.5000000000002
2020-12-04 20:00:00,1230.6000000000001
2020-12-07 06:00:00,1223.7
2020-12-07 14:00:00,1226.4
2020-12-07 15:00:00,1225.8000000000002
2020-12-07 16:00:00,1225.8000000000002
2020-12-07 17:00:00,1224.9
2020-12-07 18:00:00,1222.1000000000001
2020-12-07 19:00:00,1221.5000000000002
2020-12-07 20:00:00,1221.4
2020-12-07 21:00:00,1228.0000000000002
2020-12-08 06:00:00,1232.1000000000001
2020-12-08 14:00:00,1224.9
2020-12-08 15:00:00,1226.9
2020-12-08 16:00:00,1229.8000000000002
2020-12-08 17:00:00,1231.9
2020-12-08 18:00:00,1229.2
2020-12-08 19:00:00,1230.0000000000002
2020-12-08 20:00:00,1232.1000000000001
2020-12-09 06:00:00,1228.9
2020-12-09 14:00:00,1229.9
2020-12-09 15:00:00,1227.2
2020-12-09 16:00:00,1227.1000000000001
2020-12-09 17:00:00,1226.6000000000001
2020-12-09 18:00:00,1223.7
2020-12-09 19:00:00,1225.6000000000001
2020-12-09 20:00:00,1228.7
2020-12-10 06:00:00,1227.0000000000002
2020-12-10 14:00:00,1231.7
2020-12-10 15:00:00,1230.1000000000001
2020-12-10 16:00:00,1227.9
2020-12-10 17:00:00,1227.5000000000002
2020-12-10 18:00:00,1226.5000000000002
2020-12-10 19:00:00,1226.6000000000001
2020-12-10 20:00:00,1227.0000000000002
2020-12-11 06:00:00,1221.8000000000002
2020-12-11 14:00:00,1220.3000000000002
2020-12-11 15:00:00,1219.2000000000003
2020-12-11 17:00:00,1214.3000000000002
2020-12-11 18:00:00,1221.0000000000002
2020-12-11 19:00:00,1221.8000000000002
2020-12-11 20:00:00,1222.3000000000002
2020-12-14 06:00:00,1213.8000000000002
2020-12-14 14:00:00,1232.6000000000004
2020-12-14 15:00:00,1231.7000000000003
2020-12-14 16:00:00,1225.6000000000004
2020-12-14 17:00:00,1223.1000000000004
2020-12-14 18:00:00,1219.7000000000003
2020-12-14 19:00:00,1221.0000000000002
2020-12-14 20:00:00,1212.8000000000002
2020-12-14 21:00:00,1213.5000000000002
2020-12-15 06:00:00,1225.5000000000002
2020-12-15 14:00:00,1217.8000000000002
2020-12-15 15:00:00,1219.7000000000003
2020-12-15 16:00:00,1219.5000000000002
2020-12-15 17:00:00,1222.6000000000004
2020-12-15 18:00:00,1224.7000000000003
2020-12-15 19:00:00,1226.8000000000002
2020-12-15 20:00:00,1224.8000000000002
2020-12-16 06:00:00,1221.9000000000003
2020-12-16 14:00:00,1218.8000000000002
2020-12-16 15:00:00,1226.2000000000003
2020-12-16 16:00:00,1223.1000000000004
2020-12-16 17:00:00,1223.4000000000003
2020-12-16 18:00:00,1223.7000000000003
2020-12-16 19:00:00,1225.8000000000002
2020-12-16 20:00:00,1221.9000000000003
2020-12-17 06:00:00,1233.2000000000003
2020-12-17 14:00:00,1224.8000000000002
2020-12-17 15:00:00,1229.0000000000002
2020-12-17 16:00:00,1229.1000000000004
2020-12-17 17:00:00,1229.3000000000002
2020-12-17 18:00:00,1230.7000000000003
2020-12-17 19:00:00,1232.3000000000002
2020-12-17 20:00:00,1233.2000000000003
2020-12-18 06:00:00,1234.7000000000003
2020-12-18 14:00:00,1228.8000000000002
2020-12-18 15:00:00,1227.5000000000002
2020-12-18 16:00:00,1224.4000000000003
2020-12-18 17:00:00,1227.4000000000003
2020-12-18 18:00:00,1223.9000000000003
2020-12-18 19:00:00,1224.5000000000002
2020-12-18 20:00:00,1233.8000000000002
2020-12-21 06:00:00,1222.8000000000002
2020-12-21 14:00:00,1208.4000000000003
2020-12-21 15:00:00,1208.0000000000002
2020-12-21 16:00:00,1213.9000000000003
2020-12-21 17:00:00,1219.7000000000003
2020-12-21 18:00:00,1221.0000000000002
2020-12-21 19:00:00,1222.7000000000003
2020-12-21 20:00:00,1221.1000000000004
2020-12-22 06:00:00,1219.0000000000002
2020-12-22 14:00:00,1215.1000000000004
2020-12-22 15:00:00,1218.1000000000004
2020-12-22 16:00:00,1220.2000000000003
2020-12-22 17:00:00,1220.7000000000003
2020-12-22 19:00:00,1219.8000000000002
2020-12-22 20:00:00,1219.2000000000003
2020-12-23 06:00:00,1220.5000000000002
2020-12-23 14:00:00,1223.9000000000003
2020-12-23 15:00:00,1224.4000000000003
2020-12-23 16:00:00,1225.6000000000004
2020-12-23 17:00:00,1227.1000000000004
2020-12-23 18:00:00,1225.1000000000004
2020-12-23 19:00:00,1224.7000000000003
2020-12-23 20:00:00,1221.9000000000003
2020-12-24 06:00:00,1222.4000000000003
2020-12-24 14:00:00,1222.1000000000004
2020-12-24 15:00:00,1221.7000000000003
2020-12-24 16:00:00,1220.8000000000002
2020-12-24 17:00:00,1222.6000000000004
2020-12-24 18:00:00,1222.1000000000004
2020-12-28 06:00:00,1225.6000000000004
2020-12-28 14:00:00,1226.1000000000004
2020-12-28 15:00:00,1229.5000000000002
2020-12-28 16:00:00,1225.2000000000003
2020-12-28 17:00:00,1223.2000000000003
2020-12-28 19:00:00,1225.4000000000003
2020-12-28 20:00:00,1225.6000000000004
2020-12-29 06:00:00,1230.1000000000004
2020-12-29 14:00:00,1233.9000000000003
2020-12-29 15:00:00,1234.2000000000003
2020-12-29 16:00:00,1233.5000000000002
2020-12-29 17:00:00,1228.3000000000002
2020-12-29 18:00:00,1230.4000000000003
2020-12-29 19:00:00,1230.5000000000002
2020-12-29 20:00:00,1230.8000000000002
2020-12-29 21:00:00,1233.1000000000004
2020-12-30 06:00:00,1230.7000000000003
2020-12-30 14:00:00,1234.3000000000002
2020-12-30 15:00:00,1236.0000000000002
2020-12-30 16:00:00,1231.4000000000003
2020-12-30 17:00:00,1232.6000000000004
2020-12-30 18:00:00,1232.5000000000002
2020-12-30 19:00:00,1230.8000000000002
2020-12-30 20:00:00,1230.9000000000003
2020-12-31 06:00:00,1244.8000000000002
2020-12-31 14:00:00,1227.9000000000003
2020-12-31 15:00:00,1228.8000000000002
2020-12-31 16:00:00,1230.7000000000003
2020-12-31 17:00:00,1233.0000000000002
2020-12-31 18:00:00,1232.8000000000002
2020-12-31 19:00:00,1238.7000000000003
2020-12-31 20:00:00,1244.7000000000003
2021-01-04 06:00:00,1237.1000000000004
2021-01-04 14:00:00,1244.4000000000003
2021-01-04 15:00:00,1234.4000000000003
2021-01-04 16:00:00,1223.9000000000003
2021-01-04 17:00:00,1224.7000000000003
2021-01-04 18:00:00,1230.7000000000003
2021-01-04 19:00:00,1231.4000000000003
2021-01-04 20:00:00,1236.9000000000003
2021-01-04 21:00:00,1236.4000000000003
2021-01-05 06:00:00,1245.2000000000003
2021-01-05 14:00:00,1238.5000000000002
2021-01-05 15:00:00,1233.2000000000003
2021-01-05 16:00:00,1235.5000000000002
2021-01-05 17:00:00,1243.2000000000003
2021-01-05 18:00:00,1242.0000000000002
2021-01-05 19:00:00,1247.5000000000002
2021-01-05 20:00:00,1245.3000000000002
2021-01-05 21:00:00,1245.9000000000003
2021-01-06 06:00:00,1261.7000000000003
2021-01-06 08:00:00,1232.7000000000003
2021-01-06 14:00:00,1250.3000000000002
2021-01-06 15:00:00,1255.7000000000003
2021-01-06 16:00:00,1256.1000000000004
2021-01-06 17:00:00,1255.1000000000004
2021-01-06 18:00:00,1262.9000000000003
2021-01-06 19:00:00,1258.1000000000004
2021-01-06 20:00:00,1261.7000000000003
2021-01-07 06:00:00,1276.9000000000003
2021-01-07 14:00:00,1266.1000000000004
2021-01-07 15:00:00,1275.1000000000004
2021-01-07 16:00:00,1272.9000000000003
2021-01-07 17:00:00,1276.1000000000004
2021-01-07 18:00:00,1274.7000000000003
2021-01-07 19:00:00,1273.7000000000003
2021-01-07 20:00:00,1276.3000000000002
2021-01-08 06:00:00,1283.1000000000004
2021-01-08 14:00:00,1286.0000000000002
2021-01-08 15:00:00,1283.5000000000002
2021-01-08 16:00:00,1280.1000000000004
2021-01-08 17:00:00,1278.4000000000003
2021-01-08 18:00:00,1275.5000000000002
2021-01-08 19:00:00,1278.2000000000003
2021-01-08 20:00:00,1283.1000000000004
2021-01-11 06:00:00,1287.9000000000003
2021-01-11 14:00:00,1286.2000000000003
2021-01-11 15:00:00,1285.8000000000002
2021-01-11 16:00:00,1288.1000000000004
2021-01-11 17:00:00,1288.7000000000003
2021-01-11 18:00:00,1286.8000000000002
2021-01-11 19:00:00,1288.9000000000003
2021-01-11 20:00:00,1287.9000000000003
2021-01-11 21:00:00,1288.4000000000003
2021-01-12 06:00:00,1276.1000000000004
2021-01-12 14:00:00,1286.5000000000002
2021-01-12 15:00:00,1279.6000000000004
2021-01-12 16:00:00,1275.6000000000004
2021-01-12 17:00:00,1274.6000000000004
2021-01-12 18:00:00,1277.9000000000003
2021-01-12 19:00:00,1275.1000000000004
2021-01-12 20:00:00,1275.2000000000003
2021-01-13 06:00:00,1279.0000000000002
2021-01-13 14:00:00,1273.3000000000002
2021-01-13 15:00:00,1276.9000000000003
2021-01-13 16:00:00,1277.0000000000002
2021-01-13 17:00:00,1279.5000000000002
2021-01-13 18:00:00,1280.8000000000002
2021-01-13 19:00:00,1282.5000000000002
2021-01-13 20:00:00,1279.1000000000004
2021-01-13 21:00:00,1276.5000000000002
2021-01-14 06:00:00,1275.2000000000003
2021-01-14 14:00:00,1281.8000000000002
2021-01-14 15:00:00,1281.1000000000004
2021-01-14 16:00:00,1282.1000000000004
2021-01-14 17:00:00,1284.7000000000003
2021-01-14 18:00:00,1282.5000000000002
2021-01-14 19:00:00,1280.7000000000003
2021-01-14 20:00:00,1275.2000000000003
2021-01-15 06:00:00,1278.6000000000004
2021-01-15 14:00:00,1276.6000000000004
2021-01-15 15:00:00,1273.4000000000003
2021-01-15 16:00:00,1276.6000000000004
2021-01-15 17:00:00,1276.5000000000002
2021-01-15 18:00:00,1277.3000000000002
2021-01-15 19:00:00,1280.6000000000004
2021-01-15 20:00:00,1278.6000000000004
2021-01-19 06:00:00,1287.6000000000004
2021-01-19 14:00:00,1289.6000000000004
2021-01-19 15:00:00,1289.1000000000004
2021-01-19 16:00:00,1285.6000000000004
2021-01-19 17:00:00,1287.7000000000003
2021-01-19 18:00:00,1287.6000000000004
2021-01-19 19:00:00,1286.8000000000002
2021-01-19 20:00:00,1287.5000000000002
2021-01-20 06:00:00,1295.3000000000002
2021-01-20 14:00:00,1290.9000000000003
2021-01-20 15:00:00,1292.5000000000002
2021-01-20 16:00:00,1292.0000000000002
2021-01-20 17:00:00,1293.5000000000002
2021-01-20 18:00:00,1293.7000000000003
2021-01-20 19:00:00,1295.0000000000002
2021-01-20 20:00:00,1295.5000000000002
2021-01-21 06:00:00,1288.9000000000003
2021-01-21 14:00:00,1286.1000000000004
2021-01-21 15:00:00,1289.7000000000003
2021-01-21 16:00:00,1287.3000000000002
2021-01-21 17:00:00,1287.6000000000004
2021-01-21 18:00:00,1289.3000000000002
2021-01-21 19:00:00,1290.0000000000002
2021-01-21 20:00:00,1290.1000000000004
2021-01-22 06:00:00,1285.7000000000003
2021-01-22 14:00:00,1285.0000000000002
2021-01-22 15:00:00,1287.2000000000003
2021-01-22 16:00:00,1289.7000000000003
2021-01-22 17:00:00,1289.6000000000004
2021-01-22 18:00:00,1289.4000000000003
2021-01-22 19:00:00,1288.8000000000002
2021-01-22 20:00:00,1285.1000000000004
2021-01-25 06:00:00,1292.7000000000003
2021-01-25 08:00:00,1294.2000000000003
2021-01-25 14:00:00,1287.3000000000002
2021-01-25 15:00:00,1287.6000000000004
2021-01-25 16:00:00,1287.4000000000003
2021-01-25 17:00:00,1286.7000000000003
2021-01-25 18:00:00,1286.9000000000003
2021-01-25 19:00:00,1288.5000000000002
2021-01-25 20:00:00,1293.1000000000004
2021-01-26 06:00:00,1287.9000000000003
2021-01-26 14:00:00,1295.6000000000004
2021-01-26 15:00:00,1291.8000000000002
2021-01-26 16:00:00,1291.1000000000004
2021-01-26 18:00:00,1291.6000000000004
2021-01-26 19:00:00,1290.0000000000002
2021-01-26 20:00:00,1287.6000000000004
2021-01-26 21:00:00,1287.5000000000002
2021-01-27 06:00:00,1250.5000000000002
2021-01-27 14:00:00,1262.9000000000003
2021-01-27 15:00:00,1267.4000000000003
2021-01-27 16:00:00,1259.0000000000002
2021-01-27 17:00:00,1263.3000000000002
2021-01-27 18:00:00,1261.2000000000003
2021-01-27 19:00:00,1253.4000000000003
2021-01-27 20:00:00,1252.3000000000002
2021-01-28 06:00:00,1269.9000000000003
2021-01-28 08:00:00,1245.1000000000004
2021-01-28 14:00:00,1272.6000000000004
2021-01-28 15:00:00,1277.6000000000004
2021-01-28 16:00:00,1279.7000000000003
2021-01-28 17:00:00,1279.4000000000003
2021-01-28 18:00:00,1279.4000000000003
2021-01-28 19:00:00,1277.9000000000003
2021-01-28 20:00:00,1269.8000000000002
2021-01-29 06:00:00,1259.2000000000003
2021-01-29 14:00:00,1268.1000000000004
2021-01-29 15:00:00,1271.0000000000002
2021-01-29 16:00:00,1262.8000000000002
2021-01-29 17:00:00,1255.1000000000004
2021-01-29 18:00:00,1255.7000000000003
2021-01-29 19:00:00,1259.9000000000003
2021-01-29 20:00:00,1259.0000000000002
2021-02-01 06:00:00,1263.1000000000004
2021-02-01 14:00:00,1266.3000000000002
2021-02-01 15:00:00,1262.4000000000003
2021-02-01 16:00:00,1268.3000000000002
2021-02-01 17:00:00,1268.7000000000003
2021-02-01 18:00:00,1265.8000000000002
2021-02-01 19:00:00,1268.7000000000003
2021-02-01 20:00:00,1263.2000000000003
2021-02-02 06:00:00,1267.0000000000002
2021-02-02 14:00:00,1274.0000000000002
2021-02-02 15:00:00,1273.0000000000002
2021-02-02 16:00:00,1276.9000000000003
2021-02-02 17:00:00,1273.3000000000002
2021-02-02 18:00:00,1273.3000000000002
2021-02-02 19:00:00,1273.4000000000003
2021-02-02 20:00:00,1266.4000000000003
2021-02-02 21:00:00,1266.5000000000002
2021-02-03 06:00:00,1258.2000000000003
2021-02-03 14:00:00,1260.4000000000003
2021-02-03 15:00:00,1258.0000000000002
2021-02-03 16:00:00,1256.9000000000003
2021-02-03 17:00:00,1258.1000000000004
2021-02-03 18:00:00,1260.7000000000003
2021-02-03 19:00:00,1261.4000000000003
2021-02-03 20:00:00,1258.4000000000003
2021-02-03 21:00:00,1256.5000000000002
2021-02-04 06:00:00,1262.7000000000003
2021-02-04 14:00:00,1260.9000000000003
2021-02-04 15:00:00,1264.7000000000003
2021-02-04 16:00:00,1265.5000000000002
2021-02-04 17:00:00,1262.7000000000003
2021-02-04 18:00:00,1263.3000000000002
2021-02-04 19:00:00,1261.2000000000003
2021-02-04 20:00:00,1262.1000000000004
2021-02-05 06:00:00,1265.2000000000003
2021-02-05 14:00:00,1268.4000000000003
2021-02-05 15:00:00,1268.1000000000004
2021-02-05 16:00:00,1266.5000000000002
2021-02-05 17:00:00,1264.7000000000003
2021-02-05 18:00:00,1263.6000000000004
2021-02-05 19:00:00,1263.9000000000003
2021-02-05 20:00:00,1265.2000000000003
2021-02-08 06:00:00,1266.5000000000002
2021-02-08 14:00:00,1270.1000000000004
2021-02-08 15:00:00,1268.5000000000002
2021-02-08 16:00:00,1266.3000000000002
2021-02-08 17:00:00,1265.6000000000004
2021-02-08 18:00:00,1263.2000000000003
2021-02-08 19:00:00,1263.5000000000002
2021-02-08 20:00:00,1266.4000000000003
2021-02-08 21:00:00,1264.3000000000002
2021-02-09 06:00:00,1268.5000000000002
2021-02-09 14:00:00,1267.8000000000002
2021-02-09 15:00:00,1266.5000000000002
2021-02-09 16:00:00,1267.0000000000002
2021-02-09 17:00:00,1267.8000000000002
2021-02-09 18:00:00,1267.2000000000003
2021-02-09 19:00:00,1268.3000000000002
2021-02-09 20:00:00,1268.7000000000003
2021-02-10 06:00:00,1269.9000000000003
2021-02-10 14:00:00,1274.3000000000002
2021-02-10 15:00:00,1269.6000000000004
2021-02-10 16:00:00,1271.7000000000003
2021-02-10 17:00:00,1271.2000000000003
2021-02-10 18:00:00,1270.4000000000003
2021-02-10 19:00:00,1272.7000000000003
2021-02-10 20:00:00,1270.1000000000004
2021-02-11 06:00:00,1272.8000000000002
2021-02-11 14:00:00,1273.1000000000004
2021-02-11 15:00:00,1272.8000000000002
2021-02-11 16:00:00,1273.2000000000003
2021-02-11 17:00:00,1268.2000000000003
2021-02-11 18:00:00,1269.3000000000002
2021-02-11 19:00:00,1270.8000000000002
2021-02-11 20:00:00,1272.9000000000003
2021-02-12 06:00:00,1281.7000000000003
2021-02-12 14:00:00,1274.6000000000004
2021-02-12 15:00:00,1278.2000000000003
2021-02-12 16:00:00,1280.9000000000003
2021-02-12 17:00:00,1279.5000000000002
2021-02-12 18:00:00,1278.5000000000002
2021-02-12 19:00:00,1278.7000000000003
2021-02-12 20:00:00,1281.8000000000002
2021-02-16 06:00:00,1269.7000000000003
2021-02-16 14:00:00,1273.9000000000003
2021-02-16 15:00:00,1270.7000000000003
2021-02-16 16:00:00,1268.4000000000003
2021-02-16 17:00:00,1268.1000000000004
2021-02-16 18:00:00,1268.3000000000002
2021-02-16 19:00:00,1267.9000000000003
2021-02-16 20:00:00,1269.8000000000002
2021-02-17 06:00:00,1273.6000000000004
2021-02-17 14:00:00,1270.9000000000003
2021-02-17 15:00:00,1271.3000000000002
2021-02-17 16:00:00,1271.6000000000004
2021-02-17 17:00:00,1271.2000000000003
2021-02-17 18:00:00,1271.5000000000002
2021-02-17 19:00:00,1272.2000000000003
2021-02-17 20:00:00,1273.8000000000002
2021-02-18 06:00:00,1265.5000000000002
2021-02-18 14:00:00,1263.3000000000002
2021-02-18 15:00:00,1269.6000000000004
2021-02-18 16:00:00,1265.9000000000003
2021-02-18 17:00:00,1267.7000000000003
2021-02-18 18:00:00,1269.3000000000002
2021-02-18 19:00:00,1268.8000000000002
2021-02-18 20:00:00,1265.8000000000002
2021-02-19 06:00:00,1252.0000000000002
2021-02-19 14:00:00,1259.3000000000002
2021-02-19 15:00:00,1259.8000000000002
2021-02-19 16:00:00,1259.8000000000002
2021-02-19 17:00:00,1256.8000000000002
2021-02-19 18:00:00,1257.7000000000003
2021-02-19 19:00:00,1255.1000000000004
2021-02-19 20:00:00,1252.2000000000003
2021-02-22 06:00:00,1249.3000000000002
2021-02-22 14:00:00,1242.1000000000004
2021-02-22 15:00:00,1244.0000000000002
2021-02-22 16:00:00,1244.8000000000002
2021-02-22 17:00:00,1245.7000000000003
2021-02-22 18:00:00,1250.6000000000004
2021-02-22 19:00:00,1251.4000000000003
2021-02-22 20:00:00,1249.5000000000002
2021-02-23 06:00:00,1247.8000000000002
2021-02-23 14:00:00,1249.3000000000002
2021-02-23 15:00:00,1245.2000000000003
2021-02-23 16:00:00,1244.4000000000003
2021-02-23 17:00:00,1242.7000000000003
2021-02-23 18:00:00,1246.3000000000002
2021-02-23 19:00:00,1246.3000000000002
2021-02-23 20:00:00,1247.4000000000003
2021-02-24 06:00:00,1256.1000000000004
2021-02-24 14:00:00,1247.1000000000004
2021-02-24 15:00:00,1252.8000000000002
2021-02-24 16:00:00,1256.4000000000003
2021-02-24 17:00:00,1257.4000000000003
2021-02-24 18:00:00,1261.8000000000002
2021-02-24 19:00:00,1256.9000000000003
2021-02-24 20:00:00,1256.0000000000002
2021-02-25 06:00:00,1244.4000000000003
2021-02-25 14:00:00,1256.6000000000004
2021-02-25 15:00:00,1251.5000000000002
2021-02-25 16:00:00,1249.6000000000004
2021-02-25 17:00:00,1243.4000000000003
2021-02-25 18:00:00,1241.7000000000003
2021-02-25 19:00:00,1243.6000000000004
2021-02-25 20:00:00,1244.6000000000004
2021-02-25 21:00:00,1244.7000000000003
2021-02-26 06:00:00,1234.5000000000002
2021-02-26 14:00:00,1240.8000000000002
2021-02-26 15:00:00,1240.4000000000003
2021-02-26 16:00:00,1239.6000000000004
2021-02-26 17:00:00,1242.1000000000004
2021-02-26 18:00:00,1237.6000000000004
2021-02-26 19:00:00,1238.2000000000003
2021-02-26 20:00:00,1234.0000000000002
2021-03-01 06:00:00,1248.4000000000003
2021-03-01 14:00:00,1249.5000000000002
2021-03-01 15:00:00,1251.3000000000002
2021-03-01 16:00:00,1250.9000000000003
2021-03-01 17:00:00,1251.3000000000002
2021-03-01 18:00:00,1251.8000000000002
2021-03-01 19:00:00,1252.9000000000003
2021-03-01 20:00:00,1248.1000000000004
2021-03-02 06:00:00,1245.7000000000003
2021-03-02 14:00:00,1252.7000000000003
2021-03-02 15:00:00,1245.9000000000003
2021-03-02 16:00:00,1245.6000000000004
2021-03-02 17:00:00,1249.4000000000003
2021-03-02 18:00:00,1250.6000000000004
2021-03-02 19:00:00,1250.9000000000003
2021-03-02 20:00:00,1245.3000000000002
2021-03-03 06:00:00,1230.6000000000004
2021-03-03 14:00:00,1233.4000000000003
2021-03-03 15:00:00,1231.2000000000003
2021-03-03 16:00:00,1237.2000000000003
2021-03-03 17:00:00,1234.3000000000002
2021-03-03 18:00:00,1234.8000000000002
2021-03-03 19:00:00,1235.4000000000003
2021-03-03 20:00:00,1231.4000000000003
2021-03-04 06:00:00,1214.2000000000003
2021-03-04 14:00:00,1232.5000000000002
2021-03-04 15:00:00,1230.9000000000003
2021-03-04 16:00:00,1234.5000000000002
2021-03-04 17:00:00,1217.7000000000003
2021-03-04 18:00:00,1208.9000000000003
2021-03-04 19:00:00,1218.8000000000002
2021-03-04 20:00:00,1214.0000000000002
2021-03-04 21:00:00,1217.9000000000003
2021-03-05 06:00:00,1238.1000000000004
2021-03-05 14:00:00,1217.0000000000002
2021-03-05 15:00:00,1216.7000000000003
2021-03-05 16:00:00,1218.4000000000003
2021-03-05 17:00:00,1224.2000000000003
2021-03-05 18:00:00,1230.3000000000002
2021-03-05 19:00:00,1233.7000000000003
2021-03-05 20:00:00,1237.4000000000003
2021-03-08 06:00:00,1235.5000000000002
2021-03-08 14:00:00,1237.2000000000003
2021-03-08 15:00:00,1248.9000000000003
2021-03-08 16:00:00,1247.8000000000002
2021-03-08 17:00:00,1251.5000000000002
2021-03-08 18:00:00,1251.5000000000002
2021-03-08 19:00:00,1245.4000000000003
2021-03-08 20:00:00,1235.3000000000002
2021-03-09 06:00:00,1241.8000000000002
2021-03-09 14:00:00,1257.6000000000004
2021-03-09 15:00:00,1256.8000000000002
2021-03-09 16:00:00,1253.4000000000003
2021-03-09 17:00:00,1254.9000000000003
2021-03-09 18:00:00,1252.2000000000003
2021-03-09 19:00:00,1249.6000000000004
2021-03-09 20:00:00,1241.1000000000004
2021-03-10 06:00:00,1244.5000000000002
2021-03-10 14:00:00,1250.1000000000004
2021-03-10 15:00:00,1250.8000000000002
2021-03-10 16:00:00,1254.6000000000004
2021-03-10 17:00:00,1255.1000000000004
2021-03-10 18:00:00,1247.6000000000004
2021-03-10 19:00:00,1247.5000000000002
2021-03-10 20:00:00,1244.6000000000004
2021-03-11 06:00:00,1251.4000000000003
2021-03-12 06:00:00,1254.7000000000003
2021-03-12 14:00:00,1250.9000000000003
2021-03-12 15:00:00,1250.7000000000003
2021-03-12 16:00:00,1251.1000000000004
2021-03-12 17:00:00,1248.6000000000004
2021-03-12 18:00:00,1248.8000000000004
2021-03-12 19:00:00,1253.0000000000002
2021-03-12 20:00:00,1254.7000000000003
2021-03-15 05:00:00,1261.7000000000003
2021-03-15 13:00:00,1255.9000000000003
2021-03-15 14:00:00,1252.5000000000002
2021-03-15 15:00:00,1254.4000000000003
2021-03-15 16:00:00,1256.9000000000003
2021-03-15 17:00:00,1257.8000000000004
2021-03-15 18:00:00,1259.2000000000003
2021-03-15 19:00:00,1261.0000000000002
2021-03-16 05:00:00,1261.5000000000002
2021-03-16 13:00:00,1264.7000000000003
2021-03-16 14:00:00,1262.2000000000003
2021-03-16 15:00:00,1259.9000000000003
2021-03-16 16:00:00,1259.0000000000002
2021-03-16 17:00:00,1258.5000000000002
2021-03-16 18:00:00,1258.5000000000002
2021-03-16 19:00:00,1261.7000000000003
2021-03-17 05:00:00,1256.5000000000002
2021-03-17 13:00:00,1251.9000000000003
2021-03-17 14:00:00,1253.9000000000003
2021-03-17 15:00:00,1257.7000000000003
2021-03-17 16:00:00,1256.4000000000003
2021-03-17 17:00:00,1256.3000000000004
2021-03-17 18:00:00,1259.0000000000002
2021-03-17 19:00:00,1256.8000000000004
2021-03-17 20:00:00,1256.7000000000003
2021-03-18 05:00:00,1254.5000000000002
2021-03-18 13:00:00,1257.8000000000004
2021-03-18 14:00:00,1257.9000000000003
2021-03-18 15:00:00,1261.1000000000004
2021-03-18 16:00:00,1260.2000000000003
2021-03-18 17:00:00,1262.5000000000002
2021-03-18 18:00:00,1257.4000000000003
2021-03-18 19:00:00,1254.4000000000003
2021-03-18 20:00:00,1269.4000000000003
2021-03-19 05:00:00,1258.6000000000004
2021-03-19 13:00:00,1251.1000000000004
2021-03-19 14:00:00,1255.8000000000004
2021-03-19 15:00:00,1259.1000000000004
2021-03-19 16:00:00,1258.8000000000004
2021-03-19 17:00:00,1260.6000000000004
2021-03-19 18:00:00,1262.5000000000002
2021-03-19 19:00:00,1258.3000000000004
2021-03-22 05:00:00,1269.1000000000004
2021-03-22 13:00:00,1261.0000000000002
2021-03-22 14:00:00,1264.4000000000003
2021-03-22 15:00:00,1264.8000000000004
2021-03-22 16:00:00,1266.3000000000004
2021-03-22 17:00:00,1266.1000000000004
2021-03-22 18:00:00,1267.9000000000003
2021-03-22 19:00:00,1269.2000000000003
2021-03-23 05:00:00,1256.9000000000003
2021-03-23 13:00:00,1261.3000000000004
2021-03-23 14:00:00,1263.1000000000004
2021-03-23 15:00:00,1265.6000000000004
2021-03-23 16:00:00,1264.6000000000004
2021-03-23 17:00:00,1263.6000000000004
2021-03-23 18:00:00,1260.9000000000003
2021-03-23 19:00:00,1257.3000000000004
2021-03-24 05:00:00,1257.2000000000003
2021-03-24 13:00:00,1260.4000000000003
2021-03-24 14:00:00,1260.1000000000004
2021-03-24 15:00:00,1262.6000000000004
2021-03-24 16:00:00,1260.8000000000004
2021-03-24 17:00:00,1259.6000000000004
2021-03-24 18:00:00,1261.0000000000002
2021-03-24 19:00:00,1257.2000000000003
2021-03-24 20:00:00,1255.8000000000004
2021-03-25 05:00:00,1260.7000000000003
2021-03-25 13:00:00,1251.4000000000003
2021-03-25 14:00:00,1248.4000000000003
2021-03-25 15:00:00,1248.1000000000004
2021-03-25 16:00:00,1251.2000000000003
2021-03-25 17:00:00,1253.7000000000003
2021-03-25 18:00:00,1256.3000000000004
2021-03-25 19:00:00,1260.8000000000004
2021-03-26 05:00:00,1283.0000000000002
2021-03-26 13:00:00,1264.2000000000003
2021-03-26 14:00:00,1263.7000000000003
2021-03-26 15:00:00,1266.9000000000003
2021-03-26 16:00:00,1271.7000000000003
2021-03-26 17:00:00,1272.4000000000003
2021-03-26 18:00:00,1275.2000000000003
2021-03-26 19:00:00,1282.9000000000003
2021-03-29 05:00:00,1286.8000000000004
2021-03-29 13:00:00,1278.4000000000003
2021-03-29 14:00:00,1278.8000000000004
2021-03-29 15:00:00,1285.3000000000004
2021-03-29 16:00:00,1290.6000000000004
2021-03-29 17:00:00,1290.7000000000003
2021-03-29 18:00:00,1289.6000000000004
2021-03-29 19:00:00,1287.3000000000004
2021-03-30 05:00:00,1277.2000000000003
2021-03-30 13:00:00,1279.6000000000004
2021-03-30 14:00:00,1279.1000000000004
2021-03-30 15:00:00,1280.6000000000004
2021-03-30 16:00:00,1278.3000000000004
2021-03-30 17:00:00,1279.2000000000003
2021-03-30 18:00:00,1280.7000000000003
2021-03-30 19:00:00,1277.5000000000002
2021-03-31 05:00:00,1279.5000000000002
2021-03-31 13:00:00,1278.1000000000004
2021-03-31 14:00:00,1283.3000000000004
2021-03-31 15:00:00,1284.3000000000004
2021-03-31 16:00:00,1285.2000000000003
2021-03-31 17:00:00,1285.5000000000002
2021-03-31 18:00:00,1283.9000000000003
2021-03-31 19:00:00,1279.7000000000003
2021-04-01 05:00:00,1276.3000000000004
2021-04-01 13:00:00,1275.2000000000003
2021-04-01 14:00:00,1280.3000000000004
2021-04-01 15:00:00,1280.3000000000004
2021-04-01 16:00:00,1279.4000000000003
2021-04-01 17:00:00,1278.3000000000004
2021-04-01 18:00:00,1276.8000000000004
2021-04-01 19:00:00,1276.4000000000003
2021-04-05 05:00:00,1283.8000000000004
2021-04-05 13:00:00,1282.7000000000003
2021-04-05 14:00:00,1283.6000000000004
2021-04-05 15:00:00,1285.1000000000004
2021-04-05 16:00:00,1285.4000000000003
2021-04-05 17:00:00,1283.7000000000003
2021-04-05 18:00:00,1283.4000000000003
2021-04-05 19:00:00,1284.5000000000002
2021-04-06 05:00:00,1279.3000000000004
2021-04-06 13:00:00,1283.8000000000004
2021-04-06 14:00:00,1285.8000000000004
2021-04-06 15:00:00,1286.0000000000002
2021-04-06 16:00:00,1288.2000000000003
2021-04-06 17:00:00,1284.8000000000004
2021-04-06 18:00:00,1282.5000000000002
2021-04-06 19:00:00,1279.8000000000004
2021-04-07 05:00:00,1276.3000000000004
2021-04-07 13:00:00,1279.5000000000002
2021-04-07 14:00:00,1279.5000000000002
2021-04-07 15:00:00,1277.0000000000002
2021-04-07 16:00:00,1274.5000000000002
2021-04-07 17:00:00,1274.2000000000003
2021-04-07 18:00:00,1274.2000000000003
2021-04-07 19:00:00,1276.4000000000003
2021-04-08 05:00:00,1277.8000000000004
2021-04-08 13:00:00,1283.2000000000003
2021-04-08 14:00:00,1281.4000000000003
2021-04-08 15:00:00,1280.5000000000002
2021-04-08 16:00:00,1281.0000000000002
2021-04-08 17:00:00,1279.9000000000003
2021-04-08 18:00:00,1279.4000000000003
2021-04-08 19:00:00,1277.8000000000004
2021-04-08 20:00:00,1278.4000000000003
2021-04-09 05:00:00,1291.5000000000002
2021-04-09 13:00:00,1282.9000000000003
2021-04-09 14:00:00,1281.5000000000002
2021-04-09 15:00:00,1282.8000000000004
2021-04-09 16:00:00,1282.4000000000003
2021-04-09 17:00:00,1282.8000000000004
2021-04-09 18:00:00,1285.2000000000003
2021-04-09 19:00:00,1291.4000000000003
2021-04-12 05:00:00,1292.0000000000002
2021-04-12 13:00:00,1292.3000000000004
2021-04-12 14:00:00,1289.7000000000003
2021-04-12 15:00:00,1292.6000000000004
2021-04-12 16:00:00,1294.3000000000004
2021-04-12 17:00:00,1292.5000000000002
2021-04-12 18:00:00,1292.0000000000002
2021-04-12 19:00:00,1292.0000000000002
2021-04-13 05:00:00,1297.8000000000004
2021-04-13 13:00:00,1297.3000000000004
2021-04-13 14:00:00,1294.9000000000003
2021-04-13 15:00:00,1294.1000000000004
2021-04-13 16:00:00,1293.9000000000003
2021-04-13 17:00:00,1294.3000000000004
2021-04-13 18:00:00,1294.3000000000004
2021-04-13 19:00:00,1297.9000000000003
2021-04-14 05:00:00,1296.9000000000003
2021-04-14 13:00:00,1299.2000000000003
2021-04-14 14:00:00,1298.4000000000003
2021-04-14 15:00:00,1297.7000000000003
2021-04-14 16:00:00,1297.9000000000003
2021-04-14 17:00:00,1297.7000000000003
2021-04-14 18:00:00,1295.9000000000003
2021-04-14 19:00:00,1297.3000000000004
2021-04-15 05:00:00,1318.1000000000004
2021-04-15 13:00:00,1313.4000000000003
2021-04-15 14:00:00,1318.6000000000004
2021-04-15 15:00:00,1319.0000000000002
2021-04-15 16:00:00,1317.5000000000002
2021-04-15 17:00:00,1319.6000000000004
2021-04-15 18:00:00,1318.3000000000004
2021-04-15 19:00:00,1318.1000000000004
2021-04-16 05:00:00,1327.1000000000004
2021-04-16 13:00:00,1322.5000000000002
2021-04-16 14:00:00,1322.2000000000003
2021-04-16 15:00:00,1323.2000000000003
2021-04-16 16:00:00,1323.4000000000003
2021-04-16 17:00:00,1323.7000000000003
2021-04-16 18:00:00,1325.8000000000004
2021-04-16 19:00:00,1327.0000000000002
2021-04-19 05:00:00,1326.2000000000003
2021-04-19 13:00:00,1325.0000000000002
2021-04-19 14:00:00,1324.4000000000003
2021-04-19 15:00:00,1325.0000000000002
2021-04-19 16:00:00,1325.8000000000004
2021-04-19 17:00:00,1324.2000000000003
2021-04-19 18:00:00,1325.8000000000004
2021-04-19 19:00:00,1326.0000000000002
2021-04-20 05:00:00,1331.9000000000003
2021-04-20 13:00:00,1331.3000000000004
2021-04-20 14:00:00,1331.1000000000004
2021-04-20 15:00:00,1330.4000000000003
2021-04-20 16:00:00,1334.4000000000003
2021-04-20 17:00:00,1334.8000000000004
2021-04-20 18:00:00,1332.8000000000004
2021-04-20 19:00:00,1332.2000000000003
2021-04-21 05:00:00,1346.1000000000004
2021-04-21 13:00:00,1342.5000000000002
2021-04-21 14:00:00,1341.4000000000003
2021-04-21 15:00:00,1344.2000000000003
2021-04-21 16:00:00,1343.6000000000004
2021-04-21 17:00:00,1344.1000000000004
2021-04-21 18:00:00,1345.7000000000003
2021-04-21 19:00:00,1346.2000000000003
2021-04-22 05:00:00,1341.4000000000003
2021-04-22 13:00:00,1340.0000000000002
2021-04-22 14:00:00,1342.6000000000004
2021-04-22 15:00:00,1347.3000000000004
2021-04-22 16:00:00,1348.1000000000004
2021-04-22 17:00:00,1338.2000000000003
2021-04-22 18:00:00,1342.8000000000004
2021-04-22 19:00:00,1341.3000000000004
2021-04-23 05:00:00,1349.0000000000002
2021-04-23 13:00:00,1342.9000000000003
2021-04-23 14:00:00,1347.7000000000003
2021-04-23 15:00:00,1346.9000000000003
2021-04-23 16:00:00,1347.0000000000002
2021-04-23 17:00:00,1349.5000000000002
2021-04-23 18:00:00,1349.3000000000004
2021-04-23 19:00:00,1347.9000000000003
2021-04-26 05:00:00,1344.6000000000004
2021-04-26 13:00:00,1344.8000000000004
2021-04-26 14:00:00,1346.5000000000002
2021-04-26 15:00:00,1346.5000000000002
2021-04-26 16:00:00,1347.3000000000004
2021-04-26 17:00:00,1347.3000000000004
2021-04-26 19:00:00,1344.3000000000004
2021-04-27 05:00:00,1338.4000000000003
2021-04-27 12:00:00,1344.1000000000004
2021-04-27 13:00:00,1336.4000000000003
2021-04-27 14:00:00,1338.3000000000004
2021-04-27 15:00:00,1338.4000000000003
2021-04-27 16:00:00,1339.3000000000004
2021-04-27 17:00:00,1341.1000000000004
2021-04-27 18:00:00,1340.8000000000004
2021-04-27 19:00:00,1337.6000000000004
2021-04-28 05:00:00,1334.2000000000003
2021-04-28 13:00:00,1334.7000000000003
2021-04-28 14:00:00,1335.9000000000003
2021-04-28 15:00:00,1333.1000000000004
2021-04-28 16:00:00,1333.1000000000004
2021-04-28 17:00:00,1333.5000000000002
2021-04-28 18:00:00,1335.2000000000003
2021-04-28 19:00:00,1334.4000000000003
2021-04-29 05:00:00,1328.9000000000003
2021-04-29 13:00:00,1328.9000000000003
2021-04-29 14:00:00,1323.7000000000003
2021-04-29 15:00:00,1325.6000000000004
2021-04-29 16:00:00,1325.5000000000002
2021-04-29 17:00:00,1324.4000000000003
2021-04-29 18:00:00,1327.7000000000003
2021-04-29 19:00:00,1328.6000000000004
2021-04-30 05:00:00,1324.7000000000003
2021-04-30 13:00:00,1330.2000000000003
2021-04-30 14:00:00,1324.6000000000004
2021-04-30 15:00:00,1324.9000000000003
2021-04-30 16:00:00,1324.8000000000004
2021-04-30 17:00:00,1325.9000000000003
2021-04-30 18:00:00,1323.5000000000002
2021-04-30 19:00:00,1325.2000000000003
2021-04-30 20:00:00,1325.3000000000004
2021-05-03 05:00:00,1339.2000000000003
2021-05-03 07:00:00,1333.4000000000003
2021-05-03 13:00:00,1334.6000000000004
2021-05-03 14:00:00,1336.3000000000004
2021-05-03 15:00:00,1340.0000000000002
2021-05-03 16:00:00,1338.9000000000003
2021-05-03 17:00:00,1338.8000000000004
2021-05-03 18:00:00,1338.9000000000003
2021-05-03 19:00:00,1338.4000000000003
2021-05-04 05:00:00,1340.1000000000004
2021-05-04 13:00:00,1336.7000000000003
2021-05-04 14:00:00,1335.5000000000002
2021-05-04 15:00:00,1333.6000000000004
2021-05-04 16:00:00,1335.4000000000003
2021-05-04 17:00:00,1336.2000000000003
2021-05-04 18:00:00,1336.3000000000004
2021-05-04 19:00:00,1340.3000000000004
2021-05-05 05:00:00,1342.5000000000002
2021-05-05 13:00:00,1339.7000000000003
2021-05-05 14:00:00,1339.3000000000004
2021-05-05 15:00:00,1341.7000000000003
2021-05-05 16:00:00,1342.3000000000004
2021-05-05 17:00:00,1345.4000000000003
2021-05-05 18:00:00,1345.8000000000004
2021-05-05 19:00:00,1342.4000000000003
2021-05-06 05:00:00,1343.9000000000003
2021-05-06 13:00:00,1337.5000000000002
2021-05-06 14:00:00,1331.9000000000003
2021-05-06 15:00:00,1334.0000000000002
2021-05-06 16:00:00,1335.9000000000003
2021-05-06 17:00:00,1336.5000000000002
2021-05-06 18:00:00,1336.4000000000003
2021-05-06 19:00:00,1344.4000000000003
2021-05-06 20:00:00,1345.9000000000003
2021-05-07 05:00:00,1352.7000000000003
2021-05-07 13:00:00,1357.8000000000004
2021-05-07 14:00:00,1359.0000000000002
2021-05-07 15:00:00,1354.7000000000003
2021-05-07 16:00:00,1353.0000000000002
2021-05-07 17:00:00,1352.3000000000004
2021-05-07 18:00:00,1353.1000000000004
2021-05-07 19:00:00,1352.5000000000002
2021-05-07 20:00:00,1351.4000000000003
2021-05-10 05:00:00,1354.7000000000003
2021-05-10 12:00:00,1346.3000000000004
2021-05-10 13:00:00,1360.9000000000003
2021-05-10 14:00:00,1359.1000000000004
2021-05-10 15:00:00,1362.6000000000004
2021-05-10 16:00:00,1363.8000000000004
2021-05-10 17:00:00,1364.0000000000002
2021-05-10 18:00:00,1357.9000000000003
2021-05-10 19:00:00,1354.7000000000003
2021-05-11 05:00:00,1341.5000000000002
2021-05-11 12:00:00,1360.9000000000003
2021-05-11 13:00:00,1346.6000000000004
2021-05-11 14:00:00,1343.5000000000002
2021-05-11 15:00:00,1344.3000000000004
2021-05-11 16:00:00,1342.0000000000002
2021-05-11 17:00:00,1344.0000000000002
2021-05-11 18:00:00,1343.1000000000004
2021-05-11 19:00:00,1341.4000000000003
2021-05-12 05:00:00,1329.2000000000003
2021-05-12 13:00:00,1338.8000000000004
2021-05-12 14:00:00,1337.0000000000002
2021-05-12 15:00:00,1333.9000000000003
2021-05-12 16:00:00,1334.4000000000003
2021-05-12 17:00:00,1333.4000000000003
2021-05-12 18:00:00,1336.5000000000002
2021-05-12 19:00:00,1329.1000000000004
2021-05-13 05:00:00,1341.1000000000004
2021-05-13 13:00:00,1333.9000000000003
2021-05-13 14:00:00,1341.5000000000002
2021-05-13 15:00:00,1345.2000000000003
2021-05-13 16:00:00,1343.0000000000002
2021-05-13 17:00:00,1339.1000000000004
2021-05-13 18:00:00,1343.6000000000004
2021-05-13 19:00:00,1340.6000000000004
2021-05-13 20:00:00,1339.5000000000002
2021-05-14 05:00:00,1346.4000000000003
2021-05-14 13:00:00,1346.3000000000004
2021-05-14 14:00:00,1347.4000000000003
2021-05-14 15:00:00,1350.9000000000003
2021-05-14 16:00:00,1349.7000000000003
2021-05-14 17:00:00,1349.6000000000004
2021-05-14 18:00:00,1348.4000000000003
2021-05-14 19:00:00,1346.4000000000003
2021-05-17 05:00:00,1344.5000000000002
2021-05-17 13:00:00,1348.4000000000003
2021-05-17 14:00:00,1345.6000000000004
2021-05-17 15:00:00,1347.1000000000004
2021-05-17 16:00:00,1348.4000000000003
2021-05-17 17:00:00,1345.9000000000003
2021-05-17 18:00:00,1347.5000000000002
2021-05-17 19:00:00,1344.6000000000004
2021-05-18 05:00:00,1344.0000000000002
2021-05-18 13:00:00,1341.4000000000003
2021-05-18 14:00:00,1344.1000000000004
2021-05-18 15:00:00,1346.1000000000004
2021-05-18 16:00:00,1349.2000000000003
2021-05-18 17:00:00,1351.6000000000004
2021-05-18 18:00:00,1348.6000000000004
2021-05-18 19:00:00,1344.0000000000002
2021-05-19 05:00:00,1343.3000000000004
2021-05-19 12:00:00,1350.4000000000003
2021-05-19 13:00:00,1334.0000000000002
2021-05-19 14:00:00,1333.9000000000003
2021-05-19 15:00:00,1335.7000000000003
2021-05-19 16:00:00,1338.8000000000004
2021-05-19 17:00:00,1339.8000000000004
2021-05-19 18:00:00,1338.0000000000002
2021-05-19 19:00:00,1343.0000000000002
2021-05-20 05:00:00,1355.7000000000003
2021-05-20 13:00:00,1349.1000000000004
2021-05-20 14:00:00,1352.7000000000003
2021-05-20 15:00:00,1360.5000000000002
2021-05-20 16:00:00,1359.2000000000003
2021-05-20 17:00:00,1359.2000000000003
2021-05-20 18:00:00,1358.1000000000004
2021-05-20 19:00:00,1355.9000000000003
2021-05-21 05:00:00,1355.5000000000002
2021-05-21 13:00:00,1366.6000000000004
2021-05-21 14:00:00,1366.5000000000002
2021-05-21 15:00:00,1365.1000000000004
2021-05-21 16:00:00,1359.9000000000003
2021-05-21 17:00:00,1358.4000000000003
2021-05-21 18:00:00,1357.6000000000004
2021-05-21 19:00:00,1355.4000000000003
2021-05-24 05:00:00,1357.2000000000003
2021-05-24 13:00:00,1359.4000000000003
2021-05-24 14:00:00,1364.6000000000004
2021-05-24 15:00:00,1362.4000000000003
2021-05-24 16:00:00,1359.7000000000003
2021-05-24 17:00:00,1360.2000000000003
2021-05-24 18:00:00,1360.3000000000004
2021-05-24 19:00:00,1357.3000000000004
2021-05-25 05:00:00,1353.1000000000004
2021-05-25 13:00:00,1354.9000000000003
2021-05-25 14:00:00,1354.0000000000002
2021-05-25 15:00:00,1355.7000000000003
2021-05-25 16:00:00,1356.1000000000004
2021-05-25 17:00:00,1353.1000000000004
2021-05-25 18:00:00,1353.0000000000002
2021-05-25 19:00:00,1352.9000000000003
2021-05-26 05:00:00,1346.5000000000002
2021-05-26 13:00:00,1340.9000000000003
2021-05-26 14:00:00,1345.0000000000002
2021-05-26 15:00:00,1347.0000000000002
2021-05-26 16:00:00,1348.3000000000004
2021-05-26 17:00:00,1347.4000000000003
2021-05-26 18:00:00,1344.9000000000003
2021-05-26 19:00:00,1346.5000000000002
2021-05-27 05:00:00,1343.8000000000004
2021-05-27 13:00:00,1346.5000000000002
2021-05-27 14:00:00,1347.2000000000003
2021-05-27 15:00:00,1346.7000000000003
2021-05-27 16:00:00,1346.1000000000004
2021-05-27 17:00:00,1344.4000000000003
2021-05-27 18:00:00,1343.6000000000004
2021-05-27 19:00:00,1343.2000000000003
2021-05-28 05:00:00,1347.7000000000003
2021-05-28 13:00:00,1354.9000000000003
2021-05-28 14:00:00,1355.8000000000004
2021-05-28 15:00:00,1353.9000000000003
2021-05-28 16:00:00,1350.8000000000004
2021-05-28 17:00:00,1349.2000000000003
2021-05-28 18:00:00,1348.7000000000003
2021-05-28 19:00:00,1347.7000000000003
2021-05-28 20:00:00,1348.3000000000004
2021-06-01 05:00:00,1327.2000000000003
2021-06-01 13:00:00,1337.9000000000003
2021-06-01 14:00:00,1331.3000000000004
2021-06-01 15:00:00,1331.1000000000004
2021-06-01 16:00:00,1328.0000000000002
2021-06-01 17:00:00,1330.6000000000004
2021-06-01 18:00:00,1330.9000000000003
2021-06-01 19:00:00,1327.1000000000004
2021-06-02 05:00:00,1324.3000000000004
2021-06-02 13:00:00,1331.4000000000003
2021-06-02 14:00:00,1328.1000000000004
2021-06-02 15:00:00,1327.1000000000004
2021-06-02 16:00:00,1326.5000000000002
2021-06-02 17:00:00,1326.2000000000003
2021-06-02 18:00:00,1323.2000000000003
2021-06-02 19:00:00,1324.2000000000003
2021-06-02 20:00:00,1325.0000000000002
2021-06-03 05:00:00,1329.6000000000004
2021-06-03 13:00:00,1319.7000000000003
2021-06-03 14:00:00,1324.6000000000004
2021-06-03 15:00:00,1325.6000000000004
2021-06-03 16:00:00,1326.6000000000004
2021-06-03 17:00:00,1327.7000000000003
2021-06-03 18:00:00,1328.0000000000002
2021-06-03 19:00:00,1329.6000000000004
2021-06-03 20:00:00,1329.6000000000004
2021-06-04 05:00:00,1333.4000000000003
2021-06-04 13:00:00,1334.6000000000004
2021-06-04 14:00:00,1338.7000000000003
2021-06-04 15:00:00,1337.2000000000003
2021-06-04 16:00:00,1335.4000000000003
2021-06-04 17:00:00,1334.7000000000003
2021-06-04 18:00:00,1334.7000000000003
2021-06-04 19:00:00,1333.6000000000004
2021-06-04 20:00:00,1333.0000000000002
2021-06-07 05:00:00,1337.4000000000003
2021-06-07 13:00:00,1334.4000000000003
2021-06-07 14:00:00,1339.8000000000004
2021-06-07 15:00:00,1344.7000000000003
2021-06-07 16:00:00,1345.1000000000004
2021-06-07 17:00:00,1341.9000000000003
2021-06-07 18:00:00,1339.8000000000004
2021-06-07 19:00:00,1337.0000000000002
2021-06-08 05:00:00,1333.1000000000004
2021-06-08 13:00:00,1335.1000000000004
2021-06-08 14:00:00,1326.9000000000003
2021-06-08 15:00:00,1325.4000000000003
2021-06-08 16:00:00,1330.9000000000003
2021-06-08 17:00:00,1330.9000000000003
2021-06-08 19:00:00,1333.4000000000003
2021-06-09 05:00:00,1345.8000000000004
2021-06-09 13:00:00,1345.2000000000003
2021-06-09 14:00:00,1345.2000000000003
2021-06-09 15:00:00,1342.9000000000003
2021-06-09 16:00:00,1344.0000000000002
2021-06-09 17:00:00,1346.0000000000002
2021-06-09 18:00:00,1345.9000000000003
2021-06-09 19:00:00,1345.5000000000002
2021-06-10 05:00:00,1366.6000000000004
2021-06-10 13:00:00,1360.6000000000004
2021-06-10 14:00:00,1357.7000000000003
2021-06-10 15:00:00,1361.3000000000004
2021-06-10 16:00:00,1365.5000000000002
2021-06-10 17:00:00,1366.5000000000002
2021-06-10 18:00:00,1366.1000000000004
2021-06-10 19:00:00,1366.5000000000002
2021-06-11 05:00:00,1357.1000000000004
2021-06-11 13:00:00,1360.0000000000005
2021-06-11 14:00:00,1357.2000000000005
2021-06-11 15:00:00,1352.9000000000003
2021-06-11 19:00:00,1355.6000000000004
2021-06-14 05:00:00,1358.7000000000005
2021-06-14 13:00:00,1352.7000000000005
2021-06-14 14:00:00,1350.2000000000005
2021-06-14 15:00:00,1352.4000000000003
2021-06-14 16:00:00,1352.0000000000005
2021-06-14 17:00:00,1353.2000000000005
2021-06-14 18:00:00,1354.8000000000004
2021-06-14 19:00:00,1358.7000000000005
2021-06-15 05:00:00,1358.5000000000005
2021-06-15 13:00:00,1358.7000000000005
2021-06-15 14:00:00,1355.6000000000004
2021-06-15 15:00:00,1354.9000000000003
2021-06-15 16:00:00,1356.6000000000004
2021-06-15 17:00:00,1357.3000000000004
2021-06-15 18:00:00,1358.6000000000004
2021-06-15 19:00:00,1358.5000000000005
2021-06-16 05:00:00,1353.6000000000004
2021-06-16 13:00:00,1365.8000000000004
2021-06-16 14:00:00,1364.5000000000005
2021-06-16 15:00:00,1362.6000000000004
2021-06-16 16:00:00,1361.8000000000004
2021-06-16 17:00:00,1360.9000000000003
2021-06-16 18:00:00,1352.8000000000004
2021-06-16 19:00:00,1353.5000000000005
2021-06-17 05:00:00,1363.8000000000004
2021-06-17 13:00:00,1353.4000000000003
2021-06-17 14:00:00,1359.2000000000005
2021-06-17 15:00:00,1358.6000000000004
2021-06-17 16:00:00,1359.1000000000004
2021-06-17 17:00:00,1361.5000000000005
2021-06-17 18:00:00,1362.2000000000005
2021-06-17 19:00:00,1364.0000000000005
2021-06-18 05:00:00,1347.7000000000005
2021-06-18 13:00:00,1352.3000000000004
2021-06-18 14:00:00,1350.8000000000004
2021-06-18 15:00:00,1352.9000000000003
2021-06-18 16:00:00,1352.3000000000004
2021-06-18 17:00:00,1351.5000000000005
2021-06-18 18:00:00,1353.0000000000005
2021-06-18 19:00:00,1347.9000000000003
2021-06-18 20:00:00,1348.5000000000005
2021-06-21 05:00:00,1364.7000000000005
2021-06-21 13:00:00,1353.8000000000004
2021-06-21 14:00:00,1362.9000000000003
2021-06-21 15:00:00,1365.0000000000005
2021-06-21 16:00:00,1364.4000000000003
2021-06-21 17:00:00,1365.1000000000004
2021-06-21 18:00:00,1364.1000000000004
2021-06-21 19:00:00,1364.7000000000005
2021-06-22 05:00:00,1367.7000000000005
2021-06-22 13:00:00,1363.2000000000005
2021-06-22 14:00:00,1365.8000000000004
2021-06-22 15:00:00,1367.4000000000003
2021-06-22 16:00:00,1366.4000000000003
2021-06-22 17:00:00,1366.4000000000003
2021-06-22 18:00:00,1365.6000000000004
2021-06-22 19:00:00,1367.7000000000005
2021-06-23 05:00:00,1361.5000000000005
2021-06-23 13:00:00,1364.5000000000005
2021-06-23 14:00:00,1363.8000000000004
2021-06-23 15:00:00,1363.2000000000005
2021-06-23 16:00:00,1362.0000000000005
2021-06-23 17:00:00,1362.8000000000004
2021-06-23 18:00:00,1363.5000000000005
2021-06-23 19:00:00,1361.5000000000005
2021-06-24 05:00:00,1367.8000000000004
2021-06-24 13:00:00,1375.1000000000004
2021-06-24 14:00:00,1370.8000000000004
2021-06-24 15:00:00,1367.2000000000005
2021-06-24 16:00:00,1369.8000000000004
2021-06-24 17:00:00,1369.8000000000004
2021-06-24 19:00:00,1367.7000000000005
2021-06-25 05:00:00,1374.1000000000004
2021-06-25 13:00:00,1370.9000000000003
2021-06-25 14:00:00,1372.8000000000004
2021-06-25 15:00:00,1371.2000000000005
2021-06-25 16:00:00,1370.9000000000003
2021-06-25 17:00:00,1372.1000000000004
2021-06-25 18:00:00,1371.0000000000005
2021-06-25 19:00:00,1373.3000000000004
2021-06-28 05:00:00,1375.7000000000005
2021-06-28 13:00:00,1372.9000000000003
2021-06-28 14:00:00,1373.8000000000004
2021-06-28 15:00:00,1371.8000000000004
2021-06-28 16:00:00,1371.8000000000004
2021-06-28 17:00:00,1372.3000000000004
2021-06-28 18:00:00,1373.3000000000004
2021-06-28 19:00:00,1375.9000000000003
2021-06-29 05:00:00,1376.9000000000003
2021-06-29 13:00:00,1377.5000000000005
2021-06-29 14:00:00,1379.6000000000004
2021-06-29 15:00:00,1376.9000000000003
2021-06-29 16:00:00,1376.8000000000004
2021-06-29 17:00:00,1375.6000000000004
2021-06-29 18:00:00,1375.6000000000004
2021-06-29 19:00:00,1377.5000000000005
2021-06-29 20:00:00,1378.4000000000003
2021-06-30 05:00:00,1376.3000000000004
2021-06-30 13:00:00,1375.3000000000004
2021-06-30 14:00:00,1374.1000000000004
2021-06-30 15:00:00,1373.8000000000004
2021-06-30 16:00:00,1373.2000000000005
2021-06-30 17:00:00,1374.9000000000003
2021-06-30 18:00:00,1374.3000000000004
2021-06-30 19:00:00,1375.9000000000003
2021-07-01 05:00:00,1388.2000000000005
2021-07-01 12:00:00,1376.3000000000004
2021-07-01 13:00:00,1382.6000000000004
2021-07-01 14:00:00,1382.5000000000005
2021-07-01 15:00:00,1384.1000000000004
2021-07-01 16:00:00,1385.2000000000005
2021-07-01 17:00:00,1387.2000000000005
2021-07-01 18:00:00,1387.9000000000003
2021-07-01 19:00:00,1388.8000000000004
2021-07-01 20:00:00,1387.7000000000005
2021-07-02 05:00:00,1399.4000000000003
2021-07-02 06:00:00,1396.2000000000005
2021-07-02 13:00:00,1389.7000000000005
2021-07-02 14:00:00,1390.2000000000005
2021-07-02 15:00:00,1394.7000000000005
2021-07-02 16:00:00,1395.8000000000004
2021-07-02 17:00:00,1396.2000000000005
2021-07-02 19:00:00,1399.1000000000004
2021-07-02 20:00:00,1399.8000000000004
2021-07-06 05:00:00,1398.1000000000004
2021-07-06 13:00:00,1392.4000000000003
2021-07-06 14:00:00,1390.7000000000005
2021-07-06 15:00:00,1391.5000000000005
2021-07-06 16:00:00,1393.1000000000004
2021-07-06 17:00:00,1392.5000000000005
2021-07-06 18:00:00,1395.1000000000004
2021-07-06 19:00:00,1396.7000000000005
2021-07-06 20:00:00,1398.5000000000005
2021-07-07 05:00:00,1406.7000000000005
2021-07-07 13:00:00,1398.1000000000004
2021-07-07 14:00:00,1395.9000000000003
2021-07-07 15:00:00,1399.5000000000005
2021-07-07 16:00:00,1401.4000000000003
2021-07-07 17:00:00,1402.5000000000005
2021-07-07 18:00:00,1404.1000000000004
2021-07-07 19:00:00,1406.7000000000005
2021-07-08 05:00:00,1399.9000000000003
2021-07-08 13:00:00,1397.6000000000004
2021-07-08 14:00:00,1389.8000000000004
2021-07-08 15:00:00,1395.5000000000005
2021-07-08 16:00:00,1399.2000000000005
2021-07-08 17:00:00,1399.0000000000005
2021-07-08 18:00:00,1399.1000000000004
2021-07-08 19:00:00,1399.9000000000003
2021-07-08 20:00:00,1399.7000000000005
2021-07-09 05:00:00,1404.2000000000005
2021-07-09 13:00:00,1403.9000000000003
2021-07-09 14:00:00,1406.1000000000004
2021-07-09 15:00:00,1405.9000000000003
2021-07-09 16:00:00,1405.3000000000004
2021-07-09 17:00:00,1404.0000000000005
2021-07-09 18:00:00,1403.9000000000003
2021-07-09 19:00:00,1405.2000000000005
2021-07-09 20:00:00,1404.2000000000005
2021-07-12 05:00:00,1406.7000000000005
2021-07-12 12:00:00,1409.4000000000003
2021-07-12 13:00:00,1406.2000000000005
2021-07-12 14:00:00,1410.7000000000005
2021-07-12 15:00:00,1407.9000000000003
2021-07-12 16:00:00,1408.0000000000005
2021-07-12 17:00:00,1406.2000000000005
2021-07-12 18:00:00,1405.9000000000003
2021-07-12 19:00:00,1406.7000000000005
2021-07-13 05:00:00,1405.7000000000005
2021-07-13 13:00:00,1405.6000000000004
2021-07-13 14:00:00,1403.1000000000004
2021-07-13 15:00:00,1406.9000000000003
2021-07-13 16:00:00,1409.3000000000004
2021-07-13 17:00:00,1407.5000000000005
2021-07-13 18:00:00,1406.6000000000004
2021-07-13 19:00:00,1406.2000000000005
2021-07-14 05:00:00,1403.7000000000005
2021-07-14 13:00:00,1402.2000000000005
2021-07-14 14:00:00,1406.4000000000003
2021-07-14 15:00:00,1404.0000000000005
2021-07-14 16:00:00,1404.6000000000004
2021-07-14 17:00:00,1404.4000000000003
2021-07-14 18:00:00,1404.7000000000005
2021-07-14 19:00:00,1404.3000000000004
2021-07-15 05:00:00,1400.6000000000004
2021-07-15 11:00:00,1397.4000000000003
2021-07-15 13:00:00,1392.8000000000004
2021-07-15 14:00:00,1397.6000000000004
2021-07-15 15:00:00,1398.6000000000004
2021-07-15 16:00:00,1401.2000000000005
2021-07-15 17:00:00,1399.6000000000004
2021-07-15 18:00:00,1401.1000000000004
2021-07-15 19:00:00,1400.2000000000005
2021-07-16 05:00:00,1403.1000000000004
2021-07-16 13:00:00,1401.2000000000005
2021-07-16 14:00:00,1402.4000000000003
2021-07-16 15:00:00,1405.1000000000004
2021-07-16 16:00:00,1406.3000000000004
2021-07-16 17:00:00,1405.8000000000004
2021-07-16 18:00:00,1404.2000000000005
2021-07-16 19:00:00,1403.2000000000005
2021-07-19 05:00:00,1389.6000000000004
2021-07-19 13:00:00,1396.7000000000005
2021-07-19 14:00:00,1387.3000000000004
2021-07-19 15:00:00,1390.6000000000004
2021-07-19 16:00:00,1382.3000000000004
2021-07-19 17:00:00,1383.3000000000004
2021-07-19 18:00:00,1382.6000000000004
2021-07-19 19:00:00,1389.6000000000004
2021-07-20 05:00:00,1404.7000000000005
2021-07-20 13:00:00,1411.1000000000004
2021-07-20 14:00:00,1409.6000000000004
2021-07-20 15:00:00,1408.7000000000005
2021-07-20 16:00:00,1408.4000000000003
2021-07-20 17:00:00,1403.3000000000004
2021-07-20 18:00:00,1404.4000000000003
2021-07-20 19:00:00,1404.3000000000004
2021-07-21 05:00:00,1407.4000000000003
2021-07-21 13:00:00,1394.6000000000004
2021-07-21 14:00:00,1402.9000000000003
2021-07-21 15:00:00,1403.1000000000004
2021-07-21 16:00:00,1403.4000000000003
2021-07-21 17:00:00,1403.4000000000003
2021-07-21 18:00:00,1405.7000000000005
2021-07-21 19:00:00,1407.6000000000004
2021-07-22 05:00:00,1416.4000000000003
2021-07-22 13:00:00,1407.6000000000004
2021-07-22 14:00:00,1413.5000000000005
2021-07-22 15:00:00,1415.8000000000004
2021-07-22 16:00:00,1412.8000000000004
2021-07-22 17:00:00,1413.3000000000004
2021-07-22 18:00:00,1414.6000000000004
2021-07-22 19:00:00,1416.4000000000003
2021-07-22 20:00:00,1416.6000000000004
2021-07-23 05:00:00,1431.2000000000005
2021-07-23 13:00:00,1425.0000000000005
2021-07-23 14:00:00,1424.7000000000005
2021-07-23 15:00:00,1428.9000000000003
2021-07-23 16:00:00,1428.9000000000003
2021-07-23 17:00:00,1431.4000000000003
2021-07-23 18:00:00,1430.2000000000005
2021-07-23 19:00:00,1430.9000000000003
2021-07-26 05:00:00,1422.8000000000004
2021-07-26 13:00:00,1423.9000000000003
2021-07-26 14:00:00,1422.2000000000005
2021-07-26 15:00:00,1422.8000000000004
2021-07-26 16:00:00,1420.2000000000005
2021-07-26 17:00:00,1422.4000000000003
2021-07-26 18:00:00,1422.4000000000003
2021-07-26 19:00:00,1422.8000000000004
2021-07-27 05:00:00,1428.7000000000005
2021-07-27 13:00:00,1422.7000000000005
2021-07-27 14:00:00,1424.5000000000005
2021-07-27 15:00:00,1427.4000000000003
2021-07-27 16:00:00,1426.5000000000005
2021-07-27 17:00:00,1424.4000000000003
2021-07-27 19:00:00,1428.7000000000005
2021-07-28 05:00:00,1434.1000000000004
2021-07-28 13:00:00,1429.6000000000004
2021-07-28 14:00:00,1429.5000000000005
2021-07-28 15:00:00,1433.5000000000005
2021-07-28 16:00:00,1432.8000000000004
2021-07-28 17:00:00,1431.7000000000005
2021-07-28 18:00:00,1436.9000000000003
2021-07-28 19:00:00,1433.5000000000005
2021-07-29 05:00:00,1437.3000000000004
2021-07-29 13:00:00,1436.1000000000004
2021-07-29 14:00:00,1435.2000000000005
2021-07-29 15:00:00,1435.2000000000005
2021-07-29 16:00:00,1436.0000000000005
2021-07-29 17:00:00,1437.2000000000005
2021-07-29 18:00:00,1436.7000000000005
2021-07-29 19:00:00,1437.2000000000005
2021-07-30 05:00:00,1437.7000000000005
2021-07-30 12:00:00,1441.6000000000004
2021-07-30 13:00:00,1436.7000000000005
2021-07-30 14:00:00,1437.6000000000004
2021-07-30 15:00:00,1438.9000000000003
2021-07-30 16:00:00,1440.4000000000003
2021-07-30 17:00:00,1441.8000000000004
2021-07-30 18:00:00,1441.6000000000004
2021-07-30 19:00:00,1437.5000000000005
2021-08-02 05:00:00,1440.4000000000003
2021-08-02 13:00:00,1438.8000000000004
2021-08-02 14:00:00,1444.7000000000005
2021-08-02 15:00:00,1442.2000000000005
2021-08-02 16:00:00,1442.3000000000004
2021-08-02 17:00:00,1441.1000000000004
2021-08-02 18:00:00,1441.5000000000005
2021-08-02 19:00:00,1440.4000000000003
2021-08-03 05:00:00,1458.6000000000004
2021-08-03 13:00:00,1443.2000000000005
2021-08-03 14:00:00,1448.3000000000004
2021-08-03 15:00:00,1450.9000000000003
2021-08-03 16:00:00,1448.5000000000005
2021-08-03 17:00:00,1450.8000000000004
2021-08-03 18:00:00,1454.6000000000004
2021-08-03 19:00:00,1458.6000000000004
2021-08-04 05:00:00,1453.5000000000005
2021-08-04 13:00:00,1459.8000000000004
2021-08-04 14:00:00,1455.8000000000004
2021-08-04 15:00:00,1458.5000000000005
2021-08-04 16:00:00,1460.1000000000004
2021-08-04 17:00:00,1459.6000000000004
2021-08-04 18:00:00,1458.8000000000004
2021-08-04 19:00:00,1453.5000000000005
2021-08-05 05:00:00,1447.7000000000005
2021-08-05 13:00:00,1445.6000000000004
2021-08-05 14:00:00,1439.7000000000005
2021-08-05 15:00:00,1439.9000000000003
2021-08-05 16:00:00,1441.9000000000003
2021-08-05 17:00:00,1442.4000000000003
2021-08-05 18:00:00,1443.3000000000004
2021-08-05 19:00:00,1448.3000000000004
2021-08-06 05:00:00,1446.6000000000004
2021-08-06 13:00:00,1441.7000000000005
2021-08-06 14:00:00,1439.7000000000005
2021-08-06 15:00:00,1441.7000000000005
2021-08-06 16:00:00,1442.4000000000003
2021-08-06 17:00:00,1446.7000000000005
2021-08-06 18:00:00,1446.5000000000005
2021-08-06 19:00:00,1446.3000000000004
2021-08-09 05:00:00,1451.6000000000004
2021-08-09 13:00:00,1450.1000000000004
2021-08-09 14:00:00,1453.1000000000004
2021-08-09 15:00:00,1449.8000000000004
2021-08-09 16:00:00,1450.2000000000005
2021-08-09 17:00:00,1448.6000000000004
2021-08-09 18:00:00,1450.3000000000004
2021-08-09 19:00:00,1451.2000000000005
2021-08-10 05:00:00,1448.7000000000005
2021-08-10 13:00:00,1449.2000000000005
2021-08-10 14:00:00,1445.0000000000005
2021-08-10 15:00:00,1450.6000000000004
2021-08-10 16:00:00,1452.3000000000004
2021-08-10 17:00:00,1451.9000000000003
2021-08-10 18:00:00,1449.9000000000003
2021-08-10 19:00:00,1448.7000000000005
2021-08-10 20:00:00,1448.9000000000003
2021-08-11 05:00:00,1435.4000000000003
2021-08-11 13:00:00,1446.1000000000004
2021-08-11 14:00:00,1443.4000000000003
2021-08-11 15:00:00,1438.7000000000005
2021-08-11 16:00:00,1436.1000000000004
2021-08-11 17:00:00,1438.4000000000003
2021-08-11 18:00:00,1436.0000000000005
2021-08-11 19:00:00,1435.5000000000005
2021-08-12 05:00:00,1445.4000000000003
2021-08-12 13:00:00,1439.9000000000003
2021-08-12 14:00:00,1441.5000000000005
2021-08-12 15:00:00,1442.8000000000004
2021-08-12 16:00:00,1442.0000000000005
2021-08-12 17:00:00,1445.0000000000005
2021-08-12 18:00:00,1446.0000000000005
2021-08-12 19:00:00,1445.4000000000003
2021-08-12 20:00:00,1446.8000000000004
2021-08-13 05:00:00,1453.9000000000003
2021-08-13 13:00:00,1449.9000000000003
2021-08-13 14:00:00,1450.4000000000003
2021-08-13 15:00:00,1452.0000000000005
2021-08-13 16:00:00,1449.5000000000005
2021-08-13 17:00:00,1451.2000000000005
2021-08-13 18:00:00,1451.9000000000003
2021-08-13 19:00:00,1453.9000000000003
2021-08-16 05:00:00,1469.4000000000003
2021-08-16 13:00:00,1454.4000000000003
2021-08-16 14:00:00,1457.9000000000003
2021-08-16 15:00:00,1460.7000000000005
2021-08-16 16:00:00,1462.1000000000004
2021-08-16 17:00:00,1462.8000000000004
2021-08-16 18:00:00,1466.7000000000005
2021-08-16 19:00:00,1469.5000000000005
2021-08-17 05:00:00,1485.0000000000005
2021-08-17 13:00:00,1474.2000000000005
2021-08-17 14:00:00,1480.3000000000004
2021-08-17 15:00:00,1475.1000000000004
2021-08-17 16:00:00,1476.5000000000005
2021-08-17 17:00:00,1477.5000000000005
2021-08-17 18:00:00,1478.9000000000003
2021-08-17 19:00:00,1485.1000000000004
2021-08-18 05:00:00,1464.2000000000005
2021-08-18 13:00:00,1482.9000000000003
2021-08-18 14:00:00,1479.5000000000005
2021-08-18 15:00:00,1479.0000000000005
2021-08-18 16:00:00,1478.3000000000004
2021-08-18 17:00:00,1477.8000000000004
2021-08-18 18:00:00,1472.2000000000005
2021-08-18 19:00:00,1464.9000000000003
2021-08-19 05:00:00,1470.5000000000005
2021-08-19 12:00:00,1471.4000000000003
2021-08-19 13:00:00,1469.5000000000005
2021-08-19 14:00:00,1474.4000000000003
2021-08-19 15:00:00,1476.8000000000004
2021-08-19 16:00:00,1474.6000000000004
2021-08-19 17:00:00,1471.6000000000004
2021-08-19 18:00:00,1471.3000000000004
2021-08-19 19:00:00,1470.8000000000004
2021-08-19 20:00:00,1470.8000000000004
2021-08-20 05:00:00,1478.0000000000005
2021-08-20 13:00:00,1479.0000000000005
2021-08-20 14:00:00,1479.7000000000005
2021-08-20 15:00:00,1478.1000000000004
2021-08-20 16:00:00,1480.0000000000005
2021-08-20 17:00:00,1477.8000000000004
2021-08-20 18:00:00,1477.8000000000004
2021-08-20 19:00:00,1478.0000000000005
2021-08-23 05:00:00,1479.0000000000005
2021-08-23 13:00:00,1481.4000000000003
2021-08-23 14:00:00,1484.8000000000004
2021-08-23 15:00:00,1485.6000000000004
2021-08-23 16:00:00,1484.7000000000005
2021-08-23 17:00:00,1480.7000000000005
2021-08-23 18:00:00,1481.3000000000004
2021-08-23 19:00:00,1479.2000000000005
2021-08-24 05:00:00,1474.2000000000005
2021-08-24 12:00:00,1475.8000000000004
2021-08-24 13:00:00,1472.9000000000003
2021-08-24 14:00:00,1475.7000000000005
2021-08-24 15:00:00,1477.4000000000003
2021-08-24 16:00:00,1474.8000000000004
2021-08-24 17:00:00,1474.7000000000005
2021-08-24 18:00:00,1475.5000000000005
2021-08-24 19:00:00,1474.2000000000005
2021-08-25 05:00:00,1470.1000000000004
2021-08-25 13:00:00,1466.4000000000003
2021-08-25 14:00:00,1467.5000000000005
2021-08-25 15:00:00,1472.0000000000005
2021-08-25 16:00:00,1472.1000000000004
2021-08-25 17:00:00,1470.5000000000005
2021-08-25 18:00:00,1469.4000000000003
2021-08-25 19:00:00,1469.9000000000003
2021-08-26 05:00:00,1464.9000000000003
2021-08-26 13:00:00,1467.2000000000005
2021-08-26 14:00:00,1464.1000000000004
2021-08-26 15:00:00,1464.1000000000004
2021-08-26 16:00:00,1467.1000000000004
2021-08-26 17:00:00,1467.5000000000005
2021-08-26 18:00:00,1466.1000000000004
2021-08-26 19:00:00,1465.0000000000005
2021-08-27 05:00:00,1462.3000000000004
2021-08-27 13:00:00,1466.1000000000004
2021-08-27 14:00:00,1469.1000000000004
2021-08-27 15:00:00,1466.4000000000003
2021-08-27 16:00:00,1467.2000000000005
2021-08-27 17:00:00,1463.7000000000005
2021-08-27 18:00:00,1463.6000000000004
2021-08-27 19:00:00,1462.1000000000004
2021-08-27 20:00:00,1462.9000000000003
2021-08-30 05:00:00,1471.0000000000005
2021-08-30 13:00:00,1466.8000000000004
2021-08-30 14:00:00,1469.4000000000003
2021-08-30 15:00:00,1473.9000000000003
2021-08-30 16:00:00,1472.2000000000005
2021-08-30 17:00:00,1471.5000000000005
2021-08-30 18:00:00,1470.5000000000005
2021-08-30 19:00:00,1471.0000000000005
2021-08-31 05:00:00,1469.1000000000004
2021-08-31 13:00:00,1475.9000000000003
2021-08-31 14:00:00,1473.2000000000005
2021-08-31 15:00:00,1468.8000000000004
2021-08-31 16:00:00,1466.9000000000003
2021-08-31 17:00:00,1464.8000000000004
2021-08-31 18:00:00,1464.8000000000004
2021-08-31 19:00:00,1469.2000000000005
2021-09-01 05:00:00,1469.7000000000005
2021-09-01 13:00:00,1465.7000000000005
2021-09-01 14:00:00,1463.9000000000003
2021-09-01 15:00:00,1464.2000000000005
2021-09-01 16:00:00,1468.0000000000005
2021-09-01 17:00:00,1468.8000000000004
2021-09-01 18:00:00,1469.4000000000003
2021-09-01 19:00:00,1469.8000000000004
2021-09-02 05:00:00,1484.3000000000004
2021-09-02 13:00:00,1481.2000000000005
2021-09-02 14:00:00,1478.9000000000003
2021-09-02 15:00:00,1479.8000000000004
2021-09-02 16:00:00,1480.3000000000004
2021-09-02 17:00:00,1480.4000000000003
2021-09-02 18:00:00,1481.3000000000004
2021-09-02 19:00:00,1484.1000000000004
2021-09-03 05:00:00,1485.9000000000003
2021-09-03 13:00:00,1478.3000000000004
2021-09-03 14:00:00,1481.7000000000005
2021-09-03 15:00:00,1481.1000000000004
2021-09-03 16:00:00,1482.6000000000004
2021-09-03 17:00:00,1485.1000000000004
2021-09-03 18:00:00,1485.2000000000005
2021-09-03 19:00:00,1485.6000000000004
2021-09-07 05:00:00,1478.0000000000005
2021-09-07 13:00:00,1471.5000000000005
2021-09-07 14:00:00,1471.3000000000004
2021-09-07 15:00:00,1471.6000000000004
2021-09-07 16:00:00,1473.7000000000005
2021-09-07 17:00:00,1476.7000000000005
2021-09-07 18:00:00,1476.7000000000005
2021-09-07 19:00:00,1477.9000000000003
2021-09-08 05:00:00,1476.8000000000004
2021-09-08 13:00:00,1475.1000000000004
2021-09-08 14:00:00,1473.4000000000003
2021-09-08 15:00:00,1475.7000000000005
2021-09-08 16:00:00,1477.7000000000005
2021-09-08 17:00:00,1477.0000000000005
2021-09-08 18:00:00,1477.4000000000003
2021-09-08 19:00:00,1476.4000000000003
2021-09-09 05:00:00,1448.8000000000004
2021-09-09 12:00:00,1448.8000000000004
2021-09-09 13:00:00,1473.3000000000004
2021-09-09 14:00:00,1473.1000000000004
2021-09-09 15:00:00,1468.0000000000005
2021-09-09 16:00:00,1467.3000000000004
2021-09-09 17:00:00,1462.5000000000005
2021-09-09 18:00:00,1464.3000000000004
2021-09-09 19:00:00,1461.1000000000004
2021-09-10 05:00:00,1448.8000000000004
2021-09-10 13:00:00,1456.3000000000004
2021-09-10 14:00:00,1451.0000000000005
2021-09-10 16:00:00,1458.3000000000004
2021-09-10 18:00:00,1453.7000000000005
2021-09-10 19:00:00,1449.0000000000005
2021-09-13 05:00:00,1440.2000000000005
2021-09-13 13:00:00,1445.8000000000004
2021-09-13 14:00:00,1438.4000000000005
2021-09-13 15:00:00,1437.4000000000005
2021-09-13 16:00:00,1438.1000000000006
2021-09-13 17:00:00,1439.8000000000004
2021-09-13 19:00:00,1439.9000000000005
2021-09-14 05:00:00,1439.0000000000005
2021-09-14 13:00:00,1445.2000000000005
2021-09-14 14:00:00,1442.0000000000005
2021-09-14 15:00:00,1445.3000000000004
2021-09-14 16:00:00,1441.4000000000005
2021-09-14 17:00:00,1441.5000000000005
2021-09-14 18:00:00,1441.0000000000005
2021-09-14 19:00:00,1439.6000000000006
2021-09-15 05:00:00,1448.8000000000004
2021-09-15 13:00:00,1443.6000000000006
2021-09-15 14:00:00,1448.3000000000004
2021-09-15 15:00:00,1447.8000000000004
2021-09-15 16:00:00,1452.4000000000005
2021-09-15 17:00:00,1454.2000000000005
2021-09-15 18:00:00,1451.0000000000005
2021-09-15 19:00:00,1448.8000000000004
2021-09-16 05:00:00,1445.3000000000004
2021-09-16 13:00:00,1444.0000000000005
2021-09-16 14:00:00,1436.6000000000006
2021-09-16 15:00:00,1438.1000000000006
2021-09-16 16:00:00,1438.5000000000005
2021-09-16 17:00:00,1441.1000000000006
2021-09-16 18:00:00,1443.5000000000005
2021-09-16 19:00:00,1445.1000000000006
2021-09-17 05:00:00,1446.1000000000006
2021-09-17 13:00:00,1438.9000000000005
2021-09-17 14:00:00,1444.1000000000006
2021-09-17 15:00:00,1445.1000000000006
2021-09-17 16:00:00,1446.5000000000005
2021-09-17 17:00:00,1444.1000000000006
2021-09-17 18:00:00,1444.1000000000006
2021-09-17 19:00:00,1445.9000000000005
2021-09-17 20:00:00,1445.9000000000005
2021-09-20 05:00:00,1432.8000000000004
2021-09-20 13:00:00,1438.3000000000004
2021-09-20 14:00:00,1438.8000000000004
2021-09-20 15:00:00,1437.0000000000005
2021-09-20 16:00:00,1430.8000000000004
2021-09-20 17:00:00,1430.4000000000005
2021-09-20 18:00:00,1424.4000000000005
2021-09-20 19:00:00,1432.8000000000004
2021-09-21 05:00:00,1433.9000000000005
2021-09-21 13:00:00,1444.5000000000005
2021-09-21 14:00:00,1436.2000000000005
2021-09-21 15:00:00,1442.2000000000005
2021-09-21 16:00:00,1439.2000000000005
2021-09-21 17:00:00,1435.9000000000005
2021-09-21 18:00:00,1439.0000000000005
2021-09-21 19:00:00,1433.6000000000006
2021-09-22 05:00:00,1435.5000000000005
2021-09-22 13:00:00,1433.2000000000005
2021-09-22 14:00:00,1437.5000000000005
2021-09-22 15:00:00,1441.0000000000005
2021-09-22 16:00:00,1441.9000000000005
2021-09-22 17:00:00,1439.4000000000005
2021-09-22 18:00:00,1434.3000000000004
2021-09-22 19:00:00,1435.5000000000005
2021-09-23 05:00:00,1446.4000000000005
2021-09-23 13:00:00,1448.3000000000004
2021-09-23 14:00:00,1452.2000000000005
2021-09-23 15:00:00,1450.7000000000005
2021-09-23 16:00:00,1450.1000000000006
2021-09-23 17:00:00,1453.8000000000004
2021-09-23 18:00:00,1450.3000000000004
2021-09-23 19:00:00,1446.1000000000006
2021-09-24 05:00:00,1440.7000000000005
2021-09-24 13:00:00,1445.1000000000006
2021-09-24 14:00:00,1443.4000000000005
2021-09-24 15:00:00,1440.1000000000006
2021-09-24 16:00:00,1440.5000000000005
2021-09-24 17:00:00,1440.4000000000005
2021-09-24 18:00:00,1442.0000000000005
2021-09-24 19:00:00,1440.3000000000004
2021-09-27 05:00:00,1421.7000000000005
2021-09-27 13:00:00,1428.6000000000006
2021-09-27 14:00:00,1427.2000000000005
2021-09-27 15:00:00,1422.8000000000004
2021-09-27 16:00:00,1419.5000000000005
2021-09-27 17:00:00,1421.5000000000005
2021-09-27 18:00:00,1423.2000000000005
2021-09-27 19:00:00,1421.8000000000004
2021-09-27 20:00:00,1421.2000000000005
2021-09-28 05:00:00,1399.1000000000006
2021-09-28 13:00:00,1403.3000000000004
2021-09-28 14:00:00,1398.6000000000006
2021-09-28 15:00:00,1396.4000000000005
2021-09-28 16:00:00,1396.8000000000004
2021-09-28 17:00:00,1401.0000000000005
2021-09-28 18:00:00,1404.9000000000005
2021-09-28 19:00:00,1399.4000000000005
2021-09-29 05:00:00,1409.4000000000005
2021-09-29 13:00:00,1408.6000000000006
2021-09-29 14:00:00,1409.3000000000004
2021-09-29 15:00:00,1409.4000000000005
2021-09-29 16:00:00,1407.5000000000005
2021-09-29 17:00:00,1408.6000000000006
2021-09-29 18:00:00,1415.0000000000005
2021-09-29 19:00:00,1408.8000000000004
2021-09-30 05:00:00,1392.9000000000005
2021-09-30 13:00:00,1417.9000000000005
2021-09-30 14:00:00,1412.7000000000005
2021-09-30 15:00:00,1404.5000000000005
2021-09-30 16:00:00,1402.2000000000005
2021-09-30 17:00:00,1403.3000000000004
2021-09-30 18:00:00,1406.0000000000005
2021-09-30 19:00:00,1392.1000000000006
2021-10-01 05:00:00,1392.2000000000005
2021-10-01 13:00:00,1377.4000000000005
2021-10-01 14:00:00,1378.4000000000005
2021-10-01 15:00:00,1386.8000000000004
2021-10-01 16:00:00,1387.1000000000006
2021-10-01 17:00:00,1391.6000000000006
2021-10-01 18:00:00,1394.1000000000006
2021-10-01 19:00:00,1392.8000000000004
2021-10-04 05:00:00,1374.5000000000005
2021-10-04 13:00:00,1391.8000000000004
2021-10-04 14:00:00,1375.8000000000004
2021-10-04 15:00:00,1373.3000000000004
2021-10-04 16:00:00,1371.3000000000004
2021-10-04 17:00:00,1371.0000000000005
2021-10-04 18:00:00,1373.5000000000005
2021-10-04 19:00:00,1374.5000000000005
2021-10-05 05:00:00,1381.5000000000005
2021-10-05 13:00:00,1381.1000000000006
2021-10-05 14:00:00,1389.7000000000005
2021-10-05 15:00:00,1388.7000000000005
2021-10-05 16:00:00,1386.9000000000005
2021-10-05 17:00:00,1387.6000000000006
2021-10-05 18:00:00,1389.5000000000005
2021-10-05 19:00:00,1382.1000000000006
2021-10-06 05:00:00,1379.6000000000006
2021-10-06 13:00:00,1368.4000000000005
2021-10-06 14:00:00,1374.4000000000005
2021-10-06 15:00:00,1369.5000000000005
2021-10-06 16:00:00,1366.6000000000006
2021-10-06 17:00:00,1373.8000000000004
2021-10-06 18:00:00,1376.1000000000006
2021-10-06 19:00:00,1378.9000000000005
2021-10-07 05:00:00,1395.4000000000005
2021-10-07 13:00:00,1398.6000000000006
2021-10-07 14:00:00,1402.5000000000005
2021-10-07 15:00:00,1403.0000000000005
2021-10-07 16:00:00,1403.1000000000006
2021-10-07 17:00:00,1401.0000000000005
2021-10-07 18:00:00,1396.4000000000005
2021-10-07 19:00:00,1395.5000000000005
2021-10-08 05:00:00,1389.2000000000005
2021-10-08 13:00:00,1391.0000000000005
2021-10-08 14:00:00,1388.7000000000005
2021-10-08 15:00:00,1390.1000000000006
2021-10-08 16:00:00,1389.6000000000006
2021-10-08 17:00:00,1389.7000000000005
2021-10-08 18:00:00,1393.4000000000005
2021-10-08 19:00:00,1389.2000000000005
2021-10-11 05:00:00,1379.2000000000005
2021-10-11 13:00:00,1390.5000000000005
2021-10-11 14:00:00,1394.1000000000006
2021-10-11 15:00:00,1391.8000000000004
2021-10-11 16:00:00,1389.1000000000006
2021-10-11 17:00:00,1381.8000000000004
2021-10-11 18:00:00,1383.4000000000005
2021-10-11 19:00:00,1379.1000000000006
2021-10-12 05:00:00,1373.1000000000006
2021-10-12 13:00:00,1377.3000000000004
2021-10-12 14:00:00,1376.3000000000004
2021-10-12 15:00:00,1377.7000000000005
2021-10-12 16:00:00,1376.1000000000006
2021-10-12 17:00:00,1376.3000000000004
2021-10-12 18:00:00,1375.7000000000005
2021-10-12 19:00:00,1373.1000000000006
2021-10-13 05:00:00,1374.8000000000004
2021-10-13 13:00:00,1372.0000000000005
2021-10-13 14:00:00,1369.6000000000006
2021-10-13 15:00:00,1372.8000000000004
2021-10-13 16:00:00,1375.2000000000005
2021-10-13 17:00:00,1377.4000000000005
2021-10-13 18:00:00,1373.5000000000005
2021-10-13 19:00:00,1374.9000000000005
2021-10-14 05:00:00,1393.6000000000006
2021-10-14 13:00:00,1391.4000000000005
2021-10-14 14:00:00,1396.3000000000004
2021-10-14 15:00:00,1395.5000000000005
2021-10-14 16:00:00,1395.2000000000005
2021-10-14 17:00:00,1394.2000000000005
2021-10-14 18:00:00,1394.5000000000005
2021-10-14 19:00:00,1393.6000000000006
2021-10-15 05:00:00,1399.7000000000005
2021-10-15 13:00:00,1401.4000000000005
2021-10-15 14:00:00,1401.7000000000005
2021-10-15 15:00:00,1401.0000000000005
2021-10-15 16:00:00,1400.3000000000004
2021-10-15 17:00:00,1399.9000000000005
2021-10-15 18:00:00,1399.1000000000006
2021-10-15 19:00:00,1399.4000000000005
2021-10-18 05:00:00,1390.5000000000005
2021-10-18 12:00:00,1396.9000000000005
2021-10-18 13:00:00,1391.4000000000005
2021-10-18 14:00:00,1391.8000000000004
2021-10-18 15:00:00,1393.7000000000005
2021-10-18 16:00:00,1392.3000000000004
2021-10-18 17:00:00,1387.7000000000005
2021-10-18 18:00:00,1389.9000000000005
2021-10-18 19:00:00,1390.5000000000005
2021-10-19 05:00:00,1407.0000000000005
2021-10-19 13:00:00,1405.1000000000006
2021-10-19 14:00:00,1407.3000000000004
2021-10-19 15:00:00,1408.3000000000004
2021-10-19 16:00:00,1408.1000000000006
2021-10-19 17:00:00,1407.4000000000005
2021-10-19 18:00:00,1405.4000000000005
2021-10-19 19:00:00,1407.0000000000005
2021-10-20 05:00:00,1426.2000000000005
2021-10-20 13:00:00,1421.7000000000005
2021-10-20 14:00:00,1421.9000000000005
2021-10-20 15:00:00,1424.9000000000005
2021-10-20 16:00:00,1426.5000000000005
2021-10-20 17:00:00,1424.8000000000004
2021-10-20 18:00:00,1427.3000000000004
2021-10-20 19:00:00,1426.1000000000006
2021-10-21 05:00:00,1432.0000000000005
2021-10-21 13:00:00,1421.3000000000004
2021-10-21 14:00:00,1424.9000000000005
2021-10-21 15:00:00,1426.0000000000005
2021-10-21 16:00:00,1425.8000000000004
2021-10-21 17:00:00,1428.1000000000006
2021-10-21 18:00:00,1426.7000000000005
2021-10-21 19:00:00,1432.0000000000005
2021-10-22 05:00:00,1437.3000000000004
2021-10-22 13:00:00,1431.3000000000004
2021-10-22 14:00:00,1434.0000000000005
2021-10-22 15:00:00,1431.5000000000005
2021-10-22 16:00:00,1433.9000000000005
2021-10-22 17:00:00,1433.2000000000005
2021-10-22 18:00:00,1435.6000000000006
2021-10-22 19:00:00,1437.4000000000005
2021-10-25 05:00:00,1438.2000000000005
2021-10-25 12:00:00,1434.8000000000004
2021-10-25 13:00:00,1432.9000000000005
2021-10-25 14:00:00,1437.8000000000004
2021-10-25 15:00:00,1438.1000000000006
2021-10-25 16:00:00,1439.1000000000006
2021-10-25 17:00:00,1437.5000000000005
2021-10-25 18:00:00,1439.1000000000006
2021-10-25 19:00:00,1438.8000000000004
2021-10-26 05:00:00,1445.3000000000004
2021-10-26 12:00:00,1438.3000000000004
2021-10-26 13:00:00,1437.5000000000005
2021-10-26 14:00:00,1441.8000000000004
2021-10-26 15:00:00,1444.4000000000005
2021-10-26 16:00:00,1444.9000000000005
2021-10-26 17:00:00,1444.5000000000005
2021-10-26 18:00:00,1446.3000000000004
2021-10-26 19:00:00,1445.5000000000005
2021-10-27 05:00:00,1434.3000000000004
2021-10-27 13:00:00,1443.3000000000004
2021-10-27 14:00:00,1437.1000000000006
2021-10-27 15:00:00,1437.0000000000005
2021-10-27 16:00:00,1437.5000000000005
2021-10-27 17:00:00,1439.3000000000004
2021-10-27 18:00:00,1439.3000000000004
2021-10-27 19:00:00,1434.2000000000005
2021-10-28 05:00:00,1446.0000000000005
2021-10-28 13:00:00,1447.9000000000005
2021-10-28 14:00:00,1447.9000000000005
2021-10-28 15:00:00,1447.2000000000005
2021-10-28 16:00:00,1442.4000000000005
2021-10-28 17:00:00,1442.4000000000005
2021-10-28 18:00:00,1442.0000000000005
2021-10-28 19:00:00,1446.0000000000005
2021-10-29 05:00:00,1458.4000000000005
2021-10-29 12:00:00,1441.1000000000006
2021-10-29 13:00:00,1441.2000000000005
2021-10-29 14:00:00,1445.1000000000006
2021-10-29 15:00:00,1449.2000000000005
2021-10-29 16:00:00,1453.0000000000005
2021-10-29 17:00:00,1455.9000000000005
2021-10-29 18:00:00,1455.1000000000006
2021-10-29 19:00:00,1458.1000000000006
2021-10-29 20:00:00,1456.0000000000005
2021-11-01 05:00:00,1457.1000000000006
2021-11-01 13:00:00,1461.6000000000006
2021-11-01 14:00:00,1453.3000000000004
2021-11-01 15:00:00,1455.6000000000006
2021-11-01 16:00:00,1456.2000000000005
2021-11-01 17:00:00,1452.5000000000005
2021-11-01 18:00:00,1458.0000000000005
2021-11-01 19:00:00,1457.1000000000006
2021-11-02 05:00:00,1465.2000000000005
2021-11-02 12:00:00,1467.6000000000006
2021-11-02 13:00:00,1461.6000000000006
2021-11-02 14:00:00,1466.1000000000006
2021-11-02 15:00:00,1470.2000000000005
2021-11-02 16:00:00,1472.0000000000005
2021-11-02 17:00:00,1469.5000000000005
2021-11-02 18:00:00,1469.0000000000005
2021-11-02 19:00:00,1465.2000000000005
2021-11-03 05:00:00,1473.6000000000006
2021-11-03 13:00:00,1460.7000000000005
2021-11-03 14:00:00,1461.2000000000005
2021-11-03 15:00:00,1461.9000000000005
2021-11-03 16:00:00,1461.7000000000005
2021-11-03 17:00:00,1462.2000000000005
2021-11-03 18:00:00,1469.1000000000006
2021-11-03 19:00:00,1473.0000000000005
2021-11-03 20:00:00,1473.4000000000005
2021-11-04 05:00:00,1464.0000000000005
2021-11-04 13:00:00,1465.3000000000004
2021-11-04 14:00:00,1461.1000000000006
2021-11-04 15:00:00,1460.4000000000005
2021-11-04 16:00:00,1457.2000000000005
2021-11-04 17:00:00,1456.8000000000004
2021-11-04 18:00:00,1457.8000000000004
2021-11-04 19:00:00,1464.4000000000005
2021-11-05 05:00:00,1450.1000000000006
2021-11-05 12:00:00,1460.2000000000005
2021-11-05 13:00:00,1455.9000000000005
2021-11-05 14:00:00,1451.6000000000006
2021-11-05 15:00:00,1444.7000000000005
2021-11-05 16:00:00,1446.2000000000005
2021-11-05 17:00:00,1442.5000000000005
2021-11-05 18:00:00,1446.8000000000004
2021-11-05 19:00:00,1450.5000000000005
2021-11-05 20:00:00,1448.7000000000005
2021-11-08 06:00:00,1456.9000000000005
2021-11-08 14:00:00,1451.4000000000005
2021-11-08 15:00:00,1450.6000000000006
2021-11-08 16:00:00,1449.5000000000005
2021-11-08 17:00:00,1450.1000000000006
2021-11-08 18:00:00,1450.7000000000005
2021-11-08 19:00:00,1456.4000000000005
2021-11-08 20:00:00,1457.4000000000005
2021-11-09 06:00:00,1452.2000000000005
2021-11-09 14:00:00,1453.6000000000006
2021-11-09 15:00:00,1452.2000000000005
2021-11-09 16:00:00,1450.0000000000005
2021-11-09 17:00:00,1452.6000000000006
2021-11-09 18:00:00,1453.0000000000005
2021-11-09 19:00:00,1452.3000000000004
2021-11-09 20:00:00,1452.3000000000004
2021-11-10 06:00:00,1455.6000000000006
2021-11-10 13:00:00,1452.9000000000005
2021-11-10 14:00:00,1455.8000000000004
2021-11-10 15:00:00,1458.2000000000005
2021-11-10 16:00:00,1457.9000000000005
2021-11-10 17:00:00,1457.7000000000005
2021-11-10 18:00:00,1456.1000000000006
2021-11-10 19:00:00,1454.9000000000005
2021-11-10 20:00:00,1455.3000000000004
2021-11-11 06:00:00,1452.1000000000006
2021-11-11 14:00:00,1455.6000000000006
2021-11-11 15:00:00,1449.4000000000005
2021-11-11 16:00:00,1452.0000000000005
2021-11-11 17:00:00,1450.0000000000005
2021-11-11 19:00:00,1452.4000000000005
2021-11-11 20:00:00,1452.0000000000005
2021-11-12 06:00:00,1458.6000000000006
2021-11-12 14:00:00,1454.7000000000005
2021-11-12 15:00:00,1452.9000000000005
2021-11-12 16:00:00,1456.8000000000004
2021-11-12 17:00:00,1457.4000000000005
2021-11-12 18:00:00,1458.1000000000006
2021-11-12 19:00:00,1457.8000000000004
2021-11-12 20:00:00,1458.6000000000006
2021-11-15 06:00:00,1449.8000000000004
2021-11-15 14:00:00,1458.4000000000005
2021-11-15 15:00:00,1457.9000000000005
2021-11-15 16:00:00,1456.4000000000005
2021-11-15 17:00:00,1457.3000000000004
2021-11-15 18:00:00,1454.4000000000005
2021-11-15 19:00:00,1451.9000000000005
2021-11-15 20:00:00,1449.8000000000004
2021-11-16 06:00:00,1455.0000000000005
2021-11-16 14:00:00,1460.2000000000005
2021-11-16 15:00:00,1457.4000000000005
2021-11-16 16:00:00,1458.9000000000005
2021-11-16 17:00:00,1460.3000000000004
2021-11-16 18:00:00,1462.5000000000005
2021-11-16 19:00:00,1460.4000000000005
2021-11-16 20:00:00,1455.6000000000006
2021-11-17 06:00:00,1457.5000000000005
2021-11-17 14:00:00,1458.6000000000006
2021-11-17 15:00:00,1459.1000000000006
2021-11-17 16:00:00,1459.3000000000004
2021-11-17 17:00:00,1458.7000000000005
2021-11-17 18:00:00,1462.0000000000005
2021-11-17 19:00:00,1461.0000000000005
2021-11-17 20:00:00,1457.5000000000005
2021-11-18 06:00:00,1457.9000000000005
2021-11-18 14:00:00,1456.3000000000004
2021-11-18 15:00:00,1454.6000000000006
2021-11-18 16:00:00,1457.6000000000006
2021-11-18 17:00:00,1458.7000000000005
2021-11-18 18:00:00,1458.9000000000005
2021-11-18 19:00:00,1458.3000000000004
2021-11-18 20:00:00,1458.0000000000005
2021-11-19 06:00:00,1449.5000000000005
2021-11-19 13:00:00,1458.7000000000005
2021-11-19 14:00:00,1462.1000000000006
2021-11-19 15:00:00,1452.4000000000005
2021-11-19 16:00:00,1450.9000000000005
2021-11-19 17:00:00,1454.8000000000004
2021-11-19 18:00:00,1453.8000000000004
2021-11-19 19:00:00,1452.6000000000006
2021-11-19 20:00:00,1449.5000000000005
2021-11-22 06:00:00,1444.4000000000005
2021-11-22 12:00:00,1451.9000000000005
2021-11-22 14:00:00,1447.1000000000006
2021-11-22 15:00:00,1452.8000000000004
2021-11-22 16:00:00,1453.4000000000005
2021-11-22 17:00:00,1453.6000000000006
2021-11-22 18:00:00,1451.4000000000005
2021-11-22 19:00:00,1451.4000000000005
2021-11-22 20:00:00,1443.5000000000005
2021-11-23 06:00:00,1445.5000000000005
2021-11-23 14:00:00,1445.4000000000005
2021-11-23 15:00:00,1438.0000000000005
2021-11-23 16:00:00,1441.3000000000004
2021-11-23 17:00:00,1437.6000000000006
2021-11-23 18:00:00,1440.6000000000006
2021-11-23 19:00:00,1443.6000000000006
2021-11-23 20:00:00,1445.6000000000006
2021-11-24 06:00:00,1444.9000000000005
2021-11-24 14:00:00,1439.9000000000005
2021-11-24 15:00:00,1440.8000000000004
2021-11-24 16:00:00,1443.6000000000006
2021-11-24 17:00:00,1442.9000000000005
2021-11-24 18:00:00,1443.2000000000005
2021-11-24 19:00:00,1443.3000000000004
2021-11-24 20:00:00,1445.3000000000004
2021-11-26 06:00:00,1439.6000000000006
2021-11-26 14:00:00,1452.3000000000004
2021-11-26 15:00:00,1446.0000000000005
2021-11-26 16:00:00,1442.9000000000005
2021-11-26 17:00:00,1439.6000000000006
2021-11-26 18:00:00,1433.7000000000005
2021-11-29 06:00:00,1443.2000000000005
2021-11-29 14:00:00,1444.7000000000005
2021-11-29 15:00:00,1444.9000000000005
2021-11-29 16:00:00,1448.4000000000005
2021-11-29 17:00:00,1451.8000000000004
2021-11-29 18:00:00,1450.6000000000006
2021-11-29 19:00:00,1447.7000000000005
2021-11-29 20:00:00,1443.2000000000005
2021-11-30 06:00:00,1417.5000000000005
2021-11-30 14:00:00,1432.7000000000005
2021-11-30 15:00:00,1428.2000000000005
2021-11-30 16:00:00,1426.2000000000005
2021-11-30 17:00:00,1427.0000000000005
2021-11-30 18:00:00,1431.6000000000006
2021-11-30 19:00:00,1423.2000000000005
2021-11-30 20:00:00,1417.5000000000005
2021-12-01 06:00:00,1415.4000000000005
2021-12-01 14:00:00,1420.7000000000005
2021-12-01 15:00:00,1432.4000000000005
2021-12-01 16:00:00,1438.9000000000005
2021-12-01 17:00:00,1436.6000000000006
2021-12-01 18:00:00,1432.3000000000004
2021-12-01 19:00:00,1431.5000000000005
2021-12-01 20:00:00,1414.8000000000004
2021-12-01 21:00:00,1414.7000000000005
2021-12-02 06:00:00,1420.2000000000005
2021-12-02 14:00:00,1424.7000000000005
2021-12-02 15:00:00,1417.5000000000005
2021-12-02 16:00:00,1422.0000000000005
2021-12-02 17:00:00,1422.3000000000004
2021-12-02 18:00:00,1423.9000000000005
2021-12-02 19:00:00,1421.5000000000005
2021-12-02 20:00:00,1420.1000000000006
2021-12-03 06:00:00,1424.4000000000005
2021-12-03 14:00:00,1421.3000000000004
2021-12-03 15:00:00,1417.5000000000005
2021-12-03 16:00:00,1415.5000000000005
2021-12-03 17:00:00,1415.7000000000005
2021-12-03 18:00:00,1419.8000000000004
2021-12-03 19:00:00,1417.3000000000004
2021-12-03 20:00:00,1424.3000000000004
2021-12-03 21:00:00,1423.8000000000004
2021-12-06 06:00:00,1430.8000000000004
2021-12-06 09:00:00,1428.2000000000005
2021-12-06 13:00:00,1423.2000000000005
2021-12-06 14:00:00,1433.0000000000005
2021-12-06 15:00:00,1434.3000000000004
2021-12-06 16:00:00,1425.8000000000004
2021-12-06 17:00:00,1432.3000000000004
2021-12-06 18:00:00,1432.0000000000005
2021-12-06 19:00:00,1430.3000000000004
2021-12-06 20:00:00,1431.3000000000004
2021-12-07 06:00:00,1447.7000000000005
2021-12-07 14:00:00,1446.9000000000005
2021-12-07 15:00:00,1448.4000000000005
2021-12-07 16:00:00,1446.5000000000005
2021-12-07 17:00:00,1446.1000000000006
2021-12-07 18:00:00,1444.9000000000005
2021-12-07 19:00:00,1445.9000000000005
2021-12-07 20:00:00,1447.6000000000006
2021-12-08 06:00:00,1457.7000000000005
2021-12-08 14:00:00,1447.0000000000005
2021-12-08 15:00:00,1446.2000000000005
2021-12-08 16:00:00,1449.8000000000004
2021-12-08 17:00:00,1451.7000000000005
2021-12-08 18:00:00,1452.8000000000004
2021-12-08 19:00:00,1456.4000000000005
2021-12-08 20:00:00,1457.7000000000005
2021-12-09 06:00:00,1461.1000000000006
2021-12-09 14:00:00,1459.7000000000005
2021-12-09 15:00:00,1462.4000000000005
2021-12-09 16:00:00,1463.5000000000005
2021-12-09 17:00:00,1462.8000000000004
2021-12-09 18:00:00,1463.9000000000005
2021-12-09 19:00:00,1463.3000000000004
2021-12-09 20:00:00,1461.1000000000006
2021-12-10 06:00:00,1466.1000000000006
2021-12-10 14:00:00,1466.8000000000006
2021-12-10 15:00:00,1460.7000000000005
2021-12-10 16:00:00,1462.8000000000006
2021-12-10 17:00:00,1461.0000000000005
2021-12-10 18:00:00,1463.1000000000006
2021-12-10 19:00:00,1463.6000000000006
2021-12-10 20:00:00,1465.8000000000006
2021-12-13 06:00:00,1478.6000000000006
2021-12-13 13:00:00,1472.2000000000005
2021-12-13 14:00:00,1470.3000000000006
2021-12-13 15:00:00,1473.9000000000005
2021-12-13 16:00:00,1479.0000000000005
2021-12-13 17:00:00,1477.2000000000005
2021-12-13 18:00:00,1480.5000000000005
2021-12-13 19:00:00,1479.2000000000005
2021-12-13 20:00:00,1478.7000000000005
2021-12-14 06:00:00,1473.6000000000006
2021-12-14 14:00:00,1477.1000000000006
2021-12-14 15:00:00,1468.1000000000006
2021-12-14 16:00:00,1469.9000000000005
2021-12-14 17:00:00,1469.5000000000005
2021-12-14 18:00:00,1467.7000000000005
2021-12-14 19:00:00,1471.8000000000006
2021-12-14 20:00:00,1481.3000000000006
2021-12-15 06:00:00,1501.3000000000006
2021-12-15 13:00:00,1478.1000000000006
2021-12-15 14:00:00,1479.1000000000006
2021-12-15 15:00:00,1481.0000000000005
2021-12-15 16:00:00,1483.5000000000005
2021-12-15 17:00:00,1487.2000000000005
2021-12-15 18:00:00,1483.6000000000006
2021-12-15 19:00:00,1489.7000000000005
2021-12-15 20:00:00,1501.3000000000006
2021-12-16 06:00:00,1509.1000000000006
2021-12-16 13:00:00,1505.5000000000005
2021-12-16 14:00:00,1508.5000000000005
2021-12-16 15:00:00,1514.4000000000005
2021-12-16 16:00:00,1512.4000000000005
2021-12-16 17:00:00,1509.5000000000005
2021-12-16 18:00:00,1509.5000000000005
2021-12-16 19:00:00,1507.4000000000005
2021-12-16 20:00:00,1508.8000000000006
2021-12-17 06:00:00,1499.4000000000005
2021-12-17 13:00:00,1502.0000000000005
2021-12-17 14:00:00,1496.8000000000006
2021-12-17 15:00:00,1504.9000000000005
2021-12-17 16:00:00,1501.6000000000006
2021-12-17 17:00:00,1507.8000000000006
2021-12-17 18:00:00,1510.0000000000005
2021-12-17 19:00:00,1505.6000000000006
2021-12-17 20:00:00,1498.9000000000005
2021-12-20 06:00:00,1490.1000000000006
2021-12-20 14:00:00,1485.0000000000005
2021-12-20 15:00:00,1481.8000000000006
2021-12-20 16:00:00,1484.8000000000006
2021-12-20 17:00:00,1483.7000000000005
2021-12-20 18:00:00,1487.5000000000005
2021-12-20 19:00:00,1490.0000000000005
2021-12-20 20:00:00,1491.7000000000005
2021-12-20 21:00:00,1487.8000000000006
2021-12-21 06:00:00,1496.6000000000006
2021-12-21 14:00:00,1484.0000000000005
2021-12-21 15:00:00,1486.2000000000005
2021-12-21 16:00:00,1488.8000000000006
2021-12-21 17:00:00,1493.8000000000006
2021-12-21 18:00:00,1494.4000000000005
2021-12-21 19:00:00,1495.4000000000005
2021-12-21 20:00:00,1496.4000000000005
2021-12-22 06:00:00,1512.0000000000005
2021-12-22 14:00:00,1494.9000000000005
2021-12-22 15:00:00,1504.8000000000006
2021-12-22 16:00:00,1503.4000000000005
2021-12-22 17:00:00,1507.9000000000005
2021-12-22 18:00:00,1508.2000000000005
2021-12-22 19:00:00,1507.5000000000005
2021-12-22 20:00:00,1511.8000000000006
2021-12-23 06:00:00,1518.0000000000005
2021-12-23 14:00:00,1517.8000000000006
2021-12-23 15:00:00,1517.1000000000006
2021-12-23 16:00:00,1518.2000000000005
2021-12-23 18:00:00,1518.9000000000005
2021-12-23 19:00:00,1521.3000000000006
2021-12-23 20:00:00,1519.2000000000005
2021-12-27 06:00:00,1533.0000000000005
2021-12-27 14:00:00,1526.6000000000006
2021-12-27 15:00:00,1525.5000000000005
2021-12-27 16:00:00,1526.1000000000006
2021-12-27 18:00:00,1528.3000000000006
2021-12-27 19:00:00,1529.5000000000005
2021-12-27 20:00:00,1533.3000000000006
2021-12-28 06:00:00,1528.8000000000006
2021-12-28 14:00:00,1536.8000000000006
2021-12-28 15:00:00,1531.3000000000006
2021-12-28 16:00:00,1531.6000000000006
2021-12-28 17:00:00,1527.5000000000005
2021-12-28 18:00:00,1527.7000000000005
2021-12-28 19:00:00,1527.4000000000005
2021-12-28 20:00:00,1528.7000000000005
2021-12-29 06:00:00,1537.9000000000005
2021-12-29 14:00:00,1532.4000000000005
2021-12-29 15:00:00,1533.0000000000005
2021-12-29 16:00:00,1533.5000000000005
2021-12-29 17:00:00,1533.3000000000006
2021-12-29 18:00:00,1534.6000000000006
2021-12-29 19:00:00,1537.4000000000005
2021-12-29 20:00:00,1538.0000000000005
2021-12-30 03:00:00,1552.5000000000005
2021-12-30 06:00:00,1540.2000000000005
2021-12-30 14:00:00,1540.8000000000006
2021-12-30 15:00:00,1542.8000000000006
2021-12-30 16:00:00,1542.3000000000006
2021-12-30 17:00:00,1543.5000000000005
2021-12-30 18:00:00,1544.3000000000006
2021-12-30 19:00:00,1544.6000000000006
2021-12-30 20:00:00,1540.8000000000006
2021-12-31 06:00:00,1534.4000000000005
2021-12-31 14:00:00,1542.7000000000005
2021-12-31 15:00:00,1542.9000000000005
2021-12-31 16:00:00,1541.8000000000006
2021-12-31 17:00:00,1542.0000000000005
2021-12-31 19:00:00,1541.6000000000006
2021-12-31 20:00:00,1534.5000000000005
2022-01-03 06:00:00,1520.2000000000005
2022-01-03 14:00:00,1512.3000000000006
2022-01-03 15:00:00,1512.8000000000006
2022-01-03 16:00:00,1510.9000000000005
2022-01-03 17:00:00,1511.9000000000005
2022-01-03 18:00:00,1515.6000000000006
2022-01-03 19:00:00,1516.1000000000006
2022-01-03 20:00:00,1520.2000000000005
2022-01-04 06:00:00,1501.0000000000005
2022-01-04 14:00:00,1503.7000000000005
2022-01-04 15:00:00,1503.0000000000005
2022-01-04 16:00:00,1506.8000000000006
2022-01-04 17:00:00,1500.7000000000005
2022-01-04 18:00:00,1495.2000000000005
2022-01-04 19:00:00,1501.4000000000005
2022-01-04 20:00:00,1500.7000000000005
2022-01-05 06:00:00,1490.1000000000006
2022-01-05 14:00:00,1506.8000000000006
2022-01-05 15:00:00,1506.6000000000006
2022-01-05 16:00:00,1507.1000000000006
2022-01-05 17:00:00,1508.2000000000005
2022-01-05 18:00:00,1508.1000000000006
2022-01-05 19:00:00,1499.0000000000005
2022-01-05 20:00:00,1490.1000000000006
2022-01-06 06:00:00,1473.8000000000006
2022-01-06 14:00:00,1473.2000000000005
2022-01-06 15:00:00,1483.9000000000005
2022-01-06 16:00:00,1487.6000000000006
2022-01-06 17:00:00,1488.4000000000005
2022-01-06 18:00:00,1479.4000000000005
2022-01-06 19:00:00,1479.4000000000005
2022-01-06 20:00:00,1473.9000000000005
2022-01-07 06:00:00,1467.5000000000005
2022-01-07 14:00:00,1467.4000000000005
2022-01-07 15:00:00,1468.0000000000005
2022-01-07 16:00:00,1473.3000000000006
2022-01-07 17:00:00,1469.0000000000005
2022-01-07 18:00:00,1469.7000000000005
2022-01-07 19:00:00,1471.5000000000005
2022-01-07 20:00:00,1467.8000000000006
2022-01-10 06:00:00,1481.8000000000006
2022-01-10 14:00:00,1463.4000000000005
2022-01-10 15:00:00,1459.8000000000006
2022-01-10 16:00:00,1465.1000000000006
2022-01-10 17:00:00,1464.2000000000005
2022-01-10 18:00:00,1470.3000000000006
2022-01-10 19:00:00,1474.9000000000005
2022-01-10 20:00:00,1481.5000000000005
2022-01-11 06:00:00,1492.5000000000005
2022-01-11 14:00:00,1476.7000000000005
2022-01-11 15:00:00,1476.1000000000006
2022-01-11 16:00:00,1481.4000000000005
2022-01-11 17:00:00,1481.2000000000005
2022-01-11 18:00:00,1484.3000000000006
2022-01-11 19:00:00,1487.1000000000006
2022-01-11 20:00:00,1492.5000000000005
2022-01-12 06:00:00,1487.9000000000005
2022-01-12 14:00:00,1486.2000000000005
2022-01-12 15:00:00,1486.9000000000005
2022-01-12 16:00:00,1486.2000000000005
2022-01-12 17:00:00,1488.2000000000005
2022-01-12 18:00:00,1484.2000000000005
2022-01-12 19:00:00,1486.9000000000005
2022-01-12 20:00:00,1487.5000000000005
2022-01-13 06:00:00,1465.9000000000005
2022-01-13 14:00:00,1474.6000000000006
2022-01-13 15:00:00,1476.2000000000005
2022-01-13 16:00:00,1478.9000000000005
2022-01-13 17:00:00,1474.6000000000006
2022-01-13 18:00:00,1476.4000000000005
2022-01-13 19:00:00,1474.9000000000005
2022-01-13 20:00:00,1467.1000000000006
2022-01-14 06:00:00,1464.7000000000005
2022-01-14 14:00:00,1465.0000000000005
2022-01-14 15:00:00,1456.9000000000005
2022-01-14 16:00:00,1458.8000000000006
2022-01-14 17:00:00,1452.7000000000005
2022-01-14 18:00:00,1455.4000000000005
2022-01-14 19:00:00,1458.2000000000005
2022-01-14 20:00:00,1464.7000000000005
2022-01-18 06:00:00,1445.9000000000005
2022-01-18 14:00:00,1444.2000000000005
2022-01-18 15:00:00,1443.9000000000005
2022-01-18 16:00:00,1448.6000000000006
2022-01-18 17:00:00,1443.2000000000005
2022-01-18 18:00:00,1449.5000000000005
2022-01-18 19:00:00,1451.3000000000006
2022-01-18 20:00:00,1445.6000000000006
2022-01-19 06:00:00,1439.8000000000006
2022-01-19 14:00:00,1453.5000000000005
2022-01-19 15:00:00,1452.8000000000006
2022-01-19 16:00:00,1452.9000000000005
2022-01-19 17:00:00,1451.8000000000006
2022-01-19 18:00:00,1448.7000000000005
2022-01-19 19:00:00,1446.9000000000005
2022-01-19 20:00:00,1440.4000000000005
2022-01-20 06:00:00,1432.6000000000006
2022-01-20 14:00:00,1451.5000000000005
2022-01-20 15:00:00,1454.3000000000006
2022-01-20 16:00:00,1454.7000000000005
2022-01-20 17:00:00,1454.0000000000005
2022-01-20 18:00:00,1449.0000000000005
2022-01-20 19:00:00,1447.2000000000005
2022-01-20 20:00:00,1430.7000000000005
2022-01-21 06:00:00,1418.7000000000005
2022-01-21 12:00:00,1431.9000000000005
2022-01-21 14:00:00,1432.2000000000005
2022-01-21 15:00:00,1432.0000000000005
2022-01-21 16:00:00,1425.3000000000006
2022-01-21 17:00:00,1422.7000000000005
2022-01-21 18:00:00,1420.7000000000005
2022-01-21 19:00:00,1419.0000000000005
2022-01-21 20:00:00,1417.6000000000006
2022-01-24 06:00:00,1413.8000000000006
2022-01-24 14:00:00,1392.6000000000006
2022-01-24 15:00:00,1391.5000000000005
2022-01-24 16:00:00,1380.4000000000005
2022-01-24 17:00:00,1380.6000000000006
2022-01-24 18:00:00,1390.0000000000005
2022-01-24 19:00:00,1385.6000000000006
2022-01-24 20:00:00,1413.8000000000006
2022-01-24 21:00:00,1411.4000000000005
2022-01-25 06:00:00,1404.7000000000005
2022-01-25 14:00:00,1390.1000000000006
2022-01-25 15:00:00,1392.8000000000006
2022-01-25 16:00:00,1393.8000000000006
2022-01-25 17:00:00,1397.3000000000006
2022-01-25 18:00:00,1409.0000000000005
2022-01-25 19:00:00,1415.4000000000005
2022-01-25 20:00:00,1405.0000000000005
2022-01-26 06:00:00,1399.2000000000005
2022-01-26 12:00:00,1406.9000000000005
2022-01-26 14:00:00,1415.8000000000006
2022-01-26 15:00:00,1406.1000000000006
2022-01-26 16:00:00,1414.6000000000006
2022-01-26 17:00:00,1414.5000000000005
2022-01-26 18:00:00,1411.8000000000006
2022-01-26 19:00:00,1402.9000000000005
2022-01-26 20:00:00,1398.1000000000006
2022-01-27 06:00:00,1400.7000000000005
2022-01-27 14:00:00,1414.1000000000006
2022-01-27 15:00:00,1417.4000000000005
2022-01-27 16:00:00,1420.0000000000005
2022-01-27 17:00:00,1407.9000000000005
2022-01-27 18:00:00,1402.8000000000006
2022-01-27 19:00:00,1401.2000000000005
2022-01-27 20:00:00,1401.2000000000005
2022-01-27 21:00:00,1404.5000000000005
2022-01-28 06:00:00,1427.8000000000006
2022-01-28 14:00:00,1394.1000000000006
2022-01-28 15:00:00,1403.8000000000006
2022-01-28 16:00:00,1412.0000000000005
2022-01-28 17:00:00,1410.1000000000006
2022-01-28 18:00:00,1415.0000000000005
2022-01-28 19:00:00,1412.6000000000006
2022-01-28 20:00:00,1427.5000000000005
2022-01-31 06:00:00,1436.2000000000005
2022-01-31 14:00:00,1427.4000000000005
2022-01-31 15:00:00,1425.9000000000005
2022-01-31 16:00:00,1430.9000000000005
2022-01-31 17:00:00,1430.1000000000006
2022-01-31 18:00:00,1433.4000000000005
2022-01-31 19:00:00,1434.0000000000005
2022-01-31 20:00:00,1435.7000000000005
2022-02-01 06:00:00,1440.3000000000006
2022-02-01 14:00:00,1432.3000000000006
2022-02-01 15:00:00,1434.1000000000006
2022-02-01 16:00:00,1432.0000000000005
2022-02-01 17:00:00,1430.1000000000006
2022-02-01 18:00:00,1431.5000000000005
2022-02-01 19:00:00,1429.6000000000006
2022-02-01 20:00:00,1440.0000000000005
2022-02-02 06:00:00,1456.8000000000006
2022-02-02 13:00:00,1440.9000000000005
2022-02-02 14:00:00,1437.5000000000005
2022-02-02 15:00:00,1443.5000000000005
2022-02-02 16:00:00,1445.7000000000005
2022-02-02 17:00:00,1451.3000000000006
2022-02-02 18:00:00,1450.6000000000006
2022-02-02 19:00:00,1457.0000000000005
2022-02-02 20:00:00,1456.2000000000005
2022-02-03 06:00:00,1450.5000000000005
2022-02-03 14:00:00,1453.6000000000006
2022-02-03 15:00:00,1451.8000000000006
2022-02-03 16:00:00,1454.0000000000005
2022-02-03 17:00:00,1452.1000000000006
2022-02-03 18:00:00,1453.4000000000005
2022-02-03 19:00:00,1451.1000000000006
2022-02-03 20:00:00,1450.5000000000005
2022-02-04 06:00:00,1446.2000000000005
2022-02-04 14:00:00,1448.0000000000005
2022-02-04 15:00:00,1438.8000000000006
2022-02-04 16:00:00,1443.5000000000005
2022-02-04 17:00:00,1446.0000000000005
2022-02-04 18:00:00,1450.8000000000006
2022-02-04 19:00:00,1450.1000000000006
2022-02-04 20:00:00,1447.4000000000005
2022-02-07 06:00:00,1444.0000000000005
2022-02-07 14:00:00,1443.5000000000005
2022-02-07 15:00:00,1445.9000000000005
2022-02-07 16:00:00,1446.0000000000005
2022-02-07 17:00:00,1445.3000000000006
2022-02-07 18:00:00,1447.8000000000006
2022-02-07 19:00:00,1450.1000000000006
2022-02-07 20:00:00,1444.3000000000006
2022-02-08 06:00:00,1454.6000000000006
2022-02-08 14:00:00,1436.3000000000006
2022-02-08 15:00:00,1441.0000000000005
2022-02-08 16:00:00,1451.8000000000006
2022-02-08 17:00:00,1454.0000000000005
2022-02-08 18:00:00,1452.7000000000005
2022-02-08 19:00:00,1450.1000000000006
2022-02-08 20:00:00,1454.5000000000005
2022-02-09 06:00:00,1465.0000000000005
2022-02-09 14:00:00,1464.3000000000006
2022-02-09 15:00:00,1466.9000000000005
2022-02-09 16:00:00,1466.5000000000005
2022-02-09 17:00:00,1466.0000000000005
2022-02-09 18:00:00,1466.7000000000005
2022-02-09 19:00:00,1465.6000000000006
2022-02-09 20:00:00,1465.3000000000006
2022-02-10 06:00:00,1444.3000000000006
2022-02-10 14:00:00,1456.2000000000005
2022-02-10 15:00:00,1455.4000000000005
2022-02-10 16:00:00,1458.2000000000005
2022-02-10 17:00:00,1453.6000000000006
2022-02-10 18:00:00,1448.6000000000006
2022-02-10 19:00:00,1447.4000000000005
2022-02-10 20:00:00,1443.3000000000006
2022-02-10 21:00:00,1456.0000000000005
2022-02-11 06:00:00,1425.6000000000006
2022-02-11 14:00:00,1449.3000000000006
2022-02-11 15:00:00,1444.1000000000006
2022-02-11 16:00:00,1439.3000000000006
2022-02-11 17:00:00,1438.8000000000006
2022-02-11 18:00:00,1427.1000000000006
2022-02-11 19:00:00,1428.9000000000005
2022-02-11 20:00:00,1425.6000000000006
2022-02-14 06:00:00,1412.3000000000006
2022-02-14 14:00:00,1415.3000000000006
2022-02-14 15:00:00,1406.4000000000005
2022-02-14 16:00:00,1408.7000000000005
2022-02-14 17:00:00,1414.0000000000005
2022-02-14 18:00:00,1405.6000000000006
2022-02-14 19:00:00,1409.6000000000006
2022-02-14 20:00:00,1412.5000000000005
2022-02-15 06:00:00,1427.3000000000006
2022-02-15 14:00:00,1426.6000000000006
2022-02-15 15:00:00,1428.9000000000005
2022-02-15 16:00:00,1425.1000000000006
2022-02-15 17:00:00,1420.4000000000005
2022-02-15 18:00:00,1424.8000000000006
2022-02-15 19:00:00,1425.6000000000006
2022-02-15 20:00:00,1426.8000000000006
2022-02-16 06:00:00,1428.9000000000005
2022-02-16 13:00:00,1423.4000000000005
2022-02-16 14:00:00,1418.2000000000005
2022-02-16 15:00:00,1417.1000000000006
2022-02-16 16:00:00,1418.7000000000005
2022-02-16 17:00:00,1420.4000000000005
2022-02-16 18:00:00,1421.1000000000006
2022-02-16 19:00:00,1426.9000000000005
2022-02-16 20:00:00,1428.8000000000006
2022-02-17 06:00:00,1407.0000000000005
2022-02-17 14:00:00,1411.1000000000006
2022-02-17 15:00:00,1413.8000000000006
2022-02-17 16:00:00,1417.5000000000005
2022-02-17 17:00:00,1416.8000000000006
2022-02-17 18:00:00,1418.1000000000006
2022-02-17 19:00:00,1411.7000000000005
2022-02-17 20:00:00,1407.1000000000006
2022-02-18 06:00:00,1397.8000000000006
2022-02-18 14:00:00,1411.6000000000006
2022-02-18 15:00:00,1406.3000000000006
2022-02-18 16:00:00,1397.9000000000005
2022-02-18 17:00:00,1394.6000000000006
2022-02-18 18:00:00,1397.5000000000005
2022-02-18 19:00:00,1402.1000000000006
2022-02-18 20:00:00,1397.9000000000005
2022-02-22 06:00:00,1394.7000000000005
2022-02-22 14:00:00,1403.1000000000006
2022-02-22 15:00:00,1397.9000000000005
2022-02-22 16:00:00,1398.4000000000005
2022-02-22 17:00:00,1395.8000000000006
2022-02-22 18:00:00,1390.3000000000006
2022-02-22 19:00:00,1397.6000000000006
2022-02-22 20:00:00,1394.8000000000006
2022-02-23 06:00:00,1388.6000000000006
2022-02-23 14:00:00,1401.2000000000005
2022-02-23 15:00:00,1399.2000000000005
2022-02-23 16:00:00,1401.3000000000006
2022-02-23 17:00:00,1399.1000000000006
2022-02-23 18:00:00,1397.0000000000005
2022-02-23 19:00:00,1391.6000000000006
2022-02-23 20:00:00,1388.8000000000006
2022-02-24 06:00:00,1394.5000000000005
2022-02-24 14:00:00,1376.9000000000005
2022-02-24 15:00:00,1374.6000000000006
2022-02-24 16:00:00,1379.7000000000005
2022-02-24 17:00:00,1376.8000000000006
2022-02-24 18:00:00,1376.9000000000005
2022-02-24 19:00:00,1384.3000000000006
2022-02-24 20:00:00,1394.3000000000006
2022-02-25 06:00:00,1432.7000000000005
2022-02-25 14:00:00,1403.5000000000005
2022-02-25 15:00:00,1420.6000000000006
2022-02-25 16:00:00,1429.8000000000006
2022-02-25 17:00:00,1430.6000000000006
2022-02-25 18:00:00,1432.5000000000005
2022-02-25 19:00:00,1431.2000000000005
2022-02-25 20:00:00,1432.2000000000005
2022-02-28 06:00:00,1422.3000000000006
2022-02-28 14:00:00,1413.3000000000006
2022-02-28 15:00:00,1416.0000000000005
2022-02-28 16:00:00,1421.1000000000006
2022-02-28 17:00:00,1413.9000000000005
2022-02-28 18:00:00,1417.7000000000005
2022-02-28 19:00:00,1414.3000000000006
2022-02-28 20:00:00,1422.9000000000005
2022-03-01 06:00:00,1415.7000000000005
2022-03-01 09:00:00,1419.9000000000005
2022-03-01 14:00:00,1421.1000000000006
2022-03-01 15:00:00,1413.0000000000005
2022-03-01 16:00:00,1407.9000000000005
2022-03-01 17:00:00,1412.5000000000005
2022-03-01 18:00:00,1410.0000000000005
2022-03-01 19:00:00,1411.4000000000005
2022-03-01 20:00:00,1415.0000000000005
2022-03-01 21:00:00,1420.7000000000005
2022-03-02 06:00:00,1434.8000000000006
2022-03-02 11:00:00,1423.4000000000005
2022-03-02 14:00:00,1426.6000000000006
2022-03-02 15:00:00,1430.4000000000005
2022-03-02 16:00:00,1435.1000000000006
2022-03-02 17:00:00,1438.5000000000005
2022-03-02 18:00:00,1441.1000000000006
2022-03-02 19:00:00,1434.5000000000005
2022-03-02 20:00:00,1434.4000000000005
2022-03-02 21:00:00,1428.8000000000006
2022-03-03 06:00:00,1441.1000000000006
2022-03-03 14:00:00,1444.8000000000006
2022-03-03 15:00:00,1436.2000000000005
2022-03-03 16:00:00,1436.4000000000005
2022-03-03 17:00:00,1441.4000000000005
2022-03-03 18:00:00,1446.3000000000006
2022-03-03 19:00:00,1441.4000000000005
2022-03-03 20:00:00,1441.2000000000005
2022-03-03 21:00:00,1440.4000000000005
2022-03-04 06:00:00,1448.6000000000006
2022-03-04 14:00:00,1431.0000000000005
2022-03-04 15:00:00,1427.6000000000006
2022-03-04 16:00:00,1438.0000000000005
2022-03-04 17:00:00,1444.1000000000006
2022-03-04 18:00:00,1443.8000000000006
2022-03-04 19:00:00,1442.1000000000006
2022-03-04 20:00:00,1448.5000000000005
2022-03-07 06:00:00,1425.6000000000006
2022-03-07 14:00:00,1433.8000000000006
2022-03-07 15:00:00,1433.6000000000006
2022-03-07 16:00:00,1421.9000000000005
2022-03-07 17:00:00,1424.7000000000005
2022-03-07 18:00:00,1427.9000000000005
2022-03-07 19:00:00,1427.4000000000005
2022-03-07 20:00:00,1425.9000000000005
2022-03-08 06:00:00,1398.2000000000005
2022-03-08 14:00:00,1407.0000000000005
2022-03-08 15:00:00,1408.1000000000006
2022-03-08 16:00:00,1406.7000000000005
2022-03-08 17:00:00,1419.0000000000005
2022-03-08 18:00:00,1405.8000000000006
2022-03-08 19:00:00,1412.2000000000005
2022-03-08 20:00:00,1398.2000000000005
2022-03-09 06:00:00,1422.3000000000006
2022-03-09 14:00:00,1410.3000000000006
2022-03-09 15:00:00,1414.5000000000005
2022-03-09 16:00:00,1421.1000000000006
2022-03-09 17:00:00,1422.9000000000005
2022-03-09 18:00:00,1421.4000000000005
2022-03-09 19:00:00,1421.7000000000005
2022-03-09 20:00:00,1421.6000000000006
2022-03-10 06:00:00,1421.7000000000005
2022-03-10 14:00:00,1409.5000000000005
2022-03-10 15:00:00,1409.8000000000006
2022-03-10 16:00:00,1410.8000000000006
2022-03-10 17:00:00,1413.4000000000005
2022-03-10 18:00:00,1418.3000000000006
2022-03-10 19:00:00,1422.2000000000005
2022-03-10 20:00:00,1421.0000000000005
2022-03-11 06:00:00,1411.3000000000006
2022-03-11 14:00:00,1430.9000000000005
2022-03-11 15:00:00,1428.6000000000006
2022-03-11 16:00:00,1424.2000000000007
2022-03-11 17:00:00,1422.5000000000007
2022-03-11 18:00:00,1424.4000000000005
2022-03-11 20:00:00,1411.2000000000007
2022-03-14 05:00:00,1421.7000000000007
2022-03-14 13:00:00,1434.3000000000006
2022-03-14 14:00:00,1435.8000000000006
2022-03-14 15:00:00,1433.8000000000006
2022-03-14 16:00:00,1425.2000000000007
2022-03-14 17:00:00,1420.4000000000005
2022-03-14 18:00:00,1420.2000000000007
2022-03-14 19:00:00,1421.8000000000006
2022-03-15 05:00:00,1446.2000000000007
2022-03-15 13:00:00,1433.9000000000005
2022-03-15 14:00:00,1431.4000000000005
2022-03-15 15:00:00,1437.2000000000007
2022-03-15 16:00:00,1441.8000000000006
2022-03-15 17:00:00,1440.9000000000005
2022-03-15 18:00:00,1446.6000000000006
2022-03-15 19:00:00,1446.5000000000007
2022-03-16 05:00:00,1463.8000000000006
2022-03-16 13:00:00,1456.3000000000006
2022-03-16 14:00:00,1456.3000000000006
2022-03-16 15:00:00,1454.9000000000005
2022-03-16 16:00:00,1454.2000000000007
2022-03-16 17:00:00,1453.7000000000007
2022-03-16 18:00:00,1451.1000000000006
2022-03-16 19:00:00,1463.8000000000006
2022-03-17 05:00:00,1485.0000000000007
2022-03-17 13:00:00,1465.7000000000007
2022-03-17 14:00:00,1470.2000000000007
2022-03-17 15:00:00,1475.2000000000007
2022-03-17 16:00:00,1478.5000000000007
2022-03-17 17:00:00,1482.9000000000005
2022-03-17 18:00:00,1480.1000000000006
2022-03-17 19:00:00,1485.3000000000006
2022-03-18 05:00:00,1494.5000000000007
2022-03-18 13:00:00,1484.5000000000007
2022-03-18 14:00:00,1483.4000000000005
2022-03-18 15:00:00,1482.5000000000007
2022-03-18 16:00:00,1485.5000000000007
2022-03-18 17:00:00,1488.5000000000007
2022-03-18 18:00:00,1488.6000000000006
2022-03-18 19:00:00,1493.4000000000005
2022-03-21 05:00:00,1492.2000000000007
2022-03-21 13:00:00,1498.3000000000006
2022-03-21 14:00:00,1495.4000000000005
2022-03-21 15:00:00,1494.0000000000007
2022-03-21 16:00:00,1489.1000000000006
2022-03-21 17:00:00,1488.8000000000006
2022-03-21 18:00:00,1489.9000000000005
2022-03-21 19:00:00,1492.4000000000005
2022-03-22 05:00:00,1492.6000000000006
2022-03-22 13:00:00,1489.2000000000007
2022-03-22 14:00:00,1491.3000000000006
2022-03-22 15:00:00,1491.4000000000005
2022-03-22 16:00:00,1492.9000000000005
2022-03-22 17:00:00,1492.5000000000007
2022-03-22 18:00:00,1491.0000000000007
2022-03-22 19:00:00,1492.6000000000006
2022-03-22 20:00:00,1490.8000000000006
2022-03-23 05:00:00,1468.0000000000007
2022-03-23 13:00:00,1480.5000000000007
2022-03-23 14:00:00,1477.5000000000007
2022-03-23 15:00:00,1477.1000000000006
2022-03-23 16:00:00,1473.6000000000006
2022-03-23 17:00:00,1472.4000000000005
2022-03-23 18:00:00,1471.6000000000006
2022-03-23 19:00:00,1468.0000000000007
2022-03-24 05:00:00,1483.7000000000007
2022-03-24 13:00:00,1471.2000000000007
2022-03-24 14:00:00,1473.2000000000007
2022-03-24 15:00:00,1480.4000000000005
2022-03-24 16:00:00,1477.4000000000005
2022-03-24 17:00:00,1479.9000000000005
2022-03-24 18:00:00,1478.2000000000007
2022-03-24 19:00:00,1483.7000000000007
2022-03-25 05:00:00,1490.6000000000006
2022-03-25 13:00:00,1487.0000000000007
2022-03-25 14:00:00,1491.1000000000006
2022-03-25 15:00:00,1482.3000000000006
2022-03-25 16:00:00,1483.6000000000006
2022-03-25 17:00:00,1484.8000000000006
2022-03-25 18:00:00,1487.5000000000007
2022-03-25 19:00:00,1490.3000000000006
2022-03-28 05:00:00,1501.0000000000007
2022-03-28 13:00:00,1495.8000000000006
2022-03-28 14:00:00,1494.3000000000006
2022-03-28 15:00:00,1488.2000000000007
2022-03-28 16:00:00,1490.2000000000007
2022-03-28 17:00:00,1491.4000000000005
2022-03-28 18:00:00,1494.8000000000006
2022-03-28 19:00:00,1501.1000000000006
2022-03-29 05:00:00,1508.2000000000007
2022-03-29 13:00:00,1511.0000000000007
2022-03-29 14:00:00,1508.6000000000006
2022-03-29 15:00:00,1506.5000000000007
2022-03-29 16:00:00,1502.1000000000006
2022-03-29 17:00:00,1502.9000000000005
2022-03-29 18:00:00,1505.7000000000007
2022-03-29 19:00:00,1508.6000000000006
2022-03-30 05:00:00,1511.7000000000007
2022-03-30 13:00:00,1515.8000000000006
2022-03-30 14:00:00,1512.5000000000007
2022-03-30 15:00:00,1515.1000000000006
2022-03-30 16:00:00,1509.1000000000006
2022-03-30 17:00:00,1507.7000000000007
2022-03-30 18:00:00,1507.0000000000007
2022-03-30 19:00:00,1512.4000000000005
2022-03-31 05:00:00,1496.2000000000007
2022-03-31 13:00:00,1514.9000000000005
2022-03-31 14:00:00,1512.7000000000007
2022-03-31 15:00:00,1514.8000000000006
2022-03-31 16:00:00,1513.3000000000006
2022-03-31 17:00:00,1514.4000000000005
2022-03-31 18:00:00,1510.6000000000006
2022-03-31 19:00:00,1496.7000000000007
2022-04-01 05:00:00,1508.9000000000005
2022-04-01 13:00:00,1499.5000000000007
2022-04-01 14:00:00,1499.6000000000006
2022-04-01 15:00:00,1499.0000000000007
2022-04-01 16:00:00,1499.6000000000006
2022-04-01 17:00:00,1502.0000000000007
2022-04-01 18:00:00,1507.2000000000007
2022-04-01 19:00:00,1508.8000000000006
2022-04-04 05:00:00,1497.4000000000005
2022-04-04 13:00:00,1501.0000000000007
2022-04-04 14:00:00,1498.9000000000005
2022-04-04 15:00:00,1502.3000000000006
2022-04-04 16:00:00,1498.7000000000007
2022-04-04 17:00:00,1499.5000000000007
2022-04-04 18:00:00,1498.4000000000005
2022-04-04 19:00:00,1497.3000000000006
2022-04-04 20:00:00,1497.6000000000006
2022-04-05 05:00:00,1499.9000000000005
2022-04-05 13:00:00,1513.2000000000007
2022-04-05 14:00:00,1515.9000000000005
2022-04-05 15:00:00,1511.2000000000007
2022-04-05 16:00:00,1510.2000000000007
2022-04-05 17:00:00,1507.6000000000006
2022-04-05 18:00:00,1504.9000000000005
2022-04-05 19:00:00,1500.0000000000007
2022-04-06 05:00:00,1522.1000000000006
2022-04-06 13:00:00,1505.2000000000007
2022-04-06 14:00:00,1502.5000000000007
2022-04-06 15:00:00,1511.7000000000007
2022-04-06 16:00:00,1511.6000000000006
2022-04-06 17:00:00,1514.1000000000006
2022-04-06 18:00:00,1519.0000000000007
2022-04-06 19:00:00,1521.7000000000007
2022-04-07 05:00:00,1548.0000000000007
2022-04-07 13:00:00,1535.1000000000006
2022-04-07 14:00:00,1536.5000000000007
2022-04-07 15:00:00,1540.0000000000007
2022-04-07 16:00:00,1543.0000000000007
2022-04-07 17:00:00,1548.5000000000007
2022-04-07 18:00:00,1549.7000000000007
2022-04-07 19:00:00,1547.9000000000005
2022-04-08 05:00:00,1555.4000000000005
2022-04-08 13:00:00,1550.7000000000007
2022-04-08 14:00:00,1554.0000000000007
2022-04-08 15:00:00,1558.5000000000007
2022-04-08 16:00:00,1559.9000000000005
2022-04-08 17:00:00,1561.4000000000005
2022-04-08 18:00:00,1559.2000000000007
2022-04-08 19:00:00,1556.0000000000007
2022-04-11 05:00:00,1527.7000000000007
2022-04-11 13:00:00,1543.1000000000006
2022-04-11 14:00:00,1540.7000000000007
2022-04-11 15:00:00,1541.4000000000005
2022-04-11 16:00:00,1537.2000000000007
2022-04-11 17:00:00,1534.4000000000005
2022-04-11 18:00:00,1535.6000000000006
2022-04-11 19:00:00,1529.0000000000007
2022-04-12 05:00:00,1515.2000000000007
2022-04-12 13:00:00,1525.7000000000007
2022-04-12 14:00:00,1523.0000000000007
2022-04-12 15:00:00,1527.8000000000006
2022-04-12 16:00:00,1521.7000000000007
2022-04-12 17:00:00,1518.4000000000005
2022-04-12 18:00:00,1515.8000000000006
2022-04-12 19:00:00,1515.1000000000006
2022-04-13 05:00:00,1521.7000000000007
2022-04-13 13:00:00,1512.7000000000007
2022-04-13 14:00:00,1511.0000000000007
2022-04-13 15:00:00,1511.2000000000007
2022-04-13 16:00:00,1516.9000000000005
2022-04-13 17:00:00,1519.3000000000006
2022-04-13 18:00:00,1520.8000000000006
2022-04-13 19:00:00,1522.0000000000007
2022-04-14 05:00:00,1514.6000000000006
2022-04-14 13:00:00,1521.8000000000006
2022-04-14 14:00:00,1524.4000000000005
2022-04-14 15:00:00,1519.8000000000006
2022-04-14 16:00:00,1518.4000000000005
2022-04-14 17:00:00,1525.5000000000007
2022-04-14 18:00:00,1521.0000000000007
2022-04-14 19:00:00,1514.9000000000005
2022-04-18 05:00:00,1498.6000000000006
2022-04-18 13:00:00,1507.5000000000007
2022-04-18 14:00:00,1502.4000000000005
2022-04-18 15:00:00,1499.3000000000006
2022-04-18 16:00:00,1499.3000000000006
2022-04-18 17:00:00,1504.8000000000006
2022-04-18 18:00:00,1501.1000000000006
2022-04-18 19:00:00,1498.6000000000006
2022-04-19 05:00:00,1512.1000000000006
2022-04-19 13:00:00,1509.5000000000007
2022-04-19 14:00:00,1514.8000000000006
2022-04-19 15:00:00,1512.3000000000006
2022-04-19 17:00:00,1506.9000000000005
2022-04-19 18:00:00,1508.7000000000007
2022-04-19 19:00:00,1512.1000000000006
2022-04-20 05:00:00,1531.2000000000007
2022-04-20 13:00:00,1516.3000000000006
2022-04-20 14:00:00,1531.2000000000007
2022-04-20 15:00:00,1532.7000000000007
2022-04-20 16:00:00,1536.2000000000007
2022-04-20 17:00:00,1534.6000000000006
2022-04-20 18:00:00,1526.5000000000007
2022-04-20 19:00:00,1531.4000000000005
2022-04-21 05:00:00,1515.2000000000007
2022-04-21 13:00:00,1534.1000000000006
2022-04-21 14:00:00,1531.1000000000006
2022-04-21 15:00:00,1531.1000000000006
2022-04-21 16:00:00,1524.3000000000006
2022-04-21 17:00:00,1525.6000000000006
2022-04-21 18:00:00,1521.8000000000006
2022-04-21 19:00:00,1515.1000000000006
2022-04-22 05:00:00,1463.6000000000006
2022-04-22 13:00:00,1486.5000000000007
2022-04-22 14:00:00,1475.8000000000006
2022-04-22 15:00:00,1476.0000000000007
2022-04-22 16:00:00,1475.8000000000006
2022-04-22 17:00:00,1474.6000000000006
2022-04-22 18:00:00,1466.6000000000006
2022-04-22 19:00:00,1465.3000000000006
2022-04-25 05:00:00,1472.4000000000005
2022-04-25 13:00:00,1450.6000000000006
2022-04-25 14:00:00,1450.3000000000006
2022-04-25 15:00:00,1448.0000000000007
2022-04-25 16:00:00,1453.4000000000005
2022-04-25 17:00:00,1457.6000000000006
2022-04-25 18:00:00,1466.2000000000007
2022-04-25 19:00:00,1472.4000000000005
2022-04-26 05:00:00,1447.8000000000006
2022-04-26 13:00:00,1468.5000000000007
2022-04-26 14:00:00,1461.1000000000006
2022-04-26 15:00:00,1457.5000000000007
2022-04-26 16:00:00,1458.7000000000007
2022-04-26 17:00:00,1453.3000000000006
2022-04-26 18:00:00,1454.3000000000006
2022-04-26 19:00:00,1447.8000000000006
2022-04-26 20:00:00,1446.7000000000007
2022-04-27 05:00:00,1446.3000000000006
2022-04-27 08:00:00,1452.0000000000007
2022-04-27 10:00:00,1452.8000000000006
2022-04-27 13:00:00,1453.5000000000007
2022-04-27 14:00:00,1446.3000000000006
2022-04-27 15:00:00,1449.7000000000007
2022-04-27 16:00:00,1455.8000000000006
2022-04-27 17:00:00,1458.3000000000006
2022-04-27 18:00:00,1451.1000000000006
2022-04-27 19:00:00,1445.8000000000006
2022-04-28 05:00:00,1464.2000000000007
2022-04-28 07:00:00,1451.1000000000006
2022-04-28 13:00:00,1456.5000000000007
2022-04-28 14:00:00,1445.6000000000006
2022-04-28 15:00:00,1448.2000000000007
2022-04-28 16:00:00,1457.9000000000005
2022-04-28 17:00:00,1461.9000000000005
2022-04-28 18:00:00,1464.2000000000007
2022-04-28 19:00:00,1464.2000000000007
2022-04-29 05:00:00,1429.1000000000006
2022-04-29 13:00:00,1452.8000000000006
2022-04-29 14:00:00,1443.6000000000006
2022-04-29 15:00:00,1444.5000000000007
2022-04-29 16:00:00,1437.8000000000006
2022-04-29 17:00:00,1439.5000000000007
2022-04-29 18:00:00,1436.4000000000005
2022-04-29 19:00:00,1429.4000000000005
2022-05-02 05:00:00,1421.5000000000007
2022-05-02 13:00:00,1421.9000000000005
2022-05-02 14:00:00,1427.4000000000005
2022-05-02 15:00:00,1422.9000000000005
2022-05-02 16:00:00,1415.9000000000005
2022-05-02 17:00:00,1407.5000000000007
2022-05-02 18:00:00,1403.1000000000006
2022-05-02 19:00:00,1421.1000000000006
2022-05-03 05:00:00,1425.3000000000006
2022-05-03 13:00:00,1424.2000000000007
2022-05-03 14:00:00,1429.6000000000006
2022-05-03 15:00:00,1434.1000000000006
2022-05-03 16:00:00,1426.5000000000007
2022-05-03 17:00:00,1427.3000000000006
2022-05-03 18:00:00,1427.8000000000006
2022-05-03 19:00:00,1425.3000000000006
2022-05-04 05:00:00,1454.5000000000007
2022-05-04 13:00:00,1415.5000000000007
2022-05-04 14:00:00,1421.7000000000007
2022-05-04 15:00:00,1426.0000000000007
2022-05-04 16:00:00,1430.2000000000007
2022-05-04 17:00:00,1429.3000000000006
2022-05-04 18:00:00,1446.0000000000007
2022-05-04 19:00:00,1454.6000000000006
2022-05-05 05:00:00,1427.8000000000006
2022-05-05 13:00:00,1445.8000000000006
2022-05-05 14:00:00,1428.7000000000007
2022-05-05 15:00:00,1419.9000000000005
2022-05-05 16:00:00,1423.9000000000005
2022-05-05 17:00:00,1425.1000000000006
2022-05-05 18:00:00,1425.3000000000006
2022-05-05 19:00:00,1429.6000000000006
2022-05-06 05:00:00,1424.0000000000007
2022-05-06 13:00:00,1413.4000000000005
2022-05-06 14:00:00,1421.6000000000006
2022-05-06 15:00:00,1414.1000000000006
2022-05-06 16:00:00,1423.3000000000006
2022-05-06 17:00:00,1415.8000000000006
2022-05-06 18:00:00,1418.8000000000006
2022-05-06 19:00:00,1423.6000000000006
2022-05-09 05:00:00,1390.1000000000006
2022-05-09 13:00:00,1402.0000000000007
2022-05-09 14:00:00,1397.9000000000005
2022-05-09 15:00:00,1398.4000000000005
2022-05-09 16:00:00,1396.0000000000007
2022-05-09 17:00:00,1395.9000000000005
2022-05-09 18:00:00,1398.5000000000007
2022-05-09 19:00:00,1389.8000000000006
2022-05-10 05:00:00,1394.1000000000006
2022-05-10 07:00:00,1397.3000000000006
2022-05-10 13:00:00,1404.1000000000006
2022-05-10 14:00:00,1397.3000000000006
2022-05-10 15:00:00,1387.7000000000007
2022-05-10 16:00:00,1388.0000000000007
2022-05-10 17:00:00,1401.2000000000007
2022-05-10 18:00:00,1396.7000000000007
2022-05-10 19:00:00,1394.1000000000006
2022-05-11 05:00:00,1386.0000000000007
2022-05-11 13:00:00,1402.9000000000005
2022-05-11 14:00:00,1408.1000000000006
2022-05-11 15:00:00,1410.4000000000005
2022-05-11 16:00:00,1399.7000000000007
2022-05-11 17:00:00,1390.2000000000007
2022-05-11 18:00:00,1393.7000000000007
2022-05-11 19:00:00,1385.8000000000006
2022-05-12 05:00:00,1397.8000000000006
2022-05-12 12:00:00,1380.1000000000006
2022-05-12 13:00:00,1382.9000000000005
2022-05-12 14:00:00,1388.0000000000007
2022-05-12 15:00:00,1381.2000000000007
2022-05-12 16:00:00,1387.6000000000006
2022-05-12 17:00:00,1388.1000000000006
2022-05-12 18:00:00,1383.5000000000007
2022-05-12 19:00:00,1397.8000000000006
2022-05-13 05:00:00,1412.1000000000006
2022-05-13 13:00:00,1405.0000000000007
2022-05-13 14:00:00,1413.4000000000005
2022-05-13 15:00:00,1411.8000000000006
2022-05-13 16:00:00,1411.6000000000006
2022-05-13 17:00:00,1408.5000000000007
2022-05-13 18:00:00,1409.2000000000007
2022-05-13 19:00:00,1412.4000000000005
2022-05-16 05:00:00,1420.9000000000005
2022-05-16 13:00:00,1413.0000000000007
2022-05-16 14:00:00,1416.4000000000005
2022-05-16 15:00:00,1421.9000000000005
2022-05-16 16:00:00,1417.1000000000006
2022-05-16 17:00:00,1426.6000000000006
2022-05-16 18:00:00,1428.2000000000007
2022-05-16 19:00:00,1422.2000000000007
2022-05-17 05:00:00,1439.3000000000006
2022-05-17 13:00:00,1428.9000000000005
2022-05-17 14:00:00,1431.1000000000006
2022-05-17 15:00:00,1435.8000000000006
2022-05-17 16:00:00,1438.0000000000007
2022-05-17 17:00:00,1438.1000000000006
2022-05-17 18:00:00,1437.8000000000006
2022-05-17 19:00:00,1439.8000000000006
2022-05-18 05:00:00,1406.5000000000007
2022-05-18 13:00:00,1424.2000000000007
2022-05-18 14:00:00,1419.8000000000006
2022-05-18 15:00:00,1416.4000000000005
2022-05-18 16:00:00,1418.4000000000005
2022-05-18 17:00:00,1410.9000000000005
2022-05-18 18:00:00,1409.0000000000007
2022-05-18 19:00:00,1406.6000000000006
2022-05-19 05:00:00,1407.3000000000006
2022-05-19 13:00:00,1391.4000000000005
2022-05-19 14:00:00,1396.6000000000006
2022-05-19 15:00:00,1403.5000000000007
2022-05-19 16:00:00,1401.4000000000005
2022-05-19 17:00:00,1408.7000000000007
2022-05-19 18:00:00,1411.1000000000006
2022-05-19 19:00:00,1407.3000000000006
2022-05-20 05:00:00,1423.7000000000007
2022-05-20 13:00:00,1424.2000000000007
2022-05-20 14:00:00,1411.1000000000006
2022-05-20 15:00:00,1408.5000000000007
2022-05-20 16:00:00,1403.0000000000007
2022-05-20 17:00:00,1404.1000000000006
2022-05-20 18:00:00,1409.1000000000006
2022-05-20 19:00:00,1424.0000000000007
2022-05-23 05:00:00,1435.8000000000006
2022-05-23 13:00:00,1435.4000000000005
2022-05-23 14:00:00,1434.3000000000006
2022-05-23 15:00:00,1438.3000000000006
2022-05-23 16:00:00,1435.3000000000006
2022-05-23 17:00:00,1436.0000000000007
2022-05-23 18:00:00,1437.7000000000007
2022-05-23 19:00:00,1436.0000000000007
2022-05-24 05:00:00,1438.2000000000007
2022-05-24 13:00:00,1434.6000000000006
2022-05-24 14:00:00,1425.2000000000007
2022-05-24 15:00:00,1429.0000000000007
2022-05-24 16:00:00,1428.5000000000007
2022-05-24 17:00:00,1430.8000000000006
2022-05-24 18:00:00,1429.5000000000007
2022-05-24 19:00:00,1439.1000000000006
2022-05-25 05:00:00,1438.6000000000006
2022-05-25 13:00:00,1440.6000000000006
2022-05-25 14:00:00,1443.7000000000007
2022-05-25 15:00:00,1434.3000000000006
2022-05-25 16:00:00,1431.0000000000007
2022-05-25 17:00:00,1432.1000000000006
2022-05-25 18:00:00,1435.6000000000006
2022-05-25 19:00:00,1438.7000000000007
2022-05-26 05:00:00,1443.8000000000006
2022-05-26 13:00:00,1444.3000000000006
2022-05-26 14:00:00,1445.2000000000007
2022-05-26 15:00:00,1440.2000000000007
2022-05-26 16:00:00,1444.1000000000006
2022-05-26 17:00:00,1445.1000000000006
2022-05-26 18:00:00,1446.5000000000007
2022-05-26 19:00:00,1443.9000000000005
2022-05-27 05:00:00,1465.9000000000005
2022-05-27 13:00:00,1453.5000000000007
2022-05-27 14:00:00,1454.6000000000006
2022-05-27 15:00:00,1456.3000000000006
2022-05-27 16:00:00,1456.0000000000007
2022-05-27 17:00:00,1457.1000000000006
2022-05-27 18:00:00,1457.5000000000007
2022-05-27 19:00:00,1466.1000000000006
2022-05-31 05:00:00,1447.5000000000007
2022-05-31 13:00:00,1443.5000000000007
2022-05-31 14:00:00,1448.6000000000006
2022-05-31 15:00:00,1449.3000000000006
2022-05-31 16:00:00,1451.7000000000007
2022-05-31 17:00:00,1453.8000000000006
2022-05-31 18:00:00,1446.7000000000007
2022-05-31 19:00:00,1447.3000000000006
2022-06-01 05:00:00,1428.6000000000006
2022-06-01 13:00:00,1438.1000000000006
2022-06-01 14:00:00,1427.2000000000007
2022-06-01 15:00:00,1419.3000000000006
2022-06-01 16:00:00,1419.8000000000006
2022-06-01 17:00:00,1425.5000000000007
2022-06-01 18:00:00,1430.8000000000006
2022-06-01 19:00:00,1428.6000000000006
2022-06-02 05:00:00,1438.5000000000007
2022-06-02 13:00:00,1407.7000000000007
2022-06-02 14:00:00,1413.6000000000006
2022-06-02 15:00:00,1425.3000000000006
2022-06-02 16:00:00,1427.1000000000006
2022-06-02 17:00:00,1428.7000000000007
2022-06-02 18:00:00,1431.8000000000006
2022-06-02 19:00:00,1438.9000000000005
2022-06-02 20:00:00,1438.4000000000005
2022-06-03 05:00:00,1423.3000000000006
2022-06-03 13:00:00,1429.9000000000005
2022-06-03 14:00:00,1430.1000000000006
2022-06-03 15:00:00,1425.5000000000007
2022-06-03 16:00:00,1426.2000000000007
2022-06-03 17:00:00,1426.3000000000006
2022-06-03 18:00:00,1428.5000000000007
2022-06-03 19:00:00,1423.4000000000005
2022-06-06 05:00:00,1423.8000000000006
2022-06-06 13:00:00,1428.4000000000005
2022-06-06 14:00:00,1433.3000000000006
2022-06-06 15:00:00,1430.1000000000006
2022-06-06 16:00:00,1422.4000000000005
2022-06-06 17:00:00,1427.3000000000006
2022-06-06 18:00:00,1423.0000000000007
2022-06-06 19:00:00,1423.5000000000007
2022-06-07 05:00:00,1440.3000000000006
2022-06-07 13:00:00,1423.5000000000007
2022-06-07 14:00:00,1428.7000000000007
2022-06-07 15:00:00,1425.3000000000006
2022-06-07 16:00:00,1424.9000000000005
2022-06-07 17:00:00,1432.0000000000007
2022-06-07 18:00:00,1434.5000000000007
2022-06-07 19:00:00,1440.1000000000006
2022-06-08 05:00:00,1430.3000000000006
2022-06-08 13:00:00,1437.5000000000007
2022-06-08 14:00:00,1436.7000000000007
2022-06-08 15:00:00,1440.4000000000005
2022-06-08 16:00:00,1434.5000000000007
2022-06-08 17:00:00,1430.8000000000006
2022-06-08 18:00:00,1429.7000000000007
2022-06-08 19:00:00,1429.9000000000005
2022-06-09 05:00:00,1400.1000000000006
2022-06-09 13:00:00,1428.7000000000007
2022-06-09 14:00:00,1417.8000000000006
2022-06-09 15:00:00,1420.8000000000006
2022-06-09 16:00:00,1422.8000000000006
2022-06-09 17:00:00,1421.5000000000007
2022-06-09 18:00:00,1415.8000000000006
2022-06-09 19:00:00,1400.4000000000005
2022-06-10 05:00:00,1378.9000000000005
2022-06-10 13:00:00,1377.3000000000004
2022-06-10 14:00:00,1381.2000000000005
2022-06-10 15:00:00,1381.4000000000005
2022-06-10 16:00:00,1381.6000000000006
2022-06-10 17:00:00,1383.7000000000005
2022-06-10 18:00:00,1385.3000000000004
2022-06-10 19:00:00,1378.8000000000004
2022-06-13 05:00:00,1341.4000000000005
2022-06-13 13:00:00,1352.9000000000005
2022-06-13 14:00:00,1347.1000000000006
2022-06-13 15:00:00,1349.7000000000005
2022-06-13 16:00:00,1347.4000000000005
2022-06-13 17:00:00,1349.9000000000005
2022-06-13 18:00:00,1346.5000000000005
2022-06-13 19:00:00,1341.4000000000005
2022-06-14 05:00:00,1329.6000000000006
2022-06-14 13:00:00,1337.6000000000006
2022-06-14 14:00:00,1332.0000000000005
2022-06-14 15:00:00,1330.9000000000005
2022-06-14 16:00:00,1324.5000000000005
2022-06-14 17:00:00,1327.9000000000005
2022-06-14 18:00:00,1323.4000000000005
2022-06-14 19:00:00,1329.9000000000005
2022-06-15 05:00:00,1341.0000000000005
2022-06-15 13:00:00,1339.6000000000006
2022-06-15 14:00:00,1337.2000000000005
2022-06-15 15:00:00,1337.8000000000004
2022-06-15 16:00:00,1335.2000000000005
2022-06-15 17:00:00,1337.5000000000005
2022-06-15 18:00:00,1340.8000000000004
2022-06-15 19:00:00,1341.6000000000006
2022-06-16 05:00:00,1323.0000000000005
2022-06-16 13:00:00,1315.8000000000004
2022-06-16 14:00:00,1313.5000000000005
2022-06-16 15:00:00,1317.7000000000005
2022-06-16 16:00:00,1318.5000000000005
2022-06-16 17:00:00,1319.5000000000005
2022-06-16 18:00:00,1313.0000000000005
2022-06-16 19:00:00,1323.9000000000005
2022-06-17 05:00:00,1322.2000000000005
2022-06-17 13:00:00,1338.2000000000005
2022-06-17 14:00:00,1326.2000000000005
2022-06-17 15:00:00,1325.6000000000006
2022-06-17 16:00:00,1324.8000000000004
2022-06-17 17:00:00,1328.4000000000005
2022-06-17 18:00:00,1330.6000000000006
2022-06-17 19:00:00,1321.5000000000005
2022-06-21 05:00:00,1354.4000000000005
2022-06-21 13:00:00,1347.4000000000005
2022-06-21 14:00:00,1351.3000000000004
2022-06-21 15:00:00,1349.8000000000004
2022-06-21 16:00:00,1353.5000000000005
2022-06-21 17:00:00,1355.9000000000005
2022-06-21 18:00:00,1359.3000000000004
2022-06-21 19:00:00,1354.4000000000005
2022-06-22 05:00:00,1372.9000000000005
2022-06-22 13:00:00,1364.6000000000006
2022-06-22 14:00:00,1373.2000000000005
2022-06-22 15:00:00,1374.2000000000005
2022-06-22 16:00:00,1377.2000000000005
2022-06-22 17:00:00,1379.9000000000005
2022-06-22 18:00:00,1379.5000000000005
2022-06-22 19:00:00,1372.4000000000005
2022-06-23 05:00:00,1401.1000000000006
2022-06-23 13:00:00,1391.0000000000005
2022-06-23 14:00:00,1393.9000000000005
2022-06-23 15:00:00,1389.2000000000005
2022-06-23 16:00:00,1385.9000000000005
2022-06-23 17:00:00,1390.7000000000005
2022-06-23 18:00:00,1396.8000000000004
2022-06-23 19:00:00,1401.5000000000005
2022-06-24 05:00:00,1422.7000000000005
2022-06-24 09:00:00,1399.2000000000005
2022-06-24 13:00:00,1404.5000000000005
2022-06-24 14:00:00,1410.2000000000005
2022-06-24 15:00:00,1411.5000000000005
2022-06-24 16:00:00,1414.1000000000006
2022-06-24 17:00:00,1413.6000000000006
2022-06-24 18:00:00,1414.7000000000005
2022-06-24 19:00:00,1422.9000000000005
2022-06-27 05:00:00,1426.6000000000006
2022-06-27 13:00:00,1419.5000000000005
2022-06-27 14:00:00,1429.1000000000006
2022-06-27 15:00:00,1430.8000000000004
2022-06-27 16:00:00,1430.6000000000006
2022-06-27 17:00:00,1428.7000000000005
2022-06-27 18:00:00,1428.7000000000005
2022-06-27 19:00:00,1426.6000000000006
2022-06-28 05:00:00,1404.2000000000005
2022-06-28 13:00:00,1430.0000000000005
2022-06-28 14:00:00,1426.4000000000005
2022-06-28 15:00:00,1416.0000000000005
2022-06-28 16:00:00,1412.1000000000006
2022-06-28 17:00:00,1407.1000000000006
2022-06-28 18:00:00,1404.5000000000005
2022-06-28 19:00:00,1404.6000000000006
2022-06-28 20:00:00,1406.8000000000004
2022-06-29 05:00:00,1415.4000000000005
2022-06-29 13:00:00,1408.1000000000006
2022-06-29 14:00:00,1414.8000000000004
2022-06-29 15:00:00,1415.1000000000006
2022-06-29 16:00:00,1415.1000000000006
2022-06-29 17:00:00,1416.3000000000004
2022-06-29 18:00:00,1416.4000000000005
2022-06-29 19:00:00,1415.4000000000005
2022-06-29 20:00:00,1414.9000000000005
2022-06-30 05:00:00,1411.5000000000005
2022-06-30 13:00:00,1404.0000000000005
2022-06-30 14:00:00,1409.0000000000005
2022-06-30 15:00:00,1410.7000000000005
2022-06-30 16:00:00,1416.6000000000006
2022-06-30 17:00:00,1417.6000000000006
2022-06-30 18:00:00,1411.9000000000005
2022-06-30 19:00:00,1413.7000000000005
2022-06-30 20:00:00,1408.7000000000005
2022-07-01 05:00:00,1426.1000000000006
2022-07-01 13:00:00,1412.1000000000006
2022-07-01 14:00:00,1402.6000000000006
2022-07-01 15:00:00,1409.4000000000005
2022-07-01 16:00:00,1405.7000000000005
2022-07-01 17:00:00,1411.8000000000004
2022-07-01 18:00:00,1419.5000000000005
2022-07-01 19:00:00,1426.9000000000005
2022-07-05 05:00:00,1418.8000000000004
2022-07-05 13:00:00,1404.4000000000005
2022-07-05 14:00:00,1393.4000000000005
2022-07-05 15:00:00,1398.6000000000006
2022-07-05 16:00:00,1399.5000000000005
2022-07-05 17:00:00,1403.6000000000006
2022-07-05 18:00:00,1412.7000000000005
2022-07-05 19:00:00,1418.6000000000006
2022-07-06 05:00:00,1427.7000000000005
2022-07-06 13:00:00,1424.7000000000005
2022-07-06 14:00:00,1426.1000000000006
2022-07-06 15:00:00,1423.6000000000006
2022-07-06 16:00:00,1420.8000000000004
2022-07-06 17:00:00,1421.7000000000005
2022-07-06 18:00:00,1428.7000000000005
2022-07-06 19:00:00,1427.4000000000005
2022-07-07 05:00:00,1433.1000000000006
2022-07-07 13:00:00,1433.7000000000005
2022-07-07 14:00:00,1430.1000000000006
2022-07-07 15:00:00,1431.7000000000005
2022-07-07 16:00:00,1429.6000000000006
2022-07-07 17:00:00,1433.4000000000005
2022-07-07 18:00:00,1431.0000000000005
2022-07-07 19:00:00,1433.1000000000006
2022-07-08 05:00:00,1436.6000000000006
2022-07-08 13:00:00,1435.5000000000005
2022-07-08 14:00:00,1446.9000000000005
2022-07-08 15:00:00,1443.5000000000005
2022-07-08 16:00:00,1440.7000000000005
2022-07-08 17:00:00,1440.6000000000006
2022-07-08 18:00:00,1442.4000000000005
2022-07-08 19:00:00,1436.1000000000006
2022-07-11 05:00:00,1433.7000000000005
2022-07-11 13:00:00,1434.6000000000006
2022-07-11 14:00:00,1434.0000000000005
2022-07-11 15:00:00,1434.9000000000005
2022-07-11 16:00:00,1435.9000000000005
2022-07-11 17:00:00,1436.5000000000005
2022-07-11 18:00:00,1437.4000000000005
2022-07-11 19:00:00,1434.1000000000006
2022-07-12 05:00:00,1416.6000000000006
2022-07-12 13:00:00,1432.2000000000005
2022-07-12 14:00:00,1425.1000000000006
2022-07-12 15:00:00,1424.2000000000005
2022-07-12 16:00:00,1424.8000000000004
2022-07-12 17:00:00,1423.0000000000005
2022-07-12 18:00:00,1422.5000000000005
2022-07-12 19:00:00,1416.5000000000005
2022-07-13 05:00:00,1404.4000000000005
2022-07-13 13:00:00,1405.7000000000005
2022-07-13 14:00:00,1408.2000000000005
2022-07-13 15:00:00,1407.9000000000005
2022-07-13 16:00:00,1410.0000000000005
2022-07-13 17:00:00,1410.8000000000004
2022-07-13 18:00:00,1411.5000000000005
2022-07-13 19:00:00,1403.6000000000006
2022-07-14 05:00:00,1400.5000000000005
2022-07-14 13:00:00,1383.6000000000006
2022-07-14 14:00:00,1383.9000000000005
2022-07-14 15:00:00,1392.9000000000005
2022-07-14 16:00:00,1387.7000000000005
2022-07-14 17:00:00,1391.8000000000004
2022-07-14 18:00:00,1397.6000000000006
2022-07-14 19:00:00,1400.6000000000006
2022-07-15 05:00:00,1431.9000000000005
2022-07-15 12:00:00,1402.2000000000005
2022-07-15 13:00:00,1416.9000000000005
2022-07-15 14:00:00,1424.5000000000005
2022-07-15 15:00:00,1428.2000000000005
2022-07-15 16:00:00,1428.2000000000005
2022-07-15 17:00:00,1427.3000000000004
2022-07-15 18:00:00,1427.5000000000005
2022-07-15 19:00:00,1432.0000000000005
2022-07-18 05:00:00,1403.8000000000004
2022-07-18 13:00:00,1424.7000000000005
2022-07-18 14:00:00,1424.9000000000005
2022-07-18 15:00:00,1422.9000000000005
2022-07-18 16:00:00,1421.3000000000004
2022-07-18 17:00:00,1416.9000000000005
2022-07-18 18:00:00,1410.9000000000005
2022-07-18 19:00:00,1403.8000000000004
2022-07-19 05:00:00,1425.7000000000005
2022-07-19 13:00:00,1416.1000000000006
2022-07-19 14:00:00,1422.8000000000004
2022-07-19 15:00:00,1421.8000000000004
2022-07-19 16:00:00,1420.7000000000005
2022-07-19 17:00:00,1421.8000000000004
2022-07-19 18:00:00,1424.2000000000005
2022-07-19 19:00:00,1425.1000000000006
2022-07-20 05:00:00,1412.3000000000004
2022-07-20 13:00:00,1414.6000000000006
2022-07-20 14:00:00,1421.0000000000005
2022-07-20 15:00:00,1419.0000000000005
2022-07-20 16:00:00,1414.7000000000005
2022-07-20 17:00:00,1407.8000000000004
2022-07-20 18:00:00,1409.4000000000005
2022-07-20 19:00:00,1412.5000000000005
2022-07-21 05:00:00,1431.3000000000004
2022-07-21 13:00:00,1422.6000000000006
2022-07-21 14:00:00,1421.6000000000006
2022-07-21 15:00:00,1423.7000000000005
2022-07-21 16:00:00,1426.5000000000005
2022-07-21 17:00:00,1423.1000000000006
2022-07-21 18:00:00,1427.2000000000005
2022-07-21 19:00:00,1431.3000000000004
2022-07-22 05:00:00,1426.7000000000005
2022-07-22 13:00:00,1434.9000000000005
2022-07-22 14:00:00,1434.8000000000004
2022-07-22 15:00:00,1430.2000000000005
2022-07-22 16:00:00,1428.1000000000006
2022-07-22 17:00:00,1422.3000000000004
2022-07-22 18:00:00,1421.3000000000004
2022-07-22 19:00:00,1426.8000000000004
2022-07-25 05:00:00,1434.3000000000004
2022-07-25 13:00:00,1430.1000000000006
2022-07-25 14:00:00,1429.7000000000005
2022-07-25 15:00:00,1431.6000000000006
2022-07-25 16:00:00,1432.9000000000005
2022-07-25 17:00:00,1434.0000000000005
2022-07-25 18:00:00,1429.0000000000005
2022-07-25 19:00:00,1434.3000000000004
2022-07-26 05:00:00,1441.2000000000005
2022-07-26 13:00:00,1435.4000000000005
2022-07-26 14:00:00,1436.3000000000004
2022-07-26 15:00:00,1438.9000000000005
2022-07-26 16:00:00,1445.2000000000005
2022-07-26 17:00:00,1446.0000000000005
2022-07-26 18:00:00,1443.8000000000004
2022-07-26 19:00:00,1441.6000000000006
2022-07-27 05:00:00,1449.0000000000005
2022-07-27 13:00:00,1436.3000000000004
2022-07-27 14:00:00,1436.5000000000005
2022-07-27 15:00:00,1438.7000000000005
2022-07-27 16:00:00,1436.4000000000005
2022-07-27 17:00:00,1438.7000000000005
2022-07-27 18:00:00,1445.3000000000004
2022-07-27 19:00:00,1449.0000000000005
2022-07-28 05:00:00,1457.5000000000005
2022-07-28 13:00:00,1428.1000000000006
2022-07-28 14:00:00,1447.2000000000005
2022-07-28 15:00:00,1455.4000000000005
2022-07-28 16:00:00,1459.6000000000006
2022-07-28 17:00:00,1465.8000000000004
2022-07-28 18:00:00,1464.5000000000005
2022-07-28 19:00:00,1457.4000000000005
2022-07-29 05:00:00,1452.8000000000004
2022-07-29 12:00:00,1455.5000000000005
2022-07-29 13:00:00,1445.9000000000005
2022-07-29 14:00:00,1444.0000000000005
2022-07-29 15:00:00,1445.9000000000005
2022-07-29 16:00:00,1451.0000000000005
2022-07-29 17:00:00,1447.2000000000005
2022-07-29 18:00:00,1448.9000000000005
2022-07-29 19:00:00,1453.2000000000005
2022-08-01 05:00:00,1442.9000000000005
2022-08-01 13:00:00,1448.8000000000004
2022-08-01 14:00:00,1448.7000000000005
2022-08-01 15:00:00,1452.3000000000004
2022-08-01 16:00:00,1450.1000000000006
2022-08-01 17:00:00,1443.7000000000005
2022-08-01 18:00:00,1443.0000000000005
2022-08-01 19:00:00,1443.2000000000005
2022-08-02 05:00:00,1437.5000000000005
2022-08-02 13:00:00,1443.7000000000005
2022-08-02 14:00:00,1455.6000000000006
2022-08-02 15:00:00,1450.0000000000005
2022-08-02 16:00:00,1452.0000000000005
2022-08-02 17:00:00,1444.9000000000005
2022-08-02 18:00:00,1442.1000000000006
2022-08-02 19:00:00,1437.5000000000005
2022-08-03 05:00:00,1449.8000000000004
2022-08-03 13:00:00,1447.3000000000004
2022-08-03 14:00:00,1446.9000000000005
2022-08-03 15:00:00,1452.0000000000005
2022-08-03 16:00:00,1453.6000000000006
2022-08-03 17:00:00,1451.2000000000005
2022-08-03 18:00:00,1451.2000000000005
2022-08-03 19:00:00,1449.9000000000005
2022-08-04 05:00:00,1443.0000000000005
2022-08-04 13:00:00,1448.7000000000005
2022-08-04 14:00:00,1446.8000000000004
2022-08-04 15:00:00,1443.5000000000005
2022-08-04 16:00:00,1442.8000000000004
2022-08-04 17:00:00,1443.2000000000005
2022-08-04 18:00:00,1444.3000000000004
2022-08-04 19:00:00,1443.2000000000005
2022-08-05 05:00:00,1442.8000000000004
2022-08-05 12:00:00,1428.2000000000005
2022-08-05 13:00:00,1436.7000000000005
2022-08-05 14:00:00,1439.5000000000005
2022-08-05 15:00:00,1437.4000000000005
2022-08-05 16:00:00,1439.4000000000005
2022-08-05 17:00:00,1439.3000000000004
2022-08-05 18:00:00,1437.2000000000005
2022-08-05 19:00:00,1443.0000000000005
2022-08-08 05:00:00,1445.6000000000006
2022-08-08 13:00:00,1446.3000000000004
2022-08-08 14:00:00,1452.4000000000005
2022-08-08 15:00:00,1448.5000000000005
2022-08-08 16:00:00,1439.6000000000006
2022-08-08 17:00:00,1440.5000000000005
2022-08-08 18:00:00,1441.8000000000004
2022-08-08 19:00:00,1445.8000000000004
2022-08-09 05:00:00,1441.1000000000006
2022-08-09 13:00:00,1448.7000000000005
2022-08-09 14:00:00,1445.2000000000005
2022-08-09 15:00:00,1449.9000000000005
2022-08-09 16:00:00,1447.6000000000006
2022-08-09 17:00:00,1442.3000000000004
2022-08-09 18:00:00,1443.2000000000005
2022-08-09 19:00:00,1441.6000000000006
2022-08-10 05:00:00,1455.7000000000005
2022-08-10 13:00:00,1451.8000000000004
2022-08-10 14:00:00,1449.9000000000005
2022-08-10 15:00:00,1450.8000000000004
2022-08-10 16:00:00,1449.6000000000006
2022-08-10 17:00:00,1449.0000000000005
2022-08-10 18:00:00,1449.1000000000006
2022-08-10 19:00:00,1455.8000000000004
2022-08-11 05:00:00,1445.9000000000005
2022-08-11 12:00:00,1444.1000000000006
2022-08-11 13:00:00,1455.2000000000005
2022-08-11 14:00:00,1462.9000000000005
2022-08-11 15:00:00,1457.1000000000006
2022-08-11 16:00:00,1454.6000000000006
2022-08-11 17:00:00,1452.5000000000005
2022-08-11 18:00:00,1447.9000000000005
2022-08-11 19:00:00,1446.6000000000006
2022-08-12 05:00:00,1464.0000000000005
2022-08-12 13:00:00,1453.1000000000006
2022-08-12 14:00:00,1450.8000000000004
2022-08-12 15:00:00,1457.6000000000006
2022-08-12 16:00:00,1461.8000000000004
2022-08-12 17:00:00,1459.6000000000006
2022-08-12 18:00:00,1461.0000000000005
2022-08-12 19:00:00,1463.6000000000006
2022-08-15 05:00:00,1470.5000000000005
2022-08-15 13:00:00,1466.7000000000005
2022-08-15 14:00:00,1465.9000000000005
2022-08-15 15:00:00,1466.1000000000006
2022-08-15 16:00:00,1470.4000000000005
2022-08-15 17:00:00,1470.1000000000006
2022-08-15 18:00:00,1471.8000000000004
2022-08-15 19:00:00,1471.1000000000006
2022-08-16 05:00:00,1467.1000000000006
2022-08-16 13:00:00,1465.9000000000005
2022-08-16 14:00:00,1462.2000000000005
2022-08-16 15:00:00,1467.3000000000004
2022-08-16 16:00:00,1467.7000000000005
2022-08-16 17:00:00,1468.7000000000005
2022-08-16 18:00:00,1470.8000000000004
2022-08-16 19:00:00,1466.5000000000005
2022-08-17 05:00:00,1458.6000000000006
2022-08-17 13:00:00,1458.0000000000005
2022-08-17 14:00:00,1457.7000000000005
2022-08-17 15:00:00,1458.3000000000004
2022-08-17 16:00:00,1463.3000000000004
2022-08-17 17:00:00,1462.9000000000005
2022-08-17 18:00:00,1462.8000000000004
2022-08-17 19:00:00,1458.6000000000006
2022-08-18 05:00:00,1452.7000000000005
2022-08-18 13:00:00,1449.8000000000004
2022-08-18 14:00:00,1447.8000000000004
2022-08-18 15:00:00,1452.3000000000004
2022-08-18 16:00:00,1447.2000000000005
2022-08-18 17:00:00,1447.5000000000005
2022-08-18 18:00:00,1450.6000000000006
2022-08-18 19:00:00,1453.4000000000005
2022-08-19 05:00:00,1456.8000000000004
2022-08-19 13:00:00,1453.9000000000005
2022-08-19 14:00:00,1456.7000000000005
2022-08-19 15:00:00,1456.2000000000005
2022-08-19 16:00:00,1462.2000000000005
2022-08-19 17:00:00,1460.8000000000004
2022-08-19 18:00:00,1454.7000000000005
2022-08-19 19:00:00,1456.8000000000004
2022-08-22 05:00:00,1438.2000000000005
2022-08-22 13:00:00,1449.4000000000005
2022-08-22 14:00:00,1443.4000000000005
2022-08-22 15:00:00,1444.7000000000005
2022-08-22 16:00:00,1443.9000000000005
2022-08-22 17:00:00,1439.0000000000005
2022-08-22 18:00:00,1434.7000000000005
2022-08-22 19:00:00,1439.1000000000006
2022-08-23 05:00:00,1420.1000000000006
2022-08-23 13:00:00,1423.9000000000005
2022-08-23 14:00:00,1419.3000000000004
2022-08-23 15:00:00,1420.3000000000004
2022-08-23 16:00:00,1418.4000000000005
2022-08-23 17:00:00,1418.6000000000006
2022-08-23 18:00:00,1420.0000000000005
2022-08-23 19:00:00,1420.1000000000006
2022-08-24 05:00:00,1420.9000000000005
2022-08-24 13:00:00,1419.5000000000005
2022-08-24 14:00:00,1420.8000000000004
2022-08-24 15:00:00,1425.6000000000006
2022-08-24 16:00:00,1420.1000000000006
2022-08-24 17:00:00,1420.9000000000005
2022-08-24 18:00:00,1422.7000000000005
2022-08-24 19:00:00,1420.7000000000005
2022-08-25 05:00:00,1434.9000000000005
2022-08-25 13:00:00,1418.4000000000005
2022-08-25 14:00:00,1425.3000000000004
2022-08-25 16:00:00,1421.7000000000005
2022-08-25 17:00:00,1423.4000000000005
2022-08-25 18:00:00,1426.1000000000006
2022-08-25 19:00:00,1435.0000000000005
2022-08-26 05:00:00,1398.5000000000005
2022-08-26 13:00:00,1432.7000000000005
2022-08-26 14:00:00,1422.6000000000006
2022-08-26 15:00:00,1420.0000000000005
2022-08-26 16:00:00,1415.4000000000005
2022-08-26 17:00:00,1412.1000000000006
2022-08-26 18:00:00,1405.3000000000004
2022-08-26 19:00:00,1398.8000000000004
2022-08-29 05:00:00,1389.2000000000005
2022-08-29 13:00:00,1389.2000000000005
2022-08-29 14:00:00,1383.5000000000005
2022-08-29 15:00:00,1390.0000000000005
2022-08-29 16:00:00,1395.0000000000005
2022-08-29 17:00:00,1395.3000000000004
2022-08-29 18:00:00,1393.7000000000005
2022-08-29 19:00:00,1388.8000000000004
2022-08-30 05:00:00,1381.3000000000004
2022-08-30 13:00:00,1389.7000000000005
2022-08-30 14:00:00,1381.4000000000005
2022-08-30 15:00:00,1384.5000000000005
2022-08-30 16:00:00,1383.4000000000005
2022-08-30 17:00:00,1378.0000000000005
2022-08-30 18:00:00,1377.9000000000005
2022-08-30 19:00:00,1381.0000000000005
2022-08-31 05:00:00,1373.1000000000006
2022-08-31 13:00:00,1388.0000000000005
2022-08-31 14:00:00,1383.5000000000005
2022-08-31 15:00:00,1383.5000000000005
2022-08-31 16:00:00,1378.2000000000005
2022-08-31 17:00:00,1375.9000000000005
2022-08-31 18:00:00,1374.3000000000004
2022-08-31 19:00:00,1372.3000000000004
2022-09-01 05:00:00,1393.4000000000005
2022-09-01 13:00:00,1375.1000000000006
2022-09-01 14:00:00,1372.3000000000004
2022-09-01 15:00:00,1378.6000000000006
2022-09-01 16:00:00,1381.1000000000006
2022-09-01 17:00:00,1385.2000000000005
2022-09-01 18:00:00,1386.9000000000005
2022-09-01 19:00:00,1393.7000000000005
2022-09-02 05:00:00,1374.3000000000004
2022-09-02 13:00:00,1395.2000000000005
2022-09-02 14:00:00,1399.7000000000005
2022-09-02 15:00:00,1400.2000000000005
2022-09-02 16:00:00,1388.0000000000005
2022-09-02 17:00:00,1378.2000000000005
2022-09-02 18:00:00,1375.3000000000004
2022-09-02 19:00:00,1374.3000000000004
2022-09-06 05:00:00,1374.8000000000004
2022-09-06 13:00:00,1379.9000000000005
2022-09-06 14:00:00,1390.6000000000006
2022-09-06 15:00:00,1385.8000000000004
2022-09-06 16:00:00,1378.8000000000004
2022-09-06 17:00:00,1376.3000000000004
2022-09-06 18:00:00,1378.0000000000005
2022-09-06 19:00:00,1375.8000000000004
2022-09-07 05:00:00,1395.5000000000005
2022-09-07 13:00:00,1374.9000000000005
2022-09-07 14:00:00,1383.0000000000005
2022-09-07 15:00:00,1387.3000000000004
2022-09-07 16:00:00,1389.6000000000006
2022-09-07 17:00:00,1393.7000000000005
2022-09-07 18:00:00,1395.5000000000005
2022-09-07 19:00:00,1394.7000000000005
2022-09-08 05:00:00,1417.8000000000004
2022-09-08 13:00:00,1400.0000000000005
2022-09-08 14:00:00,1409.7000000000005
2022-09-08 15:00:00,1413.6000000000006
2022-09-08 16:00:00,1410.2000000000005
2022-09-08 17:00:00,1412.8000000000004
2022-09-08 18:00:00,1412.8000000000004
2022-09-08 19:00:00,1417.8000000000004
2022-09-09 05:00:00,1429.4000000000005
2022-09-09 13:00:00,1420.5000000000005
2022-09-09 14:00:00,1430.2000000000005
2022-09-09 15:00:00,1429.1000000000006
2022-09-09 16:00:00,1429.1000000000006
2022-09-09 17:00:00,1429.2000000000005
2022-09-09 18:00:00,1430.7000000000005
2022-09-09 19:00:00,1430.1000000000006
2022-09-12 05:00:00,1437.6000000000006
2022-09-12 13:00:00,1435.3000000000004
2022-09-12 14:00:00,1444.0000000000005
2022-09-12 15:00:00,1439.1000000000006
2022-09-12 16:00:00,1441.2000000000005
2022-09-12 17:00:00,1442.3000000000004
2022-09-12 18:00:00,1439.6000000000006
2022-09-12 19:00:00,1437.0000000000005
2022-09-13 05:00:00,1394.3000000000004
2022-09-13 13:00:00,1411.2000000000005
2022-09-13 14:00:00,1407.7000000000005
2022-09-13 15:00:00,1406.4000000000005
2022-09-13 16:00:00,1407.6000000000006
2022-09-13 17:00:00,1408.3000000000004
2022-09-13 18:00:00,1401.3000000000004
2022-09-13 19:00:00,1394.8000000000004
2022-09-14 05:00:00,1396.2000000000005
2022-09-14 13:00:00,1401.4000000000005
2022-09-14 14:00:00,1402.3000000000004
2022-09-14 15:00:00,1400.5000000000005
2022-09-14 16:00:00,1400.9000000000005
2022-09-14 17:00:00,1390.7000000000005
2022-09-14 18:00:00,1390.5000000000005
2022-09-14 19:00:00,1395.8000000000004
2022-09-15 05:00:00,1403.0000000000005
2022-09-15 13:00:00,1403.6000000000006
2022-09-15 14:00:00,1406.6000000000006
2022-09-15 15:00:00,1405.5000000000005
2022-09-15 16:00:00,1406.1000000000006
2022-09-15 17:00:00,1411.1000000000006
2022-09-15 18:00:00,1404.7000000000005
2022-09-15 19:00:00,1403.0000000000005
2022-09-16 05:00:00,1398.8000000000004
2022-09-16 13:00:00,1396.5000000000005
2022-09-16 14:00:00,1393.8000000000004
2022-09-16 15:00:00,1393.0000000000005
2022-09-16 16:00:00,1393.2000000000005
2022-09-16 17:00:00,1389.5000000000005
2022-09-16 18:00:00,1397.8000000000004
2022-09-16 19:00:00,1398.1000000000006
2022-09-19 05:00:00,1390.7000000000005
2022-09-19 13:00:00,1377.1000000000006
2022-09-19 14:00:00,1382.2000000000005
2022-09-19 15:00:00,1380.8000000000004
2022-09-19 16:00:00,1383.1000000000006
2022-09-19 17:00:00,1383.1000000000006
2022-09-19 18:00:00,1381.3000000000004
2022-09-19 19:00:00,1390.8000000000004
2022-09-20 05:00:00,1375.8000000000004
2022-09-20 13:00:00,1370.7000000000005
2022-09-20 14:00:00,1376.5000000000005
2022-09-20 15:00:00,1380.4000000000005
2022-09-20 16:00:00,1377.3000000000004
2022-09-20 17:00:00,1369.1000000000006
2022-09-20 18:00:00,1372.7000000000005
2022-09-20 19:00:00,1375.2000000000005
2022-09-21 05:00:00,1355.3000000000004
2022-09-21 13:00:00,1386.9000000000005
2022-09-21 14:00:00,1383.4000000000005
2022-09-21 15:00:00,1382.0000000000005
2022-09-21 16:00:00,1378.7000000000005
2022-09-21 17:00:00,1379.7000000000005
2022-09-21 18:00:00,1380.9000000000005
2022-09-21 19:00:00,1355.2000000000005
2022-09-22 05:00:00,1360.4000000000005
2022-09-22 13:00:00,1353.8000000000004
2022-09-22 14:00:00,1358.2000000000005
2022-09-22 15:00:00,1359.1000000000006
2022-09-22 16:00:00,1363.2000000000005
2022-09-22 17:00:00,1364.2000000000005
2022-09-22 18:00:00,1367.5000000000005
2022-09-22 19:00:00,1360.4000000000005
2022-09-23 05:00:00,1354.6000000000006
2022-09-23 13:00:00,1352.0000000000005
2022-09-23 14:00:00,1350.4000000000005
2022-09-23 15:00:00,1344.9000000000005
2022-09-23 16:00:00,1343.2000000000005
2022-09-23 17:00:00,1347.3000000000004
2022-09-23 18:00:00,1341.5000000000005
2022-09-23 19:00:00,1353.0000000000005
2022-09-26 05:00:00,1341.9000000000005
2022-09-26 13:00:00,1342.9000000000005
2022-09-26 14:00:00,1350.8000000000004
2022-09-26 15:00:00,1346.1000000000006
2022-09-26 16:00:00,1343.4000000000005
2022-09-26 17:00:00,1339.4000000000005
2022-09-26 18:00:00,1344.3000000000004
2022-09-26 19:00:00,1342.6000000000006
2022-09-27 05:00:00,1338.4000000000005
2022-09-27 13:00:00,1352.5000000000005
2022-09-27 14:00:00,1353.7000000000005
2022-09-27 15:00:00,1343.7000000000005
2022-09-27 16:00:00,1338.3000000000004
2022-09-27 17:00:00,1334.0000000000005
2022-09-27 18:00:00,1344.0000000000005
2022-09-27 19:00:00,1338.1000000000006
2022-09-28 05:00:00,1365.6000000000006
2022-09-28 13:00:00,1351.1000000000006
2022-09-28 14:00:00,1358.9000000000005
2022-09-28 15:00:00,1362.9000000000005
2022-09-28 16:00:00,1366.9000000000005
2022-09-28 17:00:00,1364.2000000000005
2022-09-28 18:00:00,1362.9000000000005
2022-09-28 19:00:00,1365.2000000000005
2022-09-29 05:00:00,1353.9000000000005
2022-09-29 13:00:00,1355.5000000000005
2022-09-29 14:00:00,1352.9000000000005
2022-09-29 15:00:00,1359.4000000000005
2022-09-29 16:00:00,1354.9000000000005
2022-09-29 17:00:00,1351.8000000000004
2022-09-29 18:00:00,1347.6000000000006
2022-09-29 19:00:00,1353.5000000000005
2022-09-30 05:00:00,1336.6000000000006
2022-09-30 13:00:00,1355.0000000000005
2022-09-30 14:00:00,1357.7000000000005
2022-09-30 15:00:00,1356.3000000000004
2022-09-30 16:00:00,1356.0000000000005
2022-09-30 18:00:00,1343.0000000000005
2022-09-30 19:00:00,1339.1000000000006
2022-10-03 05:00:00,1362.5000000000005
2022-10-03 13:00:00,1349.2000000000005
2022-10-03 14:00:00,1356.7000000000005
2022-10-03 15:00:00,1351.6000000000006
2022-10-03 16:00:00,1350.1000000000006
2022-10-03 17:00:00,1355.6000000000006
2022-10-03 18:00:00,1365.9000000000005
2022-10-03 19:00:00,1362.0000000000005
2022-10-04 05:00:00,1391.5000000000005
2022-10-04 13:00:00,1384.9000000000005
2022-10-04 14:00:00,1383.3000000000004
2022-10-04 15:00:00,1384.8000000000004
2022-10-04 17:00:00,1386.8000000000004
2022-10-04 18:00:00,1387.3000000000004
2022-10-04 19:00:00,1391.2000000000005
2022-10-05 05:00:00,1394.9000000000005
2022-10-05 13:00:00,1386.2000000000005
2022-10-05 14:00:00,1380.6000000000006
2022-10-05 15:00:00,1382.2000000000005
2022-10-05 16:00:00,1389.6000000000006
2022-10-05 17:00:00,1394.2000000000005
2022-10-05 18:00:00,1396.5000000000005
2022-10-05 19:00:00,1396.1000000000006
2022-10-06 05:00:00,1379.5000000000005
2022-10-06 13:00:00,1387.5000000000005
2022-10-06 14:00:00,1387.7000000000005
2022-10-06 15:00:00,1383.5000000000005
2022-10-06 16:00:00,1386.7000000000005
2022-10-06 17:00:00,1384.2000000000005
2022-10-06 18:00:00,1378.0000000000005
2022-10-06 19:00:00,1379.1000000000006
2022-10-07 05:00:00,1352.2000000000005
2022-10-07 12:00:00,1379.5000000000005
2022-10-07 13:00:00,1360.3000000000004
2022-10-07 14:00:00,1361.7000000000005
2022-10-07 15:00:00,1360.9000000000005
2022-10-07 16:00:00,1356.6000000000006
2022-10-07 17:00:00,1357.6000000000006
2022-10-07 18:00:00,1350.8000000000004
2022-10-07 19:00:00,1351.9000000000005
2022-10-10 05:00:00,1344.5000000000005
2022-10-10 13:00:00,1347.4000000000005
2022-10-10 14:00:00,1343.1000000000006
2022-10-10 15:00:00,1345.7000000000005
2022-10-10 16:00:00,1342.3000000000004
2022-10-10 17:00:00,1348.3000000000004
2022-10-10 18:00:00,1345.2000000000005
2022-10-10 19:00:00,1344.0000000000005
2022-10-11 05:00:00,1350.6000000000006
2022-10-11 13:00:00,1342.2000000000005
2022-10-11 14:00:00,1350.0000000000005
2022-10-11 15:00:00,1356.0000000000005
2022-10-11 16:00:00,1362.7000000000005
2022-10-11 17:00:00,1362.9000000000005
2022-10-11 18:00:00,1351.6000000000006
2022-10-11 19:00:00,1351.0000000000005
2022-10-12 05:00:00,1344.8000000000004
2022-10-12 13:00:00,1360.2000000000005
2022-10-12 14:00:00,1356.3000000000004
2022-10-12 15:00:00,1355.2000000000005
2022-10-12 16:00:00,1352.1000000000006
2022-10-12 17:00:00,1347.8000000000004
2022-10-12 18:00:00,1347.4000000000005
2022-10-12 19:00:00,1344.5000000000005
2022-10-13 05:00:00,1373.2000000000005
2022-10-13 13:00:00,1333.4000000000005
2022-10-13 14:00:00,1338.0000000000005
2022-10-13 15:00:00,1363.0000000000005
2022-10-13 16:00:00,1366.1000000000006
2022-10-13 17:00:00,1372.6000000000006
2022-10-13 18:00:00,1377.8000000000004
2022-10-13 19:00:00,1373.6000000000006
2022-10-14 05:00:00,1364.0000000000005
2022-10-14 13:00:00,1381.7000000000005
2022-10-14 14:00:00,1371.8000000000004
2022-10-14 15:00:00,1363.9000000000005
2022-10-14 16:00:00,1365.1000000000006
2022-10-14 17:00:00,1366.8000000000004
2022-10-14 18:00:00,1363.2000000000005
2022-10-14 19:00:00,1364.8000000000004
2022-10-17 05:00:00,1384.5000000000005
2022-10-17 13:00:00,1381.0000000000005
2022-10-17 14:00:00,1379.1000000000006
2022-10-17 15:00:00,1383.2000000000005
2022-10-17 16:00:00,1382.7000000000005
2022-10-17 17:00:00,1383.9000000000005
2022-10-17 18:00:00,1383.0000000000005
2022-10-17 19:00:00,1384.5000000000005
2022-10-18 05:00:00,1391.1000000000006
2022-10-18 13:00:00,1400.1000000000006
2022-10-18 14:00:00,1398.0000000000005
2022-10-18 15:00:00,1390.4000000000005
2022-10-18 16:00:00,1389.7000000000005
2022-10-18 17:00:00,1393.3000000000004
2022-10-18 18:00:00,1389.9000000000005
2022-10-18 19:00:00,1391.9000000000005
2022-10-19 05:00:00,1374.1000000000006
2022-10-19 13:00:00,1377.6000000000006
2022-10-19 14:00:00,1376.1000000000006
2022-10-19 15:00:00,1372.8000000000004
2022-10-19 16:00:00,1365.3000000000004
2022-10-19 17:00:00,1367.2000000000005
2022-10-19 18:00:00,1369.1000000000006
2022-10-19 19:00:00,1373.9000000000005
2022-10-20 05:00:00,1362.8000000000004
2022-10-20 12:00:00,1379.0000000000005
2022-10-20 13:00:00,1367.5000000000005
2022-10-20 14:00:00,1379.1000000000006
2022-10-20 15:00:00,1375.4000000000005
2022-10-20 16:00:00,1370.8000000000004
2022-10-20 17:00:00,1365.4000000000005
2022-10-20 18:00:00,1364.4000000000005
2022-10-20 19:00:00,1363.6000000000006
2022-10-21 05:00:00,1391.0000000000005
2022-10-21 13:00:00,1375.9000000000005
2022-10-21 14:00:00,1373.8000000000004
2022-10-21 15:00:00,1378.2000000000005
2022-10-21 16:00:00,1384.5000000000005
2022-10-21 17:00:00,1384.7000000000005
2022-10-21 18:00:00,1385.2000000000005
2022-10-21 19:00:00,1390.8000000000004
2022-10-24 05:00:00,1416.1000000000006
2022-10-24 13:00:00,1414.0000000000005
2022-10-24 14:00:00,1412.8000000000004
2022-10-24 15:00:00,1416.7000000000005
2022-10-24 16:00:00,1414.7000000000005
2022-10-24 17:00:00,1411.2000000000005
2022-10-24 18:00:00,1416.8000000000004
2022-10-24 19:00:00,1416.5000000000005
2022-10-25 05:00:00,1425.1000000000006
2022-10-25 13:00:00,1420.0000000000005
2022-10-25 14:00:00,1424.4000000000005
2022-10-25 15:00:00,1422.4000000000005
2022-10-25 16:00:00,1422.3000000000004
2022-10-25 17:00:00,1421.7000000000005
2022-10-25 18:00:00,1423.3000000000004
2022-10-25 19:00:00,1425.9000000000005
2022-10-26 05:00:00,1439.6000000000006
2022-10-26 13:00:00,1436.6000000000006
2022-10-26 14:00:00,1446.3000000000004
2022-10-26 15:00:00,1450.1000000000006
2022-10-26 16:00:00,1447.4000000000005
2022-10-26 17:00:00,1443.6000000000006
2022-10-26 18:00:00,1439.4000000000005
2022-10-26 19:00:00,1439.6000000000006
2022-10-27 05:00:00,1432.0000000000005
2022-10-27 13:00:00,1432.7000000000005
2022-10-27 14:00:00,1437.3000000000004
2022-10-27 15:00:00,1434.9000000000005
2022-10-27 16:00:00,1434.2000000000005
2022-10-27 17:00:00,1436.5000000000005
2022-10-27 18:00:00,1435.3000000000004
2022-10-27 19:00:00,1431.6000000000006
2022-10-28 05:00:00,1454.9000000000005
2022-10-28 13:00:00,1437.6000000000006
2022-10-28 14:00:00,1448.5000000000005
2022-10-28 15:00:00,1450.1000000000006
2022-10-28 16:00:00,1450.3000000000004
2022-10-28 17:00:00,1450.7000000000005
2022-10-28 18:00:00,1452.6000000000006
2022-10-28 19:00:00,1454.9000000000005
2022-10-31 05:00:00,1453.3000000000004
2022-10-31 13:00:00,1450.6000000000006
2022-10-31 14:00:00,1448.7000000000005
2022-10-31 15:00:00,1453.6000000000006
2022-10-31 16:00:00,1451.4000000000005
2022-10-31 17:00:00,1452.3000000000004
2022-10-31 18:00:00,1452.6000000000006
2022-10-31 19:00:00,1453.6000000000006
2022-11-01 05:00:00,1454.3000000000004
2022-11-01 13:00:00,1456.8000000000004
2022-11-01 14:00:00,1442.8000000000004
2022-11-01 15:00:00,1443.6000000000006
2022-11-01 16:00:00,1449.5000000000005
2022-11-01 18:00:00,1453.4000000000005
2022-11-01 19:00:00,1455.1000000000006
2022-11-02 05:00:00,1431.1000000000006
2022-11-02 13:00:00,1446.7000000000005
2022-11-02 14:00:00,1450.1000000000006
2022-11-02 15:00:00,1452.6000000000006
2022-11-02 16:00:00,1451.6000000000006
2022-11-02 17:00:00,1455.4000000000005
2022-11-02 18:00:00,1446.2000000000005
2022-11-02 19:00:00,1430.4000000000005
2022-11-03 05:00:00,1425.8000000000004
2022-11-03 13:00:00,1414.5000000000005
2022-11-03 14:00:00,1424.9000000000005
2022-11-03 15:00:00,1424.0000000000005
2022-11-03 16:00:00,1424.2000000000005
2022-11-03 17:00:00,1425.9000000000005
2022-11-03 18:00:00,1430.8000000000004
2022-11-03 19:00:00,1425.7000000000005
2022-11-04 05:00:00,1432.7000000000005
2022-11-04 13:00:00,1422.2000000000005
2022-11-04 14:00:00,1432.5000000000005
2022-11-04 15:00:00,1419.6000000000006
2022-11-04 16:00:00,1416.2000000000005
2022-11-04 17:00:00,1415.0000000000005
2022-11-04 18:00:00,1421.9000000000005
2022-11-04 19:00:00,1432.7000000000005
2022-11-04 20:00:00,1433.4000000000005
2022-11-07 06:00:00,1446.6000000000006
2022-11-07 14:00:00,1436.0000000000005
2022-11-07 15:00:00,1441.6000000000006
2022-11-07 16:00:00,1440.0000000000005
2022-11-07 17:00:00,1440.3000000000004
2022-11-07 18:00:00,1442.0000000000005
2022-11-07 19:00:00,1446.2000000000005
2022-11-07 20:00:00,1446.5000000000005
2022-11-08 06:00:00,1453.2000000000005
2022-11-08 14:00:00,1445.8000000000004
2022-11-08 15:00:00,1457.9000000000005
2022-11-08 16:00:00,1461.7000000000005
2022-11-08 17:00:00,1461.7000000000005
2022-11-08 18:00:00,1452.5000000000005
2022-11-08 19:00:00,1453.2000000000005
2022-11-08 20:00:00,1453.2000000000005
2022-11-09 06:00:00,1438.0000000000005
2022-11-09 14:00:00,1452.1000000000006
2022-11-09 15:00:00,1454.0000000000005
2022-11-09 16:00:00,1457.5000000000005
2022-11-09 17:00:00,1454.2000000000005
2022-11-09 18:00:00,1449.3000000000004
2022-11-09 19:00:00,1443.1000000000006
2022-11-09 20:00:00,1438.6000000000006
2022-11-10 06:00:00,1471.9000000000005
2022-11-10 14:00:00,1467.2000000000005
2022-11-10 15:00:00,1462.1000000000006
2022-11-10 16:00:00,1462.9000000000005
2022-11-10 17:00:00,1451.9000000000005
2022-11-10 18:00:00,1460.1000000000006
2022-11-10 19:00:00,1466.6000000000006
2022-11-10 20:00:00,1471.2000000000005
2022-11-10 21:00:00,1466.6000000000006
2022-11-11 06:00:00,1455.0000000000005
2022-11-11 14:00:00,1451.9000000000005
2022-11-11 15:00:00,1439.4000000000005
2022-11-11 16:00:00,1441.4000000000005
2022-11-11 17:00:00,1440.8000000000004
2022-11-11 18:00:00,1446.7000000000005
2022-11-11 19:00:00,1451.4000000000005
2022-11-11 20:00:00,1455.0000000000005
2022-11-14 06:00:00,1456.9000000000005
2022-11-14 14:00:00,1462.9000000000005
2022-11-14 15:00:00,1465.7000000000005
2022-11-14 16:00:00,1465.1000000000006
2022-11-14 17:00:00,1469.9000000000005
2022-11-14 18:00:00,1470.7000000000005
2022-11-14 19:00:00,1469.9000000000005
2022-11-14 20:00:00,1456.6000000000006
2022-11-15 06:00:00,1454.5000000000005
2022-11-15 14:00:00,1464.6000000000006
2022-11-15 15:00:00,1460.2000000000005
2022-11-15 16:00:00,1460.6000000000006
2022-11-15 17:00:00,1457.6000000000006
2022-11-15 18:00:00,1449.7000000000005
2022-11-15 19:00:00,1455.7000000000005
2022-11-15 20:00:00,1453.9000000000005
2022-11-16 06:00:00,1453.8000000000004
2022-11-16 14:00:00,1460.3000000000004
2022-11-16 15:00:00,1460.0000000000005
2022-11-16 16:00:00,1458.9000000000005
2022-11-16 17:00:00,1459.8000000000004
2022-11-16 18:00:00,1453.9000000000005
2022-11-16 19:00:00,1455.1000000000006
2022-11-16 20:00:00,1453.8000000000004
2022-11-17 06:00:00,1453.1000000000006
2022-11-17 14:00:00,1444.3000000000004
2022-11-17 15:00:00,1446.7000000000005
2022-11-17 16:00:00,1452.8000000000004
2022-11-17 17:00:00,1455.6000000000006
2022-11-17 18:00:00,1454.0000000000005
2022-11-17 19:00:00,1452.8000000000004
2022-11-17 20:00:00,1453.1000000000006
2022-11-18 06:00:00,1468.3000000000004
2022-11-18 14:00:00,1462.5000000000005
2022-11-18 15:00:00,1460.0000000000005
2022-11-18 16:00:00,1467.0000000000005
2022-11-18 17:00:00,1464.5000000000005
2022-11-18 18:00:00,1460.1000000000006
2022-11-18 19:00:00,1464.7000000000005
2022-11-18 20:00:00,1468.5000000000005
2022-11-21 06:00:00,1469.8000000000004
2022-11-21 14:00:00,1467.4000000000005
2022-11-21 15:00:00,1474.2000000000005
2022-11-21 16:00:00,1468.1000000000006
2022-11-21 17:00:00,1470.4000000000005
2022-11-21 18:00:00,1474.6000000000006
2022-11-21 19:00:00,1472.1000000000006
2022-11-21 20:00:00,1469.8000000000004
2022-11-21 21:00:00,1469.9000000000005
2022-11-22 06:00:00,1481.4000000000005
2022-11-22 14:00:00,1473.8000000000004
2022-11-22 15:00:00,1475.8000000000004
2022-11-22 16:00:00,1475.5000000000005
2022-11-22 17:00:00,1474.1000000000006
2022-11-22 18:00:00,1476.9000000000005
2022-11-22 19:00:00,1478.4000000000005
2022-11-22 20:00:00,1480.5000000000005
2022-11-23 06:00:00,1484.8000000000004
2022-11-23 14:00:00,1481.9000000000005
2022-11-23 15:00:00,1482.8000000000004
2022-11-23 16:00:00,1478.2000000000005
2022-11-23 17:00:00,1480.9000000000005
2022-11-23 18:00:00,1483.1000000000006
2022-11-23 19:00:00,1486.2000000000005
2022-11-23 20:00:00,1484.8000000000004
2022-11-25 06:00:00,1494.1000000000006
2022-11-25 14:00:00,1491.4000000000005
2022-11-25 15:00:00,1493.0000000000005
2022-11-25 16:00:00,1493.3000000000004
2022-11-25 17:00:00,1494.4000000000005
2022-11-28 06:00:00,1483.9000000000005
2022-11-28 14:00:00,1495.5000000000005
2022-11-28 15:00:00,1491.6000000000006
2022-11-28 16:00:00,1488.8000000000004
2022-11-28 17:00:00,1488.6000000000006
2022-11-28 18:00:00,1485.1000000000006
2022-11-28 19:00:00,1483.5000000000005
2022-11-28 20:00:00,1483.9000000000005
2022-11-28 21:00:00,1482.8000000000004
2022-11-29 06:00:00,1479.9000000000005
2022-11-29 14:00:00,1478.5000000000005
2022-11-29 15:00:00,1479.9000000000005
2022-11-29 16:00:00,1473.5000000000005
2022-11-29 17:00:00,1477.4000000000005
2022-11-29 19:00:00,1477.9000000000005
2022-11-29 20:00:00,1479.9000000000005
2022-11-30 06:00:00,1512.5000000000005
2022-11-30 14:00:00,1482.1000000000006
2022-11-30 15:00:00,1476.5000000000005
2022-11-30 16:00:00,1477.4000000000005
2022-11-30 17:00:00,1475.7000000000005
2022-11-30 18:00:00,1490.1000000000006
2022-11-30 19:00:00,1500.5000000000005
2022-11-30 20:00:00,1513.5000000000005
2022-12-01 06:00:00,1515.5000000000005
2022-12-01 14:00:00,1520.1000000000006
2022-12-01 15:00:00,1514.5000000000005
2022-12-01 16:00:00,1514.2000000000005
2022-12-01 17:00:00,1515.9000000000005
2022-12-01 18:00:00,1516.7000000000005
2022-12-01 19:00:00,1515.7000000000005
2022-12-01 20:00:00,1516.2000000000005
2022-12-02 06:00:00,1519.2000000000005
2022-12-02 14:00:00,1506.1000000000006
2022-12-02 15:00:00,1512.2000000000005
2022-12-02 16:00:00,1516.4000000000005
2022-12-02 17:00:00,1516.4000000000005
2022-12-02 18:00:00,1514.8000000000004
2022-12-02 19:00:00,1517.2000000000005
2022-12-02 20:00:00,1519.6000000000006
2022-12-05 06:00:00,1506.2000000000005
2022-12-05 14:00:00,1506.4000000000005
2022-12-05 15:00:00,1511.9000000000005
2022-12-05 16:00:00,1507.9000000000005
2022-12-05 17:00:00,1506.5000000000005
2022-12-05 18:00:00,1504.7000000000005
2022-12-05 19:00:00,1504.2000000000005
2022-12-05 20:00:00,1505.8000000000004
2022-12-05 21:00:00,1506.6000000000006
2022-12-06 06:00:00,1495.2000000000005
2022-12-06 14:00:00,1502.7000000000005
2022-12-06 15:00:00,1498.9000000000005
2022-12-06 16:00:00,1498.2000000000005
2022-12-06 17:00:00,1495.0000000000005
2022-12-06 18:00:00,1490.6000000000006
2022-12-06 19:00:00,1491.0000000000005
2022-12-06 20:00:00,1495.2000000000005
2022-12-07 06:00:00,1506.8000000000004
2022-12-07 14:00:00,1501.9000000000005
2022-12-07 15:00:00,1508.9000000000005
2022-12-07 16:00:00,1504.6000000000006
2022-12-07 17:00:00,1504.5000000000005
2022-12-07 18:00:00,1506.6000000000006
2022-12-07 19:00:00,1503.4000000000005
2022-12-07 20:00:00,1507.2000000000005
2022-12-08 06:00:00,1518.6000000000006
2022-12-08 14:00:00,1513.5000000000005
2022-12-08 15:00:00,1519.2000000000005
2022-12-08 16:00:00,1516.6000000000006
2022-12-08 17:00:00,1515.4000000000005
2022-12-08 18:00:00,1519.0000000000005
2022-12-08 19:00:00,1514.0000000000005
2022-12-08 20:00:00,1518.8000000000004
2022-12-09 06:00:00,1500.2000000000005
2022-12-09 14:00:00,1516.3000000000004
2022-12-09 15:00:00,1514.4000000000005
2022-12-09 16:00:00,1514.6000000000006
2022-12-09 17:00:00,1513.3000000000004
2022-12-09 18:00:00,1510.5000000000005
2022-12-09 19:00:00,1509.0000000000005
2022-12-09 20:00:00,1500.9000000000005
2022-12-12 06:00:00,1514.8000000000004
2022-12-12 14:00:00,1504.6000000000006
2022-12-12 15:00:00,1506.4000000000005
2022-12-12 16:00:00,1507.2000000000005
2022-12-12 17:00:00,1509.6000000000006
2022-12-12 18:00:00,1507.3000000000004
2022-12-12 19:00:00,1507.6000000000006
2022-12-12 20:00:00,1516.1000000000006
2022-12-13 06:00:00,1519.1000000000006
2022-12-13 14:00:00,1536.0000000000005
2022-12-13 15:00:00,1525.0000000000005
2022-12-13 16:00:00,1518.1000000000006
2022-12-13 17:00:00,1515.9000000000005
2022-12-13 18:00:00,1524.2000000000005
2022-12-13 19:00:00,1520.9000000000005
2022-12-13 20:00:00,1519.4000000000005
2022-12-14 06:00:00,1522.5000000000005
2022-12-14 14:00:00,1526.9000000000005
2022-12-14 15:00:00,1529.5000000000005
2022-12-14 16:00:00,1528.9000000000005
2022-12-14 17:00:00,1529.6000000000006
2022-12-14 18:00:00,1532.8000000000004
2022-12-14 19:00:00,1516.5000000000005
2022-12-14 20:00:00,1521.1000000000006
2022-12-15 06:00:00,1494.2000000000005
2022-12-15 14:00:00,1499.6000000000006
2022-12-15 15:00:00,1497.8000000000004
2022-12-15 16:00:00,1496.6000000000006
2022-12-15 17:00:00,1497.7000000000005
2022-12-15 18:00:00,1491.0000000000005
2022-12-15 19:00:00,1495.4000000000005
2022-12-15 20:00:00,1494.1000000000006
2022-12-16 06:00:00,1473.3000000000004
2022-12-16 10:00:00,1481.2000000000005
2022-12-16 14:00:00,1483.6000000000006
2022-12-16 15:00:00,1472.4000000000005
2022-12-16 16:00:00,1471.2000000000005
2022-12-16 17:00:00,1466.6000000000006
2022-12-16 18:00:00,1468.5000000000005
2022-12-16 19:00:00,1471.9000000000005
2022-12-16 20:00:00,1472.8000000000004
2022-12-19 06:00:00,1468.0000000000005
2022-12-19 14:00:00,1465.3000000000004
2022-12-19 15:00:00,1472.2000000000005
2022-12-19 16:00:00,1471.3000000000004
2022-12-19 17:00:00,1468.6000000000006
2022-12-19 18:00:00,1466.2000000000005
2022-12-19 19:00:00,1463.4000000000005
2022-12-19 20:00:00,1468.4000000000005
2022-12-20 06:00:00,1467.6000000000006
2022-12-20 14:00:00,1461.5000000000005
2022-12-20 15:00:00,1469.8000000000004
2022-12-20 16:00:00,1466.2000000000005
2022-12-20 17:00:00,1468.4000000000005
2022-12-20 19:00:00,1468.7000000000005
2022-12-20 20:00:00,1467.3000000000004
2022-12-21 06:00:00,1485.0000000000005
2022-12-21 14:00:00,1472.6000000000006
2022-12-21 15:00:00,1484.8000000000004
2022-12-21 16:00:00,1486.0000000000005
2022-12-21 17:00:00,1483.0000000000005
2022-12-21 18:00:00,1483.2000000000005
2022-12-21 19:00:00,1483.7000000000005
2022-12-21 20:00:00,1485.0000000000005
2022-12-22 06:00:00,1482.1000000000006
2022-12-22 14:00:00,1478.6000000000006
2022-12-22 15:00:00,1477.2000000000005
2022-12-22 16:00:00,1476.4000000000005
2022-12-22 17:00:00,1470.3000000000004
2022-12-22 18:00:00,1465.8000000000004
2022-12-22 19:00:00,1471.2000000000005
2022-12-22 20:00:00,1482.0000000000005
2022-12-23 06:00:00,1482.3000000000004
2022-12-23 14:00:00,1473.3000000000004
2022-12-23 15:00:00,1482.7000000000005
2022-12-23 16:00:00,1481.5000000000005
2022-12-23 17:00:00,1480.9000000000005
2022-12-23 18:00:00,1480.7000000000005
2022-12-23 19:00:00,1480.3000000000004
2022-12-23 20:00:00,1482.0000000000005
2022-12-27 06:00:00,1479.2000000000005
2022-12-27 14:00:00,1475.3000000000004
2022-12-27 15:00:00,1483.5000000000005
2022-12-27 16:00:00,1482.3000000000004
2022-12-27 17:00:00,1480.7000000000005
2022-12-27 18:00:00,1479.3000000000004
2022-12-27 19:00:00,1477.4000000000005
2022-12-27 20:00:00,1479.0000000000005
2022-12-28 06:00:00,1470.2000000000005
2022-12-28 14:00:00,1485.9000000000005
2022-12-28 15:00:00,1484.7000000000005
2022-12-28 16:00:00,1476.8000000000004
2022-12-28 17:00:00,1476.2000000000005
2022-12-28 18:00:00,1476.8000000000004
2022-12-28 19:00:00,1478.3000000000004
2022-12-28 20:00:00,1470.7000000000005
2022-12-29 06:00:00,1483.9000000000005
2022-12-29 14:00:00,1482.5000000000005
2022-12-29 15:00:00,1486.7000000000005
2022-12-29 16:00:00,1487.8000000000004
2022-12-29 17:00:00,1489.2000000000005
2022-12-29 18:00:00,1490.1000000000006
2022-12-29 20:00:00,1484.3000000000004
2022-12-30 06:00:00,1478.5000000000005
2022-12-30 14:00:00,1473.3000000000004
2022-12-30 15:00:00,1469.1000000000006
2022-12-30 16:00:00,1470.7000000000005
2022-12-30 17:00:00,1470.8000000000004
2022-12-30 18:00:00,1468.3000000000004
2022-12-30 19:00:00,1469.8000000000004
2022-12-30 20:00:00,1479.9000000000005
2023-01-03 06:00:00,1475.5000000000005
2023-01-03 14:00:00,1476.3000000000004
2023-01-03 15:00:00,1473.9000000000005
2023-01-03 16:00:00,1467.2000000000005
2023-01-03 17:00:00,1470.3000000000004
2023-01-03 18:00:00,1470.1000000000006
2023-01-03 19:00:00,1470.5000000000005
2023-01-03 20:00:00,1475.1000000000006
2023-01-04 06:00:00,1478.3000000000004
2023-01-04 14:00:00,1478.9000000000005
2023-01-04 15:00:00,1477.5000000000005
2023-01-04 16:00:00,1485.5000000000005
2023-01-04 17:00:00,1483.4000000000005
2023-01-04 18:00:00,1477.7000000000005
2023-01-04 19:00:00,1472.8000000000004
2023-01-04 20:00:00,1478.2000000000005
2023-01-05 06:00:00,1463.6000000000006
2023-01-05 14:00:00,1460.6000000000006
2023-01-05 15:00:00,1462.1000000000006
2023-01-05 16:00:00,1462.9000000000005
2023-01-05 17:00:00,1463.8000000000004
2023-01-05 18:00:00,1468.7000000000005
2023-01-05 19:00:00,1471.1000000000006
2023-01-05 20:00:00,1463.5000000000005
2023-01-06 06:00:00,1476.0000000000005
2023-01-06 14:00:00,1456.9000000000005
2023-01-06 15:00:00,1467.4000000000005
2023-01-06 16:00:00,1473.9000000000005
2023-01-06 17:00:00,1471.8000000000004
2023-01-06 18:00:00,1473.7000000000005
2023-01-06 19:00:00,1478.4000000000005
2023-01-06 20:00:00,1476.0000000000005
2023-01-09 06:00:00,1453.0000000000005
2023-01-09 14:00:00,1472.8000000000004
2023-01-09 15:00:00,1476.0000000000005
2023-01-09 16:00:00,1472.3000000000004
2023-01-09 17:00:00,1465.5000000000005
2023-01-09 18:00:00,1458.3000000000004
2023-01-09 19:00:00,1456.6000000000006
2023-01-09 20:00:00,1453.1000000000006
2023-01-10 06:00:00,1464.2000000000005
2023-01-10 14:00:00,1459.1000000000006
2023-01-10 15:00:00,1465.1000000000006
2023-01-10 16:00:00,1460.7000000000005
2023-01-10 17:00:00,1459.3000000000004
2023-01-10 18:00:00,1461.8000000000004
2023-01-10 19:00:00,1463.4000000000005
2023-01-10 20:00:00,1465.0000000000005
2023-01-11 06:00:00,1471.7000000000005
2023-01-11 10:00:00,1465.0000000000005
2023-01-11 14:00:00,1463.5000000000005
2023-01-11 15:00:00,1466.1000000000006
2023-01-11 16:00:00,1459.7000000000005
2023-01-11 17:00:00,1460.9000000000005
2023-01-11 18:00:00,1462.5000000000005
2023-01-11 19:00:00,1469.1000000000006
2023-01-11 20:00:00,1472.1000000000006
2023-01-12 06:00:00,1467.4000000000005
2023-01-12 14:00:00,1456.2000000000005
2023-01-12 15:00:00,1464.8000000000004
2023-01-12 16:00:00,1464.7000000000005
2023-01-12 17:00:00,1470.1000000000006
2023-01-12 18:00:00,1466.8000000000004
2023-01-12 20:00:00,1467.4000000000005
2023-01-13 06:00:00,1473.6000000000006
2023-01-13 14:00:00,1470.4000000000005
2023-01-13 15:00:00,1473.8000000000004
2023-01-13 16:00:00,1472.5000000000005
2023-01-13 17:00:00,1472.3000000000004
2023-01-13 18:00:00,1471.5000000000005
2023-01-13 19:00:00,1470.5000000000005
2023-01-13 20:00:00,1473.6000000000006
2023-01-17 06:00:00,1466.2000000000005
2023-01-17 14:00:00,1472.3000000000004
2023-01-17 15:00:00,1470.3000000000004
2023-01-17 16:00:00,1472.7000000000005
2023-01-17 17:00:00,1469.8000000000004
2023-01-17 18:00:00,1470.0000000000005
2023-01-17 19:00:00,1468.8000000000004
2023-01-17 20:00:00,1466.6000000000006
2023-01-18 06:00:00,1446.2000000000005
2023-01-18 14:00:00,1466.2000000000005
2023-01-18 15:00:00,1459.1000000000006
2023-01-18 16:00:00,1456.0000000000005
2023-01-18 17:00:00,1453.9000000000005
2023-01-18 18:00:00,1454.0000000000005
2023-01-18 19:00:00,1451.5000000000005
2023-01-18 20:00:00,1445.9000000000005
2023-01-19 06:00:00,1449.6000000000006
2023-01-19 14:00:00,1447.4000000000005
2023-01-19 15:00:00,1446.0000000000005
2023-01-19 16:00:00,1449.6000000000006
2023-01-19 17:00:00,1449.4000000000005
2023-01-19 18:00:00,1452.2000000000005
2023-01-19 19:00:00,1453.7000000000005
2023-01-19 20:00:00,1449.6000000000006
2023-01-20 06:00:00,1456.7000000000005
2023-01-20 14:00:00,1447.2000000000005
2023-01-20 15:00:00,1446.3000000000004
2023-01-20 16:00:00,1446.1000000000006
2023-01-20 17:00:00,1443.8000000000004
2023-01-20 18:00:00,1445.4000000000005
2023-01-20 19:00:00,1447.1000000000006
2023-01-20 20:00:00,1456.8000000000004
2023-01-23 06:00:00,1461.1000000000006
2023-01-23 14:00:00,1455.0000000000005
2023-01-23 15:00:00,1462.5000000000005
2023-01-23 16:00:00,1463.9000000000005
2023-01-23 17:00:00,1463.3000000000004
2023-01-23 18:00:00,1466.2000000000005
2023-01-23 19:00:00,1458.3000000000004
2023-01-23 20:00:00,1461.1000000000006
2023-01-24 06:00:00,1451.4000000000005
2023-01-24 14:00:00,1450.6000000000006
2023-01-24 15:00:00,1447.8000000000004
2023-01-24 16:00:00,1447.1000000000006
2023-01-24 17:00:00,1446.6000000000006
2023-01-24 18:00:00,1450.6000000000006
2023-01-24 20:00:00,1450.7000000000005
2023-01-25 06:00:00,1451.3000000000004
2023-01-25 14:00:00,1445.3000000000004
2023-01-25 15:00:00,1439.4000000000005
2023-01-25 16:00:00,1442.0000000000005
2023-01-25 17:00:00,1445.1000000000006
2023-01-25 18:00:00,1447.9000000000005
2023-01-25 19:00:00,1448.9000000000005
2023-01-25 20:00:00,1451.3000000000004
2023-01-26 06:00:00,1453.3000000000004
2023-01-26 14:00:00,1452.8000000000004
2023-01-26 15:00:00,1443.9000000000005
2023-01-26 16:00:00,1445.4000000000005
2023-01-26 17:00:00,1447.5000000000005
2023-01-26 18:00:00,1448.8000000000004
2023-01-26 19:00:00,1449.4000000000005
2023-01-26 20:00:00,1453.8000000000004
2023-01-27 06:00:00,1444.1000000000006
2023-01-27 14:00:00,1445.9000000000005
2023-01-27 15:00:00,1444.2000000000005
2023-01-27 16:00:00,1446.9000000000005
2023-01-27 18:00:00,1445.8000000000004
2023-01-27 19:00:00,1448.6000000000006
2023-01-27 20:00:00,1444.3000000000004
2023-01-30 06:00:00,1431.6000000000006
2023-01-30 14:00:00,1445.2000000000005
2023-01-30 15:00:00,1442.9000000000005
2023-01-30 16:00:00,1437.8000000000004
2023-01-30 17:00:00,1437.7000000000005
2023-01-30 18:00:00,1435.2000000000005
2023-01-30 19:00:00,1430.9000000000005
2023-01-30 20:00:00,1431.7000000000005
2023-01-31 06:00:00,1448.5000000000005
2023-01-31 14:00:00,1434.1000000000006
2023-01-31 15:00:00,1435.7000000000005
2023-01-31 16:00:00,1436.4000000000005
2023-01-31 17:00:00,1438.7000000000005
2023-01-31 18:00:00,1440.2000000000005
2023-01-31 19:00:00,1439.6000000000006
2023-01-31 20:00:00,1448.0000000000005
2023-02-01 06:00:00,1454.1000000000006
2023-02-01 14:00:00,1453.5000000000005
2023-02-01 15:00:00,1446.8000000000004
2023-02-01 16:00:00,1446.0000000000005
2023-02-01 17:00:00,1441.8000000000004
2023-02-01 18:00:00,1446.7000000000005
2023-02-01 19:00:00,1450.7000000000005
2023-02-01 20:00:00,1454.4000000000005
2023-02-02 06:00:00,1445.0000000000005
2023-02-02 14:00:00,1442.5000000000005
2023-02-02 15:00:00,1441.2000000000005
2023-02-02 16:00:00,1438.0000000000005
2023-02-02 17:00:00,1435.6000000000006
2023-02-02 18:00:00,1440.6000000000006
2023-02-02 19:00:00,1438.9000000000005
2023-02-02 20:00:00,1445.1000000000006
2023-02-02 21:00:00,1444.2000000000005
2023-02-03 06:00:00,1440.6000000000006
2023-02-03 14:00:00,1441.1000000000006
2023-02-03 15:00:00,1446.8000000000004
2023-02-03 16:00:00,1444.1000000000006
2023-02-03 17:00:00,1447.8000000000004
2023-02-03 18:00:00,1441.2000000000005
2023-02-03 19:00:00,1439.0000000000005
2023-02-03 20:00:00,1440.6000000000006
2023-02-06 06:00:00,1432.8000000000004
2023-02-06 14:00:00,1435.7000000000005
2023-02-06 15:00:00,1439.5000000000005
2023-02-06 16:00:00,1437.9000000000005
2023-02-06 17:00:00,1434.2000000000005
2023-02-06 18:00:00,1438.0000000000005
2023-02-06 19:00:00,1436.5000000000005
2023-02-06 20:00:00,1432.7000000000005
2023-02-07 06:00:00,1442.3000000000004
2023-02-07 14:00:00,1425.1000000000006
2023-02-07 15:00:00,1425.0000000000005
2023-02-07 16:00:00,1428.9000000000005
2023-02-07 17:00:00,1436.5000000000005
2023-02-07 18:00:00,1425.1000000000006
2023-02-07 19:00:00,1435.5000000000005
2023-02-07 20:00:00,1442.3000000000004
2023-02-08 06:00:00,1438.3000000000004
2023-02-08 14:00:00,1441.4000000000005
2023-02-08 15:00:00,1442.2000000000005
2023-02-08 16:00:00,1437.4000000000005
2023-02-08 17:00:00,1437.6000000000006
2023-02-08 18:00:00,1441.8000000000004
2023-02-08 19:00:00,1440.1000000000006
2023-02-08 20:00:00,1438.0000000000005
2023-02-09 06:00:00,1425.8000000000004
2023-02-09 14:00:00,1443.3000000000004
2023-02-09 15:00:00,1444.1000000000006
2023-02-09 16:00:00,1437.3000000000004
2023-02-09 17:00:00,1437.5000000000005
2023-02-09 18:00:00,1430.8000000000004
2023-02-09 19:00:00,1429.6000000000006
2023-02-09 20:00:00,1426.2000000000005
2023-02-10 06:00:00,1437.8000000000004
2023-02-10 14:00:00,1435.2000000000005
2023-02-10 15:00:00,1429.8000000000004
2023-02-10 16:00:00,1434.6000000000006
2023-02-10 17:00:00,1437.6000000000006
2023-02-10 18:00:00,1437.8000000000004
2023-02-10 19:00:00,1435.9000000000005
2023-02-10 20:00:00,1438.1000000000006
2023-02-13 06:00:00,1448.4000000000005
2023-02-13 14:00:00,1441.7000000000005
2023-02-13 15:00:00,1445.4000000000005
2023-02-13 16:00:00,1444.4000000000005
2023-02-13 17:00:00,1442.8000000000004
2023-02-13 18:00:00,1443.4000000000005
2023-02-13 19:00:00,1442.1000000000006
2023-02-13 20:00:00,1448.4000000000005
2023-02-14 06:00:00,1440.8000000000004
2023-02-14 14:00:00,1451.0000000000005
2023-02-14 15:00:00,1440.6000000000006
2023-02-14 16:00:00,1435.1000000000006
2023-02-14 17:00:00,1442.3000000000004
2023-02-14 18:00:00,1447.1000000000006
2023-02-14 20:00:00,1440.9000000000005
2023-02-15 06:00:00,1433.8000000000004
2023-02-15 14:00:00,1434.1000000000006
2023-02-15 15:00:00,1434.0000000000005
2023-02-15 16:00:00,1435.3000000000004
2023-02-15 17:00:00,1430.8000000000004
2023-02-15 18:00:00,1432.8000000000004
2023-02-15 19:00:00,1435.3000000000004
2023-02-15 20:00:00,1433.3000000000004
2023-02-16 06:00:00,1419.7000000000005
2023-02-16 14:00:00,1418.4000000000005
2023-02-16 15:00:00,1423.8000000000004
2023-02-16 16:00:00,1425.9000000000005
2023-02-16 17:00:00,1428.0000000000005
2023-02-16 18:00:00,1428.7000000000005
2023-02-16 19:00:00,1430.0000000000005
2023-02-16 20:00:00,1419.0000000000005
2023-02-17 06:00:00,1432.1000000000006
2023-02-17 14:00:00,1422.4000000000005
2023-02-17 15:00:00,1420.8000000000004
2023-02-17 16:00:00,1422.8000000000004
2023-02-17 17:00:00,1422.7000000000005
2023-02-17 18:00:00,1425.4000000000005
2023-02-17 19:00:00,1432.2000000000005
2023-02-17 20:00:00,1431.8000000000004
2023-02-21 06:00:00,1413.8000000000004
2023-02-21 14:00:00,1421.0000000000005
2023-02-21 15:00:00,1423.4000000000005
2023-02-21 16:00:00,1418.6000000000006
2023-02-21 17:00:00,1417.6000000000006
2023-02-21 18:00:00,1413.7000000000005
2023-02-21 19:00:00,1414.9000000000005
2023-02-21 20:00:00,1413.4000000000005
2023-02-22 06:00:00,1408.6000000000006
2023-02-22 14:00:00,1410.7000000000005
2023-02-22 15:00:00,1412.9000000000005
2023-02-22 16:00:00,1412.5000000000005
2023-02-22 17:00:00,1414.2000000000005
2023-02-22 18:00:00,1416.0000000000005
2023-02-22 19:00:00,1407.6000000000006
2023-02-22 20:00:00,1409.0000000000005
2023-02-23 06:00:00,1411.9000000000005
2023-02-23 14:00:00,1415.5000000000005
2023-02-23 15:00:00,1412.6000000000006
2023-02-23 16:00:00,1404.3000000000004
2023-02-23 17:00:00,1405.9000000000005
2023-02-23 18:00:00,1403.6000000000006
2023-02-23 19:00:00,1411.9000000000005
2023-02-23 20:00:00,1411.9000000000005
2023-02-24 06:00:00,1394.8000000000004
2023-02-24 14:00:00,1395.2000000000005
2023-02-24 15:00:00,1394.8000000000004
2023-02-24 16:00:00,1397.2000000000005
2023-02-24 17:00:00,1395.3000000000004
2023-02-24 18:00:00,1397.6000000000006
2023-02-24 19:00:00,1397.8000000000004
2023-02-24 20:00:00,1394.7000000000005
2023-02-27 06:00:00,1390.8000000000004
2023-02-27 14:00:00,1400.8000000000004
2023-02-27 15:00:00,1399.5000000000005
2023-02-27 16:00:00,1394.3000000000004
2023-02-27 17:00:00,1394.4000000000005
2023-02-27 18:00:00,1395.7000000000005
2023-02-27 19:00:00,1393.6000000000006
2023-02-27 20:00:00,1390.6000000000006
2023-02-28 06:00:00,1381.7000000000005
2023-02-28 14:00:00,1383.7000000000005
2023-02-28 15:00:00,1383.7000000000005
2023-02-28 16:00:00,1382.0000000000005
2023-02-28 17:00:00,1385.0000000000005
2023-02-28 18:00:00,1386.3000000000004
2023-02-28 19:00:00,1383.7000000000005
2023-02-28 20:00:00,1380.6000000000006
2023-03-01 06:00:00,1378.3000000000004
2023-03-01 14:00:00,1376.9000000000005
2023-03-01 15:00:00,1379.1000000000006
2023-03-01 16:00:00,1380.6000000000006
2023-03-01 17:00:00,1380.1000000000006
2023-03-01 18:00:00,1377.7000000000005
2023-03-01 19:00:00,1376.6000000000006
2023-03-01 20:00:00,1378.9000000000005
2023-03-02 06:00:00,1385.7000000000005
2023-03-02 14:00:00,1375.7000000000005
2023-03-02 15:00:00,1378.9000000000005
2023-03-02 16:00:00,1379.9000000000005
2023-03-02 17:00:00,1378.7000000000005
2023-03-02 18:00:00,1382.1000000000006
2023-03-02 19:00:00,1384.8000000000004
2023-03-02 20:00:00,1385.9000000000005
2023-03-02 21:00:00,1385.5000000000005
2023-03-03 06:00:00,1400.6000000000006
2023-03-03 14:00:00,1391.2000000000005
2023-03-03 15:00:00,1390.7000000000005
2023-03-03 16:00:00,1394.2000000000005
2023-03-03 17:00:00,1396.8000000000004
2023-03-03 18:00:00,1396.1000000000006
2023-03-03 19:00:00,1396.4000000000005
2023-03-03 20:00:00,1400.5000000000005
2023-03-06 06:00:00,1399.6000000000006
2023-03-06 14:00:00,1402.9000000000005
2023-03-06 15:00:00,1399.6000000000006
2023-03-06 16:00:00,1401.3000000000004
2023-03-06 17:00:00,1403.7000000000005
2023-03-06 18:00:00,1402.4000000000005
2023-03-06 19:00:00,1399.9000000000005
2023-03-06 20:00:00,1399.4000000000005
2023-03-07 06:00:00,1377.7000000000005
2023-03-07 14:00:00,1397.6000000000006
2023-03-07 15:00:00,1385.5000000000005
2023-03-07 16:00:00,1381.9000000000005
2023-03-07 17:00:00,1379.3000000000004
2023-03-07 19:00:00,1376.1000000000006
2023-03-07 20:00:00,1377.7000000000005
2023-03-08 06:00:00,1371.2000000000005
2023-03-08 14:00:00,1375.7000000000005
2023-03-08 15:00:00,1372.5000000000005
2023-03-08 16:00:00,1375.4000000000005
2023-03-08 17:00:00,1371.1000000000006
2023-03-08 18:00:00,1367.4000000000005
2023-03-08 19:00:00,1368.7000000000005
2023-03-08 20:00:00,1371.1000000000006
2023-03-08 21:00:00,1370.9000000000005
2023-03-09 06:00:00,1357.2000000000005
2023-03-09 14:00:00,1375.6000000000006
2023-03-09 15:00:00,1375.0000000000005
2023-03-09 16:00:00,1373.9000000000005
2023-03-09 17:00:00,1374.0000000000005
2023-03-09 18:00:00,1367.1000000000006
2023-03-09 19:00:00,1360.7000000000005
2023-03-09 20:00:00,1357.3000000000004
2023-03-10 06:00:00,1347.8000000000004
2023-03-10 14:00:00,1363.0000000000005
2023-03-10 15:00:00,1359.3000000000004
2023-03-10 16:00:00,1363.2000000000005
2023-03-10 17:00:00,1360.1000000000004
2023-03-10 18:00:00,1345.9000000000003
2023-03-10 19:00:00,1351.8000000000004
2023-03-10 20:00:00,1348.3000000000004
2023-03-13 05:00:00,1359.8000000000004
2023-03-13 13:00:00,1357.9000000000003
2023-03-13 14:00:00,1371.0000000000005
2023-03-13 15:00:00,1371.5000000000005
2023-03-13 16:00:00,1364.5000000000005
2023-03-13 17:00:00,1367.6000000000004
2023-03-13 18:00:00,1363.8000000000004
2023-03-13 19:00:00,1360.6000000000004
2023-03-14 05:00:00,1372.2000000000005
2023-03-14 13:00:00,1368.9000000000003
2023-03-14 14:00:00,1373.2000000000005
2023-03-14 15:00:00,1372.7000000000005
2023-03-14 16:00:00,1365.1000000000004
2023-03-14 17:00:00,1361.1000000000004
2023-03-14 18:00:00,1362.8000000000004
2023-03-14 19:00:00,1371.2000000000005
2023-03-15 05:00:00,1367.8000000000004
2023-03-15 13:00:00,1363.0000000000005
2023-03-15 14:00:00,1358.9000000000003
2023-03-15 15:00:00,1357.5000000000005
2023-03-15 16:00:00,1359.1000000000004
2023-03-15 17:00:00,1364.8000000000004
2023-03-15 18:00:00,1366.5000000000005
2023-03-15 19:00:00,1368.8000000000004
2023-03-16 05:00:00,1380.5000000000005
2023-03-16 13:00:00,1357.5000000000005
2023-03-16 14:00:00,1370.9000000000003
2023-03-16 15:00:00,1372.6000000000004
2023-03-16 16:00:00,1378.9000000000003
2023-03-16 17:00:00,1379.4000000000003
2023-03-16 18:00:00,1378.2000000000005
2023-03-16 19:00:00,1380.6000000000004
2023-03-16 20:00:00,1379.5000000000005
2023-03-17 05:00:00,1363.6000000000004
2023-03-17 13:00:00,1371.1000000000004
2023-03-17 14:00:00,1369.3000000000004
2023-03-17 15:00:00,1362.9000000000003
2023-03-17 16:00:00,1367.4000000000003
2023-03-17 17:00:00,1366.5000000000005
2023-03-17 18:00:00,1363.6000000000004
2023-03-17 19:00:00,1363.5000000000005
2023-03-20 05:00:00,1379.3000000000004
2023-03-20 13:00:00,1377.9000000000003
2023-03-20 14:00:00,1378.1000000000004
2023-03-20 15:00:00,1374.5000000000005
2023-03-20 16:00:00,1379.1000000000004
2023-03-20 17:00:00,1377.3000000000004
2023-03-20 18:00:00,1376.9000000000003
2023-03-20 19:00:00,1379.8000000000004
2023-03-21 05:00:00,1386.0000000000005
2023-03-21 13:00:00,1384.7000000000005
2023-03-21 14:00:00,1383.7000000000005
2023-03-21 15:00:00,1381.4000000000003
2023-03-21 16:00:00,1378.5000000000005
2023-03-21 17:00:00,1376.9000000000003
2023-03-21 18:00:00,1382.4000000000003
2023-03-21 19:00:00,1386.1000000000004
2023-03-21 20:00:00,1383.7000000000005
2023-03-22 05:00:00,1369.2000000000005
2023-03-22 13:00:00,1389.5000000000005
2023-03-22 14:00:00,1390.0000000000005
2023-03-22 15:00:00,1386.7000000000005
2023-03-22 16:00:00,1383.4000000000003
2023-03-22 17:00:00,1384.6000000000004
2023-03-22 18:00:00,1383.3000000000004
2023-03-22 19:00:00,1369.3000000000004
2023-03-23 05:00:00,1365.5000000000005
2023-03-23 13:00:00,1375.7000000000005
2023-03-23 14:00:00,1379.3000000000004
2023-03-23 15:00:00,1377.8000000000004
2023-03-23 16:00:00,1374.8000000000004
2023-03-23 17:00:00,1367.9000000000003
2023-03-23 18:00:00,1358.2000000000005
2023-03-23 19:00:00,1364.1000000000004
2023-03-24 05:00:00,1381.4000000000003
2023-03-24 13:00:00,1362.9000000000003
2023-03-24 14:00:00,1365.2000000000005
2023-03-24 15:00:00,1371.8000000000004
2023-03-24 16:00:00,1375.3000000000004
2023-03-24 17:00:00,1375.0000000000005
2023-03-24 18:00:00,1380.3000000000004
2023-03-24 19:00:00,1381.3000000000004
2023-03-27 05:00:00,1386.5000000000005
2023-03-27 13:00:00,1392.2000000000005
2023-03-27 14:00:00,1388.5000000000005
2023-03-27 15:00:00,1389.5000000000005
2023-03-27 16:00:00,1390.0000000000005
2023-03-27 17:00:00,1391.5000000000005
2023-03-27 18:00:00,1391.3000000000004
2023-03-27 19:00:00,1386.8000000000004
2023-03-28 05:00:00,1379.3000000000004
2023-03-28 13:00:00,1388.4000000000003
2023-03-28 14:00:00,1384.1000000000004
2023-03-28 15:00:00,1386.0000000000005
2023-03-28 17:00:00,1378.4000000000003
2023-03-28 18:00:00,1378.3000000000004
2023-03-28 19:00:00,1379.0000000000005
2023-03-29 05:00:00,1382.6000000000004
2023-03-29 13:00:00,1383.3000000000004
2023-03-29 14:00:00,1382.7000000000005
2023-03-29 15:00:00,1379.1000000000004
2023-03-29 16:00:00,1379.4000000000003
2023-03-29 17:00:00,1379.1000000000004
2023-03-29 18:00:00,1380.5000000000005
2023-03-29 19:00:00,1382.8000000000004
2023-03-30 05:00:00,1389.9000000000003
2023-03-30 13:00:00,1385.8000000000004
2023-03-30 14:00:00,1385.5000000000005
2023-03-30 15:00:00,1383.5000000000005
2023-03-30 16:00:00,1381.6000000000004
2023-03-30 17:00:00,1383.7000000000005
2023-03-30 18:00:00,1386.7000000000005
2023-03-30 19:00:00,1389.7000000000005
2023-03-31 05:00:00,1403.9000000000003
2023-03-31 13:00:00,1397.5000000000005
2023-03-31 14:00:00,1397.9000000000003
2023-03-31 15:00:00,1398.2000000000005
2023-03-31 16:00:00,1398.2000000000005
2023-03-31 17:00:00,1398.4000000000003
2023-03-31 18:00:00,1399.2000000000005
2023-03-31 19:00:00,1403.2000000000005
2023-04-03 05:00:00,1418.5000000000005
2023-04-03 13:00:00,1408.8000000000004
2023-04-03 14:00:00,1411.6000000000004
2023-04-03 15:00:00,1416.2000000000005
2023-04-03 16:00:00,1416.0000000000005
2023-04-03 17:00:00,1416.3000000000004
2023-04-03 18:00:00,1417.6000000000004
2023-04-03 19:00:00,1418.5000000000005
2023-04-04 05:00:00,1418.0000000000005
2023-04-04 13:00:00,1424.1000000000004
2023-04-04 14:00:00,1424.2000000000005
2023-04-04 15:00:00,1421.0000000000005
2023-04-04 16:00:00,1419.4000000000003
2023-04-04 17:00:00,1419.2000000000005
2023-04-04 18:00:00,1416.5000000000005
2023-04-04 19:00:00,1417.8000000000004
2023-04-05 05:00:00,1441.2000000000005
2023-04-05 13:00:00,1430.8000000000004
2023-04-05 14:00:00,1434.2000000000005
2023-04-05 15:00:00,1439.0000000000005
2023-04-05 16:00:00,1438.7000000000005
2023-04-05 17:00:00,1438.3000000000004
2023-04-05 18:00:00,1442.2000000000005
2023-04-05 19:00:00,1440.8000000000004
2023-04-06 05:00:00,1443.9000000000003
2023-04-06 11:00:00,1434.8000000000004
2023-04-06 13:00:00,1442.4000000000003
2023-04-06 14:00:00,1439.7000000000005
2023-04-06 15:00:00,1441.5000000000005
2023-04-06 16:00:00,1444.6000000000004
2023-04-06 17:00:00,1445.1000000000004
2023-04-06 18:00:00,1444.5000000000005
2023-04-06 19:00:00,1443.9000000000003
2023-04-07 05:00:00,1443.9000000000003
2023-04-10 05:00:00,1442.8000000000004
2023-04-10 13:00:00,1433.5000000000005
2023-04-10 14:00:00,1435.0000000000005
2023-04-10 15:00:00,1435.5000000000005
2023-04-10 16:00:00,1438.6000000000004
2023-04-10 17:00:00,1437.9000000000003
2023-04-10 18:00:00,1437.5000000000005
2023-04-10 19:00:00,1442.8000000000004
2023-04-11 05:00:00,1446.4000000000003
2023-04-11 13:00:00,1448.4000000000003
2023-04-11 14:00:00,1448.9000000000003
2023-04-11 15:00:00,1449.5000000000005
2023-04-11 16:00:00,1450.3000000000004
2023-04-11 17:00:00,1450.2000000000005
2023-04-11 18:00:00,1448.8000000000004
2023-04-11 19:00:00,1446.6000000000004
2023-04-12 05:00:00,1447.1000000000004
2023-04-12 12:00:00,1448.5000000000005
2023-04-12 13:00:00,1453.3000000000004
2023-04-12 14:00:00,1448.7000000000005
2023-04-12 15:00:00,1451.5000000000005
2023-04-12 16:00:00,1453.5000000000005
2023-04-12 17:00:00,1455.0000000000005
2023-04-12 18:00:00,1449.5000000000005
2023-04-12 19:00:00,1447.7000000000005
2023-04-13 05:00:00,1464.5000000000005
2023-04-13 13:00:00,1450.8000000000004
2023-04-13 14:00:00,1457.1000000000004
2023-04-13 15:00:00,1458.2000000000005
2023-04-13 16:00:00,1458.9000000000003
2023-04-13 17:00:00,1461.7000000000005
2023-04-13 18:00:00,1465.2000000000005
2023-04-13 19:00:00,1464.6000000000004
2023-04-14 05:00:00,1453.2000000000005
2023-04-14 13:00:00,1460.8000000000004
2023-04-14 14:00:00,1453.4000000000003
2023-04-14 15:00:00,1450.7000000000005
2023-04-14 16:00:00,1448.9000000000003
2023-04-14 17:00:00,1451.2000000000005
2023-04-14 18:00:00,1452.0000000000005
2023-04-14 19:00:00,1453.2000000000005
2023-04-17 05:00:00,1451.8000000000004
2023-04-17 13:00:00,1449.6000000000004
2023-04-17 14:00:00,1449.6000000000004
2023-04-17 15:00:00,1447.3000000000004
2023-04-17 16:00:00,1446.4000000000003
2023-04-17 17:00:00,1446.8000000000004
2023-04-17 18:00:00,1449.0000000000005
2023-04-17 19:00:00,1451.8000000000004
2023-04-18 05:00:00,1442.4000000000003
2023-04-18 13:00:00,1445.5000000000005
2023-04-18 14:00:00,1443.3000000000004
2023-04-18 15:00:00,1441.0000000000005
2023-04-18 16:00:00,1443.4000000000003
2023-04-18 17:00:00,1441.5000000000005
2023-04-18 18:00:00,1444.0000000000005
2023-04-18 19:00:00,1442.7000000000005
2023-04-19 05:00:00,1446.0000000000005
2023-04-19 13:00:00,1443.5000000000005
2023-04-19 14:00:00,1447.1000000000004
2023-04-19 15:00:00,1446.5000000000005
2023-04-19 16:00:00,1444.2000000000005
2023-04-19 17:00:00,1445.3000000000004
2023-04-19 18:00:00,1444.9000000000003
2023-04-19 19:00:00,1446.2000000000005
2023-04-20 05:00:00,1439.8000000000004
2023-04-20 13:00:00,1434.6000000000004
2023-04-20 14:00:00,1438.9000000000003
2023-04-20 15:00:00,1439.8000000000004
2023-04-20 16:00:00,1440.2000000000005
2023-04-20 17:00:00,1441.5000000000005
2023-04-20 18:00:00,1437.5000000000005
2023-04-20 19:00:00,1440.6000000000004
2023-04-21 05:00:00,1449.1000000000004
2023-04-21 13:00:00,1448.4000000000003
2023-04-21 14:00:00,1444.6000000000004
2023-04-21 15:00:00,1445.2000000000005
2023-04-21 16:00:00,1447.1000000000004
2023-04-21 17:00:00,1447.9000000000003
2023-04-21 18:00:00,1447.5000000000005
2023-04-21 19:00:00,1449.4000000000003
2023-04-24 05:00:00,1456.6000000000004
2023-04-24 13:00:00,1452.6000000000004
2023-04-24 14:00:00,1455.1000000000004
2023-04-24 16:00:00,1455.8000000000004
2023-04-24 18:00:00,1455.2000000000005
2023-04-24 19:00:00,1456.7000000000005
2023-04-24 20:00:00,1462.9000000000003
2023-04-25 05:00:00,1441.9000000000003
2023-04-25 13:00:00,1453.7000000000005
2023-04-25 14:00:00,1454.4000000000003
2023-04-25 15:00:00,1451.2000000000005
2023-04-25 16:00:00,1449.2000000000005
2023-04-25 17:00:00,1444.6000000000004
2023-04-25 18:00:00,1441.0000000000005
2023-04-25 19:00:00,1441.8000000000004
2023-04-26 05:00:00,1422.8000000000004
2023-04-26 13:00:00,1419.6000000000004
2023-04-26 14:00:00,1419.7000000000005
2023-04-26 15:00:00,1423.9000000000003
2023-04-26 16:00:00,1422.8000000000004
2023-04-26 17:00:00,1422.5000000000005
2023-04-26 18:00:00,1421.4000000000003
2023-04-26 19:00:00,1422.8000000000004
2023-04-26 20:00:00,1421.8000000000004
2023-04-27 05:00:00,1429.6000000000004
2023-04-27 13:00:00,1416.1000000000004
2023-04-27 14:00:00,1414.2000000000005
2023-04-27 15:00:00,1416.1000000000004
2023-04-27 16:00:00,1418.2000000000005
2023-04-27 17:00:00,1421.0000000000005
2023-04-27 18:00:00,1427.3000000000004
2023-04-27 19:00:00,1429.6000000000004
2023-04-28 05:00:00,1439.7000000000005
2023-04-28 13:00:00,1430.3000000000004
2023-04-28 14:00:00,1433.6000000000004
2023-04-28 15:00:00,1439.7000000000005
2023-04-28 16:00:00,1442.8000000000004
2023-04-28 17:00:00,1440.1000000000004
2023-04-28 18:00:00,1436.4000000000003
2023-04-28 19:00:00,1440.3000000000004
2023-05-01 05:00:00,1447.5000000000005
2023-05-01 13:00:00,1443.1000000000004
2023-05-01 14:00:00,1449.0000000000005
2023-05-01 15:00:00,1447.7000000000005
2023-05-01 16:00:00,1450.1000000000004
2023-05-01 17:00:00,1451.9000000000003
2023-05-01 18:00:00,1449.1000000000004
2023-05-01 19:00:00,1447.7000000000005
2023-05-02 05:00:00,1440.8000000000004
2023-05-02 13:00:00,1452.0000000000005
2023-05-02 14:00:00,1438.6000000000004
2023-05-02 15:00:00,1432.7000000000005
2023-05-02 16:00:00,1435.7000000000005
2023-05-02 17:00:00,1436.9000000000003
2023-05-02 18:00:00,1439.5000000000005
2023-05-02 19:00:00,1440.3000000000004
2023-05-03 05:00:00,1438.5000000000005
2023-05-03 13:00:00,1447.3000000000004
2023-05-03 14:00:00,1440.6000000000004
2023-05-03 15:00:00,1445.2000000000005
2023-05-03 16:00:00,1448.2000000000005
2023-05-03 17:00:00,1450.2000000000005
2023-05-03 18:00:00,1444.0000000000005
2023-05-03 19:00:00,1438.3000000000004
2023-05-04 05:00:00,1427.0000000000005
2023-05-04 13:00:00,1431.2000000000005
2023-05-04 14:00:00,1428.6000000000004
2023-05-04 15:00:00,1424.1000000000004
2023-05-04 16:00:00,1427.3000000000004
2023-05-04 17:00:00,1424.9000000000003
2023-05-04 18:00:00,1426.0000000000005
2023-05-04 19:00:00,1427.0000000000005
2023-05-05 05:00:00,1439.0000000000005
2023-05-05 13:00:00,1432.5000000000005
2023-05-05 14:00:00,1439.9000000000003
2023-05-05 15:00:00,1435.3000000000004
2023-05-05 18:00:00,1443.5000000000005
2023-05-05 19:00:00,1439.6000000000004
2023-05-08 05:00:00,1436.3000000000004
2023-05-08 13:00:00,1433.7000000000005
2023-05-08 14:00:00,1436.7000000000005
2023-05-08 15:00:00,1434.7000000000005
2023-05-08 17:00:00,1435.4000000000003
2023-05-08 18:00:00,1434.7000000000005
2023-05-08 19:00:00,1436.4000000000003
2023-05-09 05:00:00,1427.1000000000004
2023-05-09 13:00:00,1436.1000000000004
2023-05-09 14:00:00,1431.6000000000004
2023-05-09 15:00:00,1430.7000000000005
2023-05-09 16:00:00,1429.4000000000003
2023-05-09 17:00:00,1430.3000000000004
2023-05-09 18:00:00,1428.0000000000005
2023-05-09 19:00:00,1427.0000000000005
2023-05-10 05:00:00,1430.5000000000005
2023-05-10 13:00:00,1431.0000000000005
2023-05-10 14:00:00,1425.7000000000005
2023-05-10 15:00:00,1426.3000000000004
2023-05-10 16:00:00,1426.3000000000004
2023-05-10 17:00:00,1423.1000000000004
2023-05-10 18:00:00,1428.1000000000004
2023-05-10 19:00:00,1430.4000000000003
2023-05-11 05:00:00,1426.3000000000004
2023-05-11 13:00:00,1419.5000000000005
2023-05-11 14:00:00,1420.5000000000005
2023-05-11 15:00:00,1422.1000000000004
2023-05-11 16:00:00,1422.4000000000003
2023-05-11 17:00:00,1419.8000000000004
2023-05-11 18:00:00,1423.3000000000004
2023-05-11 19:00:00,1425.9000000000003
2023-05-12 05:00:00,1423.7000000000005
2023-05-12 13:00:00,1429.1000000000004
2023-05-12 14:00:00,1422.5000000000005
2023-05-12 15:00:00,1421.4000000000003
2023-05-12 16:00:00,1419.9000000000003
2023-05-12 17:00:00,1418.5000000000005
2023-05-12 18:00:00,1419.8000000000004
2023-05-12 19:00:00,1423.2000000000005
2023-05-12 20:00:00,1418.8000000000004
2023-05-15 05:00:00,1420.7000000000005
2023-05-15 13:00:00,1420.8000000000004
2023-05-15 14:00:00,1418.8000000000004
2023-05-15 15:00:00,1415.9000000000003
2023-05-15 16:00:00,1418.0000000000005
2023-05-15 17:00:00,1417.7000000000005
2023-05-15 19:00:00,1420.8000000000004
2023-05-16 05:00:00,1410.2000000000005
2023-05-16 13:00:00,1413.1000000000004
2023-05-16 14:00:00,1413.6000000000004
2023-05-16 15:00:00,1412.3000000000004
2023-05-16 16:00:00,1413.8000000000004
2023-05-16 17:00:00,1413.4000000000003
2023-05-16 18:00:00,1413.8000000000004
2023-05-16 19:00:00,1410.5000000000005
2023-05-17 05:00:00,1411.0000000000005
2023-05-17 13:00:00,1400.1000000000004
2023-05-17 14:00:00,1398.5000000000005
2023-05-17 15:00:00,1402.5000000000005
2023-05-17 16:00:00,1408.2000000000005
2023-05-17 17:00:00,1411.1000000000004
2023-05-17 18:00:00,1409.0000000000005
2023-05-17 19:00:00,1411.2000000000005
2023-05-18 05:00:00,1407.8000000000004
2023-05-18 13:00:00,1403.2000000000005
2023-05-18 14:00:00,1406.1000000000004
2023-05-18 15:00:00,1403.7000000000005
2023-05-18 16:00:00,1400.2000000000005
2023-05-18 17:00:00,1398.4000000000003
2023-05-18 18:00:00,1400.2000000000005
2023-05-18 19:00:00,1407.9000000000003
2023-05-18 20:00:00,1402.8000000000004
2023-05-19 05:00:00,1413.5000000000005
2023-05-19 13:00:00,1421.2000000000005
2023-05-19 14:00:00,1420.5000000000005
2023-05-19 15:00:00,1414.9000000000003
2023-05-19 16:00:00,1414.2000000000005
2023-05-19 17:00:00,1413.7000000000005
2023-05-19 18:00:00,1411.6000000000004
2023-05-19 19:00:00,1413.3000000000004
2023-05-19 20:00:00,1413.7000000000005
2023-05-22 05:00:00,1414.7000000000005
2023-05-22 12:00:00,1415.4000000000003
2023-05-22 13:00:00,1413.3000000000004
2023-05-22 14:00:00,1414.8000000000004
2023-05-22 15:00:00,1419.1000000000004
2023-05-22 16:00:00,1419.4000000000003
2023-05-22 17:00:00,1415.6000000000004
2023-05-22 18:00:00,1418.2000000000005
2023-05-22 19:00:00,1414.9000000000003
2023-05-23 05:00:00,1399.9000000000003
2023-05-23 13:00:00,1406.1000000000004
2023-05-23 14:00:00,1406.2000000000005
2023-05-23 15:00:00,1408.6000000000004
2023-05-23 16:00:00,1406.6000000000004
2023-05-23 17:00:00,1402.2000000000005
2023-05-23 18:00:00,1400.7000000000005
2023-05-23 19:00:00,1399.3000000000004
2023-05-24 05:00:00,1390.6000000000004
2023-05-24 12:00:00,1395.4000000000003
2023-05-24 13:00:00,1390.0000000000005
2023-05-24 14:00:00,1389.9000000000003
2023-05-24 15:00:00,1390.4000000000003
2023-05-24 16:00:00,1391.8000000000004
2023-05-24 17:00:00,1393.4000000000003
2023-05-24 18:00:00,1391.0000000000005
2023-05-24 19:00:00,1390.9000000000003
2023-05-25 05:00:00,1376.7000000000005
2023-05-25 13:00:00,1374.6000000000004
2023-05-25 14:00:00,1375.1000000000004
2023-05-25 15:00:00,1368.8000000000004
2023-05-25 16:00:00,1368.3000000000004
2023-05-25 17:00:00,1375.0000000000005
2023-05-25 18:00:00,1374.6000000000004
2023-05-25 19:00:00,1376.1000000000004
2023-05-26 05:00:00,1373.3000000000004
2023-05-26 13:00:00,1380.9000000000003
2023-05-26 14:00:00,1378.2000000000005
2023-05-26 15:00:00,1375.7000000000005
2023-05-26 16:00:00,1375.8000000000004
2023-05-26 17:00:00,1372.8000000000004
2023-05-26 18:00:00,1375.6000000000004
2023-05-26 19:00:00,1373.2000000000005
2023-05-26 20:00:00,1372.7000000000005
2023-05-30 05:00:00,1365.3000000000004
2023-05-30 12:00:00,1370.4000000000003
2023-05-30 13:00:00,1375.2000000000005
2023-05-30 14:00:00,1367.5000000000005
2023-05-30 15:00:00,1364.5000000000005
2023-05-30 16:00:00,1364.8000000000004
2023-05-30 17:00:00,1365.7000000000005
2023-05-30 18:00:00,1364.2000000000005
2023-05-30 19:00:00,1365.7000000000005
2023-05-31 05:00:00,1375.8000000000004
2023-05-31 13:00:00,1360.5000000000005
2023-05-31 14:00:00,1360.6000000000004
2023-05-31 15:00:00,1365.7000000000005
2023-05-31 16:00:00,1369.4000000000003
2023-05-31 17:00:00,1371.4000000000003
2023-05-31 18:00:00,1372.8000000000004
2023-05-31 19:00:00,1376.9000000000003
2023-06-01 05:00:00,1383.3000000000004
2023-06-01 13:00:00,1367.3000000000004
2023-06-01 14:00:00,1379.0000000000005
2023-06-01 15:00:00,1386.5000000000005
2023-06-01 16:00:00,1385.0000000000005
2023-06-01 17:00:00,1384.4000000000003
2023-06-01 18:00:00,1383.8000000000004
2023-06-01 19:00:00,1383.7000000000005
2023-06-02 05:00:00,1400.7000000000005
2023-06-02 13:00:00,1389.6000000000004
2023-06-02 14:00:00,1395.0000000000005
2023-06-02 15:00:00,1395.9000000000003
2023-06-02 16:00:00,1397.9000000000003
2023-06-02 17:00:00,1399.9000000000003
2023-06-02 18:00:00,1401.4000000000003
2023-06-02 19:00:00,1400.3000000000004
2023-06-02 20:00:00,1402.6000000000004
2023-06-05 05:00:00,1405.9000000000003
2023-06-05 13:00:00,1407.0000000000005
2023-06-05 14:00:00,1405.9000000000003
2023-06-05 15:00:00,1405.7000000000005
2023-06-05 16:00:00,1406.5000000000005
2023-06-05 17:00:00,1406.7000000000005
2023-06-05 18:00:00,1403.2000000000005
2023-06-05 19:00:00,1405.9000000000003
2023-06-06 05:00:00,1394.0000000000005
2023-06-06 13:00:00,1400.6000000000004
2023-06-06 14:00:00,1400.0000000000005
2023-06-06 15:00:00,1395.6000000000004
2023-06-06 16:00:00,1391.0000000000005
2023-06-06 17:00:00,1388.6000000000004
2023-06-06 18:00:00,1391.5000000000005
2023-06-06 19:00:00,1394.5000000000005
2023-06-07 05:00:00,1388.7000000000005
2023-06-07 13:00:00,1390.0000000000005
2023-06-07 14:00:00,1390.7000000000005
2023-06-07 15:00:00,1387.6000000000004
2023-06-07 16:00:00,1389.4000000000003
2023-06-07 17:00:00,1391.1000000000004
2023-06-07 18:00:00,1390.4000000000003
2023-06-07 19:00:00,1388.8000000000004
2023-06-08 05:00:00,1396.8000000000004
2023-06-08 13:00:00,1389.7000000000005
2023-06-08 14:00:00,1394.2000000000005
2023-06-08 15:00:00,1394.1000000000004
2023-06-08 16:00:00,1395.0000000000005
2023-06-08 17:00:00,1395.2000000000005
2023-06-08 18:00:00,1395.5000000000005
2023-06-08 19:00:00,1396.6000000000004
2023-06-09 05:00:00,1400.5000000000005
2023-06-09 13:00:00,1395.7000000000005
2023-06-09 14:00:00,1402.8000000000004
2023-06-09 15:00:00,1400.9000000000003
2023-06-09 16:00:00,1398.0000000000005
2023-06-09 17:00:00,1399.5000000000005
2023-06-09 18:00:00,1400.3000000000004
2023-06-09 19:00:00,1402.6000000000004
2023-06-12 05:00:00,1404.6000000000004
2023-06-12 13:00:00,1398.4000000000003
2023-06-12 14:00:00,1397.3000000000004
2023-06-12 15:00:00,1400.3000000000004
2023-06-12 17:00:00,1398.5000000000005
2023-06-12 18:00:00,1401.1000000000004
2023-06-12 19:00:00,1405.3000000000004
2023-06-13 05:00:00,1411.8000000000004
2023-06-13 13:00:00,1407.0000000000005
2023-06-13 14:00:00,1407.4000000000003
2023-06-13 15:00:00,1407.8000000000004
2023-06-13 16:00:00,1410.9000000000003
2023-06-13 17:00:00,1410.7000000000005
2023-06-13 18:00:00,1409.3000000000004
2023-06-13 19:00:00,1411.5000000000005
2023-06-14 05:00:00,1396.6000000000004
2023-06-14 13:00:00,1402.4000000000003
2023-06-14 14:00:00,1398.8000000000004
2023-06-14 15:00:00,1400.7000000000005
2023-06-14 16:00:00,1400.0000000000005
2023-06-14 17:00:00,1398.7000000000005
2023-06-14 18:00:00,1398.2000000000005
2023-06-14 19:00:00,1396.5000000000005
2023-06-15 05:00:00,1416.6000000000004
2023-06-15 13:00:00,1409.3000000000004
2023-06-15 14:00:00,1407.1000000000004
2023-06-15 15:00:00,1411.5000000000005
2023-06-15 16:00:00,1413.6000000000004
2023-06-15 17:00:00,1415.2000000000005
2023-06-15 18:00:00,1417.1000000000004
2023-06-15 19:00:00,1417.3000000000004
2023-06-16 05:00:00,1416.6000000000004
2023-06-16 13:00:00,1422.6000000000004
2023-06-16 14:00:00,1417.8000000000004
2023-06-16 15:00:00,1418.3000000000004
2023-06-16 16:00:00,1420.0000000000005
2023-06-16 17:00:00,1417.9000000000003
2023-06-16 18:00:00,1416.5000000000005
2023-06-16 19:00:00,1416.5000000000005
2023-06-16 20:00:00,1416.2000000000005
2023-06-20 05:00:00,1415.1000000000004
2023-06-20 13:00:00,1409.2000000000005
2023-06-20 14:00:00,1411.4000000000003
2023-06-20 15:00:00,1412.6000000000004
2023-06-20 16:00:00,1415.1000000000004
2023-06-20 17:00:00,1419.8000000000004
2023-06-20 19:00:00,1415.0000000000005
2023-06-20 20:00:00,1414.6000000000004
2023-06-21 05:00:00,1415.9000000000003
2023-06-21 13:00:00,1409.8000000000004
2023-06-21 14:00:00,1417.6000000000004
2023-06-21 15:00:00,1417.9000000000003
2023-06-21 16:00:00,1417.4000000000003
2023-06-21 17:00:00,1416.4000000000003
2023-06-21 18:00:00,1417.3000000000004
2023-06-21 19:00:00,1415.9000000000003
2023-06-22 05:00:00,1423.6000000000004
2023-06-22 13:00:00,1420.3000000000004
2023-06-22 14:00:00,1417.4000000000003
2023-06-22 15:00:00,1419.9000000000003
2023-06-22 16:00:00,1422.0000000000005
2023-06-22 17:00:00,1422.9000000000003
2023-06-22 18:00:00,1425.4000000000003
2023-06-22 19:00:00,1423.3000000000004
2023-06-23 05:00:00,1419.0000000000005
2023-06-23 13:00:00,1422.3000000000004
2023-06-23 14:00:00,1420.4000000000003
2023-06-23 15:00:00,1421.8000000000004
2023-06-23 16:00:00,1423.5000000000005
2023-06-23 17:00:00,1423.0000000000005
2023-06-23 18:00:00,1419.3000000000004
2023-06-23 19:00:00,1418.5000000000005
2023-06-26 05:00:00,1410.4000000000003
2023-06-26 13:00:00,1399.7000000000005
2023-06-26 14:00:00,1408.2000000000005
2023-06-26 15:00:00,1410.8000000000004
2023-06-26 16:00:00,1414.1000000000004
2023-06-26 17:00:00,1413.2000000000005
2023-06-26 18:00:00,1413.3000000000004
2023-06-26 19:00:00,1410.3000000000004
2023-06-27 05:00:00,1407.7000000000005
2023-06-27 13:00:00,1399.7000000000005
2023-06-27 14:00:00,1402.6000000000004
2023-06-27 15:00:00,1403.7000000000005
2023-06-27 16:00:00,1406.8000000000004
2023-06-27 17:00:00,1407.3000000000004
2023-06-27 18:00:00,1407.0000000000005
2023-06-27 19:00:00,1407.7000000000005
2023-06-27 20:00:00,1406.6000000000004
2023-06-28 05:00:00,1402.5000000000005
2023-06-28 13:00:00,1404.5000000000005
2023-06-28 14:00:00,1399.1000000000004
2023-06-28 15:00:00,1403.7000000000005
2023-06-28 16:00:00,1403.0000000000005
2023-06-28 17:00:00,1401.6000000000004
2023-06-28 18:00:00,1400.6000000000004
2023-06-28 19:00:00,1403.6000000000004
2023-06-29 05:00:00,1411.3000000000004
2023-06-29 13:00:00,1403.8000000000004
2023-06-29 14:00:00,1404.7000000000005
2023-06-29 15:00:00,1408.9000000000003
2023-06-29 16:00:00,1411.1000000000004
2023-06-29 17:00:00,1408.9000000000003
2023-06-29 18:00:00,1408.8000000000004
2023-06-29 19:00:00,1410.8000000000004
2023-06-30 05:00:00,1425.9000000000003
2023-06-30 13:00:00,1419.1000000000004
2023-06-30 14:00:00,1419.0000000000005
2023-06-30 15:00:00,1420.8000000000004
2023-06-30 16:00:00,1423.6000000000004
2023-06-30 17:00:00,1425.8000000000004
2023-06-30 18:00:00,1427.1000000000004
2023-06-30 19:00:00,1424.8000000000004
2023-07-03 05:00:00,1414.3000000000004
2023-07-03 13:00:00,1413.2000000000005
2023-07-03 14:00:00,1411.7000000000005
2023-07-03 15:00:00,1412.6000000000004
2023-07-03 16:00:00,1413.9000000000003
2023-07-05 05:00:00,1413.0000000000005
2023-07-05 13:00:00,1415.1000000000004
2023-07-05 14:00:00,1412.1000000000004
2023-07-05 15:00:00,1414.8000000000004
2023-07-05 16:00:00,1411.5000000000005
2023-07-05 17:00:00,1411.5000000000005
2023-07-05 18:00:00,1412.4000000000003
2023-07-05 19:00:00,1413.4000000000003
2023-07-06 05:00:00,1401.4000000000003
2023-07-06 13:00:00,1405.0000000000005
2023-07-06 14:00:00,1399.8000000000004
2023-07-06 15:00:00,1401.9000000000003
2023-07-06 16:00:00,1404.8000000000004
2023-07-06 17:00:00,1405.6000000000004
2023-07-06 18:00:00,1404.6000000000004
2023-07-06 19:00:00,1401.4000000000003
2023-07-07 05:00:00,1385.2000000000005
2023-07-07 12:00:00,1397.3000000000004
2023-07-07 13:00:00,1396.3000000000004
2023-07-07 14:00:00,1391.8000000000004
2023-07-07 15:00:00,1387.9000000000003
2023-07-07 16:00:00,1392.9000000000003
2023-07-07 17:00:00,1392.4000000000003
2023-07-07 18:00:00,1391.0000000000005
2023-07-07 19:00:00,1385.2000000000005
2023-07-07 20:00:00,1377.8000000000004
2023-07-10 05:00:00,1396.0000000000005
2023-07-10 13:00:00,1397.2000000000005
2023-07-10 14:00:00,1390.9000000000003
2023-07-10 15:00:00,1395.0000000000005
2023-07-10 16:00:00,1395.0000000000005
2023-07-10 17:00:00,1395.8000000000004
2023-07-10 18:00:00,1393.3000000000004
2023-07-10 19:00:00,1396.5000000000005
2023-07-11 05:00:00,1395.8000000000004
2023-07-11 13:00:00,1399.0000000000005
2023-07-11 14:00:00,1395.2000000000005
2023-07-11 15:00:00,1395.3000000000004
2023-07-11 16:00:00,1394.9000000000003
2023-07-11 17:00:00,1390.9000000000003
2023-07-11 19:00:00,1396.4000000000003
2023-07-12 05:00:00,1391.9000000000003
2023-07-12 13:00:00,1396.6000000000004
2023-07-12 14:00:00,1397.5000000000005
2023-07-12 15:00:00,1396.8000000000004
2023-07-12 16:00:00,1396.2000000000005
2023-07-12 17:00:00,1394.0000000000005
2023-07-12 18:00:00,1394.0000000000005
2023-07-12 19:00:00,1391.6000000000004
2023-07-13 05:00:00,1392.4000000000003
2023-07-13 13:00:00,1396.8000000000004
2023-07-13 14:00:00,1392.8000000000004
2023-07-13 15:00:00,1392.5000000000005
2023-07-13 16:00:00,1392.2000000000005
2023-07-13 17:00:00,1391.6000000000004
2023-07-13 18:00:00,1390.8000000000004
2023-07-13 19:00:00,1392.3000000000004
2023-07-13 20:00:00,1392.6000000000004
2023-07-14 05:00:00,1411.0000000000005
2023-07-14 13:00:00,1410.1000000000004
2023-07-14 14:00:00,1408.5000000000005
2023-07-14 15:00:00,1408.7000000000005
2023-07-14 16:00:00,1412.3000000000004
2023-07-14 17:00:00,1412.9000000000003
2023-07-14 18:00:00,1414.6000000000004
2023-07-14 19:00:00,1411.0000000000005
2023-07-17 05:00:00,1405.7000000000005
2023-07-17 13:00:00,1404.7000000000005
2023-07-17 14:00:00,1406.8000000000004
2023-07-17 15:00:00,1406.0000000000005
2023-07-17 16:00:00,1406.6000000000004
2023-07-17 17:00:00,1404.8000000000004
2023-07-17 18:00:00,1406.2000000000005
2023-07-17 19:00:00,1405.9000000000003
2023-07-18 05:00:00,1415.3000000000004
2023-07-18 13:00:00,1414.2000000000005
2023-07-18 14:00:00,1417.5000000000005
2023-07-18 15:00:00,1416.9000000000003
2023-07-18 16:00:00,1410.6000000000004
2023-07-18 17:00:00,1410.6000000000004
2023-07-18 18:00:00,1412.5000000000005
2023-07-18 19:00:00,1415.4000000000003
2023-07-18 20:00:00,1423.2000000000005
2023-07-19 05:00:00,1421.5000000000005
2023-07-19 13:00:00,1428.1000000000004
2023-07-19 14:00:00,1421.0000000000005
2023-07-19 15:00:00,1423.6000000000004
2023-07-19 16:00:00,1423.3000000000004
2023-07-19 17:00:00,1423.9000000000003
2023-07-19 18:00:00,1423.9000000000003
2023-07-19 19:00:00,1421.7000000000005
2023-07-20 05:00:00,1443.7000000000005
2023-07-20 13:00:00,1433.6000000000004
2023-07-20 14:00:00,1444.4000000000003
2023-07-20 15:00:00,1444.3000000000004
2023-07-20 16:00:00,1446.5000000000005
2023-07-20 17:00:00,1446.5000000000005
2023-07-20 18:00:00,1445.8000000000004
2023-07-20 19:00:00,1443.6000000000004
2023-07-21 05:00:00,1456.5000000000005
2023-07-21 13:00:00,1447.8000000000004
2023-07-21 14:00:00,1455.3000000000004
2023-07-21 15:00:00,1456.4000000000003
2023-07-21 16:00:00,1456.5000000000005
2023-07-21 17:00:00,1458.4000000000003
2023-07-21 18:00:00,1459.9000000000003
2023-07-21 19:00:00,1456.7000000000005
2023-07-24 05:00:00,1453.8000000000004
2023-07-24 13:00:00,1460.1000000000004
2023-07-24 14:00:00,1460.4000000000003
2023-07-24 15:00:00,1457.8000000000004
2023-07-24 16:00:00,1456.5000000000005
2023-07-24 17:00:00,1454.5000000000005
2023-07-24 18:00:00,1454.4000000000003
2023-07-24 19:00:00,1453.5000000000005
2023-07-25 05:00:00,1452.6000000000004
2023-07-25 13:00:00,1457.7000000000005
2023-07-25 14:00:00,1454.1000000000004
2023-07-25 15:00:00,1453.2000000000005
2023-07-25 16:00:00,1451.7000000000005
2023-07-25 17:00:00,1454.1000000000004
2023-07-25 18:00:00,1453.4000000000003
2023-07-25 19:00:00,1452.9000000000003
2023-07-26 05:00:00,1451.4000000000003
2023-07-26 13:00:00,1444.1000000000004
2023-07-26 14:00:00,1451.7000000000005
2023-07-26 15:00:00,1452.0000000000005
2023-07-26 16:00:00,1452.6000000000004
2023-07-26 17:00:00,1451.8000000000004
2023-07-26 18:00:00,1455.5000000000005
2023-07-26 19:00:00,1451.2000000000005
2023-07-26 20:00:00,1452.4000000000003
2023-07-27 05:00:00,1441.4000000000003
2023-07-27 13:00:00,1455.8000000000004
2023-07-27 14:00:00,1452.3000000000004
2023-07-27 15:00:00,1449.7000000000005
2023-07-27 16:00:00,1452.7000000000005
2023-07-27 17:00:00,1447.9000000000003
2023-07-27 18:00:00,1444.6000000000004
2023-07-27 19:00:00,1440.8000000000004
2023-07-27 20:00:00,1436.3000000000004
2023-07-28 05:00:00,1444.4000000000003
2023-07-28 13:00:00,1438.4000000000003
2023-07-28 14:00:00,1440.8000000000004
2023-07-28 15:00:00,1444.3000000000004
2023-07-28 16:00:00,1445.1000000000004
2023-07-28 17:00:00,1441.7000000000005
2023-07-28 18:00:00,1446.5000000000005
2023-07-28 19:00:00,1444.1000000000004
2023-07-28 20:00:00,1444.6000000000004
2023-07-31 05:00:00,1433.5000000000005
2023-07-31 13:00:00,1434.6000000000004
2023-07-31 14:00:00,1432.7000000000005
2023-07-31 15:00:00,1430.9000000000003
2023-07-31 16:00:00,1429.6000000000004
2023-07-31 17:00:00,1430.2000000000005
2023-07-31 18:00:00,1431.9000000000003
2023-07-31 19:00:00,1434.1000000000004
2023-08-01 05:00:00,1426.5000000000005
2023-08-01 13:00:00,1433.9000000000003
2023-08-01 14:00:00,1429.3000000000004
2023-08-01 15:00:00,1424.5000000000005
2023-08-01 16:00:00,1424.8000000000004
2023-08-01 17:00:00,1424.8000000000004
2023-08-01 18:00:00,1425.2000000000005
2023-08-01 19:00:00,1426.3000000000004
2023-08-01 20:00:00,1427.1000000000004
2023-08-02 05:00:00,1427.4000000000003
2023-08-02 13:00:00,1430.8000000000004
2023-08-02 14:00:00,1429.7000000000005
2023-08-02 15:00:00,1431.9000000000003
2023-08-02 16:00:00,1433.0000000000005
2023-08-02 17:00:00,1430.8000000000004
2023-08-02 18:00:00,1426.1000000000004
2023-08-02 19:00:00,1427.3000000000004
2023-08-03 05:00:00,1419.8000000000004
2023-08-03 13:00:00,1419.6000000000004
2023-08-03 14:00:00,1418.9000000000003
2023-08-03 15:00:00,1420.7000000000005
2023-08-03 17:00:00,1421.4000000000003
2023-08-03 18:00:00,1419.9000000000003
2023-08-03 19:00:00,1419.3000000000004
2023-08-04 05:00:00,1414.1000000000004
2023-08-04 13:00:00,1424.8000000000004
2023-08-04 14:00:00,1424.2000000000005
2023-08-04 15:00:00,1424.0000000000005
2023-08-04 16:00:00,1424.0000000000005
2023-08-04 17:00:00,1422.8000000000004
2023-08-04 18:00:00,1415.4000000000003
2023-08-04 19:00:00,1414.0000000000005
2023-08-04 20:00:00,1415.3000000000004
2023-08-07 05:00:00,1429.9000000000003
2023-08-07 13:00:00,1421.3000000000004
2023-08-07 14:00:00,1425.0000000000005
2023-08-07 15:00:00,1428.0000000000005
2023-08-07 16:00:00,1427.0000000000005
2023-08-07 17:00:00,1428.0000000000005
2023-08-07 18:00:00,1429.6000000000004
2023-08-07 19:00:00,1429.9000000000003
2023-08-08 05:00:00,1440.4000000000003
2023-08-08 13:00:00,1440.8000000000004
2023-08-08 14:00:00,1436.0000000000005
2023-08-08 15:00:00,1433.7000000000005
2023-08-08 16:00:00,1434.2000000000005
2023-08-08 18:00:00,1437.5000000000005
2023-08-08 19:00:00,1440.6000000000004
2023-08-09 05:00:00,1439.4000000000003
2023-08-09 13:00:00,1443.9000000000003
2023-08-09 14:00:00,1444.9000000000003
2023-08-09 15:00:00,1439.3000000000004
2023-08-09 16:00:00,1441.4000000000003
2023-08-09 17:00:00,1443.5000000000005
2023-08-09 18:00:00,1446.4000000000003
2023-08-09 19:00:00,1439.0000000000005
2023-08-09 20:00:00,1440.2000000000005
2023-08-10 05:00:00,1438.3000000000004
2023-08-10 13:00:00,1451.3000000000004
2023-08-10 14:00:00,1451.8000000000004
2023-08-10 15:00:00,1447.2000000000005
2023-08-10 16:00:00,1442.1000000000004
2023-08-10 17:00:00,1440.3000000000004
2023-08-10 18:00:00,1441.8000000000004
2023-08-10 19:00:00,1437.7000000000005
2023-08-11 05:00:00,1445.5000000000005
2023-08-11 13:00:00,1441.4000000000003
2023-08-11 14:00:00,1444.3000000000004
2023-08-11 15:00:00,1442.7000000000005
2023-08-11 16:00:00,1443.8000000000004
2023-08-11 17:00:00,1442.6000000000004
2023-08-11 18:00:00,1445.4000000000003
2023-08-11 19:00:00,1446.1000000000004
2023-08-14 05:00:00,1450.1000000000004
2023-08-14 11:00:00,1449.8000000000004
2023-08-14 12:00:00,1449.8000000000004
2023-08-14 13:00:00,1450.5000000000005
2023-08-14 14:00:00,1452.5000000000005
2023-08-14 15:00:00,1450.9000000000003
2023-08-14 16:00:00,1449.5000000000005
2023-08-14 17:00:00,1449.5000000000005
2023-08-14 18:00:00,1449.8000000000004
2023-08-14 19:00:00,1450.1000000000004
2023-08-15 05:00:00,1445.0000000000005
2023-08-15 13:00:00,1447.7000000000005
2023-08-15 14:00:00,1447.6000000000004
2023-08-15 15:00:00,1449.9000000000003
2023-08-15 16:00:00,1448.1000000000004
2023-08-15 17:00:00,1447.6000000000004
2023-08-15 18:00:00,1446.7000000000005
2023-08-15 19:00:00,1445.0000000000005
2023-08-16 05:00:00,1434.4000000000003
2023-08-16 13:00:00,1443.8000000000004
2023-08-16 14:00:00,1443.0000000000005
2023-08-16 15:00:00,1442.5000000000005
2023-08-16 16:00:00,1442.0000000000005
2023-08-16 17:00:00,1440.6000000000004
2023-08-16 18:00:00,1439.9000000000003
2023-08-16 19:00:00,1434.3000000000004
2023-08-17 05:00:00,1423.7000000000005
2023-08-17 13:00:00,1431.5000000000005
2023-08-17 14:00:00,1432.9000000000003
2023-08-17 15:00:00,1430.6000000000004
2023-08-17 16:00:00,1429.9000000000003
2023-08-17 17:00:00,1425.2000000000005
2023-08-17 18:00:00,1425.0000000000005
2023-08-17 19:00:00,1423.5000000000005
2023-08-18 05:00:00,1421.9000000000003
2023-08-18 12:00:00,1416.6000000000004
2023-08-18 13:00:00,1422.7000000000005
2023-08-18 14:00:00,1421.1000000000004
2023-08-18 15:00:00,1423.5000000000005
2023-08-18 17:00:00,1419.7000000000005
2023-08-18 18:00:00,1423.7000000000005
2023-08-18 19:00:00,1423.5000000000005
2023-08-18 20:00:00,1418.1000000000004
2023-08-21 05:00:00,1424.1000000000004
2023-08-21 13:00:00,1422.6000000000004
2023-08-21 14:00:00,1419.7000000000005
2023-08-21 15:00:00,1418.6000000000004
2023-08-21 16:00:00,1423.0000000000005
2023-08-21 17:00:00,1425.1000000000004
2023-08-21 18:00:00,1423.2000000000005
2023-08-21 19:00:00,1423.9000000000003
2023-08-22 05:00:00,1418.8000000000004
2023-08-22 13:00:00,1422.5000000000005
2023-08-22 14:00:00,1422.0000000000005
2023-08-22 15:00:00,1420.1000000000004
2023-08-22 16:00:00,1422.2000000000005
2023-08-22 17:00:00,1419.3000000000004
2023-08-22 18:00:00,1420.5000000000005
2023-08-22 19:00:00,1419.1000000000004
2023-08-23 05:00:00,1423.0000000000005
2023-08-23 13:00:00,1425.4000000000003
2023-08-23 14:00:00,1421.4000000000003
2023-08-23 15:00:00,1420.7000000000005
2023-08-23 17:00:00,1424.5000000000005
2023-08-23 19:00:00,1423.0000000000005
2023-08-24 05:00:00,1411.9000000000003
2023-08-24 13:00:00,1429.6000000000004
2023-08-24 14:00:00,1420.0000000000005
2023-08-24 15:00:00,1417.9000000000003
2023-08-24 16:00:00,1417.5000000000005
2023-08-24 17:00:00,1414.9000000000003
2023-08-24 18:00:00,1414.4000000000003
2023-08-24 19:00:00,1411.8000000000004
2023-08-25 05:00:00,1420.3000000000004
2023-08-25 13:00:00,1414.6000000000004
2023-08-25 14:00:00,1411.8000000000004
2023-08-25 15:00:00,1419.1000000000004
2023-08-25 16:00:00,1420.7000000000005
2023-08-25 17:00:00,1421.5000000000005
2023-08-25 18:00:00,1424.0000000000005
2023-08-25 19:00:00,1420.4000000000003
2023-08-28 05:00:00,1423.3000000000004
2023-08-28 13:00:00,1427.5000000000005
2023-08-28 14:00:00,1423.7000000000005
2023-08-28 15:00:00,1421.4000000000003
2023-08-28 16:00:00,1421.4000000000003
2023-08-28 17:00:00,1418.2000000000005
2023-08-28 18:00:00,1419.7000000000005
2023-08-28 19:00:00,1423.0000000000005
2023-08-29 05:00:00,1434.8000000000004
2023-08-29 13:00:00,1428.5000000000005
2023-08-29 14:00:00,1423.7000000000005
2023-08-29 15:00:00,1427.1000000000004
2023-08-29 16:00:00,1429.9000000000003
2023-08-29 17:00:00,1430.1000000000004
2023-08-29 18:00:00,1430.0000000000005
2023-08-29 19:00:00,1434.9000000000003
2023-08-30 05:00:00,1434.0000000000005
2023-08-30 13:00:00,1441.3000000000004
2023-08-30 14:00:00,1435.5000000000005
2023-08-30 15:00:00,1436.8000000000004
2023-08-30 16:00:00,1438.3000000000004
2023-08-30 17:00:00,1435.0000000000005
2023-08-30 18:00:00,1434.5000000000005
2023-08-30 19:00:00,1433.7000000000005
2023-08-31 05:00:00,1417.2000000000005
2023-08-31 13:00:00,1431.5000000000005
2023-08-31 14:00:00,1430.4000000000003
2023-08-31 15:00:00,1429.1000000000004
2023-08-31 16:00:00,1426.0000000000005
2023-08-31 17:00:00,1425.6000000000004
2023-08-31 18:00:00,1420.8000000000004
2023-08-31 19:00:00,1416.7000000000005
2023-09-01 05:00:00,1420.0000000000005
2023-09-01 13:00:00,1425.6000000000004
2023-09-01 14:00:00,1421.8000000000004
2023-09-01 15:00:00,1417.0000000000005
2023-09-01 16:00:00,1417.1000000000004
2023-09-01 17:00:00,1418.1000000000004
2023-09-01 19:00:00,1419.6000000000004
2023-09-05 05:00:00,1406.5000000000005
2023-09-05 13:00:00,1417.9000000000003
2023-09-05 14:00:00,1415.8000000000004
2023-09-05 15:00:00,1414.9000000000003
2023-09-05 16:00:00,1412.9000000000003
2023-09-05 17:00:00,1411.7000000000005
2023-09-05 18:00:00,1410.2000000000005
2023-09-05 19:00:00,1406.4000000000003
2023-09-05 20:00:00,1406.4000000000003
2023-09-06 05:00:00,1398.8000000000004
2023-09-06 12:00:00,1404.4000000000003
2023-09-06 13:00:00,1393.3000000000004
2023-09-06 14:00:00,1394.2000000000005
2023-09-06 15:00:00,1397.5000000000005
2023-09-06 16:00:00,1395.4000000000003
2023-09-06 17:00:00,1398.5000000000005
2023-09-06 18:00:00,1400.8000000000004
2023-09-06 19:00:00,1398.2000000000005
2023-09-07 05:00:00,1404.1000000000004
2023-09-07 11:00:00,1397.1000000000004
2023-09-07 13:00:00,1402.9000000000003
2023-09-07 14:00:00,1403.1000000000004
2023-09-07 15:00:00,1407.5000000000005
2023-09-07 16:00:00,1406.7000000000005
2023-09-07 17:00:00,1406.4000000000003
2023-09-07 18:00:00,1404.6000000000004
2023-09-07 19:00:00,1404.0000000000005
2023-09-07 20:00:00,1402.6000000000004
2023-09-08 05:00:00,1404.1000000000004
2023-09-08 13:00:00,1404.2000000000005
2023-09-08 14:00:00,1406.4000000000003
2023-09-08 15:00:00,1404.4000000000003
2023-09-08 16:00:00,1404.0000000000005
2023-09-08 17:00:00,1402.7000000000005
2023-09-08 18:00:00,1400.8000000000004
2023-09-08 19:00:00,1404.1000000000004
2023-09-11 05:00:00,1412.4000000000003
2023-09-11 11:00:00,1403.3000000000002
2023-09-11 13:00:00,1407.7000000000003
2023-09-11 14:00:00,1412.6000000000004
2023-09-11 15:00:00,1412.9000000000003
2023-09-11 16:00:00,1414.1000000000004
2023-09-11 17:00:00,1412.2000000000003
2023-09-11 18:00:00,1414.9000000000003
2023-09-11 19:00:00,1411.8000000000002
2023-09-12 05:00:00,1410.3000000000002
2023-09-12 13:00:00,1401.9000000000003
2023-09-12 14:00:00,1405.7000000000003
2023-09-12 15:00:00,1409.8000000000002
2023-09-12 16:00:00,1411.6000000000004
2023-09-12 17:00:00,1413.5000000000002
2023-09-12 18:00:00,1411.7000000000003
2023-09-12 19:00:00,1410.0000000000002
2023-09-13 05:00:00,1410.4000000000003
2023-09-13 13:00:00,1414.3000000000002
2023-09-13 14:00:00,1413.1000000000004
2023-09-13 15:00:00,1413.7000000000003
2023-09-13 16:00:00,1413.1000000000004
2023-09-13 17:00:00,1412.1000000000004
2023-09-13 18:00:00,1412.9000000000003
2023-09-13 19:00:00,1410.4000000000003
2023-09-13 20:00:00,1409.0000000000002
2023-09-14 05:00:00,1414.4000000000003
2023-09-14 11:00:00,1410.4000000000003
2023-09-14 13:00:00,1414.0000000000002
2023-09-14 14:00:00,1410.4000000000003
2023-09-14 15:00:00,1414.7000000000003
2023-09-14 17:00:00,1415.7000000000003
2023-09-14 18:00:00,1417.6000000000004
2023-09-14 19:00:00,1413.7000000000003
2023-09-14 20:00:00,1412.3000000000002
2023-09-15 05:00:00,1403.5000000000002
2023-09-15 13:00:00,1414.9000000000003
2023-09-15 14:00:00,1406.5000000000002
2023-09-15 15:00:00,1414.2000000000003
2023-09-15 16:00:00,1412.7000000000003
2023-09-15 17:00:00,1409.2000000000003
2023-09-15 18:00:00,1406.9000000000003
2023-09-15 19:00:00,1403.8000000000002
2023-09-18 05:00:00,1400.6000000000004
2023-09-18 13:00:00,1399.6000000000004
2023-09-18 14:00:00,1400.5000000000002
2023-09-18 15:00:00,1404.0000000000002
2023-09-18 16:00:00,1404.0000000000002
2023-09-18 17:00:00,1403.8000000000002
2023-09-18 18:00:00,1403.0000000000002
2023-09-18 19:00:00,1400.5000000000002
2023-09-19 05:00:00,1401.3000000000002
2023-09-19 13:00:00,1402.7000000000003
2023-09-19 14:00:00,1395.6000000000004
2023-09-19 15:00:00,1395.1000000000004
2023-09-19 16:00:00,1395.1000000000004
2023-09-19 17:00:00,1398.7000000000003
2023-09-19 18:00:00,1401.4000000000003
2023-09-19 19:00:00,1401.3000000000002
2023-09-20 05:00:00,1402.0000000000002
2023-09-20 11:00:00,1403.0000000000002
2023-09-20 13:00:00,1402.7000000000003
2023-09-20 14:00:00,1406.2000000000003
2023-09-20 15:00:00,1406.1000000000004
2023-09-20 16:00:00,1410.0000000000002
2023-09-20 17:00:00,1410.0000000000002
2023-09-20 18:00:00,1406.6000000000004
2023-09-20 19:00:00,1402.3000000000002
2023-09-21 05:00:00,1389.1000000000004
2023-09-21 13:00:00,1399.1000000000004
2023-09-21 14:00:00,1392.9000000000003
2023-09-21 15:00:00,1392.7000000000003
2023-09-21 16:00:00,1392.9000000000003
2023-09-21 17:00:00,1394.9000000000003
2023-09-21 18:00:00,1393.2000000000003
2023-09-21 19:00:00,1389.3000000000002
2023-09-21 20:00:00,1391.6000000000004
2023-09-22 05:00:00,1386.2000000000003
2023-09-22 13:00:00,1385.4000000000003
2023-09-22 14:00:00,1389.7000000000003
2023-09-22 15:00:00,1392.3000000000002
2023-09-22 16:00:00,1392.4000000000003
2023-09-22 17:00:00,1388.6000000000004
2023-09-22 18:00:00,1387.2000000000003
2023-09-22 19:00:00,1386.7000000000003
2023-09-25 05:00:00,1393.4000000000003
2023-09-25 13:00:00,1383.6000000000004
2023-09-25 14:00:00,1383.6000000000004
2023-09-25 15:00:00,1389.1000000000004
2023-09-25 16:00:00,1389.2000000000003
2023-09-25 17:00:00,1388.8000000000002
2023-09-25 18:00:00,1389.5000000000002
2023-09-25 19:00:00,1393.3000000000002
2023-09-26 05:00:00,1381.6000000000004
2023-09-26 13:00:00,1389.1000000000004
2023-09-26 14:00:00,1386.0000000000002
2023-09-26 15:00:00,1382.6000000000004
2023-09-26 16:00:00,1386.2000000000003
2023-09-26 17:00:00,1383.2000000000003
2023-09-26 18:00:00,1382.9000000000003
2023-09-26 19:00:00,1381.6000000000004
2023-09-27 05:00:00,1374.4000000000003
2023-09-27 13:00:00,1380.6000000000004
2023-09-27 14:00:00,1373.5000000000002
2023-09-27 15:00:00,1372.2000000000003
2023-09-27 16:00:00,1368.4000000000003
2023-09-27 17:00:00,1365.0000000000002
2023-09-27 18:00:00,1375.2000000000003
2023-09-27 19:00:00,1375.0000000000002
2023-09-28 05:00:00,1380.2000000000003
2023-09-28 11:00:00,1374.4000000000003
2023-09-28 13:00:00,1381.4000000000003
2023-09-28 14:00:00,1380.4000000000003
2023-09-28 15:00:00,1380.3000000000002
2023-09-28 16:00:00,1379.8000000000002
2023-09-28 17:00:00,1379.1000000000004
2023-09-28 18:00:00,1380.6000000000004
2023-09-28 19:00:00,1379.7000000000003
2023-09-29 05:00:00,1369.8000000000002
2023-09-29 13:00:00,1376.3000000000002
2023-09-29 14:00:00,1377.6000000000004
2023-09-29 15:00:00,1375.7000000000003
2023-09-29 16:00:00,1374.1000000000004
2023-09-29 17:00:00,1369.7000000000003
2023-09-29 18:00:00,1372.0000000000002
2023-09-29 19:00:00,1369.7000000000003
2023-10-02 05:00:00,1368.2000000000003
2023-10-02 13:00:00,1363.1000000000004
2023-10-02 14:00:00,1362.2000000000003
2023-10-02 15:00:00,1359.3000000000002
2023-10-02 16:00:00,1353.8000000000002
2023-10-02 17:00:00,1358.4000000000003
2023-10-02 18:00:00,1359.8000000000002
2023-10-02 19:00:00,1368.5000000000002
2023-10-02 20:00:00,1366.9000000000003
2023-10-03 05:00:00,1355.8000000000002
2023-10-03 13:00:00,1362.6000000000004
2023-10-03 14:00:00,1354.8000000000002
2023-10-03 15:00:00,1351.9000000000003
2023-10-03 16:00:00,1354.2000000000003
2023-10-03 17:00:00,1353.3000000000002
2023-10-03 18:00:00,1356.0000000000002
2023-10-03 19:00:00,1356.7000000000003
2023-10-04 05:00:00,1361.8000000000002
2023-10-04 07:00:00,1347.7000000000003
2023-10-04 13:00:00,1357.3000000000002
2023-10-04 14:00:00,1352.6000000000004
2023-10-04 15:00:00,1355.7000000000003
2023-10-04 16:00:00,1358.1000000000004
2023-10-04 17:00:00,1352.7000000000003
2023-10-04 18:00:00,1354.5000000000002
2023-10-04 19:00:00,1361.2000000000003
2023-10-05 05:00:00,1367.6000000000004
2023-10-05 13:00:00,1366.6000000000004
2023-10-05 14:00:00,1359.9000000000003
2023-10-05 15:00:00,1358.5000000000002
2023-10-05 16:00:00,1359.3000000000002
2023-10-05 17:00:00,1362.9000000000003
2023-10-05 18:00:00,1367.0000000000002
2023-10-05 19:00:00,1367.9000000000003
2023-10-06 05:00:00,1380.9000000000003
2023-10-06 13:00:00,1368.6000000000004
2023-10-06 14:00:00,1370.7000000000003
2023-10-06 15:00:00,1380.7000000000003
2023-10-06 16:00:00,1378.2000000000003
2023-10-06 17:00:00,1381.0000000000002
2023-10-06 18:00:00,1384.2000000000003
2023-10-06 19:00:00,1380.9000000000003
2023-10-09 05:00:00,1385.1000000000004
2023-10-09 13:00:00,1385.5000000000002
2023-10-09 14:00:00,1373.0000000000002
2023-10-09 15:00:00,1378.3000000000002
2023-10-09 16:00:00,1376.6000000000004
2023-10-09 17:00:00,1384.7000000000003
2023-10-09 18:00:00,1385.6000000000004
2023-10-09 19:00:00,1384.9000000000003
2023-10-10 05:00:00,1391.7000000000003
2023-10-10 13:00:00,1382.4000000000003
2023-10-10 14:00:00,1390.0000000000002
2023-10-10 15:00:00,1395.3000000000002
2023-10-10 16:00:00,1397.0000000000002
2023-10-10 17:00:00,1394.9000000000003
2023-10-10 18:00:00,1390.7000000000003
2023-10-10 19:00:00,1392.2000000000003
2023-10-11 05:00:00,1385.9000000000003
2023-10-11 13:00:00,1390.0000000000002
2023-10-11 14:00:00,1381.4000000000003
2023-10-11 15:00:00,1385.0000000000002
2023-10-11 16:00:00,1383.7000000000003
2023-10-11 17:00:00,1380.9000000000003
2023-10-11 18:00:00,1381.6000000000004
2023-10-11 19:00:00,1385.9000000000003
2023-10-12 05:00:00,1374.2000000000003
2023-10-12 13:00:00,1381.1000000000004
2023-10-12 14:00:00,1381.5000000000002
2023-10-12 15:00:00,1382.1000000000004
2023-10-12 16:00:00,1381.9000000000003
2023-10-12 17:00:00,1373.7000000000003
2023-10-12 18:00:00,1375.2000000000003
2023-10-12 19:00:00,1374.5000000000002
2023-10-12 20:00:00,1376.3000000000002
2023-10-13 05:00:00,1381.8000000000002
2023-10-13 13:00:00,1386.2000000000003
2023-10-13 14:00:00,1379.9000000000003
2023-10-13 15:00:00,1376.0000000000002
2023-10-13 16:00:00,1379.3000000000002
2023-10-13 17:00:00,1380.2000000000003
2023-10-13 18:00:00,1379.8000000000002
2023-10-13 19:00:00,1381.8000000000002
2023-10-13 20:00:00,1374.5000000000002
2023-10-16 05:00:00,1391.1000000000004
2023-10-16 13:00:00,1389.5000000000002
2023-10-16 14:00:00,1394.3000000000002
2023-10-16 15:00:00,1396.7000000000003
2023-10-16 16:00:00,1396.0000000000002
2023-10-16 17:00:00,1393.5000000000002
2023-10-16 18:00:00,1391.9000000000003
2023-10-16 19:00:00,1390.7000000000003
2023-10-17 05:00:00,1389.5000000000002
2023-10-17 13:00:00,1386.2000000000003
2023-10-17 14:00:00,1390.2000000000003
2023-10-17 15:00:00,1396.7000000000003
2023-10-17 16:00:00,1392.1000000000004
2023-10-17 17:00:00,1387.2000000000003
2023-10-17 18:00:00,1384.6000000000004
2023-10-17 19:00:00,1389.3000000000002
2023-10-18 05:00:00,1377.8000000000002
2023-10-18 13:00:00,1390.5000000000002
2023-10-18 14:00:00,1383.9000000000003
2023-10-18 15:00:00,1383.3000000000002
2023-10-18 16:00:00,1381.0000000000002
2023-10-18 17:00:00,1380.7000000000003
2023-10-18 18:00:00,1381.0000000000002
2023-10-18 19:00:00,1377.8000000000002
2023-10-19 05:00:00,1364.5000000000002
2023-10-19 13:00:00,1369.0000000000002
2023-10-19 14:00:00,1356.3000000000002
2023-10-19 15:00:00,1366.7000000000003
2023-10-19 16:00:00,1374.1000000000004
2023-10-19 17:00:00,1370.3000000000002
2023-10-19 18:00:00,1363.7000000000003
2023-10-19 19:00:00,1364.5000000000002
2023-10-20 05:00:00,1359.2000000000003
2023-10-20 13:00:00,1366.3000000000002
2023-10-20 14:00:00,1360.6000000000004
2023-10-20 15:00:00,1362.0000000000002
2023-10-20 16:00:00,1363.6000000000004
2023-10-20 17:00:00,1365.9000000000003
2023-10-20 18:00:00,1363.2000000000003
2023-10-20 19:00:00,1359.2000000000003
2023-10-20 20:00:00,1363.6000000000004
2023-10-23 05:00:00,1350.6000000000004
2023-10-23 13:00:00,1361.1000000000004
2023-10-23 14:00:00,1358.5000000000002
2023-10-23 15:00:00,1356.7000000000003
2023-10-23 16:00:00,1357.5000000000002
2023-10-23 17:00:00,1355.2000000000003
2023-10-23 18:00:00,1354.2000000000003
2023-10-23 19:00:00,1350.2000000000003
2023-10-24 05:00:00,1354.5000000000002
2023-10-24 13:00:00,1352.7000000000003
2023-10-24 14:00:00,1355.7000000000003
2023-10-24 15:00:00,1354.5000000000002
2023-10-24 16:00:00,1350.7000000000003
2023-10-24 17:00:00,1351.2000000000003
2023-10-24 18:00:00,1354.6000000000004
2023-10-24 19:00:00,1353.6000000000004
2023-10-25 05:00:00,1342.3000000000002
2023-10-25 13:00:00,1336.2000000000003
2023-10-25 14:00:00,1346.6000000000004
2023-10-25 15:00:00,1350.1000000000004
2023-10-25 16:00:00,1346.2000000000003
2023-10-25 17:00:00,1343.2000000000003
2023-10-25 18:00:00,1341.2000000000003
2023-10-25 19:00:00,1342.3000000000002
2023-10-26 05:00:00,1329.1000000000004
2023-10-26 13:00:00,1338.2000000000003
2023-10-26 14:00:00,1336.4000000000003
2023-10-26 15:00:00,1335.3000000000002
2023-10-26 16:00:00,1331.7000000000003
2023-10-26 17:00:00,1334.1000000000004
2023-10-26 18:00:00,1335.2000000000003
2023-10-26 19:00:00,1329.1000000000004
2023-10-27 05:00:00,1307.7000000000003
2023-10-27 13:00:00,1319.6000000000004
2023-10-27 14:00:00,1316.2000000000003
2023-10-27 15:00:00,1310.6000000000004
2023-10-27 16:00:00,1309.0000000000002
2023-10-27 17:00:00,1306.3000000000002
2023-10-27 18:00:00,1304.2000000000003
2023-10-27 19:00:00,1307.4000000000003
2023-10-27 20:00:00,1308.9000000000003
2023-10-30 05:00:00,1313.8000000000002
2023-10-30 11:00:00,1315.1000000000004
2023-10-30 13:00:00,1310.1000000000004
2023-10-30 14:00:00,1305.9000000000003
2023-10-30 15:00:00,1307.5000000000002
2023-10-30 16:00:00,1307.0000000000002
2023-10-30 17:00:00,1313.1000000000004
2023-10-30 18:00:00,1315.7000000000003
2023-10-30 19:00:00,1313.8000000000002
2023-10-31 05:00:00,1321.3000000000002
2023-10-31 13:00:00,1314.1000000000004
2023-10-31 14:00:00,1318.2000000000003
2023-10-31 15:00:00,1313.0000000000002
2023-10-31 16:00:00,1313.7000000000003
2023-10-31 17:00:00,1317.4000000000003
2023-10-31 18:00:00,1320.6000000000004
2023-10-31 19:00:00,1321.3000000000002
2023-11-01 05:00:00,1322.8000000000002
2023-11-01 13:00:00,1320.1000000000004
2023-11-01 14:00:00,1322.7000000000003
2023-11-01 15:00:00,1322.0000000000002
2023-11-01 16:00:00,1320.1000000000004
2023-11-01 17:00:00,1321.4000000000003
2023-11-01 18:00:00,1322.3000000000002
2023-11-01 19:00:00,1323.2000000000003
2023-11-02 05:00:00,1343.2000000000003
2023-11-02 13:00:00,1331.9000000000003
2023-11-02 14:00:00,1335.9000000000003
2023-11-02 15:00:00,1335.5000000000002
2023-11-02 16:00:00,1337.3000000000002
2023-11-02 17:00:00,1339.7000000000003
2023-11-02 18:00:00,1341.3000000000002
2023-11-02 19:00:00,1343.1000000000004
2023-11-03 05:00:00,1349.5000000000002
2023-11-03 13:00:00,1351.1000000000004
2023-11-03 14:00:00,1350.0000000000002
2023-11-03 15:00:00,1355.3000000000002
2023-11-03 16:00:00,1355.8000000000002
2023-11-03 17:00:00,1354.1000000000004
2023-11-03 18:00:00,1353.3000000000002
2023-11-03 19:00:00,1349.4000000000003
2023-11-03 20:00:00,1346.3000000000002
2023-11-06 06:00:00,1357.8000000000002
2023-11-06 14:00:00,1354.2000000000003
2023-11-06 15:00:00,1357.4000000000003
2023-11-06 16:00:00,1357.2000000000003
2023-11-06 17:00:00,1357.3000000000002
2023-11-06 18:00:00,1356.7000000000003
2023-11-06 19:00:00,1357.1000000000004
2023-11-06 20:00:00,1357.8000000000002
2023-11-07 06:00:00,1358.6000000000004
2023-11-07 14:00:00,1355.1000000000004
2023-11-07 15:00:00,1360.0000000000002
2023-11-07 16:00:00,1358.7000000000003
2023-11-07 17:00:00,1357.5000000000002
2023-11-07 18:00:00,1359.2000000000003
2023-11-07 19:00:00,1359.1000000000004
2023-11-07 20:00:00,1358.7000000000003
2023-11-08 06:00:00,1356.7000000000003
2023-11-08 14:00:00,1360.7000000000003
2023-11-08 15:00:00,1354.4000000000003
2023-11-08 16:00:00,1350.5000000000002
2023-11-08 17:00:00,1350.9000000000003
2023-11-08 18:00:00,1351.3000000000002
2023-11-08 19:00:00,1353.9000000000003
2023-11-08 20:00:00,1357.1000000000004
2023-11-09 06:00:00,1328.7000000000003
2023-11-09 14:00:00,1344.9000000000003
2023-11-09 15:00:00,1334.3000000000002
2023-11-09 16:00:00,1337.1000000000004
2023-11-09 17:00:00,1337.4000000000003
2023-11-09 18:00:00,1332.8000000000002
2023-11-09 19:00:00,1331.0000000000002
2023-11-09 20:00:00,1328.9000000000003
2023-11-10 06:00:00,1336.1000000000004
2023-11-10 14:00:00,1323.2000000000003
2023-11-10 15:00:00,1322.7000000000003
2023-11-10 16:00:00,1321.0000000000002
2023-11-10 17:00:00,1330.0000000000002
2023-11-10 18:00:00,1331.4000000000003
2023-11-10 19:00:00,1332.7000000000003
2023-11-10 20:00:00,1336.2000000000003
2023-11-10 21:00:00,1330.8000000000002
2023-11-13 06:00:00,1342.8000000000002
2023-11-13 14:00:00,1332.0000000000002
2023-11-13 15:00:00,1333.1000000000004
2023-11-13 16:00:00,1343.0000000000002
2023-11-13 17:00:00,1341.8000000000002
2023-11-13 18:00:00,1345.2000000000003
2023-11-13 19:00:00,1342.8000000000002
2023-11-13 20:00:00,1343.2000000000003
2023-11-14 06:00:00,1352.6000000000004
2023-11-14 14:00:00,1356.8000000000002
2023-11-14 15:00:00,1355.4000000000003
2023-11-14 16:00:00,1355.9000000000003
2023-11-14 17:00:00,1353.8000000000002
2023-11-14 18:00:00,1353.0000000000002
2023-11-14 19:00:00,1355.6000000000004
2023-11-14 20:00:00,1352.5000000000002
2023-11-15 06:00:00,1352.9000000000003
2023-11-15 14:00:00,1351.0000000000002
2023-11-15 15:00:00,1355.5000000000002
2023-11-15 16:00:00,1351.7000000000003
2023-11-15 17:00:00,1353.9000000000003
2023-11-15 18:00:00,1355.4000000000003
2023-11-15 19:00:00,1355.3000000000002
2023-11-15 20:00:00,1352.8000000000002
2023-11-16 06:00:00,1357.8000000000002
2023-11-16 14:00:00,1356.2000000000003
2023-11-16 15:00:00,1354.7000000000003
2023-11-16 16:00:00,1352.9000000000003
2023-11-16 17:00:00,1353.6000000000004
2023-11-16 18:00:00,1352.5000000000002
2023-11-16 19:00:00,1353.8000000000002
2023-11-16 20:00:00,1357.8000000000002
2023-11-17 06:00:00,1354.5000000000002
2023-11-17 14:00:00,1355.6000000000004
2023-11-17 15:00:00,1353.5000000000002
2023-11-17 16:00:00,1352.8000000000002
2023-11-17 17:00:00,1352.2000000000003
2023-11-17 18:00:00,1354.4000000000003
2023-11-17 19:00:00,1353.7000000000003
2023-11-17 20:00:00,1354.5000000000002
2023-11-20 06:00:00,1362.9000000000003
2023-11-20 14:00:00,1357.6000000000004
2023-11-20 15:00:00,1361.4000000000003
2023-11-20 16:00:00,1359.9000000000003
2023-11-20 17:00:00,1356.7000000000003
2023-11-20 18:00:00,1361.3000000000002
2023-11-20 19:00:00,1363.0000000000002
2023-11-20 20:00:00,1362.6000000000004
2023-11-21 06:00:00,1370.1000000000004
2023-11-21 14:00:00,1366.0000000000002
2023-11-21 15:00:00,1368.3000000000002
2023-11-21 16:00:00,1371.6000000000004
2023-11-21 17:00:00,1372.2000000000003
2023-11-21 18:00:00,1372.2000000000003
2023-11-21 19:00:00,1369.9000000000003
2023-11-21 20:00:00,1370.2000000000003
2023-11-22 06:00:00,1376.7000000000003
2023-11-22 14:00:00,1375.7000000000003
2023-11-22 15:00:00,1372.5000000000002
2023-11-22 16:00:00,1375.4000000000003
2023-11-22 17:00:00,1374.8000000000002
2023-11-22 18:00:00,1375.2000000000003
2023-11-22 19:00:00,1375.1000000000004
2023-11-22 20:00:00,1376.3000000000002
2023-11-24 06:00:00,1383.0000000000002
2023-11-24 14:00:00,1380.5000000000002
2023-11-24 15:00:00,1382.7000000000003
2023-11-24 16:00:00,1381.1000000000004
2023-11-24 17:00:00,1382.6000000000004
2023-11-27 06:00:00,1375.0000000000002
2023-11-27 12:00:00,1383.2000000000003
2023-11-27 14:00:00,1378.2000000000003
2023-11-27 15:00:00,1376.6000000000004
2023-11-27 16:00:00,1375.5000000000002
2023-11-27 17:00:00,1373.6000000000004
2023-11-27 18:00:00,1373.1000000000004
2023-11-27 19:00:00,1373.0000000000002
2023-11-27 20:00:00,1374.8000000000002
2023-11-28 06:00:00,1367.6000000000004
2023-11-28 12:00:00,1373.4000000000003
2023-11-28 13:00:00,1369.8000000000002
2023-11-28 14:00:00,1369.7000000000003
2023-11-28 15:00:00,1371.7000000000003
2023-11-28 16:00:00,1373.6000000000004
2023-11-28 17:00:00,1369.8000000000002
2023-11-28 18:00:00,1369.4000000000003
2023-11-28 19:00:00,1369.0000000000002
2023-11-28 20:00:00,1367.9000000000003
2023-11-29 06:00:00,1367.8000000000002
2023-11-29 14:00:00,1370.2000000000003
2023-11-29 15:00:00,1371.8000000000002
2023-11-29 16:00:00,1370.2000000000003
2023-11-29 17:00:00,1370.9000000000003
2023-11-29 18:00:00,1370.7000000000003
2023-11-29 19:00:00,1366.8000000000002
2023-11-29 20:00:00,1368.3000000000002
2023-11-30 06:00:00,1384.1000000000004
2023-11-30 14:00:00,1368.8000000000002
2023-11-30 15:00:00,1377.4000000000003
2023-11-30 16:00:00,1380.8000000000002
2023-11-30 17:00:00,1376.9000000000003
2023-11-30 18:00:00,1377.0000000000002
2023-11-30 19:00:00,1380.4000000000003
2023-11-30 20:00:00,1383.0000000000002
2023-12-01 06:00:00,1388.3000000000002
2023-12-01 12:00:00,1382.8000000000002
2023-12-01 13:00:00,1383.8000000000002
2023-12-01 14:00:00,1384.0000000000002
2023-12-01 15:00:00,1385.4000000000003
2023-12-01 16:00:00,1388.5000000000002
2023-12-01 17:00:00,1389.2000000000003
2023-12-01 18:00:00,1388.5000000000002
2023-12-01 19:00:00,1386.4000000000003
2023-12-01 20:00:00,1388.0000000000002
2023-12-04 06:00:00,1391.2000000000003
2023-12-04 12:00:00,1387.6000000000004
2023-12-04 14:00:00,1388.2000000000003
2023-12-04 15:00:00,1390.5000000000002
2023-12-04 16:00:00,1390.3000000000002
2023-12-04 17:00:00,1390.2000000000003
2023-12-04 18:00:00,1389.9000000000003
2023-12-04 19:00:00,1389.0000000000002
2023-12-04 20:00:00,1391.2000000000003
2023-12-05 06:00:00,1389.3000000000002
2023-12-05 14:00:00,1381.4000000000003
2023-12-05 15:00:00,1388.1000000000004
2023-12-05 16:00:00,1388.1000000000004
2023-12-05 17:00:00,1387.0000000000002
2023-12-05 18:00:00,1388.1000000000004
2023-12-05 19:00:00,1388.0000000000002
2023-12-05 20:00:00,1389.2000000000003
2023-12-06 06:00:00,1389.3000000000002
2023-12-06 13:00:00,1383.7000000000003
2023-12-06 14:00:00,1391.1000000000004
2023-12-06 15:00:00,1390.1000000000004
2023-12-06 16:00:00,1392.6000000000004
2023-12-06 17:00:00,1390.3000000000002
2023-12-06 18:00:00,1394.4000000000003
2023-12-06 19:00:00,1391.9000000000003
2023-12-06 20:00:00,1389.9000000000003
2023-12-07 06:00:00,1388.0000000000002
2023-12-07 12:00:00,1390.0000000000002
2023-12-07 14:00:00,1382.6000000000004
2023-12-07 15:00:00,1385.9000000000003
2023-12-07 16:00:00,1387.7000000000003
2023-12-07 17:00:00,1387.8000000000002
2023-12-07 18:00:00,1389.2000000000003
2023-12-07 19:00:00,1388.0000000000002
2023-12-07 20:00:00,1388.1000000000004
2023-12-08 06:00:00,1389.5000000000002
2023-12-08 13:00:00,1386.9000000000003
2023-12-08 14:00:00,1385.6000000000004
2023-12-08 15:00:00,1387.7000000000003
2023-12-08 16:00:00,1382.5000000000002
2023-12-08 17:00:00,1382.9000000000003
2023-12-08 18:00:00,1387.4000000000003
2023-12-08 19:00:00,1390.7000000000003
2023-12-08 20:00:00,1389.3000000000002
2023-12-11 06:00:00,1398.2000000000003
2023-12-11 14:00:00,1396.2000000000003
2023-12-11 15:00:00,1394.7000000000003
2023-12-11 16:00:00,1390.5000000000002
2023-12-11 18:00:00,1393.9000000000003
2023-12-11 19:00:00,1395.8000000000002
2023-12-11 20:00:00,1398.4000000000003
2023-12-12 06:00:00,1403.6000000000001
2023-12-12 12:00:00,1401.2000000000003
2023-12-12 14:00:00,1394.8000000000002
2023-12-12 15:00:00,1399.2000000000003
2023-12-12 16:00:00,1401.7000000000003
2023-12-12 17:00:00,1402.8000000000002
2023-12-12 18:00:00,1402.9000000000003
2023-12-12 19:00:00,1403.5000000000002
2023-12-12 20:00:00,1404.3000000000002
2023-12-12 21:00:00,1404.9000000000003
2023-12-13 06:00:00,1428.7000000000003
2023-12-13 14:00:00,1403.3000000000002
2023-12-13 15:00:00,1408.3000000000002
2023-12-13 16:00:00,1411.2000000000003
2023-12-13 17:00:00,1411.2000000000003
2023-12-13 18:00:00,1410.9000000000003
2023-12-13 19:00:00,1422.3000000000002
2023-12-13 20:00:00,1428.3000000000002
2023-12-13 21:00:00,1434.1000000000001
2023-12-14 06:00:00,1421.8000000000002
2023-12-14 14:00:00,1425.1000000000001
2023-12-14 15:00:00,1424.2000000000003
2023-12-14 16:00:00,1422.1000000000001
2023-12-14 17:00:00,1423.3000000000002
2023-12-14 18:00:00,1418.6000000000001
2023-12-14 19:00:00,1417.4000000000003
2023-12-14 20:00:00,1422.0000000000002
2023-12-15 06:00:00,1410.3000000000002
2023-12-15 12:00:00,1424.2000000000003
2023-12-15 14:00:00,1406.6000000000001
2023-12-15 15:00:00,1408.2000000000003
2023-12-15 16:00:00,1406.3000000000002
2023-12-15 17:00:00,1409.2000000000003
2023-12-15 18:00:00,1407.5000000000002
2023-12-15 19:00:00,1407.5000000000002
2023-12-15 20:00:00,1409.0000000000002
2023-12-18 06:00:00,1411.3000000000002
2023-12-18 14:00:00,1411.0000000000002
2023-12-18 15:00:00,1413.0000000000002
2023-12-18 16:00:00,1414.0000000000002
2023-12-18 17:00:00,1413.3000000000002
2023-12-18 18:00:00,1411.2000000000003
2023-12-18 19:00:00,1410.4000000000003
2023-12-18 20:00:00,1411.0000000000002
2023-12-19 06:00:00,1420.7000000000003
2023-12-19 14:00:00,1417.7000000000003
2023-12-19 15:00:00,1417.8000000000002
2023-12-19 16:00:00,1417.4000000000003
2023-12-19 17:00:00,1417.4000000000003
2023-12-19 18:00:00,1417.9000000000003
2023-12-19 19:00:00,1417.3000000000002
2023-12-19 20:00:00,1421.3000000000002
2023-12-20 06:00:00,1400.6000000000001
2023-12-20 14:00:00,1417.8000000000002
2023-12-20 15:00:00,1417.2000000000003
2023-12-20 16:00:00,1417.2000000000003
2023-12-20 17:00:00,1419.7000000000003
2023-12-20 18:00:00,1418.4000000000003
2023-12-20 19:00:00,1413.3000000000002
2023-12-20 20:00:00,1400.1000000000001
2023-12-21 06:00:00,1416.3000000000002
2023-12-21 14:00:00,1411.6000000000001
2023-12-21 15:00:00,1413.6000000000001
2023-12-21 16:00:00,1414.3000000000002
2023-12-21 17:00:00,1407.4000000000003
2023-12-21 18:00:00,1409.5000000000002
2023-12-21 19:00:00,1410.7000000000003
2023-12-21 20:00:00,1416.3000000000002
2023-12-22 06:00:00,1423.0000000000002
2023-12-22 14:00:00,1425.2000000000003
2023-12-22 15:00:00,1423.3000000000002
2023-12-22 16:00:00,1423.9000000000003
2023-12-22 17:00:00,1423.8000000000002
2023-12-22 18:00:00,1422.7000000000003
2023-12-22 19:00:00,1422.6000000000001
2023-12-22 20:00:00,1423.2000000000003
2023-12-26 06:00:00,1425.7000000000003
2023-12-26 14:00:00,1421.3000000000002
2023-12-26 15:00:00,1422.3000000000002
2023-12-26 16:00:00,1421.9000000000003
2023-12-26 17:00:00,1423.6000000000001
2023-12-26 18:00:00,1423.0000000000002
2023-12-26 19:00:00,1426.3000000000002
2023-12-26 20:00:00,1425.7000000000003
2023-12-27 06:00:00,1432.8000000000002
2023-12-27 14:00:00,1427.1000000000001
2023-12-27 15:00:00,1427.9000000000003
2023-12-27 16:00:00,1428.9000000000003
2023-12-27 17:00:00,1427.3000000000002
2023-12-27 18:00:00,1431.2000000000003
2023-12-27 19:00:00,1428.6000000000001
2023-12-27 20:00:00,1433.1000000000001
2023-12-28 06:00:00,1435.3000000000002
2023-12-28 14:00:00,1437.3000000000002
2023-12-28 15:00:00,1437.0000000000002
2023-12-28 16:00:00,1436.9000000000003
2023-12-28 17:00:00,1437.1000000000001
2023-12-28 18:00:00,1435.9000000000003
2023-12-28 19:00:00,1436.8000000000002
2023-12-28 20:00:00,1434.8000000000002
2023-12-29 06:00:00,1435.8000000000002
2023-12-29 14:00:00,1434.8000000000002
2023-12-29 15:00:00,1436.3000000000002
2023-12-29 16:00:00,1432.4000000000003
2023-12-29 17:00:00,1431.8000000000002
2023-12-29 18:00:00,1433.2000000000003
2023-12-29 19:00:00,1434.3000000000002
2023-12-29 20:00:00,1434.9000000000003
2024-01-02 06:00:00,1459.1000000000001
2024-01-02 14:00:00,1453.6000000000001
2024-01-02 15:00:00,1459.5000000000002
2024-01-02 16:00:00,1457.0000000000002
2024-01-02 17:00:00,1460.3000000000002
2024-01-02 18:00:00,1458.7000000000003
2024-01-02 19:00:00,1454.6000000000001
2024-01-02 20:00:00,1459.2000000000003
2024-01-03 06:00:00,1456.8000000000002
2024-01-03 14:00:00,1457.6000000000001
2024-01-03 15:00:00,1459.7000000000003
2024-01-03 16:00:00,1458.5000000000002
2024-01-03 17:00:00,1460.7000000000003
2024-01-03 18:00:00,1460.2000000000003
2024-01-03 19:00:00,1460.7000000000003
2024-01-03 20:00:00,1456.9000000000003
2024-01-04 06:00:00,1463.1000000000001
2024-01-04 14:00:00,1461.2000000000003
2024-01-04 15:00:00,1467.1000000000001
2024-01-04 16:00:00,1467.3000000000002
2024-01-04 17:00:00,1465.6000000000001
2024-01-04 18:00:00,1466.1000000000001
2024-01-04 19:00:00,1467.9000000000003
2024-01-04 20:00:00,1463.3000000000002
2024-01-05 06:00:00,1461.5000000000002
2024-01-05 12:00:00,1463.4000000000003
2024-01-05 14:00:00,1460.4000000000003
2024-01-05 15:00:00,1465.5000000000002
2024-01-05 16:00:00,1462.6000000000001
2024-01-05 17:00:00,1458.4000000000003
2024-01-05 18:00:00,1462.0000000000002
2024-01-05 19:00:00,1461.1000000000001
2024-01-05 20:00:00,1461.5000000000002
2024-01-05 21:00:00,1462.2000000000003
2024-01-08 06:00:00,1474.1000000000001
2024-01-08 14:00:00,1461.5000000000002
2024-01-08 15:00:00,1458.6000000000001
2024-01-08 16:00:00,1462.4000000000003
2024-01-08 17:00:00,1465.1000000000001
2024-01-08 18:00:00,1464.4000000000003
2024-01-08 19:00:00,1470.6000000000001
2024-01-08 20:00:00,1474.1000000000001
2024-01-09 06:00:00,1473.3000000000002
2024-01-09 14:00:00,1480.2000000000003
2024-01-09 15:00:00,1479.0000000000002
2024-01-09 16:00:00,1476.9000000000003
2024-01-09 17:00:00,1476.3000000000002
2024-01-09 18:00:00,1476.0000000000002
2024-01-09 19:00:00,1473.7000000000003
2024-01-09 20:00:00,1473.3000000000002
2024-01-10 06:00:00,1479.8000000000002
2024-01-10 14:00:00,1475.2000000000003
2024-01-10 15:00:00,1470.2000000000003
2024-01-10 16:00:00,1473.8000000000002
2024-01-10 17:00:00,1474.3000000000002
2024-01-10 18:00:00,1476.2000000000003
2024-01-10 19:00:00,1480.7000000000003
2024-01-10 20:00:00,1479.7000000000003
2024-01-11 06:00:00,1477.8000000000002
2024-01-11 14:00:00,1474.4000000000003
2024-01-11 15:00:00,1472.2000000000003
2024-01-11 16:00:00,1470.0000000000002
2024-01-11 17:00:00,1473.6000000000001
2024-01-11 18:00:00,1477.5000000000002
2024-01-11 19:00:00,1479.0000000000002
2024-01-11 20:00:00,1477.6000000000001
2024-01-12 06:00:00,1473.3000000000002
2024-01-12 14:00:00,1476.2000000000003
2024-01-12 15:00:00,1469.7000000000003
2024-01-12 16:00:00,1470.5000000000002
2024-01-12 17:00:00,1473.2000000000003
2024-01-12 18:00:00,1472.6000000000001
2024-01-12 19:00:00,1472.2000000000003
2024-01-12 20:00:00,1473.6000000000001
2024-01-16 06:00:00,1465.3000000000002
2024-01-16 14:00:00,1468.5000000000002
2024-01-16 15:00:00,1469.9000000000003
2024-01-16 16:00:00,1469.5000000000002
2024-01-16 17:00:00,1466.8000000000002
2024-01-16 18:00:00,1467.1000000000001
2024-01-16 19:00:00,1466.2000000000003
2024-01-16 20:00:00,1465.1000000000001
2024-01-17 06:00:00,1461.4000000000003
2024-01-17 14:00:00,1464.2000000000003
2024-01-17 15:00:00,1468.4000000000003
2024-01-17 16:00:00,1466.3000000000002
2024-01-17 17:00:00,1465.1000000000001
2024-01-17 18:00:00,1461.0000000000002
2024-01-17 19:00:00,1460.7000000000003
2024-01-17 20:00:00,1461.1000000000001
2024-01-18 06:00:00,1461.5000000000002
2024-01-18 14:00:00,1446.2000000000003
2024-01-18 15:00:00,1449.6000000000001
2024-01-18 16:00:00,1448.4000000000003
2024-01-18 17:00:00,1449.0000000000002
2024-01-18 18:00:00,1453.8000000000002
2024-01-18 19:00:00,1457.4000000000003
2024-01-18 20:00:00,1461.2000000000003
2024-01-19 06:00:00,1461.2000000000003
2024-01-19 14:00:00,1457.8000000000002
2024-01-19 15:00:00,1461.0000000000002
2024-01-19 16:00:00,1460.5000000000002
2024-01-19 17:00:00,1461.3000000000002
2024-01-19 18:00:00,1464.2000000000003
2024-01-19 19:00:00,1462.8000000000002
2024-01-19 20:00:00,1461.7000000000003
2024-01-22 06:00:00,1467.0000000000002
2024-01-22 14:00:00,1462.8000000000002
2024-01-22 15:00:00,1467.2000000000003
2024-01-22 16:00:00,1463.7000000000003
2024-01-22 17:00:00,1465.2000000000003
2024-01-22 18:00:00,1466.1000000000001
2024-01-22 19:00:00,1467.6000000000001
2024-01-22 20:00:00,1467.0000000000002
2024-01-23 06:00:00,1466.6000000000001
2024-01-23 14:00:00,1457.3000000000002
2024-01-23 15:00:00,1459.1000000000001
2024-01-23 16:00:00,1461.5000000000002
2024-01-23 17:00:00,1463.5000000000002
2024-01-23 18:00:00,1462.8000000000002
2024-01-23 19:00:00,1465.1000000000001
2024-01-23 20:00:00,1466.8000000000002
2024-01-24 06:00:00,1453.3000000000002
2024-01-24 14:00:00,1465.7000000000003
2024-01-24 15:00:00,1461.2000000000003
2024-01-24 16:00:00,1461.3000000000002
2024-01-24 17:00:00,1458.5000000000002
2024-01-24 18:00:00,1457.3000000000002
2024-01-24 19:00:00,1457.2000000000003
2024-01-24 20:00:00,1453.2000000000003
2024-01-25 06:00:00,1450.5000000000002
2024-01-25 14:00:00,1448.7000000000003
2024-01-25 15:00:00,1438.7000000000003
2024-01-25 16:00:00,1440.1000000000001
2024-01-25 17:00:00,1439.2000000000003
2024-01-25 18:00:00,1442.4000000000003
2024-01-25 19:00:00,1444.4000000000003
2024-01-25 20:00:00,1451.0000000000002
2024-01-26 06:00:00,1458.2000000000003
2024-01-26 14:00:00,1455.8000000000002
2024-01-26 15:00:00,1456.4000000000003
2024-01-26 16:00:00,1460.0000000000002
2024-01-26 17:00:00,1457.6000000000001
2024-01-26 18:00:00,1457.5000000000002
2024-01-26 19:00:00,1458.1000000000001
2024-01-26 20:00:00,1458.5000000000002
2024-01-29 06:00:00,1467.7000000000003
2024-01-29 14:00:00,1460.5000000000002
2024-01-29 15:00:00,1460.8000000000002
2024-01-29 16:00:00,1463.4000000000003
2024-01-29 17:00:00,1462.4000000000003
2024-01-29 18:00:00,1462.6000000000001
2024-01-29 19:00:00,1463.4000000000003
2024-01-29 20:00:00,1467.5000000000002
2024-01-30 06:00:00,1471.0000000000002
2024-01-30 14:00:00,1466.4000000000003
2024-01-30 15:00:00,1465.0000000000002
2024-01-30 16:00:00,1469.3000000000002
2024-01-30 17:00:00,1470.1000000000001
2024-01-30 18:00:00,1470.2000000000003
2024-01-30 19:00:00,1471.6000000000001
2024-01-30 20:00:00,1471.0000000000002
2024-01-31 06:00:00,1468.4000000000003
2024-01-31 14:00:00,1478.0000000000002
2024-01-31 15:00:00,1475.2000000000003
2024-01-31 16:00:00,1476.4000000000003
2024-01-31 17:00:00,1477.0000000000002
2024-01-31 18:00:00,1478.0000000000002
2024-01-31 19:00:00,1476.0000000000002
2024-01-31 20:00:00,1468.0000000000002
2024-02-01 06:00:00,1486.3000000000002
2024-02-01 14:00:00,1464.6000000000001
2024-02-01 15:00:00,1469.0000000000002
2024-02-01 16:00:00,1474.2000000000003
2024-02-01 17:00:00,1481.1000000000001
2024-02-01 18:00:00,1482.9000000000003
2024-02-01 19:00:00,1483.0000000000002
2024-02-01 20:00:00,1486.3000000000002
2024-02-02 06:00:00,1484.3000000000002
2024-02-02 14:00:00,1481.3000000000002
2024-02-02 15:00:00,1486.6000000000001
2024-02-02 16:00:00,1486.3000000000002
2024-02-02 17:00:00,1480.9000000000003
2024-02-02 18:00:00,1483.7000000000003
2024-02-02 19:00:00,1486.7000000000003
2024-02-02 20:00:00,1484.2000000000003
2024-02-05 06:00:00,1488.6000000000001
2024-02-05 14:00:00,1496.4000000000003
2024-02-05 15:00:00,1488.4000000000003
2024-02-05 16:00:00,1487.9000000000003
2024-02-05 17:00:00,1489.1000000000001
2024-02-05 18:00:00,1490.7000000000003
2024-02-05 19:00:00,1492.5000000000002
2024-02-05 20:00:00,1488.4000000000003
2024-02-06 06:00:00,1504.1000000000001
2024-02-06 14:00:00,1500.7000000000003
2024-02-06 15:00:00,1496.6000000000001
2024-02-06 16:00:00,1494.8000000000002
2024-02-06 17:00:00,1501.5000000000002
2024-02-06 18:00:00,1503.4000000000003
2024-02-06 19:00:00,1499.8000000000002
2024-02-06 20:00:00,1503.9000000000003
2024-02-07 06:00:00,1507.7000000000003
2024-02-07 14:00:00,1511.8000000000002
2024-02-07 15:00:00,1512.6000000000001
2024-02-07 16:00:00,1512.6000000000001
2024-02-07 17:00:00,1510.8000000000002
2024-02-07 18:00:00,1508.8000000000002
2024-02-07 19:00:00,1510.5000000000002
2024-02-07 20:00:00,1507.7000000000003
2024-02-08 06:00:00,1504.8000000000002
2024-02-08 14:00:00,1501.3000000000002
2024-02-08 15:00:00,1500.1000000000001
2024-02-08 16:00:00,1499.2000000000003
2024-02-08 17:00:00,1499.7000000000003
2024-02-08 18:00:00,1501.4000000000003
2024-02-08 19:00:00,1503.1000000000001
2024-02-08 20:00:00,1505.2000000000003
2024-02-09 06:00:00,1503.2000000000003
2024-02-09 14:00:00,1505.3000000000002
2024-02-09 15:00:00,1501.3000000000002
2024-02-09 16:00:00,1499.6000000000001
2024-02-09 17:00:00,1499.7000000000003
2024-02-09 18:00:00,1500.5000000000002
2024-02-09 19:00:00,1504.6000000000001
2024-02-09 20:00:00,1503.1000000000001
2024-02-12 06:00:00,1504.9000000000003
2024-02-12 14:00:00,1501.1000000000001
2024-02-12 15:00:00,1496.2000000000003
2024-02-12 16:00:00,1501.4000000000003
2024-02-12 17:00:00,1502.0000000000002
2024-02-12 18:00:00,1501.5000000000002
2024-02-12 19:00:00,1501.4000000000003
2024-02-12 20:00:00,1505.3000000000002
2024-02-12 21:00:00,1504.7000000000003
2024-02-13 06:00:00,1491.2000000000003
2024-02-13 14:00:00,1494.5000000000002
2024-02-13 15:00:00,1492.5000000000002
2024-02-13 16:00:00,1496.5000000000002
2024-02-13 17:00:00,1492.6000000000001
2024-02-13 18:00:00,1490.5000000000002
2024-02-13 19:00:00,1487.7000000000003
2024-02-13 20:00:00,1491.1000000000001
2024-02-14 06:00:00,1503.3000000000002
2024-02-14 12:00:00,1499.2000000000003
2024-02-14 14:00:00,1499.2000000000003
2024-02-14 15:00:00,1498.1000000000001
2024-02-14 16:00:00,1496.1000000000001
2024-02-14 17:00:00,1496.3000000000002
2024-02-14 18:00:00,1496.1000000000001
2024-02-14 19:00:00,1497.2000000000003
2024-02-14 20:00:00,1502.6000000000001
2024-02-15 06:00:00,1513.4000000000003
2024-02-15 14:00:00,1515.2000000000003
2024-02-15 15:00:00,1509.7000000000003
2024-02-15 16:00:00,1508.8000000000002
2024-02-15 17:00:00,1509.7000000000003
2024-02-15 18:00:00,1511.4000000000003
2024-02-15 19:00:00,1514.4000000000003
2024-02-15 20:00:00,1513.4000000000003
2024-02-16 06:00:00,1517.9000000000003
2024-02-16 14:00:00,1514.2000000000003
2024-02-16 15:00:00,1519.8000000000002
2024-02-16 16:00:00,1525.0000000000002
2024-02-16 17:00:00,1525.0000000000002
2024-02-16 18:00:00,1527.4000000000003
2024-02-16 19:00:00,1520.4000000000003
2024-02-16 20:00:00,1518.0000000000002
2024-02-16 21:00:00,1518.4000000000003
2024-02-20 06:00:00,1511.6000000000001
2024-02-20 14:00:00,1521.7000000000003
2024-02-20 15:00:00,1518.2000000000003
2024-02-20 16:00:00,1516.1000000000001
2024-02-20 17:00:00,1514.9000000000003
2024-02-20 18:00:00,1513.6000000000001
2024-02-20 19:00:00,1513.5000000000002
2024-02-20 20:00:00,1512.6000000000001
2024-02-20 21:00:00,1511.2000000000003
2024-02-21 06:00:00,1515.4000000000003
2024-02-21 14:00:00,1507.1000000000001
2024-02-21 15:00:00,1505.5000000000002
2024-02-21 16:00:00,1507.6000000000001
2024-02-21 17:00:00,1506.9000000000003
2024-02-21 18:00:00,1507.3000000000002
2024-02-21 19:00:00,1507.8000000000002
2024-02-21 20:00:00,1515.6000000000001
2024-02-22 06:00:00,1532.3000000000002
2024-02-22 14:00:00,1520.2000000000003
2024-02-22 15:00:00,1522.0000000000002
2024-02-22 16:00:00,1523.8000000000002
2024-02-22 17:00:00,1527.6000000000001
2024-02-22 18:00:00,1530.6000000000001
2024-02-22 19:00:00,1531.3000000000002
2024-02-22 20:00:00,1532.0000000000002
2024-02-22 21:00:00,1532.3000000000002
2024-02-23 06:00:00,1539.4000000000003
2024-02-23 14:00:00,1540.4000000000003
2024-02-23 15:00:00,1539.8000000000002
2024-02-23 16:00:00,1538.3000000000002
2024-02-23 17:00:00,1537.1000000000001
2024-02-23 18:00:00,1537.7000000000003
2024-02-23 19:00:00,1534.9000000000003
2024-02-23 20:00:00,1539.1000000000001
2024-02-26 06:00:00,1531.2000000000003
2024-02-26 14:00:00,1539.9000000000003
2024-02-26 15:00:00,1533.2000000000003
2024-02-26 16:00:00,1534.7000000000003
2024-02-26 17:00:00,1533.1000000000001
2024-02-26 18:00:00,1530.1000000000001
2024-02-26 19:00:00,1532.3000000000002
2024-02-26 20:00:00,1531.4000000000003
2024-02-27 06:00:00,1527.5000000000002
2024-02-27 14:00:00,1525.9000000000003
2024-02-27 15:00:00,1528.8000000000002
2024-02-27 16:00:00,1528.5000000000002
2024-02-27 17:00:00,1529.3000000000002
2024-02-27 18:00:00,1531.3000000000002
2024-02-27 19:00:00,1528.8000000000002
2024-02-27 20:00:00,1527.5000000000002
2024-02-28 06:00:00,1519.0000000000002
2024-02-28 14:00:00,1516.7000000000003
2024-02-28 15:00:00,1517.1000000000001
2024-02-28 16:00:00,1514.6000000000001
2024-02-28 17:00:00,1515.4000000000003
2024-02-28 18:00:00,1515.8000000000002
2024-02-28 19:00:00,1514.6000000000001
2024-02-28 20:00:00,1519.4000000000003
2024-02-29 06:00:00,1507.3000000000002
2024-02-29 14:00:00,1511.4000000000003
2024-02-29 15:00:00,1509.4000000000003
2024-02-29 16:00:00,1509.3000000000002
2024-02-29 17:00:00,1510.5000000000002
2024-02-29 18:00:00,1510.7000000000003
2024-02-29 19:00:00,1509.4000000000003
2024-02-29 20:00:00,1505.9000000000003
2024-02-29 21:00:00,1506.1000000000001
2024-03-01 06:00:00,1521.9000000000003
2024-03-01 14:00:00,1509.4000000000003
2024-03-01 15:00:00,1516.3000000000002
2024-03-01 16:00:00,1518.4000000000003
2024-03-01 17:00:00,1520.9000000000003
2024-03-01 18:00:00,1519.3000000000002
2024-03-01 19:00:00,1519.1000000000001
2024-03-01 20:00:00,1522.3000000000002
2024-03-04 06:00:00,1519.4000000000003
2024-03-04 14:00:00,1520.6000000000001
2024-03-04 15:00:00,1516.2000000000003
2024-03-04 16:00:00,1519.6000000000001
2024-03-04 17:00:00,1519.1000000000001
2024-03-04 18:00:00,1517.9000000000003
2024-03-04 19:00:00,1519.6000000000001
2024-03-04 20:00:00,1519.6000000000001
2024-03-05 06:00:00,1507.5000000000002
2024-03-05 14:00:00,1516.7000000000003
2024-03-05 15:00:00,1511.2000000000003
2024-03-05 16:00:00,1508.1000000000001
2024-03-05 17:00:00,1507.6000000000001
2024-03-05 18:00:00,1507.4000000000003
2024-03-05 19:00:00,1504.7000000000003
2024-03-05 20:00:00,1507.5000000000002
2024-03-05 21:00:00,1502.7000000000003
2024-03-06 06:00:00,1518.0000000000002
2024-03-06 14:00:00,1518.2000000000003
2024-03-06 15:00:00,1519.5000000000002
2024-03-06 16:00:00,1522.3000000000002
2024-03-06 17:00:00,1518.4000000000003
2024-03-06 18:00:00,1516.6000000000001
2024-03-06 19:00:00,1517.5000000000002
2024-03-06 20:00:00,1517.6000000000001
2024-03-07 06:00:00,1524.7000000000003
2024-03-07 14:00:00,1521.0000000000002
2024-03-07 15:00:00,1522.5000000000002
2024-03-07 16:00:00,1525.4000000000003
2024-03-07 17:00:00,1523.8000000000002
2024-03-07 18:00:00,1527.7000000000003
2024-03-07 19:00:00,1523.8000000000002
2024-03-07 20:00:00,1524.6000000000001
2024-03-07 21:00:00,1519.9000000000003
2024-03-08 06:00:00,1521.3000000000002
2024-03-08 14:00:00,1523.6000000000001
2024-03-08 15:00:00,1521.9000000000003
2024-03-08 16:00:00,1527.3000000000002
2024-03-08 17:00:00,1527.7000000000003
2024-03-08 18:00:00,1523.3000000000002
2024-03-08 19:00:00,1526.9000000000003
2024-03-08 20:00:00,1521.5000000000002
2024-03-11 05:00:00,1520.2000000000003
2024-03-11 13:00:00,1518.5000000000002
2024-03-11 14:00:00,1510.6000000000001
2024-03-11 15:00:00,1515.1000000000001
2024-03-11 16:00:00,1516.3000000000002
2024-03-11 17:00:00,1518.2000000000003
2024-03-11 18:00:00,1519.2000000000003
2024-03-11 19:00:00,1519.9
2024-03-12 05:00:00,1527.0000000000002
2024-03-12 13:00:00,1521.5000000000002
2024-03-12 14:00:00,1524.6000000000001
2024-03-12 15:00:00,1525.2000000000003
2024-03-12 16:00:00,1523.0000000000002
2024-03-12 17:00:00,1528.1000000000001
2024-03-12 18:00:00,1529.9
2024-03-12 19:00:00,1526.5000000000002
2024-03-13 05:00:00,1521.1000000000001
2024-03-13 13:00:00,1529.3000000000002
2024-03-13 14:00:00,1530.9
2024-03-13 15:00:00,1528.0000000000002
2024-03-13 16:00:00,1527.1000000000001
2024-03-13 17:00:00,1524.9
2024-03-13 18:00:00,1521.6000000000001
2024-03-13 19:00:00,1521.5000000000002
2024-03-14 05:00:00,1514.2000000000003
2024-03-14 13:00:00,1512.2000000000003
2024-03-14 14:00:00,1507.3000000000002
2024-03-14 15:00:00,1513.0000000000002
2024-03-14 16:00:00,1509.1000000000001
2024-03-14 17:00:00,1510.1000000000001
2024-03-14 18:00:00,1509.2000000000003
2024-03-14 19:00:00,1515.6000000000001
2024-03-14 20:00:00,1515.2000000000003
2024-03-15 05:00:00,1508.4
2024-03-15 10:00:00,1524.3000000000002
2024-03-15 13:00:00,1505.0000000000002
2024-03-15 14:00:00,1509.5000000000002
2024-03-15 15:00:00,1505.3000000000002
2024-03-15 16:00:00,1505.2000000000003
2024-03-15 17:00:00,1506.9
2024-03-15 18:00:00,1509.0000000000002
2024-03-15 19:00:00,1508.8000000000002
2024-03-18 05:00:00,1508.4
2024-03-18 13:00:00,1511.1000000000001
2024-03-18 14:00:00,1513.2000000000003
2024-03-18 15:00:00,1513.9
2024-03-18 16:00:00,1514.5000000000002
2024-03-18 17:00:00,1512.3000000000002
2024-03-18 18:00:00,1510.5000000000002
2024-03-18 19:00:00,1509.0000000000002
2024-03-19 05:00:00,1518.1000000000001
2024-03-19 13:00:00,1510.9
2024-03-19 14:00:00,1511.3000000000002
2024-03-19 15:00:00,1513.0000000000002
2024-03-19 16:00:00,1513.6000000000001
2024-03-19 17:00:00,1514.0000000000002
2024-03-19 18:00:00,1514.2000000000003
2024-03-19 19:00:00,1517.8000000000002
2024-03-20 05:00:00,1514.6000000000001
2024-03-20 13:00:00,1511.0000000000002
2024-03-20 14:00:00,1512.3000000000002
2024-03-20 15:00:00,1511.0000000000002
2024-03-20 16:00:00,1510.5000000000002
2024-03-20 17:00:00,1507.8000000000002
2024-03-20 18:00:00,1510.2000000000003
2024-03-20 19:00:00,1514.4
2024-03-21 05:00:00,1516.0000000000002
2024-03-21 13:00:00,1517.0000000000002
2024-03-21 14:00:00,1519.7000000000003
2024-03-21 15:00:00,1520.6000000000001
2024-03-21 16:00:00,1518.1000000000001
2024-03-21 17:00:00,1519.6000000000001
2024-03-21 19:00:00,1515.7000000000003
2024-03-22 05:00:00,1512.8000000000002
2024-03-22 13:00:00,1518.7000000000003
2024-03-22 14:00:00,1512.2000000000003
2024-03-22 15:00:00,1512.4
2024-03-22 16:00:00,1511.4
2024-03-22 17:00:00,1513.9
2024-03-22 19:00:00,1512.5000000000002
2024-03-25 05:00:00,1510.4
2024-03-25 13:00:00,1514.8000000000002
2024-03-25 14:00:00,1509.5000000000002
2024-03-25 15:00:00,1511.4
2024-03-25 16:00:00,1510.2000000000003
2024-03-25 17:00:00,1510.1000000000001
2024-03-25 18:00:00,1509.2000000000003
2024-03-25 19:00:00,1510.7000000000003
2024-03-26 05:00:00,1515.7000000000003
2024-03-26 13:00:00,1511.8000000000002
2024-03-26 14:00:00,1515.1000000000001
2024-03-26 15:00:00,1516.8000000000002
2024-03-26 16:00:00,1516.2000000000003
2024-03-26 17:00:00,1515.2000000000003
2024-03-26 18:00:00,1515.8000000000002
2024-03-26 19:00:00,1516.0000000000002
2024-03-27 05:00:00,1535.0000000000002
2024-03-27 13:00:00,1529.0000000000002
2024-03-27 14:00:00,1525.6000000000001
2024-03-27 15:00:00,1525.7000000000003
2024-03-27 16:00:00,1529.4
2024-03-27 17:00:00,1528.1000000000001
2024-03-27 18:00:00,1528.9
2024-03-27 19:00:00,1535.5000000000002
2024-03-28 05:00:00,1537.1000000000001
2024-03-28 13:00:00,1538.5000000000002
2024-03-28 14:00:00,1538.5000000000002
2024-03-28 15:00:00,1537.7000000000003
2024-03-28 16:00:00,1537.8000000000002
2024-03-28 17:00:00,1537.4
2024-03-28 18:00:00,1539.9
2024-03-28 19:00:00,1535.3000000000002
2024-04-01 05:00:00,1522.0000000000002
2024-04-01 13:00:00,1521.9
2024-04-01 14:00:00,1518.8000000000002
2024-04-01 15:00:00,1517.7000000000003
2024-04-01 16:00:00,1519.5000000000002
2024-04-01 17:00:00,1519.2000000000003
2024-04-01 18:00:00,1518.2000000000003
2024-04-01 19:00:00,1521.8000000000002
2024-04-01 20:00:00,1512.1000000000001
2024-04-02 05:00:00,1497.4
2024-04-02 12:00:00,1511.9
2024-04-02 13:00:00,1497.8000000000002
2024-04-02 14:00:00,1494.5000000000002
2024-04-02 15:00:00,1493.1000000000001
2024-04-02 16:00:00,1492.7000000000003
2024-04-02 17:00:00,1493.2000000000003
2024-04-02 18:00:00,1494.4
2024-04-02 19:00:00,1497.1000000000001
2024-04-03 05:00:00,1495.8000000000002
2024-04-03 13:00:00,1501.2000000000003
2024-04-03 14:00:00,1500.8000000000002
2024-04-03 15:00:00,1500.1000000000001
2024-04-03 16:00:00,1499.1000000000001
2024-04-03 17:00:00,1499.2000000000003
2024-04-03 18:00:00,1497.1000000000001
2024-04-03 19:00:00,1495.6000000000001
2024-04-04 05:00:00,1474.7000000000003
2024-04-04 08:00:00,1505.8000000000002
2024-04-04 12:00:00,1500.8000000000002
2024-04-04 13:00:00,1499.1000000000001
2024-04-04 14:00:00,1494.3000000000002
2024-04-04 15:00:00,1496.2000000000003
2024-04-04 16:00:00,1496.3000000000002
2024-04-04 17:00:00,1492.7000000000003
2024-04-04 18:00:00,1480.7000000000003
2024-04-04 19:00:00,1474.7000000000003
2024-04-05 05:00:00,1487.5000000000002
2024-04-05 13:00:00,1480.1000000000001
2024-04-05 14:00:00,1483.0000000000002
2024-04-05 15:00:00,1489.2000000000003
2024-04-05 16:00:00,1489.8000000000002
2024-04-05 17:00:00,1486.8000000000002
2024-04-05 18:00:00,1485.6000000000001
2024-04-05 19:00:00,1487.4
2024-04-08 05:00:00,1482.0000000000002
2024-04-08 13:00:00,1484.2000000000003
2024-04-08 14:00:00,1485.1000000000001
2024-04-08 15:00:00,1480.7000000000003
2024-04-08 16:00:00,1483.5000000000002
2024-04-08 17:00:00,1483.5000000000002
2024-04-08 18:00:00,1482.8000000000002
2024-04-08 19:00:00,1482.1000000000001
2024-04-09 05:00:00,1487.3000000000002
2024-04-09 13:00:00,1480.4
2024-04-09 14:00:00,1478.4
2024-04-09 15:00:00,1480.1000000000001
2024-04-09 16:00:00,1479.3000000000002
2024-04-09 17:00:00,1478.8000000000002
2024-04-09 18:00:00,1479.5000000000002
2024-04-09 19:00:00,1487.4
2024-04-10 05:00:00,1471.0000000000002
2024-04-10 13:00:00,1472.5000000000002
2024-04-10 14:00:00,1473.0000000000002
2024-04-10 15:00:00,1470.1000000000001
2024-04-10 16:00:00,1469.2000000000003
2024-04-10 17:00:00,1469.9
2024-04-10 18:00:00,1469.1000000000001
2024-04-10 19:00:00,1470.9
2024-04-11 05:00:00,1462.5000000000002
2024-04-11 13:00:00,1465.1000000000001
2024-04-11 14:00:00,1459.9
2024-04-11 15:00:00,1462.5000000000002
2024-04-11 16:00:00,1461.6000000000001
2024-04-11 17:00:00,1467.6000000000001
2024-04-11 18:00:00,1467.5000000000002
2024-04-11 19:00:00,1462.4
2024-04-12 05:00:00,1440.8000000000002
2024-04-12 13:00:00,1452.8000000000002
2024-04-12 14:00:00,1446.7000000000003
2024-04-12 15:00:00,1448.7000000000003
2024-04-12 16:00:00,1440.3000000000002
2024-04-12 17:00:00,1440.8000000000002
2024-04-12 18:00:00,1438.5000000000002
2024-04-12 19:00:00,1441.5000000000002
2024-04-15 05:00:00,1438.0000000000002
2024-04-15 13:00:00,1456.4
2024-04-15 14:00:00,1450.0000000000002
2024-04-15 15:00:00,1452.8000000000002
2024-04-15 16:00:00,1447.9
2024-04-15 17:00:00,1444.0000000000002
2024-04-15 18:00:00,1439.6000000000001
2024-04-15 19:00:00,1438.2000000000003
2024-04-16 05:00:00,1437.9
2024-04-16 13:00:00,1440.9
2024-04-16 14:00:00,1439.0000000000002
2024-04-16 15:00:00,1444.3000000000002
2024-04-16 16:00:00,1441.5000000000002
2024-04-16 17:00:00,1441.1000000000001
2024-04-16 18:00:00,1445.0000000000002
2024-04-16 19:00:00,1438.1000000000001
2024-04-17 05:00:00,1435.4
2024-04-17 13:00:00,1444.0000000000002
2024-04-17 14:00:00,1436.7000000000003
2024-04-17 15:00:00,1435.2000000000003
2024-04-17 16:00:00,1436.2000000000003
2024-04-17 17:00:00,1438.2000000000003
2024-04-17 18:00:00,1437.0000000000002
2024-04-17 19:00:00,1435.4
2024-04-18 05:00:00,1434.8000000000002
2024-04-18 13:00:00,1438.6000000000001
2024-04-18 14:00:00,1442.3000000000002
2024-04-18 15:00:00,1438.3000000000002
2024-04-18 16:00:00,1435.6000000000001
2024-04-18 17:00:00,1433.7000000000003
2024-04-18 18:00:00,1435.0000000000002
2024-04-18 19:00:00,1434.8000000000002
2024-04-19 05:00:00,1439.8000000000002
2024-04-19 13:00:00,1441.2000000000003
2024-04-19 14:00:00,1437.8000000000002
2024-04-19 15:00:00,1437.9
2024-04-19 16:00:00,1439.8000000000002
2024-04-19 17:00:00,1442.3000000000002
2024-04-19 18:00:00,1437.4
2024-04-19 19:00:00,1440.0000000000002
2024-04-22 05:00:00,1444.9
2024-04-22 13:00:00,1443.6000000000001
2024-04-22 14:00:00,1445.2000000000003
2024-04-22 15:00:00,1446.4
2024-04-22 16:00:00,1449.0000000000002
2024-04-22 17:00:00,1455.6000000000001
2024-04-22 18:00:00,1452.2000000000003
2024-04-22 19:00:00,1445.5000000000002
2024-04-23 05:00:00,1462.6000000000001
2024-04-23 13:00:00,1458.4
2024-04-23 14:00:00,1463.0000000000002
2024-04-23 15:00:00,1460.8000000000002
2024-04-23 16:00:00,1463.3000000000002
2024-04-23 17:00:00,1465.4
2024-04-23 18:00:00,1463.2000000000003
2024-04-23 19:00:00,1462.3000000000002
2024-04-24 05:00:00,1458.4
2024-04-24 13:00:00,1457.9
2024-04-24 14:00:00,1452.6000000000001
2024-04-24 15:00:00,1455.0000000000002
2024-04-24 16:00:00,1453.6000000000001
2024-04-24 17:00:00,1461.1000000000001
2024-04-24 18:00:00,1459.0000000000002
2024-04-24 19:00:00,1459.0000000000002
2024-04-25 05:00:00,1448.9
2024-04-25 13:00:00,1449.4
2024-04-25 14:00:00,1442.4
2024-04-25 15:00:00,1446.5000000000002
2024-04-25 16:00:00,1448.7000000000003
2024-04-25 17:00:00,1453.4
2024-04-25 18:00:00,1447.5000000000002
2024-04-25 19:00:00,1449.1000000000001
2024-04-26 05:00:00,1448.8000000000002
2024-04-26 13:00:00,1445.6000000000001
2024-04-26 14:00:00,1449.2000000000003
2024-04-26 15:00:00,1449.9
2024-04-26 16:00:00,1449.8000000000002
2024-04-26 17:00:00,1451.3000000000002
2024-04-26 18:00:00,1451.4
2024-04-26 19:00:00,1447.8000000000002
2024-04-29 05:00:00,1452.4
2024-04-29 13:00:00,1453.0000000000002
2024-04-29 14:00:00,1452.5000000000002
2024-04-29 15:00:00,1453.2000000000003
2024-04-29 16:00:00,1453.3000000000002
2024-04-29 17:00:00,1452.4
2024-04-29 18:00:00,1449.7000000000003
2024-04-29 19:00:00,1453.0000000000002
2024-04-30 05:00:00,1451.5000000000002
2024-04-30 13:00:00,1457.8000000000002
2024-04-30 14:00:00,1458.1000000000001
2024-04-30 15:00:00,1453.4
2024-04-30 16:00:00,1452.6000000000001
2024-04-30 17:00:00,1456.3000000000002
2024-04-30 18:00:00,1452.9
2024-04-30 19:00:00,1451.5000000000002
2024-05-01 05:00:00,1454.8000000000002
2024-05-01 13:00:00,1444.9
2024-05-01 14:00:00,1446.9
2024-05-01 15:00:00,1453.2000000000003
2024-05-01 16:00:00,1454.4
2024-05-01 17:00:00,1453.7000000000003
2024-05-01 18:00:00,1463.6000000000001
2024-05-01 19:00:00,1453.6000000000001
2024-05-02 05:00:00,1451.8000000000002
2024-05-02 13:00:00,1448.3000000000002
2024-05-02 14:00:00,1450.3000000000002
2024-05-02 15:00:00,1449.5000000000002
2024-05-02 16:00:00,1447.8000000000002
2024-05-02 17:00:00,1449.9
2024-05-02 18:00:00,1455.2000000000003
2024-05-02 19:00:00,1452.4
2024-05-03 05:00:00,1455.5000000000002
2024-05-03 13:00:00,1455.9
2024-05-03 14:00:00,1450.5000000000002
2024-05-03 15:00:00,1453.9
2024-05-03 16:00:00,1453.7000000000003
2024-05-03 17:00:00,1455.3000000000002
2024-05-03 18:00:00,1456.8000000000002
2024-05-03 19:00:00,1455.6000000000001
2024-05-06 05:00:00,1461.3000000000002
2024-05-06 13:00:00,1458.1000000000001
2024-05-06 14:00:00,1455.1000000000001
2024-05-06 15:00:00,1454.5000000000002
2024-05-06 16:00:00,1456.4
2024-05-06 17:00:00,1458.6000000000001
2024-05-06 18:00:00,1459.1000000000001
2024-05-06 19:00:00,1461.4
2024-05-07 05:00:00,1473.2000000000003
2024-05-07 13:00:00,1466.7000000000003
2024-05-07 14:00:00,1470.6000000000001
2024-05-07 15:00:00,1472.1000000000001
2024-05-07 16:00:00,1469.5000000000002
2024-05-07 17:00:00,1469.3000000000002
2024-05-07 18:00:00,1471.0000000000002
2024-05-07 19:00:00,1473.0000000000002
2024-05-08 05:00:00,1468.1000000000001
2024-05-08 13:00:00,1471.7000000000003
2024-05-08 14:00:00,1469.4
2024-05-08 15:00:00,1467.9
2024-05-08 16:00:00,1467.2000000000003
2024-05-08 17:00:00,1467.8000000000002
2024-05-08 18:00:00,1467.9
2024-05-08 19:00:00,1468.3000000000002
2024-05-09 05:00:00,1479.6000000000001
2024-05-09 13:00:00,1471.9
2024-05-09 14:00:00,1475.9
2024-05-09 15:00:00,1472.4
2024-05-09 16:00:00,1475.9
2024-05-09 17:00:00,1477.7000000000003
2024-05-09 18:00:00,1479.1000000000001
2024-05-09 19:00:00,1479.9
2024-05-10 05:00:00,1482.5000000000002
2024-05-10 13:00:00,1486.8000000000002
2024-05-10 14:00:00,1483.3000000000002
2024-05-10 15:00:00,1482.4
2024-05-10 16:00:00,1482.8000000000002
2024-05-10 17:00:00,1481.4
2024-05-10 18:00:00,1482.0000000000002
2024-05-10 19:00:00,1482.5000000000002
2024-05-13 05:00:00,1480.9
2024-05-13 13:00:00,1486.0000000000002
2024-05-13 14:00:00,1480.7000000000003
2024-05-13 15:00:00,1478.5000000000002
2024-05-13 16:00:00,1478.6000000000001
2024-05-13 17:00:00,1478.3000000000002
2024-05-13 18:00:00,1480.7000000000003
2024-05-13 19:00:00,1480.7000000000003
2024-05-14 05:00:00,1486.8000000000002
2024-05-14 13:00:00,1484.3000000000002
2024-05-14 14:00:00,1481.2000000000003
2024-05-14 15:00:00,1477.3000000000002
2024-05-14 16:00:00,1478.0000000000002
2024-05-14 17:00:00,1478.3000000000002
2024-05-14 18:00:00,1484.1000000000001
2024-05-14 19:00:00,1486.3000000000002
2024-05-15 05:00:00,1508.1000000000001
2024-05-15 13:00:00,1496.3000000000002
2024-05-15 14:00:00,1499.7000000000003
2024-05-15 15:00:00,1501.8000000000002
2024-05-15 16:00:00,1505.5000000000002
2024-05-15 17:00:00,1504.3000000000002
2024-05-15 18:00:00,1504.9
2024-05-15 19:00:00,1507.5000000000002
2024-05-16 05:00:00,1506.4
2024-05-16 13:00:00,1503.4
2024-05-16 14:00:00,1507.2000000000003
2024-05-16 15:00:00,1507.0000000000002
2024-05-16 16:00:00,1506.9
2024-05-16 17:00:00,1507.3000000000002
2024-05-16 18:00:00,1508.1000000000001
2024-05-16 19:00:00,1505.7000000000003
2024-05-17 05:00:00,1508.2000000000003
2024-05-17 13:00:00,1502.6000000000001
2024-05-17 14:00:00,1503.7000000000003
2024-05-17 15:00:00,1503.1000000000001
2024-05-17 16:00:00,1504.8000000000002
2024-05-17 17:00:00,1505.8000000000002
2024-05-17 18:00:00,1505.2000000000003
2024-05-17 19:00:00,1508.7000000000003
2024-05-20 05:00:00,1504.9
2024-05-20 13:00:00,1507.5000000000002
2024-05-20 14:00:00,1508.0000000000002
2024-05-20 15:00:00,1508.1000000000001
2024-05-20 16:00:00,1507.0000000000002
2024-05-20 17:00:00,1506.3000000000002
2024-05-20 18:00:00,1506.2000000000003
2024-05-20 19:00:00,1505.2000000000003
2024-05-21 05:00:00,1506.9
2024-05-21 13:00:00,1509.4
2024-05-21 14:00:00,1505.5000000000002
2024-05-21 15:00:00,1505.8000000000002
2024-05-21 16:00:00,1503.9
2024-05-21 17:00:00,1504.5000000000002
2024-05-21 18:00:00,1504.6000000000001
2024-05-21 19:00:00,1507.1000000000001
2024-05-22 05:00:00,1509.0000000000002
2024-05-22 13:00:00,1509.8000000000002
2024-05-22 14:00:00,1511.3000000000002
2024-05-22 15:00:00,1509.1000000000001
2024-05-22 16:00:00,1512.5000000000002
2024-05-22 17:00:00,1512.0000000000002
2024-05-22 18:00:00,1511.3000000000002
2024-05-22 19:00:00,1509.7000000000003
2024-05-23 05:00:00,1492.4
2024-05-23 13:00:00,1500.0000000000002
2024-05-23 14:00:00,1501.8000000000002
2024-05-23 15:00:00,1504.9
2024-05-23 16:00:00,1500.4
2024-05-23 17:00:00,1496.2000000000003
2024-05-23 18:00:00,1491.9
2024-05-23 19:00:00,1493.0000000000002
2024-05-24 05:00:00,1487.8000000000002
2024-05-24 13:00:00,1491.7000000000003
2024-05-24 14:00:00,1491.4
2024-05-24 15:00:00,1491.0000000000002
2024-05-24 16:00:00,1491.2000000000003
2024-05-24 17:00:00,1490.8000000000002
2024-05-24 18:00:00,1489.0000000000002
2024-05-24 19:00:00,1487.9
2024-05-28 05:00:00,1469.4
2024-05-28 12:00:00,1486.6000000000001
2024-05-28 13:00:00,1471.8000000000002
2024-05-28 14:00:00,1469.6000000000001
2024-05-28 15:00:00,1470.4
2024-05-28 16:00:00,1467.8000000000002
2024-05-28 17:00:00,1464.8000000000002
2024-05-28 18:00:00,1464.8000000000002
2024-05-28 19:00:00,1469.5000000000002
2024-05-29 05:00:00,1458.0000000000002
2024-05-29 12:00:00,1455.8000000000002
2024-05-29 13:00:00,1454.5000000000002
2024-05-29 14:00:00,1455.8000000000002
2024-05-29 15:00:00,1456.4
2024-05-29 16:00:00,1456.2000000000003
2024-05-29 17:00:00,1457.2000000000003
2024-05-29 18:00:00,1453.6000000000001
2024-05-29 19:00:00,1458.4
2024-05-30 05:00:00,1458.6000000000001
2024-05-30 13:00:00,1449.5000000000002
2024-05-30 14:00:00,1457.3000000000002
2024-05-30 15:00:00,1459.8000000000002
2024-05-30 16:00:00,1462.0000000000002
2024-05-30 17:00:00,1461.7000000000003
2024-05-30 18:00:00,1458.8000000000002
2024-05-30 19:00:00,1459.0000000000002
2024-05-31 05:00:00,1478.9
2024-05-31 13:00:00,1467.7000000000003
2024-05-31 14:00:00,1469.3000000000002
2024-05-31 15:00:00,1467.5000000000002
2024-05-31 16:00:00,1466.6000000000001
2024-05-31 17:00:00,1467.3000000000002
2024-05-31 18:00:00,1467.8000000000002
2024-05-31 19:00:00,1479.2000000000003
2024-06-03 05:00:00,1487.6000000000001
2024-06-03 13:00:00,1487.4
2024-06-03 14:00:00,1485.7000000000003
2024-06-03 15:00:00,1485.0000000000002
2024-06-03 16:00:00,1482.2000000000003
2024-06-03 17:00:00,1484.2000000000003
2024-06-03 18:00:00,1487.0000000000002
2024-06-03 19:00:00,1488.6000000000001
2024-06-04 05:00:00,1492.9
2024-06-04 13:00:00,1490.1000000000001
2024-06-04 14:00:00,1487.8000000000002
2024-06-04 15:00:00,1486.4
2024-06-04 16:00:00,1489.2000000000003
2024-06-04 17:00:00,1492.0000000000002
2024-06-04 18:00:00,1494.6000000000001
2024-06-04 19:00:00,1493.2000000000003
2024-06-05 05:00:00,1498.8000000000002
2024-06-05 13:00:00,1489.7000000000003
2024-06-05 14:00:00,1490.8000000000002
2024-06-05 15:00:00,1497.4
2024-06-05 16:00:00,1499.1000000000001
2024-06-05 17:00:00,1499.3000000000002
2024-06-05 18:00:00,1499.2000000000003
2024-06-05 19:00:00,1499.2000000000003
2024-06-06 05:00:00,1503.9
2024-06-06 13:00:00,1504.6000000000001
2024-06-06 14:00:00,1502.8000000000002
2024-06-06 15:00:00,1503.2000000000003
2024-06-06 16:00:00,1499.5000000000002
2024-06-06 17:00:00,1500.8000000000002
2024-06-06 18:00:00,1504.2000000000003
2024-06-06 19:00:00,1503.9
2024-06-07 05:00:00,1505.2000000000003
2024-06-07 13:00:00,1507.0000000000002
2024-06-07 14:00:00,1509.9
2024-06-07 15:00:00,1509.4
2024-06-07 16:00:00,1507.8000000000002
2024-06-07 17:00:00,1507.9
2024-06-07 18:00:00,1506.8000000000002
2024-06-07 19:00:00,1505.1000000000001
2024-06-10 05:00:00,1510.0000000000002
2024-06-10 13:00:00,1502.9
2024-06-10 14:00:00,1498.5000000000002
2024-06-10 15:00:00,1498.9
2024-06-10 16:00:00,1499.9
2024-06-10 17:00:00,1503.6000000000001
2024-06-10 18:00:00,1505.2000000000003
2024-06-10 19:00:00,1509.3000000000002
2024-06-11 05:00:00,1504.0000000000002
2024-06-12 05:00:00,1500.7
2024-06-13 05:00:00,1502.5000000000002
2024-06-14 05:00:00,1501.9
2024-06-14 13:00:00,1495.9
2024-06-14 14:00:00,1496.3000000000002
2024-06-14 15:00:00,1496.5000000000002
2024-06-14 16:00:00,1499.8000000000002
2024-06-14 17:00:00,1498.6000000000001
2024-06-14 18:00:00,1499.9
2024-06-14 19:00:00,1501.7
2024-06-17 05:00:00,1499.9
2024-06-17 13:00:00,1496.8000000000002
2024-06-17 14:00:00,1496.5000000000002
2024-06-17 15:00:00,1496.7
2024-06-17 16:00:00,1499.0000000000002
2024-06-17 17:00:00,1498.9
2024-06-17 18:00:00,1499.0000000000002
2024-06-17 19:00:00,1499.7
2024-06-18 05:00:00,1501.0000000000002
2024-06-18 13:00:00,1502.1000000000001
2024-06-18 14:00:00,1500.5000000000002
2024-06-18 15:00:00,1502.7
2024-06-18 16:00:00,1501.9
2024-06-18 17:00:00,1501.2
2024-06-18 18:00:00,1501.4
2024-06-18 19:00:00,1501.0000000000002
2024-06-20 05:00:00,1507.0000000000002
2024-06-20 13:00:00,1499.0000000000002
2024-06-20 14:00:00,1500.7
2024-06-20 15:00:00,1505.0000000000002
2024-06-20 16:00:00,1504.0000000000002
2024-06-20 17:00:00,1504.2
2024-06-20 18:00:00,1507.7
2024-06-20 19:00:00,1507.3000000000002
2024-06-21 05:00:00,1510.6000000000001
2024-06-21 13:00:00,1510.6000000000001
2024-06-21 14:00:00,1508.3000000000002
2024-06-21 15:00:00,1505.4
2024-06-21 16:00:00,1508.1000000000001
2024-06-21 17:00:00,1508.5000000000002
2024-06-21 18:00:00,1509.6000000000001
2024-06-21 19:00:00,1511.5000000000002
2024-06-24 05:00:00,1519.0000000000002
2024-06-24 12:00:00,1518.0000000000002
2024-06-24 13:00:00,1514.0000000000002
2024-06-24 14:00:00,1521.2
2024-06-24 15:00:00,1522.8000000000002
2024-06-24 16:00:00,1522.4
2024-06-24 17:00:00,1519.8000000000002
2024-06-24 18:00:00,1520.4
2024-06-24 19:00:00,1518.1000000000001
2024-06-24 20:00:00,1524.3000000000002
2024-06-25 05:00:00,1513.1000000000001
2024-06-25 13:00:00,1516.6000000000001
2024-06-25 14:00:00,1518.1000000000001
2024-06-25 15:00:00,1511.4
2024-06-25 16:00:00,1510.7
2024-06-25 17:00:00,1512.6000000000001
2024-06-25 18:00:00,1513.0000000000002
2024-06-25 19:00:00,1512.9
2024-06-26 05:00:00,1508.0000000000002
2024-06-26 13:00:00,1507.4
2024-06-26 14:00:00,1506.9
2024-06-26 15:00:00,1510.7
2024-06-26 17:00:00,1508.1000000000001
2024-06-26 18:00:00,1510.7
2024-06-26 19:00:00,1507.1000000000001
2024-06-26 20:00:00,1512.3000000000002
2024-06-27 05:00:00,1504.3000000000002
2024-06-27 13:00:00,1502.9
2024-06-27 14:00:00,1503.8000000000002
2024-06-27 15:00:00,1501.9
2024-06-27 16:00:00,1501.4
2024-06-27 17:00:00,1502.0000000000002
2024-06-27 18:00:00,1499.1000000000001
2024-06-27 19:00:00,1504.8000000000002
2024-06-28 05:00:00,1502.6000000000001
2024-06-28 13:00:00,1505.4
2024-06-28 14:00:00,1511.7
2024-06-28 15:00:00,1508.6000000000001
2024-06-28 16:00:00,1506.9
2024-06-28 17:00:00,1506.9
2024-06-28 18:00:00,1500.1000000000001
2024-06-28 19:00:00,1501.3000000000002
2024-07-01 05:00:00,1494.0000000000002
2024-07-01 13:00:00,1517.0000000000002
2024-07-01 14:00:00,1504.7
2024-07-01 15:00:00,1498.5000000000002
2024-07-01 16:00:00,1495.7
2024-07-01 17:00:00,1492.8000000000002
2024-07-01 18:00:00,1491.6000000000001
2024-07-01 19:00:00,1494.0000000000002
2024-07-02 05:00:00,1487.4
2024-07-02 13:00:00,1479.9
2024-07-02 14:00:00,1485.3000000000002
2024-07-02 15:00:00,1485.0000000000002
2024-07-02 16:00:00,1482.8000000000002
2024-07-02 17:00:00,1484.9
2024-07-02 18:00:00,1486.8000000000002
2024-07-02 19:00:00,1487.3000000000002
2024-07-02 20:00:00,1487.5000000000002
2024-07-03 05:00:00,1475.6000000000001
2024-07-03 13:00:00,1486.7
2024-07-03 14:00:00,1474.0000000000002
2024-07-03 15:00:00,1471.9
2024-07-03 16:00:00,1475.5000000000002
2024-07-03 17:00:00,1483.4
2024-07-05 05:00:00,1486.6000000000001
2024-07-05 13:00:00,1474.0000000000002
2024-07-05 14:00:00,1475.6000000000001
2024-07-05 15:00:00,1481.4
2024-07-05 16:00:00,1480.3000000000002
2024-07-05 17:00:00,1483.4
2024-07-05 18:00:00,1484.2
2024-07-05 19:00:00,1486.6000000000001
2024-07-08 05:00:00,1484.0000000000002
2024-07-08 13:00:00,1486.8000000000002
2024-07-08 14:00:00,1490.1000000000001
2024-07-08 15:00:00,1483.2
2024-07-08 16:00:00,1483.3000000000002
2024-07-08 17:00:00,1486.3000000000002
2024-07-08 18:00:00,1484.5000000000002
2024-07-08 19:00:00,1484.0000000000002
2024-07-09 05:00:00,1491.1000000000001
2024-07-09 13:00:00,1481.9
2024-07-09 14:00:00,1486.1000000000001
2024-07-09 15:00:00,1484.7
2024-07-09 16:00:00,1490.3000000000002
2024-07-09 17:00:00,1488.5000000000002
2024-07-09 18:00:00,1487.4
2024-07-09 19:00:00,1491.4
2024-07-10 05:00:00,1505.4
2024-07-10 13:00:00,1490.4
2024-07-10 14:00:00,1494.6000000000001
2024-07-10 15:00:00,1496.8000000000002
2024-07-10 16:00:00,1497.4
2024-07-10 17:00:00,1501.7
2024-07-10 18:00:00,1499.3000000000002
2024-07-10 19:00:00,1505.4
2024-07-11 05:00:00,1516.6000000000001
2024-07-11 13:00:00,1513.7
2024-07-11 14:00:00,1515.2
2024-07-11 15:00:00,1514.8000000000002
2024-07-11 16:00:00,1515.2
2024-07-11 17:00:00,1516.0000000000002
2024-07-11 18:00:00,1513.9
2024-07-11 19:00:00,1515.9
2024-07-12 05:00:00,1523.8000000000002
2024-07-12 13:00:00,1521.6000000000001
2024-07-12 14:00:00,1524.5000000000002
2024-07-12 15:00:00,1526.5000000000002
2024-07-12 16:00:00,1527.2
2024-07-12 17:00:00,1529.4
2024-07-12 18:00:00,1528.6000000000001
2024-07-12 19:00:00,1524.7
2024-07-15 05:00:00,1518.7
2024-07-15 13:00:00,1528.9
2024-07-15 14:00:00,1523.3000000000002
2024-07-15 15:00:00,1525.3000000000002
2024-07-15 16:00:00,1520.1000000000001
2024-07-15 17:00:00,1519.5000000000002
2024-07-15 18:00:00,1522.8000000000002
2024-07-15 19:00:00,1519.2
2024-07-16 05:00:00,1539.8000000000002
2024-07-16 12:00:00,1526.5000000000002
2024-07-16 13:00:00,1534.0000000000002
2024-07-16 14:00:00,1536.9
2024-07-16 15:00:00,1534.0000000000002
2024-07-16 16:00:00,1536.0000000000002
2024-07-16 17:00:00,1535.6000000000001
2024-07-16 18:00:00,1539.0000000000002
2024-07-16 19:00:00,1540.4
2024-07-17 05:00:00,1547.7
2024-07-17 12:00:00,1525.6000000000001
2024-07-17 13:00:00,1547.9
2024-07-17 14:00:00,1547.5000000000002
2024-07-17 15:00:00,1545.3000000000002
2024-07-17 16:00:00,1548.9
2024-07-17 17:00:00,1548.7
2024-07-17 18:00:00,1551.3000000000002
2024-07-17 19:00:00,1547.7
2024-07-18 05:00:00,1512.2
2024-07-18 13:00:00,1541.2
2024-07-18 14:00:00,1535.4
2024-07-18 15:00:00,1524.1000000000001
2024-07-18 16:00:00,1522.8000000000002
2024-07-18 17:00:00,1520.1000000000001
2024-07-18 18:00:00,1514.9
2024-07-18 19:00:00,1511.5000000000002
2024-07-19 05:00:00,1519.6000000000001
2024-07-19 13:00:00,1522.1000000000001
2024-07-19 14:00:00,1518.4
2024-07-19 15:00:00,1517.1000000000001
2024-07-19 16:00:00,1518.1000000000001
2024-07-19 17:00:00,1517.9
2024-07-19 18:00:00,1517.7
2024-07-19 19:00:00,1519.5000000000002
2024-07-22 05:00:00,1527.5000000000002
2024-07-22 13:00:00,1522.7
2024-07-22 14:00:00,1525.6000000000001
2024-07-22 15:00:00,1522.0000000000002
2024-07-22 16:00:00,1523.6000000000001
2024-07-22 17:00:00,1525.7
2024-07-22 18:00:00,1527.8000000000002
2024-07-22 19:00:00,1528.2
2024-07-23 05:00:00,1526.4
2024-07-23 13:00:00,1528.7
2024-07-23 14:00:00,1529.2
2024-07-23 15:00:00,1532.3000000000002
2024-07-23 16:00:00,1529.4
2024-07-23 17:00:00,1530.0000000000002
2024-07-23 18:00:00,1531.3000000000002
2024-07-23 19:00:00,1526.3000000000002
2024-07-24 05:00:00,1538.6000000000001
2024-07-24 13:00:00,1528.1000000000001
2024-07-24 14:00:00,1528.5000000000002
2024-07-24 15:00:00,1531.3000000000002
2024-07-24 16:00:00,1536.2
2024-07-24 17:00:00,1538.1000000000001
2024-07-24 18:00:00,1536.9
2024-07-24 19:00:00,1538.8000000000002
2024-07-24 20:00:00,1539.0000000000002
2024-07-25 05:00:00,1530.2
2024-07-25 13:00:00,1547.2
2024-07-25 14:00:00,1541.8000000000002
2024-07-25 15:00:00,1547.5000000000002
2024-07-25 16:00:00,1543.2
2024-07-25 17:00:00,1538.0000000000002
2024-07-25 18:00:00,1530.6000000000001
2024-07-25 19:00:00,1530.4
2024-07-26 05:00:00,1538.6000000000001
2024-07-26 13:00:00,1542.7
2024-07-26 14:00:00,1542.2
2024-07-26 15:00:00,1543.5000000000002
2024-07-26 16:00:00,1545.4
2024-07-26 17:00:00,1544.7
2024-07-26 18:00:00,1541.0000000000002
2024-07-26 19:00:00,1538.6000000000001
2024-07-29 05:00:00,1539.5000000000002
2024-07-29 13:00:00,1537.0000000000002
2024-07-29 14:00:00,1533.7
2024-07-29 15:00:00,1540.2
2024-07-29 16:00:00,1540.8000000000002
2024-07-29 17:00:00,1539.8000000000002
2024-07-29 18:00:00,1540.0000000000002
2024-07-29 19:00:00,1540.0000000000002
2024-07-30 05:00:00,1540.9
2024-07-30 13:00:00,1548.2
2024-07-30 14:00:00,1535.5000000000002
2024-07-30 15:00:00,1533.7
2024-07-30 16:00:00,1534.4
2024-07-30 17:00:00,1536.7
2024-07-30 18:00:00,1536.3000000000002
2024-07-30 19:00:00,1541.3000000000002
2024-07-31 05:00:00,1534.6000000000001
2024-07-31 13:00:00,1530.9
2024-07-31 14:00:00,1544.1000000000001
2024-07-31 15:00:00,1540.4
2024-07-31 16:00:00,1542.7
2024-07-31 17:00:00,1540.9
2024-07-31 18:00:00,1542.4
2024-07-31 19:00:00,1535.1000000000001
2024-08-01 05:00:00,1549.4
2024-08-01 13:00:00,1542.7
2024-08-01 14:00:00,1536.3000000000002
2024-08-01 15:00:00,1540.5000000000002
2024-08-01 16:00:00,1543.9
2024-08-01 17:00:00,1546.9
2024-08-01 18:00:00,1547.8000000000002
2024-08-01 19:00:00,1549.6000000000001
2024-08-02 05:00:00,1545.6000000000001
2024-08-02 13:00:00,1546.5000000000002
2024-08-02 14:00:00,1529.0000000000002
2024-08-02 15:00:00,1531.5000000000002
2024-08-02 16:00:00,1538.8000000000002
2024-08-02 17:00:00,1534.2
2024-08-02 18:00:00,1537.7
2024-08-02 19:00:00,1545.7
2024-08-05 05:00:00,1504.8000000000002
2024-08-05 13:00:00,1512.1000000000001
2024-08-05 14:00:00,1503.9
2024-08-05 15:00:00,1513.5000000000002
2024-08-05 16:00:00,1513.5000000000002
2024-08-05 17:00:00,1507.9
2024-08-05 18:00:00,1506.6000000000001
2024-08-05 19:00:00,1504.8000000000002
2024-08-06 05:00:00,1511.9
2024-08-06 13:00:00,1518.6000000000001
2024-08-06 14:00:00,1520.4
2024-08-06 15:00:00,1519.1000000000001
2024-08-06 16:00:00,1522.5000000000002
2024-08-06 17:00:00,1524.5000000000002
2024-08-06 18:00:00,1525.0000000000002
2024-08-06 19:00:00,1512.1000000000001
2024-08-07 05:00:00,1495.4
2024-08-07 13:00:00,1514.8000000000002
2024-08-07 14:00:00,1514.1000000000001
2024-08-07 15:00:00,1508.3000000000002
2024-08-07 16:00:00,1503.0000000000002
2024-08-07 17:00:00,1499.0000000000002
2024-08-07 18:00:00,1491.6000000000001
2024-08-07 19:00:00,1495.7
2024-08-08 05:00:00,1528.1000000000001
2024-08-08 13:00:00,1520.2
2024-08-08 14:00:00,1522.0000000000002
2024-08-08 15:00:00,1519.9
2024-08-08 16:00:00,1519.9
2024-08-08 17:00:00,1524.9
2024-08-08 18:00:00,1528.1000000000001
2024-08-08 19:00:00,1527.7
2024-08-09 05:00:00,1535.1000000000001
2024-08-09 12:00:00,1526.4
2024-08-09 13:00:00,1530.7
2024-08-09 14:00:00,1536.5000000000002
2024-08-09 15:00:00,1533.2
2024-08-09 16:00:00,1533.0000000000002
2024-08-09 17:00:00,1534.4
2024-08-09 18:00:00,1531.4
2024-08-09 19:00:00,1534.8000000000002
2024-08-12 05:00:00,1528.5000000000002
2024-08-12 13:00:00,1525.8000000000002
2024-08-12 14:00:00,1533.8000000000002
2024-08-12 15:00:00,1531.2
2024-08-12 16:00:00,1531.1000000000001
2024-08-12 17:00:00,1525.8000000000002
2024-08-12 18:00:00,1528.2
2024-08-12 19:00:00,1528.5000000000002
2024-08-13 05:00:00,1546.9
2024-08-13 13:00:00,1539.2
2024-08-13 14:00:00,1539.9
2024-08-13 15:00:00,1540.5000000000002
2024-08-13 16:00:00,1543.2
2024-08-13 17:00:00,1543.3000000000002
2024-08-13 18:00:00,1542.7
2024-08-13 19:00:00,1546.7
2024-08-14 05:00:00,1553.2
2024-08-14 13:00:00,1548.4
2024-08-14 14:00:00,1549.9
2024-08-14 15:00:00,1549.8000000000002
2024-08-14 16:00:00,1551.4
2024-08-14 17:00:00,1551.3000000000002
2024-08-14 18:00:00,1553.5000000000002
2024-08-14 19:00:00,1552.9
2024-08-15 05:00:00,1562.1000000000001
2024-08-15 13:00:00,1558.8000000000002
2024-08-15 14:00:00,1556.8000000000002
2024-08-15 15:00:00,1556.8000000000002
2024-08-15 16:00:00,1556.1000000000001
2024-08-15 17:00:00,1557.7
2024-08-15 18:00:00,1559.4
2024-08-15 19:00:00,1562.2
2024-08-16 05:00:00,1563.0000000000002
2024-08-16 13:00:00,1559.2
2024-08-16 14:00:00,1558.1000000000001
2024-08-16 15:00:00,1561.0000000000002
2024-08-16 16:00:00,1561.9
2024-08-16 17:00:00,1563.6000000000001
2024-08-16 18:00:00,1564.2
2024-08-16 19:00:00,1562.5000000000002
2024-08-16 20:00:00,1565.5000000000002
2024-08-19 05:00:00,1572.0000000000002
2024-08-19 13:00:00,1567.1000000000001
2024-08-19 14:00:00,1571.7
2024-08-19 15:00:00,1571.1000000000001
2024-08-19 16:00:00,1572.8000000000002
2024-08-19 17:00:00,1570.7
2024-08-19 18:00:00,1569.2
2024-08-19 19:00:00,1571.9
2024-08-20 05:00:00,1577.9
2024-08-20 13:00:00,1583.6000000000001
2024-08-20 14:00:00,1582.5000000000002
2024-08-20 15:00:00,1580.4
2024-08-20 16:00:00,1577.3000000000002
2024-08-20 17:00:00,1577.7
2024-08-20 18:00:00,1579.3000000000002
2024-08-20 19:00:00,1577.8000000000002
2024-08-21 05:00:00,1580.6000000000001
2024-08-21 13:00:00,1581.1000000000001
2024-08-21 14:00:00,1575.6000000000001
2024-08-21 15:00:00,1578.6000000000001
2024-08-21 16:00:00,1580.8000000000002
2024-08-21 17:00:00,1581.3000000000002
2024-08-21 18:00:00,1580.8000000000002
2024-08-21 19:00:00,1580.5000000000002
2024-08-22 05:00:00,1579.6000000000001
2024-08-22 13:00:00,1582.9
2024-08-22 14:00:00,1580.0000000000002
2024-08-22 15:00:00,1577.3000000000002
2024-08-22 16:00:00,1578.8000000000002
2024-08-22 17:00:00,1573.3000000000002
2024-08-22 18:00:00,1576.4
2024-08-22 19:00:00,1580.7
2024-08-23 05:00:00,1587.8000000000002
2024-08-23 10:00:00,1578.1000000000001
2024-08-23 13:00:00,1583.4
2024-08-23 14:00:00,1583.5000000000002
2024-08-23 15:00:00,1583.5000000000002
2024-08-23 16:00:00,1582.0000000000002
2024-08-23 17:00:00,1584.2
2024-08-23 18:00:00,1583.2
2024-08-23 19:00:00,1587.2
2024-08-26 05:00:00,1586.1000000000001
2024-08-26 13:00:00,1587.8000000000002
2024-08-26 14:00:00,1590.3000000000002
2024-08-26 15:00:00,1587.0000000000002
2024-08-26 16:00:00,1589.5000000000002
2024-08-26 17:00:00,1587.1000000000001
2024-08-26 18:00:00,1585.9
2024-08-26 19:00:00,1586.4
2024-08-27 05:00:00,1588.9
2024-08-27 13:00:00,1591.9
2024-08-27 14:00:00,1586.7
2024-08-27 15:00:00,1584.0000000000002
2024-08-27 16:00:00,1584.5000000000002
2024-08-27 17:00:00,1585.4
2024-08-27 18:00:00,1586.1000000000001
2024-08-27 19:00:00,1588.8000000000002
2024-08-28 05:00:00,1590.2
2024-08-28 13:00:00,1592.2
2024-08-28 14:00:00,1594.1000000000001
2024-08-28 15:00:00,1591.0000000000002
2024-08-28 16:00:00,1590.4
2024-08-28 17:00:00,1585.8000000000002
2024-08-28 18:00:00,1586.4
2024-08-28 19:00:00,1590.4
2024-08-29 05:00:00,1593.2
2024-08-29 13:00:00,1588.5000000000002
2024-08-29 14:00:00,1595.3000000000002
2024-08-29 15:00:00,1594.5000000000002
2024-08-29 16:00:00,1599.4
2024-08-29 17:00:00,1598.7
2024-08-29 18:00:00,1592.2
2024-08-29 19:00:00,1592.9
2024-08-30 05:00:00,1603.2
2024-08-30 13:00:00,1595.0000000000002
2024-08-30 14:00:00,1594.7
2024-08-30 15:00:00,1589.7
2024-08-30 16:00:00,1590.3000000000002
2024-08-30 17:00:00,1590.4
2024-08-30 18:00:00,1594.9
2024-08-30 19:00:00,1602.5000000000002
2024-09-02 14:00:00,1604.0000000000002
2024-09-03 05:00:00,1598.7
2024-09-03 13:00:00,1606.3000000000002
2024-09-03 14:00:00,1607.6000000000001
2024-09-03 15:00:00,1605.8000000000002
2024-09-03 16:00:00,1603.0000000000002
2024-09-03 17:00:00,1601.9
2024-09-03 18:00:00,1600.6000000000001
2024-09-03 19:00:00,1598.9
2024-09-04 05:00:00,1596.9
2024-09-04 13:00:00,1602.9
2024-09-04 14:00:00,1597.9
2024-09-04 15:00:00,1596.4
2024-09-04 16:00:00,1591.8000000000002
2024-09-04 17:00:00,1589.2
2024-09-04 18:00:00,1593.0000000000002
2024-09-04 19:00:00,1596.9
2024-09-05 05:00:00,1573.8000000000002
2024-09-05 13:00:00,1580.3000000000002
2024-09-05 14:00:00,1573.1000000000001
2024-09-05 15:00:00,1570.0000000000002
2024-09-05 16:00:00,1574.6000000000001
2024-09-05 17:00:00,1578.4
2024-09-05 18:00:00,1578.9
2024-09-05 19:00:00,1573.8000000000002
2024-09-06 05:00:00,1568.3000000000002
2024-09-06 12:00:00,1578.2
2024-09-06 13:00:00,1577.1000000000001
2024-09-06 14:00:00,1567.7
2024-09-06 15:00:00,1566.7
2024-09-06 16:00:00,1566.1000000000001
2024-09-06 17:00:00,1568.8000000000002
2024-09-06 18:00:00,1567.8000000000002
2024-09-06 19:00:00,1568.7
2024-09-09 05:00:00,1578.9
2024-09-09 13:00:00,1572.4
2024-09-09 14:00:00,1575.8000000000002
2024-09-09 15:00:00,1580.1000000000001
2024-09-09 16:00:00,1582.0000000000002
2024-09-09 17:00:00,1579.4
2024-09-09 18:00:00,1578.2
2024-09-09 19:00:00,1578.7
2024-09-10 05:00:00,1585.8000000000002
2024-09-10 13:00:00,1578.5000000000002
2024-09-10 14:00:00,1581.0000000000002
2024-09-10 15:00:00,1580.3000000000002
2024-09-10 16:00:00,1581.2
2024-09-10 17:00:00,1584.6000000000001
2024-09-10 18:00:00,1584.4
2024-09-10 19:00:00,1585.7
2024-09-11 05:00:00,1581.7
2024-09-11 23:00:00,1568.6
2024-09-12 05:00:00,1588.3
2024-09-12 17:00:00,1583.6
2024-09-12 23:00:00,1583.6
2024-09-13 05:00:00,1592.2
2024-09-13 13:00:00,1592.8
2024-09-13 14:00:00,1591.6
2024-09-13 15:00:00,1595.3
2024-09-13 19:00:00,1592.4
2024-09-13 23:00:00,1592.4
2024-09-16 05:00:00,1602.2
2024-09-16 12:00:00,1595.3
2024-09-16 13:00:00,1604.1
2024-09-16 14:00:00,1600.2
2024-09-16 16:00:00,1599.8
2024-09-16 17:00:00,1600.7
2024-09-16 19:00:00,1602.0
2024-09-16 23:00:00,1602.0
2024-09-17 05:00:00,1585.8
2024-09-17 13:00:00,1593.5
2024-09-17 14:00:00,1592.7
2024-09-17 15:00:00,1591.1
2024-09-17 16:00:00,1584.7
2024-09-17 17:00:00,1583.9
2024-09-17 18:00:00,1582.0
2024-09-17 19:00:00,1586.4
2024-09-17 23:00:00,1586.4
2024-09-18 05:00:00,1582.1
2024-09-18 13:00:00,1583.0
2024-09-18 14:00:00,1585.5
2024-09-18 15:00:00,1586.9
2024-09-18 16:00:00,1587.0
2024-09-18 17:00:00,1586.1
2024-09-18 18:00:00,1587.8
2024-09-18 19:00:00,1581.8
2024-09-18 23:00:00,1581.8
2024-09-19 05:00:00,1587.6
2024-09-19 13:00:00,1591.4
2024-09-19 14:00:00,1585.0
2024-09-19 15:00:00,1584.4
2024-09-19 16:00:00,1585.4
2024-09-19 17:00:00,1590.9
2024-09-19 18:00:00,1589.2
2024-09-19 19:00:00,1587.7
2024-09-19 23:00:00,1587.7
2024-09-20 05:00:00,1579.5
2024-09-20 13:00:00,1582.4
2024-09-20 14:00:00,1582.0
2024-09-20 15:00:00,1578.1
2024-09-20 16:00:00,1578.8
2024-09-20 17:00:00,1583.2
2024-09-20 18:00:00,1579.8
2024-09-20 19:00:00,1580.1
2024-09-20 23:00:00,1580.1
2024-09-23 05:00:00,1576.2
2024-09-23 13:00:00,1575.1
2024-09-23 14:00:00,1580.0
2024-09-23 15:00:00,1578.8
2024-09-23 16:00:00,1574.1
2024-09-23 17:00:00,1575.5
2024-09-23 18:00:00,1577.5
2024-09-23 19:00:00,1576.0
2024-09-23 23:00:00,1576.0
2024-09-24 05:00:00,1572.8
2024-09-24 13:00:00,1569.3
2024-09-24 14:00:00,1575.1
2024-09-24 15:00:00,1572.3
2024-09-24 16:00:00,1571.5
2024-09-24 17:00:00,1568.8
2024-09-24 18:00:00,1570.5
2024-09-24 19:00:00,1572.4
2024-09-24 23:00:00,1572.4
2024-09-25 05:00:00,1557.2
2024-09-25 13:00:00,1566.7
2024-09-25 14:00:00,1560.4
2024-09-25 15:00:00,1562.0
2024-09-25 16:00:00,1560.4
2024-09-25 17:00:00,1560.6
2024-09-25 18:00:00,1558.4
2024-09-25 19:00:00,1557.9
2024-09-25 23:00:00,1557.9
2024-09-26 05:00:00,1563.0
2024-09-26 13:00:00,1558.0
2024-09-26 14:00:00,1562.0
2024-09-26 15:00:00,1559.2
2024-09-26 16:00:00,1558.6
2024-09-26 17:00:00,1557.2
2024-09-26 18:00:00,1559.1
2024-09-26 19:00:00,1562.9
2024-09-26 23:00:00,1562.9
2024-09-27 05:00:00,1561.5
2024-09-27 13:00:00,1565.3
2024-09-27 14:00:00,1571.6
2024-09-27 15:00:00,1571.0
2024-09-27 16:00:00,1564.5
2024-09-27 17:00:00,1567.2
2024-09-27 18:00:00,1565.2
2024-09-27 19:00:00,1561.7
2024-09-27 23:00:00,1561.7
2024-09-30 05:00:00,1571.0
2024-09-30 13:00:00,1561.2
2024-09-30 14:00:00,1565.9
2024-09-30 15:00:00,1561.4
2024-09-30 16:00:00,1560.1
2024-09-30 17:00:00,1561.7
2024-09-30 18:00:00,1564.3
2024-09-30 19:00:00,1569.7
2024-09-30 23:00:00,1569.7
2024-10-01 05:00:00,1562.4
2024-10-01 13:00:00,1565.5
2024-10-01 14:00:00,1565.2
2024-10-01 15:00:00,1565.9
2024-10-01 16:00:00,1561.6
2024-10-01 17:00:00,1562.9
2024-10-01 18:00:00,1563.9
2024-10-01 19:00:00,1562.2
2024-10-01 23:00:00,1562.2
2024-10-02 05:00:00,1559.7
2024-10-02 13:00:00,1559.5
2024-10-02 14:00:00,1561.3
2024-10-02 15:00:00,1561.7
2024-10-02 16:00:00,1559.5
2024-10-02 17:00:00,1561.1
2024-10-02 18:00:00,1560.6
2024-10-02 19:00:00,1559.5
2024-10-02 23:00:00,1559.5
2024-10-03 05:00:00,1544.6
2024-10-03 13:00:00,1547.2
2024-10-03 14:00:00,1546.2
2024-10-03 15:00:00,1550.1
2024-10-03 16:00:00,1546.2
2024-10-03 17:00:00,1545.6
2024-10-03 18:00:00,1544.3
2024-10-03 19:00:00,1545.0
2024-10-03 20:00:00,1548.0
2024-10-03 23:00:00,1548.0
2024-10-04 05:00:00,1545.3
2024-10-04 13:00:00,1544.7
2024-10-04 14:00:00,1541.7
2024-10-04 15:00:00,1539.7
2024-10-04 16:00:00,1541.2
2024-10-04 17:00:00,1541.3
2024-10-04 18:00:00,1543.0
2024-10-04 19:00:00,1544.8
2024-10-04 20:00:00,1541.7
2024-10-04 23:00:00,1541.7
2024-10-07 05:00:00,1538.4
2024-10-07 13:00:00,1548.5
2024-10-07 14:00:00,1545.6
2024-10-07 15:00:00,1543.7
2024-10-07 16:00:00,1540.8
2024-10-07 17:00:00,1539.1
2024-10-07 18:00:00,1537.6
2024-10-07 19:00:00,1538.3
2024-10-07 23:00:00,1538.3
2024-10-08 05:00:00,1547.1
2024-10-08 13:00:00,1546.2
2024-10-08 14:00:00,1546.1
2024-10-08 15:00:00,1543.2
2024-10-08 16:00:00,1543.8
2024-10-08 17:00:00,1544.4
2024-10-08 18:00:00,1546.9
2024-10-08 19:00:00,1547.1
2024-10-08 23:00:00,1547.1
2024-10-09 05:00:00,1562.2
2024-10-09 13:00:00,1550.0
2024-10-09 14:00:00,1552.7
2024-10-09 15:00:00,1558.9
2024-10-09 16:00:00,1555.5
2024-10-09 17:00:00,1555.9
2024-10-09 18:00:00,1555.9
2024-10-09 19:00:00,1561.7
2024-10-09 23:00:00,1561.7
2024-10-10 05:00:00,1556.8
2024-10-10 13:00:00,1555.9
2024-10-10 14:00:00,1555.5
2024-10-10 15:00:00,1557.1
2024-10-10 16:00:00,1556.7
2024-10-10 17:00:00,1555.9
2024-10-10 18:00:00,1553.4
2024-10-10 19:00:00,1556.6
2024-10-10 23:00:00,1556.6
2024-10-11 05:00:00,1566.8
2024-10-11 13:00:00,1559.5
2024-10-11 14:00:00,1568.2
2024-10-11 15:00:00,1567.0
2024-10-11 16:00:00,1564.2
2024-10-11 17:00:00,1565.1
2024-10-11 18:00:00,1566.3
2024-10-11 19:00:00,1566.5
2024-10-11 23:00:00,1566.5
2024-10-14 05:00:00,1576.1
2024-10-14 13:00:00,1565.4
2024-10-14 14:00:00,1571.0
2024-10-14 15:00:00,1572.8
2024-10-14 16:00:00,1574.0
2024-10-14 17:00:00,1572.8
2024-10-14 18:00:00,1575.6
2024-10-14 19:00:00,1575.5
2024-10-14 23:00:00,1575.5
2024-10-15 05:00:00,1556.2
2024-10-15 13:00:00,1561.6
2024-10-15 14:00:00,1567.4
2024-10-15 15:00:00,1563.5
2024-10-15 16:00:00,1561.1
2024-10-15 17:00:00,1561.6
2024-10-15 18:00:00,1555.4
2024-10-15 19:00:00,1556.1
2024-10-15 23:00:00,1556.1
2024-10-16 05:00:00,1560.1
2024-10-16 13:00:00,1558.0
2024-10-16 14:00:00,1560.7
2024-10-16 15:00:00,1559.5
2024-10-16 16:00:00,1559.7
2024-10-16 17:00:00,1559.0
2024-10-16 18:00:00,1561.1
2024-10-16 19:00:00,1560.3
2024-10-16 23:00:00,1560.3
2024-10-17 05:00:00,1551.5
2024-10-17 13:00:00,1554.7
2024-10-17 14:00:00,1552.4
2024-10-17 15:00:00,1553.4
2024-10-17 16:00:00,1553.3
2024-10-17 17:00:00,1554.7
2024-10-17 18:00:00,1551.5
2024-10-17 19:00:00,1551.1
2024-10-17 23:00:00,1551.1
2024-10-18 05:00:00,1557.9
2024-10-18 13:00:00,1549.7
2024-10-18 14:00:00,1554.4
2024-10-18 15:00:00,1552.7
2024-10-18 16:00:00,1556.6
2024-10-18 17:00:00,1557.4
2024-10-18 18:00:00,1561.1
2024-10-18 19:00:00,1558.2
2024-10-18 20:00:00,1562.2
2024-10-18 23:00:00,1562.2
2024-10-21 05:00:00,1539.3
2024-10-21 13:00:00,1548.3
2024-10-21 14:00:00,1546.3
2024-10-21 15:00:00,1543.8
2024-10-21 16:00:00,1545.3
2024-10-21 17:00:00,1545.1
2024-10-21 18:00:00,1541.4
2024-10-21 19:00:00,1539.5
2024-10-21 23:00:00,1539.5
2024-10-22 05:00:00,1537.3
2024-10-22 13:00:00,1532.4
2024-10-22 14:00:00,1534.8
2024-10-22 15:00:00,1534.9
2024-10-22 16:00:00,1534.5
2024-10-22 17:00:00,1537.7
2024-10-22 18:00:00,1535.8
2024-10-22 19:00:00,1537.2
2024-10-22 23:00:00,1537.2
2024-10-23 05:00:00,1529.6
2024-10-23 13:00:00,1528.0
2024-10-23 14:00:00,1524.7
2024-10-23 15:00:00,1523.3
2024-10-23 16:00:00,1525.7
2024-10-23 17:00:00,1525.6
2024-10-23 18:00:00,1526.7
2024-10-23 19:00:00,1529.5
2024-10-23 23:00:00,1529.5
2024-10-24 05:00:00,1519.2
2024-10-24 13:00:00,1533.2
2024-10-24 14:00:00,1530.6
2024-10-24 15:00:00,1523.6
2024-10-24 16:00:00,1527.2
2024-10-24 17:00:00,1524.1
2024-10-24 18:00:00,1521.6
2024-10-24 19:00:00,1519.0
2024-10-24 23:00:00,1519.0
2024-10-25 05:00:00,1510.5
2024-10-25 13:00:00,1518.9
2024-10-25 14:00:00,1521.9
2024-10-25 15:00:00,1518.6
2024-10-25 16:00:00,1515.8
2024-10-25 17:00:00,1510.7
2024-10-25 18:00:00,1512.0
2024-10-25 19:00:00,1510.5
2024-10-25 23:00:00,1510.5
2024-10-28 05:00:00,1512.1
2024-10-28 13:00:00,1516.0
2024-10-28 14:00:00,1514.6
2024-10-28 15:00:00,1512.7
2024-10-28 16:00:00,1510.9
2024-10-28 17:00:00,1512.9
2024-10-28 18:00:00,1512.8
2024-10-28 19:00:00,1512.3
2024-10-28 23:00:00,1512.3
2024-10-29 05:00:00,1507.9
2024-10-29 13:00:00,1513.6
2024-10-29 14:00:00,1515.0
2024-10-29 15:00:00,1510.8
2024-10-29 16:00:00,1511.0
2024-10-29 17:00:00,1509.2
2024-10-29 18:00:00,1510.8
2024-10-29 19:00:00,1507.3
2024-10-29 23:00:00,1507.3
2024-10-30 05:00:00,1503.9
2024-10-30 13:00:00,1487.9
2024-10-30 14:00:00,1500.0
2024-10-30 15:00:00,1503.6
2024-10-30 16:00:00,1498.5
2024-10-30 17:00:00,1499.2
2024-10-30 18:00:00,1502.4
2024-10-30 19:00:00,1505.0
2024-10-30 23:00:00,1505.0
2024-10-31 05:00:00,1492.1
2024-10-31 13:00:00,1500.8
2024-10-31 14:00:00,1498.0
2024-10-31 15:00:00,1499.6
2024-10-31 16:00:00,1499.7
2024-10-31 17:00:00,1497.7
2024-10-31 18:00:00,1500.4
2024-10-31 19:00:00,1491.4
2024-10-31 23:00:00,1491.4
2024-11-01 05:00:00,1499.5
2024-11-01 13:00:00,1501.0
2024-11-01 14:00:00,1501.7
2024-11-01 15:00:00,1503.7
2024-11-01 16:00:00,1503.7
2024-11-01 17:00:00,1500.8
2024-11-01 18:00:00,1502.2
2024-11-01 19:00:00,1499.2
2024-11-01 23:00:00,1499.2
2024-11-04 06:00:00,1489.5
2024-11-04 14:00:00,1498.6
2024-11-04 15:00:00,1496.4
2024-11-04 16:00:00,1490.7
2024-11-04 17:00:00,1492.2
2024-11-04 18:00:00,1491.0
2024-11-04 19:00:00,1489.2
2024-11-04 20:00:00,1489.7
2024-11-04 23:00:00,1489.7
2024-11-05 06:00:00,1500.3
2024-11-05 14:00:00,1488.7
2024-11-05 15:00:00,1490.8
2024-11-05 16:00:00,1493.6
2024-11-05 17:00:00,1498.4
2024-11-05 18:00:00,1498.5
2024-11-05 19:00:00,1498.1
2024-11-05 20:00:00,1500.3
2024-11-05 23:00:00,1500.3
2024-11-06 06:00:00,1502.4
2024-11-06 14:00:00,1503.9
2024-11-06 15:00:00,1500.1
2024-11-06 16:00:00,1500.3
2024-11-06 17:00:00,1500.4
2024-11-06 18:00:00,1503.3
2024-11-06 19:00:00,1501.0
2024-11-06 20:00:00,1501.9
2024-11-06 23:00:00,1501.9
2024-11-07 06:00:00,1512.9
2024-11-07 12:00:00,1503.0
2024-11-07 14:00:00,1507.0
2024-11-07 15:00:00,1505.1
2024-11-07 16:00:00,1508.5
2024-11-07 17:00:00,1510.2
2024-11-07 18:00:00,1509.6
2024-11-07 19:00:00,1509.7
2024-11-07 20:00:00,1512.7
2024-11-07 23:00:00,1512.7
2024-11-08 06:00:00,1523.2
2024-11-08 14:00:00,1517.9
2024-11-08 15:00:00,1523.0
2024-11-08 16:00:00,1524.7
2024-11-08 17:00:00,1526.9
2024-11-08 18:00:00,1528.4
2024-11-08 19:00:00,1529.7
2024-11-08 20:00:00,1522.8
2024-11-08 23:00:00,1522.8
2024-11-11 06:00:00,1514.4
2024-11-11 14:00:00,1526.5
2024-11-11 15:00:00,1521.1
2024-11-11 16:00:00,1521.8
2024-11-11 17:00:00,1521.1
2024-11-11 18:00:00,1518.2
2024-11-11 19:00:00,1515.0
2024-11-11 20:00:00,1513.9
2024-11-11 23:00:00,1513.9
2024-11-12 06:00:00,1493.4
2024-11-12 14:00:00,1509.4
2024-11-12 15:00:00,1502.3
2024-11-12 16:00:00,1499.3
2024-11-12 17:00:00,1498.5
2024-11-12 18:00:00,1500.5
2024-11-12 19:00:00,1500.1
2024-11-12 20:00:00,1493.4
2024-11-12 23:00:00,1493.4
2024-11-13 06:00:00,1489.1
2024-11-13 14:00:00,1492.5
2024-11-13 15:00:00,1492.9
2024-11-13 16:00:00,1492.6
2024-11-13 17:00:00,1492.6
2024-11-13 18:00:00,1489.9
2024-11-13 19:00:00,1487.8
2024-11-13 20:00:00,1489.0
2024-11-13 23:00:00,1489.0
2024-11-14 06:00:00,1465.0
2024-11-14 14:00:00,1478.7
2024-11-14 15:00:00,1477.0
2024-11-14 16:00:00,1476.1
2024-11-14 17:00:00,1477.7
2024-11-14 18:00:00,1476.1
2024-11-14 19:00:00,1473.6
2024-11-14 20:00:00,1464.7
2024-11-14 23:00:00,1464.7
2024-11-15 06:00:00,1437.4
2024-11-15 14:00:00,1446.0
2024-11-15 15:00:00,1436.7
2024-11-15 16:00:00,1439.4
2024-11-15 17:00:00,1438.2
2024-11-15 18:00:00,1440.2
2024-11-15 19:00:00,1440.2
2024-11-15 20:00:00,1437.4
2024-11-15 23:00:00,1437.4
2024-11-18 06:00:00,1437.3
2024-11-18 14:00:00,1434.0
2024-11-18 15:00:00,1435.8
2024-11-18 16:00:00,1435.4
2024-11-18 17:00:00,1438.4
2024-11-18 18:00:00,1436.1
2024-11-18 19:00:00,1436.4
2024-11-18 20:00:00,1438.0
2024-11-18 21:00:00,1437.2
2024-11-18 23:00:00,1437.2
2024-11-19 06:00:00,1429.9
2024-11-19 14:00:00,1421.4
2024-11-19 15:00:00,1429.4
2024-11-19 16:00:00,1432.1
2024-11-19 17:00:00,1431.3
2024-11-19 18:00:00,1433.7
2024-11-19 19:00:00,1429.2
2024-11-19 20:00:00,1430.3
2024-11-19 23:00:00,1430.3
2024-11-20 06:00:00,1446.3
2024-11-20 14:00:00,1439.7
2024-11-20 15:00:00,1437.1
2024-11-20 16:00:00,1440.1
2024-11-20 17:00:00,1439.6
2024-11-20 18:00:00,1439.8
2024-11-20 19:00:00,1441.5
2024-11-20 20:00:00,1447.0
2024-11-20 21:00:00,1441.2
2024-11-20 23:00:00,1441.2
2024-11-21 06:00:00,1458.1
2024-11-21 14:00:00,1440.9
2024-11-21 15:00:00,1446.7
2024-11-21 16:00:00,1450.7
2024-11-21 17:00:00,1457.7
2024-11-21 18:00:00,1457.3
2024-11-21 19:00:00,1457.4
2024-11-21 20:00:00,1458.9
2024-11-21 23:00:00,1458.9
2024-11-22 06:00:00,1458.9
2024-11-22 14:00:00,1463.4
2024-11-22 15:00:00,1459.8
2024-11-22 16:00:00,1458.5
2024-11-22 17:00:00,1460.7
2024-11-22 18:00:00,1458.4
2024-11-22 19:00:00,1460.1
2024-11-22 20:00:00,1458.5
2024-11-22 23:00:00,1458.5
2024-11-25 06:00:00,1471.8
2024-11-25 14:00:00,1472.2
2024-11-25 15:00:00,1468.4
2024-11-25 16:00:00,1467.9
2024-11-25 17:00:00,1467.3
2024-11-25 18:00:00,1470.7
2024-11-25 19:00:00,1469.7
2024-11-25 20:00:00,1472.0
2024-11-25 23:00:00,1472.0
2024-11-26 06:00:00,1479.5
2024-11-26 14:00:00,1464.3
2024-11-26 15:00:00,1468.3
2024-11-26 16:00:00,1473.2
2024-11-26 17:00:00,1472.5
2024-11-26 18:00:00,1474.4
2024-11-26 19:00:00,1476.2
2024-11-26 20:00:00,1479.7
2024-11-26 23:00:00,1479.7
2024-11-27 06:00:00,1486.4
2024-11-27 14:00:00,1487.8
2024-11-27 15:00:00,1491.5
2024-11-27 16:00:00,1492.5
2024-11-27 17:00:00,1490.3
2024-11-27 18:00:00,1487.0
2024-11-27 19:00:00,1487.7
2024-11-27 20:00:00,1486.5
2024-11-27 21:00:00,1486.7
